pair,group,arm,density,stage,parent_sleep_nanos,parent_window_nanos,capture_intervals,metric.child.rss_bytes,metric.child.threads,metric.child.fd_count,metric.child.listener_count,metric.wrapper.rss_bytes,metric.wrapper.threads,metric.wrapper.fd_count,metric.wrapper.listener_count,metric.cgroup.memory_current_bytes,metric.cgroup.sum_leaf_lifetime_memory_peak_bytes,metric.cgroup.memory_swap_current_bytes,metric.cgroup.pids_current,metric.cgroup.cpu.usage_usec,metric.cgroup.cpu.user_usec,metric.cgroup.cpu.system_usec,metric.cgroup.cpu.nr_periods,metric.cgroup.cpu.nr_throttled,metric.cgroup.cpu.throttled_usec,before,after
0,0,lsf,1,ready,250190767,876724237,"[{""container_id"":""68cd95f196719388fca3bc1f82b2178bd206780e2fb303b82c1443dd87897400"",""before_capture"":{""started_nanos"":""2215018902"",""finished_nanos"":""2215258428""},""after_capture"":{""started_nanos"":""2767145312"",""finished_nanos"":""2767358918""}}]",0,0,0,0,131072,0,0,0,192512,0,0,0,13539,320,13219,6,0,0,"{""child.rss_bytes"":""12189696"",""child.threads"":""7"",""child.fd_count"":""17"",""child.listener_count"":""1"",""wrapper.rss_bytes"":""3801088"",""wrapper.threads"":""3"",""wrapper.fd_count"":""19"",""wrapper.listener_count"":""1"",""cgroup.memory_current_bytes"":""2666496"",""cgroup.sum_leaf_lifetime_memory_peak_bytes"":""7073792"",""cgroup.memory_swap_current_bytes"":""0"",""cgroup.pids_current"":""10"",""cgroup.cpu.usage_usec"":""71187"",""cgroup.cpu.user_usec"":""17512"",""cgroup.cpu.system_usec"":""53674"",""cgroup.cpu.nr_periods"":""20"",""cgroup.cpu.nr_throttled"":""0"",""cgroup.cpu.throttled_usec"":""0""}","{""child.rss_bytes"":""12189696"",""child.threads"":""7"",""child.fd_count"":""17"",""child.listener_count"":""1"",""wrapper.rss_bytes"":""3932160"",""wrapper.threads"":""3"",""wrapper.fd_count"":""19"",""wrapper.listener_count"":""1"",""cgroup.memory_current_bytes"":""2859008"",""cgroup.sum_leaf_lifetime_memory_peak_bytes"":""7073792"",""cgroup.memory_swap_current_bytes"":""0"",""cgroup.pids_current"":""10"",""cgroup.cpu.usage_usec"":""84726"",""cgroup.cpu.user_usec"":""17832"",""cgroup.cpu.system_usec"":""66893"",""cgroup.cpu.nr_periods"":""26"",""cgroup.cpu.nr_throttled"":""0"",""cgroup.cpu.throttled_usec"":""0""}"
0,0,lsf,1,served,250136429,850093294,"[{""container_id"":""68cd95f196719388fca3bc1f82b2178bd206780e2fb303b82c1443dd87897400"",""before_capture"":{""started_nanos"":""3314774667"",""finished_nanos"":""3315087704""},""after_capture"":{""started_nanos"":""3870729268"",""finished_nanos"":""3870956018""}}]",0,0,0,0,0,0,0,0,16384,0,0,0,11597,0,11597,6,0,0,"{""child.rss_bytes"":""21942272"",""child.threads"":""7"",""child.fd_count"":""18"",""child.listener_count"":""1"",""wrapper.rss_bytes"":""3932160"",""wrapper.threads"":""3"",""wrapper.fd_count"":""19"",""wrapper.listener_count"":""1"",""cgroup.memory_current_bytes"":""5373952"",""cgroup.sum_leaf_lifetime_memory_peak_bytes"":""7073792"",""cgroup.memory_swap_current_bytes"":""0"",""cgroup.pids_current"":""10"",""cgroup.cpu.usage_usec"":""131875"",""cgroup.cpu.user_usec"":""61228"",""cgroup.cpu.system_usec"":""70647"",""cgroup.cpu.nr_periods"":""30"",""cgroup.cpu.nr_throttled"":""0"",""cgroup.cpu.throttled_usec"":""0""}","{""child.rss_bytes"":""21942272"",""child.threads"":""7"",""child.fd_count"":""18"",""child.listener_count"":""1"",""wrapper.rss_bytes"":""3932160"",""wrapper.threads"":""3"",""wrapper.fd_count"":""19"",""wrapper.listener_count"":""1"",""cgroup.memory_current_bytes"":""5390336"",""cgroup.sum_leaf_lifetime_memory_peak_bytes"":""7073792"",""cgroup.memory_swap_current_bytes"":""0"",""cgroup.pids_current"":""10"",""cgroup.cpu.usage_usec"":""143472"",""cgroup.cpu.user_usec"":""61228"",""cgroup.cpu.system_usec"":""82244"",""cgroup.cpu.nr_periods"":""36"",""cgroup.cpu.nr_throttled"":""0"",""cgroup.cpu.throttled_usec"":""0""}"
0,0,lsf,1,final,250148142,824394646,"[{""container_id"":""68cd95f196719388fca3bc1f82b2178bd206780e2fb303b82c1443dd87897400"",""before_capture"":{""started_nanos"":""4613936024"",""finished_nanos"":""4614173186""},""after_capture"":{""started_nanos"":""5159501405"",""finished_nanos"":""5159759223""}}]",0,0,0,0,0,0,0,0,278528,0,0,0,10352,1193,9158,5,0,0,"{""child.rss_bytes"":""24956928"",""child.threads"":""7"",""child.fd_count"":""18"",""child.listener_count"":""1"",""wrapper.rss_bytes"":""3932160"",""wrapper.threads"":""3"",""wrapper.fd_count"":""19"",""wrapper.listener_count"":""1"",""cgroup.memory_current_bytes"":""8474624"",""cgroup.sum_leaf_lifetime_memory_peak_bytes"":""11161600"",""cgroup.memory_swap_current_bytes"":""0"",""cgroup.pids_current"":""10"",""cgroup.cpu.usage_usec"":""378851"",""cgroup.cpu.user_usec"":""218251"",""cgroup.cpu.system_usec"":""160600"",""cgroup.cpu.nr_periods"":""42"",""cgroup.cpu.nr_throttled"":""0"",""cgroup.cpu.throttled_usec"":""0""}","{""child.rss_bytes"":""24956928"",""child.threads"":""7"",""child.fd_count"":""18"",""child.listener_count"":""1"",""wrapper.rss_bytes"":""3932160"",""wrapper.threads"":""3"",""wrapper.fd_count"":""19"",""wrapper.listener_count"":""1"",""cgroup.memory_current_bytes"":""8753152"",""cgroup.sum_leaf_lifetime_memory_peak_bytes"":""11161600"",""cgroup.memory_swap_current_bytes"":""0"",""cgroup.pids_current"":""10"",""cgroup.cpu.usage_usec"":""389203"",""cgroup.cpu.user_usec"":""219444"",""cgroup.cpu.system_usec"":""169758"",""cgroup.cpu.nr_periods"":""47"",""cgroup.cpu.nr_throttled"":""0"",""cgroup.cpu.throttled_usec"":""0""}"
0,1,native,1,ready,250171568,828368697,"[{""container_id"":""4ee1b764795f825ec888184747d2eeb252c5c678773f69ca946e6e719c18254a"",""before_capture"":{""started_nanos"":""1762044193"",""finished_nanos"":""1762284172""},""after_capture"":{""started_nanos"":""2286973908"",""finished_nanos"":""2287199268""}}]",0,0,0,0,131072,0,0,0,188416,0,0,0,8724,0,8724,2,0,0,"{""child.rss_bytes"":""4849664"",""child.threads"":""3"",""child.fd_count"":""11"",""child.listener_count"":""1"",""wrapper.rss_bytes"":""3801088"",""wrapper.threads"":""3"",""wrapper.fd_count"":""19"",""wrapper.listener_count"":""1"",""cgroup.memory_current_bytes"":""1581056"",""cgroup.sum_leaf_lifetime_memory_peak_bytes"":""6516736"",""cgroup.memory_swap_current_bytes"":""0"",""cgroup.pids_current"":""6"",""cgroup.cpu.usage_usec"":""52325"",""cgroup.cpu.user_usec"":""8781"",""cgroup.cpu.system_usec"":""43544"",""cgroup.cpu.nr_periods"":""4"",""cgroup.cpu.nr_throttled"":""0"",""cgroup.cpu.throttled_usec"":""0""}","{""child.rss_bytes"":""4849664"",""child.threads"":""3"",""child.fd_count"":""11"",""child.listener_count"":""1"",""wrapper.rss_bytes"":""3932160"",""wrapper.threads"":""3"",""wrapper.fd_count"":""19"",""wrapper.listener_count"":""1"",""cgroup.memory_current_bytes"":""1769472"",""cgroup.sum_leaf_lifetime_memory_peak_bytes"":""6516736"",""cgroup.memory_swap_current_bytes"":""0"",""cgroup.pids_current"":""6"",""cgroup.cpu.usage_usec"":""61049"",""cgroup.cpu.user_usec"":""8781"",""cgroup.cpu.system_usec"":""52268"",""cgroup.cpu.nr_periods"":""6"",""cgroup.cpu.nr_throttled"":""0"",""cgroup.cpu.throttled_usec"":""0""}"
0,1,native,1,served,250136325,831884422,"[{""container_id"":""4ee1b764795f825ec888184747d2eeb252c5c678773f69ca946e6e719c18254a"",""before_capture"":{""started_nanos"":""2751776511"",""finished_nanos"":""2752131766""},""after_capture"":{""started_nanos"":""3312753431"",""finished_nanos"":""3313040092""}}]",0,0,0,0,0,0,0,0,4096,0,0,0,9330,0,9330,2,0,0,"{""child.rss_bytes"":""4849664"",""child.threads"":""3"",""child.fd_count"":""11"",""child.listener_count"":""1"",""wrapper.rss_bytes"":""3932160"",""wrapper.threads"":""3"",""wrapper.fd_count"":""19"",""wrapper.listener_count"":""1"",""cgroup.memory_current_bytes"":""1822720"",""cgroup.sum_leaf_lifetime_memory_peak_bytes"":""6516736"",""cgroup.memory_swap_current_bytes"":""0"",""cgroup.pids_current"":""6"",""cgroup.cpu.usage_usec"":""71157"",""cgroup.cpu.user_usec"":""8781"",""cgroup.cpu.system_usec"":""62376"",""cgroup.cpu.nr_periods"":""9"",""cgroup.cpu.nr_throttled"":""0"",""cgroup.cpu.throttled_usec"":""0""}","{""child.rss_bytes"":""4849664"",""child.threads"":""3"",""child.fd_count"":""11"",""child.listener_count"":""1"",""wrapper.rss_bytes"":""3932160"",""wrapper.threads"":""3"",""wrapper.fd_count"":""19"",""wrapper.listener_count"":""1"",""cgroup.memory_current_bytes"":""1826816"",""cgroup.sum_leaf_lifetime_memory_peak_bytes"":""6516736"",""cgroup.memory_swap_current_bytes"":""0"",""cgroup.pids_current"":""6"",""cgroup.cpu.usage_usec"":""80487"",""cgroup.cpu.user_usec"":""8781"",""cgroup.cpu.system_usec"":""71706"",""cgroup.cpu.nr_periods"":""11"",""cgroup.cpu.nr_throttled"":""0"",""cgroup.cpu.throttled_usec"":""0""}"
0,1,native,1,final,250128590,962291904,"[{""container_id"":""4ee1b764795f825ec888184747d2eeb252c5c678773f69ca946e6e719c18254a"",""before_capture"":{""started_nanos"":""4000434889"",""finished_nanos"":""4000867909""},""after_capture"":{""started_nanos"":""4579507406"",""finished_nanos"":""4579751235""}}]",0,0,0,0,0,0,0,0,16384,0,0,0,11087,411,10676,2,0,0,"{""child.rss_bytes"":""4849664"",""child.threads"":""3"",""child.fd_count"":""11"",""child.listener_count"":""1"",""wrapper.rss_bytes"":""3932160"",""wrapper.threads"":""3"",""wrapper.fd_count"":""19"",""wrapper.listener_count"":""1"",""cgroup.memory_current_bytes"":""1990656"",""cgroup.sum_leaf_lifetime_memory_peak_bytes"":""6516736"",""cgroup.memory_swap_current_bytes"":""0"",""cgroup.pids_current"":""6"",""cgroup.cpu.usage_usec"":""169264"",""cgroup.cpu.user_usec"":""30380"",""cgroup.cpu.system_usec"":""138883"",""cgroup.cpu.nr_periods"":""16"",""cgroup.cpu.nr_throttled"":""0"",""cgroup.cpu.throttled_usec"":""0""}","{""child.rss_bytes"":""4849664"",""child.threads"":""3"",""child.fd_count"":""11"",""child.listener_count"":""1"",""wrapper.rss_bytes"":""3932160"",""wrapper.threads"":""3"",""wrapper.fd_count"":""19"",""wrapper.listener_count"":""1"",""cgroup.memory_current_bytes"":""2007040"",""cgroup.sum_leaf_lifetime_memory_peak_bytes"":""6516736"",""cgroup.memory_swap_current_bytes"":""0"",""cgroup.pids_current"":""6"",""cgroup.cpu.usage_usec"":""180351"",""cgroup.cpu.user_usec"":""30791"",""cgroup.cpu.system_usec"":""149559"",""cgroup.cpu.nr_periods"":""18"",""cgroup.cpu.nr_throttled"":""0"",""cgroup.cpu.throttled_usec"":""0""}"
0,2,native,8,ready,250204743,5059390081,"[{""container_id"":""3d21497614544a21bf40a083ada7c52128d8cb2287c8ce6c46f0e05ea0f5c27a"",""before_capture"":{""started_nanos"":""2810763453"",""finished_nanos"":""2811005299""},""after_capture"":{""started_nanos"":""5504743990"",""finished_nanos"":""5505223826""}},{""container_id"":""9c0f70d0bd6b88e09a7493ab8571c12546cf82e3d19dba01ad32ac88e16ccfe8"",""before_capture"":{""started_nanos"":""3135852584"",""finished_nanos"":""3136158341""},""after_capture"":{""started_nanos"":""5827476769"",""finished_nanos"":""5827762646""}},{""container_id"":""210ce0643c52efc56642c51b3eb7e99524d2aedc08404294041ee9cf36f05207"",""before_capture"":{""started_nanos"":""3406887399"",""finished_nanos"":""3407435368""},""after_capture"":{""started_nanos"":""6151906174"",""finished_nanos"":""6152156553""}},{""container_id"":""a504841aaf1e0c00885e886eaff642c02646c6bb58bf9e49f2267bb7a417a0c9"",""before_capture"":{""started_nanos"":""3552740447"",""finished_nanos"":""3553020948""},""after_capture"":{""started_nanos"":""6318753241"",""finished_nanos"":""6318976518""}},{""container_id"":""839160d25cfb2f53815720354e80b4cb4ba15eae40c4378234dca3615d8ea5aa"",""before_capture"":{""started_nanos"":""3872305315"",""finished_nanos"":""3872645808""},""after_capture"":{""started_nanos"":""6580334997"",""finished_nanos"":""6580566249""}},{""container_id"":""ae5e5824e01fa3fb7a1535ad7fbb902868d593cee86403ac67b6eea6f6d1c059"",""before_capture"":{""started_nanos"":""4200274048"",""finished_nanos"":""4200529946""},""after_capture"":{""started_nanos"":""6902265399"",""finished_nanos"":""6902496282""}},{""container_id"":""caea3b2d3ca1efee4e812ddbb229290fbed748166476aba6a0d7b864d00e870f"",""before_capture"":{""started_nanos"":""4501582531"",""finished_nanos"":""4501857742""},""after_capture"":{""started_nanos"":""7141308118"",""finished_nanos"":""7141553258""}},{""container_id"":""14168aa0f552f34cb10225e83f0a371542d39ffd4a0f48d828379fc81ffea880"",""before_capture"":{""started_nanos"":""4797393742"",""finished_nanos"":""4797647613""},""after_capture"":{""started_nanos"":""7428799695"",""finished_nanos"":""7429031409""}}]",0,0,0,0,917504,0,0,0,1204224,0,0,0,74274,1593,72680,18,0,0,"{""child.rss_bytes"":""36700160"",""child.threads"":""24"",""child.fd_count"":""88"",""child.listener_count"":""8"",""wrapper.rss_bytes"":""29229056"",""wrapper.threads"":""24"",""wrapper.fd_count"":""152"",""wrapper.listener_count"":""8"",""cgroup.memory_current_bytes"":""13029376"",""cgroup.sum_leaf_lifetime_memory_peak_bytes"":""49389568"",""cgroup.memory_swap_current_bytes"":""0"",""cgroup.pids_current"":""48"",""cgroup.cpu.usage_usec"":""478314"",""cgroup.cpu.user_usec"":""125831"",""cgroup.cpu.system_usec"":""352480"",""cgroup.cpu.nr_periods"":""36"",""cgroup.cpu.nr_throttled"":""0"",""cgroup.cpu.throttled_usec"":""0""}","{""child.rss_bytes"":""36700160"",""child.threads"":""24"",""child.fd_count"":""88"",""child.listener_count"":""8"",""wrapper.rss_bytes"":""30146560"",""wrapper.threads"":""24"",""wrapper.fd_count"":""152"",""wrapper.listener_count"":""8"",""cgroup.memory_current_bytes"":""14233600"",""cgroup.sum_leaf_lifetime_memory_peak_bytes"":""49389568"",""cgroup.memory_swap_current_bytes"":""0"",""cgroup.pids_current"":""48"",""cgroup.cpu.usage_usec"":""552588"",""cgroup.cpu.user_usec"":""127424"",""cgroup.cpu.system_usec"":""425160"",""cgroup.cpu.nr_periods"":""54"",""cgroup.cpu.nr_throttled"":""0"",""cgroup.cpu.throttled_usec"":""0""}"
0,2,native,8,served,250197594,4903835646,"[{""container_id"":""3d21497614544a21bf40a083ada7c52128d8cb2287c8ce6c46f0e05ea0f5c27a"",""before_capture"":{""started_nanos"":""8041668928"",""finished_nanos"":""8041949622""},""after_capture"":{""started_nanos"":""10547132196"",""finished_nanos"":""10547373678""}},{""container_id"":""9c0f70d0bd6b88e09a7493ab8571c12546cf82e3d19dba01ad32ac88e16ccfe8"",""before_capture"":{""started_nanos"":""8326401290"",""finished_nanos"":""8326636552""},""after_capture"":{""started_nanos"":""10858055305"",""finished_nanos"":""10858284051""}},{""container_id"":""210ce0643c52efc56642c51b3eb7e99524d2aedc08404294041ee9cf36f05207"",""before_capture"":{""started_nanos"":""8594432204"",""finished_nanos"":""8594681114""},""after_capture"":{""started_nanos"":""11167893753"",""finished_nanos"":""11168146670""}},{""container_id"":""a504841aaf1e0c00885e886eaff642c02646c6bb58bf9e49f2267bb7a417a0c9"",""before_capture"":{""started_nanos"":""8769347554"",""finished_nanos"":""8769607514""},""after_capture"":{""started_nanos"":""11337008685"",""finished_nanos"":""11337237631""}},{""container_id"":""839160d25cfb2f53815720354e80b4cb4ba15eae40c4378234dca3615d8ea5aa"",""before_capture"":{""started_nanos"":""9046619103"",""finished_nanos"":""9046888674""},""after_capture"":{""started_nanos"":""11589634416"",""finished_nanos"":""11589879181""}},{""container_id"":""ae5e5824e01fa3fb7a1535ad7fbb902868d593cee86403ac67b6eea6f6d1c059"",""before_capture"":{""started_nanos"":""9337977551"",""finished_nanos"":""9338246185""},""after_capture"":{""started_nanos"":""11918666622"",""finished_nanos"":""11918905589""}},{""container_id"":""caea3b2d3ca1efee4e812ddbb229290fbed748166476aba6a0d7b864d00e870f"",""before_capture"":{""started_nanos"":""9567003877"",""finished_nanos"":""9567274931""},""after_capture"":{""started_nanos"":""12184091933"",""finished_nanos"":""12184355785""}},{""container_id"":""14168aa0f552f34cb10225e83f0a371542d39ffd4a0f48d828379fc81ffea880"",""before_capture"":{""started_nanos"":""9822071561"",""finished_nanos"":""9822332240""},""after_capture"":{""started_nanos"":""12439295581"",""finished_nanos"":""12439534807""}}]",0,0,0,0,131072,0,0,0,131072,0,0,0,67538,4146,63391,17,0,0,"{""child.rss_bytes"":""37486592"",""child.threads"":""24"",""child.fd_count"":""88"",""child.listener_count"":""8"",""wrapper.rss_bytes"":""30146560"",""wrapper.threads"":""24"",""wrapper.fd_count"":""152"",""wrapper.listener_count"":""8"",""cgroup.memory_current_bytes"":""14630912"",""cgroup.sum_leaf_lifetime_memory_peak_bytes"":""49389568"",""cgroup.memory_swap_current_bytes"":""0"",""cgroup.pids_current"":""48"",""cgroup.cpu.usage_usec"":""630873"",""cgroup.cpu.user_usec"":""132240"",""cgroup.cpu.system_usec"":""498631"",""cgroup.cpu.nr_periods"":""70"",""cgroup.cpu.nr_throttled"":""0"",""cgroup.cpu.throttled_usec"":""0""}","{""child.rss_bytes"":""37486592"",""child.threads"":""24"",""child.fd_count"":""88"",""child.listener_count"":""8"",""wrapper.rss_bytes"":""30277632"",""wrapper.threads"":""24"",""wrapper.fd_count"":""152"",""wrapper.listener_count"":""8"",""cgroup.memory_current_bytes"":""14761984"",""cgroup.sum_leaf_lifetime_memory_peak_bytes"":""49389568"",""cgroup.memory_swap_current_bytes"":""0"",""cgroup.pids_current"":""48"",""cgroup.cpu.usage_usec"":""698411"",""cgroup.cpu.user_usec"":""136386"",""cgroup.cpu.system_usec"":""562022"",""cgroup.cpu.nr_periods"":""87"",""cgroup.cpu.nr_throttled"":""0"",""cgroup.cpu.throttled_usec"":""0""}"
0,2,native,8,final,250150940,5097946357,"[{""container_id"":""3d21497614544a21bf40a083ada7c52128d8cb2287c8ce6c46f0e05ea0f5c27a"",""before_capture"":{""started_nanos"":""13095790618"",""finished_nanos"":""13096059942""},""after_capture"":{""started_nanos"":""15765502265"",""finished_nanos"":""15765748959""}},{""container_id"":""9c0f70d0bd6b88e09a7493ab8571c12546cf82e3d19dba01ad32ac88e16ccfe8"",""before_capture"":{""started_nanos"":""13385140487"",""finished_nanos"":""13385445212""},""after_capture"":{""started_nanos"":""16050121234"",""finished_nanos"":""16050341932""}},{""container_id"":""210ce0643c52efc56642c51b3eb7e99524d2aedc08404294041ee9cf36f05207"",""before_capture"":{""started_nanos"":""13681034811"",""finished_nanos"":""13681268596""},""after_capture"":{""started_nanos"":""16372976445"",""finished_nanos"":""16373199740""}},{""container_id"":""a504841aaf1e0c00885e886eaff642c02646c6bb58bf9e49f2267bb7a417a0c9"",""before_capture"":{""started_nanos"":""13846379988"",""finished_nanos"":""13846598402""},""after_capture"":{""started_nanos"":""16578781402"",""finished_nanos"":""16579042839""}},{""container_id"":""839160d25cfb2f53815720354e80b4cb4ba15eae40c4378234dca3615d8ea5aa"",""before_capture"":{""started_nanos"":""14149049903"",""finished_nanos"":""14149345451""},""after_capture"":{""started_nanos"":""16840996917"",""finished_nanos"":""16841233355""}},{""container_id"":""ae5e5824e01fa3fb7a1535ad7fbb902868d593cee86403ac67b6eea6f6d1c059"",""before_capture"":{""started_nanos"":""14502372041"",""finished_nanos"":""14502629598""},""after_capture"":{""started_nanos"":""17186741650"",""finished_nanos"":""17186970824""}},{""container_id"":""caea3b2d3ca1efee4e812ddbb229290fbed748166476aba6a0d7b864d00e870f"",""before_capture"":{""started_nanos"":""14747021677"",""finished_nanos"":""14747493307""},""after_capture"":{""started_nanos"":""17451428657"",""finished_nanos"":""17451693590""}},{""container_id"":""14168aa0f552f34cb10225e83f0a371542d39ffd4a0f48d828379fc81ffea880"",""before_capture"":{""started_nanos"":""15037425132"",""finished_nanos"":""15037656723""},""after_capture"":{""started_nanos"":""17738439178"",""finished_nanos"":""17738695310""}}]",0,0,0,0,131072,0,0,0,131072,0,0,0,68957,4618,64338,16,0,0,"{""child.rss_bytes"":""37486592"",""child.threads"":""24"",""child.fd_count"":""88"",""child.listener_count"":""8"",""wrapper.rss_bytes"":""30277632"",""wrapper.threads"":""24"",""wrapper.fd_count"":""152"",""wrapper.listener_count"":""8"",""cgroup.memory_current_bytes"":""15024128"",""cgroup.sum_leaf_lifetime_memory_peak_bytes"":""49389568"",""cgroup.memory_swap_current_bytes"":""0"",""cgroup.pids_current"":""48"",""cgroup.cpu.usage_usec"":""799710"",""cgroup.cpu.user_usec"":""140939"",""cgroup.cpu.system_usec"":""658768"",""cgroup.cpu.nr_periods"":""115"",""cgroup.cpu.nr_throttled"":""0"",""cgroup.cpu.throttled_usec"":""0""}","{""child.rss_bytes"":""37486592"",""child.threads"":""24"",""child.fd_count"":""88"",""child.listener_count"":""8"",""wrapper.rss_bytes"":""30408704"",""wrapper.threads"":""24"",""wrapper.fd_count"":""152"",""wrapper.listener_count"":""8"",""cgroup.memory_current_bytes"":""15155200"",""cgroup.sum_leaf_lifetime_memory_peak_bytes"":""49389568"",""cgroup.memory_swap_current_bytes"":""0"",""cgroup.pids_current"":""48"",""cgroup.cpu.usage_usec"":""868667"",""cgroup.cpu.user_usec"":""145557"",""cgroup.cpu.system_usec"":""723106"",""cgroup.cpu.nr_periods"":""131"",""cgroup.cpu.nr_throttled"":""0"",""cgroup.cpu.throttled_usec"":""0""}"
0,3,lsf,8,ready,250288558,826362188,"[{""container_id"":""0bd787057146a9fb68760cde6099853f6865b70dfb3dabd3e20c2762aaff50cd"",""before_capture"":{""started_nanos"":""2451678196"",""finished_nanos"":""2451938351""},""after_capture"":{""started_nanos"":""3016298920"",""finished_nanos"":""3016521876""}}]",0,0,0,0,131072,0,0,0,241664,0,0,0,11816,775,11040,3,0,0,"{""child.rss_bytes"":""12582912"",""child.threads"":""7"",""child.fd_count"":""24"",""child.listener_count"":""1"",""wrapper.rss_bytes"":""3932160"",""wrapper.threads"":""3"",""wrapper.fd_count"":""33"",""wrapper.listener_count"":""1"",""cgroup.memory_current_bytes"":""3272704"",""cgroup.sum_leaf_lifetime_memory_peak_bytes"":""6819840"",""cgroup.memory_swap_current_bytes"":""0"",""cgroup.pids_current"":""10"",""cgroup.cpu.usage_usec"":""82192"",""cgroup.cpu.user_usec"":""21918"",""cgroup.cpu.system_usec"":""60274"",""cgroup.cpu.nr_periods"":""19"",""cgroup.cpu.nr_throttled"":""0"",""cgroup.cpu.throttled_usec"":""0""}","{""child.rss_bytes"":""12582912"",""child.threads"":""7"",""child.fd_count"":""24"",""child.listener_count"":""1"",""wrapper.rss_bytes"":""4063232"",""wrapper.threads"":""3"",""wrapper.fd_count"":""33"",""wrapper.listener_count"":""1"",""cgroup.memory_current_bytes"":""3514368"",""cgroup.sum_leaf_lifetime_memory_peak_bytes"":""6819840"",""cgroup.memory_swap_current_bytes"":""0"",""cgroup.pids_current"":""10"",""cgroup.cpu.usage_usec"":""94008"",""cgroup.cpu.user_usec"":""22693"",""cgroup.cpu.system_usec"":""71314"",""cgroup.cpu.nr_periods"":""22"",""cgroup.cpu.nr_throttled"":""0"",""cgroup.cpu.throttled_usec"":""0""}"
0,3,lsf,8,served,250148361,895251300,"[{""container_id"":""0bd787057146a9fb68760cde6099853f6865b70dfb3dabd3e20c2762aaff50cd"",""before_capture"":{""started_nanos"":""3806397050"",""finished_nanos"":""3806938433""},""after_capture"":{""started_nanos"":""4383568282"",""finished_nanos"":""4383816882""}}]",0,0,0,0,0,0,0,0,-102400,0,0,0,15851,5925,9925,6,0,0,"{""child.rss_bytes"":""23601152"",""child.threads"":""7"",""child.fd_count"":""32"",""child.listener_count"":""1"",""wrapper.rss_bytes"":""4063232"",""wrapper.threads"":""3"",""wrapper.fd_count"":""33"",""wrapper.listener_count"":""1"",""cgroup.memory_current_bytes"":""7823360"",""cgroup.sum_leaf_lifetime_memory_peak_bytes"":""8728576"",""cgroup.memory_swap_current_bytes"":""0"",""cgroup.pids_current"":""10"",""cgroup.cpu.usage_usec"":""425098"",""cgroup.cpu.user_usec"":""347019"",""cgroup.cpu.system_usec"":""78079"",""cgroup.cpu.nr_periods"":""30"",""cgroup.cpu.nr_throttled"":""0"",""cgroup.cpu.throttled_usec"":""0""}","{""child.rss_bytes"":""23601152"",""child.threads"":""7"",""child.fd_count"":""32"",""child.listener_count"":""1"",""wrapper.rss_bytes"":""4063232"",""wrapper.threads"":""3"",""wrapper.fd_count"":""33"",""wrapper.listener_count"":""1"",""cgroup.memory_current_bytes"":""7720960"",""cgroup.sum_leaf_lifetime_memory_peak_bytes"":""8728576"",""cgroup.memory_swap_current_bytes"":""0"",""cgroup.pids_current"":""10"",""cgroup.cpu.usage_usec"":""440949"",""cgroup.cpu.user_usec"":""352944"",""cgroup.cpu.system_usec"":""88004"",""cgroup.cpu.nr_periods"":""36"",""cgroup.cpu.nr_throttled"":""0"",""cgroup.cpu.throttled_usec"":""0""}"
0,3,lsf,8,final,250141809,819217035,"[{""container_id"":""0bd787057146a9fb68760cde6099853f6865b70dfb3dabd3e20c2762aaff50cd"",""before_capture"":{""started_nanos"":""4907824854"",""finished_nanos"":""4908118961""},""after_capture"":{""started_nanos"":""5436316772"",""finished_nanos"":""5436545780""}}]",0,0,0,0,0,0,0,0,28672,0,0,0,11799,0,11799,5,0,0,"{""child.rss_bytes"":""25042944"",""child.threads"":""7"",""child.fd_count"":""32"",""child.listener_count"":""1"",""wrapper.rss_bytes"":""4063232"",""wrapper.threads"":""3"",""wrapper.fd_count"":""33"",""wrapper.listener_count"":""1"",""cgroup.memory_current_bytes"":""9129984"",""cgroup.sum_leaf_lifetime_memory_peak_bytes"":""10727424"",""cgroup.memory_swap_current_bytes"":""0"",""cgroup.pids_current"":""10"",""cgroup.cpu.usage_usec"":""491719"",""cgroup.cpu.user_usec"":""381960"",""cgroup.cpu.system_usec"":""109758"",""cgroup.cpu.nr_periods"":""41"",""cgroup.cpu.nr_throttled"":""0"",""cgroup.cpu.throttled_usec"":""0""}","{""child.rss_bytes"":""25042944"",""child.threads"":""7"",""child.fd_count"":""32"",""child.listener_count"":""1"",""wrapper.rss_bytes"":""4063232"",""wrapper.threads"":""3"",""wrapper.fd_count"":""33"",""wrapper.listener_count"":""1"",""cgroup.memory_current_bytes"":""9158656"",""cgroup.sum_leaf_lifetime_memory_peak_bytes"":""10727424"",""cgroup.memory_swap_current_bytes"":""0"",""cgroup.pids_current"":""10"",""cgroup.cpu.usage_usec"":""503518"",""cgroup.cpu.user_usec"":""381960"",""cgroup.cpu.system_usec"":""121557"",""cgroup.cpu.nr_periods"":""46"",""cgroup.cpu.nr_throttled"":""0"",""cgroup.cpu.throttled_usec"":""0""}"
0,4,lsf,32,ready,250181189,862400587,"[{""container_id"":""753475a5aa19b7c7012d9f4fdc8ffccec808511b930492e78611f06d4fae6089"",""before_capture"":{""started_nanos"":""2488109999"",""finished_nanos"":""2488568068""},""after_capture"":{""started_nanos"":""3019661278"",""finished_nanos"":""3019928609""}}]",0,0,0,0,262144,0,0,0,430080,0,0,0,14018,2815,11203,6,0,0,"{""child.rss_bytes"":""13385728"",""child.threads"":""7"",""child.fd_count"":""48"",""child.listener_count"":""1"",""wrapper.rss_bytes"":""4194304"",""wrapper.threads"":""3"",""wrapper.fd_count"":""81"",""wrapper.listener_count"":""1"",""cgroup.memory_current_bytes"":""4890624"",""cgroup.sum_leaf_lifetime_memory_peak_bytes"":""8056832"",""cgroup.memory_swap_current_bytes"":""0"",""cgroup.pids_current"":""10"",""cgroup.cpu.usage_usec"":""136971"",""cgroup.cpu.user_usec"":""68485"",""cgroup.cpu.system_usec"":""68485"",""cgroup.cpu.nr_periods"":""20"",""cgroup.cpu.nr_throttled"":""0"",""cgroup.cpu.throttled_usec"":""0""}","{""child.rss_bytes"":""13385728"",""child.threads"":""7"",""child.fd_count"":""48"",""child.listener_count"":""1"",""wrapper.rss_bytes"":""4456448"",""wrapper.threads"":""3"",""wrapper.fd_count"":""81"",""wrapper.listener_count"":""1"",""cgroup.memory_current_bytes"":""5320704"",""cgroup.sum_leaf_lifetime_memory_peak_bytes"":""8056832"",""cgroup.memory_swap_current_bytes"":""0"",""cgroup.pids_current"":""10"",""cgroup.cpu.usage_usec"":""150989"",""cgroup.cpu.user_usec"":""71300"",""cgroup.cpu.system_usec"":""79688"",""cgroup.cpu.nr_periods"":""26"",""cgroup.cpu.nr_throttled"":""0"",""cgroup.cpu.throttled_usec"":""0""}"
0,4,lsf,32,served,250190210,883776870,"[{""container_id"":""753475a5aa19b7c7012d9f4fdc8ffccec808511b930492e78611f06d4fae6089"",""before_capture"":{""started_nanos"":""4663504358"",""finished_nanos"":""4663787764""},""after_capture"":{""started_nanos"":""5215852503"",""finished_nanos"":""5216136534""}}]",0,0,0,0,0,0,0,0,86016,0,0,0,14962,5506,9456,6,0,0,"{""child.rss_bytes"":""27963392"",""child.threads"":""7"",""child.fd_count"":""80"",""child.listener_count"":""1"",""wrapper.rss_bytes"":""4456448"",""wrapper.threads"":""3"",""wrapper.fd_count"":""81"",""wrapper.listener_count"":""1"",""cgroup.memory_current_bytes"":""13205504"",""cgroup.sum_leaf_lifetime_memory_peak_bytes"":""14077952"",""cgroup.memory_swap_current_bytes"":""0"",""cgroup.pids_current"":""10"",""cgroup.cpu.usage_usec"":""1278779"",""cgroup.cpu.user_usec"":""1140846"",""cgroup.cpu.system_usec"":""137932"",""cgroup.cpu.nr_periods"":""40"",""cgroup.cpu.nr_throttled"":""0"",""cgroup.cpu.throttled_usec"":""0""}","{""child.rss_bytes"":""27963392"",""child.threads"":""7"",""child.fd_count"":""80"",""child.listener_count"":""1"",""wrapper.rss_bytes"":""4456448"",""wrapper.threads"":""3"",""wrapper.fd_count"":""81"",""wrapper.listener_count"":""1"",""cgroup.memory_current_bytes"":""13291520"",""cgroup.sum_leaf_lifetime_memory_peak_bytes"":""14077952"",""cgroup.memory_swap_current_bytes"":""0"",""cgroup.pids_current"":""10"",""cgroup.cpu.usage_usec"":""1293741"",""cgroup.cpu.user_usec"":""1146352"",""cgroup.cpu.system_usec"":""147388"",""cgroup.cpu.nr_periods"":""46"",""cgroup.cpu.nr_throttled"":""0"",""cgroup.cpu.throttled_usec"":""0""}"
0,4,lsf,32,final,250121375,842908848,"[{""container_id"":""753475a5aa19b7c7012d9f4fdc8ffccec808511b930492e78611f06d4fae6089"",""before_capture"":{""started_nanos"":""5762721542"",""finished_nanos"":""5762952527""},""after_capture"":{""started_nanos"":""6305263533"",""finished_nanos"":""6305536534""}}]",0,0,0,0,0,0,0,0,40960,0,0,0,11469,2704,8764,6,0,0,"{""child.rss_bytes"":""29405184"",""child.threads"":""7"",""child.fd_count"":""80"",""child.listener_count"":""1"",""wrapper.rss_bytes"":""4456448"",""wrapper.threads"":""3"",""wrapper.fd_count"":""81"",""wrapper.listener_count"":""1"",""cgroup.memory_current_bytes"":""14692352"",""cgroup.sum_leaf_lifetime_memory_peak_bytes"":""17215488"",""cgroup.memory_swap_current_bytes"":""0"",""cgroup.pids_current"":""10"",""cgroup.cpu.usage_usec"":""1464155"",""cgroup.cpu.user_usec"":""1264498"",""cgroup.cpu.system_usec"":""199657"",""cgroup.cpu.nr_periods"":""51"",""cgroup.cpu.nr_throttled"":""0"",""cgroup.cpu.throttled_usec"":""0""}","{""child.rss_bytes"":""29405184"",""child.threads"":""7"",""child.fd_count"":""80"",""child.listener_count"":""1"",""wrapper.rss_bytes"":""4456448"",""wrapper.threads"":""3"",""wrapper.fd_count"":""81"",""wrapper.listener_count"":""1"",""cgroup.memory_current_bytes"":""14733312"",""cgroup.sum_leaf_lifetime_memory_peak_bytes"":""17215488"",""cgroup.memory_swap_current_bytes"":""0"",""cgroup.pids_current"":""10"",""cgroup.cpu.usage_usec"":""1475624"",""cgroup.cpu.user_usec"":""1267202"",""cgroup.cpu.system_usec"":""208421"",""cgroup.cpu.nr_periods"":""57"",""cgroup.cpu.nr_throttled"":""0"",""cgroup.cpu.throttled_usec"":""0""}"
0,5,native,32,ready,250251697,20076428434,"[{""container_id"":""509668cbcd72249e9aa86a347d5cc89477393ffdd813f5d60b9e63d14482c6f0"",""before_capture"":{""started_nanos"":""9444319652"",""finished_nanos"":""9444728782""},""after_capture"":{""started_nanos"":""19924148529"",""finished_nanos"":""19924383080""}},{""container_id"":""f7f30d2ba2d09290220c6d3cb53437395643cb65fcda2d9efde0b3c0e1958701"",""before_capture"":{""started_nanos"":""8710001593"",""finished_nanos"":""8710339192""},""after_capture"":{""started_nanos"":""19136455779"",""finished_nanos"":""19136731505""}},{""container_id"":""7eafcc4537d30cbdb7c169663958712502cbad7e62a2ea5259c16223feac242a"",""before_capture"":{""started_nanos"":""10117929489"",""finished_nanos"":""10118205088""},""after_capture"":{""started_nanos"":""20502481961"",""finished_nanos"":""20502749653""}},{""container_id"":""f366a59900cb63be3e268cd7068c3384d055b87504fc1985b62c17132113dee4"",""before_capture"":{""started_nanos"":""9374257522"",""finished_nanos"":""9374485336""},""after_capture"":{""started_nanos"":""19811629979"",""finished_nanos"":""19811857856""}},{""container_id"":""f6bc93d92659e47a03c05607791d94544f8475a651cc51e979436da61b3c9e8e"",""before_capture"":{""started_nanos"":""9594909810"",""finished_nanos"":""9595147613""},""after_capture"":{""started_nanos"":""20060120556"",""finished_nanos"":""20060399910""}},{""container_id"":""87e80fb169763aa7fd524dce1375bb5a80dc7bfa7cfb5b169008925e4ea5a7b6"",""before_capture"":{""started_nanos"":""9814358885"",""finished_nanos"":""9814650179""},""after_capture"":{""started_nanos"":""20260349438"",""finished_nanos"":""20260577965""}},{""container_id"":""b1135caf2bc1e941f63400ea6f5bb07d63006176b7edbedd60c3b9fb6c97d7ab"",""before_capture"":{""started_nanos"":""10090583817"",""finished_nanos"":""10090851103""},""after_capture"":{""started_nanos"":""20558116125"",""finished_nanos"":""20558363786""}},{""container_id"":""4873eda905ec93302dd8e2a27df28537eec3b2fea2305e5b6ff3c23c5495861c"",""before_capture"":{""started_nanos"":""10493543914"",""finished_nanos"":""10493891320""},""after_capture"":{""started_nanos"":""21005287747"",""finished_nanos"":""21005528683""}},{""container_id"":""978bcb3daae61245d0226454b624dc723afadd03d731044b06f0a33bfffdaafd"",""before_capture"":{""started_nanos"":""10637422358"",""finished_nanos"":""10637735339""},""after_capture"":{""started_nanos"":""21128643601"",""finished_nanos"":""21128903749""}},{""container_id"":""2b633e5db7808e9b1d326b922b1875462aecf545dc968e63513d1be9e69f1caf"",""before_capture"":{""started_nanos"":""11047939456"",""finished_nanos"":""11048184081""},""after_capture"":{""started_nanos"":""21523903739"",""finished_nanos"":""21524188101""}},{""container_id"":""8f0cf2ab69f648f28d9faf338ded67f1e3b88fe6db91da6716afe80e0b00e782"",""before_capture"":{""started_nanos"":""11236715339"",""finished_nanos"":""11236946835""},""after_capture"":{""started_nanos"":""21755935943"",""finished_nanos"":""21756278420""}},{""container_id"":""2fffefa69305525c037f033ec62eba30413e79c22404b4693da8a006eac224fe"",""before_capture"":{""started_nanos"":""11572467175"",""finished_nanos"":""11572728033""},""after_capture"":{""started_nanos"":""22075323213"",""finished_nanos"":""22075641504""}},{""container_id"":""2cccb1100d7a248236be45379c952ada3214001e83225fdea5d0896af3d1f077"",""before_capture"":{""started_nanos"":""11920975234"",""finished_nanos"":""11921279995""},""after_capture"":{""started_nanos"":""22402903627"",""finished_nanos"":""22403144147""}},{""container_id"":""60f213e64b9c0089507638bca4db242cc21d17c2aa76b1333314981d5335be1a"",""before_capture"":{""started_nanos"":""12181591928"",""finished_nanos"":""12181821549""},""after_capture"":{""started_nanos"":""22674825176"",""finished_nanos"":""22675130406""}},{""container_id"":""0de9259e2579e7b1a155d6e212d63cf4daf8282a3c02babb2cd0bdd0b872ce2d"",""before_capture"":{""started_nanos"":""12277271213"",""finished_nanos"":""12277688571""},""after_capture"":{""started_nanos"":""22772975538"",""finished_nanos"":""22773209671""}},{""container_id"":""083f34f153bcb73d23d294aa598ad483a29acf4960108616d072497839659166"",""before_capture"":{""started_nanos"":""12805967266"",""finished_nanos"":""12806192374""},""after_capture"":{""started_nanos"":""23299445622"",""finished_nanos"":""23299786065""}},{""container_id"":""995823d9c44ece72efb79e2d63bf95980d7cb99fc6ec5ade648e2cfc4d8f88d9"",""before_capture"":{""started_nanos"":""13212625196"",""finished_nanos"":""13212880370""},""after_capture"":{""started_nanos"":""23716180402"",""finished_nanos"":""23716438634""}},{""container_id"":""430f8ff1e8487812fe09b4b56a98a5c161db07b641c366d8d30f2cf7922dd1eb"",""before_capture"":{""started_nanos"":""13500547990"",""finished_nanos"":""13500850988""},""after_capture"":{""started_nanos"":""23998288293"",""finished_nanos"":""23998677876""}},{""container_id"":""fc18977ab7fc7d9e64bddb37721d6f7229bb584634ec3b78a45582ba6ccac6b2"",""before_capture"":{""started_nanos"":""13479090165"",""finished_nanos"":""13479321125""},""after_capture"":{""started_nanos"":""23964695048"",""finished_nanos"":""23964928393""}},{""container_id"":""ca6bd8d3becb9e17501ee34a34c0637e7cef24cdb5401d5b2c7cd2aad70766d5"",""before_capture"":{""started_nanos"":""13820915602"",""finished_nanos"":""13821325048""},""after_capture"":{""started_nanos"":""24296930249"",""finished_nanos"":""24297170040""}},{""container_id"":""f1c4c96613771a3bcdbadb0f441e17a9242d3fe540896b6fe6db65e6b7ff5d06"",""before_capture"":{""started_nanos"":""14262084080"",""finished_nanos"":""14339859569""},""after_capture"":{""started_nanos"":""24625585863"",""finished_nanos"":""24625844893""}},{""container_id"":""978bfcb65f142c841ef4760c05691011e1a20dfde3dd6bdc4b3d888bfa60b747"",""before_capture"":{""started_nanos"":""14821986184"",""finished_nanos"":""14822239727""},""after_capture"":{""started_nanos"":""24848884812"",""finished_nanos"":""24849145074""}},{""container_id"":""62568695626769d64154c9f5ee8ba965542b9485a44100b5a236b71c3ea24ef8"",""before_capture"":{""started_nanos"":""14777007507"",""finished_nanos"":""14777249542""},""after_capture"":{""started_nanos"":""24846948246"",""finished_nanos"":""24847244458""}},{""container_id"":""8fe08deddbfcd9bb2388964ba9abe69b9973d750742d9b6b0026971f556bf281"",""before_capture"":{""started_nanos"":""15265600786"",""finished_nanos"":""15265829754""},""after_capture"":{""started_nanos"":""25280047999"",""finished_nanos"":""25280350750""}},{""container_id"":""1636d281910a1b378992727bbda4bb45ad15b5137503de1671980ee882e1ee8e"",""before_capture"":{""started_nanos"":""15569401851"",""finished_nanos"":""15569649649""},""after_capture"":{""started_nanos"":""25527557396"",""finished_nanos"":""25527790347""}},{""container_id"":""f60171e56e1b1d0ea55cdf5594b2f64772bf6bb370dd101478fd68a537979732"",""before_capture"":{""started_nanos"":""15872269180"",""finished_nanos"":""15872513433""},""after_capture"":{""started_nanos"":""25823909187"",""finished_nanos"":""25824143562""}},{""container_id"":""1603a3965be08d9595e2a74cd833b7df297256ad78d61a01c8b6ac3a7c0fa4a4"",""before_capture"":{""started_nanos"":""16176608044"",""finished_nanos"":""16176848097""},""after_capture"":{""started_nanos"":""26052026736"",""finished_nanos"":""26052304830""}},{""container_id"":""6a68198b170c4408fb2e198232dc07b3546406b69796fd21f23c0893a3d8b544"",""before_capture"":{""started_nanos"":""16455376776"",""finished_nanos"":""16456112108""},""after_capture"":{""started_nanos"":""26305321484"",""finished_nanos"":""26305566737""}},{""container_id"":""5fd3fbcd4cbd601b5672af94f6f87e4215e5371001f37813cd6b983959723670"",""before_capture"":{""started_nanos"":""16705354648"",""finished_nanos"":""16705708639""},""after_capture"":{""started_nanos"":""26584051964"",""finished_nanos"":""26584335008""}},{""container_id"":""ef39cefda8c9394700954a353ef440ede70d1caaea5eadd80eba3a74e44e440b"",""before_capture"":{""started_nanos"":""17305671685"",""finished_nanos"":""17305912230""},""after_capture"":{""started_nanos"":""27156978414"",""finished_nanos"":""27157213583""}},{""container_id"":""df46740d13a2021060befa256f3881b3bf3e73db545e8c2415fb6c49b03d76b3"",""before_capture"":{""started_nanos"":""17374887559"",""finished_nanos"":""17375186221""},""after_capture"":{""started_nanos"":""27228284854"",""finished_nanos"":""27228514519""}},{""container_id"":""55c780c84e3e744126443f15f80e9e19f099e3c7c8eb1fa27548ab94cba7c4ad"",""before_capture"":{""started_nanos"":""17785057137"",""finished_nanos"":""17785442416""},""after_capture"":{""started_nanos"":""27631766461"",""finished_nanos"":""27632006234""}}]",0,0,0,0,3276800,0,0,0,5758976,0,0,0,305110,14013,291101,67,1,0,"{""child.rss_bytes"":""146931712"",""child.threads"":""96"",""child.fd_count"":""352"",""child.listener_count"":""32"",""wrapper.rss_bytes"":""117964800"",""wrapper.threads"":""96"",""wrapper.fd_count"":""608"",""wrapper.listener_count"":""32"",""cgroup.memory_current_bytes"":""51478528"",""cgroup.sum_leaf_lifetime_memory_peak_bytes"":""186527744"",""cgroup.memory_swap_current_bytes"":""0"",""cgroup.pids_current"":""192"",""cgroup.cpu.usage_usec"":""2134490"",""cgroup.cpu.user_usec"":""442923"",""cgroup.cpu.system_usec"":""1691546"",""cgroup.cpu.nr_periods"":""231"",""cgroup.cpu.nr_throttled"":""76"",""cgroup.cpu.throttled_usec"":""4743815""}","{""child.rss_bytes"":""146931712"",""child.threads"":""96"",""child.fd_count"":""352"",""child.listener_count"":""32"",""wrapper.rss_bytes"":""121241600"",""wrapper.threads"":""96"",""wrapper.fd_count"":""608"",""wrapper.listener_count"":""32"",""cgroup.memory_current_bytes"":""57237504"",""cgroup.sum_leaf_lifetime_memory_peak_bytes"":""186527744"",""cgroup.memory_swap_current_bytes"":""0"",""cgroup.pids_current"":""192"",""cgroup.cpu.usage_usec"":""2439600"",""cgroup.cpu.user_usec"":""456936"",""cgroup.cpu.system_usec"":""1982647"",""cgroup.cpu.nr_periods"":""298"",""cgroup.cpu.nr_throttled"":""77"",""cgroup.cpu.throttled_usec"":""4743815""}"
0,5,native,32,served,250097984,19578779456,"[{""container_id"":""509668cbcd72249e9aa86a347d5cc89477393ffdd813f5d60b9e63d14482c6f0"",""before_capture"":{""started_nanos"":""29676089349"",""finished_nanos"":""29676319293""},""after_capture"":{""started_nanos"":""39657371198"",""finished_nanos"":""39657622941""}},{""container_id"":""f7f30d2ba2d09290220c6d3cb53437395643cb65fcda2d9efde0b3c0e1958701"",""before_capture"":{""started_nanos"":""28892082333"",""finished_nanos"":""28892316413""},""after_capture"":{""started_nanos"":""38884129654"",""finished_nanos"":""38884384481""}},{""container_id"":""7eafcc4537d30cbdb7c169663958712502cbad7e62a2ea5259c16223feac242a"",""before_capture"":{""started_nanos"":""30251563671"",""finished_nanos"":""30251804277""},""after_capture"":{""started_nanos"":""40232512220"",""finished_nanos"":""40232743000""}},{""container_id"":""f366a59900cb63be3e268cd7068c3384d055b87504fc1985b62c17132113dee4"",""before_capture"":{""started_nanos"":""29526285739"",""finished_nanos"":""29526596176""},""after_capture"":{""started_nanos"":""39567736930"",""finished_nanos"":""39567994087""}},{""container_id"":""f6bc93d92659e47a03c05607791d94544f8475a651cc51e979436da61b3c9e8e"",""before_capture"":{""started_nanos"":""29746352744"",""finished_nanos"":""29746748397""},""after_capture"":{""started_nanos"":""39782234460"",""finished_nanos"":""39782470886""}},{""container_id"":""87e80fb169763aa7fd524dce1375bb5a80dc7bfa7cfb5b169008925e4ea5a7b6"",""before_capture"":{""started_nanos"":""29985649798"",""finished_nanos"":""29985879537""},""after_capture"":{""started_nanos"":""39999476481"",""finished_nanos"":""39999695363""}},{""container_id"":""b1135caf2bc1e941f63400ea6f5bb07d63006176b7edbedd60c3b9fb6c97d7ab"",""before_capture"":{""started_nanos"":""30312902982"",""finished_nanos"":""30313133847""},""after_capture"":{""started_nanos"":""40282704546"",""finished_nanos"":""40283177988""}},{""container_id"":""4873eda905ec93302dd8e2a27df28537eec3b2fea2305e5b6ff3c23c5495861c"",""before_capture"":{""started_nanos"":""30829064514"",""finished_nanos"":""30829472204""},""after_capture"":{""started_nanos"":""40734149160"",""finished_nanos"":""40734382741""}},{""container_id"":""978bcb3daae61245d0226454b624dc723afadd03d731044b06f0a33bfffdaafd"",""before_capture"":{""started_nanos"":""31061003665"",""finished_nanos"":""31061303426""},""after_capture"":{""started_nanos"":""40852035693"",""finished_nanos"":""40852482965""}},{""container_id"":""2b633e5db7808e9b1d326b922b1875462aecf545dc968e63513d1be9e69f1caf"",""before_capture"":{""started_nanos"":""31495463246"",""finished_nanos"":""31495763391""},""after_capture"":{""started_nanos"":""41225162984"",""finished_nanos"":""41225421138""}},{""container_id"":""8f0cf2ab69f648f28d9faf338ded67f1e3b88fe6db91da6716afe80e0b00e782"",""before_capture"":{""started_nanos"":""31717209432"",""finished_nanos"":""31717445069""},""after_capture"":{""started_nanos"":""41442367342"",""finished_nanos"":""41442609424""}},{""container_id"":""2fffefa69305525c037f033ec62eba30413e79c22404b4693da8a006eac224fe"",""before_capture"":{""started_nanos"":""32029843246"",""finished_nanos"":""32030081749""},""after_capture"":{""started_nanos"":""41707024806"",""finished_nanos"":""41707319541""}},{""container_id"":""2cccb1100d7a248236be45379c952ada3214001e83225fdea5d0896af3d1f077"",""before_capture"":{""started_nanos"":""32304752388"",""finished_nanos"":""32304982732""},""after_capture"":{""started_nanos"":""41992987841"",""finished_nanos"":""41993301967""}},{""container_id"":""60f213e64b9c0089507638bca4db242cc21d17c2aa76b1333314981d5335be1a"",""before_capture"":{""started_nanos"":""32582079248"",""finished_nanos"":""32582381696""},""after_capture"":{""started_nanos"":""42286389941"",""finished_nanos"":""42286622901""}},{""container_id"":""0de9259e2579e7b1a155d6e212d63cf4daf8282a3c02babb2cd0bdd0b872ce2d"",""before_capture"":{""started_nanos"":""32691072055"",""finished_nanos"":""32691317607""},""after_capture"":{""started_nanos"":""42387678286"",""finished_nanos"":""42387988011""}},{""container_id"":""083f34f153bcb73d23d294aa598ad483a29acf4960108616d072497839659166"",""before_capture"":{""started_nanos"":""33210855821"",""finished_nanos"":""33212056658""},""after_capture"":{""started_nanos"":""42878653240"",""finished_nanos"":""42878950710""}},{""container_id"":""995823d9c44ece72efb79e2d63bf95980d7cb99fc6ec5ade648e2cfc4d8f88d9"",""before_capture"":{""started_nanos"":""33600781092"",""finished_nanos"":""33601045613""},""after_capture"":{""started_nanos"":""43312362151"",""finished_nanos"":""43312706714""}},{""container_id"":""430f8ff1e8487812fe09b4b56a98a5c161db07b641c366d8d30f2cf7922dd1eb"",""before_capture"":{""started_nanos"":""33879561850"",""finished_nanos"":""33879814335""},""after_capture"":{""started_nanos"":""43622832102"",""finished_nanos"":""43623155753""}},{""container_id"":""fc18977ab7fc7d9e64bddb37721d6f7229bb584634ec3b78a45582ba6ccac6b2"",""before_capture"":{""started_nanos"":""33838204994"",""finished_nanos"":""33838551168""},""after_capture"":{""started_nanos"":""43617244748"",""finished_nanos"":""43617481751""}},{""container_id"":""ca6bd8d3becb9e17501ee34a34c0637e7cef24cdb5401d5b2c7cd2aad70766d5"",""before_capture"":{""started_nanos"":""34123024266"",""finished_nanos"":""34123274477""},""after_capture"":{""started_nanos"":""43942425641"",""finished_nanos"":""43942658067""}},{""container_id"":""f1c4c96613771a3bcdbadb0f441e17a9242d3fe540896b6fe6db65e6b7ff5d06"",""before_capture"":{""started_nanos"":""34433845451"",""finished_nanos"":""34434088551""},""after_capture"":{""started_nanos"":""44251258159"",""finished_nanos"":""44251721264""}},{""container_id"":""978bfcb65f142c841ef4760c05691011e1a20dfde3dd6bdc4b3d888bfa60b747"",""before_capture"":{""started_nanos"":""34638625639"",""finished_nanos"":""34638838912""},""after_capture"":{""started_nanos"":""44460794344"",""finished_nanos"":""44461069281""}},{""container_id"":""62568695626769d64154c9f5ee8ba965542b9485a44100b5a236b71c3ea24ef8"",""before_capture"":{""started_nanos"":""34580433792"",""finished_nanos"":""34580802982""},""after_capture"":{""started_nanos"":""44415203515"",""finished_nanos"":""44415471438""}},{""container_id"":""8fe08deddbfcd9bb2388964ba9abe69b9973d750742d9b6b0026971f556bf281"",""before_capture"":{""started_nanos"":""35044629670"",""finished_nanos"":""35044851072""},""after_capture"":{""started_nanos"":""44912482859"",""finished_nanos"":""44912786552""}},{""container_id"":""1636d281910a1b378992727bbda4bb45ad15b5137503de1671980ee882e1ee8e"",""before_capture"":{""started_nanos"":""35285148444"",""finished_nanos"":""35285379594""},""after_capture"":{""started_nanos"":""45226532871"",""finished_nanos"":""45226777840""}},{""container_id"":""f60171e56e1b1d0ea55cdf5594b2f64772bf6bb370dd101478fd68a537979732"",""before_capture"":{""started_nanos"":""35608035758"",""finished_nanos"":""35608406014""},""after_capture"":{""started_nanos"":""45543870977"",""finished_nanos"":""45544184697""}},{""container_id"":""1603a3965be08d9595e2a74cd833b7df297256ad78d61a01c8b6ac3a7c0fa4a4"",""before_capture"":{""started_nanos"":""35881375934"",""finished_nanos"":""35881611072""},""after_capture"":{""started_nanos"":""45852674004"",""finished_nanos"":""45852953976""}},{""container_id"":""6a68198b170c4408fb2e198232dc07b3546406b69796fd21f23c0893a3d8b544"",""before_capture"":{""started_nanos"":""36111155333"",""finished_nanos"":""36111434369""},""after_capture"":{""started_nanos"":""46063718804"",""finished_nanos"":""46063957527""}},{""container_id"":""5fd3fbcd4cbd601b5672af94f6f87e4215e5371001f37813cd6b983959723670"",""before_capture"":{""started_nanos"":""36426531934"",""finished_nanos"":""36426764678""},""after_capture"":{""started_nanos"":""46313651340"",""finished_nanos"":""46313884215""}},{""container_id"":""ef39cefda8c9394700954a353ef440ede70d1caaea5eadd80eba3a74e44e440b"",""before_capture"":{""started_nanos"":""37008146531"",""finished_nanos"":""37008392476""},""after_capture"":{""started_nanos"":""46866161207"",""finished_nanos"":""46866398020""}},{""container_id"":""df46740d13a2021060befa256f3881b3bf3e73db545e8c2415fb6c49b03d76b3"",""before_capture"":{""started_nanos"":""37108285812"",""finished_nanos"":""37108629056""},""after_capture"":{""started_nanos"":""46951926523"",""finished_nanos"":""46952170378""}},{""container_id"":""55c780c84e3e744126443f15f80e9e19f099e3c7c8eb1fa27548ab94cba7c4ad"",""before_capture"":{""started_nanos"":""37529367931"",""finished_nanos"":""37529624572""},""after_capture"":{""started_nanos"":""47366037476"",""finished_nanos"":""47366287962""}}]",0,0,0,0,131072,0,0,0,561152,0,0,0,330049,9905,320146,68,0,0,"{""child.rss_bytes"":""149028864"",""child.threads"":""96"",""child.fd_count"":""352"",""child.listener_count"":""32"",""wrapper.rss_bytes"":""122028032"",""wrapper.threads"":""96"",""wrapper.fd_count"":""608"",""wrapper.listener_count"":""32"",""cgroup.memory_current_bytes"":""58535936"",""cgroup.sum_leaf_lifetime_memory_peak_bytes"":""186527744"",""cgroup.memory_swap_current_bytes"":""0"",""cgroup.pids_current"":""192"",""cgroup.cpu.usage_usec"":""2760479"",""cgroup.cpu.user_usec"":""477901"",""cgroup.cpu.system_usec"":""2282563"",""cgroup.cpu.nr_periods"":""376"",""cgroup.cpu.nr_throttled"":""78"",""cgroup.cpu.throttled_usec"":""4783674""}","{""child.rss_bytes"":""149028864"",""child.threads"":""96"",""child.fd_count"":""352"",""child.listener_count"":""32"",""wrapper.rss_bytes"":""122159104"",""wrapper.threads"":""96"",""wrapper.fd_count"":""608"",""wrapper.listener_count"":""32"",""cgroup.memory_current_bytes"":""59097088"",""cgroup.sum_leaf_lifetime_memory_peak_bytes"":""186527744"",""cgroup.memory_swap_current_bytes"":""0"",""cgroup.pids_current"":""192"",""cgroup.cpu.usage_usec"":""3090528"",""cgroup.cpu.user_usec"":""487806"",""cgroup.cpu.system_usec"":""2602709"",""cgroup.cpu.nr_periods"":""444"",""cgroup.cpu.nr_throttled"":""78"",""cgroup.cpu.throttled_usec"":""4783674""}"
0,5,native,32,final,250130590,20004529731,"[{""container_id"":""509668cbcd72249e9aa86a347d5cc89477393ffdd813f5d60b9e63d14482c6f0"",""before_capture"":{""started_nanos"":""49462624843"",""finished_nanos"":""49462851223""},""after_capture"":{""started_nanos"":""59700761297"",""finished_nanos"":""59701248815""}},{""container_id"":""f7f30d2ba2d09290220c6d3cb53437395643cb65fcda2d9efde0b3c0e1958701"",""before_capture"":{""started_nanos"":""48721805382"",""finished_nanos"":""48722042714""},""after_capture"":{""started_nanos"":""58908771695"",""finished_nanos"":""58909283350""}},{""container_id"":""7eafcc4537d30cbdb7c169663958712502cbad7e62a2ea5259c16223feac242a"",""before_capture"":{""started_nanos"":""50128875454"",""finished_nanos"":""50129103178""},""after_capture"":{""started_nanos"":""60292628246"",""finished_nanos"":""60292902771""}},{""container_id"":""f366a59900cb63be3e268cd7068c3384d055b87504fc1985b62c17132113dee4"",""before_capture"":{""started_nanos"":""49414144113"",""finished_nanos"":""49414405636""},""after_capture"":{""started_nanos"":""59603629802"",""finished_nanos"":""59603854304""}},{""container_id"":""f6bc93d92659e47a03c05607791d94544f8475a651cc51e979436da61b3c9e8e"",""before_capture"":{""started_nanos"":""49660353232"",""finished_nanos"":""49660729609""},""after_capture"":{""started_nanos"":""59829964327"",""finished_nanos"":""59830228572""}},{""container_id"":""87e80fb169763aa7fd524dce1375bb5a80dc7bfa7cfb5b169008925e4ea5a7b6"",""before_capture"":{""started_nanos"":""49901030779"",""finished_nanos"":""49901264822""},""after_capture"":{""started_nanos"":""60076749607"",""finished_nanos"":""60076971557""}},{""container_id"":""b1135caf2bc1e941f63400ea6f5bb07d63006176b7edbedd60c3b9fb6c97d7ab"",""before_capture"":{""started_nanos"":""50167419511"",""finished_nanos"":""50167659792""},""after_capture"":{""started_nanos"":""60410790282"",""finished_nanos"":""60411046186""}},{""container_id"":""4873eda905ec93302dd8e2a27df28537eec3b2fea2305e5b6ff3c23c5495861c"",""before_capture"":{""started_nanos"":""50590047723"",""finished_nanos"":""50590286436""},""after_capture"":{""started_nanos"":""60857596730"",""finished_nanos"":""60857856969""}},{""container_id"":""978bcb3daae61245d0226454b624dc723afadd03d731044b06f0a33bfffdaafd"",""before_capture"":{""started_nanos"":""50760433713"",""finished_nanos"":""50760661793""},""after_capture"":{""started_nanos"":""60985262819"",""finished_nanos"":""60985486628""}},{""container_id"":""2b633e5db7808e9b1d326b922b1875462aecf545dc968e63513d1be9e69f1caf"",""before_capture"":{""started_nanos"":""51171010795"",""finished_nanos"":""51171250749""},""after_capture"":{""started_nanos"":""61392559671"",""finished_nanos"":""61392815160""}},{""container_id"":""8f0cf2ab69f648f28d9faf338ded67f1e3b88fe6db91da6716afe80e0b00e782"",""before_capture"":{""started_nanos"":""51386096546"",""finished_nanos"":""51386335467""},""after_capture"":{""started_nanos"":""61605092540"",""finished_nanos"":""61605343329""}},{""container_id"":""2fffefa69305525c037f033ec62eba30413e79c22404b4693da8a006eac224fe"",""before_capture"":{""started_nanos"":""51696422880"",""finished_nanos"":""51696656954""},""after_capture"":{""started_nanos"":""61941033230"",""finished_nanos"":""61941270254""}},{""container_id"":""2cccb1100d7a248236be45379c952ada3214001e83225fdea5d0896af3d1f077"",""before_capture"":{""started_nanos"":""51980160272"",""finished_nanos"":""51980407221""},""after_capture"":{""started_nanos"":""62285561105"",""finished_nanos"":""62285907991""}},{""container_id"":""60f213e64b9c0089507638bca4db242cc21d17c2aa76b1333314981d5335be1a"",""before_capture"":{""started_nanos"":""52229182289"",""finished_nanos"":""52229416140""},""after_capture"":{""started_nanos"":""62573404092"",""finished_nanos"":""62573625286""}},{""container_id"":""0de9259e2579e7b1a155d6e212d63cf4daf8282a3c02babb2cd0bdd0b872ce2d"",""before_capture"":{""started_nanos"":""52367453283"",""finished_nanos"":""52367762926""},""after_capture"":{""started_nanos"":""62685108940"",""finished_nanos"":""62685344768""}},{""container_id"":""083f34f153bcb73d23d294aa598ad483a29acf4960108616d072497839659166"",""before_capture"":{""started_nanos"":""52864866934"",""finished_nanos"":""52865116434""},""after_capture"":{""started_nanos"":""63195369872"",""finished_nanos"":""63195762233""}},{""container_id"":""995823d9c44ece72efb79e2d63bf95980d7cb99fc6ec5ade648e2cfc4d8f88d9"",""before_capture"":{""started_nanos"":""53353606805"",""finished_nanos"":""53354519101""},""after_capture"":{""started_nanos"":""63608096757"",""finished_nanos"":""63608361455""}},{""container_id"":""430f8ff1e8487812fe09b4b56a98a5c161db07b641c366d8d30f2cf7922dd1eb"",""before_capture"":{""started_nanos"":""53736756819"",""finished_nanos"":""53737367754""},""after_capture"":{""started_nanos"":""63855913936"",""finished_nanos"":""63856250526""}},{""container_id"":""fc18977ab7fc7d9e64bddb37721d6f7229bb584634ec3b78a45582ba6ccac6b2"",""before_capture"":{""started_nanos"":""53808209762"",""finished_nanos"":""53808457111""},""after_capture"":{""started_nanos"":""63877852401"",""finished_nanos"":""63878103858""}},{""container_id"":""ca6bd8d3becb9e17501ee34a34c0637e7cef24cdb5401d5b2c7cd2aad70766d5"",""before_capture"":{""started_nanos"":""54101802799"",""finished_nanos"":""54102145566""},""after_capture"":{""started_nanos"":""64184238255"",""finished_nanos"":""64184520949""}},{""container_id"":""f1c4c96613771a3bcdbadb0f441e17a9242d3fe540896b6fe6db65e6b7ff5d06"",""before_capture"":{""started_nanos"":""54448405122"",""finished_nanos"":""54448649742""},""after_capture"":{""started_nanos"":""64500734991"",""finished_nanos"":""64501004894""}},{""container_id"":""978bfcb65f142c841ef4760c05691011e1a20dfde3dd6bdc4b3d888bfa60b747"",""before_capture"":{""started_nanos"":""54689705688"",""finished_nanos"":""54689954737""},""after_capture"":{""started_nanos"":""64752785060"",""finished_nanos"":""64753021220""}},{""container_id"":""62568695626769d64154c9f5ee8ba965542b9485a44100b5a236b71c3ea24ef8"",""before_capture"":{""started_nanos"":""54652980247"",""finished_nanos"":""54653205761""},""after_capture"":{""started_nanos"":""64745589955"",""finished_nanos"":""64745820988""}},{""container_id"":""8fe08deddbfcd9bb2388964ba9abe69b9973d750742d9b6b0026971f556bf281"",""before_capture"":{""started_nanos"":""55133207042"",""finished_nanos"":""55133438115""},""after_capture"":{""started_nanos"":""65175009703"",""finished_nanos"":""65175288098""}},{""container_id"":""1636d281910a1b378992727bbda4bb45ad15b5137503de1671980ee882e1ee8e"",""before_capture"":{""started_nanos"":""55400723487"",""finished_nanos"":""55400943967""},""after_capture"":{""started_nanos"":""65438603246"",""finished_nanos"":""65439100331""}},{""container_id"":""f60171e56e1b1d0ea55cdf5594b2f64772bf6bb370dd101478fd68a537979732"",""before_capture"":{""started_nanos"":""55725868418"",""finished_nanos"":""55726130934""},""after_capture"":{""started_nanos"":""65716779382"",""finished_nanos"":""65717159680""}},{""container_id"":""1603a3965be08d9595e2a74cd833b7df297256ad78d61a01c8b6ac3a7c0fa4a4"",""before_capture"":{""started_nanos"":""55982831158"",""finished_nanos"":""55983295129""},""after_capture"":{""started_nanos"":""65982838742"",""finished_nanos"":""65983095111""}},{""container_id"":""6a68198b170c4408fb2e198232dc07b3546406b69796fd21f23c0893a3d8b544"",""before_capture"":{""started_nanos"":""56220512761"",""finished_nanos"":""56220782302""},""after_capture"":{""started_nanos"":""66198792713"",""finished_nanos"":""66199016146""}},{""container_id"":""5fd3fbcd4cbd601b5672af94f6f87e4215e5371001f37813cd6b983959723670"",""before_capture"":{""started_nanos"":""56502124937"",""finished_nanos"":""56502356961""},""after_capture"":{""started_nanos"":""66477468157"",""finished_nanos"":""66477703176""}},{""container_id"":""ef39cefda8c9394700954a353ef440ede70d1caaea5eadd80eba3a74e44e440b"",""before_capture"":{""started_nanos"":""57123610971"",""finished_nanos"":""57123838870""},""after_capture"":{""started_nanos"":""67106631707"",""finished_nanos"":""67106868256""}},{""container_id"":""df46740d13a2021060befa256f3881b3bf3e73db545e8c2415fb6c49b03d76b3"",""before_capture"":{""started_nanos"":""57198417867"",""finished_nanos"":""57198695897""},""after_capture"":{""started_nanos"":""67169823573"",""finished_nanos"":""67170104356""}},{""container_id"":""55c780c84e3e744126443f15f80e9e19f099e3c7c8eb1fa27548ab94cba7c4ad"",""before_capture"":{""started_nanos"":""57591545650"",""finished_nanos"":""57591849023""},""after_capture"":{""started_nanos"":""67560920881"",""finished_nanos"":""67561167508""}}]",0,0,0,0,0,0,0,0,536576,0,0,0,311749,14682,297072,66,1,0,"{""child.rss_bytes"":""149028864"",""child.threads"":""96"",""child.fd_count"":""352"",""child.listener_count"":""32"",""wrapper.rss_bytes"":""122159104"",""wrapper.threads"":""96"",""wrapper.fd_count"":""608"",""wrapper.listener_count"":""32"",""cgroup.memory_current_bytes"":""60653568"",""cgroup.sum_leaf_lifetime_memory_peak_bytes"":""186527744"",""cgroup.memory_swap_current_bytes"":""0"",""cgroup.pids_current"":""192"",""cgroup.cpu.usage_usec"":""3477751"",""cgroup.cpu.user_usec"":""530046"",""cgroup.cpu.system_usec"":""2947686"",""cgroup.cpu.nr_periods"":""570"",""cgroup.cpu.nr_throttled"":""78"",""cgroup.cpu.throttled_usec"":""4783674""}","{""child.rss_bytes"":""149028864"",""child.threads"":""96"",""child.fd_count"":""352"",""child.listener_count"":""32"",""wrapper.rss_bytes"":""122159104"",""wrapper.threads"":""96"",""wrapper.fd_count"":""608"",""wrapper.listener_count"":""32"",""cgroup.memory_current_bytes"":""61190144"",""cgroup.sum_leaf_lifetime_memory_peak_bytes"":""186527744"",""cgroup.memory_swap_current_bytes"":""0"",""cgroup.pids_current"":""192"",""cgroup.cpu.usage_usec"":""3789500"",""cgroup.cpu.user_usec"":""544728"",""cgroup.cpu.system_usec"":""3244758"",""cgroup.cpu.nr_periods"":""636"",""cgroup.cpu.nr_throttled"":""79"",""cgroup.cpu.throttled_usec"":""4783674""}"
1,0,native,8,ready,250201548,5069339454,"[{""container_id"":""c6680e70c824a4560a6cc3a7bf5399d7d3bb6d2e5c6535c5b9c48138e809e411"",""before_capture"":{""started_nanos"":""3334329841"",""finished_nanos"":""3334621475""},""after_capture"":{""started_nanos"":""6037629017"",""finished_nanos"":""6037889812""}},{""container_id"":""e0cdb5c1e0c7171d7b30e7c909f5d1f4a905d291d06cce66e09123ddc85cc8e9"",""before_capture"":{""started_nanos"":""3668499439"",""finished_nanos"":""3668721297""},""after_capture"":{""started_nanos"":""6369983397"",""finished_nanos"":""6370210042""}},{""container_id"":""092b6917227472b4a0514991f45a9a2eaaa91c36253ffa197c545104534538b0"",""before_capture"":{""started_nanos"":""3950090255"",""finished_nanos"":""3950325464""},""after_capture"":{""started_nanos"":""6612458770"",""finished_nanos"":""6612699808""}},{""container_id"":""3a0f6eccff23f43e2e2cd7d49f6563890aaa584361fb6a142c0d922e2c0fb2bf"",""before_capture"":{""started_nanos"":""4213203324"",""finished_nanos"":""4213455144""},""after_capture"":{""started_nanos"":""6919776637"",""finished_nanos"":""6920006598""}},{""container_id"":""e4b77da2cc93b0ce617ce16003fb505b3bff2387cf20ba839f3b09c0b2e05c2e"",""before_capture"":{""started_nanos"":""4481581359"",""finished_nanos"":""4481908270""},""after_capture"":{""started_nanos"":""7141704604"",""finished_nanos"":""7141952066""}},{""container_id"":""911554fd0fc88171b2899548537e03ed6648193014f6dffbb08bb92883752817"",""before_capture"":{""started_nanos"":""4781692317"",""finished_nanos"":""4782028308""},""after_capture"":{""started_nanos"":""7479032642"",""finished_nanos"":""7479426004""}},{""container_id"":""58f0c762e777582c71ca7925913011b46232a376d340b9faca6433fb2801365e"",""before_capture"":{""started_nanos"":""5059744455"",""finished_nanos"":""5060001842""},""after_capture"":{""started_nanos"":""7727838285"",""finished_nanos"":""7728091672""}},{""container_id"":""edd6aba269427e2dedd214cbf0094f5702ba77bd9b98baeeeddde75a315b915b"",""before_capture"":{""started_nanos"":""5403765369"",""finished_nanos"":""5404067060""},""after_capture"":{""started_nanos"":""8045847039"",""finished_nanos"":""8046104442""}}]",0,0,0,0,917504,0,0,0,1216512,0,0,0,73124,4323,68799,16,0,0,"{""child.rss_bytes"":""36700160"",""child.threads"":""24"",""child.fd_count"":""88"",""child.listener_count"":""8"",""wrapper.rss_bytes"":""29491200"",""wrapper.threads"":""24"",""wrapper.fd_count"":""152"",""wrapper.listener_count"":""8"",""cgroup.memory_current_bytes"":""12976128"",""cgroup.sum_leaf_lifetime_memory_peak_bytes"":""50491392"",""cgroup.memory_swap_current_bytes"":""0"",""cgroup.pids_current"":""48"",""cgroup.cpu.usage_usec"":""605146"",""cgroup.cpu.user_usec"":""188043"",""cgroup.cpu.system_usec"":""417102"",""cgroup.cpu.nr_periods"":""49"",""cgroup.cpu.nr_throttled"":""0"",""cgroup.cpu.throttled_usec"":""0""}","{""child.rss_bytes"":""36700160"",""child.threads"":""24"",""child.fd_count"":""88"",""child.listener_count"":""8"",""wrapper.rss_bytes"":""30408704"",""wrapper.threads"":""24"",""wrapper.fd_count"":""152"",""wrapper.listener_count"":""8"",""cgroup.memory_current_bytes"":""14192640"",""cgroup.sum_leaf_lifetime_memory_peak_bytes"":""50491392"",""cgroup.memory_swap_current_bytes"":""0"",""cgroup.pids_current"":""48"",""cgroup.cpu.usage_usec"":""678270"",""cgroup.cpu.user_usec"":""192366"",""cgroup.cpu.system_usec"":""485901"",""cgroup.cpu.nr_periods"":""65"",""cgroup.cpu.nr_throttled"":""0"",""cgroup.cpu.throttled_usec"":""0""}"
1,0,native,8,served,250144291,5162314668,"[{""container_id"":""c6680e70c824a4560a6cc3a7bf5399d7d3bb6d2e5c6535c5b9c48138e809e411"",""before_capture"":{""started_nanos"":""8551536141"",""finished_nanos"":""8551772231""},""after_capture"":{""started_nanos"":""11194406810"",""finished_nanos"":""11194661847""}},{""container_id"":""e0cdb5c1e0c7171d7b30e7c909f5d1f4a905d291d06cce66e09123ddc85cc8e9"",""before_capture"":{""started_nanos"":""8861008865"",""finished_nanos"":""8861239862""},""after_capture"":{""started_nanos"":""11568824345"",""finished_nanos"":""11569054284""}},{""container_id"":""092b6917227472b4a0514991f45a9a2eaaa91c36253ffa197c545104534538b0"",""before_capture"":{""started_nanos"":""9112164660"",""finished_nanos"":""9112383200""},""after_capture"":{""started_nanos"":""11872451475"",""finished_nanos"":""11872686986""}},{""container_id"":""3a0f6eccff23f43e2e2cd7d49f6563890aaa584361fb6a142c0d922e2c0fb2bf"",""before_capture"":{""started_nanos"":""9382196420"",""finished_nanos"":""9382519454""},""after_capture"":{""started_nanos"":""12191486979"",""finished_nanos"":""12191756372""}},{""container_id"":""e4b77da2cc93b0ce617ce16003fb505b3bff2387cf20ba839f3b09c0b2e05c2e"",""before_capture"":{""started_nanos"":""9568905931"",""finished_nanos"":""9569160202""},""after_capture"":{""started_nanos"":""12396025341"",""finished_nanos"":""12396421718""}},{""container_id"":""911554fd0fc88171b2899548537e03ed6648193014f6dffbb08bb92883752817"",""before_capture"":{""started_nanos"":""9887132752"",""finished_nanos"":""9887362230""},""after_capture"":{""started_nanos"":""12733746150"",""finished_nanos"":""12734029769""}},{""container_id"":""58f0c762e777582c71ca7925913011b46232a376d340b9faca6433fb2801365e"",""before_capture"":{""started_nanos"":""10157951142"",""finished_nanos"":""10158198270""},""after_capture"":{""started_nanos"":""12994971090"",""finished_nanos"":""12995531884""}},{""container_id"":""edd6aba269427e2dedd214cbf0094f5702ba77bd9b98baeeeddde75a315b915b"",""before_capture"":{""started_nanos"":""10575607321"",""finished_nanos"":""10575908459""},""after_capture"":{""started_nanos"":""13316155771"",""finished_nanos"":""13316487053""}}]",0,0,0,0,0,0,0,0,143360,0,0,0,73208,4325,68882,16,0,0,"{""child.rss_bytes"":""37093376"",""child.threads"":""24"",""child.fd_count"":""88"",""child.listener_count"":""8"",""wrapper.rss_bytes"":""30539776"",""wrapper.threads"":""24"",""wrapper.fd_count"":""152"",""wrapper.listener_count"":""8"",""cgroup.memory_current_bytes"":""14569472"",""cgroup.sum_leaf_lifetime_memory_peak_bytes"":""50491392"",""cgroup.memory_swap_current_bytes"":""0"",""cgroup.pids_current"":""48"",""cgroup.cpu.usage_usec"":""761745"",""cgroup.cpu.user_usec"":""200201"",""cgroup.cpu.system_usec"":""561540"",""cgroup.cpu.nr_periods"":""88"",""cgroup.cpu.nr_throttled"":""0"",""cgroup.cpu.throttled_usec"":""0""}","{""child.rss_bytes"":""37093376"",""child.threads"":""24"",""child.fd_count"":""88"",""child.listener_count"":""8"",""wrapper.rss_bytes"":""30539776"",""wrapper.threads"":""24"",""wrapper.fd_count"":""152"",""wrapper.listener_count"":""8"",""cgroup.memory_current_bytes"":""14712832"",""cgroup.sum_leaf_lifetime_memory_peak_bytes"":""50491392"",""cgroup.memory_swap_current_bytes"":""0"",""cgroup.pids_current"":""48"",""cgroup.cpu.usage_usec"":""834953"",""cgroup.cpu.user_usec"":""204526"",""cgroup.cpu.system_usec"":""630422"",""cgroup.cpu.nr_periods"":""104"",""cgroup.cpu.nr_throttled"":""0"",""cgroup.cpu.throttled_usec"":""0""}"
1,0,native,8,final,250288029,4877392936,"[{""container_id"":""c6680e70c824a4560a6cc3a7bf5399d7d3bb6d2e5c6535c5b9c48138e809e411"",""before_capture"":{""started_nanos"":""13851020934"",""finished_nanos"":""13851345364""},""after_capture"":{""started_nanos"":""16359263506"",""finished_nanos"":""16359615068""}},{""container_id"":""e0cdb5c1e0c7171d7b30e7c909f5d1f4a905d291d06cce66e09123ddc85cc8e9"",""before_capture"":{""started_nanos"":""14136868498"",""finished_nanos"":""14137112700""},""after_capture"":{""started_nanos"":""16710806850"",""finished_nanos"":""16711031916""}},{""container_id"":""092b6917227472b4a0514991f45a9a2eaaa91c36253ffa197c545104534538b0"",""before_capture"":{""started_nanos"":""14378887144"",""finished_nanos"":""14379162311""},""after_capture"":{""started_nanos"":""16999046280"",""finished_nanos"":""16999296972""}},{""container_id"":""3a0f6eccff23f43e2e2cd7d49f6563890aaa584361fb6a142c0d922e2c0fb2bf"",""before_capture"":{""started_nanos"":""14703966796"",""finished_nanos"":""14704208215""},""after_capture"":{""started_nanos"":""17294002847"",""finished_nanos"":""17294262344""}},{""container_id"":""e4b77da2cc93b0ce617ce16003fb505b3bff2387cf20ba839f3b09c0b2e05c2e"",""before_capture"":{""started_nanos"":""14895258122"",""finished_nanos"":""14895491663""},""after_capture"":{""started_nanos"":""17471894466"",""finished_nanos"":""17472141266""}},{""container_id"":""911554fd0fc88171b2899548537e03ed6648193014f6dffbb08bb92883752817"",""before_capture"":{""started_nanos"":""15233047215"",""finished_nanos"":""15233310075""},""after_capture"":{""started_nanos"":""17781840635"",""finished_nanos"":""17782110605""}},{""container_id"":""58f0c762e777582c71ca7925913011b46232a376d340b9faca6433fb2801365e"",""before_capture"":{""started_nanos"":""15443299524"",""finished_nanos"":""15443527585""},""after_capture"":{""started_nanos"":""18043732087"",""finished_nanos"":""18043983760""}},{""container_id"":""edd6aba269427e2dedd214cbf0094f5702ba77bd9b98baeeeddde75a315b915b"",""before_capture"":{""started_nanos"":""15762491025"",""finished_nanos"":""15762858583""},""after_capture"":{""started_nanos"":""18368903773"",""finished_nanos"":""18369195039""}}]",0,0,0,0,0,0,0,0,114688,0,0,0,68316,1429,66886,16,0,0,"{""child.rss_bytes"":""37093376"",""child.threads"":""24"",""child.fd_count"":""88"",""child.listener_count"":""8"",""wrapper.rss_bytes"":""30539776"",""wrapper.threads"":""24"",""wrapper.fd_count"":""152"",""wrapper.listener_count"":""8"",""cgroup.memory_current_bytes"":""14970880"",""cgroup.sum_leaf_lifetime_memory_peak_bytes"":""50491392"",""cgroup.memory_swap_current_bytes"":""0"",""cgroup.pids_current"":""48"",""cgroup.cpu.usage_usec"":""930123"",""cgroup.cpu.user_usec"":""215407"",""cgroup.cpu.system_usec"":""714713"",""cgroup.cpu.nr_periods"":""133"",""cgroup.cpu.nr_throttled"":""0"",""cgroup.cpu.throttled_usec"":""0""}","{""child.rss_bytes"":""37093376"",""child.threads"":""24"",""child.fd_count"":""88"",""child.listener_count"":""8"",""wrapper.rss_bytes"":""30539776"",""wrapper.threads"":""24"",""wrapper.fd_count"":""152"",""wrapper.listener_count"":""8"",""cgroup.memory_current_bytes"":""15085568"",""cgroup.sum_leaf_lifetime_memory_peak_bytes"":""50491392"",""cgroup.memory_swap_current_bytes"":""0"",""cgroup.pids_current"":""48"",""cgroup.cpu.usage_usec"":""998439"",""cgroup.cpu.user_usec"":""216836"",""cgroup.cpu.system_usec"":""781599"",""cgroup.cpu.nr_periods"":""149"",""cgroup.cpu.nr_throttled"":""0"",""cgroup.cpu.throttled_usec"":""0""}"
1,1,lsf,8,ready,250123614,965345802,"[{""container_id"":""d68d596849026c345be3199dae989b4baff45cc77a5258172ca49e072a24ade6"",""before_capture"":{""started_nanos"":""1941437202"",""finished_nanos"":""1941679701""},""after_capture"":{""started_nanos"":""2549581615"",""finished_nanos"":""2549792100""}}]",0,0,0,0,131072,0,0,0,266240,0,0,0,12902,1839,11062,6,0,0,"{""child.rss_bytes"":""12451840"",""child.threads"":""7"",""child.fd_count"":""24"",""child.listener_count"":""1"",""wrapper.rss_bytes"":""3801088"",""wrapper.threads"":""3"",""wrapper.fd_count"":""33"",""wrapper.listener_count"":""1"",""cgroup.memory_current_bytes"":""3207168"",""cgroup.sum_leaf_lifetime_memory_peak_bytes"":""6955008"",""cgroup.memory_swap_current_bytes"":""0"",""cgroup.pids_current"":""10"",""cgroup.cpu.usage_usec"":""80684"",""cgroup.cpu.user_usec"":""33255"",""cgroup.cpu.system_usec"":""47429"",""cgroup.cpu.nr_periods"":""14"",""cgroup.cpu.nr_throttled"":""0"",""cgroup.cpu.throttled_usec"":""0""}","{""child.rss_bytes"":""12451840"",""child.threads"":""7"",""child.fd_count"":""24"",""child.listener_count"":""1"",""wrapper.rss_bytes"":""3932160"",""wrapper.threads"":""3"",""wrapper.fd_count"":""33"",""wrapper.listener_count"":""1"",""cgroup.memory_current_bytes"":""3473408"",""cgroup.sum_leaf_lifetime_memory_peak_bytes"":""6955008"",""cgroup.memory_swap_current_bytes"":""0"",""cgroup.pids_current"":""10"",""cgroup.cpu.usage_usec"":""93586"",""cgroup.cpu.user_usec"":""35094"",""cgroup.cpu.system_usec"":""58491"",""cgroup.cpu.nr_periods"":""20"",""cgroup.cpu.nr_throttled"":""0"",""cgroup.cpu.throttled_usec"":""0""}"
1,1,lsf,8,served,250250772,863292857,"[{""container_id"":""d68d596849026c345be3199dae989b4baff45cc77a5258172ca49e072a24ade6"",""before_capture"":{""started_nanos"":""3361023931"",""finished_nanos"":""3361278846""},""after_capture"":{""started_nanos"":""3916551850"",""finished_nanos"":""3916774995""}}]",0,0,0,0,0,0,0,0,36864,0,0,0,14577,4973,9603,5,0,0,"{""child.rss_bytes"":""23560192"",""child.threads"":""7"",""child.fd_count"":""32"",""child.listener_count"":""1"",""wrapper.rss_bytes"":""3932160"",""wrapper.threads"":""3"",""wrapper.fd_count"":""33"",""wrapper.listener_count"":""1"",""cgroup.memory_current_bytes"":""7528448"",""cgroup.sum_leaf_lifetime_memory_peak_bytes"":""8298496"",""cgroup.memory_swap_current_bytes"":""0"",""cgroup.pids_current"":""10"",""cgroup.cpu.usage_usec"":""402173"",""cgroup.cpu.user_usec"":""320926"",""cgroup.cpu.system_usec"":""81247"",""cgroup.cpu.nr_periods"":""28"",""cgroup.cpu.nr_throttled"":""0"",""cgroup.cpu.throttled_usec"":""0""}","{""child.rss_bytes"":""23560192"",""child.threads"":""7"",""child.fd_count"":""32"",""child.listener_count"":""1"",""wrapper.rss_bytes"":""3932160"",""wrapper.threads"":""3"",""wrapper.fd_count"":""33"",""wrapper.listener_count"":""1"",""cgroup.memory_current_bytes"":""7565312"",""cgroup.sum_leaf_lifetime_memory_peak_bytes"":""8298496"",""cgroup.memory_swap_current_bytes"":""0"",""cgroup.pids_current"":""10"",""cgroup.cpu.usage_usec"":""416750"",""cgroup.cpu.user_usec"":""325899"",""cgroup.cpu.system_usec"":""90850"",""cgroup.cpu.nr_periods"":""33"",""cgroup.cpu.nr_throttled"":""0"",""cgroup.cpu.throttled_usec"":""0""}"
1,1,lsf,8,final,250196680,793075275,"[{""container_id"":""d68d596849026c345be3199dae989b4baff45cc77a5258172ca49e072a24ade6"",""before_capture"":{""started_nanos"":""4385270129"",""finished_nanos"":""4385534625""},""after_capture"":{""started_nanos"":""4912270772"",""finished_nanos"":""4912507606""}}]",0,0,0,0,0,0,0,0,24576,0,0,0,13578,5889,7689,5,0,0,"{""child.rss_bytes"":""24870912"",""child.threads"":""7"",""child.fd_count"":""32"",""child.listener_count"":""1"",""wrapper.rss_bytes"":""3932160"",""wrapper.threads"":""3"",""wrapper.fd_count"":""33"",""wrapper.listener_count"":""1"",""cgroup.memory_current_bytes"":""8925184"",""cgroup.sum_leaf_lifetime_memory_peak_bytes"":""10506240"",""cgroup.memory_swap_current_bytes"":""0"",""cgroup.pids_current"":""10"",""cgroup.cpu.usage_usec"":""466130"",""cgroup.cpu.user_usec"":""344531"",""cgroup.cpu.system_usec"":""121599"",""cgroup.cpu.nr_periods"":""38"",""cgroup.cpu.nr_throttled"":""0"",""cgroup.cpu.throttled_usec"":""0""}","{""child.rss_bytes"":""24870912"",""child.threads"":""7"",""child.fd_count"":""32"",""child.listener_count"":""1"",""wrapper.rss_bytes"":""3932160"",""wrapper.threads"":""3"",""wrapper.fd_count"":""33"",""wrapper.listener_count"":""1"",""cgroup.memory_current_bytes"":""8949760"",""cgroup.sum_leaf_lifetime_memory_peak_bytes"":""10506240"",""cgroup.memory_swap_current_bytes"":""0"",""cgroup.pids_current"":""10"",""cgroup.cpu.usage_usec"":""479708"",""cgroup.cpu.user_usec"":""350420"",""cgroup.cpu.system_usec"":""129288"",""cgroup.cpu.nr_periods"":""43"",""cgroup.cpu.nr_throttled"":""0"",""cgroup.cpu.throttled_usec"":""0""}"
1,2,lsf,32,ready,250144452,844141112,"[{""container_id"":""17d8a287b1a1b8660d1f07c878f3228ca0f89f514ffdc0ce06cb5f187ff1cf29"",""before_capture"":{""started_nanos"":""3410916961"",""finished_nanos"":""3411145602""},""after_capture"":{""started_nanos"":""3971037321"",""finished_nanos"":""3971332492""}}]",0,0,0,0,262144,0,0,0,430080,0,0,0,13415,2259,11157,6,0,0,"{""child.rss_bytes"":""13369344"",""child.threads"":""7"",""child.fd_count"":""48"",""child.listener_count"":""1"",""wrapper.rss_bytes"":""4325376"",""wrapper.threads"":""3"",""wrapper.fd_count"":""81"",""wrapper.listener_count"":""1"",""cgroup.memory_current_bytes"":""4919296"",""cgroup.sum_leaf_lifetime_memory_peak_bytes"":""8564736"",""cgroup.memory_swap_current_bytes"":""0"",""cgroup.pids_current"":""10"",""cgroup.cpu.usage_usec"":""113236"",""cgroup.cpu.user_usec"":""63412"",""cgroup.cpu.system_usec"":""49823"",""cgroup.cpu.nr_periods"":""29"",""cgroup.cpu.nr_throttled"":""0"",""cgroup.cpu.throttled_usec"":""0""}","{""child.rss_bytes"":""13369344"",""child.threads"":""7"",""child.fd_count"":""48"",""child.listener_count"":""1"",""wrapper.rss_bytes"":""4587520"",""wrapper.threads"":""3"",""wrapper.fd_count"":""81"",""wrapper.listener_count"":""1"",""cgroup.memory_current_bytes"":""5349376"",""cgroup.sum_leaf_lifetime_memory_peak_bytes"":""8564736"",""cgroup.memory_swap_current_bytes"":""0"",""cgroup.pids_current"":""10"",""cgroup.cpu.usage_usec"":""126651"",""cgroup.cpu.user_usec"":""65671"",""cgroup.cpu.system_usec"":""60980"",""cgroup.cpu.nr_periods"":""35"",""cgroup.cpu.nr_throttled"":""0"",""cgroup.cpu.throttled_usec"":""0""}"
1,2,lsf,32,served,250200574,812320599,"[{""container_id"":""17d8a287b1a1b8660d1f07c878f3228ca0f89f514ffdc0ce06cb5f187ff1cf29"",""before_capture"":{""started_nanos"":""5575264698"",""finished_nanos"":""5575508321""},""after_capture"":{""started_nanos"":""6112073107"",""finished_nanos"":""6112292917""}}]",0,0,0,0,0,0,0,0,90112,0,0,0,11613,2716,8896,5,0,0,"{""child.rss_bytes"":""28028928"",""child.threads"":""7"",""child.fd_count"":""80"",""child.listener_count"":""1"",""wrapper.rss_bytes"":""4587520"",""wrapper.threads"":""3"",""wrapper.fd_count"":""81"",""wrapper.listener_count"":""1"",""cgroup.memory_current_bytes"":""13238272"",""cgroup.sum_leaf_lifetime_memory_peak_bytes"":""14102528"",""cgroup.memory_swap_current_bytes"":""0"",""cgroup.pids_current"":""10"",""cgroup.cpu.usage_usec"":""1251348"",""cgroup.cpu.user_usec"":""1146171"",""cgroup.cpu.system_usec"":""105177"",""cgroup.cpu.nr_periods"":""51"",""cgroup.cpu.nr_throttled"":""0"",""cgroup.cpu.throttled_usec"":""0""}","{""child.rss_bytes"":""28028928"",""child.threads"":""7"",""child.fd_count"":""80"",""child.listener_count"":""1"",""wrapper.rss_bytes"":""4587520"",""wrapper.threads"":""3"",""wrapper.fd_count"":""81"",""wrapper.listener_count"":""1"",""cgroup.memory_current_bytes"":""13328384"",""cgroup.sum_leaf_lifetime_memory_peak_bytes"":""14102528"",""cgroup.memory_swap_current_bytes"":""0"",""cgroup.pids_current"":""10"",""cgroup.cpu.usage_usec"":""1262961"",""cgroup.cpu.user_usec"":""1148887"",""cgroup.cpu.system_usec"":""114073"",""cgroup.cpu.nr_periods"":""56"",""cgroup.cpu.nr_throttled"":""0"",""cgroup.cpu.throttled_usec"":""0""}"
1,2,lsf,32,final,250253745,827879592,"[{""container_id"":""17d8a287b1a1b8660d1f07c878f3228ca0f89f514ffdc0ce06cb5f187ff1cf29"",""before_capture"":{""started_nanos"":""6633979427"",""finished_nanos"":""6634341835""},""after_capture"":{""started_nanos"":""7185447232"",""finished_nanos"":""7185692262""}}]",0,0,0,0,0,0,0,0,-4096,0,0,0,9145,859,8286,4,0,0,"{""child.rss_bytes"":""29470720"",""child.threads"":""7"",""child.fd_count"":""80"",""child.listener_count"":""1"",""wrapper.rss_bytes"":""4587520"",""wrapper.threads"":""3"",""wrapper.fd_count"":""81"",""wrapper.listener_count"":""1"",""cgroup.memory_current_bytes"":""14725120"",""cgroup.sum_leaf_lifetime_memory_peak_bytes"":""17534976"",""cgroup.memory_swap_current_bytes"":""0"",""cgroup.pids_current"":""10"",""cgroup.cpu.usage_usec"":""1430201"",""cgroup.cpu.user_usec"":""1270835"",""cgroup.cpu.system_usec"":""159365"",""cgroup.cpu.nr_periods"":""61"",""cgroup.cpu.nr_throttled"":""0"",""cgroup.cpu.throttled_usec"":""0""}","{""child.rss_bytes"":""29470720"",""child.threads"":""7"",""child.fd_count"":""80"",""child.listener_count"":""1"",""wrapper.rss_bytes"":""4587520"",""wrapper.threads"":""3"",""wrapper.fd_count"":""81"",""wrapper.listener_count"":""1"",""cgroup.memory_current_bytes"":""14721024"",""cgroup.sum_leaf_lifetime_memory_peak_bytes"":""17534976"",""cgroup.memory_swap_current_bytes"":""0"",""cgroup.pids_current"":""10"",""cgroup.cpu.usage_usec"":""1439346"",""cgroup.cpu.user_usec"":""1271694"",""cgroup.cpu.system_usec"":""167651"",""cgroup.cpu.nr_periods"":""65"",""cgroup.cpu.nr_throttled"":""0"",""cgroup.cpu.throttled_usec"":""0""}"
1,3,native,32,ready,250139945,19697209497,"[{""container_id"":""5f318866c2cc04f7fde13d26c39ce57a1e06cd7c43e51d88c5d3658b4e398111"",""before_capture"":{""started_nanos"":""8412021708"",""finished_nanos"":""8412612170""},""after_capture"":{""started_nanos"":""18544918950"",""finished_nanos"":""18545139814""}},{""container_id"":""edfeb8ad62198065304b9ec358d48eb4bafe17123ab4b2bf6a28a106c1a68e49"",""before_capture"":{""started_nanos"":""8789301263"",""finished_nanos"":""8789781102""},""after_capture"":{""started_nanos"":""18877580194"",""finished_nanos"":""18877849530""}},{""container_id"":""054a9ec013227136ee3ff93d6f872d491be61228e5ff19de0ea7745b519d968e"",""before_capture"":{""started_nanos"":""9240887272"",""finished_nanos"":""9241123549""},""after_capture"":{""started_nanos"":""19323288572"",""finished_nanos"":""19323544998""}},{""container_id"":""0c83ae9d867d0f6fcd01aaa879d125ee75123be788ce23afa345ca7ee43bb811"",""before_capture"":{""started_nanos"":""9388872919"",""finished_nanos"":""9389226123""},""after_capture"":{""started_nanos"":""19448879488"",""finished_nanos"":""19449102568""}},{""container_id"":""6959303a6665225e3086cdb4924fc0e2b2f0f3b9c97d190898aaa00d46dabcef"",""before_capture"":{""started_nanos"":""8886277840"",""finished_nanos"":""8886529491""},""after_capture"":{""started_nanos"":""18928816664"",""finished_nanos"":""18929045429""}},{""container_id"":""26b9b5e476ae6b39c8a1d1e5bb8dd1435040d9ec19bf347dfd52f7c331d51327"",""before_capture"":{""started_nanos"":""9239281750"",""finished_nanos"":""9239557505""},""after_capture"":{""started_nanos"":""19189749956"",""finished_nanos"":""19189983940""}},{""container_id"":""a0f7b4013ed576b826cb8965e6a7983c85e7145c275b152e0238c79eb90192a6"",""before_capture"":{""started_nanos"":""9602606708"",""finished_nanos"":""9602822923""},""after_capture"":{""started_nanos"":""19552020925"",""finished_nanos"":""19552295110""}},{""container_id"":""9d455f1d3e54d5ac455d6fbee16b993d31cb5b0bb2931ab042d319f7dfe87508"",""before_capture"":{""started_nanos"":""9854734736"",""finished_nanos"":""9854988986""},""after_capture"":{""started_nanos"":""19795214012"",""finished_nanos"":""19795612480""}},{""container_id"":""495d354b505eb28100d91bb9ed0a14e21d6f89536ca095b693f0a8d3ef162b0a"",""before_capture"":{""started_nanos"":""10108451576"",""finished_nanos"":""10108693383""},""after_capture"":{""started_nanos"":""20071894134"",""finished_nanos"":""20072125504""}},{""container_id"":""c1681394b704483a9c3691b6aa9064382d3d0e580b5d12ee4c5f9dee206a0f42"",""before_capture"":{""started_nanos"":""10490297449"",""finished_nanos"":""10490547022""},""after_capture"":{""started_nanos"":""20493616012"",""finished_nanos"":""20493899146""}},{""container_id"":""1633487e386111b8e04bfb716f30f6e10de548d7419ef78596d303f477c16c73"",""before_capture"":{""started_nanos"":""10684376798"",""finished_nanos"":""10684605300""},""after_capture"":{""started_nanos"":""20701041546"",""finished_nanos"":""20701288932""}},{""container_id"":""df4ede5d6b6d987c426e56ea6e51c202d7c99f9c17de29b3bb0cee261b7143f6"",""before_capture"":{""started_nanos"":""11056111833"",""finished_nanos"":""11056460637""},""after_capture"":{""started_nanos"":""21064081296"",""finished_nanos"":""21064335156""}},{""container_id"":""df9e943bda1ff7b2dcea70fb8ce1c9ced961f1c5540082018d67d61cfe9b6922"",""before_capture"":{""started_nanos"":""11397491598"",""finished_nanos"":""11397837212""},""after_capture"":{""started_nanos"":""21467740647"",""finished_nanos"":""21468184155""}},{""container_id"":""f475c4547835619166e7d8d1a5367e564a4247a2094b3ee7303b9d648487a7b5"",""before_capture"":{""started_nanos"":""11598207712"",""finished_nanos"":""11598428262""},""after_capture"":{""started_nanos"":""21655625121"",""finished_nanos"":""21655851935""}},{""container_id"":""225384b5348ccda2faa79b00515f307cf12a118a4269322ad85ccfc761e6d4e2"",""before_capture"":{""started_nanos"":""11717658833"",""finished_nanos"":""11717959507""},""after_capture"":{""started_nanos"":""21730275110"",""finished_nanos"":""21730554861""}},{""container_id"":""b4913c4b31399e6e0367d5d88c6d05accf87ee1f67c5e2eb0f2188f68ef19dee"",""before_capture"":{""started_nanos"":""11923862057"",""finished_nanos"":""11924087851""},""after_capture"":{""started_nanos"":""21910382764"",""finished_nanos"":""21910716591""}},{""container_id"":""0d48d7823a60c20b8bace177cc3e32b8d7ddbdeac412789717c9eb7171937d23"",""before_capture"":{""started_nanos"":""11976934858"",""finished_nanos"":""11977177825""},""after_capture"":{""started_nanos"":""21978615802"",""finished_nanos"":""21978867614""}},{""container_id"":""9516862c6f5ae99a414bbc1f595528c7c3c8f284cb6fccef2a2fed9b18ee67da"",""before_capture"":{""started_nanos"":""12112499604"",""finished_nanos"":""12112835041""},""after_capture"":{""started_nanos"":""22073496869"",""finished_nanos"":""22073745027""}},{""container_id"":""6830bc88f86eb69fb23022494514019568018f1a22f9b380df7dcab53ecc3528"",""before_capture"":{""started_nanos"":""12388507275"",""finished_nanos"":""12388767814""},""after_capture"":{""started_nanos"":""22335013985"",""finished_nanos"":""22335279760""}},{""container_id"":""512f70f709ff0a31bdb2b0844dc7851b320b853abb8963f1d8345929f0938fe3"",""before_capture"":{""started_nanos"":""12685837601"",""finished_nanos"":""12686168062""},""after_capture"":{""started_nanos"":""22658504477"",""finished_nanos"":""22658775131""}},{""container_id"":""fe081d293165a5d4318532d57a9a4461aa3b3a9478b3d059da61cc8db7fab5dd"",""before_capture"":{""started_nanos"":""12946555805"",""finished_nanos"":""12946785162""},""after_capture"":{""started_nanos"":""22971086362"",""finished_nanos"":""22971296187""}},{""container_id"":""4d600a36a335d179d3b46981cd15ad8ca8b42586d9bf00d5064865b553cdc6f4"",""before_capture"":{""started_nanos"":""13545048394"",""finished_nanos"":""13545370507""},""after_capture"":{""started_nanos"":""23612222929"",""finished_nanos"":""23612450227""}},{""container_id"":""d4756fb578acb87356a3283fffdedbc6fe7aeeee687112c041e542539c13934d"",""before_capture"":{""started_nanos"":""13535488030"",""finished_nanos"":""13535718331""},""after_capture"":{""started_nanos"":""23621087285"",""finished_nanos"":""23621332877""}},{""container_id"":""19d600cf0f3994c52493266a9d867a11dbc7d1ce43e925f5750cd84292aa85b0"",""before_capture"":{""started_nanos"":""13874833972"",""finished_nanos"":""13875107480""},""after_capture"":{""started_nanos"":""23911388008"",""finished_nanos"":""23911600688""}},{""container_id"":""832be94c4071ad461b5f3a673fcd705cb23485ad91c2d5a19915f1fed6cac57c"",""before_capture"":{""started_nanos"":""14620590991"",""finished_nanos"":""14620943947""},""after_capture"":{""started_nanos"":""24593060325"",""finished_nanos"":""24593300543""}},{""container_id"":""466f72ec511ae6196469ae4593cfb5272505417688d04eb693fb133ed203d93b"",""before_capture"":{""started_nanos"":""14954064608"",""finished_nanos"":""14954338542""},""after_capture"":{""started_nanos"":""24909043783"",""finished_nanos"":""24909302814""}},{""container_id"":""dee2411717f7de01bd0b456a0e6ada23299392a4afbf1bb2aa884d874dd79e38"",""before_capture"":{""started_nanos"":""14799899469"",""finished_nanos"":""14800155521""},""after_capture"":{""started_nanos"":""24728276779"",""finished_nanos"":""24728518998""}},{""container_id"":""b0eb886a97ac64d0d9eda2163ff804e263041d7121f483a48fc0dc8a6a00084d"",""before_capture"":{""started_nanos"":""15156044190"",""finished_nanos"":""15156383907""},""after_capture"":{""started_nanos"":""25079475810"",""finished_nanos"":""25079799581""}},{""container_id"":""d3c13cf214ce08562da7014e3f1c37df1517a3ace1531ff98cb4b228da72dd5f"",""before_capture"":{""started_nanos"":""15849424855"",""finished_nanos"":""15849736053""},""after_capture"":{""started_nanos"":""25757098341"",""finished_nanos"":""25757314549""}},{""container_id"":""b81a0cbaeb987694429ee91298e2d5c394f591f53bc20b5f57155aa04e9f3b8a"",""before_capture"":{""started_nanos"":""16084736059"",""finished_nanos"":""16084997769""},""after_capture"":{""started_nanos"":""25980333770"",""finished_nanos"":""25980575195""}},{""container_id"":""27137ae3bd0b80698dfc839a503222a8533c278e61e277dc497c4603c4715ab9"",""before_capture"":{""started_nanos"":""16558561472"",""finished_nanos"":""16558796140""},""after_capture"":{""started_nanos"":""26365697301"",""finished_nanos"":""26365960752""}},{""container_id"":""25e046805790ed97883cff54182bbd3dae426490ef5369c33f84d02ad75e9b12"",""before_capture"":{""started_nanos"":""16395462738"",""finished_nanos"":""16395811175""},""after_capture"":{""started_nanos"":""26207138631"",""finished_nanos"":""26207392095""}}]",0,0,0,0,3014656,0,0,0,5877760,0,0,0,310247,14618,295632,67,0,0,"{""child.rss_bytes"":""147062784"",""child.threads"":""96"",""child.fd_count"":""352"",""child.listener_count"":""32"",""wrapper.rss_bytes"":""117833728"",""wrapper.threads"":""96"",""wrapper.fd_count"":""608"",""wrapper.listener_count"":""32"",""cgroup.memory_current_bytes"":""50995200"",""cgroup.sum_leaf_lifetime_memory_peak_bytes"":""186793984"",""cgroup.memory_swap_current_bytes"":""0"",""cgroup.pids_current"":""192"",""cgroup.cpu.usage_usec"":""2196777"",""cgroup.cpu.user_usec"":""412420"",""cgroup.cpu.system_usec"":""1784341"",""cgroup.cpu.nr_periods"":""283"",""cgroup.cpu.nr_throttled"":""72"",""cgroup.cpu.throttled_usec"":""3096632""}","{""child.rss_bytes"":""147062784"",""child.threads"":""96"",""child.fd_count"":""352"",""child.listener_count"":""32"",""wrapper.rss_bytes"":""120848384"",""wrapper.threads"":""96"",""wrapper.fd_count"":""608"",""wrapper.listener_count"":""32"",""cgroup.memory_current_bytes"":""56872960"",""cgroup.sum_leaf_lifetime_memory_peak_bytes"":""186793984"",""cgroup.memory_swap_current_bytes"":""0"",""cgroup.pids_current"":""192"",""cgroup.cpu.usage_usec"":""2507024"",""cgroup.cpu.user_usec"":""427038"",""cgroup.cpu.system_usec"":""2079973"",""cgroup.cpu.nr_periods"":""350"",""cgroup.cpu.nr_throttled"":""72"",""cgroup.cpu.throttled_usec"":""3096632""}"
1,3,native,32,served,250136562,20799145415,"[{""container_id"":""5f318866c2cc04f7fde13d26c39ce57a1e06cd7c43e51d88c5d3658b4e398111"",""before_capture"":{""started_nanos"":""28279271469"",""finished_nanos"":""28279578324""},""after_capture"":{""started_nanos"":""38977376261"",""finished_nanos"":""38977786558""}},{""container_id"":""edfeb8ad62198065304b9ec358d48eb4bafe17123ab4b2bf6a28a106c1a68e49"",""before_capture"":{""started_nanos"":""28623348314"",""finished_nanos"":""28623579792""},""after_capture"":{""started_nanos"":""39402371541"",""finished_nanos"":""39402600000""}},{""container_id"":""054a9ec013227136ee3ff93d6f872d491be61228e5ff19de0ea7745b519d968e"",""before_capture"":{""started_nanos"":""29064284210"",""finished_nanos"":""29064523099""},""after_capture"":{""started_nanos"":""39838121280"",""finished_nanos"":""39838354998""}},{""container_id"":""0c83ae9d867d0f6fcd01aaa879d125ee75123be788ce23afa345ca7ee43bb811"",""before_capture"":{""started_nanos"":""29232271205"",""finished_nanos"":""29232525503""},""after_capture"":{""started_nanos"":""39945203819"",""finished_nanos"":""39946057150""}},{""container_id"":""6959303a6665225e3086cdb4924fc0e2b2f0f3b9c97d190898aaa00d46dabcef"",""before_capture"":{""started_nanos"":""28694816808"",""finished_nanos"":""28695158272""},""after_capture"":{""started_nanos"":""39409064875"",""finished_nanos"":""39409320711""}},{""container_id"":""26b9b5e476ae6b39c8a1d1e5bb8dd1435040d9ec19bf347dfd52f7c331d51327"",""before_capture"":{""started_nanos"":""29041732933"",""finished_nanos"":""29042007094""},""after_capture"":{""started_nanos"":""39706038647"",""finished_nanos"":""39706326390""}},{""container_id"":""a0f7b4013ed576b826cb8965e6a7983c85e7145c275b152e0238c79eb90192a6"",""before_capture"":{""started_nanos"":""29377383119"",""finished_nanos"":""29377679280""},""after_capture"":{""started_nanos"":""40057236720"",""finished_nanos"":""40057473852""}},{""container_id"":""9d455f1d3e54d5ac455d6fbee16b993d31cb5b0bb2931ab042d319f7dfe87508"",""before_capture"":{""started_nanos"":""29622917037"",""finished_nanos"":""29623202334""},""after_capture"":{""started_nanos"":""40296633616"",""finished_nanos"":""40296867889""}},{""container_id"":""495d354b505eb28100d91bb9ed0a14e21d6f89536ca095b693f0a8d3ef162b0a"",""before_capture"":{""started_nanos"":""29883205254"",""finished_nanos"":""29883451164""},""after_capture"":{""started_nanos"":""40596273769"",""finished_nanos"":""40596503612""}},{""container_id"":""c1681394b704483a9c3691b6aa9064382d3d0e580b5d12ee4c5f9dee206a0f42"",""before_capture"":{""started_nanos"":""30277632567"",""finished_nanos"":""30278016320""},""after_capture"":{""started_nanos"":""40978154252"",""finished_nanos"":""40978384272""}},{""container_id"":""1633487e386111b8e04bfb716f30f6e10de548d7419ef78596d303f477c16c73"",""before_capture"":{""started_nanos"":""30531757793"",""finished_nanos"":""30532138156""},""after_capture"":{""started_nanos"":""41152803893"",""finished_nanos"":""41153115133""}},{""container_id"":""df4ede5d6b6d987c426e56ea6e51c202d7c99f9c17de29b3bb0cee261b7143f6"",""before_capture"":{""started_nanos"":""31164937594"",""finished_nanos"":""31165262619""},""after_capture"":{""started_nanos"":""41544768838"",""finished_nanos"":""41545042558""}},{""container_id"":""df9e943bda1ff7b2dcea70fb8ce1c9ced961f1c5540082018d67d61cfe9b6922"",""before_capture"":{""started_nanos"":""31826220013"",""finished_nanos"":""31826540210""},""after_capture"":{""started_nanos"":""41922278177"",""finished_nanos"":""41922539090""}},{""container_id"":""f475c4547835619166e7d8d1a5367e564a4247a2094b3ee7303b9d648487a7b5"",""before_capture"":{""started_nanos"":""32080675956"",""finished_nanos"":""32080932328""},""after_capture"":{""started_nanos"":""42092201460"",""finished_nanos"":""42092456322""}},{""container_id"":""225384b5348ccda2faa79b00515f307cf12a118a4269322ad85ccfc761e6d4e2"",""before_capture"":{""started_nanos"":""32215377426"",""finished_nanos"":""32215638681""},""after_capture"":{""started_nanos"":""42169942372"",""finished_nanos"":""42170175059""}},{""container_id"":""b4913c4b31399e6e0367d5d88c6d05accf87ee1f67c5e2eb0f2188f68ef19dee"",""before_capture"":{""started_nanos"":""32424491317"",""finished_nanos"":""32424741986""},""after_capture"":{""started_nanos"":""42381623748"",""finished_nanos"":""42381867676""}},{""container_id"":""0d48d7823a60c20b8bace177cc3e32b8d7ddbdeac412789717c9eb7171937d23"",""before_capture"":{""started_nanos"":""32477086666"",""finished_nanos"":""32477362527""},""after_capture"":{""started_nanos"":""42426929982"",""finished_nanos"":""42427170801""}},{""container_id"":""9516862c6f5ae99a414bbc1f595528c7c3c8f284cb6fccef2a2fed9b18ee67da"",""before_capture"":{""started_nanos"":""32626410550"",""finished_nanos"":""32626693004""},""after_capture"":{""started_nanos"":""42580418102"",""finished_nanos"":""42580702825""}},{""container_id"":""6830bc88f86eb69fb23022494514019568018f1a22f9b380df7dcab53ecc3528"",""before_capture"":{""started_nanos"":""32926327785"",""finished_nanos"":""32926590949""},""after_capture"":{""started_nanos"":""42845566051"",""finished_nanos"":""42845800694""}},{""container_id"":""512f70f709ff0a31bdb2b0844dc7851b320b853abb8963f1d8345929f0938fe3"",""before_capture"":{""started_nanos"":""33257733755"",""finished_nanos"":""33257966802""},""after_capture"":{""started_nanos"":""43150981538"",""finished_nanos"":""43151211905""}},{""container_id"":""fe081d293165a5d4318532d57a9a4461aa3b3a9478b3d059da61cc8db7fab5dd"",""before_capture"":{""started_nanos"":""33507960624"",""finished_nanos"":""33508283726""},""after_capture"":{""started_nanos"":""43423713740"",""finished_nanos"":""43423943649""}},{""container_id"":""4d600a36a335d179d3b46981cd15ad8ca8b42586d9bf00d5064865b553cdc6f4"",""before_capture"":{""started_nanos"":""34106285937"",""finished_nanos"":""34106701158""},""after_capture"":{""started_nanos"":""44037040619"",""finished_nanos"":""44037325158""}},{""container_id"":""d4756fb578acb87356a3283fffdedbc6fe7aeeee687112c041e542539c13934d"",""before_capture"":{""started_nanos"":""34115689185"",""finished_nanos"":""34115938098""},""after_capture"":{""started_nanos"":""44077063858"",""finished_nanos"":""44077336115""}},{""container_id"":""19d600cf0f3994c52493266a9d867a11dbc7d1ce43e925f5750cd84292aa85b0"",""before_capture"":{""started_nanos"":""34420317709"",""finished_nanos"":""34420635260""},""after_capture"":{""started_nanos"":""44370680871"",""finished_nanos"":""44370932939""}},{""container_id"":""832be94c4071ad461b5f3a673fcd705cb23485ad91c2d5a19915f1fed6cac57c"",""before_capture"":{""started_nanos"":""35125776722"",""finished_nanos"":""35126064586""},""after_capture"":{""started_nanos"":""45169658390"",""finished_nanos"":""45170022772""}},{""container_id"":""466f72ec511ae6196469ae4593cfb5272505417688d04eb693fb133ed203d93b"",""before_capture"":{""started_nanos"":""35483667171"",""finished_nanos"":""35483904982""},""after_capture"":{""started_nanos"":""45630873658"",""finished_nanos"":""45631193164""}},{""container_id"":""dee2411717f7de01bd0b456a0e6ada23299392a4afbf1bb2aa884d874dd79e38"",""before_capture"":{""started_nanos"":""35287699100"",""finished_nanos"":""35287953414""},""after_capture"":{""started_nanos"":""45528434462"",""finished_nanos"":""45528742427""}},{""container_id"":""b0eb886a97ac64d0d9eda2163ff804e263041d7121f483a48fc0dc8a6a00084d"",""before_capture"":{""started_nanos"":""35634314632"",""finished_nanos"":""35634562566""},""after_capture"":{""started_nanos"":""45943673549"",""finished_nanos"":""45944049205""}},{""container_id"":""d3c13cf214ce08562da7014e3f1c37df1517a3ace1531ff98cb4b228da72dd5f"",""before_capture"":{""started_nanos"":""36284845179"",""finished_nanos"":""36285082401""},""after_capture"":{""started_nanos"":""46680107069"",""finished_nanos"":""46680571326""}},{""container_id"":""b81a0cbaeb987694429ee91298e2d5c394f591f53bc20b5f57155aa04e9f3b8a"",""before_capture"":{""started_nanos"":""36482512374"",""finished_nanos"":""36482775698""},""after_capture"":{""started_nanos"":""46880742199"",""finished_nanos"":""46881369171""}},{""container_id"":""27137ae3bd0b80698dfc839a503222a8533c278e61e277dc497c4603c4715ab9"",""before_capture"":{""started_nanos"":""36896937930"",""finished_nanos"":""36897169809""},""after_capture"":{""started_nanos"":""47336691703"",""finished_nanos"":""47336993058""}},{""container_id"":""25e046805790ed97883cff54182bbd3dae426490ef5369c33f84d02ad75e9b12"",""before_capture"":{""started_nanos"":""36778322528"",""finished_nanos"":""36778623187""},""after_capture"":{""started_nanos"":""47166516969"",""finished_nanos"":""47166816167""}}]",0,0,0,0,0,0,0,0,532480,0,0,0,324312,19658,304651,67,0,0,"{""child.rss_bytes"":""148111360"",""child.threads"":""96"",""child.fd_count"":""352"",""child.listener_count"":""32"",""wrapper.rss_bytes"":""121634816"",""wrapper.threads"":""96"",""wrapper.fd_count"":""608"",""wrapper.listener_count"":""32"",""cgroup.memory_current_bytes"":""58429440"",""cgroup.sum_leaf_lifetime_memory_peak_bytes"":""186793984"",""cgroup.memory_swap_current_bytes"":""0"",""cgroup.pids_current"":""192"",""cgroup.cpu.usage_usec"":""2840769"",""cgroup.cpu.user_usec"":""439913"",""cgroup.cpu.system_usec"":""2400843"",""cgroup.cpu.nr_periods"":""423"",""cgroup.cpu.nr_throttled"":""74"",""cgroup.cpu.throttled_usec"":""3156289""}","{""child.rss_bytes"":""148111360"",""child.threads"":""96"",""child.fd_count"":""352"",""child.listener_count"":""32"",""wrapper.rss_bytes"":""121634816"",""wrapper.threads"":""96"",""wrapper.fd_count"":""608"",""wrapper.listener_count"":""32"",""cgroup.memory_current_bytes"":""58961920"",""cgroup.sum_leaf_lifetime_memory_peak_bytes"":""186793984"",""cgroup.memory_swap_current_bytes"":""0"",""cgroup.pids_current"":""192"",""cgroup.cpu.usage_usec"":""3165081"",""cgroup.cpu.user_usec"":""459571"",""cgroup.cpu.system_usec"":""2705494"",""cgroup.cpu.nr_periods"":""490"",""cgroup.cpu.nr_throttled"":""74"",""cgroup.cpu.throttled_usec"":""3156289""}"
1,3,native,32,final,250222893,19441659723,"[{""container_id"":""5f318866c2cc04f7fde13d26c39ce57a1e06cd7c43e51d88c5d3658b4e398111"",""before_capture"":{""started_nanos"":""49264093098"",""finished_nanos"":""49264368446""},""after_capture"":{""started_nanos"":""59174796753"",""finished_nanos"":""59175043759""}},{""container_id"":""edfeb8ad62198065304b9ec358d48eb4bafe17123ab4b2bf6a28a106c1a68e49"",""before_capture"":{""started_nanos"":""49585030624"",""finished_nanos"":""49585298214""},""after_capture"":{""started_nanos"":""59545617102"",""finished_nanos"":""59545881648""}},{""container_id"":""054a9ec013227136ee3ff93d6f872d491be61228e5ff19de0ea7745b519d968e"",""before_capture"":{""started_nanos"":""50041321073"",""finished_nanos"":""50041558539""},""after_capture"":{""started_nanos"":""59985063178"",""finished_nanos"":""59985304604""}},{""container_id"":""0c83ae9d867d0f6fcd01aaa879d125ee75123be788ce23afa345ca7ee43bb811"",""before_capture"":{""started_nanos"":""50209035051"",""finished_nanos"":""50209285155""},""after_capture"":{""started_nanos"":""60128985578"",""finished_nanos"":""60129213730""}},{""container_id"":""6959303a6665225e3086cdb4924fc0e2b2f0f3b9c97d190898aaa00d46dabcef"",""before_capture"":{""started_nanos"":""49677230003"",""finished_nanos"":""49677458894""},""after_capture"":{""started_nanos"":""59588770057"",""finished_nanos"":""59589034414""}},{""container_id"":""26b9b5e476ae6b39c8a1d1e5bb8dd1435040d9ec19bf347dfd52f7c331d51327"",""before_capture"":{""started_nanos"":""49959980790"",""finished_nanos"":""49960474670""},""after_capture"":{""started_nanos"":""59874199687"",""finished_nanos"":""59874461271""}},{""container_id"":""a0f7b4013ed576b826cb8965e6a7983c85e7145c275b152e0238c79eb90192a6"",""before_capture"":{""started_nanos"":""50298246767"",""finished_nanos"":""50298551497""},""after_capture"":{""started_nanos"":""60216871948"",""finished_nanos"":""60217122684""}},{""container_id"":""9d455f1d3e54d5ac455d6fbee16b993d31cb5b0bb2931ab042d319f7dfe87508"",""before_capture"":{""started_nanos"":""50564775298"",""finished_nanos"":""50565007977""},""after_capture"":{""started_nanos"":""60465643878"",""finished_nanos"":""60466010993""}},{""container_id"":""495d354b505eb28100d91bb9ed0a14e21d6f89536ca095b693f0a8d3ef162b0a"",""before_capture"":{""started_nanos"":""50838996580"",""finished_nanos"":""50839218783""},""after_capture"":{""started_nanos"":""60742978265"",""finished_nanos"":""60743228510""}},{""container_id"":""c1681394b704483a9c3691b6aa9064382d3d0e580b5d12ee4c5f9dee206a0f42"",""before_capture"":{""started_nanos"":""51225603926"",""finished_nanos"":""51225969582""},""after_capture"":{""started_nanos"":""61163727445"",""finished_nanos"":""61163977105""}},{""container_id"":""1633487e386111b8e04bfb716f30f6e10de548d7419ef78596d303f477c16c73"",""before_capture"":{""started_nanos"":""51428440756"",""finished_nanos"":""51428769067""},""after_capture"":{""started_nanos"":""61355631957"",""finished_nanos"":""61355935200""}},{""container_id"":""df4ede5d6b6d987c426e56ea6e51c202d7c99f9c17de29b3bb0cee261b7143f6"",""before_capture"":{""started_nanos"":""51797784299"",""finished_nanos"":""51798083123""},""after_capture"":{""started_nanos"":""61707420108"",""finished_nanos"":""61707677791""}},{""container_id"":""df9e943bda1ff7b2dcea70fb8ce1c9ced961f1c5540082018d67d61cfe9b6922"",""before_capture"":{""started_nanos"":""52143962664"",""finished_nanos"":""52144229243""},""after_capture"":{""started_nanos"":""62032909284"",""finished_nanos"":""62033142789""}},{""container_id"":""f475c4547835619166e7d8d1a5367e564a4247a2094b3ee7303b9d648487a7b5"",""before_capture"":{""started_nanos"":""52351067968"",""finished_nanos"":""52351325916""},""after_capture"":{""started_nanos"":""62222243625"",""finished_nanos"":""62222508758""}},{""container_id"":""225384b5348ccda2faa79b00515f307cf12a118a4269322ad85ccfc761e6d4e2"",""before_capture"":{""started_nanos"":""52468957727"",""finished_nanos"":""52469235186""},""after_capture"":{""started_nanos"":""62292226980"",""finished_nanos"":""62292470959""}},{""container_id"":""b4913c4b31399e6e0367d5d88c6d05accf87ee1f67c5e2eb0f2188f68ef19dee"",""before_capture"":{""started_nanos"":""52650581718"",""finished_nanos"":""52650910673""},""after_capture"":{""started_nanos"":""62470480792"",""finished_nanos"":""62470909733""}},{""container_id"":""0d48d7823a60c20b8bace177cc3e32b8d7ddbdeac412789717c9eb7171937d23"",""before_capture"":{""started_nanos"":""52743810184"",""finished_nanos"":""52744136581""},""after_capture"":{""started_nanos"":""62513023228"",""finished_nanos"":""62513336199""}},{""container_id"":""9516862c6f5ae99a414bbc1f595528c7c3c8f284cb6fccef2a2fed9b18ee67da"",""before_capture"":{""started_nanos"":""52882603422"",""finished_nanos"":""52882915999""},""after_capture"":{""started_nanos"":""62610183781"",""finished_nanos"":""62610456880""}},{""container_id"":""6830bc88f86eb69fb23022494514019568018f1a22f9b380df7dcab53ecc3528"",""before_capture"":{""started_nanos"":""53182003536"",""finished_nanos"":""53182770748""},""after_capture"":{""started_nanos"":""62893749479"",""finished_nanos"":""62894017920""}},{""container_id"":""512f70f709ff0a31bdb2b0844dc7851b320b853abb8963f1d8345929f0938fe3"",""before_capture"":{""started_nanos"":""53523296020"",""finished_nanos"":""53523627598""},""after_capture"":{""started_nanos"":""63213121182"",""finished_nanos"":""63213422242""}},{""container_id"":""fe081d293165a5d4318532d57a9a4461aa3b3a9478b3d059da61cc8db7fab5dd"",""before_capture"":{""started_nanos"":""53803106802"",""finished_nanos"":""53803363369""},""after_capture"":{""started_nanos"":""63507296879"",""finished_nanos"":""63507528699""}},{""container_id"":""4d600a36a335d179d3b46981cd15ad8ca8b42586d9bf00d5064865b553cdc6f4"",""before_capture"":{""started_nanos"":""54414486046"",""finished_nanos"":""54414718906""},""after_capture"":{""started_nanos"":""64085516630"",""finished_nanos"":""64085747940""}},{""container_id"":""d4756fb578acb87356a3283fffdedbc6fe7aeeee687112c041e542539c13934d"",""before_capture"":{""started_nanos"":""54396831317"",""finished_nanos"":""54397133741""},""after_capture"":{""started_nanos"":""64063955081"",""finished_nanos"":""64064184489""}},{""container_id"":""19d600cf0f3994c52493266a9d867a11dbc7d1ce43e925f5750cd84292aa85b0"",""before_capture"":{""started_nanos"":""54686139290"",""finished_nanos"":""54686373179""},""after_capture"":{""started_nanos"":""64387863999"",""finished_nanos"":""64388425704""}},{""container_id"":""832be94c4071ad461b5f3a673fcd705cb23485ad91c2d5a19915f1fed6cac57c"",""before_capture"":{""started_nanos"":""55379868239"",""finished_nanos"":""55380110961""},""after_capture"":{""started_nanos"":""65127478865"",""finished_nanos"":""65127718027""}},{""container_id"":""466f72ec511ae6196469ae4593cfb5272505417688d04eb693fb133ed203d93b"",""before_capture"":{""started_nanos"":""55735916094"",""finished_nanos"":""55736270532""},""after_capture"":{""started_nanos"":""65444741147"",""finished_nanos"":""65444982562""}},{""container_id"":""dee2411717f7de01bd0b456a0e6ada23299392a4afbf1bb2aa884d874dd79e38"",""before_capture"":{""started_nanos"":""55529230404"",""finished_nanos"":""55529464908""},""after_capture"":{""started_nanos"":""65264108885"",""finished_nanos"":""65264330727""}},{""container_id"":""b0eb886a97ac64d0d9eda2163ff804e263041d7121f483a48fc0dc8a6a00084d"",""before_capture"":{""started_nanos"":""55860631625"",""finished_nanos"":""55860921668""},""after_capture"":{""started_nanos"":""65592439880"",""finished_nanos"":""65592691046""}},{""container_id"":""d3c13cf214ce08562da7014e3f1c37df1517a3ace1531ff98cb4b228da72dd5f"",""before_capture"":{""started_nanos"":""56506358728"",""finished_nanos"":""56506590973""},""after_capture"":{""started_nanos"":""66293448497"",""finished_nanos"":""66293678434""}},{""container_id"":""b81a0cbaeb987694429ee91298e2d5c394f591f53bc20b5f57155aa04e9f3b8a"",""before_capture"":{""started_nanos"":""56733236363"",""finished_nanos"":""56733511332""},""after_capture"":{""started_nanos"":""66511526821"",""finished_nanos"":""66511775195""}},{""container_id"":""27137ae3bd0b80698dfc839a503222a8533c278e61e277dc497c4603c4715ab9"",""before_capture"":{""started_nanos"":""57168046551"",""finished_nanos"":""57168528750""},""after_capture"":{""started_nanos"":""66929811861"",""finished_nanos"":""66930063151""}},{""container_id"":""25e046805790ed97883cff54182bbd3dae426490ef5369c33f84d02ad75e9b12"",""before_capture"":{""started_nanos"":""57029913497"",""finished_nanos"":""57030147473""},""after_capture"":{""started_nanos"":""66807391928"",""finished_nanos"":""66807662214""}}]",0,0,0,0,131072,0,0,0,544768,0,0,0,314133,19609,294518,66,0,0,"{""child.rss_bytes"":""148242432"",""child.threads"":""96"",""child.fd_count"":""352"",""child.listener_count"":""32"",""wrapper.rss_bytes"":""121765888"",""wrapper.threads"":""96"",""wrapper.fd_count"":""608"",""wrapper.listener_count"":""32"",""cgroup.memory_current_bytes"":""59949056"",""cgroup.sum_leaf_lifetime_memory_peak_bytes"":""186793984"",""cgroup.memory_swap_current_bytes"":""0"",""cgroup.pids_current"":""192"",""cgroup.cpu.usage_usec"":""3543960"",""cgroup.cpu.user_usec"":""494240"",""cgroup.cpu.system_usec"":""3049707"",""cgroup.cpu.nr_periods"":""615"",""cgroup.cpu.nr_throttled"":""75"",""cgroup.cpu.throttled_usec"":""3156289""}","{""child.rss_bytes"":""148242432"",""child.threads"":""96"",""child.fd_count"":""352"",""child.listener_count"":""32"",""wrapper.rss_bytes"":""121896960"",""wrapper.threads"":""96"",""wrapper.fd_count"":""608"",""wrapper.listener_count"":""32"",""cgroup.memory_current_bytes"":""60493824"",""cgroup.sum_leaf_lifetime_memory_peak_bytes"":""186793984"",""cgroup.memory_swap_current_bytes"":""0"",""cgroup.pids_current"":""192"",""cgroup.cpu.usage_usec"":""3858093"",""cgroup.cpu.user_usec"":""513849"",""cgroup.cpu.system_usec"":""3344225"",""cgroup.cpu.nr_periods"":""681"",""cgroup.cpu.nr_throttled"":""75"",""cgroup.cpu.throttled_usec"":""3156289""}"
1,4,native,1,ready,250250469,888390765,"[{""container_id"":""71c2c625d4f87f84cab450bfcb1015e5db3f279777a8047da6ff34705a4cc24a"",""before_capture"":{""started_nanos"":""2070844864"",""finished_nanos"":""2071066676""},""after_capture"":{""started_nanos"":""2637160982"",""finished_nanos"":""2637391762""}}]",0,0,0,0,131072,0,0,0,184320,0,0,0,10127,952,9174,2,0,0,"{""child.rss_bytes"":""4718592"",""child.threads"":""3"",""child.fd_count"":""11"",""child.listener_count"":""1"",""wrapper.rss_bytes"":""3538944"",""wrapper.threads"":""3"",""wrapper.fd_count"":""19"",""wrapper.listener_count"":""1"",""cgroup.memory_current_bytes"":""1585152"",""cgroup.sum_leaf_lifetime_memory_peak_bytes"":""5984256"",""cgroup.memory_swap_current_bytes"":""0"",""cgroup.pids_current"":""6"",""cgroup.cpu.usage_usec"":""49769"",""cgroup.cpu.user_usec"":""19142"",""cgroup.cpu.system_usec"":""30627"",""cgroup.cpu.nr_periods"":""6"",""cgroup.cpu.nr_throttled"":""0"",""cgroup.cpu.throttled_usec"":""0""}","{""child.rss_bytes"":""4718592"",""child.threads"":""3"",""child.fd_count"":""11"",""child.listener_count"":""1"",""wrapper.rss_bytes"":""3670016"",""wrapper.threads"":""3"",""wrapper.fd_count"":""19"",""wrapper.listener_count"":""1"",""cgroup.memory_current_bytes"":""1769472"",""cgroup.sum_leaf_lifetime_memory_peak_bytes"":""5984256"",""cgroup.memory_swap_current_bytes"":""0"",""cgroup.pids_current"":""6"",""cgroup.cpu.usage_usec"":""59896"",""cgroup.cpu.user_usec"":""20094"",""cgroup.cpu.system_usec"":""39801"",""cgroup.cpu.nr_periods"":""8"",""cgroup.cpu.nr_throttled"":""0"",""cgroup.cpu.throttled_usec"":""0""}"
1,4,native,1,served,250171173,813465698,"[{""container_id"":""71c2c625d4f87f84cab450bfcb1015e5db3f279777a8047da6ff34705a4cc24a"",""before_capture"":{""started_nanos"":""3108204998"",""finished_nanos"":""3108427379""},""after_capture"":{""started_nanos"":""3634381365"",""finished_nanos"":""3634691373""}}]",0,0,0,0,0,0,0,0,12288,0,0,0,10839,750,10090,2,0,0,"{""child.rss_bytes"":""4718592"",""child.threads"":""3"",""child.fd_count"":""11"",""child.listener_count"":""1"",""wrapper.rss_bytes"":""3670016"",""wrapper.threads"":""3"",""wrapper.fd_count"":""19"",""wrapper.listener_count"":""1"",""cgroup.memory_current_bytes"":""1818624"",""cgroup.sum_leaf_lifetime_memory_peak_bytes"":""5984256"",""cgroup.memory_swap_current_bytes"":""0"",""cgroup.pids_current"":""6"",""cgroup.cpu.usage_usec"":""65135"",""cgroup.cpu.user_usec"":""20354"",""cgroup.cpu.system_usec"":""44780"",""cgroup.cpu.nr_periods"":""11"",""cgroup.cpu.nr_throttled"":""0"",""cgroup.cpu.throttled_usec"":""0""}","{""child.rss_bytes"":""4718592"",""child.threads"":""3"",""child.fd_count"":""11"",""child.listener_count"":""1"",""wrapper.rss_bytes"":""3670016"",""wrapper.threads"":""3"",""wrapper.fd_count"":""19"",""wrapper.listener_count"":""1"",""cgroup.memory_current_bytes"":""1830912"",""cgroup.sum_leaf_lifetime_memory_peak_bytes"":""5984256"",""cgroup.memory_swap_current_bytes"":""0"",""cgroup.pids_current"":""6"",""cgroup.cpu.usage_usec"":""75974"",""cgroup.cpu.user_usec"":""21104"",""cgroup.cpu.system_usec"":""54870"",""cgroup.cpu.nr_periods"":""13"",""cgroup.cpu.nr_throttled"":""0"",""cgroup.cpu.throttled_usec"":""0""}"
1,4,native,1,final,250122204,861399201,"[{""container_id"":""71c2c625d4f87f84cab450bfcb1015e5db3f279777a8047da6ff34705a4cc24a"",""before_capture"":{""started_nanos"":""4196357115"",""finished_nanos"":""4196691570""},""after_capture"":{""started_nanos"":""4761368731"",""finished_nanos"":""4761619231""}}]",0,0,0,0,0,0,0,0,16384,0,0,0,11456,3773,7682,2,0,0,"{""child.rss_bytes"":""4718592"",""child.threads"":""3"",""child.fd_count"":""11"",""child.listener_count"":""1"",""wrapper.rss_bytes"":""3670016"",""wrapper.threads"":""3"",""wrapper.fd_count"":""19"",""wrapper.listener_count"":""1"",""cgroup.memory_current_bytes"":""2002944"",""cgroup.sum_leaf_lifetime_memory_peak_bytes"":""5984256"",""cgroup.memory_swap_current_bytes"":""0"",""cgroup.pids_current"":""6"",""cgroup.cpu.usage_usec"":""156376"",""cgroup.cpu.user_usec"":""42648"",""cgroup.cpu.system_usec"":""113728"",""cgroup.cpu.nr_periods"":""17"",""cgroup.cpu.nr_throttled"":""0"",""cgroup.cpu.throttled_usec"":""0""}","{""child.rss_bytes"":""4718592"",""child.threads"":""3"",""child.fd_count"":""11"",""child.listener_count"":""1"",""wrapper.rss_bytes"":""3670016"",""wrapper.threads"":""3"",""wrapper.fd_count"":""19"",""wrapper.listener_count"":""1"",""cgroup.memory_current_bytes"":""2019328"",""cgroup.sum_leaf_lifetime_memory_peak_bytes"":""5984256"",""cgroup.memory_swap_current_bytes"":""0"",""cgroup.pids_current"":""6"",""cgroup.cpu.usage_usec"":""167832"",""cgroup.cpu.user_usec"":""46421"",""cgroup.cpu.system_usec"":""121410"",""cgroup.cpu.nr_periods"":""19"",""cgroup.cpu.nr_throttled"":""0"",""cgroup.cpu.throttled_usec"":""0""}"
1,5,lsf,1,ready,250109328,816839603,"[{""container_id"":""7cecc1e675e75620134ead508684a305c6e87eafbec1b0cb19bc5cba1168593c"",""before_capture"":{""started_nanos"":""2213494380"",""finished_nanos"":""2213720290""},""after_capture"":{""started_nanos"":""2742124755"",""finished_nanos"":""2742414447""}}]",0,0,0,0,131072,0,0,0,196608,0,0,0,11730,2790,8940,4,0,0,"{""child.rss_bytes"":""12189696"",""child.threads"":""7"",""child.fd_count"":""17"",""child.listener_count"":""1"",""wrapper.rss_bytes"":""3801088"",""wrapper.threads"":""3"",""wrapper.fd_count"":""19"",""wrapper.listener_count"":""1"",""cgroup.memory_current_bytes"":""2658304"",""cgroup.sum_leaf_lifetime_memory_peak_bytes"":""6873088"",""cgroup.memory_swap_current_bytes"":""0"",""cgroup.pids_current"":""10"",""cgroup.cpu.usage_usec"":""75789"",""cgroup.cpu.user_usec"":""22736"",""cgroup.cpu.system_usec"":""53052"",""cgroup.cpu.nr_periods"":""19"",""cgroup.cpu.nr_throttled"":""0"",""cgroup.cpu.throttled_usec"":""0""}","{""child.rss_bytes"":""12189696"",""child.threads"":""7"",""child.fd_count"":""17"",""child.listener_count"":""1"",""wrapper.rss_bytes"":""3932160"",""wrapper.threads"":""3"",""wrapper.fd_count"":""19"",""wrapper.listener_count"":""1"",""cgroup.memory_current_bytes"":""2854912"",""cgroup.sum_leaf_lifetime_memory_peak_bytes"":""6873088"",""cgroup.memory_swap_current_bytes"":""0"",""cgroup.pids_current"":""10"",""cgroup.cpu.usage_usec"":""87519"",""cgroup.cpu.user_usec"":""25526"",""cgroup.cpu.system_usec"":""61992"",""cgroup.cpu.nr_periods"":""23"",""cgroup.cpu.nr_throttled"":""0"",""cgroup.cpu.throttled_usec"":""0""}"
1,5,lsf,1,served,250145704,789390878,"[{""container_id"":""7cecc1e675e75620134ead508684a305c6e87eafbec1b0cb19bc5cba1168593c"",""before_capture"":{""started_nanos"":""3182065449"",""finished_nanos"":""3182313801""},""after_capture"":{""started_nanos"":""3700835142"",""finished_nanos"":""3701117757""}}]",0,0,0,0,0,0,0,0,12288,0,0,0,9677,1085,8592,5,0,0,"{""child.rss_bytes"":""22147072"",""child.threads"":""7"",""child.fd_count"":""18"",""child.listener_count"":""1"",""wrapper.rss_bytes"":""3932160"",""wrapper.threads"":""3"",""wrapper.fd_count"":""19"",""wrapper.listener_count"":""1"",""cgroup.memory_current_bytes"":""5455872"",""cgroup.sum_leaf_lifetime_memory_peak_bytes"":""6873088"",""cgroup.memory_swap_current_bytes"":""0"",""cgroup.pids_current"":""10"",""cgroup.cpu.usage_usec"":""136126"",""cgroup.cpu.user_usec"":""60500"",""cgroup.cpu.system_usec"":""75625"",""cgroup.cpu.nr_periods"":""27"",""cgroup.cpu.nr_throttled"":""0"",""cgroup.cpu.throttled_usec"":""0""}","{""child.rss_bytes"":""22147072"",""child.threads"":""7"",""child.fd_count"":""18"",""child.listener_count"":""1"",""wrapper.rss_bytes"":""3932160"",""wrapper.threads"":""3"",""wrapper.fd_count"":""19"",""wrapper.listener_count"":""1"",""cgroup.memory_current_bytes"":""5468160"",""cgroup.sum_leaf_lifetime_memory_peak_bytes"":""6873088"",""cgroup.memory_swap_current_bytes"":""0"",""cgroup.pids_current"":""10"",""cgroup.cpu.usage_usec"":""145803"",""cgroup.cpu.user_usec"":""61585"",""cgroup.cpu.system_usec"":""84217"",""cgroup.cpu.nr_periods"":""32"",""cgroup.cpu.nr_throttled"":""0"",""cgroup.cpu.throttled_usec"":""0""}"
1,5,lsf,1,final,250312714,845453537,"[{""container_id"":""7cecc1e675e75620134ead508684a305c6e87eafbec1b0cb19bc5cba1168593c"",""before_capture"":{""started_nanos"":""4418174648"",""finished_nanos"":""4418404763""},""after_capture"":{""started_nanos"":""4969833032"",""finished_nanos"":""4970075021""}}]",0,0,0,0,0,0,0,0,16384,0,0,0,12612,0,12612,5,0,0,"{""child.rss_bytes"":""25161728"",""child.threads"":""7"",""child.fd_count"":""18"",""child.listener_count"":""1"",""wrapper.rss_bytes"":""3932160"",""wrapper.threads"":""3"",""wrapper.fd_count"":""19"",""wrapper.listener_count"":""1"",""cgroup.memory_current_bytes"":""8552448"",""cgroup.sum_leaf_lifetime_memory_peak_bytes"":""10543104"",""cgroup.memory_swap_current_bytes"":""0"",""cgroup.pids_current"":""10"",""cgroup.cpu.usage_usec"":""402581"",""cgroup.cpu.user_usec"":""232210"",""cgroup.cpu.system_usec"":""170371"",""cgroup.cpu.nr_periods"":""40"",""cgroup.cpu.nr_throttled"":""0"",""cgroup.cpu.throttled_usec"":""0""}","{""child.rss_bytes"":""25161728"",""child.threads"":""7"",""child.fd_count"":""18"",""child.listener_count"":""1"",""wrapper.rss_bytes"":""3932160"",""wrapper.threads"":""3"",""wrapper.fd_count"":""19"",""wrapper.listener_count"":""1"",""cgroup.memory_current_bytes"":""8568832"",""cgroup.sum_leaf_lifetime_memory_peak_bytes"":""10543104"",""cgroup.memory_swap_current_bytes"":""0"",""cgroup.pids_current"":""10"",""cgroup.cpu.usage_usec"":""415193"",""cgroup.cpu.user_usec"":""232210"",""cgroup.cpu.system_usec"":""182983"",""cgroup.cpu.nr_periods"":""45"",""cgroup.cpu.nr_throttled"":""0"",""cgroup.cpu.throttled_usec"":""0""}"
2,0,lsf,32,ready,250109261,827962512,"[{""container_id"":""c9620129b797359c60a79bd2fcaf5660bcd61a7f06d134733377227a25d5c589"",""before_capture"":{""started_nanos"":""2395636681"",""finished_nanos"":""2395976135""},""after_capture"":{""started_nanos"":""2950154953"",""finished_nanos"":""2950596480""}}]",0,0,0,0,262144,0,0,0,405504,0,0,0,15673,7929,7745,6,0,0,"{""child.rss_bytes"":""13500416"",""child.threads"":""7"",""child.fd_count"":""48"",""child.listener_count"":""1"",""wrapper.rss_bytes"":""4194304"",""wrapper.threads"":""3"",""wrapper.fd_count"":""81"",""wrapper.listener_count"":""1"",""cgroup.memory_current_bytes"":""4935680"",""cgroup.sum_leaf_lifetime_memory_peak_bytes"":""7569408"",""cgroup.memory_swap_current_bytes"":""0"",""cgroup.pids_current"":""10"",""cgroup.cpu.usage_usec"":""125327"",""cgroup.cpu.user_usec"":""50130"",""cgroup.cpu.system_usec"":""75196"",""cgroup.cpu.nr_periods"":""20"",""cgroup.cpu.nr_throttled"":""0"",""cgroup.cpu.throttled_usec"":""0""}","{""child.rss_bytes"":""13500416"",""child.threads"":""7"",""child.fd_count"":""48"",""child.listener_count"":""1"",""wrapper.rss_bytes"":""4456448"",""wrapper.threads"":""3"",""wrapper.fd_count"":""81"",""wrapper.listener_count"":""1"",""cgroup.memory_current_bytes"":""5341184"",""cgroup.sum_leaf_lifetime_memory_peak_bytes"":""7569408"",""cgroup.memory_swap_current_bytes"":""0"",""cgroup.pids_current"":""10"",""cgroup.cpu.usage_usec"":""141000"",""cgroup.cpu.user_usec"":""58059"",""cgroup.cpu.system_usec"":""82941"",""cgroup.cpu.nr_periods"":""26"",""cgroup.cpu.nr_throttled"":""0"",""cgroup.cpu.throttled_usec"":""0""}"
2,0,lsf,32,served,250249619,841301577,"[{""container_id"":""c9620129b797359c60a79bd2fcaf5660bcd61a7f06d134733377227a25d5c589"",""before_capture"":{""started_nanos"":""4537065628"",""finished_nanos"":""4537388044""},""after_capture"":{""started_nanos"":""5099015047"",""finished_nanos"":""5099273569""}}]",0,0,0,0,0,0,0,0,86016,0,0,0,11723,3689,8035,3,0,0,"{""child.rss_bytes"":""27959296"",""child.threads"":""7"",""child.fd_count"":""80"",""child.listener_count"":""1"",""wrapper.rss_bytes"":""4456448"",""wrapper.threads"":""3"",""wrapper.fd_count"":""81"",""wrapper.listener_count"":""1"",""cgroup.memory_current_bytes"":""13189120"",""cgroup.sum_leaf_lifetime_memory_peak_bytes"":""14090240"",""cgroup.memory_swap_current_bytes"":""0"",""cgroup.pids_current"":""10"",""cgroup.cpu.usage_usec"":""1280732"",""cgroup.cpu.user_usec"":""1139326"",""cgroup.cpu.system_usec"":""141405"",""cgroup.cpu.nr_periods"":""41"",""cgroup.cpu.nr_throttled"":""0"",""cgroup.cpu.throttled_usec"":""0""}","{""child.rss_bytes"":""27959296"",""child.threads"":""7"",""child.fd_count"":""80"",""child.listener_count"":""1"",""wrapper.rss_bytes"":""4456448"",""wrapper.threads"":""3"",""wrapper.fd_count"":""81"",""wrapper.listener_count"":""1"",""cgroup.memory_current_bytes"":""13275136"",""cgroup.sum_leaf_lifetime_memory_peak_bytes"":""14090240"",""cgroup.memory_swap_current_bytes"":""0"",""cgroup.pids_current"":""10"",""cgroup.cpu.usage_usec"":""1292455"",""cgroup.cpu.user_usec"":""1143015"",""cgroup.cpu.system_usec"":""149440"",""cgroup.cpu.nr_periods"":""44"",""cgroup.cpu.nr_throttled"":""0"",""cgroup.cpu.throttled_usec"":""0""}"
2,0,lsf,32,final,250203478,911002255,"[{""container_id"":""c9620129b797359c60a79bd2fcaf5660bcd61a7f06d134733377227a25d5c589"",""before_capture"":{""started_nanos"":""5680375522"",""finished_nanos"":""5680698621""},""after_capture"":{""started_nanos"":""6266679368"",""finished_nanos"":""6266909514""}}]",0,0,0,0,0,0,0,0,20480,0,0,0,11185,2634,8552,6,0,0,"{""child.rss_bytes"":""29270016"",""child.threads"":""7"",""child.fd_count"":""80"",""child.listener_count"":""1"",""wrapper.rss_bytes"":""4456448"",""wrapper.threads"":""3"",""wrapper.fd_count"":""81"",""wrapper.listener_count"":""1"",""cgroup.memory_current_bytes"":""14761984"",""cgroup.sum_leaf_lifetime_memory_peak_bytes"":""17350656"",""cgroup.memory_swap_current_bytes"":""0"",""cgroup.pids_current"":""10"",""cgroup.cpu.usage_usec"":""1474118"",""cgroup.cpu.user_usec"":""1256029"",""cgroup.cpu.system_usec"":""218088"",""cgroup.cpu.nr_periods"":""49"",""cgroup.cpu.nr_throttled"":""0"",""cgroup.cpu.throttled_usec"":""0""}","{""child.rss_bytes"":""29270016"",""child.threads"":""7"",""child.fd_count"":""80"",""child.listener_count"":""1"",""wrapper.rss_bytes"":""4456448"",""wrapper.threads"":""3"",""wrapper.fd_count"":""81"",""wrapper.listener_count"":""1"",""cgroup.memory_current_bytes"":""14782464"",""cgroup.sum_leaf_lifetime_memory_peak_bytes"":""17350656"",""cgroup.memory_swap_current_bytes"":""0"",""cgroup.pids_current"":""10"",""cgroup.cpu.usage_usec"":""1485303"",""cgroup.cpu.user_usec"":""1258663"",""cgroup.cpu.system_usec"":""226640"",""cgroup.cpu.nr_periods"":""55"",""cgroup.cpu.nr_throttled"":""0"",""cgroup.cpu.throttled_usec"":""0""}"
2,1,native,32,ready,250225897,19735899243,"[{""container_id"":""becc3950775806ef488bc2c4be5ce77a8bdc72e0289761e27dcd119b1a1f0d56"",""before_capture"":{""started_nanos"":""9017668087"",""finished_nanos"":""9017923544""},""after_capture"":{""started_nanos"":""18892893743"",""finished_nanos"":""18893152889""}},{""container_id"":""609568d941caca86c92dd9439e25781d28ac9ee7da89202b1f70e18a038eef7d"",""before_capture"":{""started_nanos"":""8998798696"",""finished_nanos"":""8999050423""},""after_capture"":{""started_nanos"":""18861134957"",""finished_nanos"":""18861402587""}},{""container_id"":""37274bbf4af32789eba465b1f136e340fb42d0a7a3c91ef1369bb11788110023"",""before_capture"":{""started_nanos"":""8491791840"",""finished_nanos"":""8492068009""},""after_capture"":{""started_nanos"":""18342779977"",""finished_nanos"":""18343005468""}},{""container_id"":""6eea05afd6bcfba7dcdcd745f072bb4c91a884639a2da2dfa0365910f5c34431"",""before_capture"":{""started_nanos"":""8744693943"",""finished_nanos"":""8745029572""},""after_capture"":{""started_nanos"":""18621572836"",""finished_nanos"":""18621839144""}},{""container_id"":""416bb3fc4f5823f61d321a9eecc1685274498109d6aa879f92128c36a4fe57ef"",""before_capture"":{""started_nanos"":""9115744779"",""finished_nanos"":""9116025418""},""after_capture"":{""started_nanos"":""18998918966"",""finished_nanos"":""18999172683""}},{""container_id"":""e9499a7b8562669c31a04845afd9980be7b692b4e10b15b70a26369ebd0390de"",""before_capture"":{""started_nanos"":""9445604930"",""finished_nanos"":""9445876778""},""after_capture"":{""started_nanos"":""19297326057"",""finished_nanos"":""19297568063""}},{""container_id"":""bdc1fcb3e9e1b7039ffc08237e2f2b9ccc3ba8e49f3bbe31803ce88fc2310150"",""before_capture"":{""started_nanos"":""9709916110"",""finished_nanos"":""9710166352""},""after_capture"":{""started_nanos"":""19562223262"",""finished_nanos"":""19562469842""}},{""container_id"":""e4fcbe9917e4820d2b37a027f0e4c53f434a77c5505e2f110dcef8f27bbf1bd0"",""before_capture"":{""started_nanos"":""10025295555"",""finished_nanos"":""10025538053""},""after_capture"":{""started_nanos"":""19902594444"",""finished_nanos"":""19902839791""}},{""container_id"":""9cde29d920e45b01185bc9095a32afb708284d5bf9ae0aad29b24d3ac68128ac"",""before_capture"":{""started_nanos"":""10369040679"",""finished_nanos"":""10369279213""},""after_capture"":{""started_nanos"":""20231786659"",""finished_nanos"":""20232014611""}},{""container_id"":""49b536888f10bff30e33e0c1972fc2068f05eada71682be48a0d1346d62d29c5"",""before_capture"":{""started_nanos"":""10632765944"",""finished_nanos"":""10632991381""},""after_capture"":{""started_nanos"":""20506250640"",""finished_nanos"":""20506526096""}},{""container_id"":""9e55bc9e939f52df818e3f26dd0d44ff1dc866d22eb70dc26c5b0a99cf4e6d86"",""before_capture"":{""started_nanos"":""10866281992"",""finished_nanos"":""10866549498""},""after_capture"":{""started_nanos"":""20804050415"",""finished_nanos"":""20804311416""}},{""container_id"":""d3bef1c4328c0889b70aa20c197480383dbc5b865d33e6a1fd4670c5cbd7e542"",""before_capture"":{""started_nanos"":""11074341298"",""finished_nanos"":""11074588229""},""after_capture"":{""started_nanos"":""20967087668"",""finished_nanos"":""20967350083""}},{""container_id"":""c449948a808be748681fdc8a3da6f66295f62bf198c0c6d87ca72098ed02e4aa"",""before_capture"":{""started_nanos"":""11488627357"",""finished_nanos"":""11488916374""},""after_capture"":{""started_nanos"":""21386577676"",""finished_nanos"":""21386824826""}},{""container_id"":""10028b10b23ed1edac966104f0500332c97f07a29e5cf050bdbde34d37003442"",""before_capture"":{""started_nanos"":""11801636306"",""finished_nanos"":""11801882163""},""after_capture"":{""started_nanos"":""21743228535"",""finished_nanos"":""21743501235""}},{""container_id"":""a3ae12fc4dfb8edd7789cc2e3c6e91196763062b4c0993be00572efec13c6136"",""before_capture"":{""started_nanos"":""12092324748"",""finished_nanos"":""12092558710""},""after_capture"":{""started_nanos"":""22010620818"",""finished_nanos"":""22010855571""}},{""container_id"":""69666b9be89043b97f42b6d3064c7307a86fedd922a1b5fcb0931748e8cc1506"",""before_capture"":{""started_nanos"":""12199116471"",""finished_nanos"":""12199503629""},""after_capture"":{""started_nanos"":""22165465895"",""finished_nanos"":""22165775646""}},{""container_id"":""fa8f375145f8bb48631cac71277065ccebf96f7d02ea2d48aa268c6d95f076ab"",""before_capture"":{""started_nanos"":""12701976145"",""finished_nanos"":""12702219897""},""after_capture"":{""started_nanos"":""22633917839"",""finished_nanos"":""22634129129""}},{""container_id"":""b5de7cb2d551200d4a82400ec5496269ce653afa10665538f1241740e0e5ccfe"",""before_capture"":{""started_nanos"":""12889667383"",""finished_nanos"":""12890128958""},""after_capture"":{""started_nanos"":""22854340719"",""finished_nanos"":""22854588600""}},{""container_id"":""eaa1595c9502f6da751991cad016521845924390f4c81085c7d50e9086c09355"",""before_capture"":{""started_nanos"":""12622636180"",""finished_nanos"":""12622874712""},""after_capture"":{""started_nanos"":""22571649255"",""finished_nanos"":""22571876089""}},{""container_id"":""26f4fa4d30312358521a01ee8cf1d7c1402c16160fcfc9e9ea231a884b08381f"",""before_capture"":{""started_nanos"":""12867116975"",""finished_nanos"":""12867422081""},""after_capture"":{""started_nanos"":""22807752978"",""finished_nanos"":""22808036211""}},{""container_id"":""6bb44358d45caa1e4e5207d3bd407a111183101a992aaf276e03c6f4fb14ccbb"",""before_capture"":{""started_nanos"":""13320767864"",""finished_nanos"":""13321016349""},""after_capture"":{""started_nanos"":""23269007481"",""finished_nanos"":""23269247331""}},{""container_id"":""ee3b7d1238af0a2332a0bb4ca97a6459c799dd9265ba49d7df370025031c2259"",""before_capture"":{""started_nanos"":""13592474779"",""finished_nanos"":""13592704290""},""after_capture"":{""started_nanos"":""23586207289"",""finished_nanos"":""23586448699""}},{""container_id"":""08438f2c1aa62f92f87a0101938dca11d5f3872c1345d94fa5e43a13ab30f524"",""before_capture"":{""started_nanos"":""13755279513"",""finished_nanos"":""13755606610""},""after_capture"":{""started_nanos"":""23754251013"",""finished_nanos"":""23754487495""}},{""container_id"":""0ff690704e831bf24b52d7f093356ec5f08cdd64238df8b189bd3df1470532f5"",""before_capture"":{""started_nanos"":""14005429185"",""finished_nanos"":""14005686387""},""after_capture"":{""started_nanos"":""24020697214"",""finished_nanos"":""24020924394""}},{""container_id"":""9a7533def59f9abdb14abd270720a1c17de6edad4ffe29893156b455ac2c7ce6"",""before_capture"":{""started_nanos"":""14331896341"",""finished_nanos"":""14332140024""},""after_capture"":{""started_nanos"":""24373841876"",""finished_nanos"":""24374192283""}},{""container_id"":""680152de833f19617e16dd4e970f94310d25441a12e02c20e2ef40af000304af"",""before_capture"":{""started_nanos"":""14590667832"",""finished_nanos"":""14590939333""},""after_capture"":{""started_nanos"":""24669738033"",""finished_nanos"":""24669959567""}},{""container_id"":""19e16c47b41bb2985fbb8e47cdfa5736e879856b66ffc186d3900c283aa60d96"",""before_capture"":{""started_nanos"":""15383045296"",""finished_nanos"":""15383291938""},""after_capture"":{""started_nanos"":""25425990719"",""finished_nanos"":""25426243564""}},{""container_id"":""08a86b9c80053d1961fbd3b5a920e2002825dcf711b45f86cfae1d4f15947c37"",""before_capture"":{""started_nanos"":""15277977229"",""finished_nanos"":""15278228394""},""after_capture"":{""started_nanos"":""25306744620"",""finished_nanos"":""25306973190""}},{""container_id"":""2a4af9bda9fff0b0eac8d81d82a8809b572d6ac0657ce10fe1eddbae45f6d1ec"",""before_capture"":{""started_nanos"":""15886795417"",""finished_nanos"":""15887060573""},""after_capture"":{""started_nanos"":""25975660198"",""finished_nanos"":""25975921619""}},{""container_id"":""17ea08b97adc53e8f7499717256b6e888f38bd9d5e9203cc01dd3ca1470e9364"",""before_capture"":{""started_nanos"":""15931985729"",""finished_nanos"":""15932246361""},""after_capture"":{""started_nanos"":""25985730798"",""finished_nanos"":""25986538754""}},{""container_id"":""a3ea0ef55c0459ef67d9678bcd46c51a313969386eb0255b86a98060cbc1b9f8"",""before_capture"":{""started_nanos"":""16305281672"",""finished_nanos"":""16305595311""},""after_capture"":{""started_nanos"":""26363770937"",""finished_nanos"":""26363989686""}},{""container_id"":""9e448de96036849bd9ff181e4286ea1347c78ec9d6633439f03a33b9c0defea3"",""before_capture"":{""started_nanos"":""16457843377"",""finished_nanos"":""16458120653""},""after_capture"":{""started_nanos"":""26529471574"",""finished_nanos"":""26529699624""}}]",0,0,0,0,2752512,0,0,0,5890048,0,0,0,315140,20514,294624,66,0,0,"{""child.rss_bytes"":""147193856"",""child.threads"":""96"",""child.fd_count"":""352"",""child.listener_count"":""32"",""wrapper.rss_bytes"":""116785152"",""wrapper.threads"":""96"",""wrapper.fd_count"":""608"",""wrapper.listener_count"":""32"",""cgroup.memory_current_bytes"":""50933760"",""cgroup.sum_leaf_lifetime_memory_peak_bytes"":""189222912"",""cgroup.memory_swap_current_bytes"":""0"",""cgroup.pids_current"":""192"",""cgroup.cpu.usage_usec"":""2267578"",""cgroup.cpu.user_usec"":""490644"",""cgroup.cpu.system_usec"":""1776919"",""cgroup.cpu.nr_periods"":""268"",""cgroup.cpu.nr_throttled"":""81"",""cgroup.cpu.throttled_usec"":""4137721""}","{""child.rss_bytes"":""147193856"",""child.threads"":""96"",""child.fd_count"":""352"",""child.listener_count"":""32"",""wrapper.rss_bytes"":""119537664"",""wrapper.threads"":""96"",""wrapper.fd_count"":""608"",""wrapper.listener_count"":""32"",""cgroup.memory_current_bytes"":""56823808"",""cgroup.sum_leaf_lifetime_memory_peak_bytes"":""189222912"",""cgroup.memory_swap_current_bytes"":""0"",""cgroup.pids_current"":""192"",""cgroup.cpu.usage_usec"":""2582718"",""cgroup.cpu.user_usec"":""511158"",""cgroup.cpu.system_usec"":""2071543"",""cgroup.cpu.nr_periods"":""334"",""cgroup.cpu.nr_throttled"":""81"",""cgroup.cpu.throttled_usec"":""4137721""}"
2,1,native,32,served,250241436,19214593427,"[{""container_id"":""becc3950775806ef488bc2c4be5ce77a8bdc72e0289761e27dcd119b1a1f0d56"",""before_capture"":{""started_nanos"":""28981116296"",""finished_nanos"":""28981393735""},""after_capture"":{""started_nanos"":""38573739546"",""finished_nanos"":""38573969667""}},{""container_id"":""609568d941caca86c92dd9439e25781d28ac9ee7da89202b1f70e18a038eef7d"",""before_capture"":{""started_nanos"":""28941126141"",""finished_nanos"":""28941611600""},""after_capture"":{""started_nanos"":""38527802399"",""finished_nanos"":""38528035188""}},{""container_id"":""37274bbf4af32789eba465b1f136e340fb42d0a7a3c91ef1369bb11788110023"",""before_capture"":{""started_nanos"":""28369579808"",""finished_nanos"":""28369853542""},""after_capture"":{""started_nanos"":""37973975153"",""finished_nanos"":""37974229665""}},{""container_id"":""6eea05afd6bcfba7dcdcd745f072bb4c91a884639a2da2dfa0365910f5c34431"",""before_capture"":{""started_nanos"":""28612587822"",""finished_nanos"":""28612821512""},""after_capture"":{""started_nanos"":""38206301768"",""finished_nanos"":""38206604758""}},{""container_id"":""416bb3fc4f5823f61d321a9eecc1685274498109d6aa879f92128c36a4fe57ef"",""before_capture"":{""started_nanos"":""28938937626"",""finished_nanos"":""28939201018""},""after_capture"":{""started_nanos"":""38554064143"",""finished_nanos"":""38554298644""}},{""container_id"":""e9499a7b8562669c31a04845afd9980be7b692b4e10b15b70a26369ebd0390de"",""before_capture"":{""started_nanos"":""29257746872"",""finished_nanos"":""29258508203""},""after_capture"":{""started_nanos"":""38843458332"",""finished_nanos"":""38843827935""}},{""container_id"":""bdc1fcb3e9e1b7039ffc08237e2f2b9ccc3ba8e49f3bbe31803ce88fc2310150"",""before_capture"":{""started_nanos"":""29540150967"",""finished_nanos"":""29540404667""},""after_capture"":{""started_nanos"":""39073543347"",""finished_nanos"":""39073825628""}},{""container_id"":""e4fcbe9917e4820d2b37a027f0e4c53f434a77c5505e2f110dcef8f27bbf1bd0"",""before_capture"":{""started_nanos"":""29902104282"",""finished_nanos"":""29902345918""},""after_capture"":{""started_nanos"":""39406910937"",""finished_nanos"":""39407231407""}},{""container_id"":""9cde29d920e45b01185bc9095a32afb708284d5bf9ae0aad29b24d3ac68128ac"",""before_capture"":{""started_nanos"":""30241589779"",""finished_nanos"":""30241952045""},""after_capture"":{""started_nanos"":""39722899602"",""finished_nanos"":""39723164929""}},{""container_id"":""49b536888f10bff30e33e0c1972fc2068f05eada71682be48a0d1346d62d29c5"",""before_capture"":{""started_nanos"":""30527579564"",""finished_nanos"":""30527819222""},""after_capture"":{""started_nanos"":""40000733488"",""finished_nanos"":""40001075982""}},{""container_id"":""9e55bc9e939f52df818e3f26dd0d44ff1dc866d22eb70dc26c5b0a99cf4e6d86"",""before_capture"":{""started_nanos"":""30765042698"",""finished_nanos"":""30765482233""},""after_capture"":{""started_nanos"":""40271953265"",""finished_nanos"":""40272194476""}},{""container_id"":""d3bef1c4328c0889b70aa20c197480383dbc5b865d33e6a1fd4670c5cbd7e542"",""before_capture"":{""started_nanos"":""30941311961"",""finished_nanos"":""30941557217""},""after_capture"":{""started_nanos"":""40442388577"",""finished_nanos"":""40442741876""}},{""container_id"":""c449948a808be748681fdc8a3da6f66295f62bf198c0c6d87ca72098ed02e4aa"",""before_capture"":{""started_nanos"":""31344938427"",""finished_nanos"":""31345195836""},""after_capture"":{""started_nanos"":""40925519045"",""finished_nanos"":""40925782884""}},{""container_id"":""10028b10b23ed1edac966104f0500332c97f07a29e5cf050bdbde34d37003442"",""before_capture"":{""started_nanos"":""31660399892"",""finished_nanos"":""31660682315""},""after_capture"":{""started_nanos"":""41273124105"",""finished_nanos"":""41273381829""}},{""container_id"":""a3ae12fc4dfb8edd7789cc2e3c6e91196763062b4c0993be00572efec13c6136"",""before_capture"":{""started_nanos"":""31918337536"",""finished_nanos"":""31918567813""},""after_capture"":{""started_nanos"":""41585527016"",""finished_nanos"":""41585759502""}},{""container_id"":""69666b9be89043b97f42b6d3064c7307a86fedd922a1b5fcb0931748e8cc1506"",""before_capture"":{""started_nanos"":""32007204235"",""finished_nanos"":""32007425464""},""after_capture"":{""started_nanos"":""41683006912"",""finished_nanos"":""41683239347""}},{""container_id"":""fa8f375145f8bb48631cac71277065ccebf96f7d02ea2d48aa268c6d95f076ab"",""before_capture"":{""started_nanos"":""32478027920"",""finished_nanos"":""32478270852""},""after_capture"":{""started_nanos"":""42131187231"",""finished_nanos"":""42131414469""}},{""container_id"":""b5de7cb2d551200d4a82400ec5496269ce653afa10665538f1241740e0e5ccfe"",""before_capture"":{""started_nanos"":""32705439609"",""finished_nanos"":""32705678800""},""after_capture"":{""started_nanos"":""42338171600"",""finished_nanos"":""42338395171""}},{""container_id"":""eaa1595c9502f6da751991cad016521845924390f4c81085c7d50e9086c09355"",""before_capture"":{""started_nanos"":""32421967247"",""finished_nanos"":""32422189107""},""after_capture"":{""started_nanos"":""42058676961"",""finished_nanos"":""42059000690""}},{""container_id"":""26f4fa4d30312358521a01ee8cf1d7c1402c16160fcfc9e9ea231a884b08381f"",""before_capture"":{""started_nanos"":""32652251000"",""finished_nanos"":""32652559124""},""after_capture"":{""started_nanos"":""42300026824"",""finished_nanos"":""42300260572""}},{""container_id"":""6bb44358d45caa1e4e5207d3bd407a111183101a992aaf276e03c6f4fb14ccbb"",""before_capture"":{""started_nanos"":""33099334476"",""finished_nanos"":""33099604335""},""after_capture"":{""started_nanos"":""42717931715"",""finished_nanos"":""42718156992""}},{""container_id"":""ee3b7d1238af0a2332a0bb4ca97a6459c799dd9265ba49d7df370025031c2259"",""before_capture"":{""started_nanos"":""33380650499"",""finished_nanos"":""33380878664""},""after_capture"":{""started_nanos"":""43033420638"",""finished_nanos"":""43033649310""}},{""container_id"":""08438f2c1aa62f92f87a0101938dca11d5f3872c1345d94fa5e43a13ab30f524"",""before_capture"":{""started_nanos"":""33526103598"",""finished_nanos"":""33526411330""},""after_capture"":{""started_nanos"":""43225286516"",""finished_nanos"":""43225524513""}},{""container_id"":""0ff690704e831bf24b52d7f093356ec5f08cdd64238df8b189bd3df1470532f5"",""before_capture"":{""started_nanos"":""33767854596"",""finished_nanos"":""33768079700""},""after_capture"":{""started_nanos"":""43496405903"",""finished_nanos"":""43496637403""}},{""container_id"":""9a7533def59f9abdb14abd270720a1c17de6edad4ffe29893156b455ac2c7ce6"",""before_capture"":{""started_nanos"":""34113297408"",""finished_nanos"":""34113528851""},""after_capture"":{""started_nanos"":""43809127015"",""finished_nanos"":""43809506088""}},{""container_id"":""680152de833f19617e16dd4e970f94310d25441a12e02c20e2ef40af000304af"",""before_capture"":{""started_nanos"":""34356574234"",""finished_nanos"":""34356852378""},""after_capture"":{""started_nanos"":""44058442964"",""finished_nanos"":""44058700605""}},{""container_id"":""19e16c47b41bb2985fbb8e47cdfa5736e879856b66ffc186d3900c283aa60d96"",""before_capture"":{""started_nanos"":""35106492554"",""finished_nanos"":""35106736381""},""after_capture"":{""started_nanos"":""44888537414"",""finished_nanos"":""44888780202""}},{""container_id"":""08a86b9c80053d1961fbd3b5a920e2002825dcf711b45f86cfae1d4f15947c37"",""before_capture"":{""started_nanos"":""34943718706"",""finished_nanos"":""34944020593""},""after_capture"":{""started_nanos"":""44767460432"",""finished_nanos"":""44767781552""}},{""container_id"":""2a4af9bda9fff0b0eac8d81d82a8809b572d6ac0657ce10fe1eddbae45f6d1ec"",""before_capture"":{""started_nanos"":""35556352941"",""finished_nanos"":""35556606555""},""after_capture"":{""started_nanos"":""45406392274"",""finished_nanos"":""45406618095""}},{""container_id"":""17ea08b97adc53e8f7499717256b6e888f38bd9d5e9203cc01dd3ca1470e9364"",""before_capture"":{""started_nanos"":""35550583793"",""finished_nanos"":""35550993875""},""after_capture"":{""started_nanos"":""45424871178"",""finished_nanos"":""45425115990""}},{""container_id"":""a3ea0ef55c0459ef67d9678bcd46c51a313969386eb0255b86a98060cbc1b9f8"",""before_capture"":{""started_nanos"":""35959071454"",""finished_nanos"":""35959363459""},""after_capture"":{""started_nanos"":""45827742252"",""finished_nanos"":""45827999914""}},{""container_id"":""9e448de96036849bd9ff181e4286ea1347c78ec9d6633439f03a33b9c0defea3"",""before_capture"":{""started_nanos"":""36145120088"",""finished_nanos"":""36145386708""},""after_capture"":{""started_nanos"":""45998438843"",""finished_nanos"":""45998698184""}}]",0,0,0,0,131072,0,0,0,1105920,0,0,0,324563,16686,307876,65,0,0,"{""child.rss_bytes"":""149028864"",""child.threads"":""96"",""child.fd_count"":""352"",""child.listener_count"":""32"",""wrapper.rss_bytes"":""120717312"",""wrapper.threads"":""96"",""wrapper.fd_count"":""608"",""wrapper.listener_count"":""32"",""cgroup.memory_current_bytes"":""58363904"",""cgroup.sum_leaf_lifetime_memory_peak_bytes"":""189222912"",""cgroup.memory_swap_current_bytes"":""0"",""cgroup.pids_current"":""192"",""cgroup.cpu.usage_usec"":""2902962"",""cgroup.cpu.user_usec"":""530706"",""cgroup.cpu.system_usec"":""2372239"",""cgroup.cpu.nr_periods"":""405"",""cgroup.cpu.nr_throttled"":""81"",""cgroup.cpu.throttled_usec"":""4137721""}","{""child.rss_bytes"":""149028864"",""child.threads"":""96"",""child.fd_count"":""352"",""child.listener_count"":""32"",""wrapper.rss_bytes"":""120848384"",""wrapper.threads"":""96"",""wrapper.fd_count"":""608"",""wrapper.listener_count"":""32"",""cgroup.memory_current_bytes"":""59469824"",""cgroup.sum_leaf_lifetime_memory_peak_bytes"":""189222912"",""cgroup.memory_swap_current_bytes"":""0"",""cgroup.pids_current"":""192"",""cgroup.cpu.usage_usec"":""3227525"",""cgroup.cpu.user_usec"":""547392"",""cgroup.cpu.system_usec"":""2680115"",""cgroup.cpu.nr_periods"":""470"",""cgroup.cpu.nr_throttled"":""81"",""cgroup.cpu.throttled_usec"":""4137721""}"
2,1,native,32,final,250210335,19517145016,"[{""container_id"":""becc3950775806ef488bc2c4be5ce77a8bdc72e0289761e27dcd119b1a1f0d56"",""before_capture"":{""started_nanos"":""48421162665"",""finished_nanos"":""48421430300""},""after_capture"":{""started_nanos"":""58397055198"",""finished_nanos"":""58397263656""}},{""container_id"":""609568d941caca86c92dd9439e25781d28ac9ee7da89202b1f70e18a038eef7d"",""before_capture"":{""started_nanos"":""48396263272"",""finished_nanos"":""48396524481""},""after_capture"":{""started_nanos"":""58354627551"",""finished_nanos"":""58354857986""}},{""container_id"":""37274bbf4af32789eba465b1f136e340fb42d0a7a3c91ef1369bb11788110023"",""before_capture"":{""started_nanos"":""47850872733"",""finished_nanos"":""47851087598""},""after_capture"":{""started_nanos"":""57782477975"",""finished_nanos"":""57782710764""}},{""container_id"":""6eea05afd6bcfba7dcdcd745f072bb4c91a884639a2da2dfa0365910f5c34431"",""before_capture"":{""started_nanos"":""48091040789"",""finished_nanos"":""48091270391""},""after_capture"":{""started_nanos"":""58035310699"",""finished_nanos"":""58035625959""}},{""container_id"":""416bb3fc4f5823f61d321a9eecc1685274498109d6aa879f92128c36a4fe57ef"",""before_capture"":{""started_nanos"":""48429058653"",""finished_nanos"":""48429332976""},""after_capture"":{""started_nanos"":""58371366055"",""finished_nanos"":""58371758335""}},{""container_id"":""e9499a7b8562669c31a04845afd9980be7b692b4e10b15b70a26369ebd0390de"",""before_capture"":{""started_nanos"":""48733130061"",""finished_nanos"":""48733384020""},""after_capture"":{""started_nanos"":""58685746492"",""finished_nanos"":""58685974715""}},{""container_id"":""bdc1fcb3e9e1b7039ffc08237e2f2b9ccc3ba8e49f3bbe31803ce88fc2310150"",""before_capture"":{""started_nanos"":""48953173101"",""finished_nanos"":""48953643702""},""after_capture"":{""started_nanos"":""58898163199"",""finished_nanos"":""58898501782""}},{""container_id"":""e4fcbe9917e4820d2b37a027f0e4c53f434a77c5505e2f110dcef8f27bbf1bd0"",""before_capture"":{""started_nanos"":""49276091762"",""finished_nanos"":""49276349981""},""after_capture"":{""started_nanos"":""59220149920"",""finished_nanos"":""59220411449""}},{""container_id"":""9cde29d920e45b01185bc9095a32afb708284d5bf9ae0aad29b24d3ac68128ac"",""before_capture"":{""started_nanos"":""49604595561"",""finished_nanos"":""49604838697""},""after_capture"":{""started_nanos"":""59579856430"",""finished_nanos"":""59580089376""}},{""container_id"":""49b536888f10bff30e33e0c1972fc2068f05eada71682be48a0d1346d62d29c5"",""before_capture"":{""started_nanos"":""49896557869"",""finished_nanos"":""49896860772""},""after_capture"":{""started_nanos"":""59832344339"",""finished_nanos"":""59832592073""}},{""container_id"":""9e55bc9e939f52df818e3f26dd0d44ff1dc866d22eb70dc26c5b0a99cf4e6d86"",""before_capture"":{""started_nanos"":""50161865673"",""finished_nanos"":""50162251974""},""after_capture"":{""started_nanos"":""60090009966"",""finished_nanos"":""60090341846""}},{""container_id"":""d3bef1c4328c0889b70aa20c197480383dbc5b865d33e6a1fd4670c5cbd7e542"",""before_capture"":{""started_nanos"":""50310190008"",""finished_nanos"":""50310847055""},""after_capture"":{""started_nanos"":""60274248535"",""finished_nanos"":""60274500108""}},{""container_id"":""c449948a808be748681fdc8a3da6f66295f62bf198c0c6d87ca72098ed02e4aa"",""before_capture"":{""started_nanos"":""50724843109"",""finished_nanos"":""50725072722""},""after_capture"":{""started_nanos"":""60703022577"",""finished_nanos"":""60703270512""}},{""container_id"":""10028b10b23ed1edac966104f0500332c97f07a29e5cf050bdbde34d37003442"",""before_capture"":{""started_nanos"":""51062671110"",""finished_nanos"":""51062918808""},""after_capture"":{""started_nanos"":""61011550794"",""finished_nanos"":""61011782548""}},{""container_id"":""a3ae12fc4dfb8edd7789cc2e3c6e91196763062b4c0993be00572efec13c6136"",""before_capture"":{""started_nanos"":""51359622049"",""finished_nanos"":""51359882336""},""after_capture"":{""started_nanos"":""61264009187"",""finished_nanos"":""61264232144""}},{""container_id"":""69666b9be89043b97f42b6d3064c7307a86fedd922a1b5fcb0931748e8cc1506"",""before_capture"":{""started_nanos"":""51498582649"",""finished_nanos"":""51498823849""},""after_capture"":{""started_nanos"":""61404210750"",""finished_nanos"":""61404547230""}},{""container_id"":""fa8f375145f8bb48631cac71277065ccebf96f7d02ea2d48aa268c6d95f076ab"",""before_capture"":{""started_nanos"":""51983761016"",""finished_nanos"":""51983989679""},""after_capture"":{""started_nanos"":""61853629134"",""finished_nanos"":""61853900988""}},{""container_id"":""b5de7cb2d551200d4a82400ec5496269ce653afa10665538f1241740e0e5ccfe"",""before_capture"":{""started_nanos"":""52201118452"",""finished_nanos"":""52201350069""},""after_capture"":{""started_nanos"":""62069459630"",""finished_nanos"":""62069729275""}},{""container_id"":""eaa1595c9502f6da751991cad016521845924390f4c81085c7d50e9086c09355"",""before_capture"":{""started_nanos"":""51906679636"",""finished_nanos"":""51906910881""},""after_capture"":{""started_nanos"":""61798967655"",""finished_nanos"":""61799193861""}},{""container_id"":""26f4fa4d30312358521a01ee8cf1d7c1402c16160fcfc9e9ea231a884b08381f"",""before_capture"":{""started_nanos"":""52158517997"",""finished_nanos"":""52158787396""},""after_capture"":{""started_nanos"":""62049460028"",""finished_nanos"":""62049729433""}},{""container_id"":""6bb44358d45caa1e4e5207d3bd407a111183101a992aaf276e03c6f4fb14ccbb"",""before_capture"":{""started_nanos"":""52594105633"",""finished_nanos"":""52594703122""},""after_capture"":{""started_nanos"":""62507229941"",""finished_nanos"":""62507574003""}},{""container_id"":""ee3b7d1238af0a2332a0bb4ca97a6459c799dd9265ba49d7df370025031c2259"",""before_capture"":{""started_nanos"":""52971364960"",""finished_nanos"":""52996231752""},""after_capture"":{""started_nanos"":""62834237970"",""finished_nanos"":""62834494645""}},{""container_id"":""08438f2c1aa62f92f87a0101938dca11d5f3872c1345d94fa5e43a13ab30f524"",""before_capture"":{""started_nanos"":""53163635550"",""finished_nanos"":""53163880210""},""after_capture"":{""started_nanos"":""62966402043"",""finished_nanos"":""62966709464""}},{""container_id"":""0ff690704e831bf24b52d7f093356ec5f08cdd64238df8b189bd3df1470532f5"",""before_capture"":{""started_nanos"":""53420377818"",""finished_nanos"":""53420611088""},""after_capture"":{""started_nanos"":""63239499204"",""finished_nanos"":""63239729200""}},{""container_id"":""9a7533def59f9abdb14abd270720a1c17de6edad4ffe29893156b455ac2c7ce6"",""before_capture"":{""started_nanos"":""53789994779"",""finished_nanos"":""53790254176""},""after_capture"":{""started_nanos"":""63599428470"",""finished_nanos"":""63599682416""}},{""container_id"":""680152de833f19617e16dd4e970f94310d25441a12e02c20e2ef40af000304af"",""before_capture"":{""started_nanos"":""54074910123"",""finished_nanos"":""54075155641""},""after_capture"":{""started_nanos"":""63866289186"",""finished_nanos"":""63866525710""}},{""container_id"":""19e16c47b41bb2985fbb8e47cdfa5736e879856b66ffc186d3900c283aa60d96"",""before_capture"":{""started_nanos"":""54874106963"",""finished_nanos"":""54874371293""},""after_capture"":{""started_nanos"":""64658565105"",""finished_nanos"":""64658797104""}},{""container_id"":""08a86b9c80053d1961fbd3b5a920e2002825dcf711b45f86cfae1d4f15947c37"",""before_capture"":{""started_nanos"":""54724098753"",""finished_nanos"":""54724432547""},""after_capture"":{""started_nanos"":""64524180998"",""finished_nanos"":""64524495342""}},{""container_id"":""2a4af9bda9fff0b0eac8d81d82a8809b572d6ac0657ce10fe1eddbae45f6d1ec"",""before_capture"":{""started_nanos"":""55369740213"",""finished_nanos"":""55370002679""},""after_capture"":{""started_nanos"":""65156768234"",""finished_nanos"":""65157107149""}},{""container_id"":""17ea08b97adc53e8f7499717256b6e888f38bd9d5e9203cc01dd3ca1470e9364"",""before_capture"":{""started_nanos"":""55380363068"",""finished_nanos"":""55380589733""},""after_capture"":{""started_nanos"":""65184049664"",""finished_nanos"":""65184333605""}},{""container_id"":""a3ea0ef55c0459ef67d9678bcd46c51a313969386eb0255b86a98060cbc1b9f8"",""before_capture"":{""started_nanos"":""55809269903"",""finished_nanos"":""55809484528""},""after_capture"":{""started_nanos"":""65581073270"",""finished_nanos"":""65581320842""}},{""container_id"":""9e448de96036849bd9ff181e4286ea1347c78ec9d6633439f03a33b9c0defea3"",""before_capture"":{""started_nanos"":""55976026676"",""finished_nanos"":""55976278048""},""after_capture"":{""started_nanos"":""65763323175"",""finished_nanos"":""65763665133""}}]",0,0,0,0,0,0,0,0,323584,0,0,0,303554,9196,294357,66,0,0,"{""child.rss_bytes"":""149291008"",""child.threads"":""96"",""child.fd_count"":""352"",""child.listener_count"":""32"",""wrapper.rss_bytes"":""120848384"",""wrapper.threads"":""96"",""wrapper.fd_count"":""608"",""wrapper.listener_count"":""32"",""cgroup.memory_current_bytes"":""60215296"",""cgroup.sum_leaf_lifetime_memory_peak_bytes"":""189222912"",""cgroup.memory_swap_current_bytes"":""0"",""cgroup.pids_current"":""192"",""cgroup.cpu.usage_usec"":""3626631"",""cgroup.cpu.user_usec"":""575201"",""cgroup.cpu.system_usec"":""3051414"",""cgroup.cpu.nr_periods"":""593"",""cgroup.cpu.nr_throttled"":""82"",""cgroup.cpu.throttled_usec"":""4162238""}","{""child.rss_bytes"":""149291008"",""child.threads"":""96"",""child.fd_count"":""352"",""child.listener_count"":""32"",""wrapper.rss_bytes"":""120848384"",""wrapper.threads"":""96"",""wrapper.fd_count"":""608"",""wrapper.listener_count"":""32"",""cgroup.memory_current_bytes"":""60538880"",""cgroup.sum_leaf_lifetime_memory_peak_bytes"":""189222912"",""cgroup.memory_swap_current_bytes"":""0"",""cgroup.pids_current"":""192"",""cgroup.cpu.usage_usec"":""3930185"",""cgroup.cpu.user_usec"":""584397"",""cgroup.cpu.system_usec"":""3345771"",""cgroup.cpu.nr_periods"":""659"",""cgroup.cpu.nr_throttled"":""82"",""cgroup.cpu.throttled_usec"":""4162238""}"
2,2,native,1,ready,250242979,851740338,"[{""container_id"":""30d93c67fba3ec01232c8ef054a8ea7eb88dac5ea3553317b66f5bc5c0a92495"",""before_capture"":{""started_nanos"":""1959847413"",""finished_nanos"":""1960086385""},""after_capture"":{""started_nanos"":""2513064747"",""finished_nanos"":""2513288951""}}]",0,0,0,0,131072,0,0,0,167936,0,0,0,8317,0,8317,2,0,0,"{""child.rss_bytes"":""4718592"",""child.threads"":""3"",""child.fd_count"":""11"",""child.listener_count"":""1"",""wrapper.rss_bytes"":""3801088"",""wrapper.threads"":""3"",""wrapper.fd_count"":""19"",""wrapper.listener_count"":""1"",""cgroup.memory_current_bytes"":""1609728"",""cgroup.sum_leaf_lifetime_memory_peak_bytes"":""6053888"",""cgroup.memory_swap_current_bytes"":""0"",""cgroup.pids_current"":""6"",""cgroup.cpu.usage_usec"":""52585"",""cgroup.cpu.user_usec"":""4016"",""cgroup.cpu.system_usec"":""48568"",""cgroup.cpu.nr_periods"":""5"",""cgroup.cpu.nr_throttled"":""0"",""cgroup.cpu.throttled_usec"":""0""}","{""child.rss_bytes"":""4718592"",""child.threads"":""3"",""child.fd_count"":""11"",""child.listener_count"":""1"",""wrapper.rss_bytes"":""3932160"",""wrapper.threads"":""3"",""wrapper.fd_count"":""19"",""wrapper.listener_count"":""1"",""cgroup.memory_current_bytes"":""1777664"",""cgroup.sum_leaf_lifetime_memory_peak_bytes"":""6053888"",""cgroup.memory_swap_current_bytes"":""0"",""cgroup.pids_current"":""6"",""cgroup.cpu.usage_usec"":""60902"",""cgroup.cpu.user_usec"":""4016"",""cgroup.cpu.system_usec"":""56885"",""cgroup.cpu.nr_periods"":""7"",""cgroup.cpu.nr_throttled"":""0"",""cgroup.cpu.throttled_usec"":""0""}"
2,2,native,1,served,250320412,860720218,"[{""container_id"":""30d93c67fba3ec01232c8ef054a8ea7eb88dac5ea3553317b66f5bc5c0a92495"",""before_capture"":{""started_nanos"":""2999888507"",""finished_nanos"":""3000127231""},""after_capture"":{""started_nanos"":""3538005681"",""finished_nanos"":""3538243724""}}]",0,0,0,0,0,0,0,0,12288,0,0,0,7467,0,7467,2,0,0,"{""child.rss_bytes"":""4718592"",""child.threads"":""3"",""child.fd_count"":""11"",""child.listener_count"":""1"",""wrapper.rss_bytes"":""3932160"",""wrapper.threads"":""3"",""wrapper.fd_count"":""19"",""wrapper.listener_count"":""1"",""cgroup.memory_current_bytes"":""1830912"",""cgroup.sum_leaf_lifetime_memory_peak_bytes"":""6053888"",""cgroup.memory_swap_current_bytes"":""0"",""cgroup.pids_current"":""6"",""cgroup.cpu.usage_usec"":""70895"",""cgroup.cpu.user_usec"":""4016"",""cgroup.cpu.system_usec"":""66878"",""cgroup.cpu.nr_periods"":""9"",""cgroup.cpu.nr_throttled"":""0"",""cgroup.cpu.throttled_usec"":""0""}","{""child.rss_bytes"":""4718592"",""child.threads"":""3"",""child.fd_count"":""11"",""child.listener_count"":""1"",""wrapper.rss_bytes"":""3932160"",""wrapper.threads"":""3"",""wrapper.fd_count"":""19"",""wrapper.listener_count"":""1"",""cgroup.memory_current_bytes"":""1843200"",""cgroup.sum_leaf_lifetime_memory_peak_bytes"":""6053888"",""cgroup.memory_swap_current_bytes"":""0"",""cgroup.pids_current"":""6"",""cgroup.cpu.usage_usec"":""78362"",""cgroup.cpu.user_usec"":""4016"",""cgroup.cpu.system_usec"":""74345"",""cgroup.cpu.nr_periods"":""11"",""cgroup.cpu.nr_throttled"":""0"",""cgroup.cpu.throttled_usec"":""0""}"
2,2,native,1,final,250251236,832362212,"[{""container_id"":""30d93c67fba3ec01232c8ef054a8ea7eb88dac5ea3553317b66f5bc5c0a92495"",""before_capture"":{""started_nanos"":""4185325090"",""finished_nanos"":""4185554012""},""after_capture"":{""started_nanos"":""4694900731"",""finished_nanos"":""4695253205""}}]",0,0,0,0,0,0,0,0,16384,0,0,0,11574,156,11418,2,0,0,"{""child.rss_bytes"":""4980736"",""child.threads"":""3"",""child.fd_count"":""11"",""child.listener_count"":""1"",""wrapper.rss_bytes"":""3932160"",""wrapper.threads"":""3"",""wrapper.fd_count"":""19"",""wrapper.listener_count"":""1"",""cgroup.memory_current_bytes"":""2019328"",""cgroup.sum_leaf_lifetime_memory_peak_bytes"":""6053888"",""cgroup.memory_swap_current_bytes"":""0"",""cgroup.pids_current"":""6"",""cgroup.cpu.usage_usec"":""162386"",""cgroup.cpu.user_usec"":""36085"",""cgroup.cpu.system_usec"":""126300"",""cgroup.cpu.nr_periods"":""16"",""cgroup.cpu.nr_throttled"":""0"",""cgroup.cpu.throttled_usec"":""0""}","{""child.rss_bytes"":""4980736"",""child.threads"":""3"",""child.fd_count"":""11"",""child.listener_count"":""1"",""wrapper.rss_bytes"":""3932160"",""wrapper.threads"":""3"",""wrapper.fd_count"":""19"",""wrapper.listener_count"":""1"",""cgroup.memory_current_bytes"":""2035712"",""cgroup.sum_leaf_lifetime_memory_peak_bytes"":""6053888"",""cgroup.memory_swap_current_bytes"":""0"",""cgroup.pids_current"":""6"",""cgroup.cpu.usage_usec"":""173960"",""cgroup.cpu.user_usec"":""36241"",""cgroup.cpu.system_usec"":""137718"",""cgroup.cpu.nr_periods"":""18"",""cgroup.cpu.nr_throttled"":""0"",""cgroup.cpu.throttled_usec"":""0""}"
2,3,lsf,1,ready,250192705,788175614,"[{""container_id"":""4fdf3cabdcce00c051ab2b0611694533be38b5caff0ff9ee3ddc65476723d7f1"",""before_capture"":{""started_nanos"":""2119510814"",""finished_nanos"":""2119762793""},""after_capture"":{""started_nanos"":""2634857655"",""finished_nanos"":""2635197055""}}]",0,0,0,0,131072,0,0,0,192512,0,0,0,12112,554,11558,5,0,0,"{""child.rss_bytes"":""12320768"",""child.threads"":""7"",""child.fd_count"":""17"",""child.listener_count"":""1"",""wrapper.rss_bytes"":""3801088"",""wrapper.threads"":""3"",""wrapper.fd_count"":""19"",""wrapper.listener_count"":""1"",""cgroup.memory_current_bytes"":""2650112"",""cgroup.sum_leaf_lifetime_memory_peak_bytes"":""7213056"",""cgroup.memory_swap_current_bytes"":""0"",""cgroup.pids_current"":""10"",""cgroup.cpu.usage_usec"":""62231"",""cgroup.cpu.user_usec"":""15557"",""cgroup.cpu.system_usec"":""46673"",""cgroup.cpu.nr_periods"":""20"",""cgroup.cpu.nr_throttled"":""0"",""cgroup.cpu.throttled_usec"":""0""}","{""child.rss_bytes"":""12320768"",""child.threads"":""7"",""child.fd_count"":""17"",""child.listener_count"":""1"",""wrapper.rss_bytes"":""3932160"",""wrapper.threads"":""3"",""wrapper.fd_count"":""19"",""wrapper.listener_count"":""1"",""cgroup.memory_current_bytes"":""2842624"",""cgroup.sum_leaf_lifetime_memory_peak_bytes"":""7213056"",""cgroup.memory_swap_current_bytes"":""0"",""cgroup.pids_current"":""10"",""cgroup.cpu.usage_usec"":""74343"",""cgroup.cpu.user_usec"":""16111"",""cgroup.cpu.system_usec"":""58231"",""cgroup.cpu.nr_periods"":""25"",""cgroup.cpu.nr_throttled"":""0"",""cgroup.cpu.throttled_usec"":""0""}"
2,3,lsf,1,served,250270001,841676381,"[{""container_id"":""4fdf3cabdcce00c051ab2b0611694533be38b5caff0ff9ee3ddc65476723d7f1"",""before_capture"":{""started_nanos"":""3132618796"",""finished_nanos"":""3132863604""},""after_capture"":{""started_nanos"":""3682604146"",""finished_nanos"":""3682836487""}}]",0,0,0,0,0,0,0,0,274432,0,0,0,8696,1291,7406,4,0,0,"{""child.rss_bytes"":""22093824"",""child.threads"":""7"",""child.fd_count"":""18"",""child.listener_count"":""1"",""wrapper.rss_bytes"":""3932160"",""wrapper.threads"":""3"",""wrapper.fd_count"":""19"",""wrapper.listener_count"":""1"",""cgroup.memory_current_bytes"":""5361664"",""cgroup.sum_leaf_lifetime_memory_peak_bytes"":""7213056"",""cgroup.memory_swap_current_bytes"":""0"",""cgroup.pids_current"":""10"",""cgroup.cpu.usage_usec"":""128556"",""cgroup.cpu.user_usec"":""58057"",""cgroup.cpu.system_usec"":""70498"",""cgroup.cpu.nr_periods"":""30"",""cgroup.cpu.nr_throttled"":""0"",""cgroup.cpu.throttled_usec"":""0""}","{""child.rss_bytes"":""22093824"",""child.threads"":""7"",""child.fd_count"":""18"",""child.listener_count"":""1"",""wrapper.rss_bytes"":""3932160"",""wrapper.threads"":""3"",""wrapper.fd_count"":""19"",""wrapper.listener_count"":""1"",""cgroup.memory_current_bytes"":""5636096"",""cgroup.sum_leaf_lifetime_memory_peak_bytes"":""7213056"",""cgroup.memory_swap_current_bytes"":""0"",""cgroup.pids_current"":""10"",""cgroup.cpu.usage_usec"":""137252"",""cgroup.cpu.user_usec"":""59348"",""cgroup.cpu.system_usec"":""77904"",""cgroup.cpu.nr_periods"":""34"",""cgroup.cpu.nr_throttled"":""0"",""cgroup.cpu.throttled_usec"":""0""}"
2,3,lsf,1,final,250122282,825177898,"[{""container_id"":""4fdf3cabdcce00c051ab2b0611694533be38b5caff0ff9ee3ddc65476723d7f1"",""before_capture"":{""started_nanos"":""4437012901"",""finished_nanos"":""4437277234""},""after_capture"":{""started_nanos"":""5003018875"",""finished_nanos"":""5003246281""}}]",0,0,0,0,0,0,0,0,16384,0,0,0,10092,1038,9054,4,0,0,"{""child.rss_bytes"":""25239552"",""child.threads"":""7"",""child.fd_count"":""18"",""child.listener_count"":""1"",""wrapper.rss_bytes"":""3932160"",""wrapper.threads"":""3"",""wrapper.fd_count"":""19"",""wrapper.listener_count"":""1"",""cgroup.memory_current_bytes"":""8548352"",""cgroup.sum_leaf_lifetime_memory_peak_bytes"":""10936320"",""cgroup.memory_swap_current_bytes"":""0"",""cgroup.pids_current"":""10"",""cgroup.cpu.usage_usec"":""381231"",""cgroup.cpu.user_usec"":""203046"",""cgroup.cpu.system_usec"":""178184"",""cgroup.cpu.nr_periods"":""41"",""cgroup.cpu.nr_throttled"":""0"",""cgroup.cpu.throttled_usec"":""0""}","{""child.rss_bytes"":""25239552"",""child.threads"":""7"",""child.fd_count"":""18"",""child.listener_count"":""1"",""wrapper.rss_bytes"":""3932160"",""wrapper.threads"":""3"",""wrapper.fd_count"":""19"",""wrapper.listener_count"":""1"",""cgroup.memory_current_bytes"":""8564736"",""cgroup.sum_leaf_lifetime_memory_peak_bytes"":""10936320"",""cgroup.memory_swap_current_bytes"":""0"",""cgroup.pids_current"":""10"",""cgroup.cpu.usage_usec"":""391323"",""cgroup.cpu.user_usec"":""204084"",""cgroup.cpu.system_usec"":""187238"",""cgroup.cpu.nr_periods"":""45"",""cgroup.cpu.nr_throttled"":""0"",""cgroup.cpu.throttled_usec"":""0""}"
2,4,lsf,8,ready,250186235,839632130,"[{""container_id"":""09016b1ceffb2aafebc235a4f89e99a8a8df347ccce688b16639252ae26cf79a"",""before_capture"":{""started_nanos"":""2036617754"",""finished_nanos"":""2036847705""},""after_capture"":{""started_nanos"":""2599603483"",""finished_nanos"":""2599820798""}}]",0,0,0,0,131072,0,0,0,-4096,0,0,0,12930,1358,11571,5,0,0,"{""child.rss_bytes"":""12582912"",""child.threads"":""7"",""child.fd_count"":""24"",""child.listener_count"":""1"",""wrapper.rss_bytes"":""3801088"",""wrapper.threads"":""3"",""wrapper.fd_count"":""33"",""wrapper.listener_count"":""1"",""cgroup.memory_current_bytes"":""3514368"",""cgroup.sum_leaf_lifetime_memory_peak_bytes"":""7450624"",""cgroup.memory_swap_current_bytes"":""0"",""cgroup.pids_current"":""10"",""cgroup.cpu.usage_usec"":""73347"",""cgroup.cpu.user_usec"":""25887"",""cgroup.cpu.system_usec"":""47460"",""cgroup.cpu.nr_periods"":""16"",""cgroup.cpu.nr_throttled"":""0"",""cgroup.cpu.throttled_usec"":""0""}","{""child.rss_bytes"":""12582912"",""child.threads"":""7"",""child.fd_count"":""24"",""child.listener_count"":""1"",""wrapper.rss_bytes"":""3932160"",""wrapper.threads"":""3"",""wrapper.fd_count"":""33"",""wrapper.listener_count"":""1"",""cgroup.memory_current_bytes"":""3510272"",""cgroup.sum_leaf_lifetime_memory_peak_bytes"":""7450624"",""cgroup.memory_swap_current_bytes"":""0"",""cgroup.pids_current"":""10"",""cgroup.cpu.usage_usec"":""86277"",""cgroup.cpu.user_usec"":""27245"",""cgroup.cpu.system_usec"":""59031"",""cgroup.cpu.nr_periods"":""21"",""cgroup.cpu.nr_throttled"":""0"",""cgroup.cpu.throttled_usec"":""0""}"
2,4,lsf,8,served,250303257,872569998,"[{""container_id"":""09016b1ceffb2aafebc235a4f89e99a8a8df347ccce688b16639252ae26cf79a"",""before_capture"":{""started_nanos"":""3355998143"",""finished_nanos"":""3356239076""},""after_capture"":{""started_nanos"":""3883600238"",""finished_nanos"":""3883826812""}}]",0,0,0,0,0,0,0,0,40960,0,0,0,12046,3977,8069,5,0,0,"{""child.rss_bytes"":""23896064"",""child.threads"":""7"",""child.fd_count"":""32"",""child.listener_count"":""1"",""wrapper.rss_bytes"":""3932160"",""wrapper.threads"":""3"",""wrapper.fd_count"":""33"",""wrapper.listener_count"":""1"",""cgroup.memory_current_bytes"":""7692288"",""cgroup.sum_leaf_lifetime_memory_peak_bytes"":""8536064"",""cgroup.memory_swap_current_bytes"":""0"",""cgroup.pids_current"":""10"",""cgroup.cpu.usage_usec"":""396141"",""cgroup.cpu.user_usec"":""327422"",""cgroup.cpu.system_usec"":""68718"",""cgroup.cpu.nr_periods"":""28"",""cgroup.cpu.nr_throttled"":""0"",""cgroup.cpu.throttled_usec"":""0""}","{""child.rss_bytes"":""23896064"",""child.threads"":""7"",""child.fd_count"":""32"",""child.listener_count"":""1"",""wrapper.rss_bytes"":""3932160"",""wrapper.threads"":""3"",""wrapper.fd_count"":""33"",""wrapper.listener_count"":""1"",""cgroup.memory_current_bytes"":""7733248"",""cgroup.sum_leaf_lifetime_memory_peak_bytes"":""8536064"",""cgroup.memory_swap_current_bytes"":""0"",""cgroup.pids_current"":""10"",""cgroup.cpu.usage_usec"":""408187"",""cgroup.cpu.user_usec"":""331399"",""cgroup.cpu.system_usec"":""76787"",""cgroup.cpu.nr_periods"":""33"",""cgroup.cpu.nr_throttled"":""0"",""cgroup.cpu.throttled_usec"":""0""}"
2,4,lsf,8,final,250133668,867026856,"[{""container_id"":""09016b1ceffb2aafebc235a4f89e99a8a8df347ccce688b16639252ae26cf79a"",""before_capture"":{""started_nanos"":""4373464509"",""finished_nanos"":""4373715403""},""after_capture"":{""started_nanos"":""4920449047"",""finished_nanos"":""4920669558""}}]",0,0,0,0,0,0,0,0,-28672,0,0,0,13272,4401,8870,3,0,0,"{""child.rss_bytes"":""25206784"",""child.threads"":""7"",""child.fd_count"":""32"",""child.listener_count"":""1"",""wrapper.rss_bytes"":""3932160"",""wrapper.threads"":""3"",""wrapper.fd_count"":""33"",""wrapper.listener_count"":""1"",""cgroup.memory_current_bytes"":""9150464"",""cgroup.sum_leaf_lifetime_memory_peak_bytes"":""10665984"",""cgroup.memory_swap_current_bytes"":""0"",""cgroup.pids_current"":""10"",""cgroup.cpu.usage_usec"":""455812"",""cgroup.cpu.user_usec"":""341859"",""cgroup.cpu.system_usec"":""113953"",""cgroup.cpu.nr_periods"":""38"",""cgroup.cpu.nr_throttled"":""0"",""cgroup.cpu.throttled_usec"":""0""}","{""child.rss_bytes"":""25206784"",""child.threads"":""7"",""child.fd_count"":""32"",""child.listener_count"":""1"",""wrapper.rss_bytes"":""3932160"",""wrapper.threads"":""3"",""wrapper.fd_count"":""33"",""wrapper.listener_count"":""1"",""cgroup.memory_current_bytes"":""9121792"",""cgroup.sum_leaf_lifetime_memory_peak_bytes"":""10665984"",""cgroup.memory_swap_current_bytes"":""0"",""cgroup.pids_current"":""10"",""cgroup.cpu.usage_usec"":""469084"",""cgroup.cpu.user_usec"":""346260"",""cgroup.cpu.system_usec"":""122823"",""cgroup.cpu.nr_periods"":""41"",""cgroup.cpu.nr_throttled"":""0"",""cgroup.cpu.throttled_usec"":""0""}"
2,5,native,8,ready,250231519,5093625302,"[{""container_id"":""1357dea1eef0200b4ddd5a5946649ccae1be6dcfba4e462d007ee284f19f7891"",""before_capture"":{""started_nanos"":""2945572236"",""finished_nanos"":""2945813667""},""after_capture"":{""started_nanos"":""5531680684"",""finished_nanos"":""5532034660""}},{""container_id"":""ae99e948a4b2be6af6462e232ef230f2210e5b9fb1b326912dff14cc027188e1"",""before_capture"":{""started_nanos"":""3165526234"",""finished_nanos"":""3165766487""},""after_capture"":{""started_nanos"":""5734726435"",""finished_nanos"":""5734988643""}},{""container_id"":""78ede4ff475d39c9479f3ecac87fb9366ecc7c300c222888fc4647ed5454d73f"",""before_capture"":{""started_nanos"":""3511182512"",""finished_nanos"":""3511437491""},""after_capture"":{""started_nanos"":""6056886648"",""finished_nanos"":""6057112054""}},{""container_id"":""1a0aae8544359e6dc5a85883bdd4764791cc30756d8987774d2c443a2880499f"",""before_capture"":{""started_nanos"":""3722890308"",""finished_nanos"":""3723135997""},""after_capture"":{""started_nanos"":""6302874752"",""finished_nanos"":""6303106776""}},{""container_id"":""c3b17e946ac7f0332eac9d9728669f36cace3031b27994a12936fd769f41978a"",""before_capture"":{""started_nanos"":""4010673419"",""finished_nanos"":""4011072384""},""after_capture"":{""started_nanos"":""6584348510"",""finished_nanos"":""6584606443""}},{""container_id"":""a24c36fd672033f84582965866af06528177b42f6a76fcc9d68c8a25bdf7336a"",""before_capture"":{""started_nanos"":""4234071898"",""finished_nanos"":""4234387302""},""after_capture"":{""started_nanos"":""6775933987"",""finished_nanos"":""6776165707""}},{""container_id"":""388fc7a36850611e807e2027b01f0ae1e77b966c6f4016cd74a241a090fa15ce"",""before_capture"":{""started_nanos"":""4563266829"",""finished_nanos"":""4563502398""},""after_capture"":{""started_nanos"":""7064471623"",""finished_nanos"":""7064746463""}},{""container_id"":""339351dbee88bbc025a7764a687cb1e12980f9d98abe14756fcf54e91e09a313"",""before_capture"":{""started_nanos"":""4864390787"",""finished_nanos"":""4864706856""},""after_capture"":{""started_nanos"":""7536127825"",""finished_nanos"":""7536358583""}}]",0,0,0,0,917504,0,0,0,1486848,0,0,0,75044,8909,66132,17,0,0,"{""child.rss_bytes"":""36700160"",""child.threads"":""24"",""child.fd_count"":""88"",""child.listener_count"":""8"",""wrapper.rss_bytes"":""28835840"",""wrapper.threads"":""24"",""wrapper.fd_count"":""152"",""wrapper.listener_count"":""8"",""cgroup.memory_current_bytes"":""12738560"",""cgroup.sum_leaf_lifetime_memory_peak_bytes"":""48455680"",""cgroup.memory_swap_current_bytes"":""0"",""cgroup.pids_current"":""48"",""cgroup.cpu.usage_usec"":""469809"",""cgroup.cpu.user_usec"":""106357"",""cgroup.cpu.system_usec"":""363451"",""cgroup.cpu.nr_periods"":""40"",""cgroup.cpu.nr_throttled"":""0"",""cgroup.cpu.throttled_usec"":""0""}","{""child.rss_bytes"":""36700160"",""child.threads"":""24"",""child.fd_count"":""88"",""child.listener_count"":""8"",""wrapper.rss_bytes"":""29753344"",""wrapper.threads"":""24"",""wrapper.fd_count"":""152"",""wrapper.listener_count"":""8"",""cgroup.memory_current_bytes"":""14225408"",""cgroup.sum_leaf_lifetime_memory_peak_bytes"":""48455680"",""cgroup.memory_swap_current_bytes"":""0"",""cgroup.pids_current"":""48"",""cgroup.cpu.usage_usec"":""544853"",""cgroup.cpu.user_usec"":""115266"",""cgroup.cpu.system_usec"":""429583"",""cgroup.cpu.nr_periods"":""57"",""cgroup.cpu.nr_throttled"":""0"",""cgroup.cpu.throttled_usec"":""0""}"
2,5,native,8,served,250201188,4917018072,"[{""container_id"":""1357dea1eef0200b4ddd5a5946649ccae1be6dcfba4e462d007ee284f19f7891"",""before_capture"":{""started_nanos"":""8236445671"",""finished_nanos"":""8236679414""},""after_capture"":{""started_nanos"":""10780113446"",""finished_nanos"":""10780346736""}},{""container_id"":""ae99e948a4b2be6af6462e232ef230f2210e5b9fb1b326912dff14cc027188e1"",""before_capture"":{""started_nanos"":""8481598081"",""finished_nanos"":""8481824113""},""after_capture"":{""started_nanos"":""11001141257"",""finished_nanos"":""11001375214""}},{""container_id"":""78ede4ff475d39c9479f3ecac87fb9366ecc7c300c222888fc4647ed5454d73f"",""before_capture"":{""started_nanos"":""8796017853"",""finished_nanos"":""8796256675""},""after_capture"":{""started_nanos"":""11322530828"",""finished_nanos"":""11322790217""}},{""container_id"":""1a0aae8544359e6dc5a85883bdd4764791cc30756d8987774d2c443a2880499f"",""before_capture"":{""started_nanos"":""8986699533"",""finished_nanos"":""8986948386""},""after_capture"":{""started_nanos"":""11526960946"",""finished_nanos"":""11527225185""}},{""container_id"":""c3b17e946ac7f0332eac9d9728669f36cace3031b27994a12936fd769f41978a"",""before_capture"":{""started_nanos"":""9245269560"",""finished_nanos"":""9245539601""},""after_capture"":{""started_nanos"":""11814276130"",""finished_nanos"":""11814614287""}},{""container_id"":""a24c36fd672033f84582965866af06528177b42f6a76fcc9d68c8a25bdf7336a"",""before_capture"":{""started_nanos"":""9463885386"",""finished_nanos"":""9464149193""},""after_capture"":{""started_nanos"":""12016697991"",""finished_nanos"":""12016994045""}},{""container_id"":""388fc7a36850611e807e2027b01f0ae1e77b966c6f4016cd74a241a090fa15ce"",""before_capture"":{""started_nanos"":""9753114223"",""finished_nanos"":""9753413935""},""after_capture"":{""started_nanos"":""12364401119"",""finished_nanos"":""12364632059""}},{""container_id"":""339351dbee88bbc025a7764a687cb1e12980f9d98abe14756fcf54e91e09a313"",""before_capture"":{""started_nanos"":""10094578622"",""finished_nanos"":""10094868194""},""after_capture"":{""started_nanos"":""12713184981"",""finished_nanos"":""12713474449""}}]",0,0,0,0,0,0,0,0,143360,0,0,0,61540,488,61053,17,0,0,"{""child.rss_bytes"":""37093376"",""child.threads"":""24"",""child.fd_count"":""88"",""child.listener_count"":""8"",""wrapper.rss_bytes"":""29884416"",""wrapper.threads"":""24"",""wrapper.fd_count"":""152"",""wrapper.listener_count"":""8"",""cgroup.memory_current_bytes"":""14618624"",""cgroup.sum_leaf_lifetime_memory_peak_bytes"":""48455680"",""cgroup.memory_swap_current_bytes"":""0"",""cgroup.pids_current"":""48"",""cgroup.cpu.usage_usec"":""623649"",""cgroup.cpu.user_usec"":""119023"",""cgroup.cpu.system_usec"":""504623"",""cgroup.cpu.nr_periods"":""82"",""cgroup.cpu.nr_throttled"":""0"",""cgroup.cpu.throttled_usec"":""0""}","{""child.rss_bytes"":""37093376"",""child.threads"":""24"",""child.fd_count"":""88"",""child.listener_count"":""8"",""wrapper.rss_bytes"":""29884416"",""wrapper.threads"":""24"",""wrapper.fd_count"":""152"",""wrapper.listener_count"":""8"",""cgroup.memory_current_bytes"":""14761984"",""cgroup.sum_leaf_lifetime_memory_peak_bytes"":""48455680"",""cgroup.memory_swap_current_bytes"":""0"",""cgroup.pids_current"":""48"",""cgroup.cpu.usage_usec"":""685189"",""cgroup.cpu.user_usec"":""119511"",""cgroup.cpu.system_usec"":""565676"",""cgroup.cpu.nr_periods"":""99"",""cgroup.cpu.nr_throttled"":""0"",""cgroup.cpu.throttled_usec"":""0""}"
2,5,native,8,final,250246886,4847382733,"[{""container_id"":""1357dea1eef0200b4ddd5a5946649ccae1be6dcfba4e462d007ee284f19f7891"",""before_capture"":{""started_nanos"":""13317883204"",""finished_nanos"":""13318140891""},""after_capture"":{""started_nanos"":""15914735642"",""finished_nanos"":""15915000604""}},{""container_id"":""ae99e948a4b2be6af6462e232ef230f2210e5b9fb1b326912dff14cc027188e1"",""before_capture"":{""started_nanos"":""13517498189"",""finished_nanos"":""13517731863""},""after_capture"":{""started_nanos"":""16112974883"",""finished_nanos"":""16113216086""}},{""container_id"":""78ede4ff475d39c9479f3ecac87fb9366ecc7c300c222888fc4647ed5454d73f"",""before_capture"":{""started_nanos"":""13848984423"",""finished_nanos"":""13849219196""},""after_capture"":{""started_nanos"":""16421628175"",""finished_nanos"":""16421865603""}},{""container_id"":""1a0aae8544359e6dc5a85883bdd4764791cc30756d8987774d2c443a2880499f"",""before_capture"":{""started_nanos"":""14085695692"",""finished_nanos"":""14086174615""},""after_capture"":{""started_nanos"":""16627215522"",""finished_nanos"":""16627513080""}},{""container_id"":""c3b17e946ac7f0332eac9d9728669f36cace3031b27994a12936fd769f41978a"",""before_capture"":{""started_nanos"":""14397311704"",""finished_nanos"":""14397549012""},""after_capture"":{""started_nanos"":""16921598531"",""finished_nanos"":""16921839737""}},{""container_id"":""a24c36fd672033f84582965866af06528177b42f6a76fcc9d68c8a25bdf7336a"",""before_capture"":{""started_nanos"":""14588527596"",""finished_nanos"":""14588770100""},""after_capture"":{""started_nanos"":""17132541051"",""finished_nanos"":""17132789385""}},{""container_id"":""388fc7a36850611e807e2027b01f0ae1e77b966c6f4016cd74a241a090fa15ce"",""before_capture"":{""started_nanos"":""14913487995"",""finished_nanos"":""14913718193""},""after_capture"":{""started_nanos"":""17400235550"",""finished_nanos"":""17400538270""}},{""container_id"":""339351dbee88bbc025a7764a687cb1e12980f9d98abe14756fcf54e91e09a313"",""before_capture"":{""started_nanos"":""15247766950"",""finished_nanos"":""15247985344""},""after_capture"":{""started_nanos"":""17720494784"",""finished_nanos"":""17720725211""}}]",0,0,0,0,0,0,0,0,114688,0,0,0,65570,875,64694,17,0,0,"{""child.rss_bytes"":""37093376"",""child.threads"":""24"",""child.fd_count"":""88"",""child.listener_count"":""8"",""wrapper.rss_bytes"":""29884416"",""wrapper.threads"":""24"",""wrapper.fd_count"":""152"",""wrapper.listener_count"":""8"",""cgroup.memory_current_bytes"":""15011840"",""cgroup.sum_leaf_lifetime_memory_peak_bytes"":""48455680"",""cgroup.memory_swap_current_bytes"":""0"",""cgroup.pids_current"":""48"",""cgroup.cpu.usage_usec"":""778497"",""cgroup.cpu.user_usec"":""121739"",""cgroup.cpu.system_usec"":""656757"",""cgroup.cpu.nr_periods"":""128"",""cgroup.cpu.nr_throttled"":""0"",""cgroup.cpu.throttled_usec"":""0""}","{""child.rss_bytes"":""37093376"",""child.threads"":""24"",""child.fd_count"":""88"",""child.listener_count"":""8"",""wrapper.rss_bytes"":""29884416"",""wrapper.threads"":""24"",""wrapper.fd_count"":""152"",""wrapper.listener_count"":""8"",""cgroup.memory_current_bytes"":""15126528"",""cgroup.sum_leaf_lifetime_memory_peak_bytes"":""48455680"",""cgroup.memory_swap_current_bytes"":""0"",""cgroup.pids_current"":""48"",""cgroup.cpu.usage_usec"":""844067"",""cgroup.cpu.user_usec"":""122614"",""cgroup.cpu.system_usec"":""721451"",""cgroup.cpu.nr_periods"":""145"",""cgroup.cpu.nr_throttled"":""0"",""cgroup.cpu.throttled_usec"":""0""}"
3,0,native,1,ready,250110350,809893169,"[{""container_id"":""1e7d2a81c7ff5d5c8486ca969d48024a5d79d8b8cd42ceb6e0aa22d3ebd25a59"",""before_capture"":{""started_nanos"":""1841666332"",""finished_nanos"":""1841902951""},""after_capture"":{""started_nanos"":""2377425247"",""finished_nanos"":""2377664224""}}]",0,0,0,0,131072,0,0,0,184320,0,0,0,9140,0,9140,2,0,0,"{""child.rss_bytes"":""4718592"",""child.threads"":""3"",""child.fd_count"":""11"",""child.listener_count"":""1"",""wrapper.rss_bytes"":""3801088"",""wrapper.threads"":""3"",""wrapper.fd_count"":""19"",""wrapper.listener_count"":""1"",""cgroup.memory_current_bytes"":""1601536"",""cgroup.sum_leaf_lifetime_memory_peak_bytes"":""6103040"",""cgroup.memory_swap_current_bytes"":""0"",""cgroup.pids_current"":""6"",""cgroup.cpu.usage_usec"":""52640"",""cgroup.cpu.user_usec"":""0"",""cgroup.cpu.system_usec"":""52640"",""cgroup.cpu.nr_periods"":""5"",""cgroup.cpu.nr_throttled"":""0"",""cgroup.cpu.throttled_usec"":""0""}","{""child.rss_bytes"":""4718592"",""child.threads"":""3"",""child.fd_count"":""11"",""child.listener_count"":""1"",""wrapper.rss_bytes"":""3932160"",""wrapper.threads"":""3"",""wrapper.fd_count"":""19"",""wrapper.listener_count"":""1"",""cgroup.memory_current_bytes"":""1785856"",""cgroup.sum_leaf_lifetime_memory_peak_bytes"":""6103040"",""cgroup.memory_swap_current_bytes"":""0"",""cgroup.pids_current"":""6"",""cgroup.cpu.usage_usec"":""61780"",""cgroup.cpu.user_usec"":""0"",""cgroup.cpu.system_usec"":""61780"",""cgroup.cpu.nr_periods"":""7"",""cgroup.cpu.nr_throttled"":""0"",""cgroup.cpu.throttled_usec"":""0""}"
3,0,native,1,served,250320847,829595302,"[{""container_id"":""1e7d2a81c7ff5d5c8486ca969d48024a5d79d8b8cd42ceb6e0aa22d3ebd25a59"",""before_capture"":{""started_nanos"":""2820385192"",""finished_nanos"":""2820691010""},""after_capture"":{""started_nanos"":""3330119599"",""finished_nanos"":""3330486377""}}]",0,0,0,0,0,0,0,0,16384,0,0,0,8979,0,8979,2,0,0,"{""child.rss_bytes"":""4718592"",""child.threads"":""3"",""child.fd_count"":""11"",""child.listener_count"":""1"",""wrapper.rss_bytes"":""3932160"",""wrapper.threads"":""3"",""wrapper.fd_count"":""19"",""wrapper.listener_count"":""1"",""cgroup.memory_current_bytes"":""1835008"",""cgroup.sum_leaf_lifetime_memory_peak_bytes"":""6103040"",""cgroup.memory_swap_current_bytes"":""0"",""cgroup.pids_current"":""6"",""cgroup.cpu.usage_usec"":""73697"",""cgroup.cpu.user_usec"":""0"",""cgroup.cpu.system_usec"":""73697"",""cgroup.cpu.nr_periods"":""9"",""cgroup.cpu.nr_throttled"":""0"",""cgroup.cpu.throttled_usec"":""0""}","{""child.rss_bytes"":""4718592"",""child.threads"":""3"",""child.fd_count"":""11"",""child.listener_count"":""1"",""wrapper.rss_bytes"":""3932160"",""wrapper.threads"":""3"",""wrapper.fd_count"":""19"",""wrapper.listener_count"":""1"",""cgroup.memory_current_bytes"":""1851392"",""cgroup.sum_leaf_lifetime_memory_peak_bytes"":""6103040"",""cgroup.memory_swap_current_bytes"":""0"",""cgroup.pids_current"":""6"",""cgroup.cpu.usage_usec"":""82676"",""cgroup.cpu.user_usec"":""0"",""cgroup.cpu.system_usec"":""82676"",""cgroup.cpu.nr_periods"":""11"",""cgroup.cpu.nr_throttled"":""0"",""cgroup.cpu.throttled_usec"":""0""}"
3,0,native,1,final,250255570,808292498,"[{""container_id"":""1e7d2a81c7ff5d5c8486ca969d48024a5d79d8b8cd42ceb6e0aa22d3ebd25a59"",""before_capture"":{""started_nanos"":""3929612414"",""finished_nanos"":""3929847918""},""after_capture"":{""started_nanos"":""4492956196"",""finished_nanos"":""4493213796""}}]",0,0,0,0,0,0,0,0,4096,0,0,0,8829,209,8619,2,0,0,"{""child.rss_bytes"":""4849664"",""child.threads"":""3"",""child.fd_count"":""11"",""child.listener_count"":""1"",""wrapper.rss_bytes"":""3932160"",""wrapper.threads"":""3"",""wrapper.fd_count"":""19"",""wrapper.listener_count"":""1"",""cgroup.memory_current_bytes"":""2019328"",""cgroup.sum_leaf_lifetime_memory_peak_bytes"":""6103040"",""cgroup.memory_swap_current_bytes"":""0"",""cgroup.pids_current"":""6"",""cgroup.cpu.usage_usec"":""166891"",""cgroup.cpu.user_usec"":""23287"",""cgroup.cpu.system_usec"":""143604"",""cgroup.cpu.nr_periods"":""15"",""cgroup.cpu.nr_throttled"":""0"",""cgroup.cpu.throttled_usec"":""0""}","{""child.rss_bytes"":""4849664"",""child.threads"":""3"",""child.fd_count"":""11"",""child.listener_count"":""1"",""wrapper.rss_bytes"":""3932160"",""wrapper.threads"":""3"",""wrapper.fd_count"":""19"",""wrapper.listener_count"":""1"",""cgroup.memory_current_bytes"":""2023424"",""cgroup.sum_leaf_lifetime_memory_peak_bytes"":""6103040"",""cgroup.memory_swap_current_bytes"":""0"",""cgroup.pids_current"":""6"",""cgroup.cpu.usage_usec"":""175720"",""cgroup.cpu.user_usec"":""23496"",""cgroup.cpu.system_usec"":""152223"",""cgroup.cpu.nr_periods"":""17"",""cgroup.cpu.nr_throttled"":""0"",""cgroup.cpu.throttled_usec"":""0""}"
3,1,lsf,1,ready,250202787,838409016,"[{""container_id"":""eef4f8cfb1ae7e1d49a4f7e15f0f4f6aaa41f709fd0353a68e79329a84ff2935"",""before_capture"":{""started_nanos"":""2050873494"",""finished_nanos"":""2051102152""},""after_capture"":{""started_nanos"":""2590254006"",""finished_nanos"":""2590481697""}}]",0,0,0,0,131072,0,0,0,192512,0,0,0,12522,1018,11504,5,0,0,"{""child.rss_bytes"":""12189696"",""child.threads"":""7"",""child.fd_count"":""17"",""child.listener_count"":""1"",""wrapper.rss_bytes"":""3538944"",""wrapper.threads"":""3"",""wrapper.fd_count"":""19"",""wrapper.listener_count"":""1"",""cgroup.memory_current_bytes"":""2666496"",""cgroup.sum_leaf_lifetime_memory_peak_bytes"":""6881280"",""cgroup.memory_swap_current_bytes"":""0"",""cgroup.pids_current"":""10"",""cgroup.cpu.usage_usec"":""68656"",""cgroup.cpu.user_usec"":""21125"",""cgroup.cpu.system_usec"":""47531"",""cgroup.cpu.nr_periods"":""17"",""cgroup.cpu.nr_throttled"":""0"",""cgroup.cpu.throttled_usec"":""0""}","{""child.rss_bytes"":""12189696"",""child.threads"":""7"",""child.fd_count"":""17"",""child.listener_count"":""1"",""wrapper.rss_bytes"":""3670016"",""wrapper.threads"":""3"",""wrapper.fd_count"":""19"",""wrapper.listener_count"":""1"",""cgroup.memory_current_bytes"":""2859008"",""cgroup.sum_leaf_lifetime_memory_peak_bytes"":""6881280"",""cgroup.memory_swap_current_bytes"":""0"",""cgroup.pids_current"":""10"",""cgroup.cpu.usage_usec"":""81178"",""cgroup.cpu.user_usec"":""22143"",""cgroup.cpu.system_usec"":""59035"",""cgroup.cpu.nr_periods"":""22"",""cgroup.cpu.nr_throttled"":""0"",""cgroup.cpu.throttled_usec"":""0""}"
3,1,lsf,1,served,250129412,784483116,"[{""container_id"":""eef4f8cfb1ae7e1d49a4f7e15f0f4f6aaa41f709fd0353a68e79329a84ff2935"",""before_capture"":{""started_nanos"":""3091515857"",""finished_nanos"":""3091747921""},""after_capture"":{""started_nanos"":""3618508467"",""finished_nanos"":""3618730680""}}]",0,0,0,0,0,0,0,0,12288,0,0,0,12468,1756,10713,5,0,0,"{""child.rss_bytes"":""21729280"",""child.threads"":""7"",""child.fd_count"":""18"",""child.listener_count"":""1"",""wrapper.rss_bytes"":""3670016"",""wrapper.threads"":""3"",""wrapper.fd_count"":""19"",""wrapper.listener_count"":""1"",""cgroup.memory_current_bytes"":""5455872"",""cgroup.sum_leaf_lifetime_memory_peak_bytes"":""6881280"",""cgroup.memory_swap_current_bytes"":""0"",""cgroup.pids_current"":""10"",""cgroup.cpu.usage_usec"":""132394"",""cgroup.cpu.user_usec"":""63914"",""cgroup.cpu.system_usec"":""68479"",""cgroup.cpu.nr_periods"":""26"",""cgroup.cpu.nr_throttled"":""0"",""cgroup.cpu.throttled_usec"":""0""}","{""child.rss_bytes"":""21729280"",""child.threads"":""7"",""child.fd_count"":""18"",""child.listener_count"":""1"",""wrapper.rss_bytes"":""3670016"",""wrapper.threads"":""3"",""wrapper.fd_count"":""19"",""wrapper.listener_count"":""1"",""cgroup.memory_current_bytes"":""5468160"",""cgroup.sum_leaf_lifetime_memory_peak_bytes"":""6881280"",""cgroup.memory_swap_current_bytes"":""0"",""cgroup.pids_current"":""10"",""cgroup.cpu.usage_usec"":""144862"",""cgroup.cpu.user_usec"":""65670"",""cgroup.cpu.system_usec"":""79192"",""cgroup.cpu.nr_periods"":""31"",""cgroup.cpu.nr_throttled"":""0"",""cgroup.cpu.throttled_usec"":""0""}"
3,1,lsf,1,final,250315838,849878418,"[{""container_id"":""eef4f8cfb1ae7e1d49a4f7e15f0f4f6aaa41f709fd0353a68e79329a84ff2935"",""before_capture"":{""started_nanos"":""4307348702"",""finished_nanos"":""4307610825""},""after_capture"":{""started_nanos"":""4880033620"",""finished_nanos"":""4880286838""}}]",0,0,0,0,0,0,0,0,12288,0,0,0,11425,0,11425,6,0,0,"{""child.rss_bytes"":""24875008"",""child.threads"":""7"",""child.fd_count"":""18"",""child.listener_count"":""1"",""wrapper.rss_bytes"":""3670016"",""wrapper.threads"":""3"",""wrapper.fd_count"":""19"",""wrapper.listener_count"":""1"",""cgroup.memory_current_bytes"":""8503296"",""cgroup.sum_leaf_lifetime_memory_peak_bytes"":""10813440"",""cgroup.memory_swap_current_bytes"":""0"",""cgroup.pids_current"":""10"",""cgroup.cpu.usage_usec"":""390062"",""cgroup.cpu.user_usec"":""199463"",""cgroup.cpu.system_usec"":""190598"",""cgroup.cpu.nr_periods"":""38"",""cgroup.cpu.nr_throttled"":""0"",""cgroup.cpu.throttled_usec"":""0""}","{""child.rss_bytes"":""24875008"",""child.threads"":""7"",""child.fd_count"":""18"",""child.listener_count"":""1"",""wrapper.rss_bytes"":""3670016"",""wrapper.threads"":""3"",""wrapper.fd_count"":""19"",""wrapper.listener_count"":""1"",""cgroup.memory_current_bytes"":""8515584"",""cgroup.sum_leaf_lifetime_memory_peak_bytes"":""10813440"",""cgroup.memory_swap_current_bytes"":""0"",""cgroup.pids_current"":""10"",""cgroup.cpu.usage_usec"":""401487"",""cgroup.cpu.user_usec"":""199463"",""cgroup.cpu.system_usec"":""202023"",""cgroup.cpu.nr_periods"":""44"",""cgroup.cpu.nr_throttled"":""0"",""cgroup.cpu.throttled_usec"":""0""}"
3,2,lsf,8,ready,250146638,792903854,"[{""container_id"":""f4da17c1ab7f5c25075ecbebaad5de43ff88fe0dce4f05b07bfa41c0c8dec1be"",""before_capture"":{""started_nanos"":""1922156596"",""finished_nanos"":""1922417139""},""after_capture"":{""started_nanos"":""2449437534"",""finished_nanos"":""2449708886""}}]",0,0,0,0,131072,0,0,0,258048,0,0,0,12416,894,11522,5,0,0,"{""child.rss_bytes"":""12713984"",""child.threads"":""7"",""child.fd_count"":""24"",""child.listener_count"":""1"",""wrapper.rss_bytes"":""3801088"",""wrapper.threads"":""3"",""wrapper.fd_count"":""33"",""wrapper.listener_count"":""1"",""cgroup.memory_current_bytes"":""3231744"",""cgroup.sum_leaf_lifetime_memory_peak_bytes"":""6828032"",""cgroup.memory_swap_current_bytes"":""0"",""cgroup.pids_current"":""10"",""cgroup.cpu.usage_usec"":""82114"",""cgroup.cpu.user_usec"":""32845"",""cgroup.cpu.system_usec"":""49268"",""cgroup.cpu.nr_periods"":""14"",""cgroup.cpu.nr_throttled"":""0"",""cgroup.cpu.throttled_usec"":""0""}","{""child.rss_bytes"":""12713984"",""child.threads"":""7"",""child.fd_count"":""24"",""child.listener_count"":""1"",""wrapper.rss_bytes"":""3932160"",""wrapper.threads"":""3"",""wrapper.fd_count"":""33"",""wrapper.listener_count"":""1"",""cgroup.memory_current_bytes"":""3489792"",""cgroup.sum_leaf_lifetime_memory_peak_bytes"":""6828032"",""cgroup.memory_swap_current_bytes"":""0"",""cgroup.pids_current"":""10"",""cgroup.cpu.usage_usec"":""94530"",""cgroup.cpu.user_usec"":""33739"",""cgroup.cpu.system_usec"":""60790"",""cgroup.cpu.nr_periods"":""19"",""cgroup.cpu.nr_throttled"":""0"",""cgroup.cpu.throttled_usec"":""0""}"
3,2,lsf,8,served,250144939,982345979,"[{""container_id"":""f4da17c1ab7f5c25075ecbebaad5de43ff88fe0dce4f05b07bfa41c0c8dec1be"",""before_capture"":{""started_nanos"":""3198337951"",""finished_nanos"":""3198598861""},""after_capture"":{""started_nanos"":""3823802249"",""finished_nanos"":""3824121032""}}]",0,0,0,0,0,0,0,0,36864,0,0,0,14838,1451,13387,4,0,0,"{""child.rss_bytes"":""23687168"",""child.threads"":""7"",""child.fd_count"":""32"",""child.listener_count"":""1"",""wrapper.rss_bytes"":""3932160"",""wrapper.threads"":""3"",""wrapper.fd_count"":""33"",""wrapper.listener_count"":""1"",""cgroup.memory_current_bytes"":""7528448"",""cgroup.sum_leaf_lifetime_memory_peak_bytes"":""8585216"",""cgroup.memory_swap_current_bytes"":""0"",""cgroup.pids_current"":""10"",""cgroup.cpu.usage_usec"":""399407"",""cgroup.cpu.user_usec"":""329945"",""cgroup.cpu.system_usec"":""69462"",""cgroup.cpu.nr_periods"":""27"",""cgroup.cpu.nr_throttled"":""0"",""cgroup.cpu.throttled_usec"":""0""}","{""child.rss_bytes"":""23687168"",""child.threads"":""7"",""child.fd_count"":""32"",""child.listener_count"":""1"",""wrapper.rss_bytes"":""3932160"",""wrapper.threads"":""3"",""wrapper.fd_count"":""33"",""wrapper.listener_count"":""1"",""cgroup.memory_current_bytes"":""7565312"",""cgroup.sum_leaf_lifetime_memory_peak_bytes"":""8585216"",""cgroup.memory_swap_current_bytes"":""0"",""cgroup.pids_current"":""10"",""cgroup.cpu.usage_usec"":""414245"",""cgroup.cpu.user_usec"":""331396"",""cgroup.cpu.system_usec"":""82849"",""cgroup.cpu.nr_periods"":""31"",""cgroup.cpu.nr_throttled"":""0"",""cgroup.cpu.throttled_usec"":""0""}"
3,2,lsf,8,final,250131742,828540681,"[{""container_id"":""f4da17c1ab7f5c25075ecbebaad5de43ff88fe0dce4f05b07bfa41c0c8dec1be"",""before_capture"":{""started_nanos"":""4385623079"",""finished_nanos"":""4385862354""},""after_capture"":{""started_nanos"":""4926584576"",""finished_nanos"":""4926857569""}}]",0,0,0,0,0,0,0,0,28672,0,0,0,12649,35,12615,4,0,0,"{""child.rss_bytes"":""24866816"",""child.threads"":""7"",""child.fd_count"":""32"",""child.listener_count"":""1"",""wrapper.rss_bytes"":""3932160"",""wrapper.threads"":""3"",""wrapper.fd_count"":""33"",""wrapper.listener_count"":""1"",""cgroup.memory_current_bytes"":""8925184"",""cgroup.sum_leaf_lifetime_memory_peak_bytes"":""10231808"",""cgroup.memory_swap_current_bytes"":""0"",""cgroup.pids_current"":""10"",""cgroup.cpu.usage_usec"":""470457"",""cgroup.cpu.user_usec"":""348642"",""cgroup.cpu.system_usec"":""121814"",""cgroup.cpu.nr_periods"":""36"",""cgroup.cpu.nr_throttled"":""0"",""cgroup.cpu.throttled_usec"":""0""}","{""child.rss_bytes"":""24866816"",""child.threads"":""7"",""child.fd_count"":""32"",""child.listener_count"":""1"",""wrapper.rss_bytes"":""3932160"",""wrapper.threads"":""3"",""wrapper.fd_count"":""33"",""wrapper.listener_count"":""1"",""cgroup.memory_current_bytes"":""8953856"",""cgroup.sum_leaf_lifetime_memory_peak_bytes"":""10231808"",""cgroup.memory_swap_current_bytes"":""0"",""cgroup.pids_current"":""10"",""cgroup.cpu.usage_usec"":""483106"",""cgroup.cpu.user_usec"":""348677"",""cgroup.cpu.system_usec"":""134429"",""cgroup.cpu.nr_periods"":""40"",""cgroup.cpu.nr_throttled"":""0"",""cgroup.cpu.throttled_usec"":""0""}"
3,3,native,8,ready,250198809,4905661073,"[{""container_id"":""172ce7f9b6491aba96807954c82c292875343440104e746a8e6b3d529a6861a9"",""before_capture"":{""started_nanos"":""3227631890"",""finished_nanos"":""3227973245""},""after_capture"":{""started_nanos"":""5915421232"",""finished_nanos"":""5915643114""}},{""container_id"":""1b4c513ea3e84dd1ea9e9aeb91b4b2d572d0dd720a44fe0f45bce17220875306"",""before_capture"":{""started_nanos"":""3462395580"",""finished_nanos"":""3462621819""},""after_capture"":{""started_nanos"":""6140054913"",""finished_nanos"":""6140289254""}},{""container_id"":""97080f84a78eb1b0bad2f9e4e52c2eafa587a516cafe41ed5dda7c1506b42362"",""before_capture"":{""started_nanos"":""3688448030"",""finished_nanos"":""3688690232""},""after_capture"":{""started_nanos"":""6363915875"",""finished_nanos"":""6364149950""}},{""container_id"":""f31ced16b3f6b7a871917c5dea54197b1a692400a66fe334fa99cbb1db0943e6"",""before_capture"":{""started_nanos"":""3916354070"",""finished_nanos"":""3916625047""},""after_capture"":{""started_nanos"":""6576894557"",""finished_nanos"":""6577127018""}},{""container_id"":""2df8307fbce359b1158f14f5bd95cbfee265a1c8e9e94fd021c56dd31a860824"",""before_capture"":{""started_nanos"":""4254101552"",""finished_nanos"":""4254320348""},""after_capture"":{""started_nanos"":""6879631002"",""finished_nanos"":""6879869956""}},{""container_id"":""42f6a17a0e49d0e2427a0c86a363c2cb5fb78be0a15a6f94d2c885d3d83d6b05"",""before_capture"":{""started_nanos"":""4520395060"",""finished_nanos"":""4520634543""},""after_capture"":{""started_nanos"":""7123493946"",""finished_nanos"":""7123752869""}},{""container_id"":""d7f3bbd264a85138724a35403229ddec9a5d62e90aa1fec92135286563c5b2db"",""before_capture"":{""started_nanos"":""4826766514"",""finished_nanos"":""4827089758""},""after_capture"":{""started_nanos"":""7393494104"",""finished_nanos"":""7393804471""}},{""container_id"":""ed57564d5e35b2ebd828a6b8b271174009bf79350e07d5ac3e7dc99e04c52ba7"",""before_capture"":{""started_nanos"":""5124576758"",""finished_nanos"":""5124848514""},""after_capture"":{""started_nanos"":""7639573789"",""finished_nanos"":""7639851322""}}]",0,0,0,0,1048576,0,0,0,1515520,0,0,0,74434,8028,66404,16,0,0,"{""child.rss_bytes"":""36962304"",""child.threads"":""24"",""child.fd_count"":""88"",""child.listener_count"":""8"",""wrapper.rss_bytes"":""29229056"",""wrapper.threads"":""24"",""wrapper.fd_count"":""152"",""wrapper.listener_count"":""8"",""cgroup.memory_current_bytes"":""12705792"",""cgroup.sum_leaf_lifetime_memory_peak_bytes"":""50155520"",""cgroup.memory_swap_current_bytes"":""0"",""cgroup.pids_current"":""48"",""cgroup.cpu.usage_usec"":""474555"",""cgroup.cpu.user_usec"":""114150"",""cgroup.cpu.system_usec"":""360400"",""cgroup.cpu.nr_periods"":""44"",""cgroup.cpu.nr_throttled"":""0"",""cgroup.cpu.throttled_usec"":""0""}","{""child.rss_bytes"":""36962304"",""child.threads"":""24"",""child.fd_count"":""88"",""child.listener_count"":""8"",""wrapper.rss_bytes"":""30277632"",""wrapper.threads"":""24"",""wrapper.fd_count"":""152"",""wrapper.listener_count"":""8"",""cgroup.memory_current_bytes"":""14221312"",""cgroup.sum_leaf_lifetime_memory_peak_bytes"":""50155520"",""cgroup.memory_swap_current_bytes"":""0"",""cgroup.pids_current"":""48"",""cgroup.cpu.usage_usec"":""548989"",""cgroup.cpu.user_usec"":""122178"",""cgroup.cpu.system_usec"":""426804"",""cgroup.cpu.nr_periods"":""60"",""cgroup.cpu.nr_throttled"":""0"",""cgroup.cpu.throttled_usec"":""0""}"
3,3,native,8,served,250228400,4957152864,"[{""container_id"":""172ce7f9b6491aba96807954c82c292875343440104e746a8e6b3d529a6861a9"",""before_capture"":{""started_nanos"":""8255329792"",""finished_nanos"":""8255565179""},""after_capture"":{""started_nanos"":""10812591646"",""finished_nanos"":""10812829781""}},{""container_id"":""1b4c513ea3e84dd1ea9e9aeb91b4b2d572d0dd720a44fe0f45bce17220875306"",""before_capture"":{""started_nanos"":""8477667671"",""finished_nanos"":""8477941526""},""after_capture"":{""started_nanos"":""11089060743"",""finished_nanos"":""11089388362""}},{""container_id"":""97080f84a78eb1b0bad2f9e4e52c2eafa587a516cafe41ed5dda7c1506b42362"",""before_capture"":{""started_nanos"":""8718987339"",""finished_nanos"":""8719292855""},""after_capture"":{""started_nanos"":""11314895849"",""finished_nanos"":""11315228508""}},{""container_id"":""f31ced16b3f6b7a871917c5dea54197b1a692400a66fe334fa99cbb1db0943e6"",""before_capture"":{""started_nanos"":""8958597622"",""finished_nanos"":""8958837873""},""after_capture"":{""started_nanos"":""11536977628"",""finished_nanos"":""11537256511""}},{""container_id"":""2df8307fbce359b1158f14f5bd95cbfee265a1c8e9e94fd021c56dd31a860824"",""before_capture"":{""started_nanos"":""9260784838"",""finished_nanos"":""9261026281""},""after_capture"":{""started_nanos"":""11884968110"",""finished_nanos"":""11885220303""}},{""container_id"":""42f6a17a0e49d0e2427a0c86a363c2cb5fb78be0a15a6f94d2c885d3d83d6b05"",""before_capture"":{""started_nanos"":""9499437870"",""finished_nanos"":""9499777383""},""after_capture"":{""started_nanos"":""12170086727"",""finished_nanos"":""12170336524""}},{""container_id"":""d7f3bbd264a85138724a35403229ddec9a5d62e90aa1fec92135286563c5b2db"",""before_capture"":{""started_nanos"":""9779068155"",""finished_nanos"":""9779285077""},""after_capture"":{""started_nanos"":""12468398493"",""finished_nanos"":""12468791918""}},{""container_id"":""ed57564d5e35b2ebd828a6b8b271174009bf79350e07d5ac3e7dc99e04c52ba7"",""before_capture"":{""started_nanos"":""10001820205"",""finished_nanos"":""10002052533""},""after_capture"":{""started_nanos"":""12726492454"",""finished_nanos"":""12726722994""}}]",0,0,0,0,0,0,0,0,118784,0,0,0,74399,899,73498,16,0,0,"{""child.rss_bytes"":""37355520"",""child.threads"":""24"",""child.fd_count"":""88"",""child.listener_count"":""8"",""wrapper.rss_bytes"":""30277632"",""wrapper.threads"":""24"",""wrapper.fd_count"":""152"",""wrapper.listener_count"":""8"",""cgroup.memory_current_bytes"":""14602240"",""cgroup.sum_leaf_lifetime_memory_peak_bytes"":""50155520"",""cgroup.memory_swap_current_bytes"":""0"",""cgroup.pids_current"":""48"",""cgroup.cpu.usage_usec"":""629636"",""cgroup.cpu.user_usec"":""129227"",""cgroup.cpu.system_usec"":""500407"",""cgroup.cpu.nr_periods"":""76"",""cgroup.cpu.nr_throttled"":""0"",""cgroup.cpu.throttled_usec"":""0""}","{""child.rss_bytes"":""37355520"",""child.threads"":""24"",""child.fd_count"":""88"",""child.listener_count"":""8"",""wrapper.rss_bytes"":""30277632"",""wrapper.threads"":""24"",""wrapper.fd_count"":""152"",""wrapper.listener_count"":""8"",""cgroup.memory_current_bytes"":""14721024"",""cgroup.sum_leaf_lifetime_memory_peak_bytes"":""50155520"",""cgroup.memory_swap_current_bytes"":""0"",""cgroup.pids_current"":""48"",""cgroup.cpu.usage_usec"":""704035"",""cgroup.cpu.user_usec"":""130126"",""cgroup.cpu.system_usec"":""573905"",""cgroup.cpu.nr_periods"":""92"",""cgroup.cpu.nr_throttled"":""0"",""cgroup.cpu.throttled_usec"":""0""}"
3,3,native,8,final,250279491,4706335848,"[{""container_id"":""172ce7f9b6491aba96807954c82c292875343440104e746a8e6b3d529a6861a9"",""before_capture"":{""started_nanos"":""13351064679"",""finished_nanos"":""13351299243""},""after_capture"":{""started_nanos"":""15832571921"",""finished_nanos"":""15832811540""}},{""container_id"":""1b4c513ea3e84dd1ea9e9aeb91b4b2d572d0dd720a44fe0f45bce17220875306"",""before_capture"":{""started_nanos"":""13564932462"",""finished_nanos"":""13565154981""},""after_capture"":{""started_nanos"":""16054620122"",""finished_nanos"":""16054878910""}},{""container_id"":""97080f84a78eb1b0bad2f9e4e52c2eafa587a516cafe41ed5dda7c1506b42362"",""before_capture"":{""started_nanos"":""13785589729"",""finished_nanos"":""13785821055""},""after_capture"":{""started_nanos"":""16248825177"",""finished_nanos"":""16249069512""}},{""container_id"":""f31ced16b3f6b7a871917c5dea54197b1a692400a66fe334fa99cbb1db0943e6"",""before_capture"":{""started_nanos"":""14012616279"",""finished_nanos"":""14013219506""},""after_capture"":{""started_nanos"":""16466963037"",""finished_nanos"":""16467184240""}},{""container_id"":""2df8307fbce359b1158f14f5bd95cbfee265a1c8e9e94fd021c56dd31a860824"",""before_capture"":{""started_nanos"":""14322049905"",""finished_nanos"":""14322380005""},""after_capture"":{""started_nanos"":""16769092284"",""finished_nanos"":""16769392722""}},{""container_id"":""42f6a17a0e49d0e2427a0c86a363c2cb5fb78be0a15a6f94d2c885d3d83d6b05"",""before_capture"":{""started_nanos"":""14557074127"",""finished_nanos"":""14557314073""},""after_capture"":{""started_nanos"":""17039137889"",""finished_nanos"":""17039459664""}},{""container_id"":""d7f3bbd264a85138724a35403229ddec9a5d62e90aa1fec92135286563c5b2db"",""before_capture"":{""started_nanos"":""14846235753"",""finished_nanos"":""14846569591""},""after_capture"":{""started_nanos"":""17327136690"",""finished_nanos"":""17327448772""}},{""container_id"":""ed57564d5e35b2ebd828a6b8b271174009bf79350e07d5ac3e7dc99e04c52ba7"",""before_capture"":{""started_nanos"":""15088877871"",""finished_nanos"":""15089127150""},""after_capture"":{""started_nanos"":""17571570002"",""finished_nanos"":""17571809811""}}]",0,0,0,0,0,0,0,0,389120,0,0,0,72881,1518,71362,17,0,0,"{""child.rss_bytes"":""37355520"",""child.threads"":""24"",""child.fd_count"":""88"",""child.listener_count"":""8"",""wrapper.rss_bytes"":""30277632"",""wrapper.threads"":""24"",""wrapper.fd_count"":""152"",""wrapper.listener_count"":""8"",""cgroup.memory_current_bytes"":""14970880"",""cgroup.sum_leaf_lifetime_memory_peak_bytes"":""50155520"",""cgroup.memory_swap_current_bytes"":""0"",""cgroup.pids_current"":""48"",""cgroup.cpu.usage_usec"":""791483"",""cgroup.cpu.user_usec"":""148198"",""cgroup.cpu.system_usec"":""643281"",""cgroup.cpu.nr_periods"":""123"",""cgroup.cpu.nr_throttled"":""0"",""cgroup.cpu.throttled_usec"":""0""}","{""child.rss_bytes"":""37355520"",""child.threads"":""24"",""child.fd_count"":""88"",""child.listener_count"":""8"",""wrapper.rss_bytes"":""30277632"",""wrapper.threads"":""24"",""wrapper.fd_count"":""152"",""wrapper.listener_count"":""8"",""cgroup.memory_current_bytes"":""15360000"",""cgroup.sum_leaf_lifetime_memory_peak_bytes"":""50155520"",""cgroup.memory_swap_current_bytes"":""0"",""cgroup.pids_current"":""48"",""cgroup.cpu.usage_usec"":""864364"",""cgroup.cpu.user_usec"":""149716"",""cgroup.cpu.system_usec"":""714643"",""cgroup.cpu.nr_periods"":""140"",""cgroup.cpu.nr_throttled"":""0"",""cgroup.cpu.throttled_usec"":""0""}"
3,4,native,32,ready,250113998,19763896588,"[{""container_id"":""e61f282df1d60b15dc803a6b4ae6e701ca5df59dd98972c32be18779b88793e6"",""before_capture"":{""started_nanos"":""8721415982"",""finished_nanos"":""8721651049""},""after_capture"":{""started_nanos"":""18581660046"",""finished_nanos"":""18581998139""}},{""container_id"":""b6f985abcdabc7c622b32405e0db585dc5a6431b3ce77affa71cf5211acf2d91"",""before_capture"":{""started_nanos"":""8937446582"",""finished_nanos"":""8937763798""},""after_capture"":{""started_nanos"":""18780015780"",""finished_nanos"":""18780359747""}},{""container_id"":""7e1528af38efed2909bec9762cdd75537a81ac2d54a03a8cca87bd75d512f3d6"",""before_capture"":{""started_nanos"":""9013810622"",""finished_nanos"":""9014140963""},""after_capture"":{""started_nanos"":""18787049940"",""finished_nanos"":""18787288084""}},{""container_id"":""e334078c5758da2e0102070677ea1926e86385ba4f9410377af048d531209407"",""before_capture"":{""started_nanos"":""9316173551"",""finished_nanos"":""9316407831""},""after_capture"":{""started_nanos"":""19102027185"",""finished_nanos"":""19102445546""}},{""container_id"":""59727a1e57ae2cdb1f95315ca92e7bb04ef0ee7addca80b4bd81a6b5644ea66a"",""before_capture"":{""started_nanos"":""8955822662"",""finished_nanos"":""8956059149""},""after_capture"":{""started_nanos"":""18757255857"",""finished_nanos"":""18757506476""}},{""container_id"":""064e7e26199dcc99cc043e83301f6398bf3ff2f04cb172b425ebb66557e07421"",""before_capture"":{""started_nanos"":""9115500644"",""finished_nanos"":""9115772648""},""after_capture"":{""started_nanos"":""18929535466"",""finished_nanos"":""18929792004""}},{""container_id"":""d58a0abbe976807190f4f387d006c376a666ee881ca7fc3897449a1a0b363bd5"",""before_capture"":{""started_nanos"":""9319419163"",""finished_nanos"":""9319646901""},""after_capture"":{""started_nanos"":""19175941050"",""finished_nanos"":""19176172217""}},{""container_id"":""bd2db2bd21f8ed48400ead535c6a1d12e7e3630cf14a618b0cdf27dedbc19d06"",""before_capture"":{""started_nanos"":""9596034392"",""finished_nanos"":""9596340046""},""after_capture"":{""started_nanos"":""19426147796"",""finished_nanos"":""19426409238""}},{""container_id"":""83b9bc0e0c2e4fb81f5f6f25489ef69cb8356e133981e98c44ad349b50da8b4c"",""before_capture"":{""started_nanos"":""9967848513"",""finished_nanos"":""9968183614""},""after_capture"":{""started_nanos"":""19840155094"",""finished_nanos"":""19840441626""}},{""container_id"":""57ebf1dc47e0eb10a7b38545b4c2bbf680936480b60281729dee1aa221533f23"",""before_capture"":{""started_nanos"":""10192434569"",""finished_nanos"":""10192694661""},""after_capture"":{""started_nanos"":""20093670675"",""finished_nanos"":""20093957074""}},{""container_id"":""0495f4613cd4c22a6fc407c345302da1c8dfabf17ff75fc455363487ef6b2be9"",""before_capture"":{""started_nanos"":""10327169898"",""finished_nanos"":""10327593567""},""after_capture"":{""started_nanos"":""20263438393"",""finished_nanos"":""20263700594""}},{""container_id"":""8f4480838bd62e790a643d06db21144bb0fdbe9e6d49ac69df9e7cf47b432a75"",""before_capture"":{""started_nanos"":""10714187281"",""finished_nanos"":""10714430984""},""after_capture"":{""started_nanos"":""20655475796"",""finished_nanos"":""20655701586""}},{""container_id"":""5d106af588f41fd693809d865bfae4fe78c89fdb3d17b026193bffbfa3030960"",""before_capture"":{""started_nanos"":""11066905463"",""finished_nanos"":""11067174614""},""after_capture"":{""started_nanos"":""21003017977"",""finished_nanos"":""21003422149""}},{""container_id"":""e2382de7e301dee2a696f867d596dae7398488fa411248932afb53e672531ed7"",""before_capture"":{""started_nanos"":""11367212441"",""finished_nanos"":""11367439469""},""after_capture"":{""started_nanos"":""21311191907"",""finished_nanos"":""21311450831""}},{""container_id"":""6381ea6173691a73250142c8ef494a38f347dbc78de34dc512bec8b2727007e7"",""before_capture"":{""started_nanos"":""11406183455"",""finished_nanos"":""11406479970""},""after_capture"":{""started_nanos"":""21376609366"",""finished_nanos"":""21376847370""}},{""container_id"":""10d860b9ead5a56e73521d86dcc137dd766480b2d94c61273b2923c091642733"",""before_capture"":{""started_nanos"":""11799542396"",""finished_nanos"":""11799780322""},""after_capture"":{""started_nanos"":""21785392094"",""finished_nanos"":""21785630896""}},{""container_id"":""9cd1c2151710452a2759b440af7b31086a79978b89a4751772429cea17173b26"",""before_capture"":{""started_nanos"":""11831367519"",""finished_nanos"":""11831604000""},""after_capture"":{""started_nanos"":""21835139559"",""finished_nanos"":""21835402299""}},{""container_id"":""590a0105b047665e6694187128e82cf6589ee52ce05de186da944ee187898a7d"",""before_capture"":{""started_nanos"":""12079682359"",""finished_nanos"":""12079957769""},""after_capture"":{""started_nanos"":""22154580678"",""finished_nanos"":""22154846634""}},{""container_id"":""7676bab6e509926b22f0c107f1b5062a5a749043046f86965eb96aa7c852479b"",""before_capture"":{""started_nanos"":""12406338304"",""finished_nanos"":""12406652679""},""after_capture"":{""started_nanos"":""22655819591"",""finished_nanos"":""22656037456""}},{""container_id"":""ad6c5663c8e2b449e15709175d694ed5f167d9049cd024c5238f19cd9a99e3a4"",""before_capture"":{""started_nanos"":""12472099235"",""finished_nanos"":""12472428677""},""after_capture"":{""started_nanos"":""22723735863"",""finished_nanos"":""22724008481""}},{""container_id"":""fa58632a4b4afff35a240f21dc52e626420e6d6527cd4b77d65d567c0f5dfa1f"",""before_capture"":{""started_nanos"":""13038438152"",""finished_nanos"":""13038779960""},""after_capture"":{""started_nanos"":""23262436559"",""finished_nanos"":""23262660260""}},{""container_id"":""d8690d68b34b45688272b6ecb295e0d518786bbff0a0a73a7aea314cec166efb"",""before_capture"":{""started_nanos"":""13289226670"",""finished_nanos"":""13289479269""},""after_capture"":{""started_nanos"":""23517385720"",""finished_nanos"":""23517655102""}},{""container_id"":""00e4a093bd86119aece498636a979905c36aca2417e6a798d9e2b7f6d3143801"",""before_capture"":{""started_nanos"":""13630717072"",""finished_nanos"":""13631030978""},""after_capture"":{""started_nanos"":""23895004003"",""finished_nanos"":""23895292905""}},{""container_id"":""7c86c255425eb4a643901c26d6d59ff3e19a002996a172154db3f6509aef4c29"",""before_capture"":{""started_nanos"":""13709701935"",""finished_nanos"":""13709941938""},""after_capture"":{""started_nanos"":""23954409275"",""finished_nanos"":""23954646495""}},{""container_id"":""a0a4ded77df6360f3414a801b7d818b5c81c2af37da0629f7da29095a656acef"",""before_capture"":{""started_nanos"":""14083718120"",""finished_nanos"":""14083961212""},""after_capture"":{""started_nanos"":""24260341894"",""finished_nanos"":""24260626730""}},{""container_id"":""e0994ea6556dab03445132e9c24104649a47c4a5b1bf61f2aac4117c3510821c"",""before_capture"":{""started_nanos"":""14542949739"",""finished_nanos"":""14543301239""},""after_capture"":{""started_nanos"":""24760375680"",""finished_nanos"":""24760715692""}},{""container_id"":""a091e7f399c86ec8474c276e3fecafa8c32205b793e8a86e57d74b3bb90623fc"",""before_capture"":{""started_nanos"":""14830094847"",""finished_nanos"":""14830380439""},""after_capture"":{""started_nanos"":""25050310682"",""finished_nanos"":""25050547749""}},{""container_id"":""620fe9a0bebfab98dc5115d6c67f6820551b91997d2bbc73796f26fd4725ee4f"",""before_capture"":{""started_nanos"":""14854002703"",""finished_nanos"":""14854238470""},""after_capture"":{""started_nanos"":""25127692984"",""finished_nanos"":""25127971411""}},{""container_id"":""6c84891f83e08e29da5b924926521275f820eca5f852c094210d877b77b8e10d"",""before_capture"":{""started_nanos"":""15456233521"",""finished_nanos"":""15456587985""},""after_capture"":{""started_nanos"":""25664920266"",""finished_nanos"":""25665155536""}},{""container_id"":""63180e2ac8cf189c0ba1b1e49175a39cec0b1206b2dd8ec2af80051fa14ac239"",""before_capture"":{""started_nanos"":""15797553701"",""finished_nanos"":""15797770914""},""after_capture"":{""started_nanos"":""26029902665"",""finished_nanos"":""26030126099""}},{""container_id"":""2bc724d62f74ae4ea4f3ee9df22f3f3df291314343312e3a3567c5a16c205ba8"",""before_capture"":{""started_nanos"":""15812173606"",""finished_nanos"":""15812473099""},""after_capture"":{""started_nanos"":""26002255465"",""finished_nanos"":""26002485880""}},{""container_id"":""33ea98bcdd7304bd60dbad320bf1202f3e42cdc08c31fb06a1a1803b2e2d85f2"",""before_capture"":{""started_nanos"":""16407859153"",""finished_nanos"":""16408091147""},""after_capture"":{""started_nanos"":""26561422726"",""finished_nanos"":""26561709340""}}]",0,0,0,0,3407872,0,0,0,5660672,0,0,0,320395,13808,306584,66,1,28103,"{""child.rss_bytes"":""146276352"",""child.threads"":""96"",""child.fd_count"":""352"",""child.listener_count"":""32"",""wrapper.rss_bytes"":""116523008"",""wrapper.threads"":""96"",""wrapper.fd_count"":""608"",""wrapper.listener_count"":""32"",""cgroup.memory_current_bytes"":""51208192"",""cgroup.sum_leaf_lifetime_memory_peak_bytes"":""187052032"",""cgroup.memory_swap_current_bytes"":""0"",""cgroup.pids_current"":""192"",""cgroup.cpu.usage_usec"":""2105733"",""cgroup.cpu.user_usec"":""463819"",""cgroup.cpu.system_usec"":""1641903"",""cgroup.cpu.nr_periods"":""270"",""cgroup.cpu.nr_throttled"":""67"",""cgroup.cpu.throttled_usec"":""3080739""}","{""child.rss_bytes"":""146276352"",""child.threads"":""96"",""child.fd_count"":""352"",""child.listener_count"":""32"",""wrapper.rss_bytes"":""119930880"",""wrapper.threads"":""96"",""wrapper.fd_count"":""608"",""wrapper.listener_count"":""32"",""cgroup.memory_current_bytes"":""56868864"",""cgroup.sum_leaf_lifetime_memory_peak_bytes"":""187052032"",""cgroup.memory_swap_current_bytes"":""0"",""cgroup.pids_current"":""192"",""cgroup.cpu.usage_usec"":""2426128"",""cgroup.cpu.user_usec"":""477627"",""cgroup.cpu.system_usec"":""1948487"",""cgroup.cpu.nr_periods"":""336"",""cgroup.cpu.nr_throttled"":""68"",""cgroup.cpu.throttled_usec"":""3108842""}"
3,4,native,32,served,250115375,19390417253,"[{""container_id"":""e61f282df1d60b15dc803a6b4ae6e701ca5df59dd98972c32be18779b88793e6"",""before_capture"":{""started_nanos"":""28643131628"",""finished_nanos"":""28643469472""},""after_capture"":{""started_nanos"":""38630884888"",""finished_nanos"":""38631147270""}},{""container_id"":""b6f985abcdabc7c622b32405e0db585dc5a6431b3ce77affa71cf5211acf2d91"",""before_capture"":{""started_nanos"":""28868397441"",""finished_nanos"":""28868664269""},""after_capture"":{""started_nanos"":""38806771867"",""finished_nanos"":""38807001694""}},{""container_id"":""7e1528af38efed2909bec9762cdd75537a81ac2d54a03a8cca87bd75d512f3d6"",""before_capture"":{""started_nanos"":""28905412618"",""finished_nanos"":""28905719009""},""after_capture"":{""started_nanos"":""38807153704"",""finished_nanos"":""38807421576""}},{""container_id"":""e334078c5758da2e0102070677ea1926e86385ba4f9410377af048d531209407"",""before_capture"":{""started_nanos"":""29214326482"",""finished_nanos"":""29214562053""},""after_capture"":{""started_nanos"":""39077080590"",""finished_nanos"":""39077313071""}},{""container_id"":""59727a1e57ae2cdb1f95315ca92e7bb04ef0ee7addca80b4bd81a6b5644ea66a"",""before_capture"":{""started_nanos"":""28911011237"",""finished_nanos"":""28911315124""},""after_capture"":{""started_nanos"":""38712768608"",""finished_nanos"":""38712975664""}},{""container_id"":""064e7e26199dcc99cc043e83301f6398bf3ff2f04cb172b425ebb66557e07421"",""before_capture"":{""started_nanos"":""29083181419"",""finished_nanos"":""29083461041""},""after_capture"":{""started_nanos"":""38923085960"",""finished_nanos"":""38923339697""}},{""container_id"":""d58a0abbe976807190f4f387d006c376a666ee881ca7fc3897449a1a0b363bd5"",""before_capture"":{""started_nanos"":""29334048174"",""finished_nanos"":""29334281798""},""after_capture"":{""started_nanos"":""39212055503"",""finished_nanos"":""39212338220""}},{""container_id"":""bd2db2bd21f8ed48400ead535c6a1d12e7e3630cf14a618b0cdf27dedbc19d06"",""before_capture"":{""started_nanos"":""29582668810"",""finished_nanos"":""29582968408""},""after_capture"":{""started_nanos"":""39443789103"",""finished_nanos"":""39444065183""}},{""container_id"":""83b9bc0e0c2e4fb81f5f6f25489ef69cb8356e133981e98c44ad349b50da8b4c"",""before_capture"":{""started_nanos"":""29944260357"",""finished_nanos"":""29944517753""},""after_capture"":{""started_nanos"":""39820218141"",""finished_nanos"":""39820460107""}},{""container_id"":""57ebf1dc47e0eb10a7b38545b4c2bbf680936480b60281729dee1aa221533f23"",""before_capture"":{""started_nanos"":""30223473015"",""finished_nanos"":""30223727154""},""after_capture"":{""started_nanos"":""40082506833"",""finished_nanos"":""40082755328""}},{""container_id"":""0495f4613cd4c22a6fc407c345302da1c8dfabf17ff75fc455363487ef6b2be9"",""before_capture"":{""started_nanos"":""30417820055"",""finished_nanos"":""30418071862""},""after_capture"":{""started_nanos"":""40214422802"",""finished_nanos"":""40214656874""}},{""container_id"":""8f4480838bd62e790a643d06db21144bb0fdbe9e6d49ac69df9e7cf47b432a75"",""before_capture"":{""started_nanos"":""30817614128"",""finished_nanos"":""30817940819""},""after_capture"":{""started_nanos"":""40574079464"",""finished_nanos"":""40574356427""}},{""container_id"":""5d106af588f41fd693809d865bfae4fe78c89fdb3d17b026193bffbfa3030960"",""before_capture"":{""started_nanos"":""31177493236"",""finished_nanos"":""31177727196""},""after_capture"":{""started_nanos"":""40899987805"",""finished_nanos"":""40900506226""}},{""container_id"":""e2382de7e301dee2a696f867d596dae7398488fa411248932afb53e672531ed7"",""before_capture"":{""started_nanos"":""31471595392"",""finished_nanos"":""31471826539""},""after_capture"":{""started_nanos"":""41233999622"",""finished_nanos"":""41234424285""}},{""container_id"":""6381ea6173691a73250142c8ef494a38f347dbc78de34dc512bec8b2727007e7"",""before_capture"":{""started_nanos"":""31502059822"",""finished_nanos"":""31502299477""},""after_capture"":{""started_nanos"":""41294262041"",""finished_nanos"":""41294566276""}},{""container_id"":""10d860b9ead5a56e73521d86dcc137dd766480b2d94c61273b2923c091642733"",""before_capture"":{""started_nanos"":""31904710198"",""finished_nanos"":""31904980989""},""after_capture"":{""started_nanos"":""41701552895"",""finished_nanos"":""41701772121""}},{""container_id"":""9cd1c2151710452a2759b440af7b31086a79978b89a4751772429cea17173b26"",""before_capture"":{""started_nanos"":""31949420248"",""finished_nanos"":""31949665923""},""after_capture"":{""started_nanos"":""41774463199"",""finished_nanos"":""41774695248""}},{""container_id"":""590a0105b047665e6694187128e82cf6589ee52ce05de186da944ee187898a7d"",""before_capture"":{""started_nanos"":""32141517290"",""finished_nanos"":""32142215581""},""after_capture"":{""started_nanos"":""41960109704"",""finished_nanos"":""41960343201""}},{""container_id"":""7676bab6e509926b22f0c107f1b5062a5a749043046f86965eb96aa7c852479b"",""before_capture"":{""started_nanos"":""32511374439"",""finished_nanos"":""32511734081""},""after_capture"":{""started_nanos"":""42289326801"",""finished_nanos"":""42289736595""}},{""container_id"":""ad6c5663c8e2b449e15709175d694ed5f167d9049cd024c5238f19cd9a99e3a4"",""before_capture"":{""started_nanos"":""32603889627"",""finished_nanos"":""32604140271""},""after_capture"":{""started_nanos"":""42344133657"",""finished_nanos"":""42344456299""}},{""container_id"":""fa58632a4b4afff35a240f21dc52e626420e6d6527cd4b77d65d567c0f5dfa1f"",""before_capture"":{""started_nanos"":""33159932955"",""finished_nanos"":""33160285819""},""after_capture"":{""started_nanos"":""42896460644"",""finished_nanos"":""42896686794""}},{""container_id"":""d8690d68b34b45688272b6ecb295e0d518786bbff0a0a73a7aea314cec166efb"",""before_capture"":{""started_nanos"":""33423155118"",""finished_nanos"":""33423386177""},""after_capture"":{""started_nanos"":""43152051392"",""finished_nanos"":""43152286417""}},{""container_id"":""00e4a093bd86119aece498636a979905c36aca2417e6a798d9e2b7f6d3143801"",""before_capture"":{""started_nanos"":""33775070638"",""finished_nanos"":""33775318653""},""after_capture"":{""started_nanos"":""43531750941"",""finished_nanos"":""43532032149""}},{""container_id"":""7c86c255425eb4a643901c26d6d59ff3e19a002996a172154db3f6509aef4c29"",""before_capture"":{""started_nanos"":""33849468951"",""finished_nanos"":""33849730515""},""after_capture"":{""started_nanos"":""43540842735"",""finished_nanos"":""43541087949""}},{""container_id"":""a0a4ded77df6360f3414a801b7d818b5c81c2af37da0629f7da29095a656acef"",""before_capture"":{""started_nanos"":""34174768575"",""finished_nanos"":""34175058213""},""after_capture"":{""started_nanos"":""43876274162"",""finished_nanos"":""43876625129""}},{""container_id"":""e0994ea6556dab03445132e9c24104649a47c4a5b1bf61f2aac4117c3510821c"",""before_capture"":{""started_nanos"":""34646943832"",""finished_nanos"":""34647292351""},""after_capture"":{""started_nanos"":""44335607595"",""finished_nanos"":""44335865298""}},{""container_id"":""a091e7f399c86ec8474c276e3fecafa8c32205b793e8a86e57d74b3bb90623fc"",""before_capture"":{""started_nanos"":""34959758573"",""finished_nanos"":""34960008746""},""after_capture"":{""started_nanos"":""44613048950"",""finished_nanos"":""44613374804""}},{""container_id"":""620fe9a0bebfab98dc5115d6c67f6820551b91997d2bbc73796f26fd4725ee4f"",""before_capture"":{""started_nanos"":""34982883402"",""finished_nanos"":""34983140652""},""after_capture"":{""started_nanos"":""44673797570"",""finished_nanos"":""44674029336""}},{""container_id"":""6c84891f83e08e29da5b924926521275f820eca5f852c094210d877b77b8e10d"",""before_capture"":{""started_nanos"":""35543403852"",""finished_nanos"":""35543645006""},""after_capture"":{""started_nanos"":""45248734117"",""finished_nanos"":""45248965993""}},{""container_id"":""63180e2ac8cf189c0ba1b1e49175a39cec0b1206b2dd8ec2af80051fa14ac239"",""before_capture"":{""started_nanos"":""35912531581"",""finished_nanos"":""35912777374""},""after_capture"":{""started_nanos"":""45591169728"",""finished_nanos"":""45591395719""}},{""container_id"":""2bc724d62f74ae4ea4f3ee9df22f3f3df291314343312e3a3567c5a16c205ba8"",""before_capture"":{""started_nanos"":""35899923672"",""finished_nanos"":""35900146574""},""after_capture"":{""started_nanos"":""45582619614"",""finished_nanos"":""45582843550""}},{""container_id"":""33ea98bcdd7304bd60dbad320bf1202f3e42cdc08c31fb06a1a1803b2e2d85f2"",""before_capture"":{""started_nanos"":""36459674313"",""finished_nanos"":""36459935685""},""after_capture"":{""started_nanos"":""46119200514"",""finished_nanos"":""46119430213""}}]",0,0,0,0,0,0,0,0,561152,0,0,0,315719,14424,301292,68,0,0,"{""child.rss_bytes"":""148635648"",""child.threads"":""96"",""child.fd_count"":""352"",""child.listener_count"":""32"",""wrapper.rss_bytes"":""120586240"",""wrapper.threads"":""96"",""wrapper.fd_count"":""608"",""wrapper.listener_count"":""32"",""cgroup.memory_current_bytes"":""58662912"",""cgroup.sum_leaf_lifetime_memory_peak_bytes"":""187052032"",""cgroup.memory_swap_current_bytes"":""0"",""cgroup.pids_current"":""192"",""cgroup.cpu.usage_usec"":""2743344"",""cgroup.cpu.user_usec"":""489521"",""cgroup.cpu.system_usec"":""2253811"",""cgroup.cpu.nr_periods"":""413"",""cgroup.cpu.nr_throttled"":""68"",""cgroup.cpu.throttled_usec"":""3108842""}","{""child.rss_bytes"":""148635648"",""child.threads"":""96"",""child.fd_count"":""352"",""child.listener_count"":""32"",""wrapper.rss_bytes"":""120586240"",""wrapper.threads"":""96"",""wrapper.fd_count"":""608"",""wrapper.listener_count"":""32"",""cgroup.memory_current_bytes"":""59224064"",""cgroup.sum_leaf_lifetime_memory_peak_bytes"":""187052032"",""cgroup.memory_swap_current_bytes"":""0"",""cgroup.pids_current"":""192"",""cgroup.cpu.usage_usec"":""3059063"",""cgroup.cpu.user_usec"":""503945"",""cgroup.cpu.system_usec"":""2555103"",""cgroup.cpu.nr_periods"":""481"",""cgroup.cpu.nr_throttled"":""68"",""cgroup.cpu.throttled_usec"":""3108842""}"
3,4,native,32,final,250148440,19132344576,"[{""container_id"":""e61f282df1d60b15dc803a6b4ae6e701ca5df59dd98972c32be18779b88793e6"",""before_capture"":{""started_nanos"":""48221902440"",""finished_nanos"":""48222161195""},""after_capture"":{""started_nanos"":""57949670312"",""finished_nanos"":""57949929470""}},{""container_id"":""b6f985abcdabc7c622b32405e0db585dc5a6431b3ce77affa71cf5211acf2d91"",""before_capture"":{""started_nanos"":""48400712176"",""finished_nanos"":""48400975804""},""after_capture"":{""started_nanos"":""58127537757"",""finished_nanos"":""58127768328""}},{""container_id"":""7e1528af38efed2909bec9762cdd75537a81ac2d54a03a8cca87bd75d512f3d6"",""before_capture"":{""started_nanos"":""48451821580"",""finished_nanos"":""48452096928""},""after_capture"":{""started_nanos"":""58170853121"",""finished_nanos"":""58171140764""}},{""container_id"":""e334078c5758da2e0102070677ea1926e86385ba4f9410377af048d531209407"",""before_capture"":{""started_nanos"":""48750676638"",""finished_nanos"":""48750918389""},""after_capture"":{""started_nanos"":""58435710713"",""finished_nanos"":""58435934972""}},{""container_id"":""59727a1e57ae2cdb1f95315ca92e7bb04ef0ee7addca80b4bd81a6b5644ea66a"",""before_capture"":{""started_nanos"":""48430456631"",""finished_nanos"":""48430703345""},""after_capture"":{""started_nanos"":""58072424190"",""finished_nanos"":""58072658460""}},{""container_id"":""064e7e26199dcc99cc043e83301f6398bf3ff2f04cb172b425ebb66557e07421"",""before_capture"":{""started_nanos"":""48567151678"",""finished_nanos"":""48567364946""},""after_capture"":{""started_nanos"":""58218212121"",""finished_nanos"":""58218489151""}},{""container_id"":""d58a0abbe976807190f4f387d006c376a666ee881ca7fc3897449a1a0b363bd5"",""before_capture"":{""started_nanos"":""48825617802"",""finished_nanos"":""48825875921""},""after_capture"":{""started_nanos"":""58465566902"",""finished_nanos"":""58465835212""}},{""container_id"":""bd2db2bd21f8ed48400ead535c6a1d12e7e3630cf14a618b0cdf27dedbc19d06"",""before_capture"":{""started_nanos"":""49053690485"",""finished_nanos"":""49054176434""},""after_capture"":{""started_nanos"":""58715672700"",""finished_nanos"":""58715970933""}},{""container_id"":""83b9bc0e0c2e4fb81f5f6f25489ef69cb8356e133981e98c44ad349b50da8b4c"",""before_capture"":{""started_nanos"":""49470715052"",""finished_nanos"":""49470950403""},""after_capture"":{""started_nanos"":""59091920036"",""finished_nanos"":""59092151227""}},{""container_id"":""57ebf1dc47e0eb10a7b38545b4c2bbf680936480b60281729dee1aa221533f23"",""before_capture"":{""started_nanos"":""49691395202"",""finished_nanos"":""49691709686""},""after_capture"":{""started_nanos"":""59334628473"",""finished_nanos"":""59334883911""}},{""container_id"":""0495f4613cd4c22a6fc407c345302da1c8dfabf17ff75fc455363487ef6b2be9"",""before_capture"":{""started_nanos"":""49859130468"",""finished_nanos"":""49859380126""},""after_capture"":{""started_nanos"":""59520963488"",""finished_nanos"":""59521190450""}},{""container_id"":""8f4480838bd62e790a643d06db21144bb0fdbe9e6d49ac69df9e7cf47b432a75"",""before_capture"":{""started_nanos"":""50242031773"",""finished_nanos"":""50242266219""},""after_capture"":{""started_nanos"":""59870561369"",""finished_nanos"":""59870800657""}},{""container_id"":""5d106af588f41fd693809d865bfae4fe78c89fdb3d17b026193bffbfa3030960"",""before_capture"":{""started_nanos"":""50583078706"",""finished_nanos"":""50583327591""},""after_capture"":{""started_nanos"":""60247710788"",""finished_nanos"":""60248013385""}},{""container_id"":""e2382de7e301dee2a696f867d596dae7398488fa411248932afb53e672531ed7"",""before_capture"":{""started_nanos"":""50841148544"",""finished_nanos"":""50841401411""},""after_capture"":{""started_nanos"":""60551603248"",""finished_nanos"":""60551936068""}},{""container_id"":""6381ea6173691a73250142c8ef494a38f347dbc78de34dc512bec8b2727007e7"",""before_capture"":{""started_nanos"":""50933643938"",""finished_nanos"":""50934007486""},""after_capture"":{""started_nanos"":""60602194256"",""finished_nanos"":""60602454986""}},{""container_id"":""10d860b9ead5a56e73521d86dcc137dd766480b2d94c61273b2923c091642733"",""before_capture"":{""started_nanos"":""51307733913"",""finished_nanos"":""51308023815""},""after_capture"":{""started_nanos"":""61018057009"",""finished_nanos"":""61018257511""}},{""container_id"":""9cd1c2151710452a2759b440af7b31086a79978b89a4751772429cea17173b26"",""before_capture"":{""started_nanos"":""51318932945"",""finished_nanos"":""51319170246""},""after_capture"":{""started_nanos"":""61018769651"",""finished_nanos"":""61019036291""}},{""container_id"":""590a0105b047665e6694187128e82cf6589ee52ce05de186da944ee187898a7d"",""before_capture"":{""started_nanos"":""51500418354"",""finished_nanos"":""51500648596""},""after_capture"":{""started_nanos"":""61208200282"",""finished_nanos"":""61208542602""}},{""container_id"":""7676bab6e509926b22f0c107f1b5062a5a749043046f86965eb96aa7c852479b"",""before_capture"":{""started_nanos"":""51846721524"",""finished_nanos"":""51846960024""},""after_capture"":{""started_nanos"":""61543032375"",""finished_nanos"":""61543278207""}},{""container_id"":""ad6c5663c8e2b449e15709175d694ed5f167d9049cd024c5238f19cd9a99e3a4"",""before_capture"":{""started_nanos"":""51936544873"",""finished_nanos"":""51936787036""},""after_capture"":{""started_nanos"":""61612122017"",""finished_nanos"":""61612388383""}},{""container_id"":""fa58632a4b4afff35a240f21dc52e626420e6d6527cd4b77d65d567c0f5dfa1f"",""before_capture"":{""started_nanos"":""52457419149"",""finished_nanos"":""52457658583""},""after_capture"":{""started_nanos"":""62199195932"",""finished_nanos"":""62199420990""}},{""container_id"":""d8690d68b34b45688272b6ecb295e0d518786bbff0a0a73a7aea314cec166efb"",""before_capture"":{""started_nanos"":""52701603450"",""finished_nanos"":""52701856790""},""after_capture"":{""started_nanos"":""62437359859"",""finished_nanos"":""62437624740""}},{""container_id"":""00e4a093bd86119aece498636a979905c36aca2417e6a798d9e2b7f6d3143801"",""before_capture"":{""started_nanos"":""53054235337"",""finished_nanos"":""53054473202""},""after_capture"":{""started_nanos"":""62778932103"",""finished_nanos"":""62779220967""}},{""container_id"":""7c86c255425eb4a643901c26d6d59ff3e19a002996a172154db3f6509aef4c29"",""before_capture"":{""started_nanos"":""53105474581"",""finished_nanos"":""53105738043""},""after_capture"":{""started_nanos"":""62882730227"",""finished_nanos"":""62882958683""}},{""container_id"":""a0a4ded77df6360f3414a801b7d818b5c81c2af37da0629f7da29095a656acef"",""before_capture"":{""started_nanos"":""53464326249"",""finished_nanos"":""53464609594""},""after_capture"":{""started_nanos"":""63235891281"",""finished_nanos"":""63236126410""}},{""container_id"":""e0994ea6556dab03445132e9c24104649a47c4a5b1bf61f2aac4117c3510821c"",""before_capture"":{""started_nanos"":""53976148317"",""finished_nanos"":""53976503219""},""after_capture"":{""started_nanos"":""63693302359"",""finished_nanos"":""63693587066""}},{""container_id"":""a091e7f399c86ec8474c276e3fecafa8c32205b793e8a86e57d74b3bb90623fc"",""before_capture"":{""started_nanos"":""54304029165"",""finished_nanos"":""54304326462""},""after_capture"":{""started_nanos"":""63992601558"",""finished_nanos"":""63992859906""}},{""container_id"":""620fe9a0bebfab98dc5115d6c67f6820551b91997d2bbc73796f26fd4725ee4f"",""before_capture"":{""started_nanos"":""54336388185"",""finished_nanos"":""54336638446""},""after_capture"":{""started_nanos"":""64009776988"",""finished_nanos"":""64010023300""}},{""container_id"":""6c84891f83e08e29da5b924926521275f820eca5f852c094210d877b77b8e10d"",""before_capture"":{""started_nanos"":""54923098128"",""finished_nanos"":""54923328781""},""after_capture"":{""started_nanos"":""64555946809"",""finished_nanos"":""64556181100""}},{""container_id"":""63180e2ac8cf189c0ba1b1e49175a39cec0b1206b2dd8ec2af80051fa14ac239"",""before_capture"":{""started_nanos"":""55248012950"",""finished_nanos"":""55248299229""},""after_capture"":{""started_nanos"":""64882789149"",""finished_nanos"":""64883054416""}},{""container_id"":""2bc724d62f74ae4ea4f3ee9df22f3f3df291314343312e3a3567c5a16c205ba8"",""before_capture"":{""started_nanos"":""55222474019"",""finished_nanos"":""55222698400""},""after_capture"":{""started_nanos"":""64878996425"",""finished_nanos"":""64879293658""}},{""container_id"":""33ea98bcdd7304bd60dbad320bf1202f3e42cdc08c31fb06a1a1803b2e2d85f2"",""before_capture"":{""started_nanos"":""55814930964"",""finished_nanos"":""55815154327""},""after_capture"":{""started_nanos"":""65426955573"",""finished_nanos"":""65427198698""}}]",0,0,0,0,0,0,0,0,561152,0,0,0,313532,14188,299344,64,0,0,"{""child.rss_bytes"":""148766720"",""child.threads"":""96"",""child.fd_count"":""352"",""child.listener_count"":""32"",""wrapper.rss_bytes"":""120717312"",""wrapper.threads"":""96"",""wrapper.fd_count"":""608"",""wrapper.listener_count"":""32"",""cgroup.memory_current_bytes"":""60264448"",""cgroup.sum_leaf_lifetime_memory_peak_bytes"":""187052032"",""cgroup.memory_swap_current_bytes"":""0"",""cgroup.pids_current"":""192"",""cgroup.cpu.usage_usec"":""3419690"",""cgroup.cpu.user_usec"":""555150"",""cgroup.cpu.system_usec"":""2864525"",""cgroup.cpu.nr_periods"":""612"",""cgroup.cpu.nr_throttled"":""69"",""cgroup.cpu.throttled_usec"":""3108842""}","{""child.rss_bytes"":""148766720"",""child.threads"":""96"",""child.fd_count"":""352"",""child.listener_count"":""32"",""wrapper.rss_bytes"":""120717312"",""wrapper.threads"":""96"",""wrapper.fd_count"":""608"",""wrapper.listener_count"":""32"",""cgroup.memory_current_bytes"":""60825600"",""cgroup.sum_leaf_lifetime_memory_peak_bytes"":""187052032"",""cgroup.memory_swap_current_bytes"":""0"",""cgroup.pids_current"":""192"",""cgroup.cpu.usage_usec"":""3733222"",""cgroup.cpu.user_usec"":""569338"",""cgroup.cpu.system_usec"":""3163869"",""cgroup.cpu.nr_periods"":""676"",""cgroup.cpu.nr_throttled"":""69"",""cgroup.cpu.throttled_usec"":""3108842""}"
3,5,lsf,32,ready,250260520,843107259,"[{""container_id"":""e54f3081d0ef413902d29a99ce48e65ca43e0cedc570e2ccd7da0f75127224be"",""before_capture"":{""started_nanos"":""2940087925"",""finished_nanos"":""2940406040""},""after_capture"":{""started_nanos"":""3498694887"",""finished_nanos"":""3499014820""}}]",0,0,0,0,262144,0,0,0,430080,0,0,0,11361,729,10632,6,0,0,"{""child.rss_bytes"":""13578240"",""child.threads"":""7"",""child.fd_count"":""48"",""child.listener_count"":""1"",""wrapper.rss_bytes"":""4325376"",""wrapper.threads"":""3"",""wrapper.fd_count"":""81"",""wrapper.listener_count"":""1"",""cgroup.memory_current_bytes"":""4907008"",""cgroup.sum_leaf_lifetime_memory_peak_bytes"":""8167424"",""cgroup.memory_swap_current_bytes"":""0"",""cgroup.pids_current"":""10"",""cgroup.cpu.usage_usec"":""127427"",""cgroup.cpu.user_usec"":""51915"",""cgroup.cpu.system_usec"":""75512"",""cgroup.cpu.nr_periods"":""24"",""cgroup.cpu.nr_throttled"":""0"",""cgroup.cpu.throttled_usec"":""0""}","{""child.rss_bytes"":""13578240"",""child.threads"":""7"",""child.fd_count"":""48"",""child.listener_count"":""1"",""wrapper.rss_bytes"":""4587520"",""wrapper.threads"":""3"",""wrapper.fd_count"":""81"",""wrapper.listener_count"":""1"",""cgroup.memory_current_bytes"":""5337088"",""cgroup.sum_leaf_lifetime_memory_peak_bytes"":""8167424"",""cgroup.memory_swap_current_bytes"":""0"",""cgroup.pids_current"":""10"",""cgroup.cpu.usage_usec"":""138788"",""cgroup.cpu.user_usec"":""52644"",""cgroup.cpu.system_usec"":""86144"",""cgroup.cpu.nr_periods"":""30"",""cgroup.cpu.nr_throttled"":""0"",""cgroup.cpu.throttled_usec"":""0""}"
3,5,lsf,32,served,250155880,834066680,"[{""container_id"":""e54f3081d0ef413902d29a99ce48e65ca43e0cedc570e2ccd7da0f75127224be"",""before_capture"":{""started_nanos"":""5086240074"",""finished_nanos"":""5086470116""},""after_capture"":{""started_nanos"":""5638058754"",""finished_nanos"":""5638299404""}}]",0,0,0,0,0,0,0,0,90112,0,0,0,13783,5661,8122,4,0,0,"{""child.rss_bytes"":""28139520"",""child.threads"":""7"",""child.fd_count"":""80"",""child.listener_count"":""1"",""wrapper.rss_bytes"":""4587520"",""wrapper.threads"":""3"",""wrapper.fd_count"":""81"",""wrapper.listener_count"":""1"",""cgroup.memory_current_bytes"":""13205504"",""cgroup.sum_leaf_lifetime_memory_peak_bytes"":""14360576"",""cgroup.memory_swap_current_bytes"":""0"",""cgroup.pids_current"":""10"",""cgroup.cpu.usage_usec"":""1269414"",""cgroup.cpu.user_usec"":""1158494"",""cgroup.cpu.system_usec"":""110919"",""cgroup.cpu.nr_periods"":""46"",""cgroup.cpu.nr_throttled"":""0"",""cgroup.cpu.throttled_usec"":""0""}","{""child.rss_bytes"":""28139520"",""child.threads"":""7"",""child.fd_count"":""80"",""child.listener_count"":""1"",""wrapper.rss_bytes"":""4587520"",""wrapper.threads"":""3"",""wrapper.fd_count"":""81"",""wrapper.listener_count"":""1"",""cgroup.memory_current_bytes"":""13295616"",""cgroup.sum_leaf_lifetime_memory_peak_bytes"":""14360576"",""cgroup.memory_swap_current_bytes"":""0"",""cgroup.pids_current"":""10"",""cgroup.cpu.usage_usec"":""1283197"",""cgroup.cpu.user_usec"":""1164155"",""cgroup.cpu.system_usec"":""119041"",""cgroup.cpu.nr_periods"":""50"",""cgroup.cpu.nr_throttled"":""0"",""cgroup.cpu.throttled_usec"":""0""}"
3,5,lsf,32,final,250127368,884818982,"[{""container_id"":""e54f3081d0ef413902d29a99ce48e65ca43e0cedc570e2ccd7da0f75127224be"",""before_capture"":{""started_nanos"":""6154699980"",""finished_nanos"":""6154934679""},""after_capture"":{""started_nanos"":""6716908175"",""finished_nanos"":""6717202462""}}]",0,0,0,0,0,0,0,0,36864,0,0,0,14254,5724,8529,4,0,0,"{""child.rss_bytes"":""29319168"",""child.threads"":""7"",""child.fd_count"":""80"",""child.listener_count"":""1"",""wrapper.rss_bytes"":""4587520"",""wrapper.threads"":""3"",""wrapper.fd_count"":""81"",""wrapper.listener_count"":""1"",""cgroup.memory_current_bytes"":""14774272"",""cgroup.sum_leaf_lifetime_memory_peak_bytes"":""17723392"",""cgroup.memory_swap_current_bytes"":""0"",""cgroup.pids_current"":""10"",""cgroup.cpu.usage_usec"":""1443657"",""cgroup.cpu.user_usec"":""1249239"",""cgroup.cpu.system_usec"":""194418"",""cgroup.cpu.nr_periods"":""54"",""cgroup.cpu.nr_throttled"":""0"",""cgroup.cpu.throttled_usec"":""0""}","{""child.rss_bytes"":""29319168"",""child.threads"":""7"",""child.fd_count"":""80"",""child.listener_count"":""1"",""wrapper.rss_bytes"":""4587520"",""wrapper.threads"":""3"",""wrapper.fd_count"":""81"",""wrapper.listener_count"":""1"",""cgroup.memory_current_bytes"":""14811136"",""cgroup.sum_leaf_lifetime_memory_peak_bytes"":""17723392"",""cgroup.memory_swap_current_bytes"":""0"",""cgroup.pids_current"":""10"",""cgroup.cpu.usage_usec"":""1457911"",""cgroup.cpu.user_usec"":""1254963"",""cgroup.cpu.system_usec"":""202947"",""cgroup.cpu.nr_periods"":""58"",""cgroup.cpu.nr_throttled"":""0"",""cgroup.cpu.throttled_usec"":""0""}"
4,0,lsf,8,ready,250104588,845067073,"[{""container_id"":""9567b570df700aae00ed9d43d130ae0b7b216fb35dd77129424b443406d81b5e"",""before_capture"":{""started_nanos"":""1911871430"",""finished_nanos"":""1912112314""},""after_capture"":{""started_nanos"":""2441881436"",""finished_nanos"":""2442177341""}}]",0,0,0,0,131072,0,0,0,249856,0,0,0,11400,2531,8870,4,0,0,"{""child.rss_bytes"":""12189696"",""child.threads"":""7"",""child.fd_count"":""24"",""child.listener_count"":""1"",""wrapper.rss_bytes"":""3932160"",""wrapper.threads"":""3"",""wrapper.fd_count"":""33"",""wrapper.listener_count"":""1"",""cgroup.memory_current_bytes"":""3239936"",""cgroup.sum_leaf_lifetime_memory_peak_bytes"":""7188480"",""cgroup.memory_swap_current_bytes"":""0"",""cgroup.pids_current"":""10"",""cgroup.cpu.usage_usec"":""75989"",""cgroup.cpu.user_usec"":""20048"",""cgroup.cpu.system_usec"":""55940"",""cgroup.cpu.nr_periods"":""15"",""cgroup.cpu.nr_throttled"":""0"",""cgroup.cpu.throttled_usec"":""0""}","{""child.rss_bytes"":""12189696"",""child.threads"":""7"",""child.fd_count"":""24"",""child.listener_count"":""1"",""wrapper.rss_bytes"":""4063232"",""wrapper.threads"":""3"",""wrapper.fd_count"":""33"",""wrapper.listener_count"":""1"",""cgroup.memory_current_bytes"":""3489792"",""cgroup.sum_leaf_lifetime_memory_peak_bytes"":""7188480"",""cgroup.memory_swap_current_bytes"":""0"",""cgroup.pids_current"":""10"",""cgroup.cpu.usage_usec"":""87389"",""cgroup.cpu.user_usec"":""22579"",""cgroup.cpu.system_usec"":""64810"",""cgroup.cpu.nr_periods"":""19"",""cgroup.cpu.nr_throttled"":""0"",""cgroup.cpu.throttled_usec"":""0""}"
4,0,lsf,8,served,250194610,826745477,"[{""container_id"":""9567b570df700aae00ed9d43d130ae0b7b216fb35dd77129424b443406d81b5e"",""before_capture"":{""started_nanos"":""3212885269"",""finished_nanos"":""3213139961""},""after_capture"":{""started_nanos"":""3725050577"",""finished_nanos"":""3725277232""}}]",0,0,0,0,0,0,0,0,36864,0,0,0,10488,1719,8769,3,0,0,"{""child.rss_bytes"":""23654400"",""child.threads"":""7"",""child.fd_count"":""32"",""child.listener_count"":""1"",""wrapper.rss_bytes"":""4063232"",""wrapper.threads"":""3"",""wrapper.fd_count"":""33"",""wrapper.listener_count"":""1"",""cgroup.memory_current_bytes"":""7536640"",""cgroup.sum_leaf_lifetime_memory_peak_bytes"":""8155136"",""cgroup.memory_swap_current_bytes"":""0"",""cgroup.pids_current"":""10"",""cgroup.cpu.usage_usec"":""382252"",""cgroup.cpu.user_usec"":""295937"",""cgroup.cpu.system_usec"":""86315"",""cgroup.cpu.nr_periods"":""27"",""cgroup.cpu.nr_throttled"":""0"",""cgroup.cpu.throttled_usec"":""0""}","{""child.rss_bytes"":""23654400"",""child.threads"":""7"",""child.fd_count"":""32"",""child.listener_count"":""1"",""wrapper.rss_bytes"":""4063232"",""wrapper.threads"":""3"",""wrapper.fd_count"":""33"",""wrapper.listener_count"":""1"",""cgroup.memory_current_bytes"":""7573504"",""cgroup.sum_leaf_lifetime_memory_peak_bytes"":""8155136"",""cgroup.memory_swap_current_bytes"":""0"",""cgroup.pids_current"":""10"",""cgroup.cpu.usage_usec"":""392740"",""cgroup.cpu.user_usec"":""297656"",""cgroup.cpu.system_usec"":""95084"",""cgroup.cpu.nr_periods"":""30"",""cgroup.cpu.nr_throttled"":""0"",""cgroup.cpu.throttled_usec"":""0""}"
4,0,lsf,8,final,250191242,846630716,"[{""container_id"":""9567b570df700aae00ed9d43d130ae0b7b216fb35dd77129424b443406d81b5e"",""before_capture"":{""started_nanos"":""4194454939"",""finished_nanos"":""4194738587""},""after_capture"":{""started_nanos"":""4735528834"",""finished_nanos"":""4735762952""}}]",0,0,0,0,0,0,0,0,24576,0,0,0,11067,2021,9045,5,0,0,"{""child.rss_bytes"":""24965120"",""child.threads"":""7"",""child.fd_count"":""32"",""child.listener_count"":""1"",""wrapper.rss_bytes"":""4063232"",""wrapper.threads"":""3"",""wrapper.fd_count"":""33"",""wrapper.listener_count"":""1"",""cgroup.memory_current_bytes"":""8962048"",""cgroup.sum_leaf_lifetime_memory_peak_bytes"":""10403840"",""cgroup.memory_swap_current_bytes"":""0"",""cgroup.pids_current"":""10"",""cgroup.cpu.usage_usec"":""445635"",""cgroup.cpu.user_usec"":""325974"",""cgroup.cpu.system_usec"":""119661"",""cgroup.cpu.nr_periods"":""34"",""cgroup.cpu.nr_throttled"":""0"",""cgroup.cpu.throttled_usec"":""0""}","{""child.rss_bytes"":""24965120"",""child.threads"":""7"",""child.fd_count"":""32"",""child.listener_count"":""1"",""wrapper.rss_bytes"":""4063232"",""wrapper.threads"":""3"",""wrapper.fd_count"":""33"",""wrapper.listener_count"":""1"",""cgroup.memory_current_bytes"":""8986624"",""cgroup.sum_leaf_lifetime_memory_peak_bytes"":""10403840"",""cgroup.memory_swap_current_bytes"":""0"",""cgroup.pids_current"":""10"",""cgroup.cpu.usage_usec"":""456702"",""cgroup.cpu.user_usec"":""327995"",""cgroup.cpu.system_usec"":""128706"",""cgroup.cpu.nr_periods"":""39"",""cgroup.cpu.nr_throttled"":""0"",""cgroup.cpu.throttled_usec"":""0""}"
4,1,native,8,ready,250157653,5038632770,"[{""container_id"":""ff590db6b6d429b2283daffe0c3dc451f1c2a3219ef1d618e73c9e7be3e855e1"",""before_capture"":{""started_nanos"":""2944046037"",""finished_nanos"":""2944303657""},""after_capture"":{""started_nanos"":""5537670351"",""finished_nanos"":""5537897266""}},{""container_id"":""5c6b12c1cdc55c09e95f7e3eed29d2b399a15c6d3c0254c412a58babe166852a"",""before_capture"":{""started_nanos"":""3355213515"",""finished_nanos"":""3356172438""},""after_capture"":{""started_nanos"":""5937946262"",""finished_nanos"":""5938221496""}},{""container_id"":""7a1bdf97c2494ccb2cae9b28aefbe3f2bb3eec26976d73b5478bff7989935745"",""before_capture"":{""started_nanos"":""3565017770"",""finished_nanos"":""3565280211""},""after_capture"":{""started_nanos"":""6191921474"",""finished_nanos"":""6192162257""}},{""container_id"":""74005bcb85acbb7f36ea21c84e0815ae5c0a6e591e779629dbfabd6e17e5d51e"",""before_capture"":{""started_nanos"":""3922370493"",""finished_nanos"":""3922601423""},""after_capture"":{""started_nanos"":""6523687088"",""finished_nanos"":""6523919741""}},{""container_id"":""7dbb02130cb88121ccf0b5d01a9c384b6ff713540de12611fa1840051bb42c98"",""before_capture"":{""started_nanos"":""4089781928"",""finished_nanos"":""4090037450""},""after_capture"":{""started_nanos"":""6702585791"",""finished_nanos"":""6702890376""}},{""container_id"":""e5907e25c16db1d865dd4b8a0a3b5fec75c62e07e9e3c9dc6c0c3947f67f7ee7"",""before_capture"":{""started_nanos"":""4376385633"",""finished_nanos"":""4376842685""},""after_capture"":{""started_nanos"":""7061602675"",""finished_nanos"":""7061845478""}},{""container_id"":""68888abfe6c3350c88b99f6f0608a10cccf55bdc1e1be0169fa6b451491a6382"",""before_capture"":{""started_nanos"":""4636125138"",""finished_nanos"":""4636421356""},""after_capture"":{""started_nanos"":""7389033560"",""finished_nanos"":""7389291598""}},{""container_id"":""809000b8fff550e11b9b3e4431ff1722b9a3b79fb7bde41cddbc3503a8b3a00d"",""before_capture"":{""started_nanos"":""4938703578"",""finished_nanos"":""4939027617""},""after_capture"":{""started_nanos"":""7683334078"",""finished_nanos"":""7683743143""}}]",0,0,0,0,1048576,0,0,0,1445888,0,0,0,78584,13086,65497,16,0,0,"{""child.rss_bytes"":""36306944"",""child.threads"":""24"",""child.fd_count"":""88"",""child.listener_count"":""8"",""wrapper.rss_bytes"":""29622272"",""wrapper.threads"":""24"",""wrapper.fd_count"":""152"",""wrapper.listener_count"":""8"",""cgroup.memory_current_bytes"":""12734464"",""cgroup.sum_leaf_lifetime_memory_peak_bytes"":""49991680"",""cgroup.memory_swap_current_bytes"":""0"",""cgroup.pids_current"":""48"",""cgroup.cpu.usage_usec"":""463711"",""cgroup.cpu.user_usec"":""95944"",""cgroup.cpu.system_usec"":""367763"",""cgroup.cpu.nr_periods"":""46"",""cgroup.cpu.nr_throttled"":""0"",""cgroup.cpu.throttled_usec"":""0""}","{""child.rss_bytes"":""36306944"",""child.threads"":""24"",""child.fd_count"":""88"",""child.listener_count"":""8"",""wrapper.rss_bytes"":""30670848"",""wrapper.threads"":""24"",""wrapper.fd_count"":""152"",""wrapper.listener_count"":""8"",""cgroup.memory_current_bytes"":""14180352"",""cgroup.sum_leaf_lifetime_memory_peak_bytes"":""49991680"",""cgroup.memory_swap_current_bytes"":""0"",""cgroup.pids_current"":""48"",""cgroup.cpu.usage_usec"":""542295"",""cgroup.cpu.user_usec"":""109030"",""cgroup.cpu.system_usec"":""433260"",""cgroup.cpu.nr_periods"":""62"",""cgroup.cpu.nr_throttled"":""0"",""cgroup.cpu.throttled_usec"":""0""}"
4,1,native,8,served,250114418,4896493795,"[{""container_id"":""ff590db6b6d429b2283daffe0c3dc451f1c2a3219ef1d618e73c9e7be3e855e1"",""before_capture"":{""started_nanos"":""8181007731"",""finished_nanos"":""8181331671""},""after_capture"":{""started_nanos"":""10709599243"",""finished_nanos"":""10709863107""}},{""container_id"":""5c6b12c1cdc55c09e95f7e3eed29d2b399a15c6d3c0254c412a58babe166852a"",""before_capture"":{""started_nanos"":""8563337413"",""finished_nanos"":""8563670640""},""after_capture"":{""started_nanos"":""11102393933"",""finished_nanos"":""11102663673""}},{""container_id"":""7a1bdf97c2494ccb2cae9b28aefbe3f2bb3eec26976d73b5478bff7989935745"",""before_capture"":{""started_nanos"":""8753734156"",""finished_nanos"":""8754004580""},""after_capture"":{""started_nanos"":""11379361665"",""finished_nanos"":""11379609103""}},{""container_id"":""74005bcb85acbb7f36ea21c84e0815ae5c0a6e591e779629dbfabd6e17e5d51e"",""before_capture"":{""started_nanos"":""9128040748"",""finished_nanos"":""9128256722""},""after_capture"":{""started_nanos"":""11719972484"",""finished_nanos"":""11720194456""}},{""container_id"":""7dbb02130cb88121ccf0b5d01a9c384b6ff713540de12611fa1840051bb42c98"",""before_capture"":{""started_nanos"":""9277129791"",""finished_nanos"":""9277372057""},""after_capture"":{""started_nanos"":""11876271181"",""finished_nanos"":""11876530560""}},{""container_id"":""e5907e25c16db1d865dd4b8a0a3b5fec75c62e07e9e3c9dc6c0c3947f67f7ee7"",""before_capture"":{""started_nanos"":""9556628536"",""finished_nanos"":""9556870349""},""after_capture"":{""started_nanos"":""12166876590"",""finished_nanos"":""12167138884""}},{""container_id"":""68888abfe6c3350c88b99f6f0608a10cccf55bdc1e1be0169fa6b451491a6382"",""before_capture"":{""started_nanos"":""9826962487"",""finished_nanos"":""9827167268""},""after_capture"":{""started_nanos"":""12435543321"",""finished_nanos"":""12435876665""}},{""container_id"":""809000b8fff550e11b9b3e4431ff1722b9a3b79fb7bde41cddbc3503a8b3a00d"",""before_capture"":{""started_nanos"":""10150617182"",""finished_nanos"":""10150849436""},""after_capture"":{""started_nanos"":""12726940295"",""finished_nanos"":""12727188861""}}]",0,0,0,0,0,0,0,0,-118784,0,0,0,76834,8497,68338,17,0,0,"{""child.rss_bytes"":""36831232"",""child.threads"":""24"",""child.fd_count"":""88"",""child.listener_count"":""8"",""wrapper.rss_bytes"":""30670848"",""wrapper.threads"":""24"",""wrapper.fd_count"":""152"",""wrapper.listener_count"":""8"",""cgroup.memory_current_bytes"":""14843904"",""cgroup.sum_leaf_lifetime_memory_peak_bytes"":""49991680"",""cgroup.memory_swap_current_bytes"":""0"",""cgroup.pids_current"":""48"",""cgroup.cpu.usage_usec"":""617313"",""cgroup.cpu.user_usec"":""112882"",""cgroup.cpu.system_usec"":""504426"",""cgroup.cpu.nr_periods"":""81"",""cgroup.cpu.nr_throttled"":""0"",""cgroup.cpu.throttled_usec"":""0""}","{""child.rss_bytes"":""36831232"",""child.threads"":""24"",""child.fd_count"":""88"",""child.listener_count"":""8"",""wrapper.rss_bytes"":""30670848"",""wrapper.threads"":""24"",""wrapper.fd_count"":""152"",""wrapper.listener_count"":""8"",""cgroup.memory_current_bytes"":""14725120"",""cgroup.sum_leaf_lifetime_memory_peak_bytes"":""49991680"",""cgroup.memory_swap_current_bytes"":""0"",""cgroup.pids_current"":""48"",""cgroup.cpu.usage_usec"":""694147"",""cgroup.cpu.user_usec"":""121379"",""cgroup.cpu.system_usec"":""572764"",""cgroup.cpu.nr_periods"":""98"",""cgroup.cpu.nr_throttled"":""0"",""cgroup.cpu.throttled_usec"":""0""}"
4,1,native,8,final,250307913,5089420487,"[{""container_id"":""ff590db6b6d429b2283daffe0c3dc451f1c2a3219ef1d618e73c9e7be3e855e1"",""before_capture"":{""started_nanos"":""13278384604"",""finished_nanos"":""13278705270""},""after_capture"":{""started_nanos"":""16050488981"",""finished_nanos"":""16050994045""}},{""container_id"":""5c6b12c1cdc55c09e95f7e3eed29d2b399a15c6d3c0254c412a58babe166852a"",""before_capture"":{""started_nanos"":""13827928563"",""finished_nanos"":""13828335012""},""after_capture"":{""started_nanos"":""16458891015"",""finished_nanos"":""16459179693""}},{""container_id"":""7a1bdf97c2494ccb2cae9b28aefbe3f2bb3eec26976d73b5478bff7989935745"",""before_capture"":{""started_nanos"":""14121689071"",""finished_nanos"":""14121987997""},""after_capture"":{""started_nanos"":""16670186160"",""finished_nanos"":""16670422666""}},{""container_id"":""74005bcb85acbb7f36ea21c84e0815ae5c0a6e591e779629dbfabd6e17e5d51e"",""before_capture"":{""started_nanos"":""14470327338"",""finished_nanos"":""14470580027""},""after_capture"":{""started_nanos"":""16993972554"",""finished_nanos"":""16994207462""}},{""container_id"":""7dbb02130cb88121ccf0b5d01a9c384b6ff713540de12611fa1840051bb42c98"",""before_capture"":{""started_nanos"":""14625077818"",""finished_nanos"":""14625312679""},""after_capture"":{""started_nanos"":""17196139274"",""finished_nanos"":""17196371410""}},{""container_id"":""e5907e25c16db1d865dd4b8a0a3b5fec75c62e07e9e3c9dc6c0c3947f67f7ee7"",""before_capture"":{""started_nanos"":""14916457545"",""finished_nanos"":""14916717835""},""after_capture"":{""started_nanos"":""17501124238"",""finished_nanos"":""17501347239""}},{""container_id"":""68888abfe6c3350c88b99f6f0608a10cccf55bdc1e1be0169fa6b451491a6382"",""before_capture"":{""started_nanos"":""15188394481"",""finished_nanos"":""15188737852""},""after_capture"":{""started_nanos"":""17752722745"",""finished_nanos"":""17752954628""}},{""container_id"":""809000b8fff550e11b9b3e4431ff1722b9a3b79fb7bde41cddbc3503a8b3a00d"",""before_capture"":{""started_nanos"":""15465065141"",""finished_nanos"":""15465309011""},""after_capture"":{""started_nanos"":""18020775293"",""finished_nanos"":""18020995640""}}]",0,0,0,0,0,0,0,0,-151552,0,0,0,72391,5027,67363,16,0,0,"{""child.rss_bytes"":""36962304"",""child.threads"":""24"",""child.fd_count"":""88"",""child.listener_count"":""8"",""wrapper.rss_bytes"":""30670848"",""wrapper.threads"":""24"",""wrapper.fd_count"":""152"",""wrapper.listener_count"":""8"",""cgroup.memory_current_bytes"":""15241216"",""cgroup.sum_leaf_lifetime_memory_peak_bytes"":""49991680"",""cgroup.memory_swap_current_bytes"":""0"",""cgroup.pids_current"":""48"",""cgroup.cpu.usage_usec"":""781596"",""cgroup.cpu.user_usec"":""124861"",""cgroup.cpu.system_usec"":""656731"",""cgroup.cpu.nr_periods"":""130"",""cgroup.cpu.nr_throttled"":""0"",""cgroup.cpu.throttled_usec"":""0""}","{""child.rss_bytes"":""36962304"",""child.threads"":""24"",""child.fd_count"":""88"",""child.listener_count"":""8"",""wrapper.rss_bytes"":""30670848"",""wrapper.threads"":""24"",""wrapper.fd_count"":""152"",""wrapper.listener_count"":""8"",""cgroup.memory_current_bytes"":""15089664"",""cgroup.sum_leaf_lifetime_memory_peak_bytes"":""49991680"",""cgroup.memory_swap_current_bytes"":""0"",""cgroup.pids_current"":""48"",""cgroup.cpu.usage_usec"":""853987"",""cgroup.cpu.user_usec"":""129888"",""cgroup.cpu.system_usec"":""724094"",""cgroup.cpu.nr_periods"":""146"",""cgroup.cpu.nr_throttled"":""0"",""cgroup.cpu.throttled_usec"":""0""}"
4,2,native,32,ready,250175356,19516758877,"[{""container_id"":""1b4d25c6feeb30ea0f5d5359e7889ecdc8cc3bbce52de058687c5783e2fb1aa5"",""before_capture"":{""started_nanos"":""8892613264"",""finished_nanos"":""8892984069""},""after_capture"":{""started_nanos"":""18805457927"",""finished_nanos"":""18805785346""}},{""container_id"":""8bca79aac9584aa0f2410a1db27ce2478e60cda2234cdfe58e8624b00a11a456"",""before_capture"":{""started_nanos"":""9076506696"",""finished_nanos"":""9076723457""},""after_capture"":{""started_nanos"":""18998100415"",""finished_nanos"":""18998399315""}},{""container_id"":""bac8e472b1f385c748c41db39573eee9e59aff96da875a3bf4433a82e3c857af"",""before_capture"":{""started_nanos"":""9540660557"",""finished_nanos"":""9540890071""},""after_capture"":{""started_nanos"":""19432273718"",""finished_nanos"":""19432586338""}},{""container_id"":""d951b2c63f280983920269a8b3711d41135414e82aae4f3d4462d76369ce5d6a"",""before_capture"":{""started_nanos"":""9236075479"",""finished_nanos"":""9236328117""},""after_capture"":{""started_nanos"":""19071393965"",""finished_nanos"":""19071701351""}},{""container_id"":""1b3702a5d832db58d2626116be98b26207f8db588033c3e57088a0de37b91130"",""before_capture"":{""started_nanos"":""10160052212"",""finished_nanos"":""10160323125""},""after_capture"":{""started_nanos"":""19995486236"",""finished_nanos"":""19995770270""}},{""container_id"":""c4d3c5bbac788d1215c4b10a770174cd76768e917f8a35eff06967af4e0ef0a6"",""before_capture"":{""started_nanos"":""9848801603"",""finished_nanos"":""9849033793""},""after_capture"":{""started_nanos"":""19689468459"",""finished_nanos"":""19689699523""}},{""container_id"":""8d90be3bc41c3b589c14a471383c8695ece8678172f1f60ae926d94be71e6618"",""before_capture"":{""started_nanos"":""10070670820"",""finished_nanos"":""10071086080""},""after_capture"":{""started_nanos"":""19932138229"",""finished_nanos"":""19932364184""}},{""container_id"":""56882296500117c649c6e6351481e522a3eb5c69814d33870ccb12e8c33055dc"",""before_capture"":{""started_nanos"":""10375221355"",""finished_nanos"":""10375451129""},""after_capture"":{""started_nanos"":""20278698976"",""finished_nanos"":""20278940789""}},{""container_id"":""1db2e76f15cf8caae384c0d7c49c0ad2e594d39f95ebf414b859851174abfcae"",""before_capture"":{""started_nanos"":""10702854198"",""finished_nanos"":""10703192186""},""after_capture"":{""started_nanos"":""20568627828"",""finished_nanos"":""20568913701""}},{""container_id"":""eca433b441c187a7b322ce21834cd917ce98e7fdcbe7f2ec70d3123581b490a3"",""before_capture"":{""started_nanos"":""10580225268"",""finished_nanos"":""10580610880""},""after_capture"":{""started_nanos"":""20460002752"",""finished_nanos"":""20460238801""}},{""container_id"":""0c92c9e0b1dcfa672c17cd6f794f63543990b323da1b02db306d066a53a87d66"",""before_capture"":{""started_nanos"":""11057335946"",""finished_nanos"":""11057561765""},""after_capture"":{""started_nanos"":""20923270353"",""finished_nanos"":""20923542791""}},{""container_id"":""e66e1893a0f55bb7a3db3e7f0e9a1b80255ad6e71a63eff84ea9f75c5b9e182b"",""before_capture"":{""started_nanos"":""11733445278"",""finished_nanos"":""11733720739""},""after_capture"":{""started_nanos"":""21594623197"",""finished_nanos"":""21594931534""}},{""container_id"":""7dc14e51aa96fefb4a9f495f4e4256e5428aec4c825c311ff6c74c855aaaa34e"",""before_capture"":{""started_nanos"":""11970862006"",""finished_nanos"":""11971104546""},""after_capture"":{""started_nanos"":""21829903985"",""finished_nanos"":""21830245384""}},{""container_id"":""3604a9a6e1b8e503fc19462da3f6ced73363e5f6355bf364edf689774a65e14f"",""before_capture"":{""started_nanos"":""11856014750"",""finished_nanos"":""11856247983""},""after_capture"":{""started_nanos"":""21739144992"",""finished_nanos"":""21739418906""}},{""container_id"":""e11dec7c2ca8acd9a53232744250b7729b3efbf3d34114dc605ca26995bafaa6"",""before_capture"":{""started_nanos"":""12125704944"",""finished_nanos"":""12126023410""},""after_capture"":{""started_nanos"":""22023785008"",""finished_nanos"":""22024024050""}},{""container_id"":""13deb191d9973f498c5d15f3eca57bcc64e82baadddaa2adce222fc0d249f9b6"",""before_capture"":{""started_nanos"":""12554976391"",""finished_nanos"":""12555220445""},""after_capture"":{""started_nanos"":""22481936882"",""finished_nanos"":""22482153153""}},{""container_id"":""536a3c0bb9651fc7a8b5a4abbf596db3c764ef49befe44db73a732b9a6f3df15"",""before_capture"":{""started_nanos"":""12751197078"",""finished_nanos"":""12751879191""},""after_capture"":{""started_nanos"":""22638189385"",""finished_nanos"":""22638421235""}},{""container_id"":""7174de76b882dcc2ac20c1a27e18b1d5cfd77831ab8022ee2a1998bc5e22b5dd"",""before_capture"":{""started_nanos"":""13160036560"",""finished_nanos"":""13160419699""},""after_capture"":{""started_nanos"":""23012467281"",""finished_nanos"":""23012728627""}},{""container_id"":""54339f19f8ca96374dc90fde258093c0b7c93ff3eb45614d58812b6f5e880262"",""before_capture"":{""started_nanos"":""13471787920"",""finished_nanos"":""13472063663""},""after_capture"":{""started_nanos"":""23325855667"",""finished_nanos"":""23326075455""}},{""container_id"":""9eaa1cb72ea3484d3b2e802e0109115b757d3e49553d8121e98e8a0d54c43bd8"",""before_capture"":{""started_nanos"":""13687261964"",""finished_nanos"":""13687540511""},""after_capture"":{""started_nanos"":""23523322330"",""finished_nanos"":""23523576230""}},{""container_id"":""1babcc3fc37179a613ecb023eb1b79d5a465359a7cca87e7502245995cbebd3e"",""before_capture"":{""started_nanos"":""14029959105"",""finished_nanos"":""14030323594""},""after_capture"":{""started_nanos"":""23840696201"",""finished_nanos"":""23840941178""}},{""container_id"":""87f098facdf75ac0bf680d9d480447a6f9489bcecc10f4a823c990810968726d"",""before_capture"":{""started_nanos"":""14012585610"",""finished_nanos"":""14012847892""},""after_capture"":{""started_nanos"":""23864379834"",""finished_nanos"":""23864667721""}},{""container_id"":""5e64deda670cf74849b99141bfc5119c04ce7a038e5103b76c71048d60ab0772"",""before_capture"":{""started_nanos"":""14289391321"",""finished_nanos"":""14289700582""},""after_capture"":{""started_nanos"":""24136251197"",""finished_nanos"":""24136484084""}},{""container_id"":""f84cc3ab5ea1ef75b4ad457d2469af65a5a1b0e22e83cd6f8c3180329975d588"",""before_capture"":{""started_nanos"":""14513829532"",""finished_nanos"":""14514110893""},""after_capture"":{""started_nanos"":""24364712545"",""finished_nanos"":""24364942161""}},{""container_id"":""e1dc0b8199a06656f54bc1e26ee60f090da61468126465cdfa0d534d1f4ae983"",""before_capture"":{""started_nanos"":""14881641684"",""finished_nanos"":""14881883826""},""after_capture"":{""started_nanos"":""24681886172"",""finished_nanos"":""24682151194""}},{""container_id"":""554bdaa64da9df4bf8c147f063ff5d77d034b7e71e8ff5062e96ebe9769d845b"",""before_capture"":{""started_nanos"":""15164400110"",""finished_nanos"":""15164748029""},""after_capture"":{""started_nanos"":""24997230854"",""finished_nanos"":""24997463326""}},{""container_id"":""add1255cbdb5eff3b9c909660688d323bc9c0b9e6e825d88ca09271ab98dce07"",""before_capture"":{""started_nanos"":""15524849887"",""finished_nanos"":""15525108748""},""after_capture"":{""started_nanos"":""25311159201"",""finished_nanos"":""25311416597""}},{""container_id"":""4ce6cf73b4d359e43492bb2bbc5e908a952b6c2df0e362cb8dd2ef263c62c14f"",""before_capture"":{""started_nanos"":""15801334710"",""finished_nanos"":""15801574742""},""after_capture"":{""started_nanos"":""25604437982"",""finished_nanos"":""25604707778""}},{""container_id"":""7a42eb1104c22384305600e2e0d1c053b056a5146ca8e669300d73d60c9cc75f"",""before_capture"":{""started_nanos"":""16097357220"",""finished_nanos"":""16097629720""},""after_capture"":{""started_nanos"":""25882974479"",""finished_nanos"":""25883230125""}},{""container_id"":""99cbd12b5c4e42b5d577f23e8dc1e3a2959e241189fa637e2384cd6f84d2be46"",""before_capture"":{""started_nanos"":""16364635434"",""finished_nanos"":""16364925171""},""after_capture"":{""started_nanos"":""26165435607"",""finished_nanos"":""26165684422""}},{""container_id"":""fe8d64ddcaddcffcc6f4547a02aae08a52a6509c696e25bd0755cbf359e23025"",""before_capture"":{""started_nanos"":""16901431512"",""finished_nanos"":""16901736600""},""after_capture"":{""started_nanos"":""26738394342"",""finished_nanos"":""26738630156""}},{""container_id"":""d42e41fea4f1ef3b3e8574d162f68e4588edecb0bbda2634b8c6831a9b7f680c"",""before_capture"":{""started_nanos"":""16961697798"",""finished_nanos"":""16961918798""},""after_capture"":{""started_nanos"":""26806786551"",""finished_nanos"":""26807031626""}}]",0,0,0,0,2621440,0,0,0,6303744,0,0,0,321082,29425,291664,66,0,0,"{""child.rss_bytes"":""146407424"",""child.threads"":""96"",""child.fd_count"":""352"",""child.listener_count"":""32"",""wrapper.rss_bytes"":""118095872"",""wrapper.threads"":""96"",""wrapper.fd_count"":""608"",""wrapper.listener_count"":""32"",""cgroup.memory_current_bytes"":""51068928"",""cgroup.sum_leaf_lifetime_memory_peak_bytes"":""185954304"",""cgroup.memory_swap_current_bytes"":""0"",""cgroup.pids_current"":""192"",""cgroup.cpu.usage_usec"":""2134767"",""cgroup.cpu.user_usec"":""491993"",""cgroup.cpu.system_usec"":""1642756"",""cgroup.cpu.nr_periods"":""252"",""cgroup.cpu.nr_throttled"":""71"",""cgroup.cpu.throttled_usec"":""2954351""}","{""child.rss_bytes"":""146407424"",""child.threads"":""96"",""child.fd_count"":""352"",""child.listener_count"":""32"",""wrapper.rss_bytes"":""120717312"",""wrapper.threads"":""96"",""wrapper.fd_count"":""608"",""wrapper.listener_count"":""32"",""cgroup.memory_current_bytes"":""57372672"",""cgroup.sum_leaf_lifetime_memory_peak_bytes"":""185954304"",""cgroup.memory_swap_current_bytes"":""0"",""cgroup.pids_current"":""192"",""cgroup.cpu.usage_usec"":""2455849"",""cgroup.cpu.user_usec"":""521418"",""cgroup.cpu.system_usec"":""1934420"",""cgroup.cpu.nr_periods"":""318"",""cgroup.cpu.nr_throttled"":""71"",""cgroup.cpu.throttled_usec"":""2954351""}"
4,2,native,32,served,250289115,19219555050,"[{""container_id"":""1b4d25c6feeb30ea0f5d5359e7889ecdc8cc3bbce52de058687c5783e2fb1aa5"",""before_capture"":{""started_nanos"":""28648208420"",""finished_nanos"":""28648453517""},""after_capture"":{""started_nanos"":""38397909404"",""finished_nanos"":""38398208836""}},{""container_id"":""8bca79aac9584aa0f2410a1db27ce2478e60cda2234cdfe58e8624b00a11a456"",""before_capture"":{""started_nanos"":""28815822312"",""finished_nanos"":""28816049670""},""after_capture"":{""started_nanos"":""38588484256"",""finished_nanos"":""38588800431""}},{""container_id"":""bac8e472b1f385c748c41db39573eee9e59aff96da875a3bf4433a82e3c857af"",""before_capture"":{""started_nanos"":""29249074913"",""finished_nanos"":""29249367898""},""after_capture"":{""started_nanos"":""38996967147"",""finished_nanos"":""38997223140""}},{""container_id"":""d951b2c63f280983920269a8b3711d41135414e82aae4f3d4462d76369ce5d6a"",""before_capture"":{""started_nanos"":""28935470407"",""finished_nanos"":""28935702532""},""after_capture"":{""started_nanos"":""38623487793"",""finished_nanos"":""38623748276""}},{""container_id"":""1b3702a5d832db58d2626116be98b26207f8db588033c3e57088a0de37b91130"",""before_capture"":{""started_nanos"":""29836510011"",""finished_nanos"":""29836756770""},""after_capture"":{""started_nanos"":""39510183279"",""finished_nanos"":""39510434519""}},{""container_id"":""c4d3c5bbac788d1215c4b10a770174cd76768e917f8a35eff06967af4e0ef0a6"",""before_capture"":{""started_nanos"":""29523519561"",""finished_nanos"":""29523738072""},""after_capture"":{""started_nanos"":""39181440135"",""finished_nanos"":""39181690350""}},{""container_id"":""8d90be3bc41c3b589c14a471383c8695ece8678172f1f60ae926d94be71e6618"",""before_capture"":{""started_nanos"":""29778155373"",""finished_nanos"":""29778424386""},""after_capture"":{""started_nanos"":""39397361053"",""finished_nanos"":""39397644742""}},{""container_id"":""56882296500117c649c6e6351481e522a3eb5c69814d33870ccb12e8c33055dc"",""before_capture"":{""started_nanos"":""30083874762"",""finished_nanos"":""30084116110""},""after_capture"":{""started_nanos"":""39735722751"",""finished_nanos"":""39736000728""}},{""container_id"":""1db2e76f15cf8caae384c0d7c49c0ad2e594d39f95ebf414b859851174abfcae"",""before_capture"":{""started_nanos"":""30387525646"",""finished_nanos"":""30387771988""},""after_capture"":{""started_nanos"":""40066023295"",""finished_nanos"":""40066284638""}},{""container_id"":""eca433b441c187a7b322ce21834cd917ce98e7fdcbe7f2ec70d3123581b490a3"",""before_capture"":{""started_nanos"":""30300068304"",""finished_nanos"":""30300413165""},""after_capture"":{""started_nanos"":""39964963845"",""finished_nanos"":""39965199052""}},{""container_id"":""0c92c9e0b1dcfa672c17cd6f794f63543990b323da1b02db306d066a53a87d66"",""before_capture"":{""started_nanos"":""30750194609"",""finished_nanos"":""30750822140""},""after_capture"":{""started_nanos"":""40377444418"",""finished_nanos"":""40377717179""}},{""container_id"":""e66e1893a0f55bb7a3db3e7f0e9a1b80255ad6e71a63eff84ea9f75c5b9e182b"",""before_capture"":{""started_nanos"":""31418871084"",""finished_nanos"":""31419153560""},""after_capture"":{""started_nanos"":""41006089038"",""finished_nanos"":""41006333354""}},{""container_id"":""7dc14e51aa96fefb4a9f495f4e4256e5428aec4c825c311ff6c74c855aaaa34e"",""before_capture"":{""started_nanos"":""31697003861"",""finished_nanos"":""31697240735""},""after_capture"":{""started_nanos"":""41362167640"",""finished_nanos"":""41362401440""}},{""container_id"":""3604a9a6e1b8e503fc19462da3f6ced73363e5f6355bf364edf689774a65e14f"",""before_capture"":{""started_nanos"":""31595578104"",""finished_nanos"":""31595817544""},""after_capture"":{""started_nanos"":""41307050309"",""finished_nanos"":""41307292904""}},{""container_id"":""e11dec7c2ca8acd9a53232744250b7729b3efbf3d34114dc605ca26995bafaa6"",""before_capture"":{""started_nanos"":""31872166768"",""finished_nanos"":""31872434248""},""after_capture"":{""started_nanos"":""41628199723"",""finished_nanos"":""41628455048""}},{""container_id"":""13deb191d9973f498c5d15f3eca57bcc64e82baadddaa2adce222fc0d249f9b6"",""before_capture"":{""started_nanos"":""32306319440"",""finished_nanos"":""32306558896""},""after_capture"":{""started_nanos"":""42042051221"",""finished_nanos"":""42042285325""}},{""container_id"":""536a3c0bb9651fc7a8b5a4abbf596db3c764ef49befe44db73a732b9a6f3df15"",""before_capture"":{""started_nanos"":""32487251509"",""finished_nanos"":""32487490375""},""after_capture"":{""started_nanos"":""42214369225"",""finished_nanos"":""42214760820""}},{""container_id"":""7174de76b882dcc2ac20c1a27e18b1d5cfd77831ab8022ee2a1998bc5e22b5dd"",""before_capture"":{""started_nanos"":""32859690727"",""finished_nanos"":""32859933372""},""after_capture"":{""started_nanos"":""42590222347"",""finished_nanos"":""42590455771""}},{""container_id"":""54339f19f8ca96374dc90fde258093c0b7c93ff3eb45614d58812b6f5e880262"",""before_capture"":{""started_nanos"":""33135967970"",""finished_nanos"":""33136199261""},""after_capture"":{""started_nanos"":""42865298659"",""finished_nanos"":""42865578546""}},{""container_id"":""9eaa1cb72ea3484d3b2e802e0109115b757d3e49553d8121e98e8a0d54c43bd8"",""before_capture"":{""started_nanos"":""33366303185"",""finished_nanos"":""33366533546""},""after_capture"":{""started_nanos"":""43052476769"",""finished_nanos"":""43052716895""}},{""container_id"":""1babcc3fc37179a613ecb023eb1b79d5a465359a7cca87e7502245995cbebd3e"",""before_capture"":{""started_nanos"":""33703444907"",""finished_nanos"":""33703774364""},""after_capture"":{""started_nanos"":""43372428614"",""finished_nanos"":""43372669482""}},{""container_id"":""87f098facdf75ac0bf680d9d480447a6f9489bcecc10f4a823c990810968726d"",""before_capture"":{""started_nanos"":""33686805295"",""finished_nanos"":""33687106697""},""after_capture"":{""started_nanos"":""43359120766"",""finished_nanos"":""43359440150""}},{""container_id"":""5e64deda670cf74849b99141bfc5119c04ce7a038e5103b76c71048d60ab0772"",""before_capture"":{""started_nanos"":""33957281264"",""finished_nanos"":""33957513953""},""after_capture"":{""started_nanos"":""43674219404"",""finished_nanos"":""43674501019""}},{""container_id"":""f84cc3ab5ea1ef75b4ad457d2469af65a5a1b0e22e83cd6f8c3180329975d588"",""before_capture"":{""started_nanos"":""34173155013"",""finished_nanos"":""34173389270""},""after_capture"":{""started_nanos"":""43923870190"",""finished_nanos"":""43924203523""}},{""container_id"":""e1dc0b8199a06656f54bc1e26ee60f090da61468126465cdfa0d534d1f4ae983"",""before_capture"":{""started_nanos"":""34471143908"",""finished_nanos"":""34471434542""},""after_capture"":{""started_nanos"":""44275060760"",""finished_nanos"":""44275359437""}},{""container_id"":""554bdaa64da9df4bf8c147f063ff5d77d034b7e71e8ff5062e96ebe9769d845b"",""before_capture"":{""started_nanos"":""34755199594"",""finished_nanos"":""34755430411""},""after_capture"":{""started_nanos"":""44578574658"",""finished_nanos"":""44578813643""}},{""container_id"":""add1255cbdb5eff3b9c909660688d323bc9c0b9e6e825d88ca09271ab98dce07"",""before_capture"":{""started_nanos"":""35035444260"",""finished_nanos"":""35035689816""},""after_capture"":{""started_nanos"":""44882956131"",""finished_nanos"":""44883355072""}},{""container_id"":""4ce6cf73b4d359e43492bb2bbc5e908a952b6c2df0e362cb8dd2ef263c62c14f"",""before_capture"":{""started_nanos"":""35322606766"",""finished_nanos"":""35322855411""},""after_capture"":{""started_nanos"":""45162891317"",""finished_nanos"":""45163145253""}},{""container_id"":""7a42eb1104c22384305600e2e0d1c053b056a5146ca8e669300d73d60c9cc75f"",""before_capture"":{""started_nanos"":""35607491973"",""finished_nanos"":""35607829580""},""after_capture"":{""started_nanos"":""45414320993"",""finished_nanos"":""45414540343""}},{""container_id"":""99cbd12b5c4e42b5d577f23e8dc1e3a2959e241189fa637e2384cd6f84d2be46"",""before_capture"":{""started_nanos"":""35945162272"",""finished_nanos"":""35945389501""},""after_capture"":{""started_nanos"":""45685657291"",""finished_nanos"":""45685885679""}},{""container_id"":""fe8d64ddcaddcffcc6f4547a02aae08a52a6509c696e25bd0755cbf359e23025"",""before_capture"":{""started_nanos"":""36501830019"",""finished_nanos"":""36502070928""},""after_capture"":{""started_nanos"":""46223118359"",""finished_nanos"":""46223363138""}},{""container_id"":""d42e41fea4f1ef3b3e8574d162f68e4588edecb0bbda2634b8c6831a9b7f680c"",""before_capture"":{""started_nanos"":""36574809957"",""finished_nanos"":""36575054205""},""after_capture"":{""started_nanos"":""46282516273"",""finished_nanos"":""46282786249""}}]",0,0,0,0,131072,0,0,0,835584,0,0,0,308657,3043,305614,67,0,0,"{""child.rss_bytes"":""147849216"",""child.threads"":""96"",""child.fd_count"":""352"",""child.listener_count"":""32"",""wrapper.rss_bytes"":""121896960"",""wrapper.threads"":""96"",""wrapper.fd_count"":""608"",""wrapper.listener_count"":""32"",""cgroup.memory_current_bytes"":""58396672"",""cgroup.sum_leaf_lifetime_memory_peak_bytes"":""185954304"",""cgroup.memory_swap_current_bytes"":""0"",""cgroup.pids_current"":""192"",""cgroup.cpu.usage_usec"":""2778655"",""cgroup.cpu.user_usec"":""536129"",""cgroup.cpu.system_usec"":""2242508"",""cgroup.cpu.nr_periods"":""403"",""cgroup.cpu.nr_throttled"":""71"",""cgroup.cpu.throttled_usec"":""2954351""}","{""child.rss_bytes"":""147849216"",""child.threads"":""96"",""child.fd_count"":""352"",""child.listener_count"":""32"",""wrapper.rss_bytes"":""122028032"",""wrapper.threads"":""96"",""wrapper.fd_count"":""608"",""wrapper.listener_count"":""32"",""cgroup.memory_current_bytes"":""59232256"",""cgroup.sum_leaf_lifetime_memory_peak_bytes"":""185954304"",""cgroup.memory_swap_current_bytes"":""0"",""cgroup.pids_current"":""192"",""cgroup.cpu.usage_usec"":""3087312"",""cgroup.cpu.user_usec"":""539172"",""cgroup.cpu.system_usec"":""2548122"",""cgroup.cpu.nr_periods"":""470"",""cgroup.cpu.nr_throttled"":""71"",""cgroup.cpu.throttled_usec"":""2954351""}"
4,2,native,32,final,250124248,19245831429,"[{""container_id"":""1b4d25c6feeb30ea0f5d5359e7889ecdc8cc3bbce52de058687c5783e2fb1aa5"",""before_capture"":{""started_nanos"":""48038593482"",""finished_nanos"":""48038890207""},""after_capture"":{""started_nanos"":""57730329429"",""finished_nanos"":""57730596750""}},{""container_id"":""8bca79aac9584aa0f2410a1db27ce2478e60cda2234cdfe58e8624b00a11a456"",""before_capture"":{""started_nanos"":""48200523216"",""finished_nanos"":""48200749764""},""after_capture"":{""started_nanos"":""57952426260"",""finished_nanos"":""57952693136""}},{""container_id"":""bac8e472b1f385c748c41db39573eee9e59aff96da875a3bf4433a82e3c857af"",""before_capture"":{""started_nanos"":""48618870721"",""finished_nanos"":""48619461338""},""after_capture"":{""started_nanos"":""58378284646"",""finished_nanos"":""58378519343""}},{""container_id"":""d951b2c63f280983920269a8b3711d41135414e82aae4f3d4462d76369ce5d6a"",""before_capture"":{""started_nanos"":""48242769381"",""finished_nanos"":""48243022292""},""after_capture"":{""started_nanos"":""58016048285"",""finished_nanos"":""58016287024""}},{""container_id"":""1b3702a5d832db58d2626116be98b26207f8db588033c3e57088a0de37b91130"",""before_capture"":{""started_nanos"":""49181858064"",""finished_nanos"":""49182114874""},""after_capture"":{""started_nanos"":""58942077379"",""finished_nanos"":""58942310286""}},{""container_id"":""c4d3c5bbac788d1215c4b10a770174cd76768e917f8a35eff06967af4e0ef0a6"",""before_capture"":{""started_nanos"":""48864542649"",""finished_nanos"":""48864767953""},""after_capture"":{""started_nanos"":""58624210728"",""finished_nanos"":""58624449598""}},{""container_id"":""8d90be3bc41c3b589c14a471383c8695ece8678172f1f60ae926d94be71e6618"",""before_capture"":{""started_nanos"":""49103641664"",""finished_nanos"":""49103890976""},""after_capture"":{""started_nanos"":""58853491190"",""finished_nanos"":""58854138397""}},{""container_id"":""56882296500117c649c6e6351481e522a3eb5c69814d33870ccb12e8c33055dc"",""before_capture"":{""started_nanos"":""49433306277"",""finished_nanos"":""49433670213""},""after_capture"":{""started_nanos"":""59212756948"",""finished_nanos"":""59213001667""}},{""container_id"":""1db2e76f15cf8caae384c0d7c49c0ad2e594d39f95ebf414b859851174abfcae"",""before_capture"":{""started_nanos"":""49724007241"",""finished_nanos"":""49724281696""},""after_capture"":{""started_nanos"":""59548821199"",""finished_nanos"":""59549114562""}},{""container_id"":""eca433b441c187a7b322ce21834cd917ce98e7fdcbe7f2ec70d3123581b490a3"",""before_capture"":{""started_nanos"":""49592336146"",""finished_nanos"":""49592572404""},""after_capture"":{""started_nanos"":""59424343360"",""finished_nanos"":""59424608938""}},{""container_id"":""0c92c9e0b1dcfa672c17cd6f794f63543990b323da1b02db306d066a53a87d66"",""before_capture"":{""started_nanos"":""50007664280"",""finished_nanos"":""50007966087""},""after_capture"":{""started_nanos"":""59837215440"",""finished_nanos"":""59837464031""}},{""container_id"":""e66e1893a0f55bb7a3db3e7f0e9a1b80255ad6e71a63eff84ea9f75c5b9e182b"",""before_capture"":{""started_nanos"":""50624377830"",""finished_nanos"":""50624655004""},""after_capture"":{""started_nanos"":""60486584693"",""finished_nanos"":""60486993474""}},{""container_id"":""7dc14e51aa96fefb4a9f495f4e4256e5428aec4c825c311ff6c74c855aaaa34e"",""before_capture"":{""started_nanos"":""50856658716"",""finished_nanos"":""50856997949""},""after_capture"":{""started_nanos"":""60726133409"",""finished_nanos"":""60726422393""}},{""container_id"":""3604a9a6e1b8e503fc19462da3f6ced73363e5f6355bf364edf689774a65e14f"",""before_capture"":{""started_nanos"":""50766842411"",""finished_nanos"":""50767220237""},""after_capture"":{""started_nanos"":""60617627457"",""finished_nanos"":""60617916412""}},{""container_id"":""e11dec7c2ca8acd9a53232744250b7729b3efbf3d34114dc605ca26995bafaa6"",""before_capture"":{""started_nanos"":""51098654366"",""finished_nanos"":""51098870398""},""after_capture"":{""started_nanos"":""60938655923"",""finished_nanos"":""60938897654""}},{""container_id"":""13deb191d9973f498c5d15f3eca57bcc64e82baadddaa2adce222fc0d249f9b6"",""before_capture"":{""started_nanos"":""51513002452"",""finished_nanos"":""51513230063""},""after_capture"":{""started_nanos"":""61353890653"",""finished_nanos"":""61354145089""}},{""container_id"":""536a3c0bb9651fc7a8b5a4abbf596db3c764ef49befe44db73a732b9a6f3df15"",""before_capture"":{""started_nanos"":""51700888034"",""finished_nanos"":""51701123494""},""after_capture"":{""started_nanos"":""61546718995"",""finished_nanos"":""61546936321""}},{""container_id"":""7174de76b882dcc2ac20c1a27e18b1d5cfd77831ab8022ee2a1998bc5e22b5dd"",""before_capture"":{""started_nanos"":""52064423915"",""finished_nanos"":""52064821652""},""after_capture"":{""started_nanos"":""61891382589"",""finished_nanos"":""61891700647""}},{""container_id"":""54339f19f8ca96374dc90fde258093c0b7c93ff3eb45614d58812b6f5e880262"",""before_capture"":{""started_nanos"":""52365779094"",""finished_nanos"":""52366066179""},""after_capture"":{""started_nanos"":""62213223766"",""finished_nanos"":""62213461202""}},{""container_id"":""9eaa1cb72ea3484d3b2e802e0109115b757d3e49553d8121e98e8a0d54c43bd8"",""before_capture"":{""started_nanos"":""52578647630"",""finished_nanos"":""52578912254""},""after_capture"":{""started_nanos"":""62423019518"",""finished_nanos"":""62423263488""}},{""container_id"":""1babcc3fc37179a613ecb023eb1b79d5a465359a7cca87e7502245995cbebd3e"",""before_capture"":{""started_nanos"":""52878868650"",""finished_nanos"":""52879227777""},""after_capture"":{""started_nanos"":""62753358671"",""finished_nanos"":""62753603711""}},{""container_id"":""87f098facdf75ac0bf680d9d480447a6f9489bcecc10f4a823c990810968726d"",""before_capture"":{""started_nanos"":""52872053183"",""finished_nanos"":""52872292464""},""after_capture"":{""started_nanos"":""62767341722"",""finished_nanos"":""62767592350""}},{""container_id"":""5e64deda670cf74849b99141bfc5119c04ce7a038e5103b76c71048d60ab0772"",""before_capture"":{""started_nanos"":""53183957947"",""finished_nanos"":""53184201543""},""after_capture"":{""started_nanos"":""63080437034"",""finished_nanos"":""63080700048""}},{""container_id"":""f84cc3ab5ea1ef75b4ad457d2469af65a5a1b0e22e83cd6f8c3180329975d588"",""before_capture"":{""started_nanos"":""53402139748"",""finished_nanos"":""53402387389""},""after_capture"":{""started_nanos"":""63340200402"",""finished_nanos"":""63340456463""}},{""container_id"":""e1dc0b8199a06656f54bc1e26ee60f090da61468126465cdfa0d534d1f4ae983"",""before_capture"":{""started_nanos"":""53714220637"",""finished_nanos"":""53714451883""},""after_capture"":{""started_nanos"":""63688348054"",""finished_nanos"":""63688673021""}},{""container_id"":""554bdaa64da9df4bf8c147f063ff5d77d034b7e71e8ff5062e96ebe9769d845b"",""before_capture"":{""started_nanos"":""54014554037"",""finished_nanos"":""54014812428""},""after_capture"":{""started_nanos"":""64006911769"",""finished_nanos"":""64007137990""}},{""container_id"":""add1255cbdb5eff3b9c909660688d323bc9c0b9e6e825d88ca09271ab98dce07"",""before_capture"":{""started_nanos"":""54360327583"",""finished_nanos"":""54360528278""},""after_capture"":{""started_nanos"":""64328905557"",""finished_nanos"":""64329137386""}},{""container_id"":""4ce6cf73b4d359e43492bb2bbc5e908a952b6c2df0e362cb8dd2ef263c62c14f"",""before_capture"":{""started_nanos"":""54660398965"",""finished_nanos"":""54660649111""},""after_capture"":{""started_nanos"":""64595792211"",""finished_nanos"":""64596031264""}},{""container_id"":""7a42eb1104c22384305600e2e0d1c053b056a5146ca8e669300d73d60c9cc75f"",""before_capture"":{""started_nanos"":""54942050384"",""finished_nanos"":""54942311837""},""after_capture"":{""started_nanos"":""64861179792"",""finished_nanos"":""64861478950""}},{""container_id"":""99cbd12b5c4e42b5d577f23e8dc1e3a2959e241189fa637e2384cd6f84d2be46"",""before_capture"":{""started_nanos"":""55241908853"",""finished_nanos"":""55242142789""},""after_capture"":{""started_nanos"":""65139189185"",""finished_nanos"":""65139448647""}},{""container_id"":""fe8d64ddcaddcffcc6f4547a02aae08a52a6509c696e25bd0755cbf359e23025"",""before_capture"":{""started_nanos"":""55800239407"",""finished_nanos"":""55800495299""},""after_capture"":{""started_nanos"":""65663330231"",""finished_nanos"":""65663553744""}},{""container_id"":""d42e41fea4f1ef3b3e8574d162f68e4588edecb0bbda2634b8c6831a9b7f680c"",""before_capture"":{""started_nanos"":""55889405391"",""finished_nanos"":""55889674457""},""after_capture"":{""started_nanos"":""65714946926"",""finished_nanos"":""65715167031""}}]",0,0,0,0,0,0,0,0,528384,0,0,0,318093,16774,301319,66,0,0,"{""child.rss_bytes"":""147980288"",""child.threads"":""96"",""child.fd_count"":""352"",""child.listener_count"":""32"",""wrapper.rss_bytes"":""122028032"",""wrapper.threads"":""96"",""wrapper.fd_count"":""608"",""wrapper.listener_count"":""32"",""cgroup.memory_current_bytes"":""59985920"",""cgroup.sum_leaf_lifetime_memory_peak_bytes"":""185954304"",""cgroup.memory_swap_current_bytes"":""0"",""cgroup.pids_current"":""192"",""cgroup.cpu.usage_usec"":""3448343"",""cgroup.cpu.user_usec"":""569388"",""cgroup.cpu.system_usec"":""2878939"",""cgroup.cpu.nr_periods"":""597"",""cgroup.cpu.nr_throttled"":""71"",""cgroup.cpu.throttled_usec"":""2954351""}","{""child.rss_bytes"":""147980288"",""child.threads"":""96"",""child.fd_count"":""352"",""child.listener_count"":""32"",""wrapper.rss_bytes"":""122028032"",""wrapper.threads"":""96"",""wrapper.fd_count"":""608"",""wrapper.listener_count"":""32"",""cgroup.memory_current_bytes"":""60514304"",""cgroup.sum_leaf_lifetime_memory_peak_bytes"":""185954304"",""cgroup.memory_swap_current_bytes"":""0"",""cgroup.pids_current"":""192"",""cgroup.cpu.usage_usec"":""3766436"",""cgroup.cpu.user_usec"":""586162"",""cgroup.cpu.system_usec"":""3180258"",""cgroup.cpu.nr_periods"":""663"",""cgroup.cpu.nr_throttled"":""71"",""cgroup.cpu.throttled_usec"":""2954351""}"
4,3,lsf,32,ready,250187933,837940320,"[{""container_id"":""d78a5b79b206e7ee3be0124571b547c7d4a9342f554da90740b1e60e6a78d36a"",""before_capture"":{""started_nanos"":""2648434444"",""finished_nanos"":""2648680166""},""after_capture"":{""started_nanos"":""3200798993"",""finished_nanos"":""3201025875""}}]",0,0,0,0,262144,0,0,0,409600,0,0,0,11654,1098,10556,5,0,0,"{""child.rss_bytes"":""13377536"",""child.threads"":""7"",""child.fd_count"":""48"",""child.listener_count"":""1"",""wrapper.rss_bytes"":""4063232"",""wrapper.threads"":""3"",""wrapper.fd_count"":""81"",""wrapper.listener_count"":""1"",""cgroup.memory_current_bytes"":""4947968"",""cgroup.sum_leaf_lifetime_memory_peak_bytes"":""8355840"",""cgroup.memory_swap_current_bytes"":""0"",""cgroup.pids_current"":""10"",""cgroup.cpu.usage_usec"":""117174"",""cgroup.cpu.user_usec"":""60930"",""cgroup.cpu.system_usec"":""56243"",""cgroup.cpu.nr_periods"":""17"",""cgroup.cpu.nr_throttled"":""0"",""cgroup.cpu.throttled_usec"":""0""}","{""child.rss_bytes"":""13377536"",""child.threads"":""7"",""child.fd_count"":""48"",""child.listener_count"":""1"",""wrapper.rss_bytes"":""4325376"",""wrapper.threads"":""3"",""wrapper.fd_count"":""81"",""wrapper.listener_count"":""1"",""cgroup.memory_current_bytes"":""5357568"",""cgroup.sum_leaf_lifetime_memory_peak_bytes"":""8355840"",""cgroup.memory_swap_current_bytes"":""0"",""cgroup.pids_current"":""10"",""cgroup.cpu.usage_usec"":""128828"",""cgroup.cpu.user_usec"":""62028"",""cgroup.cpu.system_usec"":""66799"",""cgroup.cpu.nr_periods"":""22"",""cgroup.cpu.nr_throttled"":""0"",""cgroup.cpu.throttled_usec"":""0""}"
4,3,lsf,32,served,250134462,868616528,"[{""container_id"":""d78a5b79b206e7ee3be0124571b547c7d4a9342f554da90740b1e60e6a78d36a"",""before_capture"":{""started_nanos"":""4801947710"",""finished_nanos"":""4802187844""},""after_capture"":{""started_nanos"":""5386172085"",""finished_nanos"":""5386400240""}}]",0,0,0,0,0,0,0,0,86016,0,0,0,13424,2559,10864,6,0,0,"{""child.rss_bytes"":""28389376"",""child.threads"":""7"",""child.fd_count"":""80"",""child.listener_count"":""1"",""wrapper.rss_bytes"":""4456448"",""wrapper.threads"":""3"",""wrapper.fd_count"":""81"",""wrapper.listener_count"":""1"",""cgroup.memory_current_bytes"":""13672448"",""cgroup.sum_leaf_lifetime_memory_peak_bytes"":""14303232"",""cgroup.memory_swap_current_bytes"":""0"",""cgroup.pids_current"":""10"",""cgroup.cpu.usage_usec"":""1255515"",""cgroup.cpu.user_usec"":""1149185"",""cgroup.cpu.system_usec"":""106330"",""cgroup.cpu.nr_periods"":""37"",""cgroup.cpu.nr_throttled"":""0"",""cgroup.cpu.throttled_usec"":""0""}","{""child.rss_bytes"":""28389376"",""child.threads"":""7"",""child.fd_count"":""80"",""child.listener_count"":""1"",""wrapper.rss_bytes"":""4456448"",""wrapper.threads"":""3"",""wrapper.fd_count"":""81"",""wrapper.listener_count"":""1"",""cgroup.memory_current_bytes"":""13758464"",""cgroup.sum_leaf_lifetime_memory_peak_bytes"":""14303232"",""cgroup.memory_swap_current_bytes"":""0"",""cgroup.pids_current"":""10"",""cgroup.cpu.usage_usec"":""1268939"",""cgroup.cpu.user_usec"":""1151744"",""cgroup.cpu.system_usec"":""117194"",""cgroup.cpu.nr_periods"":""43"",""cgroup.cpu.nr_throttled"":""0"",""cgroup.cpu.throttled_usec"":""0""}"
4,3,lsf,32,final,250178498,811836226,"[{""container_id"":""d78a5b79b206e7ee3be0124571b547c7d4a9342f554da90740b1e60e6a78d36a"",""before_capture"":{""started_nanos"":""5900609514"",""finished_nanos"":""5900827986""},""after_capture"":{""started_nanos"":""6410737638"",""finished_nanos"":""6410963120""}}]",0,0,0,0,0,0,0,0,53248,0,0,0,14963,6409,8555,5,0,0,"{""child.rss_bytes"":""29831168"",""child.threads"":""7"",""child.fd_count"":""80"",""child.listener_count"":""1"",""wrapper.rss_bytes"":""4456448"",""wrapper.threads"":""3"",""wrapper.fd_count"":""81"",""wrapper.listener_count"":""1"",""cgroup.memory_current_bytes"":""15224832"",""cgroup.sum_leaf_lifetime_memory_peak_bytes"":""18030592"",""cgroup.memory_swap_current_bytes"":""0"",""cgroup.pids_current"":""10"",""cgroup.cpu.usage_usec"":""1448066"",""cgroup.cpu.user_usec"":""1263468"",""cgroup.cpu.system_usec"":""184597"",""cgroup.cpu.nr_periods"":""47"",""cgroup.cpu.nr_throttled"":""0"",""cgroup.cpu.throttled_usec"":""0""}","{""child.rss_bytes"":""29831168"",""child.threads"":""7"",""child.fd_count"":""80"",""child.listener_count"":""1"",""wrapper.rss_bytes"":""4456448"",""wrapper.threads"":""3"",""wrapper.fd_count"":""81"",""wrapper.listener_count"":""1"",""cgroup.memory_current_bytes"":""15278080"",""cgroup.sum_leaf_lifetime_memory_peak_bytes"":""18030592"",""cgroup.memory_swap_current_bytes"":""0"",""cgroup.pids_current"":""10"",""cgroup.cpu.usage_usec"":""1463029"",""cgroup.cpu.user_usec"":""1269877"",""cgroup.cpu.system_usec"":""193152"",""cgroup.cpu.nr_periods"":""52"",""cgroup.cpu.nr_throttled"":""0"",""cgroup.cpu.throttled_usec"":""0""}"
4,4,lsf,1,ready,250307311,817410010,"[{""container_id"":""00c107ef275e2108665b832c89ba2c8517653c60e9d36954153fa53c3a048a10"",""before_capture"":{""started_nanos"":""1757737505"",""finished_nanos"":""1757990514""},""after_capture"":{""started_nanos"":""2275293989"",""finished_nanos"":""2275535641""}}]",0,0,0,0,131072,0,0,0,-61440,0,0,0,10323,1194,9128,5,0,0,"{""child.rss_bytes"":""12320768"",""child.threads"":""7"",""child.fd_count"":""17"",""child.listener_count"":""1"",""wrapper.rss_bytes"":""3670016"",""wrapper.threads"":""3"",""wrapper.fd_count"":""19"",""wrapper.listener_count"":""1"",""cgroup.memory_current_bytes"":""2899968"",""cgroup.sum_leaf_lifetime_memory_peak_bytes"":""7204864"",""cgroup.memory_swap_current_bytes"":""0"",""cgroup.pids_current"":""10"",""cgroup.cpu.usage_usec"":""61974"",""cgroup.cpu.user_usec"":""16526"",""cgroup.cpu.system_usec"":""45448"",""cgroup.cpu.nr_periods"":""15"",""cgroup.cpu.nr_throttled"":""0"",""cgroup.cpu.throttled_usec"":""0""}","{""child.rss_bytes"":""12320768"",""child.threads"":""7"",""child.fd_count"":""17"",""child.listener_count"":""1"",""wrapper.rss_bytes"":""3801088"",""wrapper.threads"":""3"",""wrapper.fd_count"":""19"",""wrapper.listener_count"":""1"",""cgroup.memory_current_bytes"":""2838528"",""cgroup.sum_leaf_lifetime_memory_peak_bytes"":""7204864"",""cgroup.memory_swap_current_bytes"":""0"",""cgroup.pids_current"":""10"",""cgroup.cpu.usage_usec"":""72297"",""cgroup.cpu.user_usec"":""17720"",""cgroup.cpu.system_usec"":""54576"",""cgroup.cpu.nr_periods"":""20"",""cgroup.cpu.nr_throttled"":""0"",""cgroup.cpu.throttled_usec"":""0""}"
4,4,lsf,1,served,250141490,795593644,"[{""container_id"":""00c107ef275e2108665b832c89ba2c8517653c60e9d36954153fa53c3a048a10"",""before_capture"":{""started_nanos"":""2818970580"",""finished_nanos"":""2819230091""},""after_capture"":{""started_nanos"":""3343371241"",""finished_nanos"":""3343647978""}}]",0,0,0,0,0,0,0,0,12288,0,0,0,10998,4582,6416,5,0,0,"{""child.rss_bytes"":""21864448"",""child.threads"":""7"",""child.fd_count"":""18"",""child.listener_count"":""1"",""wrapper.rss_bytes"":""3801088"",""wrapper.threads"":""3"",""wrapper.fd_count"":""19"",""wrapper.listener_count"":""1"",""cgroup.memory_current_bytes"":""5431296"",""cgroup.sum_leaf_lifetime_memory_peak_bytes"":""7204864"",""cgroup.memory_swap_current_bytes"":""0"",""cgroup.pids_current"":""10"",""cgroup.cpu.usage_usec"":""122465"",""cgroup.cpu.user_usec"":""52485"",""cgroup.cpu.system_usec"":""69980"",""cgroup.cpu.nr_periods"":""24"",""cgroup.cpu.nr_throttled"":""0"",""cgroup.cpu.throttled_usec"":""0""}","{""child.rss_bytes"":""21864448"",""child.threads"":""7"",""child.fd_count"":""18"",""child.listener_count"":""1"",""wrapper.rss_bytes"":""3801088"",""wrapper.threads"":""3"",""wrapper.fd_count"":""19"",""wrapper.listener_count"":""1"",""cgroup.memory_current_bytes"":""5443584"",""cgroup.sum_leaf_lifetime_memory_peak_bytes"":""7204864"",""cgroup.memory_swap_current_bytes"":""0"",""cgroup.pids_current"":""10"",""cgroup.cpu.usage_usec"":""133463"",""cgroup.cpu.user_usec"":""57067"",""cgroup.cpu.system_usec"":""76396"",""cgroup.cpu.nr_periods"":""29"",""cgroup.cpu.nr_throttled"":""0"",""cgroup.cpu.throttled_usec"":""0""}"
4,4,lsf,1,final,250182443,842502798,"[{""container_id"":""00c107ef275e2108665b832c89ba2c8517653c60e9d36954153fa53c3a048a10"",""before_capture"":{""started_nanos"":""4032981681"",""finished_nanos"":""4033225491""},""after_capture"":{""started_nanos"":""4593347822"",""finished_nanos"":""4593615121""}}]",0,0,0,0,0,0,0,0,-249856,0,0,0,11885,3821,8063,5,0,0,"{""child.rss_bytes"":""24879104"",""child.threads"":""7"",""child.fd_count"":""18"",""child.listener_count"":""1"",""wrapper.rss_bytes"":""3801088"",""wrapper.threads"":""3"",""wrapper.fd_count"":""19"",""wrapper.listener_count"":""1"",""cgroup.memory_current_bytes"":""8785920"",""cgroup.sum_leaf_lifetime_memory_peak_bytes"":""10661888"",""cgroup.memory_swap_current_bytes"":""0"",""cgroup.pids_current"":""10"",""cgroup.cpu.usage_usec"":""376031"",""cgroup.cpu.user_usec"":""194353"",""cgroup.cpu.system_usec"":""181678"",""cgroup.cpu.nr_periods"":""36"",""cgroup.cpu.nr_throttled"":""0"",""cgroup.cpu.throttled_usec"":""0""}","{""child.rss_bytes"":""24879104"",""child.threads"":""7"",""child.fd_count"":""18"",""child.listener_count"":""1"",""wrapper.rss_bytes"":""3801088"",""wrapper.threads"":""3"",""wrapper.fd_count"":""19"",""wrapper.listener_count"":""1"",""cgroup.memory_current_bytes"":""8536064"",""cgroup.sum_leaf_lifetime_memory_peak_bytes"":""10661888"",""cgroup.memory_swap_current_bytes"":""0"",""cgroup.pids_current"":""10"",""cgroup.cpu.usage_usec"":""387916"",""cgroup.cpu.user_usec"":""198174"",""cgroup.cpu.system_usec"":""189741"",""cgroup.cpu.nr_periods"":""41"",""cgroup.cpu.nr_throttled"":""0"",""cgroup.cpu.throttled_usec"":""0""}"
4,5,native,1,ready,250329163,821701891,"[{""container_id"":""122aa96e9c6764ae46e07b526a7a165e048423584b105e0d50496f86e458bb8f"",""before_capture"":{""started_nanos"":""1670986827"",""finished_nanos"":""1671204731""},""after_capture"":{""started_nanos"":""2209375438"",""finished_nanos"":""2209662508""}}]",0,0,0,0,131072,0,0,0,184320,0,0,0,11022,0,11022,2,0,0,"{""child.rss_bytes"":""4587520"",""child.threads"":""3"",""child.fd_count"":""11"",""child.listener_count"":""1"",""wrapper.rss_bytes"":""3670016"",""wrapper.threads"":""3"",""wrapper.fd_count"":""19"",""wrapper.listener_count"":""1"",""cgroup.memory_current_bytes"":""1589248"",""cgroup.sum_leaf_lifetime_memory_peak_bytes"":""5922816"",""cgroup.memory_swap_current_bytes"":""0"",""cgroup.pids_current"":""6"",""cgroup.cpu.usage_usec"":""46749"",""cgroup.cpu.user_usec"":""5016"",""cgroup.cpu.system_usec"":""41733"",""cgroup.cpu.nr_periods"":""4"",""cgroup.cpu.nr_throttled"":""0"",""cgroup.cpu.throttled_usec"":""0""}","{""child.rss_bytes"":""4587520"",""child.threads"":""3"",""child.fd_count"":""11"",""child.listener_count"":""1"",""wrapper.rss_bytes"":""3801088"",""wrapper.threads"":""3"",""wrapper.fd_count"":""19"",""wrapper.listener_count"":""1"",""cgroup.memory_current_bytes"":""1773568"",""cgroup.sum_leaf_lifetime_memory_peak_bytes"":""5922816"",""cgroup.memory_swap_current_bytes"":""0"",""cgroup.pids_current"":""6"",""cgroup.cpu.usage_usec"":""57771"",""cgroup.cpu.user_usec"":""5016"",""cgroup.cpu.system_usec"":""52755"",""cgroup.cpu.nr_periods"":""6"",""cgroup.cpu.nr_throttled"":""0"",""cgroup.cpu.throttled_usec"":""0""}"
4,5,native,1,served,250213731,823540064,"[{""container_id"":""122aa96e9c6764ae46e07b526a7a165e048423584b105e0d50496f86e458bb8f"",""before_capture"":{""started_nanos"":""2634508297"",""finished_nanos"":""2634827009""},""after_capture"":{""started_nanos"":""3184579654"",""finished_nanos"":""3184840360""}}]",0,0,0,0,0,0,0,0,16384,0,0,0,10183,0,10183,2,0,0,"{""child.rss_bytes"":""4587520"",""child.threads"":""3"",""child.fd_count"":""11"",""child.listener_count"":""1"",""wrapper.rss_bytes"":""3801088"",""wrapper.threads"":""3"",""wrapper.fd_count"":""19"",""wrapper.listener_count"":""1"",""cgroup.memory_current_bytes"":""1818624"",""cgroup.sum_leaf_lifetime_memory_peak_bytes"":""5922816"",""cgroup.memory_swap_current_bytes"":""0"",""cgroup.pids_current"":""6"",""cgroup.cpu.usage_usec"":""65370"",""cgroup.cpu.user_usec"":""5016"",""cgroup.cpu.system_usec"":""60354"",""cgroup.cpu.nr_periods"":""8"",""cgroup.cpu.nr_throttled"":""0"",""cgroup.cpu.throttled_usec"":""0""}","{""child.rss_bytes"":""4587520"",""child.threads"":""3"",""child.fd_count"":""11"",""child.listener_count"":""1"",""wrapper.rss_bytes"":""3801088"",""wrapper.threads"":""3"",""wrapper.fd_count"":""19"",""wrapper.listener_count"":""1"",""cgroup.memory_current_bytes"":""1835008"",""cgroup.sum_leaf_lifetime_memory_peak_bytes"":""5922816"",""cgroup.memory_swap_current_bytes"":""0"",""cgroup.pids_current"":""6"",""cgroup.cpu.usage_usec"":""75553"",""cgroup.cpu.user_usec"":""5016"",""cgroup.cpu.system_usec"":""70537"",""cgroup.cpu.nr_periods"":""10"",""cgroup.cpu.nr_throttled"":""0"",""cgroup.cpu.throttled_usec"":""0""}"
4,5,native,1,final,250193060,841532102,"[{""container_id"":""122aa96e9c6764ae46e07b526a7a165e048423584b105e0d50496f86e458bb8f"",""before_capture"":{""started_nanos"":""3785529125"",""finished_nanos"":""3785780051""},""after_capture"":{""started_nanos"":""4310409241"",""finished_nanos"":""4310671302""}}]",0,0,0,0,0,0,0,0,12288,0,0,0,9351,424,8926,2,0,0,"{""child.rss_bytes"":""4718592"",""child.threads"":""3"",""child.fd_count"":""11"",""child.listener_count"":""1"",""wrapper.rss_bytes"":""3801088"",""wrapper.threads"":""3"",""wrapper.fd_count"":""19"",""wrapper.listener_count"":""1"",""cgroup.memory_current_bytes"":""1998848"",""cgroup.sum_leaf_lifetime_memory_peak_bytes"":""5922816"",""cgroup.memory_swap_current_bytes"":""0"",""cgroup.pids_current"":""6"",""cgroup.cpu.usage_usec"":""154397"",""cgroup.cpu.user_usec"":""34310"",""cgroup.cpu.system_usec"":""120087"",""cgroup.cpu.nr_periods"":""15"",""cgroup.cpu.nr_throttled"":""0"",""cgroup.cpu.throttled_usec"":""0""}","{""child.rss_bytes"":""4718592"",""child.threads"":""3"",""child.fd_count"":""11"",""child.listener_count"":""1"",""wrapper.rss_bytes"":""3801088"",""wrapper.threads"":""3"",""wrapper.fd_count"":""19"",""wrapper.listener_count"":""1"",""cgroup.memory_current_bytes"":""2011136"",""cgroup.sum_leaf_lifetime_memory_peak_bytes"":""5922816"",""cgroup.memory_swap_current_bytes"":""0"",""cgroup.pids_current"":""6"",""cgroup.cpu.usage_usec"":""163748"",""cgroup.cpu.user_usec"":""34734"",""cgroup.cpu.system_usec"":""129013"",""cgroup.cpu.nr_periods"":""17"",""cgroup.cpu.nr_throttled"":""0"",""cgroup.cpu.throttled_usec"":""0""}"
5,0,native,32,ready,250132827,19317571451,"[{""container_id"":""a13a238111f760b06c6428b28c971dc209e16d9a04a6b660c3e07356b1ad7985"",""before_capture"":{""started_nanos"":""8615781038"",""finished_nanos"":""8616052435""},""after_capture"":{""started_nanos"":""18305948625"",""finished_nanos"":""18306194534""}},{""container_id"":""5fb49c05f99460ee671dec28a90eea78e1098d99313a901ce4fb6536daafb0ea"",""before_capture"":{""started_nanos"":""7747982736"",""finished_nanos"":""7748269963""},""after_capture"":{""started_nanos"":""17456905648"",""finished_nanos"":""17457151653""}},{""container_id"":""7ae4da794d2f20223c313dd33dcc480c583690e88b4b74586b29bb0957e4051f"",""before_capture"":{""started_nanos"":""8077488222"",""finished_nanos"":""8077712506""},""after_capture"":{""started_nanos"":""17765699632"",""finished_nanos"":""17765939385""}},{""container_id"":""1bbdf0b2f80c1d9e82d252cef228f38a74dd7d0c736162f75300df044f6f03b6"",""before_capture"":{""started_nanos"":""8344839786"",""finished_nanos"":""8345087017""},""after_capture"":{""started_nanos"":""18019032738"",""finished_nanos"":""18019270011""}},{""container_id"":""a4cb3c9396ee05491a54dc5a82d626bcf6eca415ec1166a68d59bb4214534ccd"",""before_capture"":{""started_nanos"":""8728566079"",""finished_nanos"":""8728801929""},""after_capture"":{""started_nanos"":""18424574457"",""finished_nanos"":""18424850675""}},{""container_id"":""5d4c72e5bb8b7f6d6258fe8ceefcab889f87cdbfaf35518cb9e7484223ea2977"",""before_capture"":{""started_nanos"":""9008095271"",""finished_nanos"":""9008339160""},""after_capture"":{""started_nanos"":""18707828162"",""finished_nanos"":""18708106725""}},{""container_id"":""3c45451db0f2e22de9eb23d3e5990517bbdefd3a619af73540fe8228a692550d"",""before_capture"":{""started_nanos"":""9234568170"",""finished_nanos"":""9234823250""},""after_capture"":{""started_nanos"":""18903930889"",""finished_nanos"":""18904160883""}},{""container_id"":""63ae77ccea4eba2ba9652abcd8257229e6a7b74f0bed0dcf336c070bb75fae50"",""before_capture"":{""started_nanos"":""9550083592"",""finished_nanos"":""9550344717""},""after_capture"":{""started_nanos"":""19212952020"",""finished_nanos"":""19213231740""}},{""container_id"":""de8a66e7336fb545176030d26b445fcf997f5b8dc42e491bb21801ace2ade16d"",""before_capture"":{""started_nanos"":""9978160868"",""finished_nanos"":""9978372470""},""after_capture"":{""started_nanos"":""19627423736"",""finished_nanos"":""19627712372""}},{""container_id"":""d0dacae94df5b2d7fed84509945cc1cad1960e981c9c73b34b06037d39cb3b04"",""before_capture"":{""started_nanos"":""10186279372"",""finished_nanos"":""10186524664""},""after_capture"":{""started_nanos"":""19910113481"",""finished_nanos"":""19910357152""}},{""container_id"":""1d69287beb31b4e564cd0e7cc16e1161c2674cd001cd09cc0b1a311d4e0e8eda"",""before_capture"":{""started_nanos"":""10466802532"",""finished_nanos"":""10467058543""},""after_capture"":{""started_nanos"":""20189768395"",""finished_nanos"":""20190019853""}},{""container_id"":""8b63f86ba98b0767f657d4a22a39302e40ee5768fa2e0fdfc16dc4dcaebe7175"",""before_capture"":{""started_nanos"":""10694726974"",""finished_nanos"":""10694968277""},""after_capture"":{""started_nanos"":""20422207879"",""finished_nanos"":""20422432813""}},{""container_id"":""a479bf16877585f7a807630d8e53e126de452e717ff76ded62a7976e22b5d1dd"",""before_capture"":{""started_nanos"":""11014875297"",""finished_nanos"":""11015105555""},""after_capture"":{""started_nanos"":""20744342552"",""finished_nanos"":""20744626550""}},{""container_id"":""3ddb2f7305fbae2340dbeb9e0bf90df944e44ea2779fc3b022f9f5cf8fb01aea"",""before_capture"":{""started_nanos"":""10633005375"",""finished_nanos"":""10633234473""},""after_capture"":{""started_nanos"":""20388604361"",""finished_nanos"":""20388837356""}},{""container_id"":""ade96d8ff2e0a6082231162abd44ef4862dafafa3d9f7095ed96f94ad688cd11"",""before_capture"":{""started_nanos"":""11436329318"",""finished_nanos"":""11436590916""},""after_capture"":{""started_nanos"":""21194072870"",""finished_nanos"":""21194299957""}},{""container_id"":""226b6658166a20b52bdcd79af84fa67634b404c3fdea7643f553cafa1b3ccf68"",""before_capture"":{""started_nanos"":""11142998985"",""finished_nanos"":""11143219671""},""after_capture"":{""started_nanos"":""20960367727"",""finished_nanos"":""20960592917""}},{""container_id"":""b256d2e19be29819b8a73215c59f250e42624157079c5dd7a029dbbfd6d2c5ec"",""before_capture"":{""started_nanos"":""11458279409"",""finished_nanos"":""11458504011""},""after_capture"":{""started_nanos"":""21298225637"",""finished_nanos"":""21298561132""}},{""container_id"":""0240fc60fe5e98259139f66fcfcc0184665a599414ddd981bfdec2c66cd01688"",""before_capture"":{""started_nanos"":""11780580334"",""finished_nanos"":""11780863500""},""after_capture"":{""started_nanos"":""21662502235"",""finished_nanos"":""21662764816""}},{""container_id"":""4368232a4959f36537f1aac2f5f7207de640f012432c248cd9b9d62a10fc81a2"",""before_capture"":{""started_nanos"":""12657730040"",""finished_nanos"":""12658062136""},""after_capture"":{""started_nanos"":""22575243796"",""finished_nanos"":""22575477999""}},{""container_id"":""2ea24a01334fe9899f8d2172e6f73df759bf28f337582d107625efa35f4b43b7"",""before_capture"":{""started_nanos"":""12354806230"",""finished_nanos"":""12355023106""},""after_capture"":{""started_nanos"":""22258400700"",""finished_nanos"":""22258762835""}},{""container_id"":""68bc01b44cae8cc1fcbf86f8dc5202e492db99eebba45e2cfd438c0ea91e3e1d"",""before_capture"":{""started_nanos"":""12524557415"",""finished_nanos"":""12524818909""},""after_capture"":{""started_nanos"":""22423666317"",""finished_nanos"":""22423924387""}},{""container_id"":""00df276796a2f0f233e9dac4fa1fae1fe7b18e45014d9e8b564785e93f9712ab"",""before_capture"":{""started_nanos"":""12770145322"",""finished_nanos"":""12770396474""},""after_capture"":{""started_nanos"":""22653500220"",""finished_nanos"":""22653752689""}},{""container_id"":""f19769623b647a3c8eec2a0cb9f7f59a50b1f3a689d73a1d1fb31108ee563817"",""before_capture"":{""started_nanos"":""13087481711"",""finished_nanos"":""13087736638""},""after_capture"":{""started_nanos"":""22942563864"",""finished_nanos"":""22942829654""}},{""container_id"":""af5039a42ecbdd7bf6083522fe77a5f9cda10a54b3b63cb747dd909c551265e6"",""before_capture"":{""started_nanos"":""13656664535"",""finished_nanos"":""13656909205""},""after_capture"":{""started_nanos"":""23557003700"",""finished_nanos"":""23557278099""}},{""container_id"":""13391133f68c7d86d010370563ad512a49297d602eac29fb45a4c0b283a5b8e3"",""before_capture"":{""started_nanos"":""14076365534"",""finished_nanos"":""14076599499""},""after_capture"":{""started_nanos"":""23951137212"",""finished_nanos"":""23951403164""}},{""container_id"":""bb4efbae71c643dfefb15b8a12d5c4e098ca8a9abd39f086c099849a21504974"",""before_capture"":{""started_nanos"":""14052591358"",""finished_nanos"":""14052834278""},""after_capture"":{""started_nanos"":""23941801340"",""finished_nanos"":""23942184300""}},{""container_id"":""623ed863b5d920df8712aa40bbdb1f9a5aa15641274d77d9ad51fb8cdc561ea0"",""before_capture"":{""started_nanos"":""14258364242"",""finished_nanos"":""14258596149""},""after_capture"":{""started_nanos"":""24125605783"",""finished_nanos"":""24125856269""}},{""container_id"":""77c9c67a405e99f2d0665e13c8f35166c249e8ce8aea792617d36cd36355cb35"",""before_capture"":{""started_nanos"":""14702146727"",""finished_nanos"":""14702435532""},""after_capture"":{""started_nanos"":""24622830273"",""finished_nanos"":""24623045213""}},{""container_id"":""971d7d3a58c22b1e861acc34217f2378e0a29808ee36cc5f9f4df6f81298bcfe"",""before_capture"":{""started_nanos"":""15073340868"",""finished_nanos"":""15073572111""},""after_capture"":{""started_nanos"":""24986159131"",""finished_nanos"":""24986473028""}},{""container_id"":""94eca915943cbd18791a7ac5e6fd5db3c6c46a18fa419e43a0fa68c0aafcbbda"",""before_capture"":{""started_nanos"":""15144598120"",""finished_nanos"":""15144949571""},""after_capture"":{""started_nanos"":""25028508190"",""finished_nanos"":""25028830526""}},{""container_id"":""09ad005ac680847047513cc073350ee7ecce90a1454c5210b1fd97600ab24c2c"",""before_capture"":{""started_nanos"":""15638962508"",""finished_nanos"":""15639186369""},""after_capture"":{""started_nanos"":""25497182517"",""finished_nanos"":""25497419254""}},{""container_id"":""63615279436d7ca44df23f1c8fb93e3582fa68913740cc9550ff69be194c4131"",""before_capture"":{""started_nanos"":""15948031664"",""finished_nanos"":""15948279044""},""after_capture"":{""started_nanos"":""25798517633"",""finished_nanos"":""25798841174""}}]",0,0,0,0,3145728,0,0,0,6529024,0,0,0,310036,5993,304044,67,0,0,"{""child.rss_bytes"":""146931712"",""child.threads"":""96"",""child.fd_count"":""352"",""child.listener_count"":""32"",""wrapper.rss_bytes"":""117309440"",""wrapper.threads"":""96"",""wrapper.fd_count"":""608"",""wrapper.listener_count"":""32"",""cgroup.memory_current_bytes"":""51126272"",""cgroup.sum_leaf_lifetime_memory_peak_bytes"":""192487424"",""cgroup.memory_swap_current_bytes"":""0"",""cgroup.pids_current"":""192"",""cgroup.cpu.usage_usec"":""2127647"",""cgroup.cpu.user_usec"":""442897"",""cgroup.cpu.system_usec"":""1684735"",""cgroup.cpu.nr_periods"":""261"",""cgroup.cpu.nr_throttled"":""71"",""cgroup.cpu.throttled_usec"":""3552128""}","{""child.rss_bytes"":""146931712"",""child.threads"":""96"",""child.fd_count"":""352"",""child.listener_count"":""32"",""wrapper.rss_bytes"":""120455168"",""wrapper.threads"":""96"",""wrapper.fd_count"":""608"",""wrapper.listener_count"":""32"",""cgroup.memory_current_bytes"":""57655296"",""cgroup.sum_leaf_lifetime_memory_peak_bytes"":""192487424"",""cgroup.memory_swap_current_bytes"":""0"",""cgroup.pids_current"":""192"",""cgroup.cpu.usage_usec"":""2437683"",""cgroup.cpu.user_usec"":""448890"",""cgroup.cpu.system_usec"":""1988779"",""cgroup.cpu.nr_periods"":""328"",""cgroup.cpu.nr_throttled"":""71"",""cgroup.cpu.throttled_usec"":""3552128""}"
5,0,native,32,served,250141274,19193075727,"[{""container_id"":""a13a238111f760b06c6428b28c971dc209e16d9a04a6b660c3e07356b1ad7985"",""before_capture"":{""started_nanos"":""28128135053"",""finished_nanos"":""28128353574""},""after_capture"":{""started_nanos"":""37926321337"",""finished_nanos"":""37926580339""}},{""container_id"":""5fb49c05f99460ee671dec28a90eea78e1098d99313a901ce4fb6536daafb0ea"",""before_capture"":{""started_nanos"":""27259215842"",""finished_nanos"":""27259470982""},""after_capture"":{""started_nanos"":""37075669375"",""finished_nanos"":""37076025378""}},{""container_id"":""7ae4da794d2f20223c313dd33dcc480c583690e88b4b74586b29bb0957e4051f"",""before_capture"":{""started_nanos"":""27606425244"",""finished_nanos"":""27606672458""},""after_capture"":{""started_nanos"":""37418754423"",""finished_nanos"":""37419025086""}},{""container_id"":""1bbdf0b2f80c1d9e82d252cef228f38a74dd7d0c736162f75300df044f6f03b6"",""before_capture"":{""started_nanos"":""27881979952"",""finished_nanos"":""27882216834""},""after_capture"":{""started_nanos"":""37658724417"",""finished_nanos"":""37658993638""}},{""container_id"":""a4cb3c9396ee05491a54dc5a82d626bcf6eca415ec1166a68d59bb4214534ccd"",""before_capture"":{""started_nanos"":""28284805315"",""finished_nanos"":""28285054551""},""after_capture"":{""started_nanos"":""38065022499"",""finished_nanos"":""38065252935""}},{""container_id"":""5d4c72e5bb8b7f6d6258fe8ceefcab889f87cdbfaf35518cb9e7484223ea2977"",""before_capture"":{""started_nanos"":""28580215059"",""finished_nanos"":""28580518108""},""after_capture"":{""started_nanos"":""38360309706"",""finished_nanos"":""38360632249""}},{""container_id"":""3c45451db0f2e22de9eb23d3e5990517bbdefd3a619af73540fe8228a692550d"",""before_capture"":{""started_nanos"":""28854286529"",""finished_nanos"":""28854587319""},""after_capture"":{""started_nanos"":""38630162008"",""finished_nanos"":""38630426607""}},{""container_id"":""63ae77ccea4eba2ba9652abcd8257229e6a7b74f0bed0dcf336c070bb75fae50"",""before_capture"":{""started_nanos"":""29141480817"",""finished_nanos"":""29141713889""},""after_capture"":{""started_nanos"":""38946677778"",""finished_nanos"":""38946912214""}},{""container_id"":""de8a66e7336fb545176030d26b445fcf997f5b8dc42e491bb21801ace2ade16d"",""before_capture"":{""started_nanos"":""29555693298"",""finished_nanos"":""29555998993""},""after_capture"":{""started_nanos"":""39346541271"",""finished_nanos"":""39346784750""}},{""container_id"":""d0dacae94df5b2d7fed84509945cc1cad1960e981c9c73b34b06037d39cb3b04"",""before_capture"":{""started_nanos"":""29794414787"",""finished_nanos"":""29794655181""},""after_capture"":{""started_nanos"":""39582244766"",""finished_nanos"":""39582456110""}},{""container_id"":""1d69287beb31b4e564cd0e7cc16e1161c2674cd001cd09cc0b1a311d4e0e8eda"",""before_capture"":{""started_nanos"":""30067266981"",""finished_nanos"":""30067480825""},""after_capture"":{""started_nanos"":""39882683398"",""finished_nanos"":""39883198344""}},{""container_id"":""8b63f86ba98b0767f657d4a22a39302e40ee5768fa2e0fdfc16dc4dcaebe7175"",""before_capture"":{""started_nanos"":""30270041479"",""finished_nanos"":""30270285125""},""after_capture"":{""started_nanos"":""40146413456"",""finished_nanos"":""40146642101""}},{""container_id"":""a479bf16877585f7a807630d8e53e126de452e717ff76ded62a7976e22b5d1dd"",""before_capture"":{""started_nanos"":""30594847622"",""finished_nanos"":""30595307028""},""after_capture"":{""started_nanos"":""40453539729"",""finished_nanos"":""40453771978""}},{""container_id"":""3ddb2f7305fbae2340dbeb9e0bf90df944e44ea2779fc3b022f9f5cf8fb01aea"",""before_capture"":{""started_nanos"":""30265933213"",""finished_nanos"":""30266163441""},""after_capture"":{""started_nanos"":""40080707443"",""finished_nanos"":""40081015329""}},{""container_id"":""ade96d8ff2e0a6082231162abd44ef4862dafafa3d9f7095ed96f94ad688cd11"",""before_capture"":{""started_nanos"":""31111910929"",""finished_nanos"":""31112139468""},""after_capture"":{""started_nanos"":""40875754718"",""finished_nanos"":""40876254552""}},{""container_id"":""226b6658166a20b52bdcd79af84fa67634b404c3fdea7643f553cafa1b3ccf68"",""before_capture"":{""started_nanos"":""30826441588"",""finished_nanos"":""30826669979""},""after_capture"":{""started_nanos"":""40633697695"",""finished_nanos"":""40634052422""}},{""container_id"":""b256d2e19be29819b8a73215c59f250e42624157079c5dd7a029dbbfd6d2c5ec"",""before_capture"":{""started_nanos"":""31121345115"",""finished_nanos"":""31121578076""},""after_capture"":{""started_nanos"":""40923936473"",""finished_nanos"":""40924175472""}},{""container_id"":""0240fc60fe5e98259139f66fcfcc0184665a599414ddd981bfdec2c66cd01688"",""before_capture"":{""started_nanos"":""31450976319"",""finished_nanos"":""31451212188""},""after_capture"":{""started_nanos"":""41212164324"",""finished_nanos"":""41212379666""}},{""container_id"":""4368232a4959f36537f1aac2f5f7207de640f012432c248cd9b9d62a10fc81a2"",""before_capture"":{""started_nanos"":""32308341672"",""finished_nanos"":""32308583012""},""after_capture"":{""started_nanos"":""42080277539"",""finished_nanos"":""42080514135""}},{""container_id"":""2ea24a01334fe9899f8d2172e6f73df759bf28f337582d107625efa35f4b43b7"",""before_capture"":{""started_nanos"":""31997046240"",""finished_nanos"":""31997342754""},""after_capture"":{""started_nanos"":""41771204394"",""finished_nanos"":""41771436276""}},{""container_id"":""68bc01b44cae8cc1fcbf86f8dc5202e492db99eebba45e2cfd438c0ea91e3e1d"",""before_capture"":{""started_nanos"":""32141583243"",""finished_nanos"":""32141882415""},""after_capture"":{""started_nanos"":""41931225452"",""finished_nanos"":""41931496453""}},{""container_id"":""00df276796a2f0f233e9dac4fa1fae1fe7b18e45014d9e8b564785e93f9712ab"",""before_capture"":{""started_nanos"":""32356388937"",""finished_nanos"":""32356627033""},""after_capture"":{""started_nanos"":""42142522910"",""finished_nanos"":""42142808383""}},{""container_id"":""f19769623b647a3c8eec2a0cb9f7f59a50b1f3a689d73a1d1fb31108ee563817"",""before_capture"":{""started_nanos"":""32682457327"",""finished_nanos"":""32682711893""},""after_capture"":{""started_nanos"":""42411223579"",""finished_nanos"":""42411447909""}},{""container_id"":""af5039a42ecbdd7bf6083522fe77a5f9cda10a54b3b63cb747dd909c551265e6"",""before_capture"":{""started_nanos"":""33264480207"",""finished_nanos"":""33264715260""},""after_capture"":{""started_nanos"":""42992753953"",""finished_nanos"":""42992981161""}},{""container_id"":""13391133f68c7d86d010370563ad512a49297d602eac29fb45a4c0b283a5b8e3"",""before_capture"":{""started_nanos"":""33681709600"",""finished_nanos"":""33681992998""},""after_capture"":{""started_nanos"":""43380268987"",""finished_nanos"":""43380598729""}},{""container_id"":""bb4efbae71c643dfefb15b8a12d5c4e098ca8a9abd39f086c099849a21504974"",""before_capture"":{""started_nanos"":""33630120296"",""finished_nanos"":""33630342835""},""after_capture"":{""started_nanos"":""43367367311"",""finished_nanos"":""43367629080""}},{""container_id"":""623ed863b5d920df8712aa40bbdb1f9a5aa15641274d77d9ad51fb8cdc561ea0"",""before_capture"":{""started_nanos"":""33854982756"",""finished_nanos"":""33855227897""},""after_capture"":{""started_nanos"":""43543431272"",""finished_nanos"":""43543698722""}},{""container_id"":""77c9c67a405e99f2d0665e13c8f35166c249e8ce8aea792617d36cd36355cb35"",""before_capture"":{""started_nanos"":""34377158427"",""finished_nanos"":""34377407370""},""after_capture"":{""started_nanos"":""44024344498"",""finished_nanos"":""44024599138""}},{""container_id"":""971d7d3a58c22b1e861acc34217f2378e0a29808ee36cc5f9f4df6f81298bcfe"",""before_capture"":{""started_nanos"":""34767268552"",""finished_nanos"":""34767527024""},""after_capture"":{""started_nanos"":""44380869035"",""finished_nanos"":""44381184674""}},{""container_id"":""94eca915943cbd18791a7ac5e6fd5db3c6c46a18fa419e43a0fa68c0aafcbbda"",""before_capture"":{""started_nanos"":""34786302787"",""finished_nanos"":""34786566614""},""after_capture"":{""started_nanos"":""44414555953"",""finished_nanos"":""44414838664""}},{""container_id"":""09ad005ac680847047513cc073350ee7ecce90a1454c5210b1fd97600ab24c2c"",""before_capture"":{""started_nanos"":""35265491074"",""finished_nanos"":""35265715355""},""after_capture"":{""started_nanos"":""44899970195"",""finished_nanos"":""44900199743""}},{""container_id"":""63615279436d7ca44df23f1c8fb93e3582fa68913740cc9550ff69be194c4131"",""before_capture"":{""started_nanos"":""35543027185"",""finished_nanos"":""35543304828""},""after_capture"":{""started_nanos"":""45205916425"",""finished_nanos"":""45206223375""}}]",0,0,0,0,0,0,0,0,544768,0,0,0,304312,2751,301564,66,0,0,"{""child.rss_bytes"":""149028864"",""child.threads"":""96"",""child.fd_count"":""352"",""child.listener_count"":""32"",""wrapper.rss_bytes"":""121372672"",""wrapper.threads"":""96"",""wrapper.fd_count"":""608"",""wrapper.listener_count"":""32"",""cgroup.memory_current_bytes"":""58654720"",""cgroup.sum_leaf_lifetime_memory_peak_bytes"":""192487424"",""cgroup.memory_swap_current_bytes"":""0"",""cgroup.pids_current"":""192"",""cgroup.cpu.usage_usec"":""2747065"",""cgroup.cpu.user_usec"":""471535"",""cgroup.cpu.system_usec"":""2275514"",""cgroup.cpu.nr_periods"":""408"",""cgroup.cpu.nr_throttled"":""71"",""cgroup.cpu.throttled_usec"":""3552128""}","{""child.rss_bytes"":""149028864"",""child.threads"":""96"",""child.fd_count"":""352"",""child.listener_count"":""32"",""wrapper.rss_bytes"":""121372672"",""wrapper.threads"":""96"",""wrapper.fd_count"":""608"",""wrapper.listener_count"":""32"",""cgroup.memory_current_bytes"":""59199488"",""cgroup.sum_leaf_lifetime_memory_peak_bytes"":""192487424"",""cgroup.memory_swap_current_bytes"":""0"",""cgroup.pids_current"":""192"",""cgroup.cpu.usage_usec"":""3051377"",""cgroup.cpu.user_usec"":""474286"",""cgroup.cpu.system_usec"":""2577078"",""cgroup.cpu.nr_periods"":""474"",""cgroup.cpu.nr_throttled"":""71"",""cgroup.cpu.throttled_usec"":""3552128""}"
5,0,native,32,final,250197935,19411516714,"[{""container_id"":""a13a238111f760b06c6428b28c971dc209e16d9a04a6b660c3e07356b1ad7985"",""before_capture"":{""started_nanos"":""47542238413"",""finished_nanos"":""47542599678""},""after_capture"":{""started_nanos"":""57346701529"",""finished_nanos"":""57346931277""}},{""container_id"":""5fb49c05f99460ee671dec28a90eea78e1098d99313a901ce4fb6536daafb0ea"",""before_capture"":{""started_nanos"":""46730785585"",""finished_nanos"":""46731096377""},""after_capture"":{""started_nanos"":""56484257641"",""finished_nanos"":""56484486284""}},{""container_id"":""7ae4da794d2f20223c313dd33dcc480c583690e88b4b74586b29bb0957e4051f"",""before_capture"":{""started_nanos"":""47032958655"",""finished_nanos"":""47033194403""},""after_capture"":{""started_nanos"":""56813269487"",""finished_nanos"":""56813520829""}},{""container_id"":""1bbdf0b2f80c1d9e82d252cef228f38a74dd7d0c736162f75300df044f6f03b6"",""before_capture"":{""started_nanos"":""47307380549"",""finished_nanos"":""47307640367""},""after_capture"":{""started_nanos"":""57078305702"",""finished_nanos"":""57078538274""}},{""container_id"":""a4cb3c9396ee05491a54dc5a82d626bcf6eca415ec1166a68d59bb4214534ccd"",""before_capture"":{""started_nanos"":""47690045618"",""finished_nanos"":""47690271237""},""after_capture"":{""started_nanos"":""57478895686"",""finished_nanos"":""57479120628""}},{""container_id"":""5d4c72e5bb8b7f6d6258fe8ceefcab889f87cdbfaf35518cb9e7484223ea2977"",""before_capture"":{""started_nanos"":""47942403697"",""finished_nanos"":""47942662803""},""after_capture"":{""started_nanos"":""57726932205"",""finished_nanos"":""57727252047""}},{""container_id"":""3c45451db0f2e22de9eb23d3e5990517bbdefd3a619af73540fe8228a692550d"",""before_capture"":{""started_nanos"":""48142126883"",""finished_nanos"":""48142427496""},""after_capture"":{""started_nanos"":""57956857856"",""finished_nanos"":""57957111477""}},{""container_id"":""63ae77ccea4eba2ba9652abcd8257229e6a7b74f0bed0dcf336c070bb75fae50"",""before_capture"":{""started_nanos"":""48485055465"",""finished_nanos"":""48485393130""},""after_capture"":{""started_nanos"":""58239876863"",""finished_nanos"":""58240111941""}},{""container_id"":""de8a66e7336fb545176030d26b445fcf997f5b8dc42e491bb21801ace2ade16d"",""before_capture"":{""started_nanos"":""48937566680"",""finished_nanos"":""48937834118""},""after_capture"":{""started_nanos"":""58698107675"",""finished_nanos"":""58698339183""}},{""container_id"":""d0dacae94df5b2d7fed84509945cc1cad1960e981c9c73b34b06037d39cb3b04"",""before_capture"":{""started_nanos"":""49174680479"",""finished_nanos"":""49174992132""},""after_capture"":{""started_nanos"":""58956605452"",""finished_nanos"":""58956845847""}},{""container_id"":""1d69287beb31b4e564cd0e7cc16e1161c2674cd001cd09cc0b1a311d4e0e8eda"",""before_capture"":{""started_nanos"":""49459533444"",""finished_nanos"":""49459805801""},""after_capture"":{""started_nanos"":""59267516272"",""finished_nanos"":""59267810281""}},{""container_id"":""8b63f86ba98b0767f657d4a22a39302e40ee5768fa2e0fdfc16dc4dcaebe7175"",""before_capture"":{""started_nanos"":""49676938717"",""finished_nanos"":""49677186057""},""after_capture"":{""started_nanos"":""59527813366"",""finished_nanos"":""59528026059""}},{""container_id"":""a479bf16877585f7a807630d8e53e126de452e717ff76ded62a7976e22b5d1dd"",""before_capture"":{""started_nanos"":""50006267173"",""finished_nanos"":""50006585533""},""after_capture"":{""started_nanos"":""59861844784"",""finished_nanos"":""59862070947""}},{""container_id"":""3ddb2f7305fbae2340dbeb9e0bf90df944e44ea2779fc3b022f9f5cf8fb01aea"",""before_capture"":{""started_nanos"":""49636060615"",""finished_nanos"":""49636325913""},""after_capture"":{""started_nanos"":""59488957352"",""finished_nanos"":""59489316501""}},{""container_id"":""ade96d8ff2e0a6082231162abd44ef4862dafafa3d9f7095ed96f94ad688cd11"",""before_capture"":{""started_nanos"":""50439277542"",""finished_nanos"":""50439549073""},""after_capture"":{""started_nanos"":""60290004069"",""finished_nanos"":""60290230825""}},{""container_id"":""226b6658166a20b52bdcd79af84fa67634b404c3fdea7643f553cafa1b3ccf68"",""before_capture"":{""started_nanos"":""50196076262"",""finished_nanos"":""50196482620""},""after_capture"":{""started_nanos"":""60006983038"",""finished_nanos"":""60007267281""}},{""container_id"":""b256d2e19be29819b8a73215c59f250e42624157079c5dd7a029dbbfd6d2c5ec"",""before_capture"":{""started_nanos"":""50474473187"",""finished_nanos"":""50474734265""},""after_capture"":{""started_nanos"":""60307188359"",""finished_nanos"":""60307467272""}},{""container_id"":""0240fc60fe5e98259139f66fcfcc0184665a599414ddd981bfdec2c66cd01688"",""before_capture"":{""started_nanos"":""50759676893"",""finished_nanos"":""50759898177""},""after_capture"":{""started_nanos"":""60644359746"",""finished_nanos"":""60644586672""}},{""container_id"":""4368232a4959f36537f1aac2f5f7207de640f012432c248cd9b9d62a10fc81a2"",""before_capture"":{""started_nanos"":""51639450009"",""finished_nanos"":""51639690978""},""after_capture"":{""started_nanos"":""61516975406"",""finished_nanos"":""61517210901""}},{""container_id"":""2ea24a01334fe9899f8d2172e6f73df759bf28f337582d107625efa35f4b43b7"",""before_capture"":{""started_nanos"":""51332568458"",""finished_nanos"":""51332868211""},""after_capture"":{""started_nanos"":""61225047089"",""finished_nanos"":""61225317098""}},{""container_id"":""68bc01b44cae8cc1fcbf86f8dc5202e492db99eebba45e2cfd438c0ea91e3e1d"",""before_capture"":{""started_nanos"":""51485553711"",""finished_nanos"":""51485942566""},""after_capture"":{""started_nanos"":""61414295924"",""finished_nanos"":""61414546034""}},{""container_id"":""00df276796a2f0f233e9dac4fa1fae1fe7b18e45014d9e8b564785e93f9712ab"",""before_capture"":{""started_nanos"":""51710160963"",""finished_nanos"":""51710387201""},""after_capture"":{""started_nanos"":""61688454849"",""finished_nanos"":""61688714578""}},{""container_id"":""f19769623b647a3c8eec2a0cb9f7f59a50b1f3a689d73a1d1fb31108ee563817"",""before_capture"":{""started_nanos"":""52033752300"",""finished_nanos"":""52034050073""},""after_capture"":{""started_nanos"":""61971557547"",""finished_nanos"":""61971814726""}},{""container_id"":""af5039a42ecbdd7bf6083522fe77a5f9cda10a54b3b63cb747dd909c551265e6"",""before_capture"":{""started_nanos"":""52597740074"",""finished_nanos"":""52597969329""},""after_capture"":{""started_nanos"":""62590046037"",""finished_nanos"":""62590287484""}},{""container_id"":""13391133f68c7d86d010370563ad512a49297d602eac29fb45a4c0b283a5b8e3"",""before_capture"":{""started_nanos"":""52988044881"",""finished_nanos"":""52988281238""},""after_capture"":{""started_nanos"":""62977723496"",""finished_nanos"":""62977966780""}},{""container_id"":""bb4efbae71c643dfefb15b8a12d5c4e098ca8a9abd39f086c099849a21504974"",""before_capture"":{""started_nanos"":""52938224576"",""finished_nanos"":""52938462874""},""after_capture"":{""started_nanos"":""62932075913"",""finished_nanos"":""62932335545""}},{""container_id"":""623ed863b5d920df8712aa40bbdb1f9a5aa15641274d77d9ad51fb8cdc561ea0"",""before_capture"":{""started_nanos"":""53173185016"",""finished_nanos"":""53173397863""},""after_capture"":{""started_nanos"":""63118336382"",""finished_nanos"":""63118609812""}},{""container_id"":""77c9c67a405e99f2d0665e13c8f35166c249e8ce8aea792617d36cd36355cb35"",""before_capture"":{""started_nanos"":""53694556584"",""finished_nanos"":""53694790487""},""after_capture"":{""started_nanos"":""63607629834"",""finished_nanos"":""63607903382""}},{""container_id"":""971d7d3a58c22b1e861acc34217f2378e0a29808ee36cc5f9f4df6f81298bcfe"",""before_capture"":{""started_nanos"":""54049499563"",""finished_nanos"":""54049750746""},""after_capture"":{""started_nanos"":""63939583775"",""finished_nanos"":""63939910489""}},{""container_id"":""94eca915943cbd18791a7ac5e6fd5db3c6c46a18fa419e43a0fa68c0aafcbbda"",""before_capture"":{""started_nanos"":""54085918624"",""finished_nanos"":""54086158997""},""after_capture"":{""started_nanos"":""64020068069"",""finished_nanos"":""64020341029""}},{""container_id"":""09ad005ac680847047513cc073350ee7ecce90a1454c5210b1fd97600ab24c2c"",""before_capture"":{""started_nanos"":""54637181048"",""finished_nanos"":""54637490304""},""after_capture"":{""started_nanos"":""64523600299"",""finished_nanos"":""64523831034""}},{""container_id"":""63615279436d7ca44df23f1c8fb93e3582fa68913740cc9550ff69be194c4131"",""before_capture"":{""started_nanos"":""54943604579"",""finished_nanos"":""54943838173""},""after_capture"":{""started_nanos"":""64797360625"",""finished_nanos"":""64797692794""}}]",0,0,0,0,131072,0,0,0,20480,0,0,0,309753,12662,297091,64,0,0,"{""child.rss_bytes"":""149159936"",""child.threads"":""96"",""child.fd_count"":""352"",""child.listener_count"":""32"",""wrapper.rss_bytes"":""121372672"",""wrapper.threads"":""96"",""wrapper.fd_count"":""608"",""wrapper.listener_count"":""32"",""cgroup.memory_current_bytes"":""60493824"",""cgroup.sum_leaf_lifetime_memory_peak_bytes"":""192487424"",""cgroup.memory_swap_current_bytes"":""0"",""cgroup.pids_current"":""192"",""cgroup.cpu.usage_usec"":""3434381"",""cgroup.cpu.user_usec"":""505647"",""cgroup.cpu.system_usec"":""2928722"",""cgroup.cpu.nr_periods"":""601"",""cgroup.cpu.nr_throttled"":""72"",""cgroup.cpu.throttled_usec"":""3552128""}","{""child.rss_bytes"":""149159936"",""child.threads"":""96"",""child.fd_count"":""352"",""child.listener_count"":""32"",""wrapper.rss_bytes"":""121503744"",""wrapper.threads"":""96"",""wrapper.fd_count"":""608"",""wrapper.listener_count"":""32"",""cgroup.memory_current_bytes"":""60514304"",""cgroup.sum_leaf_lifetime_memory_peak_bytes"":""192487424"",""cgroup.memory_swap_current_bytes"":""0"",""cgroup.pids_current"":""192"",""cgroup.cpu.usage_usec"":""3744134"",""cgroup.cpu.user_usec"":""518309"",""cgroup.cpu.system_usec"":""3225813"",""cgroup.cpu.nr_periods"":""665"",""cgroup.cpu.nr_throttled"":""72"",""cgroup.cpu.throttled_usec"":""3552128""}"
5,1,lsf,32,ready,250147232,797944855,"[{""container_id"":""0d870f5b86b96f550b010a42981739a639536232c14d9081f3af4ad3e64fee50"",""before_capture"":{""started_nanos"":""2686652819"",""finished_nanos"":""2686889879""},""after_capture"":{""started_nanos"":""3203814148"",""finished_nanos"":""3204055341""}}]",0,0,0,0,262144,0,0,0,397312,0,0,0,10478,575,9902,5,0,0,"{""child.rss_bytes"":""13369344"",""child.threads"":""7"",""child.fd_count"":""48"",""child.listener_count"":""1"",""wrapper.rss_bytes"":""4456448"",""wrapper.threads"":""3"",""wrapper.fd_count"":""81"",""wrapper.listener_count"":""1"",""cgroup.memory_current_bytes"":""4931584"",""cgroup.sum_leaf_lifetime_memory_peak_bytes"":""8192000"",""cgroup.memory_swap_current_bytes"":""0"",""cgroup.pids_current"":""10"",""cgroup.cpu.usage_usec"":""113285"",""cgroup.cpu.user_usec"":""33566"",""cgroup.cpu.system_usec"":""79719"",""cgroup.cpu.nr_periods"":""23"",""cgroup.cpu.nr_throttled"":""0"",""cgroup.cpu.throttled_usec"":""0""}","{""child.rss_bytes"":""13369344"",""child.threads"":""7"",""child.fd_count"":""48"",""child.listener_count"":""1"",""wrapper.rss_bytes"":""4718592"",""wrapper.threads"":""3"",""wrapper.fd_count"":""81"",""wrapper.listener_count"":""1"",""cgroup.memory_current_bytes"":""5328896"",""cgroup.sum_leaf_lifetime_memory_peak_bytes"":""8192000"",""cgroup.memory_swap_current_bytes"":""0"",""cgroup.pids_current"":""10"",""cgroup.cpu.usage_usec"":""123763"",""cgroup.cpu.user_usec"":""34141"",""cgroup.cpu.system_usec"":""89621"",""cgroup.cpu.nr_periods"":""28"",""cgroup.cpu.nr_throttled"":""0"",""cgroup.cpu.throttled_usec"":""0""}"
5,1,lsf,32,served,250094779,833417451,"[{""container_id"":""0d870f5b86b96f550b010a42981739a639536232c14d9081f3af4ad3e64fee50"",""before_capture"":{""started_nanos"":""4788048121"",""finished_nanos"":""4788474096""},""after_capture"":{""started_nanos"":""5318581689"",""finished_nanos"":""5318832389""}}]",0,0,0,0,0,0,0,0,90112,0,0,0,14832,3048,11783,3,0,0,"{""child.rss_bytes"":""28155904"",""child.threads"":""7"",""child.fd_count"":""80"",""child.listener_count"":""1"",""wrapper.rss_bytes"":""4718592"",""wrapper.threads"":""3"",""wrapper.fd_count"":""81"",""wrapper.listener_count"":""1"",""cgroup.memory_current_bytes"":""13131776"",""cgroup.sum_leaf_lifetime_memory_peak_bytes"":""14209024"",""cgroup.memory_swap_current_bytes"":""0"",""cgroup.pids_current"":""10"",""cgroup.cpu.usage_usec"":""1230474"",""cgroup.cpu.user_usec"":""1097776"",""cgroup.cpu.system_usec"":""132698"",""cgroup.cpu.nr_periods"":""44"",""cgroup.cpu.nr_throttled"":""0"",""cgroup.cpu.throttled_usec"":""0""}","{""child.rss_bytes"":""28155904"",""child.threads"":""7"",""child.fd_count"":""80"",""child.listener_count"":""1"",""wrapper.rss_bytes"":""4718592"",""wrapper.threads"":""3"",""wrapper.fd_count"":""81"",""wrapper.listener_count"":""1"",""cgroup.memory_current_bytes"":""13221888"",""cgroup.sum_leaf_lifetime_memory_peak_bytes"":""14209024"",""cgroup.memory_swap_current_bytes"":""0"",""cgroup.pids_current"":""10"",""cgroup.cpu.usage_usec"":""1245306"",""cgroup.cpu.user_usec"":""1100824"",""cgroup.cpu.system_usec"":""144481"",""cgroup.cpu.nr_periods"":""47"",""cgroup.cpu.nr_throttled"":""0"",""cgroup.cpu.throttled_usec"":""0""}"
5,1,lsf,32,final,250114094,836014617,"[{""container_id"":""0d870f5b86b96f550b010a42981739a639536232c14d9081f3af4ad3e64fee50"",""before_capture"":{""started_nanos"":""5827407554"",""finished_nanos"":""5827668086""},""after_capture"":{""started_nanos"":""6376670137"",""finished_nanos"":""6376902782""}}]",0,0,0,0,0,0,0,0,53248,0,0,0,11174,4167,7008,4,0,0,"{""child.rss_bytes"":""29335552"",""child.threads"":""7"",""child.fd_count"":""80"",""child.listener_count"":""1"",""wrapper.rss_bytes"":""4718592"",""wrapper.threads"":""3"",""wrapper.fd_count"":""81"",""wrapper.listener_count"":""1"",""cgroup.memory_current_bytes"":""14606336"",""cgroup.sum_leaf_lifetime_memory_peak_bytes"":""17158144"",""cgroup.memory_swap_current_bytes"":""0"",""cgroup.pids_current"":""10"",""cgroup.cpu.usage_usec"":""1404532"",""cgroup.cpu.user_usec"":""1206197"",""cgroup.cpu.system_usec"":""198334"",""cgroup.cpu.nr_periods"":""51"",""cgroup.cpu.nr_throttled"":""0"",""cgroup.cpu.throttled_usec"":""0""}","{""child.rss_bytes"":""29335552"",""child.threads"":""7"",""child.fd_count"":""80"",""child.listener_count"":""1"",""wrapper.rss_bytes"":""4718592"",""wrapper.threads"":""3"",""wrapper.fd_count"":""81"",""wrapper.listener_count"":""1"",""cgroup.memory_current_bytes"":""14659584"",""cgroup.sum_leaf_lifetime_memory_peak_bytes"":""17158144"",""cgroup.memory_swap_current_bytes"":""0"",""cgroup.pids_current"":""10"",""cgroup.cpu.usage_usec"":""1415706"",""cgroup.cpu.user_usec"":""1210364"",""cgroup.cpu.system_usec"":""205342"",""cgroup.cpu.nr_periods"":""55"",""cgroup.cpu.nr_throttled"":""0"",""cgroup.cpu.throttled_usec"":""0""}"
5,2,lsf,1,ready,250306174,837587939,"[{""container_id"":""73f4dc5421092994423b8d1f6af358a48874491f9df18057cec621e52d9e7149"",""before_capture"":{""started_nanos"":""2244424091"",""finished_nanos"":""2244700218""},""after_capture"":{""started_nanos"":""2778917938"",""finished_nanos"":""2779200363""}}]",0,0,0,0,131072,0,0,0,454656,0,0,0,12347,901,11445,2,0,0,"{""child.rss_bytes"":""12320768"",""child.threads"":""7"",""child.fd_count"":""17"",""child.listener_count"":""1"",""wrapper.rss_bytes"":""3801088"",""wrapper.threads"":""3"",""wrapper.fd_count"":""19"",""wrapper.listener_count"":""1"",""cgroup.memory_current_bytes"":""2641920"",""cgroup.sum_leaf_lifetime_memory_peak_bytes"":""7286784"",""cgroup.memory_swap_current_bytes"":""0"",""cgroup.pids_current"":""10"",""cgroup.cpu.usage_usec"":""71708"",""cgroup.cpu.user_usec"":""26890"",""cgroup.cpu.system_usec"":""44818"",""cgroup.cpu.nr_periods"":""19"",""cgroup.cpu.nr_throttled"":""0"",""cgroup.cpu.throttled_usec"":""0""}","{""child.rss_bytes"":""12320768"",""child.threads"":""7"",""child.fd_count"":""17"",""child.listener_count"":""1"",""wrapper.rss_bytes"":""3932160"",""wrapper.threads"":""3"",""wrapper.fd_count"":""19"",""wrapper.listener_count"":""1"",""cgroup.memory_current_bytes"":""3096576"",""cgroup.sum_leaf_lifetime_memory_peak_bytes"":""7286784"",""cgroup.memory_swap_current_bytes"":""0"",""cgroup.pids_current"":""10"",""cgroup.cpu.usage_usec"":""84055"",""cgroup.cpu.user_usec"":""27791"",""cgroup.cpu.system_usec"":""56263"",""cgroup.cpu.nr_periods"":""21"",""cgroup.cpu.nr_throttled"":""0"",""cgroup.cpu.throttled_usec"":""0""}"
5,2,lsf,1,served,250249681,809521618,"[{""container_id"":""73f4dc5421092994423b8d1f6af358a48874491f9df18057cec621e52d9e7149"",""before_capture"":{""started_nanos"":""3321187546"",""finished_nanos"":""3321438442""},""after_capture"":{""started_nanos"":""3857143100"",""finished_nanos"":""3857417316""}}]",0,0,0,0,0,0,0,0,16384,0,0,0,12367,276,12091,3,0,0,"{""child.rss_bytes"":""22020096"",""child.threads"":""7"",""child.fd_count"":""18"",""child.listener_count"":""1"",""wrapper.rss_bytes"":""3932160"",""wrapper.threads"":""3"",""wrapper.fd_count"":""19"",""wrapper.listener_count"":""1"",""cgroup.memory_current_bytes"":""5349376"",""cgroup.sum_leaf_lifetime_memory_peak_bytes"":""7286784"",""cgroup.memory_swap_current_bytes"":""0"",""cgroup.pids_current"":""10"",""cgroup.cpu.usage_usec"":""136484"",""cgroup.cpu.user_usec"":""72507"",""cgroup.cpu.system_usec"":""63977"",""cgroup.cpu.nr_periods"":""25"",""cgroup.cpu.nr_throttled"":""0"",""cgroup.cpu.throttled_usec"":""0""}","{""child.rss_bytes"":""22020096"",""child.threads"":""7"",""child.fd_count"":""18"",""child.listener_count"":""1"",""wrapper.rss_bytes"":""3932160"",""wrapper.threads"":""3"",""wrapper.fd_count"":""19"",""wrapper.listener_count"":""1"",""cgroup.memory_current_bytes"":""5365760"",""cgroup.sum_leaf_lifetime_memory_peak_bytes"":""7286784"",""cgroup.memory_swap_current_bytes"":""0"",""cgroup.pids_current"":""10"",""cgroup.cpu.usage_usec"":""148851"",""cgroup.cpu.user_usec"":""72783"",""cgroup.cpu.system_usec"":""76068"",""cgroup.cpu.nr_periods"":""28"",""cgroup.cpu.nr_throttled"":""0"",""cgroup.cpu.throttled_usec"":""0""}"
5,2,lsf,1,final,250174416,837289917,"[{""container_id"":""73f4dc5421092994423b8d1f6af358a48874491f9df18057cec621e52d9e7149"",""before_capture"":{""started_nanos"":""4604956925"",""finished_nanos"":""4605203069""},""after_capture"":{""started_nanos"":""5160766515"",""finished_nanos"":""5161127578""}}]",0,0,0,0,0,0,0,0,12288,0,0,0,12098,1208,10890,5,0,0,"{""child.rss_bytes"":""25296896"",""child.threads"":""7"",""child.fd_count"":""18"",""child.listener_count"":""1"",""wrapper.rss_bytes"":""3932160"",""wrapper.threads"":""3"",""wrapper.fd_count"":""19"",""wrapper.listener_count"":""1"",""cgroup.memory_current_bytes"":""8441856"",""cgroup.sum_leaf_lifetime_memory_peak_bytes"":""11059200"",""cgroup.memory_swap_current_bytes"":""0"",""cgroup.pids_current"":""10"",""cgroup.cpu.usage_usec"":""392772"",""cgroup.cpu.user_usec"":""214239"",""cgroup.cpu.system_usec"":""178532"",""cgroup.cpu.nr_periods"":""34"",""cgroup.cpu.nr_throttled"":""0"",""cgroup.cpu.throttled_usec"":""0""}","{""child.rss_bytes"":""25296896"",""child.threads"":""7"",""child.fd_count"":""18"",""child.listener_count"":""1"",""wrapper.rss_bytes"":""3932160"",""wrapper.threads"":""3"",""wrapper.fd_count"":""19"",""wrapper.listener_count"":""1"",""cgroup.memory_current_bytes"":""8454144"",""cgroup.sum_leaf_lifetime_memory_peak_bytes"":""11059200"",""cgroup.memory_swap_current_bytes"":""0"",""cgroup.pids_current"":""10"",""cgroup.cpu.usage_usec"":""404870"",""cgroup.cpu.user_usec"":""215447"",""cgroup.cpu.system_usec"":""189422"",""cgroup.cpu.nr_periods"":""39"",""cgroup.cpu.nr_throttled"":""0"",""cgroup.cpu.throttled_usec"":""0""}"
5,3,native,1,ready,250222637,788996989,"[{""container_id"":""78f222e33f8449acc51ecf4b6666cf52799fdb2cc7df2d1a842cc6fd09cebb91"",""before_capture"":{""started_nanos"":""2147980860"",""finished_nanos"":""2148256135""},""after_capture"":{""started_nanos"":""2665348185"",""finished_nanos"":""2665608549""}}]",0,0,0,0,131072,0,0,0,184320,0,0,0,6800,0,6801,2,0,0,"{""child.rss_bytes"":""4718592"",""child.threads"":""3"",""child.fd_count"":""11"",""child.listener_count"":""1"",""wrapper.rss_bytes"":""3538944"",""wrapper.threads"":""3"",""wrapper.fd_count"":""19"",""wrapper.listener_count"":""1"",""cgroup.memory_current_bytes"":""1589248"",""cgroup.sum_leaf_lifetime_memory_peak_bytes"":""6426624"",""cgroup.memory_swap_current_bytes"":""0"",""cgroup.pids_current"":""6"",""cgroup.cpu.usage_usec"":""50524"",""cgroup.cpu.user_usec"":""3844"",""cgroup.cpu.system_usec"":""46679"",""cgroup.cpu.nr_periods"":""6"",""cgroup.cpu.nr_throttled"":""0"",""cgroup.cpu.throttled_usec"":""0""}","{""child.rss_bytes"":""4718592"",""child.threads"":""3"",""child.fd_count"":""11"",""child.listener_count"":""1"",""wrapper.rss_bytes"":""3670016"",""wrapper.threads"":""3"",""wrapper.fd_count"":""19"",""wrapper.listener_count"":""1"",""cgroup.memory_current_bytes"":""1773568"",""cgroup.sum_leaf_lifetime_memory_peak_bytes"":""6426624"",""cgroup.memory_swap_current_bytes"":""0"",""cgroup.pids_current"":""6"",""cgroup.cpu.usage_usec"":""57324"",""cgroup.cpu.user_usec"":""3844"",""cgroup.cpu.system_usec"":""53480"",""cgroup.cpu.nr_periods"":""8"",""cgroup.cpu.nr_throttled"":""0"",""cgroup.cpu.throttled_usec"":""0""}"
5,3,native,1,served,250093154,858061838,"[{""container_id"":""78f222e33f8449acc51ecf4b6666cf52799fdb2cc7df2d1a842cc6fd09cebb91"",""before_capture"":{""started_nanos"":""3063106747"",""finished_nanos"":""3063350495""},""after_capture"":{""started_nanos"":""3604838384"",""finished_nanos"":""3605216316""}}]",0,0,0,0,0,0,0,0,12288,0,0,0,11213,422,10791,2,0,0,"{""child.rss_bytes"":""4718592"",""child.threads"":""3"",""child.fd_count"":""11"",""child.listener_count"":""1"",""wrapper.rss_bytes"":""3670016"",""wrapper.threads"":""3"",""wrapper.fd_count"":""19"",""wrapper.listener_count"":""1"",""cgroup.memory_current_bytes"":""1826816"",""cgroup.sum_leaf_lifetime_memory_peak_bytes"":""6426624"",""cgroup.memory_swap_current_bytes"":""0"",""cgroup.pids_current"":""6"",""cgroup.cpu.usage_usec"":""64410"",""cgroup.cpu.user_usec"":""6780"",""cgroup.cpu.system_usec"":""57630"",""cgroup.cpu.nr_periods"":""10"",""cgroup.cpu.nr_throttled"":""0"",""cgroup.cpu.throttled_usec"":""0""}","{""child.rss_bytes"":""4718592"",""child.threads"":""3"",""child.fd_count"":""11"",""child.listener_count"":""1"",""wrapper.rss_bytes"":""3670016"",""wrapper.threads"":""3"",""wrapper.fd_count"":""19"",""wrapper.listener_count"":""1"",""cgroup.memory_current_bytes"":""1839104"",""cgroup.sum_leaf_lifetime_memory_peak_bytes"":""6426624"",""cgroup.memory_swap_current_bytes"":""0"",""cgroup.pids_current"":""6"",""cgroup.cpu.usage_usec"":""75623"",""cgroup.cpu.user_usec"":""7202"",""cgroup.cpu.system_usec"":""68421"",""cgroup.cpu.nr_periods"":""12"",""cgroup.cpu.nr_throttled"":""0"",""cgroup.cpu.throttled_usec"":""0""}"
5,3,native,1,final,250164778,845717590,"[{""container_id"":""78f222e33f8449acc51ecf4b6666cf52799fdb2cc7df2d1a842cc6fd09cebb91"",""before_capture"":{""started_nanos"":""4266213566"",""finished_nanos"":""4266571206""},""after_capture"":{""started_nanos"":""4820236788"",""finished_nanos"":""4820492066""}}]",0,0,0,0,0,0,0,0,12288,0,0,0,11548,731,10816,2,0,0,"{""child.rss_bytes"":""4718592"",""child.threads"":""3"",""child.fd_count"":""11"",""child.listener_count"":""1"",""wrapper.rss_bytes"":""3670016"",""wrapper.threads"":""3"",""wrapper.fd_count"":""19"",""wrapper.listener_count"":""1"",""cgroup.memory_current_bytes"":""1974272"",""cgroup.sum_leaf_lifetime_memory_peak_bytes"":""6426624"",""cgroup.memory_swap_current_bytes"":""0"",""cgroup.pids_current"":""6"",""cgroup.cpu.usage_usec"":""157992"",""cgroup.cpu.user_usec"":""39498"",""cgroup.cpu.system_usec"":""118494"",""cgroup.cpu.nr_periods"":""16"",""cgroup.cpu.nr_throttled"":""0"",""cgroup.cpu.throttled_usec"":""0""}","{""child.rss_bytes"":""4718592"",""child.threads"":""3"",""child.fd_count"":""11"",""child.listener_count"":""1"",""wrapper.rss_bytes"":""3670016"",""wrapper.threads"":""3"",""wrapper.fd_count"":""19"",""wrapper.listener_count"":""1"",""cgroup.memory_current_bytes"":""1986560"",""cgroup.sum_leaf_lifetime_memory_peak_bytes"":""6426624"",""cgroup.memory_swap_current_bytes"":""0"",""cgroup.pids_current"":""6"",""cgroup.cpu.usage_usec"":""169540"",""cgroup.cpu.user_usec"":""40229"",""cgroup.cpu.system_usec"":""129310"",""cgroup.cpu.nr_periods"":""18"",""cgroup.cpu.nr_throttled"":""0"",""cgroup.cpu.throttled_usec"":""0""}"
5,4,native,8,ready,250269489,5011432166,"[{""container_id"":""7d8cb56c74b284e5d06b4c692a3b8747a192c7ad72a5f66973e6b69c2c7266e7"",""before_capture"":{""started_nanos"":""2780071444"",""finished_nanos"":""2780363122""},""after_capture"":{""started_nanos"":""5485824431"",""finished_nanos"":""5486042065""}},{""container_id"":""c695a3315bcc0f3548e77fa9a650b04236e4af2a2fefd3063b7d4345aec26f74"",""before_capture"":{""started_nanos"":""3037991566"",""finished_nanos"":""3038236877""},""after_capture"":{""started_nanos"":""5761910986"",""finished_nanos"":""5762206563""}},{""container_id"":""acd8b5795d1ca6c83cdf38e7bb9e9a6f55642123b0650d1aae5220a5e9f96c74"",""before_capture"":{""started_nanos"":""3325496794"",""finished_nanos"":""3325780611""},""after_capture"":{""started_nanos"":""6073101464"",""finished_nanos"":""6073377284""}},{""container_id"":""1bb69bef480727f3a8e4ef47ad5bff417330e525b2e4f3da97e53a283b887dbc"",""before_capture"":{""started_nanos"":""3683976623"",""finished_nanos"":""3684244497""},""after_capture"":{""started_nanos"":""6439469066"",""finished_nanos"":""6439722861""}},{""container_id"":""e8ee28be9d856a96f6d8469518a571f05f1dfc09feed21808db8af8a3067382a"",""before_capture"":{""started_nanos"":""3810765636"",""finished_nanos"":""3811077641""},""after_capture"":{""started_nanos"":""6539926654"",""finished_nanos"":""6540223770""}},{""container_id"":""1b5465cde577c27e2f0b5cf9483e448d4cb1ac5aa607301fcad06c6822e5dd72"",""before_capture"":{""started_nanos"":""4168769641"",""finished_nanos"":""4169101443""},""after_capture"":{""started_nanos"":""6886340367"",""finished_nanos"":""6886579959""}},{""container_id"":""7eec997c23d72630c99f0b190bc91f7d37eab97697e9ac22c3578f34c55e41dc"",""before_capture"":{""started_nanos"":""4537041881"",""finished_nanos"":""4537369378""},""after_capture"":{""started_nanos"":""7112881173"",""finished_nanos"":""7113110033""}},{""container_id"":""2909c1080374270720489e137a7a221b7df149cf211e990ecb423d1308ca3301"",""before_capture"":{""started_nanos"":""4849735994"",""finished_nanos"":""4850006441""},""after_capture"":{""started_nanos"":""7367186905"",""finished_nanos"":""7367438814""}}]",0,0,0,0,917504,0,0,0,1204224,0,0,0,74465,519,73947,16,0,0,"{""child.rss_bytes"":""36831232"",""child.threads"":""24"",""child.fd_count"":""88"",""child.listener_count"":""8"",""wrapper.rss_bytes"":""29622272"",""wrapper.threads"":""24"",""wrapper.fd_count"":""152"",""wrapper.listener_count"":""8"",""cgroup.memory_current_bytes"":""13025280"",""cgroup.sum_leaf_lifetime_memory_peak_bytes"":""49799168"",""cgroup.memory_swap_current_bytes"":""0"",""cgroup.pids_current"":""48"",""cgroup.cpu.usage_usec"":""458870"",""cgroup.cpu.user_usec"":""89222"",""cgroup.cpu.system_usec"":""369644"",""cgroup.cpu.nr_periods"":""43"",""cgroup.cpu.nr_throttled"":""0"",""cgroup.cpu.throttled_usec"":""0""}","{""child.rss_bytes"":""36831232"",""child.threads"":""24"",""child.fd_count"":""88"",""child.listener_count"":""8"",""wrapper.rss_bytes"":""30539776"",""wrapper.threads"":""24"",""wrapper.fd_count"":""152"",""wrapper.listener_count"":""8"",""cgroup.memory_current_bytes"":""14229504"",""cgroup.sum_leaf_lifetime_memory_peak_bytes"":""49799168"",""cgroup.memory_swap_current_bytes"":""0"",""cgroup.pids_current"":""48"",""cgroup.cpu.usage_usec"":""533335"",""cgroup.cpu.user_usec"":""89741"",""cgroup.cpu.system_usec"":""443591"",""cgroup.cpu.nr_periods"":""59"",""cgroup.cpu.nr_throttled"":""0"",""cgroup.cpu.throttled_usec"":""0""}"
5,4,native,8,served,250245395,4807930840,"[{""container_id"":""7d8cb56c74b284e5d06b4c692a3b8747a192c7ad72a5f66973e6b69c2c7266e7"",""before_capture"":{""started_nanos"":""7957407599"",""finished_nanos"":""7957630552""},""after_capture"":{""started_nanos"":""10515106967"",""finished_nanos"":""10515341474""}},{""container_id"":""c695a3315bcc0f3548e77fa9a650b04236e4af2a2fefd3063b7d4345aec26f74"",""before_capture"":{""started_nanos"":""8268221086"",""finished_nanos"":""8268474623""},""after_capture"":{""started_nanos"":""10827641037"",""finished_nanos"":""10827876586""}},{""container_id"":""acd8b5795d1ca6c83cdf38e7bb9e9a6f55642123b0650d1aae5220a5e9f96c74"",""before_capture"":{""started_nanos"":""8549989145"",""finished_nanos"":""8550336464""},""after_capture"":{""started_nanos"":""11092572683"",""finished_nanos"":""11092825517""}},{""container_id"":""1bb69bef480727f3a8e4ef47ad5bff417330e525b2e4f3da97e53a283b887dbc"",""before_capture"":{""started_nanos"":""8917222839"",""finished_nanos"":""8917477552""},""after_capture"":{""started_nanos"":""11471599782"",""finished_nanos"":""11471845436""}},{""container_id"":""e8ee28be9d856a96f6d8469518a571f05f1dfc09feed21808db8af8a3067382a"",""before_capture"":{""started_nanos"":""9038280546"",""finished_nanos"":""9038577309""},""after_capture"":{""started_nanos"":""11567561109"",""finished_nanos"":""11567851169""}},{""container_id"":""1b5465cde577c27e2f0b5cf9483e448d4cb1ac5aa607301fcad06c6822e5dd72"",""before_capture"":{""started_nanos"":""9364747913"",""finished_nanos"":""9364989304""},""after_capture"":{""started_nanos"":""11899943238"",""finished_nanos"":""11900191517""}},{""container_id"":""7eec997c23d72630c99f0b190bc91f7d37eab97697e9ac22c3578f34c55e41dc"",""before_capture"":{""started_nanos"":""9592959696"",""finished_nanos"":""9593245542""},""after_capture"":{""started_nanos"":""12125355160"",""finished_nanos"":""12125589348""}},{""container_id"":""2909c1080374270720489e137a7a221b7df149cf211e990ecb423d1308ca3301"",""before_capture"":{""started_nanos"":""9844567181"",""finished_nanos"":""9844826119""},""after_capture"":{""started_nanos"":""12387891069"",""finished_nanos"":""12388143316""}}]",0,0,0,0,0,0,0,0,-126976,0,0,0,69285,4097,65194,17,0,0,"{""child.rss_bytes"":""37093376"",""child.threads"":""24"",""child.fd_count"":""88"",""child.listener_count"":""8"",""wrapper.rss_bytes"":""30539776"",""wrapper.threads"":""24"",""wrapper.fd_count"":""152"",""wrapper.listener_count"":""8"",""cgroup.memory_current_bytes"":""14888960"",""cgroup.sum_leaf_lifetime_memory_peak_bytes"":""49799168"",""cgroup.memory_swap_current_bytes"":""0"",""cgroup.pids_current"":""48"",""cgroup.cpu.usage_usec"":""600621"",""cgroup.cpu.user_usec"":""101966"",""cgroup.cpu.system_usec"":""498648"",""cgroup.cpu.nr_periods"":""78"",""cgroup.cpu.nr_throttled"":""0"",""cgroup.cpu.throttled_usec"":""0""}","{""child.rss_bytes"":""37093376"",""child.threads"":""24"",""child.fd_count"":""88"",""child.listener_count"":""8"",""wrapper.rss_bytes"":""30539776"",""wrapper.threads"":""24"",""wrapper.fd_count"":""152"",""wrapper.listener_count"":""8"",""cgroup.memory_current_bytes"":""14761984"",""cgroup.sum_leaf_lifetime_memory_peak_bytes"":""49799168"",""cgroup.memory_swap_current_bytes"":""0"",""cgroup.pids_current"":""48"",""cgroup.cpu.usage_usec"":""669906"",""cgroup.cpu.user_usec"":""106063"",""cgroup.cpu.system_usec"":""563842"",""cgroup.cpu.nr_periods"":""95"",""cgroup.cpu.nr_throttled"":""0"",""cgroup.cpu.throttled_usec"":""0""}"
5,4,native,8,final,250169170,5235774174,"[{""container_id"":""7d8cb56c74b284e5d06b4c692a3b8747a192c7ad72a5f66973e6b69c2c7266e7"",""before_capture"":{""started_nanos"":""12967292051"",""finished_nanos"":""12967580181""},""after_capture"":{""started_nanos"":""15621888606"",""finished_nanos"":""15622124262""}},{""container_id"":""c695a3315bcc0f3548e77fa9a650b04236e4af2a2fefd3063b7d4345aec26f74"",""before_capture"":{""started_nanos"":""13274109021"",""finished_nanos"":""13274360479""},""after_capture"":{""started_nanos"":""15888634583"",""finished_nanos"":""15888857042""}},{""container_id"":""acd8b5795d1ca6c83cdf38e7bb9e9a6f55642123b0650d1aae5220a5e9f96c74"",""before_capture"":{""started_nanos"":""13565857428"",""finished_nanos"":""13566129062""},""after_capture"":{""started_nanos"":""16209009303"",""finished_nanos"":""16209340261""}},{""container_id"":""1bb69bef480727f3a8e4ef47ad5bff417330e525b2e4f3da97e53a283b887dbc"",""before_capture"":{""started_nanos"":""13932350694"",""finished_nanos"":""13932593333""},""after_capture"":{""started_nanos"":""16617375166"",""finished_nanos"":""16617672515""}},{""container_id"":""e8ee28be9d856a96f6d8469518a571f05f1dfc09feed21808db8af8a3067382a"",""before_capture"":{""started_nanos"":""14071824492"",""finished_nanos"":""14072122987""},""after_capture"":{""started_nanos"":""16728205386"",""finished_nanos"":""16728610040""}},{""container_id"":""1b5465cde577c27e2f0b5cf9483e448d4cb1ac5aa607301fcad06c6822e5dd72"",""before_capture"":{""started_nanos"":""14395556974"",""finished_nanos"":""14395806422""},""after_capture"":{""started_nanos"":""17098965816"",""finished_nanos"":""17099195900""}},{""container_id"":""7eec997c23d72630c99f0b190bc91f7d37eab97697e9ac22c3578f34c55e41dc"",""before_capture"":{""started_nanos"":""14637524248"",""finished_nanos"":""14637812771""},""after_capture"":{""started_nanos"":""17334390521"",""finished_nanos"":""17334655631""}},{""container_id"":""2909c1080374270720489e137a7a221b7df149cf211e990ecb423d1308ca3301"",""before_capture"":{""started_nanos"":""14952753481"",""finished_nanos"":""14952994868""},""after_capture"":{""started_nanos"":""17662611002"",""finished_nanos"":""17662954952""}}]",0,0,0,0,0,0,0,0,106496,0,0,0,78361,4736,73624,17,0,0,"{""child.rss_bytes"":""37093376"",""child.threads"":""24"",""child.fd_count"":""88"",""child.listener_count"":""8"",""wrapper.rss_bytes"":""30539776"",""wrapper.threads"":""24"",""wrapper.fd_count"":""152"",""wrapper.listener_count"":""8"",""cgroup.memory_current_bytes"":""15011840"",""cgroup.sum_leaf_lifetime_memory_peak_bytes"":""49799168"",""cgroup.memory_swap_current_bytes"":""0"",""cgroup.pids_current"":""48"",""cgroup.cpu.usage_usec"":""761371"",""cgroup.cpu.user_usec"":""119995"",""cgroup.cpu.system_usec"":""641372"",""cgroup.cpu.nr_periods"":""127"",""cgroup.cpu.nr_throttled"":""0"",""cgroup.cpu.throttled_usec"":""0""}","{""child.rss_bytes"":""37093376"",""child.threads"":""24"",""child.fd_count"":""88"",""child.listener_count"":""8"",""wrapper.rss_bytes"":""30539776"",""wrapper.threads"":""24"",""wrapper.fd_count"":""152"",""wrapper.listener_count"":""8"",""cgroup.memory_current_bytes"":""15118336"",""cgroup.sum_leaf_lifetime_memory_peak_bytes"":""49799168"",""cgroup.memory_swap_current_bytes"":""0"",""cgroup.pids_current"":""48"",""cgroup.cpu.usage_usec"":""839732"",""cgroup.cpu.user_usec"":""124731"",""cgroup.cpu.system_usec"":""714996"",""cgroup.cpu.nr_periods"":""144"",""cgroup.cpu.nr_throttled"":""0"",""cgroup.cpu.throttled_usec"":""0""}"
5,5,lsf,8,ready,250274152,881956451,"[{""container_id"":""32599c16a566654dd8dc0215011b4f9656d29cd1c1e47b888825f8c36997952d"",""before_capture"":{""started_nanos"":""2003719780"",""finished_nanos"":""2003970029""},""after_capture"":{""started_nanos"":""2563031712"",""finished_nanos"":""2563300404""}}]",0,0,0,0,131072,0,0,0,266240,0,0,0,13850,7108,6741,6,0,0,"{""child.rss_bytes"":""12582912"",""child.threads"":""7"",""child.fd_count"":""24"",""child.listener_count"":""1"",""wrapper.rss_bytes"":""4063232"",""wrapper.threads"":""3"",""wrapper.fd_count"":""33"",""wrapper.listener_count"":""1"",""cgroup.memory_current_bytes"":""3248128"",""cgroup.sum_leaf_lifetime_memory_peak_bytes"":""6959104"",""cgroup.memory_swap_current_bytes"":""0"",""cgroup.pids_current"":""10"",""cgroup.cpu.usage_usec"":""79590"",""cgroup.cpu.user_usec"":""26530"",""cgroup.cpu.system_usec"":""53060"",""cgroup.cpu.nr_periods"":""18"",""cgroup.cpu.nr_throttled"":""0"",""cgroup.cpu.throttled_usec"":""0""}","{""child.rss_bytes"":""12582912"",""child.threads"":""7"",""child.fd_count"":""24"",""child.listener_count"":""1"",""wrapper.rss_bytes"":""4194304"",""wrapper.threads"":""3"",""wrapper.fd_count"":""33"",""wrapper.listener_count"":""1"",""cgroup.memory_current_bytes"":""3514368"",""cgroup.sum_leaf_lifetime_memory_peak_bytes"":""6959104"",""cgroup.memory_swap_current_bytes"":""0"",""cgroup.pids_current"":""10"",""cgroup.cpu.usage_usec"":""93440"",""cgroup.cpu.user_usec"":""33638"",""cgroup.cpu.system_usec"":""59801"",""cgroup.cpu.nr_periods"":""24"",""cgroup.cpu.nr_throttled"":""0"",""cgroup.cpu.throttled_usec"":""0""}"
5,5,lsf,8,served,250241849,823621232,"[{""container_id"":""32599c16a566654dd8dc0215011b4f9656d29cd1c1e47b888825f8c36997952d"",""before_capture"":{""started_nanos"":""3401193290"",""finished_nanos"":""3401567781""},""after_capture"":{""started_nanos"":""3945461998"",""finished_nanos"":""3945698917""}}]",0,0,0,0,0,0,0,0,36864,0,0,0,13513,4419,9095,5,0,0,"{""child.rss_bytes"":""23801856"",""child.threads"":""7"",""child.fd_count"":""32"",""child.listener_count"":""1"",""wrapper.rss_bytes"":""4194304"",""wrapper.threads"":""3"",""wrapper.fd_count"":""33"",""wrapper.listener_count"":""1"",""cgroup.memory_current_bytes"":""7688192"",""cgroup.sum_leaf_lifetime_memory_peak_bytes"":""8626176"",""cgroup.memory_swap_current_bytes"":""0"",""cgroup.pids_current"":""10"",""cgroup.cpu.usage_usec"":""437375"",""cgroup.cpu.user_usec"":""353876"",""cgroup.cpu.system_usec"":""83498"",""cgroup.cpu.nr_periods"":""31"",""cgroup.cpu.nr_throttled"":""0"",""cgroup.cpu.throttled_usec"":""0""}","{""child.rss_bytes"":""23801856"",""child.threads"":""7"",""child.fd_count"":""32"",""child.listener_count"":""1"",""wrapper.rss_bytes"":""4194304"",""wrapper.threads"":""3"",""wrapper.fd_count"":""33"",""wrapper.listener_count"":""1"",""cgroup.memory_current_bytes"":""7725056"",""cgroup.sum_leaf_lifetime_memory_peak_bytes"":""8626176"",""cgroup.memory_swap_current_bytes"":""0"",""cgroup.pids_current"":""10"",""cgroup.cpu.usage_usec"":""450888"",""cgroup.cpu.user_usec"":""358295"",""cgroup.cpu.system_usec"":""92593"",""cgroup.cpu.nr_periods"":""36"",""cgroup.cpu.nr_throttled"":""0"",""cgroup.cpu.throttled_usec"":""0""}"
5,5,lsf,8,final,250107022,819793236,"[{""container_id"":""32599c16a566654dd8dc0215011b4f9656d29cd1c1e47b888825f8c36997952d"",""before_capture"":{""started_nanos"":""4443923923"",""finished_nanos"":""4444188203""},""after_capture"":{""started_nanos"":""4974151675"",""finished_nanos"":""4974442310""}}]",0,0,0,0,0,0,0,0,-229376,0,0,0,12077,0,12077,6,0,0,"{""child.rss_bytes"":""25112576"",""child.threads"":""7"",""child.fd_count"":""32"",""child.listener_count"":""1"",""wrapper.rss_bytes"":""4194304"",""wrapper.threads"":""3"",""wrapper.fd_count"":""33"",""wrapper.listener_count"":""1"",""cgroup.memory_current_bytes"":""9314304"",""cgroup.sum_leaf_lifetime_memory_peak_bytes"":""10440704"",""cgroup.memory_swap_current_bytes"":""0"",""cgroup.pids_current"":""10"",""cgroup.cpu.usage_usec"":""501334"",""cgroup.cpu.user_usec"":""388129"",""cgroup.cpu.system_usec"":""113204"",""cgroup.cpu.nr_periods"":""41"",""cgroup.cpu.nr_throttled"":""0"",""cgroup.cpu.throttled_usec"":""0""}","{""child.rss_bytes"":""25112576"",""child.threads"":""7"",""child.fd_count"":""32"",""child.listener_count"":""1"",""wrapper.rss_bytes"":""4194304"",""wrapper.threads"":""3"",""wrapper.fd_count"":""33"",""wrapper.listener_count"":""1"",""cgroup.memory_current_bytes"":""9084928"",""cgroup.sum_leaf_lifetime_memory_peak_bytes"":""10440704"",""cgroup.memory_swap_current_bytes"":""0"",""cgroup.pids_current"":""10"",""cgroup.cpu.usage_usec"":""513411"",""cgroup.cpu.user_usec"":""388129"",""cgroup.cpu.system_usec"":""125281"",""cgroup.cpu.nr_periods"":""47"",""cgroup.cpu.nr_throttled"":""0"",""cgroup.cpu.throttled_usec"":""0""}"
6,0,lsf,1,ready,250164694,905203944,"[{""container_id"":""18984e7e9e74bc1bbd6a8fa67f13fd3564a947d9ac0e453dd09d007a49ce8904"",""before_capture"":{""started_nanos"":""1829895020"",""finished_nanos"":""1830123276""},""after_capture"":{""started_nanos"":""2408372483"",""finished_nanos"":""2408739725""}}]",0,0,0,0,131072,0,0,0,184320,0,0,0,10003,2606,7397,5,0,0,"{""child.rss_bytes"":""12320768"",""child.threads"":""7"",""child.fd_count"":""17"",""child.listener_count"":""1"",""wrapper.rss_bytes"":""3670016"",""wrapper.threads"":""3"",""wrapper.fd_count"":""19"",""wrapper.listener_count"":""1"",""cgroup.memory_current_bytes"":""2670592"",""cgroup.sum_leaf_lifetime_memory_peak_bytes"":""6909952"",""cgroup.memory_swap_current_bytes"":""0"",""cgroup.pids_current"":""10"",""cgroup.cpu.usage_usec"":""69402"",""cgroup.cpu.user_usec"":""16077"",""cgroup.cpu.system_usec"":""53325"",""cgroup.cpu.nr_periods"":""17"",""cgroup.cpu.nr_throttled"":""0"",""cgroup.cpu.throttled_usec"":""0""}","{""child.rss_bytes"":""12320768"",""child.threads"":""7"",""child.fd_count"":""17"",""child.listener_count"":""1"",""wrapper.rss_bytes"":""3801088"",""wrapper.threads"":""3"",""wrapper.fd_count"":""19"",""wrapper.listener_count"":""1"",""cgroup.memory_current_bytes"":""2854912"",""cgroup.sum_leaf_lifetime_memory_peak_bytes"":""6909952"",""cgroup.memory_swap_current_bytes"":""0"",""cgroup.pids_current"":""10"",""cgroup.cpu.usage_usec"":""79405"",""cgroup.cpu.user_usec"":""18683"",""cgroup.cpu.system_usec"":""60722"",""cgroup.cpu.nr_periods"":""22"",""cgroup.cpu.nr_throttled"":""0"",""cgroup.cpu.throttled_usec"":""0""}"
6,0,lsf,1,served,250108836,932189302,"[{""container_id"":""18984e7e9e74bc1bbd6a8fa67f13fd3564a947d9ac0e453dd09d007a49ce8904"",""before_capture"":{""started_nanos"":""3012432629"",""finished_nanos"":""3012809922""},""after_capture"":{""started_nanos"":""3634381036"",""finished_nanos"":""3634616773""}}]",0,0,0,0,0,0,0,0,16384,0,0,0,16622,5683,10940,7,0,0,"{""child.rss_bytes"":""21610496"",""child.threads"":""7"",""child.fd_count"":""18"",""child.listener_count"":""1"",""wrapper.rss_bytes"":""3801088"",""wrapper.threads"":""3"",""wrapper.fd_count"":""19"",""wrapper.listener_count"":""1"",""cgroup.memory_current_bytes"":""5459968"",""cgroup.sum_leaf_lifetime_memory_peak_bytes"":""6909952"",""cgroup.memory_swap_current_bytes"":""0"",""cgroup.pids_current"":""10"",""cgroup.cpu.usage_usec"":""142847"",""cgroup.cpu.user_usec"":""57138"",""cgroup.cpu.system_usec"":""85708"",""cgroup.cpu.nr_periods"":""27"",""cgroup.cpu.nr_throttled"":""0"",""cgroup.cpu.throttled_usec"":""0""}","{""child.rss_bytes"":""21610496"",""child.threads"":""7"",""child.fd_count"":""18"",""child.listener_count"":""1"",""wrapper.rss_bytes"":""3801088"",""wrapper.threads"":""3"",""wrapper.fd_count"":""19"",""wrapper.listener_count"":""1"",""cgroup.memory_current_bytes"":""5476352"",""cgroup.sum_leaf_lifetime_memory_peak_bytes"":""6909952"",""cgroup.memory_swap_current_bytes"":""0"",""cgroup.pids_current"":""10"",""cgroup.cpu.usage_usec"":""159469"",""cgroup.cpu.user_usec"":""62821"",""cgroup.cpu.system_usec"":""96648"",""cgroup.cpu.nr_periods"":""34"",""cgroup.cpu.nr_throttled"":""0"",""cgroup.cpu.throttled_usec"":""0""}"
6,0,lsf,1,final,250207854,897155414,"[{""container_id"":""18984e7e9e74bc1bbd6a8fa67f13fd3564a947d9ac0e453dd09d007a49ce8904"",""before_capture"":{""started_nanos"":""4326957652"",""finished_nanos"":""4327196196""},""after_capture"":{""started_nanos"":""4910210202"",""finished_nanos"":""4910435973""}}]",0,0,0,0,0,0,0,0,0,0,0,0,13934,4860,9074,5,0,0,"{""child.rss_bytes"":""24625152"",""child.threads"":""7"",""child.fd_count"":""18"",""child.listener_count"":""1"",""wrapper.rss_bytes"":""3801088"",""wrapper.threads"":""3"",""wrapper.fd_count"":""19"",""wrapper.listener_count"":""1"",""cgroup.memory_current_bytes"":""8568832"",""cgroup.sum_leaf_lifetime_memory_peak_bytes"":""11120640"",""cgroup.memory_swap_current_bytes"":""0"",""cgroup.pids_current"":""10"",""cgroup.cpu.usage_usec"":""417287"",""cgroup.cpu.user_usec"":""204470"",""cgroup.cpu.system_usec"":""212816"",""cgroup.cpu.nr_periods"":""41"",""cgroup.cpu.nr_throttled"":""0"",""cgroup.cpu.throttled_usec"":""0""}","{""child.rss_bytes"":""24625152"",""child.threads"":""7"",""child.fd_count"":""18"",""child.listener_count"":""1"",""wrapper.rss_bytes"":""3801088"",""wrapper.threads"":""3"",""wrapper.fd_count"":""19"",""wrapper.listener_count"":""1"",""cgroup.memory_current_bytes"":""8568832"",""cgroup.sum_leaf_lifetime_memory_peak_bytes"":""11120640"",""cgroup.memory_swap_current_bytes"":""0"",""cgroup.pids_current"":""10"",""cgroup.cpu.usage_usec"":""431221"",""cgroup.cpu.user_usec"":""209330"",""cgroup.cpu.system_usec"":""221890"",""cgroup.cpu.nr_periods"":""46"",""cgroup.cpu.nr_throttled"":""0"",""cgroup.cpu.throttled_usec"":""0""}"
6,1,native,1,ready,250138769,856236037,"[{""container_id"":""174dbe834c914bb89787541c8ea36edfb17c68d556d7f500408f29f227d1d205"",""before_capture"":{""started_nanos"":""2244659879"",""finished_nanos"":""2245033921""},""after_capture"":{""started_nanos"":""2777244539"",""finished_nanos"":""2777526697""}}]",0,0,0,0,131072,0,0,0,184320,0,0,0,8996,0,8996,2,0,0,"{""child.rss_bytes"":""4587520"",""child.threads"":""3"",""child.fd_count"":""11"",""child.listener_count"":""1"",""wrapper.rss_bytes"":""3801088"",""wrapper.threads"":""3"",""wrapper.fd_count"":""19"",""wrapper.listener_count"":""1"",""cgroup.memory_current_bytes"":""1585152"",""cgroup.sum_leaf_lifetime_memory_peak_bytes"":""6025216"",""cgroup.memory_swap_current_bytes"":""0"",""cgroup.pids_current"":""6"",""cgroup.cpu.usage_usec"":""51802"",""cgroup.cpu.user_usec"":""10522"",""cgroup.cpu.system_usec"":""41280"",""cgroup.cpu.nr_periods"":""5"",""cgroup.cpu.nr_throttled"":""0"",""cgroup.cpu.throttled_usec"":""0""}","{""child.rss_bytes"":""4587520"",""child.threads"":""3"",""child.fd_count"":""11"",""child.listener_count"":""1"",""wrapper.rss_bytes"":""3932160"",""wrapper.threads"":""3"",""wrapper.fd_count"":""19"",""wrapper.listener_count"":""1"",""cgroup.memory_current_bytes"":""1769472"",""cgroup.sum_leaf_lifetime_memory_peak_bytes"":""6025216"",""cgroup.memory_swap_current_bytes"":""0"",""cgroup.pids_current"":""6"",""cgroup.cpu.usage_usec"":""60798"",""cgroup.cpu.user_usec"":""10522"",""cgroup.cpu.system_usec"":""50276"",""cgroup.cpu.nr_periods"":""7"",""cgroup.cpu.nr_throttled"":""0"",""cgroup.cpu.throttled_usec"":""0""}"
6,1,native,1,served,250329193,868259972,"[{""container_id"":""174dbe834c914bb89787541c8ea36edfb17c68d556d7f500408f29f227d1d205"",""before_capture"":{""started_nanos"":""3282113660"",""finished_nanos"":""3282361299""},""after_capture"":{""started_nanos"":""3835623118"",""finished_nanos"":""3835897057""}}]",0,0,0,0,0,0,0,0,12288,0,0,0,12027,0,12028,2,0,0,"{""child.rss_bytes"":""4587520"",""child.threads"":""3"",""child.fd_count"":""11"",""child.listener_count"":""1"",""wrapper.rss_bytes"":""3932160"",""wrapper.threads"":""3"",""wrapper.fd_count"":""19"",""wrapper.listener_count"":""1"",""cgroup.memory_current_bytes"":""1818624"",""cgroup.sum_leaf_lifetime_memory_peak_bytes"":""6025216"",""cgroup.memory_swap_current_bytes"":""0"",""cgroup.pids_current"":""6"",""cgroup.cpu.usage_usec"":""69756"",""cgroup.cpu.user_usec"":""10522"",""cgroup.cpu.system_usec"":""59233"",""cgroup.cpu.nr_periods"":""9"",""cgroup.cpu.nr_throttled"":""0"",""cgroup.cpu.throttled_usec"":""0""}","{""child.rss_bytes"":""4587520"",""child.threads"":""3"",""child.fd_count"":""11"",""child.listener_count"":""1"",""wrapper.rss_bytes"":""3932160"",""wrapper.threads"":""3"",""wrapper.fd_count"":""19"",""wrapper.listener_count"":""1"",""cgroup.memory_current_bytes"":""1830912"",""cgroup.sum_leaf_lifetime_memory_peak_bytes"":""6025216"",""cgroup.memory_swap_current_bytes"":""0"",""cgroup.pids_current"":""6"",""cgroup.cpu.usage_usec"":""81783"",""cgroup.cpu.user_usec"":""10522"",""cgroup.cpu.system_usec"":""71261"",""cgroup.cpu.nr_periods"":""11"",""cgroup.cpu.nr_throttled"":""0"",""cgroup.cpu.throttled_usec"":""0""}"
6,1,native,1,final,250245942,915636144,"[{""container_id"":""174dbe834c914bb89787541c8ea36edfb17c68d556d7f500408f29f227d1d205"",""before_capture"":{""started_nanos"":""4523193715"",""finished_nanos"":""4523512271""},""after_capture"":{""started_nanos"":""5065551737"",""finished_nanos"":""5065788871""}}]",0,0,0,0,0,0,0,0,-245760,0,0,0,7335,0,7334,2,0,0,"{""child.rss_bytes"":""4718592"",""child.threads"":""3"",""child.fd_count"":""11"",""child.listener_count"":""1"",""wrapper.rss_bytes"":""3932160"",""wrapper.threads"":""3"",""wrapper.fd_count"":""19"",""wrapper.listener_count"":""1"",""cgroup.memory_current_bytes"":""2252800"",""cgroup.sum_leaf_lifetime_memory_peak_bytes"":""6025216"",""cgroup.memory_swap_current_bytes"":""0"",""cgroup.pids_current"":""6"",""cgroup.cpu.usage_usec"":""168971"",""cgroup.cpu.user_usec"":""22169"",""cgroup.cpu.system_usec"":""146802"",""cgroup.cpu.nr_periods"":""15"",""cgroup.cpu.nr_throttled"":""0"",""cgroup.cpu.throttled_usec"":""0""}","{""child.rss_bytes"":""4718592"",""child.threads"":""3"",""child.fd_count"":""11"",""child.listener_count"":""1"",""wrapper.rss_bytes"":""3932160"",""wrapper.threads"":""3"",""wrapper.fd_count"":""19"",""wrapper.listener_count"":""1"",""cgroup.memory_current_bytes"":""2007040"",""cgroup.sum_leaf_lifetime_memory_peak_bytes"":""6025216"",""cgroup.memory_swap_current_bytes"":""0"",""cgroup.pids_current"":""6"",""cgroup.cpu.usage_usec"":""176306"",""cgroup.cpu.user_usec"":""22169"",""cgroup.cpu.system_usec"":""154136"",""cgroup.cpu.nr_periods"":""17"",""cgroup.cpu.nr_throttled"":""0"",""cgroup.cpu.throttled_usec"":""0""}"
6,2,native,8,ready,250400865,5737407105,"[{""container_id"":""7353cb6b1395407e96334933f84a038f7fef4918f05a399db1d902785517e790"",""before_capture"":{""started_nanos"":""2701705224"",""finished_nanos"":""2701949580""},""after_capture"":{""started_nanos"":""6056826475"",""finished_nanos"":""6057091553""}},{""container_id"":""d8cdfd389b706b61d461226202046e4be1522b94adfdfeaee891cd239eaeffef"",""before_capture"":{""started_nanos"":""3011272710"",""finished_nanos"":""3011672126""},""after_capture"":{""started_nanos"":""6322099507"",""finished_nanos"":""6322345821""}},{""container_id"":""fa2b3fb8e878bcb2e9f9e0b5c48b56e07618248a091b9164eb3956980a971593"",""before_capture"":{""started_nanos"":""3390415108"",""finished_nanos"":""3390791051""},""after_capture"":{""started_nanos"":""6589215093"",""finished_nanos"":""6589461092""}},{""container_id"":""559838bfecdbf3c01c85c17b85f00c4b5ee26e65d40340ae994fc2f0626fb0ee"",""before_capture"":{""started_nanos"":""3822604636"",""finished_nanos"":""3822962601""},""after_capture"":{""started_nanos"":""6842013757"",""finished_nanos"":""6842339628""}},{""container_id"":""cfde6f12c87409deaa4347cc2a1e95ec192106c1825eec78f25679299ceb2487"",""before_capture"":{""started_nanos"":""4241049382"",""finished_nanos"":""4241452657""},""after_capture"":{""started_nanos"":""7043212907"",""finished_nanos"":""7043584607""}},{""container_id"":""6e7e63e69e9879500010c70b81704a0d7fa4cdfb59853f01924af35421ba3525"",""before_capture"":{""started_nanos"":""4680450539"",""finished_nanos"":""4680750218""},""after_capture"":{""started_nanos"":""7397079959"",""finished_nanos"":""7397479993""}},{""container_id"":""21056925e03d70df5a9507af91fdea4051f4ec0178f90ddcedf9d4265eb6d362"",""before_capture"":{""started_nanos"":""4963412232"",""finished_nanos"":""4963664667""},""after_capture"":{""started_nanos"":""7612568169"",""finished_nanos"":""7612888284""}},{""container_id"":""e507a58331f8a38c334c008ce7068e1b48080e87bfbecb3c5a90f38e43694cca"",""before_capture"":{""started_nanos"":""5294083467"",""finished_nanos"":""5294317275""},""after_capture"":{""started_nanos"":""7942189058"",""finished_nanos"":""7942415901""}}]",0,0,0,0,655360,0,0,0,1486848,0,0,0,76274,5069,71205,16,0,0,"{""child.rss_bytes"":""36569088"",""child.threads"":""24"",""child.fd_count"":""88"",""child.listener_count"":""8"",""wrapper.rss_bytes"":""29491200"",""wrapper.threads"":""24"",""wrapper.fd_count"":""152"",""wrapper.listener_count"":""8"",""cgroup.memory_current_bytes"":""12722176"",""cgroup.sum_leaf_lifetime_memory_peak_bytes"":""49201152"",""cgroup.memory_swap_current_bytes"":""0"",""cgroup.pids_current"":""48"",""cgroup.cpu.usage_usec"":""479441"",""cgroup.cpu.user_usec"":""90594"",""cgroup.cpu.system_usec"":""388842"",""cgroup.cpu.nr_periods"":""45"",""cgroup.cpu.nr_throttled"":""0"",""cgroup.cpu.throttled_usec"":""0""}","{""child.rss_bytes"":""36569088"",""child.threads"":""24"",""child.fd_count"":""88"",""child.listener_count"":""8"",""wrapper.rss_bytes"":""30146560"",""wrapper.threads"":""24"",""wrapper.fd_count"":""152"",""wrapper.listener_count"":""8"",""cgroup.memory_current_bytes"":""14209024"",""cgroup.sum_leaf_lifetime_memory_peak_bytes"":""49201152"",""cgroup.memory_swap_current_bytes"":""0"",""cgroup.pids_current"":""48"",""cgroup.cpu.usage_usec"":""555715"",""cgroup.cpu.user_usec"":""95663"",""cgroup.cpu.system_usec"":""460047"",""cgroup.cpu.nr_periods"":""61"",""cgroup.cpu.nr_throttled"":""0"",""cgroup.cpu.throttled_usec"":""0""}"
6,2,native,8,served,250135475,4948119329,"[{""container_id"":""7353cb6b1395407e96334933f84a038f7fef4918f05a399db1d902785517e790"",""before_capture"":{""started_nanos"":""8612859252"",""finished_nanos"":""8613153094""},""after_capture"":{""started_nanos"":""11279856619"",""finished_nanos"":""11280142801""}},{""container_id"":""d8cdfd389b706b61d461226202046e4be1522b94adfdfeaee891cd239eaeffef"",""before_capture"":{""started_nanos"":""8846603727"",""finished_nanos"":""8846849404""},""after_capture"":{""started_nanos"":""11504342419"",""finished_nanos"":""11504728308""}},{""container_id"":""fa2b3fb8e878bcb2e9f9e0b5c48b56e07618248a091b9164eb3956980a971593"",""before_capture"":{""started_nanos"":""9152589976"",""finished_nanos"":""9152821257""},""after_capture"":{""started_nanos"":""11808409613"",""finished_nanos"":""11808677390""}},{""container_id"":""559838bfecdbf3c01c85c17b85f00c4b5ee26e65d40340ae994fc2f0626fb0ee"",""before_capture"":{""started_nanos"":""9437831263"",""finished_nanos"":""9438052971""},""after_capture"":{""started_nanos"":""12052691458"",""finished_nanos"":""12052963052""}},{""container_id"":""cfde6f12c87409deaa4347cc2a1e95ec192106c1825eec78f25679299ceb2487"",""before_capture"":{""started_nanos"":""9617734650"",""finished_nanos"":""9617989525""},""after_capture"":{""started_nanos"":""12284482793"",""finished_nanos"":""12284722243""}},{""container_id"":""6e7e63e69e9879500010c70b81704a0d7fa4cdfb59853f01924af35421ba3525"",""before_capture"":{""started_nanos"":""9950021332"",""finished_nanos"":""9950290131""},""after_capture"":{""started_nanos"":""12592855699"",""finished_nanos"":""12593092003""}},{""container_id"":""21056925e03d70df5a9507af91fdea4051f4ec0178f90ddcedf9d4265eb6d362"",""before_capture"":{""started_nanos"":""10199626203"",""finished_nanos"":""10199846273""},""after_capture"":{""started_nanos"":""12840431381"",""finished_nanos"":""12840658682""}},{""container_id"":""e507a58331f8a38c334c008ce7068e1b48080e87bfbecb3c5a90f38e43694cca"",""before_capture"":{""started_nanos"":""10530677488"",""finished_nanos"":""10530900948""},""after_capture"":{""started_nanos"":""13117867602"",""finished_nanos"":""13118106438""}}]",0,0,0,0,0,0,0,0,139264,0,0,0,75910,4612,71300,17,0,0,"{""child.rss_bytes"":""36962304"",""child.threads"":""24"",""child.fd_count"":""88"",""child.listener_count"":""8"",""wrapper.rss_bytes"":""30539776"",""wrapper.threads"":""24"",""wrapper.fd_count"":""152"",""wrapper.listener_count"":""8"",""cgroup.memory_current_bytes"":""14614528"",""cgroup.sum_leaf_lifetime_memory_peak_bytes"":""49201152"",""cgroup.memory_swap_current_bytes"":""0"",""cgroup.pids_current"":""48"",""cgroup.cpu.usage_usec"":""635556"",""cgroup.cpu.user_usec"":""104233"",""cgroup.cpu.system_usec"":""531318"",""cgroup.cpu.nr_periods"":""77"",""cgroup.cpu.nr_throttled"":""0"",""cgroup.cpu.throttled_usec"":""0""}","{""child.rss_bytes"":""36962304"",""child.threads"":""24"",""child.fd_count"":""88"",""child.listener_count"":""8"",""wrapper.rss_bytes"":""30539776"",""wrapper.threads"":""24"",""wrapper.fd_count"":""152"",""wrapper.listener_count"":""8"",""cgroup.memory_current_bytes"":""14753792"",""cgroup.sum_leaf_lifetime_memory_peak_bytes"":""49201152"",""cgroup.memory_swap_current_bytes"":""0"",""cgroup.pids_current"":""48"",""cgroup.cpu.usage_usec"":""711466"",""cgroup.cpu.user_usec"":""108845"",""cgroup.cpu.system_usec"":""602618"",""cgroup.cpu.nr_periods"":""94"",""cgroup.cpu.nr_throttled"":""0"",""cgroup.cpu.throttled_usec"":""0""}"
6,2,native,8,final,250123277,5094886285,"[{""container_id"":""7353cb6b1395407e96334933f84a038f7fef4918f05a399db1d902785517e790"",""before_capture"":{""started_nanos"":""13789466714"",""finished_nanos"":""13789709916""},""after_capture"":{""started_nanos"":""16552376466"",""finished_nanos"":""16552620508""}},{""container_id"":""d8cdfd389b706b61d461226202046e4be1522b94adfdfeaee891cd239eaeffef"",""before_capture"":{""started_nanos"":""14070431256"",""finished_nanos"":""14070731736""},""after_capture"":{""started_nanos"":""16855364191"",""finished_nanos"":""16855636613""}},{""container_id"":""fa2b3fb8e878bcb2e9f9e0b5c48b56e07618248a091b9164eb3956980a971593"",""before_capture"":{""started_nanos"":""14409370968"",""finished_nanos"":""14409604484""},""after_capture"":{""started_nanos"":""17146951107"",""finished_nanos"":""17147185967""}},{""container_id"":""559838bfecdbf3c01c85c17b85f00c4b5ee26e65d40340ae994fc2f0626fb0ee"",""before_capture"":{""started_nanos"":""14754374612"",""finished_nanos"":""14754645058""},""after_capture"":{""started_nanos"":""17377238285"",""finished_nanos"":""17377478034""}},{""container_id"":""cfde6f12c87409deaa4347cc2a1e95ec192106c1825eec78f25679299ceb2487"",""before_capture"":{""started_nanos"":""14959107717"",""finished_nanos"":""14959352991""},""after_capture"":{""started_nanos"":""17545410227"",""finished_nanos"":""17545654937""}},{""container_id"":""6e7e63e69e9879500010c70b81704a0d7fa4cdfb59853f01924af35421ba3525"",""before_capture"":{""started_nanos"":""15275891295"",""finished_nanos"":""15276177500""},""after_capture"":{""started_nanos"":""17895312625"",""finished_nanos"":""17895532715""}},{""container_id"":""21056925e03d70df5a9507af91fdea4051f4ec0178f90ddcedf9d4265eb6d362"",""before_capture"":{""started_nanos"":""15527450389"",""finished_nanos"":""15527738917""},""after_capture"":{""started_nanos"":""18132396128"",""finished_nanos"":""18132635048""}},{""container_id"":""e507a58331f8a38c334c008ce7068e1b48080e87bfbecb3c5a90f38e43694cca"",""before_capture"":{""started_nanos"":""15834788845"",""finished_nanos"":""15835022073""},""after_capture"":{""started_nanos"":""18419222819"",""finished_nanos"":""18419916088""}}]",0,0,0,0,0,0,0,0,98304,0,0,0,69731,7780,61951,18,0,0,"{""child.rss_bytes"":""36962304"",""child.threads"":""24"",""child.fd_count"":""88"",""child.listener_count"":""8"",""wrapper.rss_bytes"":""30539776"",""wrapper.threads"":""24"",""wrapper.fd_count"":""152"",""wrapper.listener_count"":""8"",""cgroup.memory_current_bytes"":""15020032"",""cgroup.sum_leaf_lifetime_memory_peak_bytes"":""49201152"",""cgroup.memory_swap_current_bytes"":""0"",""cgroup.pids_current"":""48"",""cgroup.cpu.usage_usec"":""790141"",""cgroup.cpu.user_usec"":""114066"",""cgroup.cpu.system_usec"":""676069"",""cgroup.cpu.nr_periods"":""126"",""cgroup.cpu.nr_throttled"":""0"",""cgroup.cpu.throttled_usec"":""0""}","{""child.rss_bytes"":""36962304"",""child.threads"":""24"",""child.fd_count"":""88"",""child.listener_count"":""8"",""wrapper.rss_bytes"":""30539776"",""wrapper.threads"":""24"",""wrapper.fd_count"":""152"",""wrapper.listener_count"":""8"",""cgroup.memory_current_bytes"":""15118336"",""cgroup.sum_leaf_lifetime_memory_peak_bytes"":""49201152"",""cgroup.memory_swap_current_bytes"":""0"",""cgroup.pids_current"":""48"",""cgroup.cpu.usage_usec"":""859872"",""cgroup.cpu.user_usec"":""121846"",""cgroup.cpu.system_usec"":""738020"",""cgroup.cpu.nr_periods"":""144"",""cgroup.cpu.nr_throttled"":""0"",""cgroup.cpu.throttled_usec"":""0""}"
6,3,lsf,8,ready,250181115,912171260,"[{""container_id"":""df54492234221d23d6089a738c4714cf42f8dd904bfc98af14caa1a15bcdde6d"",""before_capture"":{""started_nanos"":""2093624443"",""finished_nanos"":""2093856880""},""after_capture"":{""started_nanos"":""2628170857"",""finished_nanos"":""2628523303""}}]",0,0,0,0,131072,0,0,0,241664,0,0,0,15556,0,15556,6,0,0,"{""child.rss_bytes"":""12582912"",""child.threads"":""7"",""child.fd_count"":""24"",""child.listener_count"":""1"",""wrapper.rss_bytes"":""4063232"",""wrapper.threads"":""3"",""wrapper.fd_count"":""33"",""wrapper.listener_count"":""1"",""cgroup.memory_current_bytes"":""3272704"",""cgroup.sum_leaf_lifetime_memory_peak_bytes"":""7921664"",""cgroup.memory_swap_current_bytes"":""0"",""cgroup.pids_current"":""10"",""cgroup.cpu.usage_usec"":""77147"",""cgroup.cpu.user_usec"":""26992"",""cgroup.cpu.system_usec"":""50155"",""cgroup.cpu.nr_periods"":""16"",""cgroup.cpu.nr_throttled"":""0"",""cgroup.cpu.throttled_usec"":""0""}","{""child.rss_bytes"":""12582912"",""child.threads"":""7"",""child.fd_count"":""24"",""child.listener_count"":""1"",""wrapper.rss_bytes"":""4194304"",""wrapper.threads"":""3"",""wrapper.fd_count"":""33"",""wrapper.listener_count"":""1"",""cgroup.memory_current_bytes"":""3514368"",""cgroup.sum_leaf_lifetime_memory_peak_bytes"":""7921664"",""cgroup.memory_swap_current_bytes"":""0"",""cgroup.pids_current"":""10"",""cgroup.cpu.usage_usec"":""92703"",""cgroup.cpu.user_usec"":""26992"",""cgroup.cpu.system_usec"":""65711"",""cgroup.cpu.nr_periods"":""22"",""cgroup.cpu.nr_throttled"":""0"",""cgroup.cpu.throttled_usec"":""0""}"
6,3,lsf,8,served,250216650,864071389,"[{""container_id"":""df54492234221d23d6089a738c4714cf42f8dd904bfc98af14caa1a15bcdde6d"",""before_capture"":{""started_nanos"":""3500211476"",""finished_nanos"":""3500441971""},""after_capture"":{""started_nanos"":""4069588075"",""finished_nanos"":""4069853169""}}]",0,0,0,0,0,0,0,0,32768,0,0,0,13215,3989,9226,5,0,0,"{""child.rss_bytes"":""23547904"",""child.threads"":""7"",""child.fd_count"":""32"",""child.listener_count"":""1"",""wrapper.rss_bytes"":""4194304"",""wrapper.threads"":""3"",""wrapper.fd_count"":""33"",""wrapper.listener_count"":""1"",""cgroup.memory_current_bytes"":""7634944"",""cgroup.sum_leaf_lifetime_memory_peak_bytes"":""8687616"",""cgroup.memory_swap_current_bytes"":""0"",""cgroup.pids_current"":""10"",""cgroup.cpu.usage_usec"":""427012"",""cgroup.cpu.user_usec"":""341610"",""cgroup.cpu.system_usec"":""85402"",""cgroup.cpu.nr_periods"":""30"",""cgroup.cpu.nr_throttled"":""0"",""cgroup.cpu.throttled_usec"":""0""}","{""child.rss_bytes"":""23547904"",""child.threads"":""7"",""child.fd_count"":""32"",""child.listener_count"":""1"",""wrapper.rss_bytes"":""4194304"",""wrapper.threads"":""3"",""wrapper.fd_count"":""33"",""wrapper.listener_count"":""1"",""cgroup.memory_current_bytes"":""7667712"",""cgroup.sum_leaf_lifetime_memory_peak_bytes"":""8687616"",""cgroup.memory_swap_current_bytes"":""0"",""cgroup.pids_current"":""10"",""cgroup.cpu.usage_usec"":""440227"",""cgroup.cpu.user_usec"":""345599"",""cgroup.cpu.system_usec"":""94628"",""cgroup.cpu.nr_periods"":""35"",""cgroup.cpu.nr_throttled"":""0"",""cgroup.cpu.throttled_usec"":""0""}"
6,3,lsf,8,final,250197361,893748947,"[{""container_id"":""df54492234221d23d6089a738c4714cf42f8dd904bfc98af14caa1a15bcdde6d"",""before_capture"":{""started_nanos"":""4606255730"",""finished_nanos"":""4606503518""},""after_capture"":{""started_nanos"":""5164860322"",""finished_nanos"":""5165083622""}}]",0,0,0,0,0,0,0,0,36864,0,0,0,14319,4530,9790,6,0,0,"{""child.rss_bytes"":""24858624"",""child.threads"":""7"",""child.fd_count"":""32"",""child.listener_count"":""1"",""wrapper.rss_bytes"":""4194304"",""wrapper.threads"":""3"",""wrapper.fd_count"":""33"",""wrapper.listener_count"":""1"",""cgroup.memory_current_bytes"":""9015296"",""cgroup.sum_leaf_lifetime_memory_peak_bytes"":""10280960"",""cgroup.memory_swap_current_bytes"":""0"",""cgroup.pids_current"":""10"",""cgroup.cpu.usage_usec"":""501033"",""cgroup.cpu.user_usec"":""377828"",""cgroup.cpu.system_usec"":""123204"",""cgroup.cpu.nr_periods"":""39"",""cgroup.cpu.nr_throttled"":""0"",""cgroup.cpu.throttled_usec"":""0""}","{""child.rss_bytes"":""24858624"",""child.threads"":""7"",""child.fd_count"":""32"",""child.listener_count"":""1"",""wrapper.rss_bytes"":""4194304"",""wrapper.threads"":""3"",""wrapper.fd_count"":""33"",""wrapper.listener_count"":""1"",""cgroup.memory_current_bytes"":""9052160"",""cgroup.sum_leaf_lifetime_memory_peak_bytes"":""10280960"",""cgroup.memory_swap_current_bytes"":""0"",""cgroup.pids_current"":""10"",""cgroup.cpu.usage_usec"":""515352"",""cgroup.cpu.user_usec"":""382358"",""cgroup.cpu.system_usec"":""132994"",""cgroup.cpu.nr_periods"":""45"",""cgroup.cpu.nr_throttled"":""0"",""cgroup.cpu.throttled_usec"":""0""}"
6,4,lsf,32,ready,250113220,873175732,"[{""container_id"":""9a299512ac01228eee5462d00389a72fa5810f97e865e6566687a5958efd74f9"",""before_capture"":{""started_nanos"":""3433874873"",""finished_nanos"":""3434123591""},""after_capture"":{""started_nanos"":""3992685031"",""finished_nanos"":""3992925654""}}]",0,0,0,0,262144,0,0,0,405504,0,0,0,13136,0,13136,5,0,0,"{""child.rss_bytes"":""13471744"",""child.threads"":""7"",""child.fd_count"":""48"",""child.listener_count"":""1"",""wrapper.rss_bytes"":""4063232"",""wrapper.threads"":""3"",""wrapper.fd_count"":""81"",""wrapper.listener_count"":""1"",""cgroup.memory_current_bytes"":""4927488"",""cgroup.sum_leaf_lifetime_memory_peak_bytes"":""8441856"",""cgroup.memory_swap_current_bytes"":""0"",""cgroup.pids_current"":""10"",""cgroup.cpu.usage_usec"":""125272"",""cgroup.cpu.user_usec"":""59913"",""cgroup.cpu.system_usec"":""65359"",""cgroup.cpu.nr_periods"":""33"",""cgroup.cpu.nr_throttled"":""0"",""cgroup.cpu.throttled_usec"":""0""}","{""child.rss_bytes"":""13471744"",""child.threads"":""7"",""child.fd_count"":""48"",""child.listener_count"":""1"",""wrapper.rss_bytes"":""4325376"",""wrapper.threads"":""3"",""wrapper.fd_count"":""81"",""wrapper.listener_count"":""1"",""cgroup.memory_current_bytes"":""5332992"",""cgroup.sum_leaf_lifetime_memory_peak_bytes"":""8441856"",""cgroup.memory_swap_current_bytes"":""0"",""cgroup.pids_current"":""10"",""cgroup.cpu.usage_usec"":""138408"",""cgroup.cpu.user_usec"":""59913"",""cgroup.cpu.system_usec"":""78495"",""cgroup.cpu.nr_periods"":""38"",""cgroup.cpu.nr_throttled"":""0"",""cgroup.cpu.throttled_usec"":""0""}"
6,4,lsf,32,served,250115562,848550838,"[{""container_id"":""9a299512ac01228eee5462d00389a72fa5810f97e865e6566687a5958efd74f9"",""before_capture"":{""started_nanos"":""5666706111"",""finished_nanos"":""5666997761""},""after_capture"":{""started_nanos"":""6208139889"",""finished_nanos"":""6208533563""}}]",0,0,0,0,0,0,0,0,-61440,0,0,0,14385,5980,8406,6,0,0,"{""child.rss_bytes"":""28160000"",""child.threads"":""7"",""child.fd_count"":""80"",""child.listener_count"":""1"",""wrapper.rss_bytes"":""4456448"",""wrapper.threads"":""3"",""wrapper.fd_count"":""81"",""wrapper.listener_count"":""1"",""cgroup.memory_current_bytes"":""13602816"",""cgroup.sum_leaf_lifetime_memory_peak_bytes"":""14323712"",""cgroup.memory_swap_current_bytes"":""0"",""cgroup.pids_current"":""10"",""cgroup.cpu.usage_usec"":""1290731"",""cgroup.cpu.user_usec"":""1167804"",""cgroup.cpu.system_usec"":""122926"",""cgroup.cpu.nr_periods"":""55"",""cgroup.cpu.nr_throttled"":""0"",""cgroup.cpu.throttled_usec"":""0""}","{""child.rss_bytes"":""28160000"",""child.threads"":""7"",""child.fd_count"":""80"",""child.listener_count"":""1"",""wrapper.rss_bytes"":""4456448"",""wrapper.threads"":""3"",""wrapper.fd_count"":""81"",""wrapper.listener_count"":""1"",""cgroup.memory_current_bytes"":""13541376"",""cgroup.sum_leaf_lifetime_memory_peak_bytes"":""14323712"",""cgroup.memory_swap_current_bytes"":""0"",""cgroup.pids_current"":""10"",""cgroup.cpu.usage_usec"":""1305116"",""cgroup.cpu.user_usec"":""1173784"",""cgroup.cpu.system_usec"":""131332"",""cgroup.cpu.nr_periods"":""61"",""cgroup.cpu.nr_throttled"":""0"",""cgroup.cpu.throttled_usec"":""0""}"
6,4,lsf,32,final,250213443,808532904,"[{""container_id"":""9a299512ac01228eee5462d00389a72fa5810f97e865e6566687a5958efd74f9"",""before_capture"":{""started_nanos"":""6778834710"",""finished_nanos"":""6779066185""},""after_capture"":{""started_nanos"":""7300874675"",""finished_nanos"":""7301109098""}}]",0,0,0,0,0,0,0,0,262144,0,0,0,15132,5600,9531,5,0,0,"{""child.rss_bytes"":""29601792"",""child.threads"":""7"",""child.fd_count"":""80"",""child.listener_count"":""1"",""wrapper.rss_bytes"":""4456448"",""wrapper.threads"":""3"",""wrapper.fd_count"":""81"",""wrapper.listener_count"":""1"",""cgroup.memory_current_bytes"":""15015936"",""cgroup.sum_leaf_lifetime_memory_peak_bytes"":""17641472"",""cgroup.memory_swap_current_bytes"":""0"",""cgroup.pids_current"":""10"",""cgroup.cpu.usage_usec"":""1474822"",""cgroup.cpu.user_usec"":""1279266"",""cgroup.cpu.system_usec"":""195556"",""cgroup.cpu.nr_periods"":""64"",""cgroup.cpu.nr_throttled"":""0"",""cgroup.cpu.throttled_usec"":""0""}","{""child.rss_bytes"":""29601792"",""child.threads"":""7"",""child.fd_count"":""80"",""child.listener_count"":""1"",""wrapper.rss_bytes"":""4456448"",""wrapper.threads"":""3"",""wrapper.fd_count"":""81"",""wrapper.listener_count"":""1"",""cgroup.memory_current_bytes"":""15278080"",""cgroup.sum_leaf_lifetime_memory_peak_bytes"":""17641472"",""cgroup.memory_swap_current_bytes"":""0"",""cgroup.pids_current"":""10"",""cgroup.cpu.usage_usec"":""1489954"",""cgroup.cpu.user_usec"":""1284866"",""cgroup.cpu.system_usec"":""205087"",""cgroup.cpu.nr_periods"":""69"",""cgroup.cpu.nr_throttled"":""0"",""cgroup.cpu.throttled_usec"":""0""}"
6,5,native,32,ready,250218395,19693006045,"[{""container_id"":""dae4c50ecfa2ce33e2dd011e3f16eb0e0dab4068acc293229764ae5839705aed"",""before_capture"":{""started_nanos"":""8677169559"",""finished_nanos"":""8677419025""},""after_capture"":{""started_nanos"":""18773307286"",""finished_nanos"":""18773537130""}},{""container_id"":""cfda18059766f78d040d2bda09121943e2f82c942855dd2718f8764cadec6ce4"",""before_capture"":{""started_nanos"":""8627727516"",""finished_nanos"":""8628051220""},""after_capture"":{""started_nanos"":""18705851170"",""finished_nanos"":""18706068956""}},{""container_id"":""b917974975586b3df995caa1b2c53da4d7e9d7779ad0d33369813f61660bc53a"",""before_capture"":{""started_nanos"":""9002251985"",""finished_nanos"":""9002538179""},""after_capture"":{""started_nanos"":""19101309442"",""finished_nanos"":""19101539707""}},{""container_id"":""3a230ee0e902e79a97d6fcb69d72d452ebf0f678d14ad863f4ac0f6c62991d3a"",""before_capture"":{""started_nanos"":""9637325595"",""finished_nanos"":""9637568496""},""after_capture"":{""started_nanos"":""19720904023"",""finished_nanos"":""19721137924""}},{""container_id"":""c761e921bacdee1ce0b16499299b3e50f3cb5c4bd6e60d848c339a6e475fc86b"",""before_capture"":{""started_nanos"":""8957180377"",""finished_nanos"":""8957397234""},""after_capture"":{""started_nanos"":""19023669701"",""finished_nanos"":""19023906604""}},{""container_id"":""8dccdc126b24605fb9c5c9de7e1594a77eb85ef2b19a5c6a4b72b07b4ca6ecf7"",""before_capture"":{""started_nanos"":""9420592493"",""finished_nanos"":""9420854068""},""after_capture"":{""started_nanos"":""19538660709"",""finished_nanos"":""19538894785""}},{""container_id"":""08c79902a7121731f65aefb90dd3a421a2484328c889baf4799d9693fca6eb8b"",""before_capture"":{""started_nanos"":""10177381346"",""finished_nanos"":""10177653553""},""after_capture"":{""started_nanos"":""20294821681"",""finished_nanos"":""20295062467""}},{""container_id"":""908133f60b94c203bbc582d64672add9072d0192820980642ca11c8b885b57ef"",""before_capture"":{""started_nanos"":""9972401982"",""finished_nanos"":""9972892126""},""after_capture"":{""started_nanos"":""20065468379"",""finished_nanos"":""20065710606""}},{""container_id"":""c397a771bac0d2c928be5782357e037ed7e2bee42eae8506df29925c30d8c4a5"",""before_capture"":{""started_nanos"":""10168443746"",""finished_nanos"":""10168682096""},""after_capture"":{""started_nanos"":""20213941381"",""finished_nanos"":""20214535934""}},{""container_id"":""3109a70eb5cb6f38ef7cb75d17f69f51cf34eadd981310607579495d1d921ca1"",""before_capture"":{""started_nanos"":""10511188458"",""finished_nanos"":""10511424385""},""after_capture"":{""started_nanos"":""20536430405"",""finished_nanos"":""20536676375""}},{""container_id"":""a91b2b8c98a27868f6f8bc0bf64e64b85fccb20f63178f7728a09bd718997006"",""before_capture"":{""started_nanos"":""10842236436"",""finished_nanos"":""10842583602""},""after_capture"":{""started_nanos"":""20845561016"",""finished_nanos"":""20845866129""}},{""container_id"":""c43058783079a83492f8476fa49d7ad8ad0447d09fc65e3784e50c67e4086d4c"",""before_capture"":{""started_nanos"":""11294421244"",""finished_nanos"":""11294744202""},""after_capture"":{""started_nanos"":""21241299000"",""finished_nanos"":""21241527050""}},{""container_id"":""539603dbf49dc9a63a35bdc978442df3f2240e0dcc52e09675e1d81392662d6d"",""before_capture"":{""started_nanos"":""11273528065"",""finished_nanos"":""11273788491""},""after_capture"":{""started_nanos"":""21206233590"",""finished_nanos"":""21206468478""}},{""container_id"":""1bb44a88f5707b4bbfe04b7deb7d9d8d814dd2aa35f9ef83d1e2c7065659e51b"",""before_capture"":{""started_nanos"":""11738367492"",""finished_nanos"":""11738625999""},""after_capture"":{""started_nanos"":""21650983129"",""finished_nanos"":""21651229569""}},{""container_id"":""47430a76ad5eef88653bbf941971440a297aa9cbc525b00d255e2bcc582571d8"",""before_capture"":{""started_nanos"":""12043741653"",""finished_nanos"":""12043957613""},""after_capture"":{""started_nanos"":""21976949467"",""finished_nanos"":""21977176851""}},{""container_id"":""4170d23ecd60d143db8a0a7304a578f48a962c1dfccfc4b134cee043db696fb4"",""before_capture"":{""started_nanos"":""12145597557"",""finished_nanos"":""12145856247""},""after_capture"":{""started_nanos"":""22050464108"",""finished_nanos"":""22050699136""}},{""container_id"":""d36f1c9d3b95d0f5725b5b17dbf4c4a41de94bd415790543b26520be7341333d"",""before_capture"":{""started_nanos"":""12505793716"",""finished_nanos"":""12506051696""},""after_capture"":{""started_nanos"":""22408158143"",""finished_nanos"":""22408394353""}},{""container_id"":""1c762414b64d17fac9fc7a2852b281f33aa64ad165221647c6f86d80073ee6db"",""before_capture"":{""started_nanos"":""12724793972"",""finished_nanos"":""12725036658""},""after_capture"":{""started_nanos"":""22604544284"",""finished_nanos"":""22604816311""}},{""container_id"":""84d8a6e755d1c690a2650d92e5c961ac7c5793ca16c0e5b1edd30ec59eb32c07"",""before_capture"":{""started_nanos"":""12538883537"",""finished_nanos"":""12539121685""},""after_capture"":{""started_nanos"":""22416167736"",""finished_nanos"":""22416420587""}},{""container_id"":""10f7df0ceb899164820646e852d6ba986544873903c8c1006910d45e2e4816ef"",""before_capture"":{""started_nanos"":""12837227656"",""finished_nanos"":""12837579660""},""after_capture"":{""started_nanos"":""22742792427"",""finished_nanos"":""22743041017""}},{""container_id"":""e06b099ede23e974d4c09d65a1d047552f229277ae88a081fb501111ddf887fd"",""before_capture"":{""started_nanos"":""13031975627"",""finished_nanos"":""13032321753""},""after_capture"":{""started_nanos"":""22921947265"",""finished_nanos"":""22922283183""}},{""container_id"":""0c422f0fca05fe00e56a6db0a0eb15f1bd896e772740a2c40558c434d170987f"",""before_capture"":{""started_nanos"":""13468048492"",""finished_nanos"":""13468485462""},""after_capture"":{""started_nanos"":""23311304401"",""finished_nanos"":""23311565857""}},{""container_id"":""86fcd4e53de3483ed091e5edbcccc2ce959ecfaa13fad3868799b5f4d8ce530b"",""before_capture"":{""started_nanos"":""13906720323"",""finished_nanos"":""13906991322""},""after_capture"":{""started_nanos"":""23729141994"",""finished_nanos"":""23729463176""}},{""container_id"":""04d2c84baee2188417cec0d814c641ad78b2dfe4316bf32b23ff067a09bd0d2e"",""before_capture"":{""started_nanos"":""14226979651"",""finished_nanos"":""14227234248""},""after_capture"":{""started_nanos"":""23991880114"",""finished_nanos"":""23992184560""}},{""container_id"":""c288a8631e2f9b71f277e93c3c0e9a148885c5dba53c4fa0f51e8752584e5952"",""before_capture"":{""started_nanos"":""14475482927"",""finished_nanos"":""14475723268""},""after_capture"":{""started_nanos"":""24186671285"",""finished_nanos"":""24186911436""}},{""container_id"":""7b107aab2605e2f982bc888565e1351093b8203f8120538616cd87550e28bc2b"",""before_capture"":{""started_nanos"":""14867191838"",""finished_nanos"":""14867472877""},""after_capture"":{""started_nanos"":""24624509655"",""finished_nanos"":""24624743976""}},{""container_id"":""361b05de75483d507f3832eb2c114036211f1bbd605c7f9919a655fc04a6f1bd"",""before_capture"":{""started_nanos"":""15195025458"",""finished_nanos"":""15195239573""},""after_capture"":{""started_nanos"":""24912425485"",""finished_nanos"":""24912827263""}},{""container_id"":""f2ebd26f5cf9a88355a6fbf6e07bff13ffaf596d7820d3ee6f1331d0fae316b1"",""before_capture"":{""started_nanos"":""15485460171"",""finished_nanos"":""15485706507""},""after_capture"":{""started_nanos"":""25196430265"",""finished_nanos"":""25196662552""}},{""container_id"":""ddaf9d9c7cf07a3930393b0890f43640f4837b26dd6092450f7577246a353dc4"",""before_capture"":{""started_nanos"":""15731848621"",""finished_nanos"":""15732058972""},""after_capture"":{""started_nanos"":""25462778702"",""finished_nanos"":""25463107358""}},{""container_id"":""9c312e6dbf4ed4f3fcee51d6b4309c87b32b5f4584eed9c0cfd972894dc5d256"",""before_capture"":{""started_nanos"":""16055813099"",""finished_nanos"":""16056057302""},""after_capture"":{""started_nanos"":""25805939752"",""finished_nanos"":""25806156594""}},{""container_id"":""83c6d11df27e8c03608d75df95755586a69bde263a71de02dd8e244012f3469f"",""before_capture"":{""started_nanos"":""16317877781"",""finished_nanos"":""16318132362""},""after_capture"":{""started_nanos"":""26061109682"",""finished_nanos"":""26061321371""}},{""container_id"":""ff15e52e285173ab11120024ae72ee9876f63941e1382aefea71c91bd98e8feb"",""before_capture"":{""started_nanos"":""16412109547"",""finished_nanos"":""16412341642""},""after_capture"":{""started_nanos"":""26206775147"",""finished_nanos"":""26207043989""}}]",0,0,0,0,2752512,0,0,0,5193728,0,0,0,292308,23990,268321,65,0,0,"{""child.rss_bytes"":""146800640"",""child.threads"":""96"",""child.fd_count"":""352"",""child.listener_count"":""32"",""wrapper.rss_bytes"":""118226944"",""wrapper.threads"":""96"",""wrapper.fd_count"":""608"",""wrapper.listener_count"":""32"",""cgroup.memory_current_bytes"":""51671040"",""cgroup.sum_leaf_lifetime_memory_peak_bytes"":""185868288"",""cgroup.memory_swap_current_bytes"":""0"",""cgroup.pids_current"":""192"",""cgroup.cpu.usage_usec"":""2094244"",""cgroup.cpu.user_usec"":""485284"",""cgroup.cpu.system_usec"":""1608942"",""cgroup.cpu.nr_periods"":""259"",""cgroup.cpu.nr_throttled"":""72"",""cgroup.cpu.throttled_usec"":""3217480""}","{""child.rss_bytes"":""146800640"",""child.threads"":""96"",""child.fd_count"":""352"",""child.listener_count"":""32"",""wrapper.rss_bytes"":""120979456"",""wrapper.threads"":""96"",""wrapper.fd_count"":""608"",""wrapper.listener_count"":""32"",""cgroup.memory_current_bytes"":""56864768"",""cgroup.sum_leaf_lifetime_memory_peak_bytes"":""185868288"",""cgroup.memory_swap_current_bytes"":""0"",""cgroup.pids_current"":""192"",""cgroup.cpu.usage_usec"":""2386552"",""cgroup.cpu.user_usec"":""509274"",""cgroup.cpu.system_usec"":""1877263"",""cgroup.cpu.nr_periods"":""324"",""cgroup.cpu.nr_throttled"":""72"",""cgroup.cpu.throttled_usec"":""3217480""}"
6,5,native,32,served,250099777,19487898328,"[{""container_id"":""dae4c50ecfa2ce33e2dd011e3f16eb0e0dab4068acc293229764ae5839705aed"",""before_capture"":{""started_nanos"":""28583590910"",""finished_nanos"":""28583833044""},""after_capture"":{""started_nanos"":""38485325788"",""finished_nanos"":""38485554852""}},{""container_id"":""cfda18059766f78d040d2bda09121943e2f82c942855dd2718f8764cadec6ce4"",""before_capture"":{""started_nanos"":""28547493434"",""finished_nanos"":""28547842115""},""after_capture"":{""started_nanos"":""38383536889"",""finished_nanos"":""38383774699""}},{""container_id"":""b917974975586b3df995caa1b2c53da4d7e9d7779ad0d33369813f61660bc53a"",""before_capture"":{""started_nanos"":""28929389811"",""finished_nanos"":""28929631418""},""after_capture"":{""started_nanos"":""38794579695"",""finished_nanos"":""38794897122""}},{""container_id"":""3a230ee0e902e79a97d6fcb69d72d452ebf0f678d14ad863f4ac0f6c62991d3a"",""before_capture"":{""started_nanos"":""29521033891"",""finished_nanos"":""29521289727""},""after_capture"":{""started_nanos"":""39408202757"",""finished_nanos"":""39408415842""}},{""container_id"":""c761e921bacdee1ce0b16499299b3e50f3cb5c4bd6e60d848c339a6e475fc86b"",""before_capture"":{""started_nanos"":""28865995742"",""finished_nanos"":""28866273642""},""after_capture"":{""started_nanos"":""38761587782"",""finished_nanos"":""38761873464""}},{""container_id"":""8dccdc126b24605fb9c5c9de7e1594a77eb85ef2b19a5c6a4b72b07b4ca6ecf7"",""before_capture"":{""started_nanos"":""29352103857"",""finished_nanos"":""29352335750""},""after_capture"":{""started_nanos"":""39269091309"",""finished_nanos"":""39269332377""}},{""container_id"":""08c79902a7121731f65aefb90dd3a421a2484328c889baf4799d9693fca6eb8b"",""before_capture"":{""started_nanos"":""30087663961"",""finished_nanos"":""30087907880""},""after_capture"":{""started_nanos"":""40055964856"",""finished_nanos"":""40056256644""}},{""container_id"":""908133f60b94c203bbc582d64672add9072d0192820980642ca11c8b885b57ef"",""before_capture"":{""started_nanos"":""29852318237"",""finished_nanos"":""29852551825""},""after_capture"":{""started_nanos"":""39782447748"",""finished_nanos"":""39782705396""}},{""container_id"":""c397a771bac0d2c928be5782357e037ed7e2bee42eae8506df29925c30d8c4a5"",""before_capture"":{""started_nanos"":""30016935207"",""finished_nanos"":""30017177338""},""after_capture"":{""started_nanos"":""39946953628"",""finished_nanos"":""39947178364""}},{""container_id"":""3109a70eb5cb6f38ef7cb75d17f69f51cf34eadd981310607579495d1d921ca1"",""before_capture"":{""started_nanos"":""30359096028"",""finished_nanos"":""30359354243""},""after_capture"":{""started_nanos"":""40269642144"",""finished_nanos"":""40269931173""}},{""container_id"":""a91b2b8c98a27868f6f8bc0bf64e64b85fccb20f63178f7728a09bd718997006"",""before_capture"":{""started_nanos"":""30689786168"",""finished_nanos"":""30690186363""},""after_capture"":{""started_nanos"":""40569168666"",""finished_nanos"":""40569386632""}},{""container_id"":""c43058783079a83492f8476fa49d7ad8ad0447d09fc65e3784e50c67e4086d4c"",""before_capture"":{""started_nanos"":""31109376573"",""finished_nanos"":""31109616678""},""after_capture"":{""started_nanos"":""40960970363"",""finished_nanos"":""40961202276""}},{""container_id"":""539603dbf49dc9a63a35bdc978442df3f2240e0dcc52e09675e1d81392662d6d"",""before_capture"":{""started_nanos"":""31124129879"",""finished_nanos"":""31124364442""},""after_capture"":{""started_nanos"":""40956315130"",""finished_nanos"":""40956541737""}},{""container_id"":""1bb44a88f5707b4bbfe04b7deb7d9d8d814dd2aa35f9ef83d1e2c7065659e51b"",""before_capture"":{""started_nanos"":""31546782466"",""finished_nanos"":""31547018073""},""after_capture"":{""started_nanos"":""41394421996"",""finished_nanos"":""41394656354""}},{""container_id"":""47430a76ad5eef88653bbf941971440a297aa9cbc525b00d255e2bcc582571d8"",""before_capture"":{""started_nanos"":""31822489626"",""finished_nanos"":""31822720430""},""after_capture"":{""started_nanos"":""41679347769"",""finished_nanos"":""41679655021""}},{""container_id"":""4170d23ecd60d143db8a0a7304a578f48a962c1dfccfc4b134cee043db696fb4"",""before_capture"":{""started_nanos"":""31906388698"",""finished_nanos"":""31906657447""},""after_capture"":{""started_nanos"":""41791171225"",""finished_nanos"":""41791426242""}},{""container_id"":""d36f1c9d3b95d0f5725b5b17dbf4c4a41de94bd415790543b26520be7341333d"",""before_capture"":{""started_nanos"":""32316974256"",""finished_nanos"":""32317219146""},""after_capture"":{""started_nanos"":""42190799428"",""finished_nanos"":""42191128680""}},{""container_id"":""1c762414b64d17fac9fc7a2852b281f33aa64ad165221647c6f86d80073ee6db"",""before_capture"":{""started_nanos"":""32553769757"",""finished_nanos"":""32554022871""},""after_capture"":{""started_nanos"":""42399268949"",""finished_nanos"":""42399509264""}},{""container_id"":""84d8a6e755d1c690a2650d92e5c961ac7c5793ca16c0e5b1edd30ec59eb32c07"",""before_capture"":{""started_nanos"":""32343878468"",""finished_nanos"":""32344101865""},""after_capture"":{""started_nanos"":""42195413469"",""finished_nanos"":""42195702890""}},{""container_id"":""10f7df0ceb899164820646e852d6ba986544873903c8c1006910d45e2e4816ef"",""before_capture"":{""started_nanos"":""32672425607"",""finished_nanos"":""32672703937""},""after_capture"":{""started_nanos"":""42483095219"",""finished_nanos"":""42483334603""}},{""container_id"":""e06b099ede23e974d4c09d65a1d047552f229277ae88a081fb501111ddf887fd"",""before_capture"":{""started_nanos"":""32895956873"",""finished_nanos"":""32896187243""},""after_capture"":{""started_nanos"":""42678423013"",""finished_nanos"":""42678659857""}},{""container_id"":""0c422f0fca05fe00e56a6db0a0eb15f1bd896e772740a2c40558c434d170987f"",""before_capture"":{""started_nanos"":""33295446172"",""finished_nanos"":""33295766285""},""after_capture"":{""started_nanos"":""43107875755"",""finished_nanos"":""43108159533""}},{""container_id"":""86fcd4e53de3483ed091e5edbcccc2ce959ecfaa13fad3868799b5f4d8ce530b"",""before_capture"":{""started_nanos"":""33699821446"",""finished_nanos"":""33700090478""},""after_capture"":{""started_nanos"":""43499897272"",""finished_nanos"":""43500185057""}},{""container_id"":""04d2c84baee2188417cec0d814c641ad78b2dfe4316bf32b23ff067a09bd0d2e"",""before_capture"":{""started_nanos"":""33974177210"",""finished_nanos"":""33974686390""},""after_capture"":{""started_nanos"":""43799783601"",""finished_nanos"":""43800035308""}},{""container_id"":""c288a8631e2f9b71f277e93c3c0e9a148885c5dba53c4fa0f51e8752584e5952"",""before_capture"":{""started_nanos"":""34214983456"",""finished_nanos"":""34215217798""},""after_capture"":{""started_nanos"":""43975927219"",""finished_nanos"":""43976167983""}},{""container_id"":""7b107aab2605e2f982bc888565e1351093b8203f8120538616cd87550e28bc2b"",""before_capture"":{""started_nanos"":""34609858091"",""finished_nanos"":""34610134243""},""after_capture"":{""started_nanos"":""44385723508"",""finished_nanos"":""44385954055""}},{""container_id"":""361b05de75483d507f3832eb2c114036211f1bbd605c7f9919a655fc04a6f1bd"",""before_capture"":{""started_nanos"":""34906937047"",""finished_nanos"":""34907295253""},""after_capture"":{""started_nanos"":""44709622726"",""finished_nanos"":""44709943285""}},{""container_id"":""f2ebd26f5cf9a88355a6fbf6e07bff13ffaf596d7820d3ee6f1331d0fae316b1"",""before_capture"":{""started_nanos"":""35226628526"",""finished_nanos"":""35226902222""},""after_capture"":{""started_nanos"":""44998494972"",""finished_nanos"":""44998743425""}},{""container_id"":""ddaf9d9c7cf07a3930393b0890f43640f4837b26dd6092450f7577246a353dc4"",""before_capture"":{""started_nanos"":""35488738387"",""finished_nanos"":""35489010507""},""after_capture"":{""started_nanos"":""45271680013"",""finished_nanos"":""45271934719""}},{""container_id"":""9c312e6dbf4ed4f3fcee51d6b4309c87b32b5f4584eed9c0cfd972894dc5d256"",""before_capture"":{""started_nanos"":""35774171020"",""finished_nanos"":""35774526222""},""after_capture"":{""started_nanos"":""45597752527"",""finished_nanos"":""45598065185""}},{""container_id"":""83c6d11df27e8c03608d75df95755586a69bde263a71de02dd8e244012f3469f"",""before_capture"":{""started_nanos"":""36025390792"",""finished_nanos"":""36025679267""},""after_capture"":{""started_nanos"":""45848140473"",""finished_nanos"":""45848587684""}},{""container_id"":""ff15e52e285173ab11120024ae72ee9876f63941e1382aefea71c91bd98e8feb"",""before_capture"":{""started_nanos"":""36122612006"",""finished_nanos"":""36122904064""},""after_capture"":{""started_nanos"":""45932321713"",""finished_nanos"":""45932762196""}}]",0,0,0,0,0,0,0,0,860160,0,0,0,304078,19375,284704,68,0,0,"{""child.rss_bytes"":""148504576"",""child.threads"":""96"",""child.fd_count"":""352"",""child.listener_count"":""32"",""wrapper.rss_bytes"":""122159104"",""wrapper.threads"":""96"",""wrapper.fd_count"":""608"",""wrapper.listener_count"":""32"",""cgroup.memory_current_bytes"":""58392576"",""cgroup.sum_leaf_lifetime_memory_peak_bytes"":""185868288"",""cgroup.memory_swap_current_bytes"":""0"",""cgroup.pids_current"":""192"",""cgroup.cpu.usage_usec"":""2719567"",""cgroup.cpu.user_usec"":""530646"",""cgroup.cpu.system_usec"":""2188908"",""cgroup.cpu.nr_periods"":""405"",""cgroup.cpu.nr_throttled"":""72"",""cgroup.cpu.throttled_usec"":""3217480""}","{""child.rss_bytes"":""148504576"",""child.threads"":""96"",""child.fd_count"":""352"",""child.listener_count"":""32"",""wrapper.rss_bytes"":""122159104"",""wrapper.threads"":""96"",""wrapper.fd_count"":""608"",""wrapper.listener_count"":""32"",""cgroup.memory_current_bytes"":""59252736"",""cgroup.sum_leaf_lifetime_memory_peak_bytes"":""185868288"",""cgroup.memory_swap_current_bytes"":""0"",""cgroup.pids_current"":""192"",""cgroup.cpu.usage_usec"":""3023645"",""cgroup.cpu.user_usec"":""550021"",""cgroup.cpu.system_usec"":""2473612"",""cgroup.cpu.nr_periods"":""473"",""cgroup.cpu.nr_throttled"":""72"",""cgroup.cpu.throttled_usec"":""3217480""}"
6,5,native,32,final,250133551,19499926154,"[{""container_id"":""dae4c50ecfa2ce33e2dd011e3f16eb0e0dab4068acc293229764ae5839705aed"",""before_capture"":{""started_nanos"":""48286973707"",""finished_nanos"":""48287202714""},""after_capture"":{""started_nanos"":""58172608680"",""finished_nanos"":""58172938513""}},{""container_id"":""cfda18059766f78d040d2bda09121943e2f82c942855dd2718f8764cadec6ce4"",""before_capture"":{""started_nanos"":""48213450379"",""finished_nanos"":""48213833730""},""after_capture"":{""started_nanos"":""58120607287"",""finished_nanos"":""58120846265""}},{""container_id"":""b917974975586b3df995caa1b2c53da4d7e9d7779ad0d33369813f61660bc53a"",""before_capture"":{""started_nanos"":""48579620687"",""finished_nanos"":""48580217417""},""after_capture"":{""started_nanos"":""58541394966"",""finished_nanos"":""58541628992""}},{""container_id"":""3a230ee0e902e79a97d6fcb69d72d452ebf0f678d14ad863f4ac0f6c62991d3a"",""before_capture"":{""started_nanos"":""49231507540"",""finished_nanos"":""49231843407""},""after_capture"":{""started_nanos"":""59195262729"",""finished_nanos"":""59195496521""}},{""container_id"":""c761e921bacdee1ce0b16499299b3e50f3cb5c4bd6e60d848c339a6e475fc86b"",""before_capture"":{""started_nanos"":""48566766233"",""finished_nanos"":""48567069558""},""after_capture"":{""started_nanos"":""58518477981"",""finished_nanos"":""58518717316""}},{""container_id"":""8dccdc126b24605fb9c5c9de7e1594a77eb85ef2b19a5c6a4b72b07b4ca6ecf7"",""before_capture"":{""started_nanos"":""49038096822"",""finished_nanos"":""49038415787""},""after_capture"":{""started_nanos"":""58989285387"",""finished_nanos"":""58989548921""}},{""container_id"":""08c79902a7121731f65aefb90dd3a421a2484328c889baf4799d9693fca6eb8b"",""before_capture"":{""started_nanos"":""49777066934"",""finished_nanos"":""49777378423""},""after_capture"":{""started_nanos"":""59764457678"",""finished_nanos"":""59764749823""}},{""container_id"":""908133f60b94c203bbc582d64672add9072d0192820980642ca11c8b885b57ef"",""before_capture"":{""started_nanos"":""49533615087"",""finished_nanos"":""49533885018""},""after_capture"":{""started_nanos"":""59549955782"",""finished_nanos"":""59550247647""}},{""container_id"":""c397a771bac0d2c928be5782357e037ed7e2bee42eae8506df29925c30d8c4a5"",""before_capture"":{""started_nanos"":""49672719763"",""finished_nanos"":""49672983392""},""after_capture"":{""started_nanos"":""59718160469"",""finished_nanos"":""59718398679""}},{""container_id"":""3109a70eb5cb6f38ef7cb75d17f69f51cf34eadd981310607579495d1d921ca1"",""before_capture"":{""started_nanos"":""49997074308"",""finished_nanos"":""49997315883""},""after_capture"":{""started_nanos"":""60015334735"",""finished_nanos"":""60015562830""}},{""container_id"":""a91b2b8c98a27868f6f8bc0bf64e64b85fccb20f63178f7728a09bd718997006"",""before_capture"":{""started_nanos"":""50320877939"",""finished_nanos"":""50321119198""},""after_capture"":{""started_nanos"":""60332026752"",""finished_nanos"":""60332260363""}},{""container_id"":""c43058783079a83492f8476fa49d7ad8ad0447d09fc65e3784e50c67e4086d4c"",""before_capture"":{""started_nanos"":""50733223418"",""finished_nanos"":""50733436572""},""after_capture"":{""started_nanos"":""60721504123"",""finished_nanos"":""60721766483""}},{""container_id"":""539603dbf49dc9a63a35bdc978442df3f2240e0dcc52e09675e1d81392662d6d"",""before_capture"":{""started_nanos"":""50742200178"",""finished_nanos"":""50742442188""},""after_capture"":{""started_nanos"":""60721687057"",""finished_nanos"":""60721927807""}},{""container_id"":""1bb44a88f5707b4bbfe04b7deb7d9d8d814dd2aa35f9ef83d1e2c7065659e51b"",""before_capture"":{""started_nanos"":""51154200228"",""finished_nanos"":""51154433140""},""after_capture"":{""started_nanos"":""61142474709"",""finished_nanos"":""61142767545""}},{""container_id"":""47430a76ad5eef88653bbf941971440a297aa9cbc525b00d255e2bcc582571d8"",""before_capture"":{""started_nanos"":""51468783893"",""finished_nanos"":""51469013293""},""after_capture"":{""started_nanos"":""61439065630"",""finished_nanos"":""61439299154""}},{""container_id"":""4170d23ecd60d143db8a0a7304a578f48a962c1dfccfc4b134cee043db696fb4"",""before_capture"":{""started_nanos"":""51559821279"",""finished_nanos"":""51560085857""},""after_capture"":{""started_nanos"":""61514444734"",""finished_nanos"":""61514698379""}},{""container_id"":""d36f1c9d3b95d0f5725b5b17dbf4c4a41de94bd415790543b26520be7341333d"",""before_capture"":{""started_nanos"":""51933146619"",""finished_nanos"":""51933382117""},""after_capture"":{""started_nanos"":""61892650923"",""finished_nanos"":""61892891832""}},{""container_id"":""1c762414b64d17fac9fc7a2852b281f33aa64ad165221647c6f86d80073ee6db"",""before_capture"":{""started_nanos"":""52182240152"",""finished_nanos"":""52182461224""},""after_capture"":{""started_nanos"":""62101491784"",""finished_nanos"":""62101756557""}},{""container_id"":""84d8a6e755d1c690a2650d92e5c961ac7c5793ca16c0e5b1edd30ec59eb32c07"",""before_capture"":{""started_nanos"":""51998151880"",""finished_nanos"":""51998366847""},""after_capture"":{""started_nanos"":""61905351969"",""finished_nanos"":""61905762156""}},{""container_id"":""10f7df0ceb899164820646e852d6ba986544873903c8c1006910d45e2e4816ef"",""before_capture"":{""started_nanos"":""52283150425"",""finished_nanos"":""52283457068""},""after_capture"":{""started_nanos"":""62212602524"",""finished_nanos"":""62212846020""}},{""container_id"":""e06b099ede23e974d4c09d65a1d047552f229277ae88a081fb501111ddf887fd"",""before_capture"":{""started_nanos"":""52456585296"",""finished_nanos"":""52456966631""},""after_capture"":{""started_nanos"":""62381869283"",""finished_nanos"":""62382194740""}},{""container_id"":""0c422f0fca05fe00e56a6db0a0eb15f1bd896e772740a2c40558c434d170987f"",""before_capture"":{""started_nanos"":""52881428218"",""finished_nanos"":""52881711498""},""after_capture"":{""started_nanos"":""62802086767"",""finished_nanos"":""62802317393""}},{""container_id"":""86fcd4e53de3483ed091e5edbcccc2ce959ecfaa13fad3868799b5f4d8ce530b"",""before_capture"":{""started_nanos"":""53293808302"",""finished_nanos"":""53294046603""},""after_capture"":{""started_nanos"":""63226870757"",""finished_nanos"":""63227100464""}},{""container_id"":""04d2c84baee2188417cec0d814c641ad78b2dfe4316bf32b23ff067a09bd0d2e"",""before_capture"":{""started_nanos"":""53577710557"",""finished_nanos"":""53578021507""},""after_capture"":{""started_nanos"":""63487987172"",""finished_nanos"":""63488225130""}},{""container_id"":""c288a8631e2f9b71f277e93c3c0e9a148885c5dba53c4fa0f51e8752584e5952"",""before_capture"":{""started_nanos"":""53793316480"",""finished_nanos"":""53793541375""},""after_capture"":{""started_nanos"":""63722148727"",""finished_nanos"":""63722389548""}},{""container_id"":""7b107aab2605e2f982bc888565e1351093b8203f8120538616cd87550e28bc2b"",""before_capture"":{""started_nanos"":""54205398286"",""finished_nanos"":""54205626801""},""after_capture"":{""started_nanos"":""64149405464"",""finished_nanos"":""64149647179""}},{""container_id"":""361b05de75483d507f3832eb2c114036211f1bbd605c7f9919a655fc04a6f1bd"",""before_capture"":{""started_nanos"":""54529089192"",""finished_nanos"":""54529565053""},""after_capture"":{""started_nanos"":""64414452425"",""finished_nanos"":""64414714836""}},{""container_id"":""f2ebd26f5cf9a88355a6fbf6e07bff13ffaf596d7820d3ee6f1331d0fae316b1"",""before_capture"":{""started_nanos"":""54823615532"",""finished_nanos"":""54824105432""},""after_capture"":{""started_nanos"":""64723978956"",""finished_nanos"":""64724211140""}},{""container_id"":""ddaf9d9c7cf07a3930393b0890f43640f4837b26dd6092450f7577246a353dc4"",""before_capture"":{""started_nanos"":""55124902142"",""finished_nanos"":""55125189571""},""after_capture"":{""started_nanos"":""64980267137"",""finished_nanos"":""64980545128""}},{""container_id"":""9c312e6dbf4ed4f3fcee51d6b4309c87b32b5f4584eed9c0cfd972894dc5d256"",""before_capture"":{""started_nanos"":""55446746828"",""finished_nanos"":""55446982960""},""after_capture"":{""started_nanos"":""65300437928"",""finished_nanos"":""65300795821""}},{""container_id"":""83c6d11df27e8c03608d75df95755586a69bde263a71de02dd8e244012f3469f"",""before_capture"":{""started_nanos"":""55714613937"",""finished_nanos"":""55714867628""},""after_capture"":{""started_nanos"":""65584982118"",""finished_nanos"":""65585210991""}},{""container_id"":""ff15e52e285173ab11120024ae72ee9876f63941e1382aefea71c91bd98e8feb"",""before_capture"":{""started_nanos"":""55801992354"",""finished_nanos"":""55802241603""},""after_capture"":{""started_nanos"":""65673450569"",""finished_nanos"":""65673705785""}}]",0,0,0,0,0,0,0,0,544768,0,0,0,310774,19722,291053,67,0,0,"{""child.rss_bytes"":""148504576"",""child.threads"":""96"",""child.fd_count"":""352"",""child.listener_count"":""32"",""wrapper.rss_bytes"":""122159104"",""wrapper.threads"":""96"",""wrapper.fd_count"":""608"",""wrapper.listener_count"":""32"",""cgroup.memory_current_bytes"":""59957248"",""cgroup.sum_leaf_lifetime_memory_peak_bytes"":""185868288"",""cgroup.memory_swap_current_bytes"":""0"",""cgroup.pids_current"":""192"",""cgroup.cpu.usage_usec"":""3391837"",""cgroup.cpu.user_usec"":""572053"",""cgroup.cpu.system_usec"":""2819771"",""cgroup.cpu.nr_periods"":""598"",""cgroup.cpu.nr_throttled"":""72"",""cgroup.cpu.throttled_usec"":""3217480""}","{""child.rss_bytes"":""148504576"",""child.threads"":""96"",""child.fd_count"":""352"",""child.listener_count"":""32"",""wrapper.rss_bytes"":""122159104"",""wrapper.threads"":""96"",""wrapper.fd_count"":""608"",""wrapper.listener_count"":""32"",""cgroup.memory_current_bytes"":""60502016"",""cgroup.sum_leaf_lifetime_memory_peak_bytes"":""185868288"",""cgroup.memory_swap_current_bytes"":""0"",""cgroup.pids_current"":""192"",""cgroup.cpu.usage_usec"":""3702611"",""cgroup.cpu.user_usec"":""591775"",""cgroup.cpu.system_usec"":""3110824"",""cgroup.cpu.nr_periods"":""665"",""cgroup.cpu.nr_throttled"":""72"",""cgroup.cpu.throttled_usec"":""3217480""}"
