density,stage,metric,unit,pairs,pair_count,available_pairs,unavailable_pairs,native,lsf,paired_difference,lower,equal,higher,order_strata
1,final,child.rss_bytes,bytes,"[{""pair"":0,""first_arm"":""lsf"",""native_group"":1,""lsf_group"":0,""native"":""0"",""lsf"":""0"",""lsf_minus_native"":""0"",""percent_of_native"":null},{""pair"":1,""first_arm"":""native"",""native_group"":4,""lsf_group"":5,""native"":""0"",""lsf"":""0"",""lsf_minus_native"":""0"",""percent_of_native"":null},{""pair"":2,""first_arm"":""native"",""native_group"":2,""lsf_group"":3,""native"":""0"",""lsf"":""0"",""lsf_minus_native"":""0"",""percent_of_native"":null},{""pair"":3,""first_arm"":""native"",""native_group"":0,""lsf_group"":1,""native"":""0"",""lsf"":""0"",""lsf_minus_native"":""0"",""percent_of_native"":null},{""pair"":4,""first_arm"":""lsf"",""native_group"":5,""lsf_group"":4,""native"":""0"",""lsf"":""0"",""lsf_minus_native"":""0"",""percent_of_native"":null},{""pair"":5,""first_arm"":""lsf"",""native_group"":3,""lsf_group"":2,""native"":""0"",""lsf"":""0"",""lsf_minus_native"":""0"",""percent_of_native"":null},{""pair"":6,""first_arm"":""lsf"",""native_group"":1,""lsf_group"":0,""native"":""0"",""lsf"":""0"",""lsf_minus_native"":""0"",""percent_of_native"":null}]",7,7,0,"{""count"":""7"",""minimum"":""0"",""median"":""0"",""maximum"":""0"",""median_absolute_deviation"":""0""}","{""count"":""7"",""minimum"":""0"",""median"":""0"",""maximum"":""0"",""median_absolute_deviation"":""0""}","{""count"":""7"",""minimum"":""0"",""median"":""0"",""maximum"":""0"",""median_absolute_deviation"":""0""}",0,7,0,"{""lsf"":{""pair_count"":4,""available_pairs"":4,""unavailable_pairs"":0,""native"":{""count"":""4"",""minimum"":""0"",""median"":""0"",""maximum"":""0"",""median_absolute_deviation"":""0""},""lsf"":{""count"":""4"",""minimum"":""0"",""median"":""0"",""maximum"":""0"",""median_absolute_deviation"":""0""},""paired_difference"":{""count"":""4"",""minimum"":""0"",""median"":""0"",""maximum"":""0"",""median_absolute_deviation"":""0""},""lower"":0,""equal"":4,""higher"":0},""native"":{""pair_count"":3,""available_pairs"":3,""unavailable_pairs"":0,""native"":{""count"":""3"",""minimum"":""0"",""median"":""0"",""maximum"":""0"",""median_absolute_deviation"":""0""},""lsf"":{""count"":""3"",""minimum"":""0"",""median"":""0"",""maximum"":""0"",""median_absolute_deviation"":""0""},""paired_difference"":{""count"":""3"",""minimum"":""0"",""median"":""0"",""maximum"":""0"",""median_absolute_deviation"":""0""},""lower"":0,""equal"":3,""higher"":0}}"
1,final,child.threads,count,"[{""pair"":0,""first_arm"":""lsf"",""native_group"":1,""lsf_group"":0,""native"":""0"",""lsf"":""0"",""lsf_minus_native"":""0"",""percent_of_native"":null},{""pair"":1,""first_arm"":""native"",""native_group"":4,""lsf_group"":5,""native"":""0"",""lsf"":""0"",""lsf_minus_native"":""0"",""percent_of_native"":null},{""pair"":2,""first_arm"":""native"",""native_group"":2,""lsf_group"":3,""native"":""0"",""lsf"":""0"",""lsf_minus_native"":""0"",""percent_of_native"":null},{""pair"":3,""first_arm"":""native"",""native_group"":0,""lsf_group"":1,""native"":""0"",""lsf"":""0"",""lsf_minus_native"":""0"",""percent_of_native"":null},{""pair"":4,""first_arm"":""lsf"",""native_group"":5,""lsf_group"":4,""native"":""0"",""lsf"":""0"",""lsf_minus_native"":""0"",""percent_of_native"":null},{""pair"":5,""first_arm"":""lsf"",""native_group"":3,""lsf_group"":2,""native"":""0"",""lsf"":""0"",""lsf_minus_native"":""0"",""percent_of_native"":null},{""pair"":6,""first_arm"":""lsf"",""native_group"":1,""lsf_group"":0,""native"":""0"",""lsf"":""0"",""lsf_minus_native"":""0"",""percent_of_native"":null}]",7,7,0,"{""count"":""7"",""minimum"":""0"",""median"":""0"",""maximum"":""0"",""median_absolute_deviation"":""0""}","{""count"":""7"",""minimum"":""0"",""median"":""0"",""maximum"":""0"",""median_absolute_deviation"":""0""}","{""count"":""7"",""minimum"":""0"",""median"":""0"",""maximum"":""0"",""median_absolute_deviation"":""0""}",0,7,0,"{""lsf"":{""pair_count"":4,""available_pairs"":4,""unavailable_pairs"":0,""native"":{""count"":""4"",""minimum"":""0"",""median"":""0"",""maximum"":""0"",""median_absolute_deviation"":""0""},""lsf"":{""count"":""4"",""minimum"":""0"",""median"":""0"",""maximum"":""0"",""median_absolute_deviation"":""0""},""paired_difference"":{""count"":""4"",""minimum"":""0"",""median"":""0"",""maximum"":""0"",""median_absolute_deviation"":""0""},""lower"":0,""equal"":4,""higher"":0},""native"":{""pair_count"":3,""available_pairs"":3,""unavailable_pairs"":0,""native"":{""count"":""3"",""minimum"":""0"",""median"":""0"",""maximum"":""0"",""median_absolute_deviation"":""0""},""lsf"":{""count"":""3"",""minimum"":""0"",""median"":""0"",""maximum"":""0"",""median_absolute_deviation"":""0""},""paired_difference"":{""count"":""3"",""minimum"":""0"",""median"":""0"",""maximum"":""0"",""median_absolute_deviation"":""0""},""lower"":0,""equal"":3,""higher"":0}}"
1,final,child.fd_count,count,"[{""pair"":0,""first_arm"":""lsf"",""native_group"":1,""lsf_group"":0,""native"":""0"",""lsf"":""0"",""lsf_minus_native"":""0"",""percent_of_native"":null},{""pair"":1,""first_arm"":""native"",""native_group"":4,""lsf_group"":5,""native"":""0"",""lsf"":""0"",""lsf_minus_native"":""0"",""percent_of_native"":null},{""pair"":2,""first_arm"":""native"",""native_group"":2,""lsf_group"":3,""native"":""0"",""lsf"":""0"",""lsf_minus_native"":""0"",""percent_of_native"":null},{""pair"":3,""first_arm"":""native"",""native_group"":0,""lsf_group"":1,""native"":""0"",""lsf"":""0"",""lsf_minus_native"":""0"",""percent_of_native"":null},{""pair"":4,""first_arm"":""lsf"",""native_group"":5,""lsf_group"":4,""native"":""0"",""lsf"":""0"",""lsf_minus_native"":""0"",""percent_of_native"":null},{""pair"":5,""first_arm"":""lsf"",""native_group"":3,""lsf_group"":2,""native"":""0"",""lsf"":""0"",""lsf_minus_native"":""0"",""percent_of_native"":null},{""pair"":6,""first_arm"":""lsf"",""native_group"":1,""lsf_group"":0,""native"":""0"",""lsf"":""0"",""lsf_minus_native"":""0"",""percent_of_native"":null}]",7,7,0,"{""count"":""7"",""minimum"":""0"",""median"":""0"",""maximum"":""0"",""median_absolute_deviation"":""0""}","{""count"":""7"",""minimum"":""0"",""median"":""0"",""maximum"":""0"",""median_absolute_deviation"":""0""}","{""count"":""7"",""minimum"":""0"",""median"":""0"",""maximum"":""0"",""median_absolute_deviation"":""0""}",0,7,0,"{""lsf"":{""pair_count"":4,""available_pairs"":4,""unavailable_pairs"":0,""native"":{""count"":""4"",""minimum"":""0"",""median"":""0"",""maximum"":""0"",""median_absolute_deviation"":""0""},""lsf"":{""count"":""4"",""minimum"":""0"",""median"":""0"",""maximum"":""0"",""median_absolute_deviation"":""0""},""paired_difference"":{""count"":""4"",""minimum"":""0"",""median"":""0"",""maximum"":""0"",""median_absolute_deviation"":""0""},""lower"":0,""equal"":4,""higher"":0},""native"":{""pair_count"":3,""available_pairs"":3,""unavailable_pairs"":0,""native"":{""count"":""3"",""minimum"":""0"",""median"":""0"",""maximum"":""0"",""median_absolute_deviation"":""0""},""lsf"":{""count"":""3"",""minimum"":""0"",""median"":""0"",""maximum"":""0"",""median_absolute_deviation"":""0""},""paired_difference"":{""count"":""3"",""minimum"":""0"",""median"":""0"",""maximum"":""0"",""median_absolute_deviation"":""0""},""lower"":0,""equal"":3,""higher"":0}}"
1,final,child.listener_count,count,"[{""pair"":0,""first_arm"":""lsf"",""native_group"":1,""lsf_group"":0,""native"":""0"",""lsf"":""0"",""lsf_minus_native"":""0"",""percent_of_native"":null},{""pair"":1,""first_arm"":""native"",""native_group"":4,""lsf_group"":5,""native"":""0"",""lsf"":""0"",""lsf_minus_native"":""0"",""percent_of_native"":null},{""pair"":2,""first_arm"":""native"",""native_group"":2,""lsf_group"":3,""native"":""0"",""lsf"":""0"",""lsf_minus_native"":""0"",""percent_of_native"":null},{""pair"":3,""first_arm"":""native"",""native_group"":0,""lsf_group"":1,""native"":""0"",""lsf"":""0"",""lsf_minus_native"":""0"",""percent_of_native"":null},{""pair"":4,""first_arm"":""lsf"",""native_group"":5,""lsf_group"":4,""native"":""0"",""lsf"":""0"",""lsf_minus_native"":""0"",""percent_of_native"":null},{""pair"":5,""first_arm"":""lsf"",""native_group"":3,""lsf_group"":2,""native"":""0"",""lsf"":""0"",""lsf_minus_native"":""0"",""percent_of_native"":null},{""pair"":6,""first_arm"":""lsf"",""native_group"":1,""lsf_group"":0,""native"":""0"",""lsf"":""0"",""lsf_minus_native"":""0"",""percent_of_native"":null}]",7,7,0,"{""count"":""7"",""minimum"":""0"",""median"":""0"",""maximum"":""0"",""median_absolute_deviation"":""0""}","{""count"":""7"",""minimum"":""0"",""median"":""0"",""maximum"":""0"",""median_absolute_deviation"":""0""}","{""count"":""7"",""minimum"":""0"",""median"":""0"",""maximum"":""0"",""median_absolute_deviation"":""0""}",0,7,0,"{""lsf"":{""pair_count"":4,""available_pairs"":4,""unavailable_pairs"":0,""native"":{""count"":""4"",""minimum"":""0"",""median"":""0"",""maximum"":""0"",""median_absolute_deviation"":""0""},""lsf"":{""count"":""4"",""minimum"":""0"",""median"":""0"",""maximum"":""0"",""median_absolute_deviation"":""0""},""paired_difference"":{""count"":""4"",""minimum"":""0"",""median"":""0"",""maximum"":""0"",""median_absolute_deviation"":""0""},""lower"":0,""equal"":4,""higher"":0},""native"":{""pair_count"":3,""available_pairs"":3,""unavailable_pairs"":0,""native"":{""count"":""3"",""minimum"":""0"",""median"":""0"",""maximum"":""0"",""median_absolute_deviation"":""0""},""lsf"":{""count"":""3"",""minimum"":""0"",""median"":""0"",""maximum"":""0"",""median_absolute_deviation"":""0""},""paired_difference"":{""count"":""3"",""minimum"":""0"",""median"":""0"",""maximum"":""0"",""median_absolute_deviation"":""0""},""lower"":0,""equal"":3,""higher"":0}}"
1,final,wrapper.rss_bytes,bytes,"[{""pair"":0,""first_arm"":""lsf"",""native_group"":1,""lsf_group"":0,""native"":""0"",""lsf"":""0"",""lsf_minus_native"":""0"",""percent_of_native"":null},{""pair"":1,""first_arm"":""native"",""native_group"":4,""lsf_group"":5,""native"":""0"",""lsf"":""0"",""lsf_minus_native"":""0"",""percent_of_native"":null},{""pair"":2,""first_arm"":""native"",""native_group"":2,""lsf_group"":3,""native"":""0"",""lsf"":""0"",""lsf_minus_native"":""0"",""percent_of_native"":null},{""pair"":3,""first_arm"":""native"",""native_group"":0,""lsf_group"":1,""native"":""0"",""lsf"":""0"",""lsf_minus_native"":""0"",""percent_of_native"":null},{""pair"":4,""first_arm"":""lsf"",""native_group"":5,""lsf_group"":4,""native"":""0"",""lsf"":""0"",""lsf_minus_native"":""0"",""percent_of_native"":null},{""pair"":5,""first_arm"":""lsf"",""native_group"":3,""lsf_group"":2,""native"":""0"",""lsf"":""0"",""lsf_minus_native"":""0"",""percent_of_native"":null},{""pair"":6,""first_arm"":""lsf"",""native_group"":1,""lsf_group"":0,""native"":""0"",""lsf"":""0"",""lsf_minus_native"":""0"",""percent_of_native"":null}]",7,7,0,"{""count"":""7"",""minimum"":""0"",""median"":""0"",""maximum"":""0"",""median_absolute_deviation"":""0""}","{""count"":""7"",""minimum"":""0"",""median"":""0"",""maximum"":""0"",""median_absolute_deviation"":""0""}","{""count"":""7"",""minimum"":""0"",""median"":""0"",""maximum"":""0"",""median_absolute_deviation"":""0""}",0,7,0,"{""lsf"":{""pair_count"":4,""available_pairs"":4,""unavailable_pairs"":0,""native"":{""count"":""4"",""minimum"":""0"",""median"":""0"",""maximum"":""0"",""median_absolute_deviation"":""0""},""lsf"":{""count"":""4"",""minimum"":""0"",""median"":""0"",""maximum"":""0"",""median_absolute_deviation"":""0""},""paired_difference"":{""count"":""4"",""minimum"":""0"",""median"":""0"",""maximum"":""0"",""median_absolute_deviation"":""0""},""lower"":0,""equal"":4,""higher"":0},""native"":{""pair_count"":3,""available_pairs"":3,""unavailable_pairs"":0,""native"":{""count"":""3"",""minimum"":""0"",""median"":""0"",""maximum"":""0"",""median_absolute_deviation"":""0""},""lsf"":{""count"":""3"",""minimum"":""0"",""median"":""0"",""maximum"":""0"",""median_absolute_deviation"":""0""},""paired_difference"":{""count"":""3"",""minimum"":""0"",""median"":""0"",""maximum"":""0"",""median_absolute_deviation"":""0""},""lower"":0,""equal"":3,""higher"":0}}"
1,final,wrapper.threads,count,"[{""pair"":0,""first_arm"":""lsf"",""native_group"":1,""lsf_group"":0,""native"":""0"",""lsf"":""0"",""lsf_minus_native"":""0"",""percent_of_native"":null},{""pair"":1,""first_arm"":""native"",""native_group"":4,""lsf_group"":5,""native"":""0"",""lsf"":""0"",""lsf_minus_native"":""0"",""percent_of_native"":null},{""pair"":2,""first_arm"":""native"",""native_group"":2,""lsf_group"":3,""native"":""0"",""lsf"":""0"",""lsf_minus_native"":""0"",""percent_of_native"":null},{""pair"":3,""first_arm"":""native"",""native_group"":0,""lsf_group"":1,""native"":""0"",""lsf"":""0"",""lsf_minus_native"":""0"",""percent_of_native"":null},{""pair"":4,""first_arm"":""lsf"",""native_group"":5,""lsf_group"":4,""native"":""0"",""lsf"":""0"",""lsf_minus_native"":""0"",""percent_of_native"":null},{""pair"":5,""first_arm"":""lsf"",""native_group"":3,""lsf_group"":2,""native"":""0"",""lsf"":""0"",""lsf_minus_native"":""0"",""percent_of_native"":null},{""pair"":6,""first_arm"":""lsf"",""native_group"":1,""lsf_group"":0,""native"":""0"",""lsf"":""0"",""lsf_minus_native"":""0"",""percent_of_native"":null}]",7,7,0,"{""count"":""7"",""minimum"":""0"",""median"":""0"",""maximum"":""0"",""median_absolute_deviation"":""0""}","{""count"":""7"",""minimum"":""0"",""median"":""0"",""maximum"":""0"",""median_absolute_deviation"":""0""}","{""count"":""7"",""minimum"":""0"",""median"":""0"",""maximum"":""0"",""median_absolute_deviation"":""0""}",0,7,0,"{""lsf"":{""pair_count"":4,""available_pairs"":4,""unavailable_pairs"":0,""native"":{""count"":""4"",""minimum"":""0"",""median"":""0"",""maximum"":""0"",""median_absolute_deviation"":""0""},""lsf"":{""count"":""4"",""minimum"":""0"",""median"":""0"",""maximum"":""0"",""median_absolute_deviation"":""0""},""paired_difference"":{""count"":""4"",""minimum"":""0"",""median"":""0"",""maximum"":""0"",""median_absolute_deviation"":""0""},""lower"":0,""equal"":4,""higher"":0},""native"":{""pair_count"":3,""available_pairs"":3,""unavailable_pairs"":0,""native"":{""count"":""3"",""minimum"":""0"",""median"":""0"",""maximum"":""0"",""median_absolute_deviation"":""0""},""lsf"":{""count"":""3"",""minimum"":""0"",""median"":""0"",""maximum"":""0"",""median_absolute_deviation"":""0""},""paired_difference"":{""count"":""3"",""minimum"":""0"",""median"":""0"",""maximum"":""0"",""median_absolute_deviation"":""0""},""lower"":0,""equal"":3,""higher"":0}}"
1,final,wrapper.fd_count,count,"[{""pair"":0,""first_arm"":""lsf"",""native_group"":1,""lsf_group"":0,""native"":""0"",""lsf"":""0"",""lsf_minus_native"":""0"",""percent_of_native"":null},{""pair"":1,""first_arm"":""native"",""native_group"":4,""lsf_group"":5,""native"":""0"",""lsf"":""0"",""lsf_minus_native"":""0"",""percent_of_native"":null},{""pair"":2,""first_arm"":""native"",""native_group"":2,""lsf_group"":3,""native"":""0"",""lsf"":""0"",""lsf_minus_native"":""0"",""percent_of_native"":null},{""pair"":3,""first_arm"":""native"",""native_group"":0,""lsf_group"":1,""native"":""0"",""lsf"":""0"",""lsf_minus_native"":""0"",""percent_of_native"":null},{""pair"":4,""first_arm"":""lsf"",""native_group"":5,""lsf_group"":4,""native"":""0"",""lsf"":""0"",""lsf_minus_native"":""0"",""percent_of_native"":null},{""pair"":5,""first_arm"":""lsf"",""native_group"":3,""lsf_group"":2,""native"":""0"",""lsf"":""0"",""lsf_minus_native"":""0"",""percent_of_native"":null},{""pair"":6,""first_arm"":""lsf"",""native_group"":1,""lsf_group"":0,""native"":""0"",""lsf"":""0"",""lsf_minus_native"":""0"",""percent_of_native"":null}]",7,7,0,"{""count"":""7"",""minimum"":""0"",""median"":""0"",""maximum"":""0"",""median_absolute_deviation"":""0""}","{""count"":""7"",""minimum"":""0"",""median"":""0"",""maximum"":""0"",""median_absolute_deviation"":""0""}","{""count"":""7"",""minimum"":""0"",""median"":""0"",""maximum"":""0"",""median_absolute_deviation"":""0""}",0,7,0,"{""lsf"":{""pair_count"":4,""available_pairs"":4,""unavailable_pairs"":0,""native"":{""count"":""4"",""minimum"":""0"",""median"":""0"",""maximum"":""0"",""median_absolute_deviation"":""0""},""lsf"":{""count"":""4"",""minimum"":""0"",""median"":""0"",""maximum"":""0"",""median_absolute_deviation"":""0""},""paired_difference"":{""count"":""4"",""minimum"":""0"",""median"":""0"",""maximum"":""0"",""median_absolute_deviation"":""0""},""lower"":0,""equal"":4,""higher"":0},""native"":{""pair_count"":3,""available_pairs"":3,""unavailable_pairs"":0,""native"":{""count"":""3"",""minimum"":""0"",""median"":""0"",""maximum"":""0"",""median_absolute_deviation"":""0""},""lsf"":{""count"":""3"",""minimum"":""0"",""median"":""0"",""maximum"":""0"",""median_absolute_deviation"":""0""},""paired_difference"":{""count"":""3"",""minimum"":""0"",""median"":""0"",""maximum"":""0"",""median_absolute_deviation"":""0""},""lower"":0,""equal"":3,""higher"":0}}"
1,final,wrapper.listener_count,count,"[{""pair"":0,""first_arm"":""lsf"",""native_group"":1,""lsf_group"":0,""native"":""0"",""lsf"":""0"",""lsf_minus_native"":""0"",""percent_of_native"":null},{""pair"":1,""first_arm"":""native"",""native_group"":4,""lsf_group"":5,""native"":""0"",""lsf"":""0"",""lsf_minus_native"":""0"",""percent_of_native"":null},{""pair"":2,""first_arm"":""native"",""native_group"":2,""lsf_group"":3,""native"":""0"",""lsf"":""0"",""lsf_minus_native"":""0"",""percent_of_native"":null},{""pair"":3,""first_arm"":""native"",""native_group"":0,""lsf_group"":1,""native"":""0"",""lsf"":""0"",""lsf_minus_native"":""0"",""percent_of_native"":null},{""pair"":4,""first_arm"":""lsf"",""native_group"":5,""lsf_group"":4,""native"":""0"",""lsf"":""0"",""lsf_minus_native"":""0"",""percent_of_native"":null},{""pair"":5,""first_arm"":""lsf"",""native_group"":3,""lsf_group"":2,""native"":""0"",""lsf"":""0"",""lsf_minus_native"":""0"",""percent_of_native"":null},{""pair"":6,""first_arm"":""lsf"",""native_group"":1,""lsf_group"":0,""native"":""0"",""lsf"":""0"",""lsf_minus_native"":""0"",""percent_of_native"":null}]",7,7,0,"{""count"":""7"",""minimum"":""0"",""median"":""0"",""maximum"":""0"",""median_absolute_deviation"":""0""}","{""count"":""7"",""minimum"":""0"",""median"":""0"",""maximum"":""0"",""median_absolute_deviation"":""0""}","{""count"":""7"",""minimum"":""0"",""median"":""0"",""maximum"":""0"",""median_absolute_deviation"":""0""}",0,7,0,"{""lsf"":{""pair_count"":4,""available_pairs"":4,""unavailable_pairs"":0,""native"":{""count"":""4"",""minimum"":""0"",""median"":""0"",""maximum"":""0"",""median_absolute_deviation"":""0""},""lsf"":{""count"":""4"",""minimum"":""0"",""median"":""0"",""maximum"":""0"",""median_absolute_deviation"":""0""},""paired_difference"":{""count"":""4"",""minimum"":""0"",""median"":""0"",""maximum"":""0"",""median_absolute_deviation"":""0""},""lower"":0,""equal"":4,""higher"":0},""native"":{""pair_count"":3,""available_pairs"":3,""unavailable_pairs"":0,""native"":{""count"":""3"",""minimum"":""0"",""median"":""0"",""maximum"":""0"",""median_absolute_deviation"":""0""},""lsf"":{""count"":""3"",""minimum"":""0"",""median"":""0"",""maximum"":""0"",""median_absolute_deviation"":""0""},""paired_difference"":{""count"":""3"",""minimum"":""0"",""median"":""0"",""maximum"":""0"",""median_absolute_deviation"":""0""},""lower"":0,""equal"":3,""higher"":0}}"
1,final,cgroup.memory_current_bytes,bytes,"[{""pair"":0,""first_arm"":""lsf"",""native_group"":1,""lsf_group"":0,""native"":""16384"",""lsf"":""278528"",""lsf_minus_native"":""262144"",""percent_of_native"":""1600""},{""pair"":1,""first_arm"":""native"",""native_group"":4,""lsf_group"":5,""native"":""16384"",""lsf"":""16384"",""lsf_minus_native"":""0"",""percent_of_native"":""0""},{""pair"":2,""first_arm"":""native"",""native_group"":2,""lsf_group"":3,""native"":""16384"",""lsf"":""16384"",""lsf_minus_native"":""0"",""percent_of_native"":""0""},{""pair"":3,""first_arm"":""native"",""native_group"":0,""lsf_group"":1,""native"":""4096"",""lsf"":""12288"",""lsf_minus_native"":""8192"",""percent_of_native"":""200""},{""pair"":4,""first_arm"":""lsf"",""native_group"":5,""lsf_group"":4,""native"":""12288"",""lsf"":""-249856"",""lsf_minus_native"":""-262144"",""percent_of_native"":""-2133.333333""},{""pair"":5,""first_arm"":""lsf"",""native_group"":3,""lsf_group"":2,""native"":""12288"",""lsf"":""12288"",""lsf_minus_native"":""0"",""percent_of_native"":""0""},{""pair"":6,""first_arm"":""lsf"",""native_group"":1,""lsf_group"":0,""native"":""-245760"",""lsf"":""0"",""lsf_minus_native"":""245760"",""percent_of_native"":""-100""}]",7,7,0,"{""count"":""7"",""minimum"":""-245760"",""median"":""12288"",""maximum"":""16384"",""median_absolute_deviation"":""4096""}","{""count"":""7"",""minimum"":""-249856"",""median"":""12288"",""maximum"":""278528"",""median_absolute_deviation"":""4096""}","{""count"":""7"",""minimum"":""-262144"",""median"":""0"",""maximum"":""262144"",""median_absolute_deviation"":""8192""}",1,3,3,"{""lsf"":{""pair_count"":4,""available_pairs"":4,""unavailable_pairs"":0,""native"":{""count"":""4"",""minimum"":""-245760"",""median"":""12288"",""maximum"":""16384"",""median_absolute_deviation"":""2048""},""lsf"":{""count"":""4"",""minimum"":""-249856"",""median"":""6144"",""maximum"":""278528"",""median_absolute_deviation"":""131072""},""paired_difference"":{""count"":""4"",""minimum"":""-262144"",""median"":""122880"",""maximum"":""262144"",""median_absolute_deviation"":""131072""},""lower"":1,""equal"":1,""higher"":2},""native"":{""pair_count"":3,""available_pairs"":3,""unavailable_pairs"":0,""native"":{""count"":""3"",""minimum"":""4096"",""median"":""16384"",""maximum"":""16384"",""median_absolute_deviation"":""0""},""lsf"":{""count"":""3"",""minimum"":""12288"",""median"":""16384"",""maximum"":""16384"",""median_absolute_deviation"":""0""},""paired_difference"":{""count"":""3"",""minimum"":""0"",""median"":""0"",""maximum"":""8192"",""median_absolute_deviation"":""0""},""lower"":0,""equal"":2,""higher"":1}}"
1,final,cgroup.sum_leaf_lifetime_memory_peak_bytes,bytes,"[{""pair"":0,""first_arm"":""lsf"",""native_group"":1,""lsf_group"":0,""native"":""0"",""lsf"":""0"",""lsf_minus_native"":""0"",""percent_of_native"":null},{""pair"":1,""first_arm"":""native"",""native_group"":4,""lsf_group"":5,""native"":""0"",""lsf"":""0"",""lsf_minus_native"":""0"",""percent_of_native"":null},{""pair"":2,""first_arm"":""native"",""native_group"":2,""lsf_group"":3,""native"":""0"",""lsf"":""0"",""lsf_minus_native"":""0"",""percent_of_native"":null},{""pair"":3,""first_arm"":""native"",""native_group"":0,""lsf_group"":1,""native"":""0"",""lsf"":""0"",""lsf_minus_native"":""0"",""percent_of_native"":null},{""pair"":4,""first_arm"":""lsf"",""native_group"":5,""lsf_group"":4,""native"":""0"",""lsf"":""0"",""lsf_minus_native"":""0"",""percent_of_native"":null},{""pair"":5,""first_arm"":""lsf"",""native_group"":3,""lsf_group"":2,""native"":""0"",""lsf"":""0"",""lsf_minus_native"":""0"",""percent_of_native"":null},{""pair"":6,""first_arm"":""lsf"",""native_group"":1,""lsf_group"":0,""native"":""0"",""lsf"":""0"",""lsf_minus_native"":""0"",""percent_of_native"":null}]",7,7,0,"{""count"":""7"",""minimum"":""0"",""median"":""0"",""maximum"":""0"",""median_absolute_deviation"":""0""}","{""count"":""7"",""minimum"":""0"",""median"":""0"",""maximum"":""0"",""median_absolute_deviation"":""0""}","{""count"":""7"",""minimum"":""0"",""median"":""0"",""maximum"":""0"",""median_absolute_deviation"":""0""}",0,7,0,"{""lsf"":{""pair_count"":4,""available_pairs"":4,""unavailable_pairs"":0,""native"":{""count"":""4"",""minimum"":""0"",""median"":""0"",""maximum"":""0"",""median_absolute_deviation"":""0""},""lsf"":{""count"":""4"",""minimum"":""0"",""median"":""0"",""maximum"":""0"",""median_absolute_deviation"":""0""},""paired_difference"":{""count"":""4"",""minimum"":""0"",""median"":""0"",""maximum"":""0"",""median_absolute_deviation"":""0""},""lower"":0,""equal"":4,""higher"":0},""native"":{""pair_count"":3,""available_pairs"":3,""unavailable_pairs"":0,""native"":{""count"":""3"",""minimum"":""0"",""median"":""0"",""maximum"":""0"",""median_absolute_deviation"":""0""},""lsf"":{""count"":""3"",""minimum"":""0"",""median"":""0"",""maximum"":""0"",""median_absolute_deviation"":""0""},""paired_difference"":{""count"":""3"",""minimum"":""0"",""median"":""0"",""maximum"":""0"",""median_absolute_deviation"":""0""},""lower"":0,""equal"":3,""higher"":0}}"
1,final,cgroup.memory_swap_current_bytes,bytes,"[{""pair"":0,""first_arm"":""lsf"",""native_group"":1,""lsf_group"":0,""native"":""0"",""lsf"":""0"",""lsf_minus_native"":""0"",""percent_of_native"":null},{""pair"":1,""first_arm"":""native"",""native_group"":4,""lsf_group"":5,""native"":""0"",""lsf"":""0"",""lsf_minus_native"":""0"",""percent_of_native"":null},{""pair"":2,""first_arm"":""native"",""native_group"":2,""lsf_group"":3,""native"":""0"",""lsf"":""0"",""lsf_minus_native"":""0"",""percent_of_native"":null},{""pair"":3,""first_arm"":""native"",""native_group"":0,""lsf_group"":1,""native"":""0"",""lsf"":""0"",""lsf_minus_native"":""0"",""percent_of_native"":null},{""pair"":4,""first_arm"":""lsf"",""native_group"":5,""lsf_group"":4,""native"":""0"",""lsf"":""0"",""lsf_minus_native"":""0"",""percent_of_native"":null},{""pair"":5,""first_arm"":""lsf"",""native_group"":3,""lsf_group"":2,""native"":""0"",""lsf"":""0"",""lsf_minus_native"":""0"",""percent_of_native"":null},{""pair"":6,""first_arm"":""lsf"",""native_group"":1,""lsf_group"":0,""native"":""0"",""lsf"":""0"",""lsf_minus_native"":""0"",""percent_of_native"":null}]",7,7,0,"{""count"":""7"",""minimum"":""0"",""median"":""0"",""maximum"":""0"",""median_absolute_deviation"":""0""}","{""count"":""7"",""minimum"":""0"",""median"":""0"",""maximum"":""0"",""median_absolute_deviation"":""0""}","{""count"":""7"",""minimum"":""0"",""median"":""0"",""maximum"":""0"",""median_absolute_deviation"":""0""}",0,7,0,"{""lsf"":{""pair_count"":4,""available_pairs"":4,""unavailable_pairs"":0,""native"":{""count"":""4"",""minimum"":""0"",""median"":""0"",""maximum"":""0"",""median_absolute_deviation"":""0""},""lsf"":{""count"":""4"",""minimum"":""0"",""median"":""0"",""maximum"":""0"",""median_absolute_deviation"":""0""},""paired_difference"":{""count"":""4"",""minimum"":""0"",""median"":""0"",""maximum"":""0"",""median_absolute_deviation"":""0""},""lower"":0,""equal"":4,""higher"":0},""native"":{""pair_count"":3,""available_pairs"":3,""unavailable_pairs"":0,""native"":{""count"":""3"",""minimum"":""0"",""median"":""0"",""maximum"":""0"",""median_absolute_deviation"":""0""},""lsf"":{""count"":""3"",""minimum"":""0"",""median"":""0"",""maximum"":""0"",""median_absolute_deviation"":""0""},""paired_difference"":{""count"":""3"",""minimum"":""0"",""median"":""0"",""maximum"":""0"",""median_absolute_deviation"":""0""},""lower"":0,""equal"":3,""higher"":0}}"
1,final,cgroup.pids_current,count,"[{""pair"":0,""first_arm"":""lsf"",""native_group"":1,""lsf_group"":0,""native"":""0"",""lsf"":""0"",""lsf_minus_native"":""0"",""percent_of_native"":null},{""pair"":1,""first_arm"":""native"",""native_group"":4,""lsf_group"":5,""native"":""0"",""lsf"":""0"",""lsf_minus_native"":""0"",""percent_of_native"":null},{""pair"":2,""first_arm"":""native"",""native_group"":2,""lsf_group"":3,""native"":""0"",""lsf"":""0"",""lsf_minus_native"":""0"",""percent_of_native"":null},{""pair"":3,""first_arm"":""native"",""native_group"":0,""lsf_group"":1,""native"":""0"",""lsf"":""0"",""lsf_minus_native"":""0"",""percent_of_native"":null},{""pair"":4,""first_arm"":""lsf"",""native_group"":5,""lsf_group"":4,""native"":""0"",""lsf"":""0"",""lsf_minus_native"":""0"",""percent_of_native"":null},{""pair"":5,""first_arm"":""lsf"",""native_group"":3,""lsf_group"":2,""native"":""0"",""lsf"":""0"",""lsf_minus_native"":""0"",""percent_of_native"":null},{""pair"":6,""first_arm"":""lsf"",""native_group"":1,""lsf_group"":0,""native"":""0"",""lsf"":""0"",""lsf_minus_native"":""0"",""percent_of_native"":null}]",7,7,0,"{""count"":""7"",""minimum"":""0"",""median"":""0"",""maximum"":""0"",""median_absolute_deviation"":""0""}","{""count"":""7"",""minimum"":""0"",""median"":""0"",""maximum"":""0"",""median_absolute_deviation"":""0""}","{""count"":""7"",""minimum"":""0"",""median"":""0"",""maximum"":""0"",""median_absolute_deviation"":""0""}",0,7,0,"{""lsf"":{""pair_count"":4,""available_pairs"":4,""unavailable_pairs"":0,""native"":{""count"":""4"",""minimum"":""0"",""median"":""0"",""maximum"":""0"",""median_absolute_deviation"":""0""},""lsf"":{""count"":""4"",""minimum"":""0"",""median"":""0"",""maximum"":""0"",""median_absolute_deviation"":""0""},""paired_difference"":{""count"":""4"",""minimum"":""0"",""median"":""0"",""maximum"":""0"",""median_absolute_deviation"":""0""},""lower"":0,""equal"":4,""higher"":0},""native"":{""pair_count"":3,""available_pairs"":3,""unavailable_pairs"":0,""native"":{""count"":""3"",""minimum"":""0"",""median"":""0"",""maximum"":""0"",""median_absolute_deviation"":""0""},""lsf"":{""count"":""3"",""minimum"":""0"",""median"":""0"",""maximum"":""0"",""median_absolute_deviation"":""0""},""paired_difference"":{""count"":""3"",""minimum"":""0"",""median"":""0"",""maximum"":""0"",""median_absolute_deviation"":""0""},""lower"":0,""equal"":3,""higher"":0}}"
1,final,cgroup.cpu.usage_usec,us,"[{""pair"":0,""first_arm"":""lsf"",""native_group"":1,""lsf_group"":0,""native"":""11087"",""lsf"":""10352"",""lsf_minus_native"":""-735"",""percent_of_native"":""-6.629386""},{""pair"":1,""first_arm"":""native"",""native_group"":4,""lsf_group"":5,""native"":""11456"",""lsf"":""12612"",""lsf_minus_native"":""1156"",""percent_of_native"":""10.090782""},{""pair"":2,""first_arm"":""native"",""native_group"":2,""lsf_group"":3,""native"":""11574"",""lsf"":""10092"",""lsf_minus_native"":""-1482"",""percent_of_native"":""-12.804562""},{""pair"":3,""first_arm"":""native"",""native_group"":0,""lsf_group"":1,""native"":""8829"",""lsf"":""11425"",""lsf_minus_native"":""2596"",""percent_of_native"":""29.403103""},{""pair"":4,""first_arm"":""lsf"",""native_group"":5,""lsf_group"":4,""native"":""9351"",""lsf"":""11885"",""lsf_minus_native"":""2534"",""percent_of_native"":""27.098706""},{""pair"":5,""first_arm"":""lsf"",""native_group"":3,""lsf_group"":2,""native"":""11548"",""lsf"":""12098"",""lsf_minus_native"":""550"",""percent_of_native"":""4.762729""},{""pair"":6,""first_arm"":""lsf"",""native_group"":1,""lsf_group"":0,""native"":""7335"",""lsf"":""13934"",""lsf_minus_native"":""6599"",""percent_of_native"":""89.965917""}]",7,7,0,"{""count"":""7"",""minimum"":""7335"",""median"":""11087"",""maximum"":""11574"",""median_absolute_deviation"":""487""}","{""count"":""7"",""minimum"":""10092"",""median"":""11885"",""maximum"":""13934"",""median_absolute_deviation"":""727""}","{""count"":""7"",""minimum"":""-1482"",""median"":""1156"",""maximum"":""6599"",""median_absolute_deviation"":""1440""}",2,0,5,"{""lsf"":{""pair_count"":4,""available_pairs"":4,""unavailable_pairs"":0,""native"":{""count"":""4"",""minimum"":""7335"",""median"":""10219"",""maximum"":""11548"",""median_absolute_deviation"":""1098.5""},""lsf"":{""count"":""4"",""minimum"":""10352"",""median"":""11991.5"",""maximum"":""13934"",""median_absolute_deviation"":""873""},""paired_difference"":{""count"":""4"",""minimum"":""-735"",""median"":""1542"",""maximum"":""6599"",""median_absolute_deviation"":""1634.5""},""lower"":1,""equal"":0,""higher"":3},""native"":{""pair_count"":3,""available_pairs"":3,""unavailable_pairs"":0,""native"":{""count"":""3"",""minimum"":""8829"",""median"":""11456"",""maximum"":""11574"",""median_absolute_deviation"":""118""},""lsf"":{""count"":""3"",""minimum"":""10092"",""median"":""11425"",""maximum"":""12612"",""median_absolute_deviation"":""1187""},""paired_difference"":{""count"":""3"",""minimum"":""-1482"",""median"":""1156"",""maximum"":""2596"",""median_absolute_deviation"":""1440""},""lower"":1,""equal"":0,""higher"":2}}"
1,final,cgroup.cpu.user_usec,us,"[{""pair"":0,""first_arm"":""lsf"",""native_group"":1,""lsf_group"":0,""native"":""411"",""lsf"":""1193"",""lsf_minus_native"":""782"",""percent_of_native"":""190.26764""},{""pair"":1,""first_arm"":""native"",""native_group"":4,""lsf_group"":5,""native"":""3773"",""lsf"":""0"",""lsf_minus_native"":""-3773"",""percent_of_native"":""-100""},{""pair"":2,""first_arm"":""native"",""native_group"":2,""lsf_group"":3,""native"":""156"",""lsf"":""1038"",""lsf_minus_native"":""882"",""percent_of_native"":""565.384615""},{""pair"":3,""first_arm"":""native"",""native_group"":0,""lsf_group"":1,""native"":""209"",""lsf"":""0"",""lsf_minus_native"":""-209"",""percent_of_native"":""-100""},{""pair"":4,""first_arm"":""lsf"",""native_group"":5,""lsf_group"":4,""native"":""424"",""lsf"":""3821"",""lsf_minus_native"":""3397"",""percent_of_native"":""801.179245""},{""pair"":5,""first_arm"":""lsf"",""native_group"":3,""lsf_group"":2,""native"":""731"",""lsf"":""1208"",""lsf_minus_native"":""477"",""percent_of_native"":""65.253078""},{""pair"":6,""first_arm"":""lsf"",""native_group"":1,""lsf_group"":0,""native"":""0"",""lsf"":""4860"",""lsf_minus_native"":""4860"",""percent_of_native"":null}]",7,7,0,"{""count"":""7"",""minimum"":""0"",""median"":""411"",""maximum"":""3773"",""median_absolute_deviation"":""255""}","{""count"":""7"",""minimum"":""0"",""median"":""1193"",""maximum"":""4860"",""median_absolute_deviation"":""1193""}","{""count"":""7"",""minimum"":""-3773"",""median"":""782"",""maximum"":""4860"",""median_absolute_deviation"":""991""}",2,0,5,"{""lsf"":{""pair_count"":4,""available_pairs"":4,""unavailable_pairs"":0,""native"":{""count"":""4"",""minimum"":""0"",""median"":""417.5"",""maximum"":""731"",""median_absolute_deviation"":""160""},""lsf"":{""count"":""4"",""minimum"":""1193"",""median"":""2514.5"",""maximum"":""4860"",""median_absolute_deviation"":""1314""},""paired_difference"":{""count"":""4"",""minimum"":""477"",""median"":""2089.5"",""maximum"":""4860"",""median_absolute_deviation"":""1460""},""lower"":0,""equal"":0,""higher"":4},""native"":{""pair_count"":3,""available_pairs"":3,""unavailable_pairs"":0,""native"":{""count"":""3"",""minimum"":""156"",""median"":""209"",""maximum"":""3773"",""median_absolute_deviation"":""53""},""lsf"":{""count"":""3"",""minimum"":""0"",""median"":""0"",""maximum"":""1038"",""median_absolute_deviation"":""0""},""paired_difference"":{""count"":""3"",""minimum"":""-3773"",""median"":""-209"",""maximum"":""882"",""median_absolute_deviation"":""1091""},""lower"":2,""equal"":0,""higher"":1}}"
1,final,cgroup.cpu.system_usec,us,"[{""pair"":0,""first_arm"":""lsf"",""native_group"":1,""lsf_group"":0,""native"":""10676"",""lsf"":""9158"",""lsf_minus_native"":""-1518"",""percent_of_native"":""-14.218809""},{""pair"":1,""first_arm"":""native"",""native_group"":4,""lsf_group"":5,""native"":""7682"",""lsf"":""12612"",""lsf_minus_native"":""4930"",""percent_of_native"":""64.175996""},{""pair"":2,""first_arm"":""native"",""native_group"":2,""lsf_group"":3,""native"":""11418"",""lsf"":""9054"",""lsf_minus_native"":""-2364"",""percent_of_native"":""-20.704151""},{""pair"":3,""first_arm"":""native"",""native_group"":0,""lsf_group"":1,""native"":""8619"",""lsf"":""11425"",""lsf_minus_native"":""2806"",""percent_of_native"":""32.555981""},{""pair"":4,""first_arm"":""lsf"",""native_group"":5,""lsf_group"":4,""native"":""8926"",""lsf"":""8063"",""lsf_minus_native"":""-863"",""percent_of_native"":""-9.668384""},{""pair"":5,""first_arm"":""lsf"",""native_group"":3,""lsf_group"":2,""native"":""10816"",""lsf"":""10890"",""lsf_minus_native"":""74"",""percent_of_native"":""0.684172""},{""pair"":6,""first_arm"":""lsf"",""native_group"":1,""lsf_group"":0,""native"":""7334"",""lsf"":""9074"",""lsf_minus_native"":""1740"",""percent_of_native"":""23.725116""}]",7,7,0,"{""count"":""7"",""minimum"":""7334"",""median"":""8926"",""maximum"":""11418"",""median_absolute_deviation"":""1592""}","{""count"":""7"",""minimum"":""8063"",""median"":""9158"",""maximum"":""12612"",""median_absolute_deviation"":""1095""}","{""count"":""7"",""minimum"":""-2364"",""median"":""74"",""maximum"":""4930"",""median_absolute_deviation"":""1666""}",3,0,4,"{""lsf"":{""pair_count"":4,""available_pairs"":4,""unavailable_pairs"":0,""native"":{""count"":""4"",""minimum"":""7334"",""median"":""9801"",""maximum"":""10816"",""median_absolute_deviation"":""945""},""lsf"":{""count"":""4"",""minimum"":""8063"",""median"":""9116"",""maximum"":""10890"",""median_absolute_deviation"":""547.5""},""paired_difference"":{""count"":""4"",""minimum"":""-1518"",""median"":""-394.5"",""maximum"":""1740"",""median_absolute_deviation"":""796""},""lower"":2,""equal"":0,""higher"":2},""native"":{""pair_count"":3,""available_pairs"":3,""unavailable_pairs"":0,""native"":{""count"":""3"",""minimum"":""7682"",""median"":""8619"",""maximum"":""11418"",""median_absolute_deviation"":""937""},""lsf"":{""count"":""3"",""minimum"":""9054"",""median"":""11425"",""maximum"":""12612"",""median_absolute_deviation"":""1187""},""paired_difference"":{""count"":""3"",""minimum"":""-2364"",""median"":""2806"",""maximum"":""4930"",""median_absolute_deviation"":""2124""},""lower"":1,""equal"":0,""higher"":2}}"
1,final,cgroup.cpu.nr_periods,count,"[{""pair"":0,""first_arm"":""lsf"",""native_group"":1,""lsf_group"":0,""native"":""2"",""lsf"":""5"",""lsf_minus_native"":""3"",""percent_of_native"":""150""},{""pair"":1,""first_arm"":""native"",""native_group"":4,""lsf_group"":5,""native"":""2"",""lsf"":""5"",""lsf_minus_native"":""3"",""percent_of_native"":""150""},{""pair"":2,""first_arm"":""native"",""native_group"":2,""lsf_group"":3,""native"":""2"",""lsf"":""4"",""lsf_minus_native"":""2"",""percent_of_native"":""100""},{""pair"":3,""first_arm"":""native"",""native_group"":0,""lsf_group"":1,""native"":""2"",""lsf"":""6"",""lsf_minus_native"":""4"",""percent_of_native"":""200""},{""pair"":4,""first_arm"":""lsf"",""native_group"":5,""lsf_group"":4,""native"":""2"",""lsf"":""5"",""lsf_minus_native"":""3"",""percent_of_native"":""150""},{""pair"":5,""first_arm"":""lsf"",""native_group"":3,""lsf_group"":2,""native"":""2"",""lsf"":""5"",""lsf_minus_native"":""3"",""percent_of_native"":""150""},{""pair"":6,""first_arm"":""lsf"",""native_group"":1,""lsf_group"":0,""native"":""2"",""lsf"":""5"",""lsf_minus_native"":""3"",""percent_of_native"":""150""}]",7,7,0,"{""count"":""7"",""minimum"":""2"",""median"":""2"",""maximum"":""2"",""median_absolute_deviation"":""0""}","{""count"":""7"",""minimum"":""4"",""median"":""5"",""maximum"":""6"",""median_absolute_deviation"":""0""}","{""count"":""7"",""minimum"":""2"",""median"":""3"",""maximum"":""4"",""median_absolute_deviation"":""0""}",0,0,7,"{""lsf"":{""pair_count"":4,""available_pairs"":4,""unavailable_pairs"":0,""native"":{""count"":""4"",""minimum"":""2"",""median"":""2"",""maximum"":""2"",""median_absolute_deviation"":""0""},""lsf"":{""count"":""4"",""minimum"":""5"",""median"":""5"",""maximum"":""5"",""median_absolute_deviation"":""0""},""paired_difference"":{""count"":""4"",""minimum"":""3"",""median"":""3"",""maximum"":""3"",""median_absolute_deviation"":""0""},""lower"":0,""equal"":0,""higher"":4},""native"":{""pair_count"":3,""available_pairs"":3,""unavailable_pairs"":0,""native"":{""count"":""3"",""minimum"":""2"",""median"":""2"",""maximum"":""2"",""median_absolute_deviation"":""0""},""lsf"":{""count"":""3"",""minimum"":""4"",""median"":""5"",""maximum"":""6"",""median_absolute_deviation"":""1""},""paired_difference"":{""count"":""3"",""minimum"":""2"",""median"":""3"",""maximum"":""4"",""median_absolute_deviation"":""1""},""lower"":0,""equal"":0,""higher"":3}}"
1,final,cgroup.cpu.nr_throttled,count,"[{""pair"":0,""first_arm"":""lsf"",""native_group"":1,""lsf_group"":0,""native"":""0"",""lsf"":""0"",""lsf_minus_native"":""0"",""percent_of_native"":null},{""pair"":1,""first_arm"":""native"",""native_group"":4,""lsf_group"":5,""native"":""0"",""lsf"":""0"",""lsf_minus_native"":""0"",""percent_of_native"":null},{""pair"":2,""first_arm"":""native"",""native_group"":2,""lsf_group"":3,""native"":""0"",""lsf"":""0"",""lsf_minus_native"":""0"",""percent_of_native"":null},{""pair"":3,""first_arm"":""native"",""native_group"":0,""lsf_group"":1,""native"":""0"",""lsf"":""0"",""lsf_minus_native"":""0"",""percent_of_native"":null},{""pair"":4,""first_arm"":""lsf"",""native_group"":5,""lsf_group"":4,""native"":""0"",""lsf"":""0"",""lsf_minus_native"":""0"",""percent_of_native"":null},{""pair"":5,""first_arm"":""lsf"",""native_group"":3,""lsf_group"":2,""native"":""0"",""lsf"":""0"",""lsf_minus_native"":""0"",""percent_of_native"":null},{""pair"":6,""first_arm"":""lsf"",""native_group"":1,""lsf_group"":0,""native"":""0"",""lsf"":""0"",""lsf_minus_native"":""0"",""percent_of_native"":null}]",7,7,0,"{""count"":""7"",""minimum"":""0"",""median"":""0"",""maximum"":""0"",""median_absolute_deviation"":""0""}","{""count"":""7"",""minimum"":""0"",""median"":""0"",""maximum"":""0"",""median_absolute_deviation"":""0""}","{""count"":""7"",""minimum"":""0"",""median"":""0"",""maximum"":""0"",""median_absolute_deviation"":""0""}",0,7,0,"{""lsf"":{""pair_count"":4,""available_pairs"":4,""unavailable_pairs"":0,""native"":{""count"":""4"",""minimum"":""0"",""median"":""0"",""maximum"":""0"",""median_absolute_deviation"":""0""},""lsf"":{""count"":""4"",""minimum"":""0"",""median"":""0"",""maximum"":""0"",""median_absolute_deviation"":""0""},""paired_difference"":{""count"":""4"",""minimum"":""0"",""median"":""0"",""maximum"":""0"",""median_absolute_deviation"":""0""},""lower"":0,""equal"":4,""higher"":0},""native"":{""pair_count"":3,""available_pairs"":3,""unavailable_pairs"":0,""native"":{""count"":""3"",""minimum"":""0"",""median"":""0"",""maximum"":""0"",""median_absolute_deviation"":""0""},""lsf"":{""count"":""3"",""minimum"":""0"",""median"":""0"",""maximum"":""0"",""median_absolute_deviation"":""0""},""paired_difference"":{""count"":""3"",""minimum"":""0"",""median"":""0"",""maximum"":""0"",""median_absolute_deviation"":""0""},""lower"":0,""equal"":3,""higher"":0}}"
1,final,cgroup.cpu.throttled_usec,us,"[{""pair"":0,""first_arm"":""lsf"",""native_group"":1,""lsf_group"":0,""native"":""0"",""lsf"":""0"",""lsf_minus_native"":""0"",""percent_of_native"":null},{""pair"":1,""first_arm"":""native"",""native_group"":4,""lsf_group"":5,""native"":""0"",""lsf"":""0"",""lsf_minus_native"":""0"",""percent_of_native"":null},{""pair"":2,""first_arm"":""native"",""native_group"":2,""lsf_group"":3,""native"":""0"",""lsf"":""0"",""lsf_minus_native"":""0"",""percent_of_native"":null},{""pair"":3,""first_arm"":""native"",""native_group"":0,""lsf_group"":1,""native"":""0"",""lsf"":""0"",""lsf_minus_native"":""0"",""percent_of_native"":null},{""pair"":4,""first_arm"":""lsf"",""native_group"":5,""lsf_group"":4,""native"":""0"",""lsf"":""0"",""lsf_minus_native"":""0"",""percent_of_native"":null},{""pair"":5,""first_arm"":""lsf"",""native_group"":3,""lsf_group"":2,""native"":""0"",""lsf"":""0"",""lsf_minus_native"":""0"",""percent_of_native"":null},{""pair"":6,""first_arm"":""lsf"",""native_group"":1,""lsf_group"":0,""native"":""0"",""lsf"":""0"",""lsf_minus_native"":""0"",""percent_of_native"":null}]",7,7,0,"{""count"":""7"",""minimum"":""0"",""median"":""0"",""maximum"":""0"",""median_absolute_deviation"":""0""}","{""count"":""7"",""minimum"":""0"",""median"":""0"",""maximum"":""0"",""median_absolute_deviation"":""0""}","{""count"":""7"",""minimum"":""0"",""median"":""0"",""maximum"":""0"",""median_absolute_deviation"":""0""}",0,7,0,"{""lsf"":{""pair_count"":4,""available_pairs"":4,""unavailable_pairs"":0,""native"":{""count"":""4"",""minimum"":""0"",""median"":""0"",""maximum"":""0"",""median_absolute_deviation"":""0""},""lsf"":{""count"":""4"",""minimum"":""0"",""median"":""0"",""maximum"":""0"",""median_absolute_deviation"":""0""},""paired_difference"":{""count"":""4"",""minimum"":""0"",""median"":""0"",""maximum"":""0"",""median_absolute_deviation"":""0""},""lower"":0,""equal"":4,""higher"":0},""native"":{""pair_count"":3,""available_pairs"":3,""unavailable_pairs"":0,""native"":{""count"":""3"",""minimum"":""0"",""median"":""0"",""maximum"":""0"",""median_absolute_deviation"":""0""},""lsf"":{""count"":""3"",""minimum"":""0"",""median"":""0"",""maximum"":""0"",""median_absolute_deviation"":""0""},""paired_difference"":{""count"":""3"",""minimum"":""0"",""median"":""0"",""maximum"":""0"",""median_absolute_deviation"":""0""},""lower"":0,""equal"":3,""higher"":0}}"
1,ready,child.rss_bytes,bytes,"[{""pair"":0,""first_arm"":""lsf"",""native_group"":1,""lsf_group"":0,""native"":""0"",""lsf"":""0"",""lsf_minus_native"":""0"",""percent_of_native"":null},{""pair"":1,""first_arm"":""native"",""native_group"":4,""lsf_group"":5,""native"":""0"",""lsf"":""0"",""lsf_minus_native"":""0"",""percent_of_native"":null},{""pair"":2,""first_arm"":""native"",""native_group"":2,""lsf_group"":3,""native"":""0"",""lsf"":""0"",""lsf_minus_native"":""0"",""percent_of_native"":null},{""pair"":3,""first_arm"":""native"",""native_group"":0,""lsf_group"":1,""native"":""0"",""lsf"":""0"",""lsf_minus_native"":""0"",""percent_of_native"":null},{""pair"":4,""first_arm"":""lsf"",""native_group"":5,""lsf_group"":4,""native"":""0"",""lsf"":""0"",""lsf_minus_native"":""0"",""percent_of_native"":null},{""pair"":5,""first_arm"":""lsf"",""native_group"":3,""lsf_group"":2,""native"":""0"",""lsf"":""0"",""lsf_minus_native"":""0"",""percent_of_native"":null},{""pair"":6,""first_arm"":""lsf"",""native_group"":1,""lsf_group"":0,""native"":""0"",""lsf"":""0"",""lsf_minus_native"":""0"",""percent_of_native"":null}]",7,7,0,"{""count"":""7"",""minimum"":""0"",""median"":""0"",""maximum"":""0"",""median_absolute_deviation"":""0""}","{""count"":""7"",""minimum"":""0"",""median"":""0"",""maximum"":""0"",""median_absolute_deviation"":""0""}","{""count"":""7"",""minimum"":""0"",""median"":""0"",""maximum"":""0"",""median_absolute_deviation"":""0""}",0,7,0,"{""lsf"":{""pair_count"":4,""available_pairs"":4,""unavailable_pairs"":0,""native"":{""count"":""4"",""minimum"":""0"",""median"":""0"",""maximum"":""0"",""median_absolute_deviation"":""0""},""lsf"":{""count"":""4"",""minimum"":""0"",""median"":""0"",""maximum"":""0"",""median_absolute_deviation"":""0""},""paired_difference"":{""count"":""4"",""minimum"":""0"",""median"":""0"",""maximum"":""0"",""median_absolute_deviation"":""0""},""lower"":0,""equal"":4,""higher"":0},""native"":{""pair_count"":3,""available_pairs"":3,""unavailable_pairs"":0,""native"":{""count"":""3"",""minimum"":""0"",""median"":""0"",""maximum"":""0"",""median_absolute_deviation"":""0""},""lsf"":{""count"":""3"",""minimum"":""0"",""median"":""0"",""maximum"":""0"",""median_absolute_deviation"":""0""},""paired_difference"":{""count"":""3"",""minimum"":""0"",""median"":""0"",""maximum"":""0"",""median_absolute_deviation"":""0""},""lower"":0,""equal"":3,""higher"":0}}"
1,ready,child.threads,count,"[{""pair"":0,""first_arm"":""lsf"",""native_group"":1,""lsf_group"":0,""native"":""0"",""lsf"":""0"",""lsf_minus_native"":""0"",""percent_of_native"":null},{""pair"":1,""first_arm"":""native"",""native_group"":4,""lsf_group"":5,""native"":""0"",""lsf"":""0"",""lsf_minus_native"":""0"",""percent_of_native"":null},{""pair"":2,""first_arm"":""native"",""native_group"":2,""lsf_group"":3,""native"":""0"",""lsf"":""0"",""lsf_minus_native"":""0"",""percent_of_native"":null},{""pair"":3,""first_arm"":""native"",""native_group"":0,""lsf_group"":1,""native"":""0"",""lsf"":""0"",""lsf_minus_native"":""0"",""percent_of_native"":null},{""pair"":4,""first_arm"":""lsf"",""native_group"":5,""lsf_group"":4,""native"":""0"",""lsf"":""0"",""lsf_minus_native"":""0"",""percent_of_native"":null},{""pair"":5,""first_arm"":""lsf"",""native_group"":3,""lsf_group"":2,""native"":""0"",""lsf"":""0"",""lsf_minus_native"":""0"",""percent_of_native"":null},{""pair"":6,""first_arm"":""lsf"",""native_group"":1,""lsf_group"":0,""native"":""0"",""lsf"":""0"",""lsf_minus_native"":""0"",""percent_of_native"":null}]",7,7,0,"{""count"":""7"",""minimum"":""0"",""median"":""0"",""maximum"":""0"",""median_absolute_deviation"":""0""}","{""count"":""7"",""minimum"":""0"",""median"":""0"",""maximum"":""0"",""median_absolute_deviation"":""0""}","{""count"":""7"",""minimum"":""0"",""median"":""0"",""maximum"":""0"",""median_absolute_deviation"":""0""}",0,7,0,"{""lsf"":{""pair_count"":4,""available_pairs"":4,""unavailable_pairs"":0,""native"":{""count"":""4"",""minimum"":""0"",""median"":""0"",""maximum"":""0"",""median_absolute_deviation"":""0""},""lsf"":{""count"":""4"",""minimum"":""0"",""median"":""0"",""maximum"":""0"",""median_absolute_deviation"":""0""},""paired_difference"":{""count"":""4"",""minimum"":""0"",""median"":""0"",""maximum"":""0"",""median_absolute_deviation"":""0""},""lower"":0,""equal"":4,""higher"":0},""native"":{""pair_count"":3,""available_pairs"":3,""unavailable_pairs"":0,""native"":{""count"":""3"",""minimum"":""0"",""median"":""0"",""maximum"":""0"",""median_absolute_deviation"":""0""},""lsf"":{""count"":""3"",""minimum"":""0"",""median"":""0"",""maximum"":""0"",""median_absolute_deviation"":""0""},""paired_difference"":{""count"":""3"",""minimum"":""0"",""median"":""0"",""maximum"":""0"",""median_absolute_deviation"":""0""},""lower"":0,""equal"":3,""higher"":0}}"
1,ready,child.fd_count,count,"[{""pair"":0,""first_arm"":""lsf"",""native_group"":1,""lsf_group"":0,""native"":""0"",""lsf"":""0"",""lsf_minus_native"":""0"",""percent_of_native"":null},{""pair"":1,""first_arm"":""native"",""native_group"":4,""lsf_group"":5,""native"":""0"",""lsf"":""0"",""lsf_minus_native"":""0"",""percent_of_native"":null},{""pair"":2,""first_arm"":""native"",""native_group"":2,""lsf_group"":3,""native"":""0"",""lsf"":""0"",""lsf_minus_native"":""0"",""percent_of_native"":null},{""pair"":3,""first_arm"":""native"",""native_group"":0,""lsf_group"":1,""native"":""0"",""lsf"":""0"",""lsf_minus_native"":""0"",""percent_of_native"":null},{""pair"":4,""first_arm"":""lsf"",""native_group"":5,""lsf_group"":4,""native"":""0"",""lsf"":""0"",""lsf_minus_native"":""0"",""percent_of_native"":null},{""pair"":5,""first_arm"":""lsf"",""native_group"":3,""lsf_group"":2,""native"":""0"",""lsf"":""0"",""lsf_minus_native"":""0"",""percent_of_native"":null},{""pair"":6,""first_arm"":""lsf"",""native_group"":1,""lsf_group"":0,""native"":""0"",""lsf"":""0"",""lsf_minus_native"":""0"",""percent_of_native"":null}]",7,7,0,"{""count"":""7"",""minimum"":""0"",""median"":""0"",""maximum"":""0"",""median_absolute_deviation"":""0""}","{""count"":""7"",""minimum"":""0"",""median"":""0"",""maximum"":""0"",""median_absolute_deviation"":""0""}","{""count"":""7"",""minimum"":""0"",""median"":""0"",""maximum"":""0"",""median_absolute_deviation"":""0""}",0,7,0,"{""lsf"":{""pair_count"":4,""available_pairs"":4,""unavailable_pairs"":0,""native"":{""count"":""4"",""minimum"":""0"",""median"":""0"",""maximum"":""0"",""median_absolute_deviation"":""0""},""lsf"":{""count"":""4"",""minimum"":""0"",""median"":""0"",""maximum"":""0"",""median_absolute_deviation"":""0""},""paired_difference"":{""count"":""4"",""minimum"":""0"",""median"":""0"",""maximum"":""0"",""median_absolute_deviation"":""0""},""lower"":0,""equal"":4,""higher"":0},""native"":{""pair_count"":3,""available_pairs"":3,""unavailable_pairs"":0,""native"":{""count"":""3"",""minimum"":""0"",""median"":""0"",""maximum"":""0"",""median_absolute_deviation"":""0""},""lsf"":{""count"":""3"",""minimum"":""0"",""median"":""0"",""maximum"":""0"",""median_absolute_deviation"":""0""},""paired_difference"":{""count"":""3"",""minimum"":""0"",""median"":""0"",""maximum"":""0"",""median_absolute_deviation"":""0""},""lower"":0,""equal"":3,""higher"":0}}"
1,ready,child.listener_count,count,"[{""pair"":0,""first_arm"":""lsf"",""native_group"":1,""lsf_group"":0,""native"":""0"",""lsf"":""0"",""lsf_minus_native"":""0"",""percent_of_native"":null},{""pair"":1,""first_arm"":""native"",""native_group"":4,""lsf_group"":5,""native"":""0"",""lsf"":""0"",""lsf_minus_native"":""0"",""percent_of_native"":null},{""pair"":2,""first_arm"":""native"",""native_group"":2,""lsf_group"":3,""native"":""0"",""lsf"":""0"",""lsf_minus_native"":""0"",""percent_of_native"":null},{""pair"":3,""first_arm"":""native"",""native_group"":0,""lsf_group"":1,""native"":""0"",""lsf"":""0"",""lsf_minus_native"":""0"",""percent_of_native"":null},{""pair"":4,""first_arm"":""lsf"",""native_group"":5,""lsf_group"":4,""native"":""0"",""lsf"":""0"",""lsf_minus_native"":""0"",""percent_of_native"":null},{""pair"":5,""first_arm"":""lsf"",""native_group"":3,""lsf_group"":2,""native"":""0"",""lsf"":""0"",""lsf_minus_native"":""0"",""percent_of_native"":null},{""pair"":6,""first_arm"":""lsf"",""native_group"":1,""lsf_group"":0,""native"":""0"",""lsf"":""0"",""lsf_minus_native"":""0"",""percent_of_native"":null}]",7,7,0,"{""count"":""7"",""minimum"":""0"",""median"":""0"",""maximum"":""0"",""median_absolute_deviation"":""0""}","{""count"":""7"",""minimum"":""0"",""median"":""0"",""maximum"":""0"",""median_absolute_deviation"":""0""}","{""count"":""7"",""minimum"":""0"",""median"":""0"",""maximum"":""0"",""median_absolute_deviation"":""0""}",0,7,0,"{""lsf"":{""pair_count"":4,""available_pairs"":4,""unavailable_pairs"":0,""native"":{""count"":""4"",""minimum"":""0"",""median"":""0"",""maximum"":""0"",""median_absolute_deviation"":""0""},""lsf"":{""count"":""4"",""minimum"":""0"",""median"":""0"",""maximum"":""0"",""median_absolute_deviation"":""0""},""paired_difference"":{""count"":""4"",""minimum"":""0"",""median"":""0"",""maximum"":""0"",""median_absolute_deviation"":""0""},""lower"":0,""equal"":4,""higher"":0},""native"":{""pair_count"":3,""available_pairs"":3,""unavailable_pairs"":0,""native"":{""count"":""3"",""minimum"":""0"",""median"":""0"",""maximum"":""0"",""median_absolute_deviation"":""0""},""lsf"":{""count"":""3"",""minimum"":""0"",""median"":""0"",""maximum"":""0"",""median_absolute_deviation"":""0""},""paired_difference"":{""count"":""3"",""minimum"":""0"",""median"":""0"",""maximum"":""0"",""median_absolute_deviation"":""0""},""lower"":0,""equal"":3,""higher"":0}}"
1,ready,wrapper.rss_bytes,bytes,"[{""pair"":0,""first_arm"":""lsf"",""native_group"":1,""lsf_group"":0,""native"":""131072"",""lsf"":""131072"",""lsf_minus_native"":""0"",""percent_of_native"":""0""},{""pair"":1,""first_arm"":""native"",""native_group"":4,""lsf_group"":5,""native"":""131072"",""lsf"":""131072"",""lsf_minus_native"":""0"",""percent_of_native"":""0""},{""pair"":2,""first_arm"":""native"",""native_group"":2,""lsf_group"":3,""native"":""131072"",""lsf"":""131072"",""lsf_minus_native"":""0"",""percent_of_native"":""0""},{""pair"":3,""first_arm"":""native"",""native_group"":0,""lsf_group"":1,""native"":""131072"",""lsf"":""131072"",""lsf_minus_native"":""0"",""percent_of_native"":""0""},{""pair"":4,""first_arm"":""lsf"",""native_group"":5,""lsf_group"":4,""native"":""131072"",""lsf"":""131072"",""lsf_minus_native"":""0"",""percent_of_native"":""0""},{""pair"":5,""first_arm"":""lsf"",""native_group"":3,""lsf_group"":2,""native"":""131072"",""lsf"":""131072"",""lsf_minus_native"":""0"",""percent_of_native"":""0""},{""pair"":6,""first_arm"":""lsf"",""native_group"":1,""lsf_group"":0,""native"":""131072"",""lsf"":""131072"",""lsf_minus_native"":""0"",""percent_of_native"":""0""}]",7,7,0,"{""count"":""7"",""minimum"":""131072"",""median"":""131072"",""maximum"":""131072"",""median_absolute_deviation"":""0""}","{""count"":""7"",""minimum"":""131072"",""median"":""131072"",""maximum"":""131072"",""median_absolute_deviation"":""0""}","{""count"":""7"",""minimum"":""0"",""median"":""0"",""maximum"":""0"",""median_absolute_deviation"":""0""}",0,7,0,"{""lsf"":{""pair_count"":4,""available_pairs"":4,""unavailable_pairs"":0,""native"":{""count"":""4"",""minimum"":""131072"",""median"":""131072"",""maximum"":""131072"",""median_absolute_deviation"":""0""},""lsf"":{""count"":""4"",""minimum"":""131072"",""median"":""131072"",""maximum"":""131072"",""median_absolute_deviation"":""0""},""paired_difference"":{""count"":""4"",""minimum"":""0"",""median"":""0"",""maximum"":""0"",""median_absolute_deviation"":""0""},""lower"":0,""equal"":4,""higher"":0},""native"":{""pair_count"":3,""available_pairs"":3,""unavailable_pairs"":0,""native"":{""count"":""3"",""minimum"":""131072"",""median"":""131072"",""maximum"":""131072"",""median_absolute_deviation"":""0""},""lsf"":{""count"":""3"",""minimum"":""131072"",""median"":""131072"",""maximum"":""131072"",""median_absolute_deviation"":""0""},""paired_difference"":{""count"":""3"",""minimum"":""0"",""median"":""0"",""maximum"":""0"",""median_absolute_deviation"":""0""},""lower"":0,""equal"":3,""higher"":0}}"
1,ready,wrapper.threads,count,"[{""pair"":0,""first_arm"":""lsf"",""native_group"":1,""lsf_group"":0,""native"":""0"",""lsf"":""0"",""lsf_minus_native"":""0"",""percent_of_native"":null},{""pair"":1,""first_arm"":""native"",""native_group"":4,""lsf_group"":5,""native"":""0"",""lsf"":""0"",""lsf_minus_native"":""0"",""percent_of_native"":null},{""pair"":2,""first_arm"":""native"",""native_group"":2,""lsf_group"":3,""native"":""0"",""lsf"":""0"",""lsf_minus_native"":""0"",""percent_of_native"":null},{""pair"":3,""first_arm"":""native"",""native_group"":0,""lsf_group"":1,""native"":""0"",""lsf"":""0"",""lsf_minus_native"":""0"",""percent_of_native"":null},{""pair"":4,""first_arm"":""lsf"",""native_group"":5,""lsf_group"":4,""native"":""0"",""lsf"":""0"",""lsf_minus_native"":""0"",""percent_of_native"":null},{""pair"":5,""first_arm"":""lsf"",""native_group"":3,""lsf_group"":2,""native"":""0"",""lsf"":""0"",""lsf_minus_native"":""0"",""percent_of_native"":null},{""pair"":6,""first_arm"":""lsf"",""native_group"":1,""lsf_group"":0,""native"":""0"",""lsf"":""0"",""lsf_minus_native"":""0"",""percent_of_native"":null}]",7,7,0,"{""count"":""7"",""minimum"":""0"",""median"":""0"",""maximum"":""0"",""median_absolute_deviation"":""0""}","{""count"":""7"",""minimum"":""0"",""median"":""0"",""maximum"":""0"",""median_absolute_deviation"":""0""}","{""count"":""7"",""minimum"":""0"",""median"":""0"",""maximum"":""0"",""median_absolute_deviation"":""0""}",0,7,0,"{""lsf"":{""pair_count"":4,""available_pairs"":4,""unavailable_pairs"":0,""native"":{""count"":""4"",""minimum"":""0"",""median"":""0"",""maximum"":""0"",""median_absolute_deviation"":""0""},""lsf"":{""count"":""4"",""minimum"":""0"",""median"":""0"",""maximum"":""0"",""median_absolute_deviation"":""0""},""paired_difference"":{""count"":""4"",""minimum"":""0"",""median"":""0"",""maximum"":""0"",""median_absolute_deviation"":""0""},""lower"":0,""equal"":4,""higher"":0},""native"":{""pair_count"":3,""available_pairs"":3,""unavailable_pairs"":0,""native"":{""count"":""3"",""minimum"":""0"",""median"":""0"",""maximum"":""0"",""median_absolute_deviation"":""0""},""lsf"":{""count"":""3"",""minimum"":""0"",""median"":""0"",""maximum"":""0"",""median_absolute_deviation"":""0""},""paired_difference"":{""count"":""3"",""minimum"":""0"",""median"":""0"",""maximum"":""0"",""median_absolute_deviation"":""0""},""lower"":0,""equal"":3,""higher"":0}}"
1,ready,wrapper.fd_count,count,"[{""pair"":0,""first_arm"":""lsf"",""native_group"":1,""lsf_group"":0,""native"":""0"",""lsf"":""0"",""lsf_minus_native"":""0"",""percent_of_native"":null},{""pair"":1,""first_arm"":""native"",""native_group"":4,""lsf_group"":5,""native"":""0"",""lsf"":""0"",""lsf_minus_native"":""0"",""percent_of_native"":null},{""pair"":2,""first_arm"":""native"",""native_group"":2,""lsf_group"":3,""native"":""0"",""lsf"":""0"",""lsf_minus_native"":""0"",""percent_of_native"":null},{""pair"":3,""first_arm"":""native"",""native_group"":0,""lsf_group"":1,""native"":""0"",""lsf"":""0"",""lsf_minus_native"":""0"",""percent_of_native"":null},{""pair"":4,""first_arm"":""lsf"",""native_group"":5,""lsf_group"":4,""native"":""0"",""lsf"":""0"",""lsf_minus_native"":""0"",""percent_of_native"":null},{""pair"":5,""first_arm"":""lsf"",""native_group"":3,""lsf_group"":2,""native"":""0"",""lsf"":""0"",""lsf_minus_native"":""0"",""percent_of_native"":null},{""pair"":6,""first_arm"":""lsf"",""native_group"":1,""lsf_group"":0,""native"":""0"",""lsf"":""0"",""lsf_minus_native"":""0"",""percent_of_native"":null}]",7,7,0,"{""count"":""7"",""minimum"":""0"",""median"":""0"",""maximum"":""0"",""median_absolute_deviation"":""0""}","{""count"":""7"",""minimum"":""0"",""median"":""0"",""maximum"":""0"",""median_absolute_deviation"":""0""}","{""count"":""7"",""minimum"":""0"",""median"":""0"",""maximum"":""0"",""median_absolute_deviation"":""0""}",0,7,0,"{""lsf"":{""pair_count"":4,""available_pairs"":4,""unavailable_pairs"":0,""native"":{""count"":""4"",""minimum"":""0"",""median"":""0"",""maximum"":""0"",""median_absolute_deviation"":""0""},""lsf"":{""count"":""4"",""minimum"":""0"",""median"":""0"",""maximum"":""0"",""median_absolute_deviation"":""0""},""paired_difference"":{""count"":""4"",""minimum"":""0"",""median"":""0"",""maximum"":""0"",""median_absolute_deviation"":""0""},""lower"":0,""equal"":4,""higher"":0},""native"":{""pair_count"":3,""available_pairs"":3,""unavailable_pairs"":0,""native"":{""count"":""3"",""minimum"":""0"",""median"":""0"",""maximum"":""0"",""median_absolute_deviation"":""0""},""lsf"":{""count"":""3"",""minimum"":""0"",""median"":""0"",""maximum"":""0"",""median_absolute_deviation"":""0""},""paired_difference"":{""count"":""3"",""minimum"":""0"",""median"":""0"",""maximum"":""0"",""median_absolute_deviation"":""0""},""lower"":0,""equal"":3,""higher"":0}}"
1,ready,wrapper.listener_count,count,"[{""pair"":0,""first_arm"":""lsf"",""native_group"":1,""lsf_group"":0,""native"":""0"",""lsf"":""0"",""lsf_minus_native"":""0"",""percent_of_native"":null},{""pair"":1,""first_arm"":""native"",""native_group"":4,""lsf_group"":5,""native"":""0"",""lsf"":""0"",""lsf_minus_native"":""0"",""percent_of_native"":null},{""pair"":2,""first_arm"":""native"",""native_group"":2,""lsf_group"":3,""native"":""0"",""lsf"":""0"",""lsf_minus_native"":""0"",""percent_of_native"":null},{""pair"":3,""first_arm"":""native"",""native_group"":0,""lsf_group"":1,""native"":""0"",""lsf"":""0"",""lsf_minus_native"":""0"",""percent_of_native"":null},{""pair"":4,""first_arm"":""lsf"",""native_group"":5,""lsf_group"":4,""native"":""0"",""lsf"":""0"",""lsf_minus_native"":""0"",""percent_of_native"":null},{""pair"":5,""first_arm"":""lsf"",""native_group"":3,""lsf_group"":2,""native"":""0"",""lsf"":""0"",""lsf_minus_native"":""0"",""percent_of_native"":null},{""pair"":6,""first_arm"":""lsf"",""native_group"":1,""lsf_group"":0,""native"":""0"",""lsf"":""0"",""lsf_minus_native"":""0"",""percent_of_native"":null}]",7,7,0,"{""count"":""7"",""minimum"":""0"",""median"":""0"",""maximum"":""0"",""median_absolute_deviation"":""0""}","{""count"":""7"",""minimum"":""0"",""median"":""0"",""maximum"":""0"",""median_absolute_deviation"":""0""}","{""count"":""7"",""minimum"":""0"",""median"":""0"",""maximum"":""0"",""median_absolute_deviation"":""0""}",0,7,0,"{""lsf"":{""pair_count"":4,""available_pairs"":4,""unavailable_pairs"":0,""native"":{""count"":""4"",""minimum"":""0"",""median"":""0"",""maximum"":""0"",""median_absolute_deviation"":""0""},""lsf"":{""count"":""4"",""minimum"":""0"",""median"":""0"",""maximum"":""0"",""median_absolute_deviation"":""0""},""paired_difference"":{""count"":""4"",""minimum"":""0"",""median"":""0"",""maximum"":""0"",""median_absolute_deviation"":""0""},""lower"":0,""equal"":4,""higher"":0},""native"":{""pair_count"":3,""available_pairs"":3,""unavailable_pairs"":0,""native"":{""count"":""3"",""minimum"":""0"",""median"":""0"",""maximum"":""0"",""median_absolute_deviation"":""0""},""lsf"":{""count"":""3"",""minimum"":""0"",""median"":""0"",""maximum"":""0"",""median_absolute_deviation"":""0""},""paired_difference"":{""count"":""3"",""minimum"":""0"",""median"":""0"",""maximum"":""0"",""median_absolute_deviation"":""0""},""lower"":0,""equal"":3,""higher"":0}}"
1,ready,cgroup.memory_current_bytes,bytes,"[{""pair"":0,""first_arm"":""lsf"",""native_group"":1,""lsf_group"":0,""native"":""188416"",""lsf"":""192512"",""lsf_minus_native"":""4096"",""percent_of_native"":""2.173913""},{""pair"":1,""first_arm"":""native"",""native_group"":4,""lsf_group"":5,""native"":""184320"",""lsf"":""196608"",""lsf_minus_native"":""12288"",""percent_of_native"":""6.666667""},{""pair"":2,""first_arm"":""native"",""native_group"":2,""lsf_group"":3,""native"":""167936"",""lsf"":""192512"",""lsf_minus_native"":""24576"",""percent_of_native"":""14.634146""},{""pair"":3,""first_arm"":""native"",""native_group"":0,""lsf_group"":1,""native"":""184320"",""lsf"":""192512"",""lsf_minus_native"":""8192"",""percent_of_native"":""4.444444""},{""pair"":4,""first_arm"":""lsf"",""native_group"":5,""lsf_group"":4,""native"":""184320"",""lsf"":""-61440"",""lsf_minus_native"":""-245760"",""percent_of_native"":""-133.333333""},{""pair"":5,""first_arm"":""lsf"",""native_group"":3,""lsf_group"":2,""native"":""184320"",""lsf"":""454656"",""lsf_minus_native"":""270336"",""percent_of_native"":""146.666667""},{""pair"":6,""first_arm"":""lsf"",""native_group"":1,""lsf_group"":0,""native"":""184320"",""lsf"":""184320"",""lsf_minus_native"":""0"",""percent_of_native"":""0""}]",7,7,0,"{""count"":""7"",""minimum"":""167936"",""median"":""184320"",""maximum"":""188416"",""median_absolute_deviation"":""0""}","{""count"":""7"",""minimum"":""-61440"",""median"":""192512"",""maximum"":""454656"",""median_absolute_deviation"":""4096""}","{""count"":""7"",""minimum"":""-245760"",""median"":""8192"",""maximum"":""270336"",""median_absolute_deviation"":""8192""}",1,1,5,"{""lsf"":{""pair_count"":4,""available_pairs"":4,""unavailable_pairs"":0,""native"":{""count"":""4"",""minimum"":""184320"",""median"":""184320"",""maximum"":""188416"",""median_absolute_deviation"":""0""},""lsf"":{""count"":""4"",""minimum"":""-61440"",""median"":""188416"",""maximum"":""454656"",""median_absolute_deviation"":""126976""},""paired_difference"":{""count"":""4"",""minimum"":""-245760"",""median"":""2048"",""maximum"":""270336"",""median_absolute_deviation"":""124928""},""lower"":1,""equal"":1,""higher"":2},""native"":{""pair_count"":3,""available_pairs"":3,""unavailable_pairs"":0,""native"":{""count"":""3"",""minimum"":""167936"",""median"":""184320"",""maximum"":""184320"",""median_absolute_deviation"":""0""},""lsf"":{""count"":""3"",""minimum"":""192512"",""median"":""192512"",""maximum"":""196608"",""median_absolute_deviation"":""0""},""paired_difference"":{""count"":""3"",""minimum"":""8192"",""median"":""12288"",""maximum"":""24576"",""median_absolute_deviation"":""4096""},""lower"":0,""equal"":0,""higher"":3}}"
1,ready,cgroup.sum_leaf_lifetime_memory_peak_bytes,bytes,"[{""pair"":0,""first_arm"":""lsf"",""native_group"":1,""lsf_group"":0,""native"":""0"",""lsf"":""0"",""lsf_minus_native"":""0"",""percent_of_native"":null},{""pair"":1,""first_arm"":""native"",""native_group"":4,""lsf_group"":5,""native"":""0"",""lsf"":""0"",""lsf_minus_native"":""0"",""percent_of_native"":null},{""pair"":2,""first_arm"":""native"",""native_group"":2,""lsf_group"":3,""native"":""0"",""lsf"":""0"",""lsf_minus_native"":""0"",""percent_of_native"":null},{""pair"":3,""first_arm"":""native"",""native_group"":0,""lsf_group"":1,""native"":""0"",""lsf"":""0"",""lsf_minus_native"":""0"",""percent_of_native"":null},{""pair"":4,""first_arm"":""lsf"",""native_group"":5,""lsf_group"":4,""native"":""0"",""lsf"":""0"",""lsf_minus_native"":""0"",""percent_of_native"":null},{""pair"":5,""first_arm"":""lsf"",""native_group"":3,""lsf_group"":2,""native"":""0"",""lsf"":""0"",""lsf_minus_native"":""0"",""percent_of_native"":null},{""pair"":6,""first_arm"":""lsf"",""native_group"":1,""lsf_group"":0,""native"":""0"",""lsf"":""0"",""lsf_minus_native"":""0"",""percent_of_native"":null}]",7,7,0,"{""count"":""7"",""minimum"":""0"",""median"":""0"",""maximum"":""0"",""median_absolute_deviation"":""0""}","{""count"":""7"",""minimum"":""0"",""median"":""0"",""maximum"":""0"",""median_absolute_deviation"":""0""}","{""count"":""7"",""minimum"":""0"",""median"":""0"",""maximum"":""0"",""median_absolute_deviation"":""0""}",0,7,0,"{""lsf"":{""pair_count"":4,""available_pairs"":4,""unavailable_pairs"":0,""native"":{""count"":""4"",""minimum"":""0"",""median"":""0"",""maximum"":""0"",""median_absolute_deviation"":""0""},""lsf"":{""count"":""4"",""minimum"":""0"",""median"":""0"",""maximum"":""0"",""median_absolute_deviation"":""0""},""paired_difference"":{""count"":""4"",""minimum"":""0"",""median"":""0"",""maximum"":""0"",""median_absolute_deviation"":""0""},""lower"":0,""equal"":4,""higher"":0},""native"":{""pair_count"":3,""available_pairs"":3,""unavailable_pairs"":0,""native"":{""count"":""3"",""minimum"":""0"",""median"":""0"",""maximum"":""0"",""median_absolute_deviation"":""0""},""lsf"":{""count"":""3"",""minimum"":""0"",""median"":""0"",""maximum"":""0"",""median_absolute_deviation"":""0""},""paired_difference"":{""count"":""3"",""minimum"":""0"",""median"":""0"",""maximum"":""0"",""median_absolute_deviation"":""0""},""lower"":0,""equal"":3,""higher"":0}}"
1,ready,cgroup.memory_swap_current_bytes,bytes,"[{""pair"":0,""first_arm"":""lsf"",""native_group"":1,""lsf_group"":0,""native"":""0"",""lsf"":""0"",""lsf_minus_native"":""0"",""percent_of_native"":null},{""pair"":1,""first_arm"":""native"",""native_group"":4,""lsf_group"":5,""native"":""0"",""lsf"":""0"",""lsf_minus_native"":""0"",""percent_of_native"":null},{""pair"":2,""first_arm"":""native"",""native_group"":2,""lsf_group"":3,""native"":""0"",""lsf"":""0"",""lsf_minus_native"":""0"",""percent_of_native"":null},{""pair"":3,""first_arm"":""native"",""native_group"":0,""lsf_group"":1,""native"":""0"",""lsf"":""0"",""lsf_minus_native"":""0"",""percent_of_native"":null},{""pair"":4,""first_arm"":""lsf"",""native_group"":5,""lsf_group"":4,""native"":""0"",""lsf"":""0"",""lsf_minus_native"":""0"",""percent_of_native"":null},{""pair"":5,""first_arm"":""lsf"",""native_group"":3,""lsf_group"":2,""native"":""0"",""lsf"":""0"",""lsf_minus_native"":""0"",""percent_of_native"":null},{""pair"":6,""first_arm"":""lsf"",""native_group"":1,""lsf_group"":0,""native"":""0"",""lsf"":""0"",""lsf_minus_native"":""0"",""percent_of_native"":null}]",7,7,0,"{""count"":""7"",""minimum"":""0"",""median"":""0"",""maximum"":""0"",""median_absolute_deviation"":""0""}","{""count"":""7"",""minimum"":""0"",""median"":""0"",""maximum"":""0"",""median_absolute_deviation"":""0""}","{""count"":""7"",""minimum"":""0"",""median"":""0"",""maximum"":""0"",""median_absolute_deviation"":""0""}",0,7,0,"{""lsf"":{""pair_count"":4,""available_pairs"":4,""unavailable_pairs"":0,""native"":{""count"":""4"",""minimum"":""0"",""median"":""0"",""maximum"":""0"",""median_absolute_deviation"":""0""},""lsf"":{""count"":""4"",""minimum"":""0"",""median"":""0"",""maximum"":""0"",""median_absolute_deviation"":""0""},""paired_difference"":{""count"":""4"",""minimum"":""0"",""median"":""0"",""maximum"":""0"",""median_absolute_deviation"":""0""},""lower"":0,""equal"":4,""higher"":0},""native"":{""pair_count"":3,""available_pairs"":3,""unavailable_pairs"":0,""native"":{""count"":""3"",""minimum"":""0"",""median"":""0"",""maximum"":""0"",""median_absolute_deviation"":""0""},""lsf"":{""count"":""3"",""minimum"":""0"",""median"":""0"",""maximum"":""0"",""median_absolute_deviation"":""0""},""paired_difference"":{""count"":""3"",""minimum"":""0"",""median"":""0"",""maximum"":""0"",""median_absolute_deviation"":""0""},""lower"":0,""equal"":3,""higher"":0}}"
1,ready,cgroup.pids_current,count,"[{""pair"":0,""first_arm"":""lsf"",""native_group"":1,""lsf_group"":0,""native"":""0"",""lsf"":""0"",""lsf_minus_native"":""0"",""percent_of_native"":null},{""pair"":1,""first_arm"":""native"",""native_group"":4,""lsf_group"":5,""native"":""0"",""lsf"":""0"",""lsf_minus_native"":""0"",""percent_of_native"":null},{""pair"":2,""first_arm"":""native"",""native_group"":2,""lsf_group"":3,""native"":""0"",""lsf"":""0"",""lsf_minus_native"":""0"",""percent_of_native"":null},{""pair"":3,""first_arm"":""native"",""native_group"":0,""lsf_group"":1,""native"":""0"",""lsf"":""0"",""lsf_minus_native"":""0"",""percent_of_native"":null},{""pair"":4,""first_arm"":""lsf"",""native_group"":5,""lsf_group"":4,""native"":""0"",""lsf"":""0"",""lsf_minus_native"":""0"",""percent_of_native"":null},{""pair"":5,""first_arm"":""lsf"",""native_group"":3,""lsf_group"":2,""native"":""0"",""lsf"":""0"",""lsf_minus_native"":""0"",""percent_of_native"":null},{""pair"":6,""first_arm"":""lsf"",""native_group"":1,""lsf_group"":0,""native"":""0"",""lsf"":""0"",""lsf_minus_native"":""0"",""percent_of_native"":null}]",7,7,0,"{""count"":""7"",""minimum"":""0"",""median"":""0"",""maximum"":""0"",""median_absolute_deviation"":""0""}","{""count"":""7"",""minimum"":""0"",""median"":""0"",""maximum"":""0"",""median_absolute_deviation"":""0""}","{""count"":""7"",""minimum"":""0"",""median"":""0"",""maximum"":""0"",""median_absolute_deviation"":""0""}",0,7,0,"{""lsf"":{""pair_count"":4,""available_pairs"":4,""unavailable_pairs"":0,""native"":{""count"":""4"",""minimum"":""0"",""median"":""0"",""maximum"":""0"",""median_absolute_deviation"":""0""},""lsf"":{""count"":""4"",""minimum"":""0"",""median"":""0"",""maximum"":""0"",""median_absolute_deviation"":""0""},""paired_difference"":{""count"":""4"",""minimum"":""0"",""median"":""0"",""maximum"":""0"",""median_absolute_deviation"":""0""},""lower"":0,""equal"":4,""higher"":0},""native"":{""pair_count"":3,""available_pairs"":3,""unavailable_pairs"":0,""native"":{""count"":""3"",""minimum"":""0"",""median"":""0"",""maximum"":""0"",""median_absolute_deviation"":""0""},""lsf"":{""count"":""3"",""minimum"":""0"",""median"":""0"",""maximum"":""0"",""median_absolute_deviation"":""0""},""paired_difference"":{""count"":""3"",""minimum"":""0"",""median"":""0"",""maximum"":""0"",""median_absolute_deviation"":""0""},""lower"":0,""equal"":3,""higher"":0}}"
1,ready,cgroup.cpu.usage_usec,us,"[{""pair"":0,""first_arm"":""lsf"",""native_group"":1,""lsf_group"":0,""native"":""8724"",""lsf"":""13539"",""lsf_minus_native"":""4815"",""percent_of_native"":""55.192572""},{""pair"":1,""first_arm"":""native"",""native_group"":4,""lsf_group"":5,""native"":""10127"",""lsf"":""11730"",""lsf_minus_native"":""1603"",""percent_of_native"":""15.828972""},{""pair"":2,""first_arm"":""native"",""native_group"":2,""lsf_group"":3,""native"":""8317"",""lsf"":""12112"",""lsf_minus_native"":""3795"",""percent_of_native"":""45.629434""},{""pair"":3,""first_arm"":""native"",""native_group"":0,""lsf_group"":1,""native"":""9140"",""lsf"":""12522"",""lsf_minus_native"":""3382"",""percent_of_native"":""37.002188""},{""pair"":4,""first_arm"":""lsf"",""native_group"":5,""lsf_group"":4,""native"":""11022"",""lsf"":""10323"",""lsf_minus_native"":""-699"",""percent_of_native"":""-6.341862""},{""pair"":5,""first_arm"":""lsf"",""native_group"":3,""lsf_group"":2,""native"":""6800"",""lsf"":""12347"",""lsf_minus_native"":""5547"",""percent_of_native"":""81.573529""},{""pair"":6,""first_arm"":""lsf"",""native_group"":1,""lsf_group"":0,""native"":""8996"",""lsf"":""10003"",""lsf_minus_native"":""1007"",""percent_of_native"":""11.193864""}]",7,7,0,"{""count"":""7"",""minimum"":""6800"",""median"":""8996"",""maximum"":""11022"",""median_absolute_deviation"":""679""}","{""count"":""7"",""minimum"":""10003"",""median"":""12112"",""maximum"":""13539"",""median_absolute_deviation"":""410""}","{""count"":""7"",""minimum"":""-699"",""median"":""3382"",""maximum"":""5547"",""median_absolute_deviation"":""1779""}",1,0,6,"{""lsf"":{""pair_count"":4,""available_pairs"":4,""unavailable_pairs"":0,""native"":{""count"":""4"",""minimum"":""6800"",""median"":""8860"",""maximum"":""11022"",""median_absolute_deviation"":""1098""},""lsf"":{""count"":""4"",""minimum"":""10003"",""median"":""11335"",""maximum"":""13539"",""median_absolute_deviation"":""1172""},""paired_difference"":{""count"":""4"",""minimum"":""-699"",""median"":""2911"",""maximum"":""5547"",""median_absolute_deviation"":""2270""},""lower"":1,""equal"":0,""higher"":3},""native"":{""pair_count"":3,""available_pairs"":3,""unavailable_pairs"":0,""native"":{""count"":""3"",""minimum"":""8317"",""median"":""9140"",""maximum"":""10127"",""median_absolute_deviation"":""823""},""lsf"":{""count"":""3"",""minimum"":""11730"",""median"":""12112"",""maximum"":""12522"",""median_absolute_deviation"":""382""},""paired_difference"":{""count"":""3"",""minimum"":""1603"",""median"":""3382"",""maximum"":""3795"",""median_absolute_deviation"":""413""},""lower"":0,""equal"":0,""higher"":3}}"
1,ready,cgroup.cpu.user_usec,us,"[{""pair"":0,""first_arm"":""lsf"",""native_group"":1,""lsf_group"":0,""native"":""0"",""lsf"":""320"",""lsf_minus_native"":""320"",""percent_of_native"":null},{""pair"":1,""first_arm"":""native"",""native_group"":4,""lsf_group"":5,""native"":""952"",""lsf"":""2790"",""lsf_minus_native"":""1838"",""percent_of_native"":""193.067227""},{""pair"":2,""first_arm"":""native"",""native_group"":2,""lsf_group"":3,""native"":""0"",""lsf"":""554"",""lsf_minus_native"":""554"",""percent_of_native"":null},{""pair"":3,""first_arm"":""native"",""native_group"":0,""lsf_group"":1,""native"":""0"",""lsf"":""1018"",""lsf_minus_native"":""1018"",""percent_of_native"":null},{""pair"":4,""first_arm"":""lsf"",""native_group"":5,""lsf_group"":4,""native"":""0"",""lsf"":""1194"",""lsf_minus_native"":""1194"",""percent_of_native"":null},{""pair"":5,""first_arm"":""lsf"",""native_group"":3,""lsf_group"":2,""native"":""0"",""lsf"":""901"",""lsf_minus_native"":""901"",""percent_of_native"":null},{""pair"":6,""first_arm"":""lsf"",""native_group"":1,""lsf_group"":0,""native"":""0"",""lsf"":""2606"",""lsf_minus_native"":""2606"",""percent_of_native"":null}]",7,7,0,"{""count"":""7"",""minimum"":""0"",""median"":""0"",""maximum"":""952"",""median_absolute_deviation"":""0""}","{""count"":""7"",""minimum"":""320"",""median"":""1018"",""maximum"":""2790"",""median_absolute_deviation"":""464""}","{""count"":""7"",""minimum"":""320"",""median"":""1018"",""maximum"":""2606"",""median_absolute_deviation"":""464""}",0,0,7,"{""lsf"":{""pair_count"":4,""available_pairs"":4,""unavailable_pairs"":0,""native"":{""count"":""4"",""minimum"":""0"",""median"":""0"",""maximum"":""0"",""median_absolute_deviation"":""0""},""lsf"":{""count"":""4"",""minimum"":""320"",""median"":""1047.5"",""maximum"":""2606"",""median_absolute_deviation"":""437""},""paired_difference"":{""count"":""4"",""minimum"":""320"",""median"":""1047.5"",""maximum"":""2606"",""median_absolute_deviation"":""437""},""lower"":0,""equal"":0,""higher"":4},""native"":{""pair_count"":3,""available_pairs"":3,""unavailable_pairs"":0,""native"":{""count"":""3"",""minimum"":""0"",""median"":""0"",""maximum"":""952"",""median_absolute_deviation"":""0""},""lsf"":{""count"":""3"",""minimum"":""554"",""median"":""1018"",""maximum"":""2790"",""median_absolute_deviation"":""464""},""paired_difference"":{""count"":""3"",""minimum"":""554"",""median"":""1018"",""maximum"":""1838"",""median_absolute_deviation"":""464""},""lower"":0,""equal"":0,""higher"":3}}"
1,ready,cgroup.cpu.system_usec,us,"[{""pair"":0,""first_arm"":""lsf"",""native_group"":1,""lsf_group"":0,""native"":""8724"",""lsf"":""13219"",""lsf_minus_native"":""4495"",""percent_of_native"":""51.52453""},{""pair"":1,""first_arm"":""native"",""native_group"":4,""lsf_group"":5,""native"":""9174"",""lsf"":""8940"",""lsf_minus_native"":""-234"",""percent_of_native"":""-2.550687""},{""pair"":2,""first_arm"":""native"",""native_group"":2,""lsf_group"":3,""native"":""8317"",""lsf"":""11558"",""lsf_minus_native"":""3241"",""percent_of_native"":""38.968378""},{""pair"":3,""first_arm"":""native"",""native_group"":0,""lsf_group"":1,""native"":""9140"",""lsf"":""11504"",""lsf_minus_native"":""2364"",""percent_of_native"":""25.864333""},{""pair"":4,""first_arm"":""lsf"",""native_group"":5,""lsf_group"":4,""native"":""11022"",""lsf"":""9128"",""lsf_minus_native"":""-1894"",""percent_of_native"":""-17.183814""},{""pair"":5,""first_arm"":""lsf"",""native_group"":3,""lsf_group"":2,""native"":""6801"",""lsf"":""11445"",""lsf_minus_native"":""4644"",""percent_of_native"":""68.284076""},{""pair"":6,""first_arm"":""lsf"",""native_group"":1,""lsf_group"":0,""native"":""8996"",""lsf"":""7397"",""lsf_minus_native"":""-1599"",""percent_of_native"":""-17.774566""}]",7,7,0,"{""count"":""7"",""minimum"":""6801"",""median"":""8996"",""maximum"":""11022"",""median_absolute_deviation"":""272""}","{""count"":""7"",""minimum"":""7397"",""median"":""11445"",""maximum"":""13219"",""median_absolute_deviation"":""1774""}","{""count"":""7"",""minimum"":""-1894"",""median"":""2364"",""maximum"":""4644"",""median_absolute_deviation"":""2280""}",3,0,4,"{""lsf"":{""pair_count"":4,""available_pairs"":4,""unavailable_pairs"":0,""native"":{""count"":""4"",""minimum"":""6801"",""median"":""8860"",""maximum"":""11022"",""median_absolute_deviation"":""1097.5""},""lsf"":{""count"":""4"",""minimum"":""7397"",""median"":""10286.5"",""maximum"":""13219"",""median_absolute_deviation"":""2024""},""paired_difference"":{""count"":""4"",""minimum"":""-1894"",""median"":""1448"",""maximum"":""4644"",""median_absolute_deviation"":""3121.5""},""lower"":2,""equal"":0,""higher"":2},""native"":{""pair_count"":3,""available_pairs"":3,""unavailable_pairs"":0,""native"":{""count"":""3"",""minimum"":""8317"",""median"":""9140"",""maximum"":""9174"",""median_absolute_deviation"":""34""},""lsf"":{""count"":""3"",""minimum"":""8940"",""median"":""11504"",""maximum"":""11558"",""median_absolute_deviation"":""54""},""paired_difference"":{""count"":""3"",""minimum"":""-234"",""median"":""2364"",""maximum"":""3241"",""median_absolute_deviation"":""877""},""lower"":1,""equal"":0,""higher"":2}}"
1,ready,cgroup.cpu.nr_periods,count,"[{""pair"":0,""first_arm"":""lsf"",""native_group"":1,""lsf_group"":0,""native"":""2"",""lsf"":""6"",""lsf_minus_native"":""4"",""percent_of_native"":""200""},{""pair"":1,""first_arm"":""native"",""native_group"":4,""lsf_group"":5,""native"":""2"",""lsf"":""4"",""lsf_minus_native"":""2"",""percent_of_native"":""100""},{""pair"":2,""first_arm"":""native"",""native_group"":2,""lsf_group"":3,""native"":""2"",""lsf"":""5"",""lsf_minus_native"":""3"",""percent_of_native"":""150""},{""pair"":3,""first_arm"":""native"",""native_group"":0,""lsf_group"":1,""native"":""2"",""lsf"":""5"",""lsf_minus_native"":""3"",""percent_of_native"":""150""},{""pair"":4,""first_arm"":""lsf"",""native_group"":5,""lsf_group"":4,""native"":""2"",""lsf"":""5"",""lsf_minus_native"":""3"",""percent_of_native"":""150""},{""pair"":5,""first_arm"":""lsf"",""native_group"":3,""lsf_group"":2,""native"":""2"",""lsf"":""2"",""lsf_minus_native"":""0"",""percent_of_native"":""0""},{""pair"":6,""first_arm"":""lsf"",""native_group"":1,""lsf_group"":0,""native"":""2"",""lsf"":""5"",""lsf_minus_native"":""3"",""percent_of_native"":""150""}]",7,7,0,"{""count"":""7"",""minimum"":""2"",""median"":""2"",""maximum"":""2"",""median_absolute_deviation"":""0""}","{""count"":""7"",""minimum"":""2"",""median"":""5"",""maximum"":""6"",""median_absolute_deviation"":""0""}","{""count"":""7"",""minimum"":""0"",""median"":""3"",""maximum"":""4"",""median_absolute_deviation"":""0""}",0,1,6,"{""lsf"":{""pair_count"":4,""available_pairs"":4,""unavailable_pairs"":0,""native"":{""count"":""4"",""minimum"":""2"",""median"":""2"",""maximum"":""2"",""median_absolute_deviation"":""0""},""lsf"":{""count"":""4"",""minimum"":""2"",""median"":""5"",""maximum"":""6"",""median_absolute_deviation"":""0.5""},""paired_difference"":{""count"":""4"",""minimum"":""0"",""median"":""3"",""maximum"":""4"",""median_absolute_deviation"":""0.5""},""lower"":0,""equal"":1,""higher"":3},""native"":{""pair_count"":3,""available_pairs"":3,""unavailable_pairs"":0,""native"":{""count"":""3"",""minimum"":""2"",""median"":""2"",""maximum"":""2"",""median_absolute_deviation"":""0""},""lsf"":{""count"":""3"",""minimum"":""4"",""median"":""5"",""maximum"":""5"",""median_absolute_deviation"":""0""},""paired_difference"":{""count"":""3"",""minimum"":""2"",""median"":""3"",""maximum"":""3"",""median_absolute_deviation"":""0""},""lower"":0,""equal"":0,""higher"":3}}"
1,ready,cgroup.cpu.nr_throttled,count,"[{""pair"":0,""first_arm"":""lsf"",""native_group"":1,""lsf_group"":0,""native"":""0"",""lsf"":""0"",""lsf_minus_native"":""0"",""percent_of_native"":null},{""pair"":1,""first_arm"":""native"",""native_group"":4,""lsf_group"":5,""native"":""0"",""lsf"":""0"",""lsf_minus_native"":""0"",""percent_of_native"":null},{""pair"":2,""first_arm"":""native"",""native_group"":2,""lsf_group"":3,""native"":""0"",""lsf"":""0"",""lsf_minus_native"":""0"",""percent_of_native"":null},{""pair"":3,""first_arm"":""native"",""native_group"":0,""lsf_group"":1,""native"":""0"",""lsf"":""0"",""lsf_minus_native"":""0"",""percent_of_native"":null},{""pair"":4,""first_arm"":""lsf"",""native_group"":5,""lsf_group"":4,""native"":""0"",""lsf"":""0"",""lsf_minus_native"":""0"",""percent_of_native"":null},{""pair"":5,""first_arm"":""lsf"",""native_group"":3,""lsf_group"":2,""native"":""0"",""lsf"":""0"",""lsf_minus_native"":""0"",""percent_of_native"":null},{""pair"":6,""first_arm"":""lsf"",""native_group"":1,""lsf_group"":0,""native"":""0"",""lsf"":""0"",""lsf_minus_native"":""0"",""percent_of_native"":null}]",7,7,0,"{""count"":""7"",""minimum"":""0"",""median"":""0"",""maximum"":""0"",""median_absolute_deviation"":""0""}","{""count"":""7"",""minimum"":""0"",""median"":""0"",""maximum"":""0"",""median_absolute_deviation"":""0""}","{""count"":""7"",""minimum"":""0"",""median"":""0"",""maximum"":""0"",""median_absolute_deviation"":""0""}",0,7,0,"{""lsf"":{""pair_count"":4,""available_pairs"":4,""unavailable_pairs"":0,""native"":{""count"":""4"",""minimum"":""0"",""median"":""0"",""maximum"":""0"",""median_absolute_deviation"":""0""},""lsf"":{""count"":""4"",""minimum"":""0"",""median"":""0"",""maximum"":""0"",""median_absolute_deviation"":""0""},""paired_difference"":{""count"":""4"",""minimum"":""0"",""median"":""0"",""maximum"":""0"",""median_absolute_deviation"":""0""},""lower"":0,""equal"":4,""higher"":0},""native"":{""pair_count"":3,""available_pairs"":3,""unavailable_pairs"":0,""native"":{""count"":""3"",""minimum"":""0"",""median"":""0"",""maximum"":""0"",""median_absolute_deviation"":""0""},""lsf"":{""count"":""3"",""minimum"":""0"",""median"":""0"",""maximum"":""0"",""median_absolute_deviation"":""0""},""paired_difference"":{""count"":""3"",""minimum"":""0"",""median"":""0"",""maximum"":""0"",""median_absolute_deviation"":""0""},""lower"":0,""equal"":3,""higher"":0}}"
1,ready,cgroup.cpu.throttled_usec,us,"[{""pair"":0,""first_arm"":""lsf"",""native_group"":1,""lsf_group"":0,""native"":""0"",""lsf"":""0"",""lsf_minus_native"":""0"",""percent_of_native"":null},{""pair"":1,""first_arm"":""native"",""native_group"":4,""lsf_group"":5,""native"":""0"",""lsf"":""0"",""lsf_minus_native"":""0"",""percent_of_native"":null},{""pair"":2,""first_arm"":""native"",""native_group"":2,""lsf_group"":3,""native"":""0"",""lsf"":""0"",""lsf_minus_native"":""0"",""percent_of_native"":null},{""pair"":3,""first_arm"":""native"",""native_group"":0,""lsf_group"":1,""native"":""0"",""lsf"":""0"",""lsf_minus_native"":""0"",""percent_of_native"":null},{""pair"":4,""first_arm"":""lsf"",""native_group"":5,""lsf_group"":4,""native"":""0"",""lsf"":""0"",""lsf_minus_native"":""0"",""percent_of_native"":null},{""pair"":5,""first_arm"":""lsf"",""native_group"":3,""lsf_group"":2,""native"":""0"",""lsf"":""0"",""lsf_minus_native"":""0"",""percent_of_native"":null},{""pair"":6,""first_arm"":""lsf"",""native_group"":1,""lsf_group"":0,""native"":""0"",""lsf"":""0"",""lsf_minus_native"":""0"",""percent_of_native"":null}]",7,7,0,"{""count"":""7"",""minimum"":""0"",""median"":""0"",""maximum"":""0"",""median_absolute_deviation"":""0""}","{""count"":""7"",""minimum"":""0"",""median"":""0"",""maximum"":""0"",""median_absolute_deviation"":""0""}","{""count"":""7"",""minimum"":""0"",""median"":""0"",""maximum"":""0"",""median_absolute_deviation"":""0""}",0,7,0,"{""lsf"":{""pair_count"":4,""available_pairs"":4,""unavailable_pairs"":0,""native"":{""count"":""4"",""minimum"":""0"",""median"":""0"",""maximum"":""0"",""median_absolute_deviation"":""0""},""lsf"":{""count"":""4"",""minimum"":""0"",""median"":""0"",""maximum"":""0"",""median_absolute_deviation"":""0""},""paired_difference"":{""count"":""4"",""minimum"":""0"",""median"":""0"",""maximum"":""0"",""median_absolute_deviation"":""0""},""lower"":0,""equal"":4,""higher"":0},""native"":{""pair_count"":3,""available_pairs"":3,""unavailable_pairs"":0,""native"":{""count"":""3"",""minimum"":""0"",""median"":""0"",""maximum"":""0"",""median_absolute_deviation"":""0""},""lsf"":{""count"":""3"",""minimum"":""0"",""median"":""0"",""maximum"":""0"",""median_absolute_deviation"":""0""},""paired_difference"":{""count"":""3"",""minimum"":""0"",""median"":""0"",""maximum"":""0"",""median_absolute_deviation"":""0""},""lower"":0,""equal"":3,""higher"":0}}"
1,served,child.rss_bytes,bytes,"[{""pair"":0,""first_arm"":""lsf"",""native_group"":1,""lsf_group"":0,""native"":""0"",""lsf"":""0"",""lsf_minus_native"":""0"",""percent_of_native"":null},{""pair"":1,""first_arm"":""native"",""native_group"":4,""lsf_group"":5,""native"":""0"",""lsf"":""0"",""lsf_minus_native"":""0"",""percent_of_native"":null},{""pair"":2,""first_arm"":""native"",""native_group"":2,""lsf_group"":3,""native"":""0"",""lsf"":""0"",""lsf_minus_native"":""0"",""percent_of_native"":null},{""pair"":3,""first_arm"":""native"",""native_group"":0,""lsf_group"":1,""native"":""0"",""lsf"":""0"",""lsf_minus_native"":""0"",""percent_of_native"":null},{""pair"":4,""first_arm"":""lsf"",""native_group"":5,""lsf_group"":4,""native"":""0"",""lsf"":""0"",""lsf_minus_native"":""0"",""percent_of_native"":null},{""pair"":5,""first_arm"":""lsf"",""native_group"":3,""lsf_group"":2,""native"":""0"",""lsf"":""0"",""lsf_minus_native"":""0"",""percent_of_native"":null},{""pair"":6,""first_arm"":""lsf"",""native_group"":1,""lsf_group"":0,""native"":""0"",""lsf"":""0"",""lsf_minus_native"":""0"",""percent_of_native"":null}]",7,7,0,"{""count"":""7"",""minimum"":""0"",""median"":""0"",""maximum"":""0"",""median_absolute_deviation"":""0""}","{""count"":""7"",""minimum"":""0"",""median"":""0"",""maximum"":""0"",""median_absolute_deviation"":""0""}","{""count"":""7"",""minimum"":""0"",""median"":""0"",""maximum"":""0"",""median_absolute_deviation"":""0""}",0,7,0,"{""lsf"":{""pair_count"":4,""available_pairs"":4,""unavailable_pairs"":0,""native"":{""count"":""4"",""minimum"":""0"",""median"":""0"",""maximum"":""0"",""median_absolute_deviation"":""0""},""lsf"":{""count"":""4"",""minimum"":""0"",""median"":""0"",""maximum"":""0"",""median_absolute_deviation"":""0""},""paired_difference"":{""count"":""4"",""minimum"":""0"",""median"":""0"",""maximum"":""0"",""median_absolute_deviation"":""0""},""lower"":0,""equal"":4,""higher"":0},""native"":{""pair_count"":3,""available_pairs"":3,""unavailable_pairs"":0,""native"":{""count"":""3"",""minimum"":""0"",""median"":""0"",""maximum"":""0"",""median_absolute_deviation"":""0""},""lsf"":{""count"":""3"",""minimum"":""0"",""median"":""0"",""maximum"":""0"",""median_absolute_deviation"":""0""},""paired_difference"":{""count"":""3"",""minimum"":""0"",""median"":""0"",""maximum"":""0"",""median_absolute_deviation"":""0""},""lower"":0,""equal"":3,""higher"":0}}"
1,served,child.threads,count,"[{""pair"":0,""first_arm"":""lsf"",""native_group"":1,""lsf_group"":0,""native"":""0"",""lsf"":""0"",""lsf_minus_native"":""0"",""percent_of_native"":null},{""pair"":1,""first_arm"":""native"",""native_group"":4,""lsf_group"":5,""native"":""0"",""lsf"":""0"",""lsf_minus_native"":""0"",""percent_of_native"":null},{""pair"":2,""first_arm"":""native"",""native_group"":2,""lsf_group"":3,""native"":""0"",""lsf"":""0"",""lsf_minus_native"":""0"",""percent_of_native"":null},{""pair"":3,""first_arm"":""native"",""native_group"":0,""lsf_group"":1,""native"":""0"",""lsf"":""0"",""lsf_minus_native"":""0"",""percent_of_native"":null},{""pair"":4,""first_arm"":""lsf"",""native_group"":5,""lsf_group"":4,""native"":""0"",""lsf"":""0"",""lsf_minus_native"":""0"",""percent_of_native"":null},{""pair"":5,""first_arm"":""lsf"",""native_group"":3,""lsf_group"":2,""native"":""0"",""lsf"":""0"",""lsf_minus_native"":""0"",""percent_of_native"":null},{""pair"":6,""first_arm"":""lsf"",""native_group"":1,""lsf_group"":0,""native"":""0"",""lsf"":""0"",""lsf_minus_native"":""0"",""percent_of_native"":null}]",7,7,0,"{""count"":""7"",""minimum"":""0"",""median"":""0"",""maximum"":""0"",""median_absolute_deviation"":""0""}","{""count"":""7"",""minimum"":""0"",""median"":""0"",""maximum"":""0"",""median_absolute_deviation"":""0""}","{""count"":""7"",""minimum"":""0"",""median"":""0"",""maximum"":""0"",""median_absolute_deviation"":""0""}",0,7,0,"{""lsf"":{""pair_count"":4,""available_pairs"":4,""unavailable_pairs"":0,""native"":{""count"":""4"",""minimum"":""0"",""median"":""0"",""maximum"":""0"",""median_absolute_deviation"":""0""},""lsf"":{""count"":""4"",""minimum"":""0"",""median"":""0"",""maximum"":""0"",""median_absolute_deviation"":""0""},""paired_difference"":{""count"":""4"",""minimum"":""0"",""median"":""0"",""maximum"":""0"",""median_absolute_deviation"":""0""},""lower"":0,""equal"":4,""higher"":0},""native"":{""pair_count"":3,""available_pairs"":3,""unavailable_pairs"":0,""native"":{""count"":""3"",""minimum"":""0"",""median"":""0"",""maximum"":""0"",""median_absolute_deviation"":""0""},""lsf"":{""count"":""3"",""minimum"":""0"",""median"":""0"",""maximum"":""0"",""median_absolute_deviation"":""0""},""paired_difference"":{""count"":""3"",""minimum"":""0"",""median"":""0"",""maximum"":""0"",""median_absolute_deviation"":""0""},""lower"":0,""equal"":3,""higher"":0}}"
1,served,child.fd_count,count,"[{""pair"":0,""first_arm"":""lsf"",""native_group"":1,""lsf_group"":0,""native"":""0"",""lsf"":""0"",""lsf_minus_native"":""0"",""percent_of_native"":null},{""pair"":1,""first_arm"":""native"",""native_group"":4,""lsf_group"":5,""native"":""0"",""lsf"":""0"",""lsf_minus_native"":""0"",""percent_of_native"":null},{""pair"":2,""first_arm"":""native"",""native_group"":2,""lsf_group"":3,""native"":""0"",""lsf"":""0"",""lsf_minus_native"":""0"",""percent_of_native"":null},{""pair"":3,""first_arm"":""native"",""native_group"":0,""lsf_group"":1,""native"":""0"",""lsf"":""0"",""lsf_minus_native"":""0"",""percent_of_native"":null},{""pair"":4,""first_arm"":""lsf"",""native_group"":5,""lsf_group"":4,""native"":""0"",""lsf"":""0"",""lsf_minus_native"":""0"",""percent_of_native"":null},{""pair"":5,""first_arm"":""lsf"",""native_group"":3,""lsf_group"":2,""native"":""0"",""lsf"":""0"",""lsf_minus_native"":""0"",""percent_of_native"":null},{""pair"":6,""first_arm"":""lsf"",""native_group"":1,""lsf_group"":0,""native"":""0"",""lsf"":""0"",""lsf_minus_native"":""0"",""percent_of_native"":null}]",7,7,0,"{""count"":""7"",""minimum"":""0"",""median"":""0"",""maximum"":""0"",""median_absolute_deviation"":""0""}","{""count"":""7"",""minimum"":""0"",""median"":""0"",""maximum"":""0"",""median_absolute_deviation"":""0""}","{""count"":""7"",""minimum"":""0"",""median"":""0"",""maximum"":""0"",""median_absolute_deviation"":""0""}",0,7,0,"{""lsf"":{""pair_count"":4,""available_pairs"":4,""unavailable_pairs"":0,""native"":{""count"":""4"",""minimum"":""0"",""median"":""0"",""maximum"":""0"",""median_absolute_deviation"":""0""},""lsf"":{""count"":""4"",""minimum"":""0"",""median"":""0"",""maximum"":""0"",""median_absolute_deviation"":""0""},""paired_difference"":{""count"":""4"",""minimum"":""0"",""median"":""0"",""maximum"":""0"",""median_absolute_deviation"":""0""},""lower"":0,""equal"":4,""higher"":0},""native"":{""pair_count"":3,""available_pairs"":3,""unavailable_pairs"":0,""native"":{""count"":""3"",""minimum"":""0"",""median"":""0"",""maximum"":""0"",""median_absolute_deviation"":""0""},""lsf"":{""count"":""3"",""minimum"":""0"",""median"":""0"",""maximum"":""0"",""median_absolute_deviation"":""0""},""paired_difference"":{""count"":""3"",""minimum"":""0"",""median"":""0"",""maximum"":""0"",""median_absolute_deviation"":""0""},""lower"":0,""equal"":3,""higher"":0}}"
1,served,child.listener_count,count,"[{""pair"":0,""first_arm"":""lsf"",""native_group"":1,""lsf_group"":0,""native"":""0"",""lsf"":""0"",""lsf_minus_native"":""0"",""percent_of_native"":null},{""pair"":1,""first_arm"":""native"",""native_group"":4,""lsf_group"":5,""native"":""0"",""lsf"":""0"",""lsf_minus_native"":""0"",""percent_of_native"":null},{""pair"":2,""first_arm"":""native"",""native_group"":2,""lsf_group"":3,""native"":""0"",""lsf"":""0"",""lsf_minus_native"":""0"",""percent_of_native"":null},{""pair"":3,""first_arm"":""native"",""native_group"":0,""lsf_group"":1,""native"":""0"",""lsf"":""0"",""lsf_minus_native"":""0"",""percent_of_native"":null},{""pair"":4,""first_arm"":""lsf"",""native_group"":5,""lsf_group"":4,""native"":""0"",""lsf"":""0"",""lsf_minus_native"":""0"",""percent_of_native"":null},{""pair"":5,""first_arm"":""lsf"",""native_group"":3,""lsf_group"":2,""native"":""0"",""lsf"":""0"",""lsf_minus_native"":""0"",""percent_of_native"":null},{""pair"":6,""first_arm"":""lsf"",""native_group"":1,""lsf_group"":0,""native"":""0"",""lsf"":""0"",""lsf_minus_native"":""0"",""percent_of_native"":null}]",7,7,0,"{""count"":""7"",""minimum"":""0"",""median"":""0"",""maximum"":""0"",""median_absolute_deviation"":""0""}","{""count"":""7"",""minimum"":""0"",""median"":""0"",""maximum"":""0"",""median_absolute_deviation"":""0""}","{""count"":""7"",""minimum"":""0"",""median"":""0"",""maximum"":""0"",""median_absolute_deviation"":""0""}",0,7,0,"{""lsf"":{""pair_count"":4,""available_pairs"":4,""unavailable_pairs"":0,""native"":{""count"":""4"",""minimum"":""0"",""median"":""0"",""maximum"":""0"",""median_absolute_deviation"":""0""},""lsf"":{""count"":""4"",""minimum"":""0"",""median"":""0"",""maximum"":""0"",""median_absolute_deviation"":""0""},""paired_difference"":{""count"":""4"",""minimum"":""0"",""median"":""0"",""maximum"":""0"",""median_absolute_deviation"":""0""},""lower"":0,""equal"":4,""higher"":0},""native"":{""pair_count"":3,""available_pairs"":3,""unavailable_pairs"":0,""native"":{""count"":""3"",""minimum"":""0"",""median"":""0"",""maximum"":""0"",""median_absolute_deviation"":""0""},""lsf"":{""count"":""3"",""minimum"":""0"",""median"":""0"",""maximum"":""0"",""median_absolute_deviation"":""0""},""paired_difference"":{""count"":""3"",""minimum"":""0"",""median"":""0"",""maximum"":""0"",""median_absolute_deviation"":""0""},""lower"":0,""equal"":3,""higher"":0}}"
1,served,wrapper.rss_bytes,bytes,"[{""pair"":0,""first_arm"":""lsf"",""native_group"":1,""lsf_group"":0,""native"":""0"",""lsf"":""0"",""lsf_minus_native"":""0"",""percent_of_native"":null},{""pair"":1,""first_arm"":""native"",""native_group"":4,""lsf_group"":5,""native"":""0"",""lsf"":""0"",""lsf_minus_native"":""0"",""percent_of_native"":null},{""pair"":2,""first_arm"":""native"",""native_group"":2,""lsf_group"":3,""native"":""0"",""lsf"":""0"",""lsf_minus_native"":""0"",""percent_of_native"":null},{""pair"":3,""first_arm"":""native"",""native_group"":0,""lsf_group"":1,""native"":""0"",""lsf"":""0"",""lsf_minus_native"":""0"",""percent_of_native"":null},{""pair"":4,""first_arm"":""lsf"",""native_group"":5,""lsf_group"":4,""native"":""0"",""lsf"":""0"",""lsf_minus_native"":""0"",""percent_of_native"":null},{""pair"":5,""first_arm"":""lsf"",""native_group"":3,""lsf_group"":2,""native"":""0"",""lsf"":""0"",""lsf_minus_native"":""0"",""percent_of_native"":null},{""pair"":6,""first_arm"":""lsf"",""native_group"":1,""lsf_group"":0,""native"":""0"",""lsf"":""0"",""lsf_minus_native"":""0"",""percent_of_native"":null}]",7,7,0,"{""count"":""7"",""minimum"":""0"",""median"":""0"",""maximum"":""0"",""median_absolute_deviation"":""0""}","{""count"":""7"",""minimum"":""0"",""median"":""0"",""maximum"":""0"",""median_absolute_deviation"":""0""}","{""count"":""7"",""minimum"":""0"",""median"":""0"",""maximum"":""0"",""median_absolute_deviation"":""0""}",0,7,0,"{""lsf"":{""pair_count"":4,""available_pairs"":4,""unavailable_pairs"":0,""native"":{""count"":""4"",""minimum"":""0"",""median"":""0"",""maximum"":""0"",""median_absolute_deviation"":""0""},""lsf"":{""count"":""4"",""minimum"":""0"",""median"":""0"",""maximum"":""0"",""median_absolute_deviation"":""0""},""paired_difference"":{""count"":""4"",""minimum"":""0"",""median"":""0"",""maximum"":""0"",""median_absolute_deviation"":""0""},""lower"":0,""equal"":4,""higher"":0},""native"":{""pair_count"":3,""available_pairs"":3,""unavailable_pairs"":0,""native"":{""count"":""3"",""minimum"":""0"",""median"":""0"",""maximum"":""0"",""median_absolute_deviation"":""0""},""lsf"":{""count"":""3"",""minimum"":""0"",""median"":""0"",""maximum"":""0"",""median_absolute_deviation"":""0""},""paired_difference"":{""count"":""3"",""minimum"":""0"",""median"":""0"",""maximum"":""0"",""median_absolute_deviation"":""0""},""lower"":0,""equal"":3,""higher"":0}}"
1,served,wrapper.threads,count,"[{""pair"":0,""first_arm"":""lsf"",""native_group"":1,""lsf_group"":0,""native"":""0"",""lsf"":""0"",""lsf_minus_native"":""0"",""percent_of_native"":null},{""pair"":1,""first_arm"":""native"",""native_group"":4,""lsf_group"":5,""native"":""0"",""lsf"":""0"",""lsf_minus_native"":""0"",""percent_of_native"":null},{""pair"":2,""first_arm"":""native"",""native_group"":2,""lsf_group"":3,""native"":""0"",""lsf"":""0"",""lsf_minus_native"":""0"",""percent_of_native"":null},{""pair"":3,""first_arm"":""native"",""native_group"":0,""lsf_group"":1,""native"":""0"",""lsf"":""0"",""lsf_minus_native"":""0"",""percent_of_native"":null},{""pair"":4,""first_arm"":""lsf"",""native_group"":5,""lsf_group"":4,""native"":""0"",""lsf"":""0"",""lsf_minus_native"":""0"",""percent_of_native"":null},{""pair"":5,""first_arm"":""lsf"",""native_group"":3,""lsf_group"":2,""native"":""0"",""lsf"":""0"",""lsf_minus_native"":""0"",""percent_of_native"":null},{""pair"":6,""first_arm"":""lsf"",""native_group"":1,""lsf_group"":0,""native"":""0"",""lsf"":""0"",""lsf_minus_native"":""0"",""percent_of_native"":null}]",7,7,0,"{""count"":""7"",""minimum"":""0"",""median"":""0"",""maximum"":""0"",""median_absolute_deviation"":""0""}","{""count"":""7"",""minimum"":""0"",""median"":""0"",""maximum"":""0"",""median_absolute_deviation"":""0""}","{""count"":""7"",""minimum"":""0"",""median"":""0"",""maximum"":""0"",""median_absolute_deviation"":""0""}",0,7,0,"{""lsf"":{""pair_count"":4,""available_pairs"":4,""unavailable_pairs"":0,""native"":{""count"":""4"",""minimum"":""0"",""median"":""0"",""maximum"":""0"",""median_absolute_deviation"":""0""},""lsf"":{""count"":""4"",""minimum"":""0"",""median"":""0"",""maximum"":""0"",""median_absolute_deviation"":""0""},""paired_difference"":{""count"":""4"",""minimum"":""0"",""median"":""0"",""maximum"":""0"",""median_absolute_deviation"":""0""},""lower"":0,""equal"":4,""higher"":0},""native"":{""pair_count"":3,""available_pairs"":3,""unavailable_pairs"":0,""native"":{""count"":""3"",""minimum"":""0"",""median"":""0"",""maximum"":""0"",""median_absolute_deviation"":""0""},""lsf"":{""count"":""3"",""minimum"":""0"",""median"":""0"",""maximum"":""0"",""median_absolute_deviation"":""0""},""paired_difference"":{""count"":""3"",""minimum"":""0"",""median"":""0"",""maximum"":""0"",""median_absolute_deviation"":""0""},""lower"":0,""equal"":3,""higher"":0}}"
1,served,wrapper.fd_count,count,"[{""pair"":0,""first_arm"":""lsf"",""native_group"":1,""lsf_group"":0,""native"":""0"",""lsf"":""0"",""lsf_minus_native"":""0"",""percent_of_native"":null},{""pair"":1,""first_arm"":""native"",""native_group"":4,""lsf_group"":5,""native"":""0"",""lsf"":""0"",""lsf_minus_native"":""0"",""percent_of_native"":null},{""pair"":2,""first_arm"":""native"",""native_group"":2,""lsf_group"":3,""native"":""0"",""lsf"":""0"",""lsf_minus_native"":""0"",""percent_of_native"":null},{""pair"":3,""first_arm"":""native"",""native_group"":0,""lsf_group"":1,""native"":""0"",""lsf"":""0"",""lsf_minus_native"":""0"",""percent_of_native"":null},{""pair"":4,""first_arm"":""lsf"",""native_group"":5,""lsf_group"":4,""native"":""0"",""lsf"":""0"",""lsf_minus_native"":""0"",""percent_of_native"":null},{""pair"":5,""first_arm"":""lsf"",""native_group"":3,""lsf_group"":2,""native"":""0"",""lsf"":""0"",""lsf_minus_native"":""0"",""percent_of_native"":null},{""pair"":6,""first_arm"":""lsf"",""native_group"":1,""lsf_group"":0,""native"":""0"",""lsf"":""0"",""lsf_minus_native"":""0"",""percent_of_native"":null}]",7,7,0,"{""count"":""7"",""minimum"":""0"",""median"":""0"",""maximum"":""0"",""median_absolute_deviation"":""0""}","{""count"":""7"",""minimum"":""0"",""median"":""0"",""maximum"":""0"",""median_absolute_deviation"":""0""}","{""count"":""7"",""minimum"":""0"",""median"":""0"",""maximum"":""0"",""median_absolute_deviation"":""0""}",0,7,0,"{""lsf"":{""pair_count"":4,""available_pairs"":4,""unavailable_pairs"":0,""native"":{""count"":""4"",""minimum"":""0"",""median"":""0"",""maximum"":""0"",""median_absolute_deviation"":""0""},""lsf"":{""count"":""4"",""minimum"":""0"",""median"":""0"",""maximum"":""0"",""median_absolute_deviation"":""0""},""paired_difference"":{""count"":""4"",""minimum"":""0"",""median"":""0"",""maximum"":""0"",""median_absolute_deviation"":""0""},""lower"":0,""equal"":4,""higher"":0},""native"":{""pair_count"":3,""available_pairs"":3,""unavailable_pairs"":0,""native"":{""count"":""3"",""minimum"":""0"",""median"":""0"",""maximum"":""0"",""median_absolute_deviation"":""0""},""lsf"":{""count"":""3"",""minimum"":""0"",""median"":""0"",""maximum"":""0"",""median_absolute_deviation"":""0""},""paired_difference"":{""count"":""3"",""minimum"":""0"",""median"":""0"",""maximum"":""0"",""median_absolute_deviation"":""0""},""lower"":0,""equal"":3,""higher"":0}}"
1,served,wrapper.listener_count,count,"[{""pair"":0,""first_arm"":""lsf"",""native_group"":1,""lsf_group"":0,""native"":""0"",""lsf"":""0"",""lsf_minus_native"":""0"",""percent_of_native"":null},{""pair"":1,""first_arm"":""native"",""native_group"":4,""lsf_group"":5,""native"":""0"",""lsf"":""0"",""lsf_minus_native"":""0"",""percent_of_native"":null},{""pair"":2,""first_arm"":""native"",""native_group"":2,""lsf_group"":3,""native"":""0"",""lsf"":""0"",""lsf_minus_native"":""0"",""percent_of_native"":null},{""pair"":3,""first_arm"":""native"",""native_group"":0,""lsf_group"":1,""native"":""0"",""lsf"":""0"",""lsf_minus_native"":""0"",""percent_of_native"":null},{""pair"":4,""first_arm"":""lsf"",""native_group"":5,""lsf_group"":4,""native"":""0"",""lsf"":""0"",""lsf_minus_native"":""0"",""percent_of_native"":null},{""pair"":5,""first_arm"":""lsf"",""native_group"":3,""lsf_group"":2,""native"":""0"",""lsf"":""0"",""lsf_minus_native"":""0"",""percent_of_native"":null},{""pair"":6,""first_arm"":""lsf"",""native_group"":1,""lsf_group"":0,""native"":""0"",""lsf"":""0"",""lsf_minus_native"":""0"",""percent_of_native"":null}]",7,7,0,"{""count"":""7"",""minimum"":""0"",""median"":""0"",""maximum"":""0"",""median_absolute_deviation"":""0""}","{""count"":""7"",""minimum"":""0"",""median"":""0"",""maximum"":""0"",""median_absolute_deviation"":""0""}","{""count"":""7"",""minimum"":""0"",""median"":""0"",""maximum"":""0"",""median_absolute_deviation"":""0""}",0,7,0,"{""lsf"":{""pair_count"":4,""available_pairs"":4,""unavailable_pairs"":0,""native"":{""count"":""4"",""minimum"":""0"",""median"":""0"",""maximum"":""0"",""median_absolute_deviation"":""0""},""lsf"":{""count"":""4"",""minimum"":""0"",""median"":""0"",""maximum"":""0"",""median_absolute_deviation"":""0""},""paired_difference"":{""count"":""4"",""minimum"":""0"",""median"":""0"",""maximum"":""0"",""median_absolute_deviation"":""0""},""lower"":0,""equal"":4,""higher"":0},""native"":{""pair_count"":3,""available_pairs"":3,""unavailable_pairs"":0,""native"":{""count"":""3"",""minimum"":""0"",""median"":""0"",""maximum"":""0"",""median_absolute_deviation"":""0""},""lsf"":{""count"":""3"",""minimum"":""0"",""median"":""0"",""maximum"":""0"",""median_absolute_deviation"":""0""},""paired_difference"":{""count"":""3"",""minimum"":""0"",""median"":""0"",""maximum"":""0"",""median_absolute_deviation"":""0""},""lower"":0,""equal"":3,""higher"":0}}"
1,served,cgroup.memory_current_bytes,bytes,"[{""pair"":0,""first_arm"":""lsf"",""native_group"":1,""lsf_group"":0,""native"":""4096"",""lsf"":""16384"",""lsf_minus_native"":""12288"",""percent_of_native"":""300""},{""pair"":1,""first_arm"":""native"",""native_group"":4,""lsf_group"":5,""native"":""12288"",""lsf"":""12288"",""lsf_minus_native"":""0"",""percent_of_native"":""0""},{""pair"":2,""first_arm"":""native"",""native_group"":2,""lsf_group"":3,""native"":""12288"",""lsf"":""274432"",""lsf_minus_native"":""262144"",""percent_of_native"":""2133.333333""},{""pair"":3,""first_arm"":""native"",""native_group"":0,""lsf_group"":1,""native"":""16384"",""lsf"":""12288"",""lsf_minus_native"":""-4096"",""percent_of_native"":""-25""},{""pair"":4,""first_arm"":""lsf"",""native_group"":5,""lsf_group"":4,""native"":""16384"",""lsf"":""12288"",""lsf_minus_native"":""-4096"",""percent_of_native"":""-25""},{""pair"":5,""first_arm"":""lsf"",""native_group"":3,""lsf_group"":2,""native"":""12288"",""lsf"":""16384"",""lsf_minus_native"":""4096"",""percent_of_native"":""33.333333""},{""pair"":6,""first_arm"":""lsf"",""native_group"":1,""lsf_group"":0,""native"":""12288"",""lsf"":""16384"",""lsf_minus_native"":""4096"",""percent_of_native"":""33.333333""}]",7,7,0,"{""count"":""7"",""minimum"":""4096"",""median"":""12288"",""maximum"":""16384"",""median_absolute_deviation"":""0""}","{""count"":""7"",""minimum"":""12288"",""median"":""16384"",""maximum"":""274432"",""median_absolute_deviation"":""4096""}","{""count"":""7"",""minimum"":""-4096"",""median"":""4096"",""maximum"":""262144"",""median_absolute_deviation"":""8192""}",2,1,4,"{""lsf"":{""pair_count"":4,""available_pairs"":4,""unavailable_pairs"":0,""native"":{""count"":""4"",""minimum"":""4096"",""median"":""12288"",""maximum"":""16384"",""median_absolute_deviation"":""2048""},""lsf"":{""count"":""4"",""minimum"":""12288"",""median"":""16384"",""maximum"":""16384"",""median_absolute_deviation"":""0""},""paired_difference"":{""count"":""4"",""minimum"":""-4096"",""median"":""4096"",""maximum"":""12288"",""median_absolute_deviation"":""4096""},""lower"":1,""equal"":0,""higher"":3},""native"":{""pair_count"":3,""available_pairs"":3,""unavailable_pairs"":0,""native"":{""count"":""3"",""minimum"":""12288"",""median"":""12288"",""maximum"":""16384"",""median_absolute_deviation"":""0""},""lsf"":{""count"":""3"",""minimum"":""12288"",""median"":""12288"",""maximum"":""274432"",""median_absolute_deviation"":""0""},""paired_difference"":{""count"":""3"",""minimum"":""-4096"",""median"":""0"",""maximum"":""262144"",""median_absolute_deviation"":""4096""},""lower"":1,""equal"":1,""higher"":1}}"
1,served,cgroup.sum_leaf_lifetime_memory_peak_bytes,bytes,"[{""pair"":0,""first_arm"":""lsf"",""native_group"":1,""lsf_group"":0,""native"":""0"",""lsf"":""0"",""lsf_minus_native"":""0"",""percent_of_native"":null},{""pair"":1,""first_arm"":""native"",""native_group"":4,""lsf_group"":5,""native"":""0"",""lsf"":""0"",""lsf_minus_native"":""0"",""percent_of_native"":null},{""pair"":2,""first_arm"":""native"",""native_group"":2,""lsf_group"":3,""native"":""0"",""lsf"":""0"",""lsf_minus_native"":""0"",""percent_of_native"":null},{""pair"":3,""first_arm"":""native"",""native_group"":0,""lsf_group"":1,""native"":""0"",""lsf"":""0"",""lsf_minus_native"":""0"",""percent_of_native"":null},{""pair"":4,""first_arm"":""lsf"",""native_group"":5,""lsf_group"":4,""native"":""0"",""lsf"":""0"",""lsf_minus_native"":""0"",""percent_of_native"":null},{""pair"":5,""first_arm"":""lsf"",""native_group"":3,""lsf_group"":2,""native"":""0"",""lsf"":""0"",""lsf_minus_native"":""0"",""percent_of_native"":null},{""pair"":6,""first_arm"":""lsf"",""native_group"":1,""lsf_group"":0,""native"":""0"",""lsf"":""0"",""lsf_minus_native"":""0"",""percent_of_native"":null}]",7,7,0,"{""count"":""7"",""minimum"":""0"",""median"":""0"",""maximum"":""0"",""median_absolute_deviation"":""0""}","{""count"":""7"",""minimum"":""0"",""median"":""0"",""maximum"":""0"",""median_absolute_deviation"":""0""}","{""count"":""7"",""minimum"":""0"",""median"":""0"",""maximum"":""0"",""median_absolute_deviation"":""0""}",0,7,0,"{""lsf"":{""pair_count"":4,""available_pairs"":4,""unavailable_pairs"":0,""native"":{""count"":""4"",""minimum"":""0"",""median"":""0"",""maximum"":""0"",""median_absolute_deviation"":""0""},""lsf"":{""count"":""4"",""minimum"":""0"",""median"":""0"",""maximum"":""0"",""median_absolute_deviation"":""0""},""paired_difference"":{""count"":""4"",""minimum"":""0"",""median"":""0"",""maximum"":""0"",""median_absolute_deviation"":""0""},""lower"":0,""equal"":4,""higher"":0},""native"":{""pair_count"":3,""available_pairs"":3,""unavailable_pairs"":0,""native"":{""count"":""3"",""minimum"":""0"",""median"":""0"",""maximum"":""0"",""median_absolute_deviation"":""0""},""lsf"":{""count"":""3"",""minimum"":""0"",""median"":""0"",""maximum"":""0"",""median_absolute_deviation"":""0""},""paired_difference"":{""count"":""3"",""minimum"":""0"",""median"":""0"",""maximum"":""0"",""median_absolute_deviation"":""0""},""lower"":0,""equal"":3,""higher"":0}}"
1,served,cgroup.memory_swap_current_bytes,bytes,"[{""pair"":0,""first_arm"":""lsf"",""native_group"":1,""lsf_group"":0,""native"":""0"",""lsf"":""0"",""lsf_minus_native"":""0"",""percent_of_native"":null},{""pair"":1,""first_arm"":""native"",""native_group"":4,""lsf_group"":5,""native"":""0"",""lsf"":""0"",""lsf_minus_native"":""0"",""percent_of_native"":null},{""pair"":2,""first_arm"":""native"",""native_group"":2,""lsf_group"":3,""native"":""0"",""lsf"":""0"",""lsf_minus_native"":""0"",""percent_of_native"":null},{""pair"":3,""first_arm"":""native"",""native_group"":0,""lsf_group"":1,""native"":""0"",""lsf"":""0"",""lsf_minus_native"":""0"",""percent_of_native"":null},{""pair"":4,""first_arm"":""lsf"",""native_group"":5,""lsf_group"":4,""native"":""0"",""lsf"":""0"",""lsf_minus_native"":""0"",""percent_of_native"":null},{""pair"":5,""first_arm"":""lsf"",""native_group"":3,""lsf_group"":2,""native"":""0"",""lsf"":""0"",""lsf_minus_native"":""0"",""percent_of_native"":null},{""pair"":6,""first_arm"":""lsf"",""native_group"":1,""lsf_group"":0,""native"":""0"",""lsf"":""0"",""lsf_minus_native"":""0"",""percent_of_native"":null}]",7,7,0,"{""count"":""7"",""minimum"":""0"",""median"":""0"",""maximum"":""0"",""median_absolute_deviation"":""0""}","{""count"":""7"",""minimum"":""0"",""median"":""0"",""maximum"":""0"",""median_absolute_deviation"":""0""}","{""count"":""7"",""minimum"":""0"",""median"":""0"",""maximum"":""0"",""median_absolute_deviation"":""0""}",0,7,0,"{""lsf"":{""pair_count"":4,""available_pairs"":4,""unavailable_pairs"":0,""native"":{""count"":""4"",""minimum"":""0"",""median"":""0"",""maximum"":""0"",""median_absolute_deviation"":""0""},""lsf"":{""count"":""4"",""minimum"":""0"",""median"":""0"",""maximum"":""0"",""median_absolute_deviation"":""0""},""paired_difference"":{""count"":""4"",""minimum"":""0"",""median"":""0"",""maximum"":""0"",""median_absolute_deviation"":""0""},""lower"":0,""equal"":4,""higher"":0},""native"":{""pair_count"":3,""available_pairs"":3,""unavailable_pairs"":0,""native"":{""count"":""3"",""minimum"":""0"",""median"":""0"",""maximum"":""0"",""median_absolute_deviation"":""0""},""lsf"":{""count"":""3"",""minimum"":""0"",""median"":""0"",""maximum"":""0"",""median_absolute_deviation"":""0""},""paired_difference"":{""count"":""3"",""minimum"":""0"",""median"":""0"",""maximum"":""0"",""median_absolute_deviation"":""0""},""lower"":0,""equal"":3,""higher"":0}}"
1,served,cgroup.pids_current,count,"[{""pair"":0,""first_arm"":""lsf"",""native_group"":1,""lsf_group"":0,""native"":""0"",""lsf"":""0"",""lsf_minus_native"":""0"",""percent_of_native"":null},{""pair"":1,""first_arm"":""native"",""native_group"":4,""lsf_group"":5,""native"":""0"",""lsf"":""0"",""lsf_minus_native"":""0"",""percent_of_native"":null},{""pair"":2,""first_arm"":""native"",""native_group"":2,""lsf_group"":3,""native"":""0"",""lsf"":""0"",""lsf_minus_native"":""0"",""percent_of_native"":null},{""pair"":3,""first_arm"":""native"",""native_group"":0,""lsf_group"":1,""native"":""0"",""lsf"":""0"",""lsf_minus_native"":""0"",""percent_of_native"":null},{""pair"":4,""first_arm"":""lsf"",""native_group"":5,""lsf_group"":4,""native"":""0"",""lsf"":""0"",""lsf_minus_native"":""0"",""percent_of_native"":null},{""pair"":5,""first_arm"":""lsf"",""native_group"":3,""lsf_group"":2,""native"":""0"",""lsf"":""0"",""lsf_minus_native"":""0"",""percent_of_native"":null},{""pair"":6,""first_arm"":""lsf"",""native_group"":1,""lsf_group"":0,""native"":""0"",""lsf"":""0"",""lsf_minus_native"":""0"",""percent_of_native"":null}]",7,7,0,"{""count"":""7"",""minimum"":""0"",""median"":""0"",""maximum"":""0"",""median_absolute_deviation"":""0""}","{""count"":""7"",""minimum"":""0"",""median"":""0"",""maximum"":""0"",""median_absolute_deviation"":""0""}","{""count"":""7"",""minimum"":""0"",""median"":""0"",""maximum"":""0"",""median_absolute_deviation"":""0""}",0,7,0,"{""lsf"":{""pair_count"":4,""available_pairs"":4,""unavailable_pairs"":0,""native"":{""count"":""4"",""minimum"":""0"",""median"":""0"",""maximum"":""0"",""median_absolute_deviation"":""0""},""lsf"":{""count"":""4"",""minimum"":""0"",""median"":""0"",""maximum"":""0"",""median_absolute_deviation"":""0""},""paired_difference"":{""count"":""4"",""minimum"":""0"",""median"":""0"",""maximum"":""0"",""median_absolute_deviation"":""0""},""lower"":0,""equal"":4,""higher"":0},""native"":{""pair_count"":3,""available_pairs"":3,""unavailable_pairs"":0,""native"":{""count"":""3"",""minimum"":""0"",""median"":""0"",""maximum"":""0"",""median_absolute_deviation"":""0""},""lsf"":{""count"":""3"",""minimum"":""0"",""median"":""0"",""maximum"":""0"",""median_absolute_deviation"":""0""},""paired_difference"":{""count"":""3"",""minimum"":""0"",""median"":""0"",""maximum"":""0"",""median_absolute_deviation"":""0""},""lower"":0,""equal"":3,""higher"":0}}"
1,served,cgroup.cpu.usage_usec,us,"[{""pair"":0,""first_arm"":""lsf"",""native_group"":1,""lsf_group"":0,""native"":""9330"",""lsf"":""11597"",""lsf_minus_native"":""2267"",""percent_of_native"":""24.297964""},{""pair"":1,""first_arm"":""native"",""native_group"":4,""lsf_group"":5,""native"":""10839"",""lsf"":""9677"",""lsf_minus_native"":""-1162"",""percent_of_native"":""-10.720546""},{""pair"":2,""first_arm"":""native"",""native_group"":2,""lsf_group"":3,""native"":""7467"",""lsf"":""8696"",""lsf_minus_native"":""1229"",""percent_of_native"":""16.459087""},{""pair"":3,""first_arm"":""native"",""native_group"":0,""lsf_group"":1,""native"":""8979"",""lsf"":""12468"",""lsf_minus_native"":""3489"",""percent_of_native"":""38.857334""},{""pair"":4,""first_arm"":""lsf"",""native_group"":5,""lsf_group"":4,""native"":""10183"",""lsf"":""10998"",""lsf_minus_native"":""815"",""percent_of_native"":""8.003535""},{""pair"":5,""first_arm"":""lsf"",""native_group"":3,""lsf_group"":2,""native"":""11213"",""lsf"":""12367"",""lsf_minus_native"":""1154"",""percent_of_native"":""10.291626""},{""pair"":6,""first_arm"":""lsf"",""native_group"":1,""lsf_group"":0,""native"":""12027"",""lsf"":""16622"",""lsf_minus_native"":""4595"",""percent_of_native"":""38.205704""}]",7,7,0,"{""count"":""7"",""minimum"":""7467"",""median"":""10183"",""maximum"":""12027"",""median_absolute_deviation"":""1030""}","{""count"":""7"",""minimum"":""8696"",""median"":""11597"",""maximum"":""16622"",""median_absolute_deviation"":""871""}","{""count"":""7"",""minimum"":""-1162"",""median"":""1229"",""maximum"":""4595"",""median_absolute_deviation"":""1038""}",1,0,6,"{""lsf"":{""pair_count"":4,""available_pairs"":4,""unavailable_pairs"":0,""native"":{""count"":""4"",""minimum"":""9330"",""median"":""10698"",""maximum"":""12027"",""median_absolute_deviation"":""922""},""lsf"":{""count"":""4"",""minimum"":""10998"",""median"":""11982"",""maximum"":""16622"",""median_absolute_deviation"":""684.5""},""paired_difference"":{""count"":""4"",""minimum"":""815"",""median"":""1710.5"",""maximum"":""4595"",""median_absolute_deviation"":""726""},""lower"":0,""equal"":0,""higher"":4},""native"":{""pair_count"":3,""available_pairs"":3,""unavailable_pairs"":0,""native"":{""count"":""3"",""minimum"":""7467"",""median"":""8979"",""maximum"":""10839"",""median_absolute_deviation"":""1512""},""lsf"":{""count"":""3"",""minimum"":""8696"",""median"":""9677"",""maximum"":""12468"",""median_absolute_deviation"":""981""},""paired_difference"":{""count"":""3"",""minimum"":""-1162"",""median"":""1229"",""maximum"":""3489"",""median_absolute_deviation"":""2260""},""lower"":1,""equal"":0,""higher"":2}}"
1,served,cgroup.cpu.user_usec,us,"[{""pair"":0,""first_arm"":""lsf"",""native_group"":1,""lsf_group"":0,""native"":""0"",""lsf"":""0"",""lsf_minus_native"":""0"",""percent_of_native"":null},{""pair"":1,""first_arm"":""native"",""native_group"":4,""lsf_group"":5,""native"":""750"",""lsf"":""1085"",""lsf_minus_native"":""335"",""percent_of_native"":""44.666667""},{""pair"":2,""first_arm"":""native"",""native_group"":2,""lsf_group"":3,""native"":""0"",""lsf"":""1291"",""lsf_minus_native"":""1291"",""percent_of_native"":null},{""pair"":3,""first_arm"":""native"",""native_group"":0,""lsf_group"":1,""native"":""0"",""lsf"":""1756"",""lsf_minus_native"":""1756"",""percent_of_native"":null},{""pair"":4,""first_arm"":""lsf"",""native_group"":5,""lsf_group"":4,""native"":""0"",""lsf"":""4582"",""lsf_minus_native"":""4582"",""percent_of_native"":null},{""pair"":5,""first_arm"":""lsf"",""native_group"":3,""lsf_group"":2,""native"":""422"",""lsf"":""276"",""lsf_minus_native"":""-146"",""percent_of_native"":""-34.597156""},{""pair"":6,""first_arm"":""lsf"",""native_group"":1,""lsf_group"":0,""native"":""0"",""lsf"":""5683"",""lsf_minus_native"":""5683"",""percent_of_native"":null}]",7,7,0,"{""count"":""7"",""minimum"":""0"",""median"":""0"",""maximum"":""750"",""median_absolute_deviation"":""0""}","{""count"":""7"",""minimum"":""0"",""median"":""1291"",""maximum"":""5683"",""median_absolute_deviation"":""1015""}","{""count"":""7"",""minimum"":""-146"",""median"":""1291"",""maximum"":""5683"",""median_absolute_deviation"":""1291""}",1,1,5,"{""lsf"":{""pair_count"":4,""available_pairs"":4,""unavailable_pairs"":0,""native"":{""count"":""4"",""minimum"":""0"",""median"":""0"",""maximum"":""422"",""median_absolute_deviation"":""0""},""lsf"":{""count"":""4"",""minimum"":""0"",""median"":""2429"",""maximum"":""5683"",""median_absolute_deviation"":""2291""},""paired_difference"":{""count"":""4"",""minimum"":""-146"",""median"":""2291"",""maximum"":""5683"",""median_absolute_deviation"":""2364""},""lower"":1,""equal"":1,""higher"":2},""native"":{""pair_count"":3,""available_pairs"":3,""unavailable_pairs"":0,""native"":{""count"":""3"",""minimum"":""0"",""median"":""0"",""maximum"":""750"",""median_absolute_deviation"":""0""},""lsf"":{""count"":""3"",""minimum"":""1085"",""median"":""1291"",""maximum"":""1756"",""median_absolute_deviation"":""206""},""paired_difference"":{""count"":""3"",""minimum"":""335"",""median"":""1291"",""maximum"":""1756"",""median_absolute_deviation"":""465""},""lower"":0,""equal"":0,""higher"":3}}"
1,served,cgroup.cpu.system_usec,us,"[{""pair"":0,""first_arm"":""lsf"",""native_group"":1,""lsf_group"":0,""native"":""9330"",""lsf"":""11597"",""lsf_minus_native"":""2267"",""percent_of_native"":""24.297964""},{""pair"":1,""first_arm"":""native"",""native_group"":4,""lsf_group"":5,""native"":""10090"",""lsf"":""8592"",""lsf_minus_native"":""-1498"",""percent_of_native"":""-14.846383""},{""pair"":2,""first_arm"":""native"",""native_group"":2,""lsf_group"":3,""native"":""7467"",""lsf"":""7406"",""lsf_minus_native"":""-61"",""percent_of_native"":""-0.816928""},{""pair"":3,""first_arm"":""native"",""native_group"":0,""lsf_group"":1,""native"":""8979"",""lsf"":""10713"",""lsf_minus_native"":""1734"",""percent_of_native"":""19.311727""},{""pair"":4,""first_arm"":""lsf"",""native_group"":5,""lsf_group"":4,""native"":""10183"",""lsf"":""6416"",""lsf_minus_native"":""-3767"",""percent_of_native"":""-36.993028""},{""pair"":5,""first_arm"":""lsf"",""native_group"":3,""lsf_group"":2,""native"":""10791"",""lsf"":""12091"",""lsf_minus_native"":""1300"",""percent_of_native"":""12.047076""},{""pair"":6,""first_arm"":""lsf"",""native_group"":1,""lsf_group"":0,""native"":""12028"",""lsf"":""10940"",""lsf_minus_native"":""-1088"",""percent_of_native"":""-9.04556""}]",7,7,0,"{""count"":""7"",""minimum"":""7467"",""median"":""10090"",""maximum"":""12028"",""median_absolute_deviation"":""760""}","{""count"":""7"",""minimum"":""6416"",""median"":""10713"",""maximum"":""12091"",""median_absolute_deviation"":""1378""}","{""count"":""7"",""minimum"":""-3767"",""median"":""-61"",""maximum"":""2267"",""median_absolute_deviation"":""1437""}",4,0,3,"{""lsf"":{""pair_count"":4,""available_pairs"":4,""unavailable_pairs"":0,""native"":{""count"":""4"",""minimum"":""9330"",""median"":""10487"",""maximum"":""12028"",""median_absolute_deviation"":""730.5""},""lsf"":{""count"":""4"",""minimum"":""6416"",""median"":""11268.5"",""maximum"":""12091"",""median_absolute_deviation"":""575.5""},""paired_difference"":{""count"":""4"",""minimum"":""-3767"",""median"":""106"",""maximum"":""2267"",""median_absolute_deviation"":""1677.5""},""lower"":2,""equal"":0,""higher"":2},""native"":{""pair_count"":3,""available_pairs"":3,""unavailable_pairs"":0,""native"":{""count"":""3"",""minimum"":""7467"",""median"":""8979"",""maximum"":""10090"",""median_absolute_deviation"":""1111""},""lsf"":{""count"":""3"",""minimum"":""7406"",""median"":""8592"",""maximum"":""10713"",""median_absolute_deviation"":""1186""},""paired_difference"":{""count"":""3"",""minimum"":""-1498"",""median"":""-61"",""maximum"":""1734"",""median_absolute_deviation"":""1437""},""lower"":2,""equal"":0,""higher"":1}}"
1,served,cgroup.cpu.nr_periods,count,"[{""pair"":0,""first_arm"":""lsf"",""native_group"":1,""lsf_group"":0,""native"":""2"",""lsf"":""6"",""lsf_minus_native"":""4"",""percent_of_native"":""200""},{""pair"":1,""first_arm"":""native"",""native_group"":4,""lsf_group"":5,""native"":""2"",""lsf"":""5"",""lsf_minus_native"":""3"",""percent_of_native"":""150""},{""pair"":2,""first_arm"":""native"",""native_group"":2,""lsf_group"":3,""native"":""2"",""lsf"":""4"",""lsf_minus_native"":""2"",""percent_of_native"":""100""},{""pair"":3,""first_arm"":""native"",""native_group"":0,""lsf_group"":1,""native"":""2"",""lsf"":""5"",""lsf_minus_native"":""3"",""percent_of_native"":""150""},{""pair"":4,""first_arm"":""lsf"",""native_group"":5,""lsf_group"":4,""native"":""2"",""lsf"":""5"",""lsf_minus_native"":""3"",""percent_of_native"":""150""},{""pair"":5,""first_arm"":""lsf"",""native_group"":3,""lsf_group"":2,""native"":""2"",""lsf"":""3"",""lsf_minus_native"":""1"",""percent_of_native"":""50""},{""pair"":6,""first_arm"":""lsf"",""native_group"":1,""lsf_group"":0,""native"":""2"",""lsf"":""7"",""lsf_minus_native"":""5"",""percent_of_native"":""250""}]",7,7,0,"{""count"":""7"",""minimum"":""2"",""median"":""2"",""maximum"":""2"",""median_absolute_deviation"":""0""}","{""count"":""7"",""minimum"":""3"",""median"":""5"",""maximum"":""7"",""median_absolute_deviation"":""1""}","{""count"":""7"",""minimum"":""1"",""median"":""3"",""maximum"":""5"",""median_absolute_deviation"":""1""}",0,0,7,"{""lsf"":{""pair_count"":4,""available_pairs"":4,""unavailable_pairs"":0,""native"":{""count"":""4"",""minimum"":""2"",""median"":""2"",""maximum"":""2"",""median_absolute_deviation"":""0""},""lsf"":{""count"":""4"",""minimum"":""3"",""median"":""5.5"",""maximum"":""7"",""median_absolute_deviation"":""1""},""paired_difference"":{""count"":""4"",""minimum"":""1"",""median"":""3.5"",""maximum"":""5"",""median_absolute_deviation"":""1""},""lower"":0,""equal"":0,""higher"":4},""native"":{""pair_count"":3,""available_pairs"":3,""unavailable_pairs"":0,""native"":{""count"":""3"",""minimum"":""2"",""median"":""2"",""maximum"":""2"",""median_absolute_deviation"":""0""},""lsf"":{""count"":""3"",""minimum"":""4"",""median"":""5"",""maximum"":""5"",""median_absolute_deviation"":""0""},""paired_difference"":{""count"":""3"",""minimum"":""2"",""median"":""3"",""maximum"":""3"",""median_absolute_deviation"":""0""},""lower"":0,""equal"":0,""higher"":3}}"
1,served,cgroup.cpu.nr_throttled,count,"[{""pair"":0,""first_arm"":""lsf"",""native_group"":1,""lsf_group"":0,""native"":""0"",""lsf"":""0"",""lsf_minus_native"":""0"",""percent_of_native"":null},{""pair"":1,""first_arm"":""native"",""native_group"":4,""lsf_group"":5,""native"":""0"",""lsf"":""0"",""lsf_minus_native"":""0"",""percent_of_native"":null},{""pair"":2,""first_arm"":""native"",""native_group"":2,""lsf_group"":3,""native"":""0"",""lsf"":""0"",""lsf_minus_native"":""0"",""percent_of_native"":null},{""pair"":3,""first_arm"":""native"",""native_group"":0,""lsf_group"":1,""native"":""0"",""lsf"":""0"",""lsf_minus_native"":""0"",""percent_of_native"":null},{""pair"":4,""first_arm"":""lsf"",""native_group"":5,""lsf_group"":4,""native"":""0"",""lsf"":""0"",""lsf_minus_native"":""0"",""percent_of_native"":null},{""pair"":5,""first_arm"":""lsf"",""native_group"":3,""lsf_group"":2,""native"":""0"",""lsf"":""0"",""lsf_minus_native"":""0"",""percent_of_native"":null},{""pair"":6,""first_arm"":""lsf"",""native_group"":1,""lsf_group"":0,""native"":""0"",""lsf"":""0"",""lsf_minus_native"":""0"",""percent_of_native"":null}]",7,7,0,"{""count"":""7"",""minimum"":""0"",""median"":""0"",""maximum"":""0"",""median_absolute_deviation"":""0""}","{""count"":""7"",""minimum"":""0"",""median"":""0"",""maximum"":""0"",""median_absolute_deviation"":""0""}","{""count"":""7"",""minimum"":""0"",""median"":""0"",""maximum"":""0"",""median_absolute_deviation"":""0""}",0,7,0,"{""lsf"":{""pair_count"":4,""available_pairs"":4,""unavailable_pairs"":0,""native"":{""count"":""4"",""minimum"":""0"",""median"":""0"",""maximum"":""0"",""median_absolute_deviation"":""0""},""lsf"":{""count"":""4"",""minimum"":""0"",""median"":""0"",""maximum"":""0"",""median_absolute_deviation"":""0""},""paired_difference"":{""count"":""4"",""minimum"":""0"",""median"":""0"",""maximum"":""0"",""median_absolute_deviation"":""0""},""lower"":0,""equal"":4,""higher"":0},""native"":{""pair_count"":3,""available_pairs"":3,""unavailable_pairs"":0,""native"":{""count"":""3"",""minimum"":""0"",""median"":""0"",""maximum"":""0"",""median_absolute_deviation"":""0""},""lsf"":{""count"":""3"",""minimum"":""0"",""median"":""0"",""maximum"":""0"",""median_absolute_deviation"":""0""},""paired_difference"":{""count"":""3"",""minimum"":""0"",""median"":""0"",""maximum"":""0"",""median_absolute_deviation"":""0""},""lower"":0,""equal"":3,""higher"":0}}"
1,served,cgroup.cpu.throttled_usec,us,"[{""pair"":0,""first_arm"":""lsf"",""native_group"":1,""lsf_group"":0,""native"":""0"",""lsf"":""0"",""lsf_minus_native"":""0"",""percent_of_native"":null},{""pair"":1,""first_arm"":""native"",""native_group"":4,""lsf_group"":5,""native"":""0"",""lsf"":""0"",""lsf_minus_native"":""0"",""percent_of_native"":null},{""pair"":2,""first_arm"":""native"",""native_group"":2,""lsf_group"":3,""native"":""0"",""lsf"":""0"",""lsf_minus_native"":""0"",""percent_of_native"":null},{""pair"":3,""first_arm"":""native"",""native_group"":0,""lsf_group"":1,""native"":""0"",""lsf"":""0"",""lsf_minus_native"":""0"",""percent_of_native"":null},{""pair"":4,""first_arm"":""lsf"",""native_group"":5,""lsf_group"":4,""native"":""0"",""lsf"":""0"",""lsf_minus_native"":""0"",""percent_of_native"":null},{""pair"":5,""first_arm"":""lsf"",""native_group"":3,""lsf_group"":2,""native"":""0"",""lsf"":""0"",""lsf_minus_native"":""0"",""percent_of_native"":null},{""pair"":6,""first_arm"":""lsf"",""native_group"":1,""lsf_group"":0,""native"":""0"",""lsf"":""0"",""lsf_minus_native"":""0"",""percent_of_native"":null}]",7,7,0,"{""count"":""7"",""minimum"":""0"",""median"":""0"",""maximum"":""0"",""median_absolute_deviation"":""0""}","{""count"":""7"",""minimum"":""0"",""median"":""0"",""maximum"":""0"",""median_absolute_deviation"":""0""}","{""count"":""7"",""minimum"":""0"",""median"":""0"",""maximum"":""0"",""median_absolute_deviation"":""0""}",0,7,0,"{""lsf"":{""pair_count"":4,""available_pairs"":4,""unavailable_pairs"":0,""native"":{""count"":""4"",""minimum"":""0"",""median"":""0"",""maximum"":""0"",""median_absolute_deviation"":""0""},""lsf"":{""count"":""4"",""minimum"":""0"",""median"":""0"",""maximum"":""0"",""median_absolute_deviation"":""0""},""paired_difference"":{""count"":""4"",""minimum"":""0"",""median"":""0"",""maximum"":""0"",""median_absolute_deviation"":""0""},""lower"":0,""equal"":4,""higher"":0},""native"":{""pair_count"":3,""available_pairs"":3,""unavailable_pairs"":0,""native"":{""count"":""3"",""minimum"":""0"",""median"":""0"",""maximum"":""0"",""median_absolute_deviation"":""0""},""lsf"":{""count"":""3"",""minimum"":""0"",""median"":""0"",""maximum"":""0"",""median_absolute_deviation"":""0""},""paired_difference"":{""count"":""3"",""minimum"":""0"",""median"":""0"",""maximum"":""0"",""median_absolute_deviation"":""0""},""lower"":0,""equal"":3,""higher"":0}}"
8,final,child.rss_bytes,bytes,"[{""pair"":0,""first_arm"":""native"",""native_group"":2,""lsf_group"":3,""native"":""0"",""lsf"":""0"",""lsf_minus_native"":""0"",""percent_of_native"":null},{""pair"":1,""first_arm"":""native"",""native_group"":0,""lsf_group"":1,""native"":""0"",""lsf"":""0"",""lsf_minus_native"":""0"",""percent_of_native"":null},{""pair"":2,""first_arm"":""lsf"",""native_group"":5,""lsf_group"":4,""native"":""0"",""lsf"":""0"",""lsf_minus_native"":""0"",""percent_of_native"":null},{""pair"":3,""first_arm"":""lsf"",""native_group"":3,""lsf_group"":2,""native"":""0"",""lsf"":""0"",""lsf_minus_native"":""0"",""percent_of_native"":null},{""pair"":4,""first_arm"":""lsf"",""native_group"":1,""lsf_group"":0,""native"":""0"",""lsf"":""0"",""lsf_minus_native"":""0"",""percent_of_native"":null},{""pair"":5,""first_arm"":""native"",""native_group"":4,""lsf_group"":5,""native"":""0"",""lsf"":""0"",""lsf_minus_native"":""0"",""percent_of_native"":null},{""pair"":6,""first_arm"":""native"",""native_group"":2,""lsf_group"":3,""native"":""0"",""lsf"":""0"",""lsf_minus_native"":""0"",""percent_of_native"":null}]",7,7,0,"{""count"":""7"",""minimum"":""0"",""median"":""0"",""maximum"":""0"",""median_absolute_deviation"":""0""}","{""count"":""7"",""minimum"":""0"",""median"":""0"",""maximum"":""0"",""median_absolute_deviation"":""0""}","{""count"":""7"",""minimum"":""0"",""median"":""0"",""maximum"":""0"",""median_absolute_deviation"":""0""}",0,7,0,"{""lsf"":{""pair_count"":3,""available_pairs"":3,""unavailable_pairs"":0,""native"":{""count"":""3"",""minimum"":""0"",""median"":""0"",""maximum"":""0"",""median_absolute_deviation"":""0""},""lsf"":{""count"":""3"",""minimum"":""0"",""median"":""0"",""maximum"":""0"",""median_absolute_deviation"":""0""},""paired_difference"":{""count"":""3"",""minimum"":""0"",""median"":""0"",""maximum"":""0"",""median_absolute_deviation"":""0""},""lower"":0,""equal"":3,""higher"":0},""native"":{""pair_count"":4,""available_pairs"":4,""unavailable_pairs"":0,""native"":{""count"":""4"",""minimum"":""0"",""median"":""0"",""maximum"":""0"",""median_absolute_deviation"":""0""},""lsf"":{""count"":""4"",""minimum"":""0"",""median"":""0"",""maximum"":""0"",""median_absolute_deviation"":""0""},""paired_difference"":{""count"":""4"",""minimum"":""0"",""median"":""0"",""maximum"":""0"",""median_absolute_deviation"":""0""},""lower"":0,""equal"":4,""higher"":0}}"
8,final,child.threads,count,"[{""pair"":0,""first_arm"":""native"",""native_group"":2,""lsf_group"":3,""native"":""0"",""lsf"":""0"",""lsf_minus_native"":""0"",""percent_of_native"":null},{""pair"":1,""first_arm"":""native"",""native_group"":0,""lsf_group"":1,""native"":""0"",""lsf"":""0"",""lsf_minus_native"":""0"",""percent_of_native"":null},{""pair"":2,""first_arm"":""lsf"",""native_group"":5,""lsf_group"":4,""native"":""0"",""lsf"":""0"",""lsf_minus_native"":""0"",""percent_of_native"":null},{""pair"":3,""first_arm"":""lsf"",""native_group"":3,""lsf_group"":2,""native"":""0"",""lsf"":""0"",""lsf_minus_native"":""0"",""percent_of_native"":null},{""pair"":4,""first_arm"":""lsf"",""native_group"":1,""lsf_group"":0,""native"":""0"",""lsf"":""0"",""lsf_minus_native"":""0"",""percent_of_native"":null},{""pair"":5,""first_arm"":""native"",""native_group"":4,""lsf_group"":5,""native"":""0"",""lsf"":""0"",""lsf_minus_native"":""0"",""percent_of_native"":null},{""pair"":6,""first_arm"":""native"",""native_group"":2,""lsf_group"":3,""native"":""0"",""lsf"":""0"",""lsf_minus_native"":""0"",""percent_of_native"":null}]",7,7,0,"{""count"":""7"",""minimum"":""0"",""median"":""0"",""maximum"":""0"",""median_absolute_deviation"":""0""}","{""count"":""7"",""minimum"":""0"",""median"":""0"",""maximum"":""0"",""median_absolute_deviation"":""0""}","{""count"":""7"",""minimum"":""0"",""median"":""0"",""maximum"":""0"",""median_absolute_deviation"":""0""}",0,7,0,"{""lsf"":{""pair_count"":3,""available_pairs"":3,""unavailable_pairs"":0,""native"":{""count"":""3"",""minimum"":""0"",""median"":""0"",""maximum"":""0"",""median_absolute_deviation"":""0""},""lsf"":{""count"":""3"",""minimum"":""0"",""median"":""0"",""maximum"":""0"",""median_absolute_deviation"":""0""},""paired_difference"":{""count"":""3"",""minimum"":""0"",""median"":""0"",""maximum"":""0"",""median_absolute_deviation"":""0""},""lower"":0,""equal"":3,""higher"":0},""native"":{""pair_count"":4,""available_pairs"":4,""unavailable_pairs"":0,""native"":{""count"":""4"",""minimum"":""0"",""median"":""0"",""maximum"":""0"",""median_absolute_deviation"":""0""},""lsf"":{""count"":""4"",""minimum"":""0"",""median"":""0"",""maximum"":""0"",""median_absolute_deviation"":""0""},""paired_difference"":{""count"":""4"",""minimum"":""0"",""median"":""0"",""maximum"":""0"",""median_absolute_deviation"":""0""},""lower"":0,""equal"":4,""higher"":0}}"
8,final,child.fd_count,count,"[{""pair"":0,""first_arm"":""native"",""native_group"":2,""lsf_group"":3,""native"":""0"",""lsf"":""0"",""lsf_minus_native"":""0"",""percent_of_native"":null},{""pair"":1,""first_arm"":""native"",""native_group"":0,""lsf_group"":1,""native"":""0"",""lsf"":""0"",""lsf_minus_native"":""0"",""percent_of_native"":null},{""pair"":2,""first_arm"":""lsf"",""native_group"":5,""lsf_group"":4,""native"":""0"",""lsf"":""0"",""lsf_minus_native"":""0"",""percent_of_native"":null},{""pair"":3,""first_arm"":""lsf"",""native_group"":3,""lsf_group"":2,""native"":""0"",""lsf"":""0"",""lsf_minus_native"":""0"",""percent_of_native"":null},{""pair"":4,""first_arm"":""lsf"",""native_group"":1,""lsf_group"":0,""native"":""0"",""lsf"":""0"",""lsf_minus_native"":""0"",""percent_of_native"":null},{""pair"":5,""first_arm"":""native"",""native_group"":4,""lsf_group"":5,""native"":""0"",""lsf"":""0"",""lsf_minus_native"":""0"",""percent_of_native"":null},{""pair"":6,""first_arm"":""native"",""native_group"":2,""lsf_group"":3,""native"":""0"",""lsf"":""0"",""lsf_minus_native"":""0"",""percent_of_native"":null}]",7,7,0,"{""count"":""7"",""minimum"":""0"",""median"":""0"",""maximum"":""0"",""median_absolute_deviation"":""0""}","{""count"":""7"",""minimum"":""0"",""median"":""0"",""maximum"":""0"",""median_absolute_deviation"":""0""}","{""count"":""7"",""minimum"":""0"",""median"":""0"",""maximum"":""0"",""median_absolute_deviation"":""0""}",0,7,0,"{""lsf"":{""pair_count"":3,""available_pairs"":3,""unavailable_pairs"":0,""native"":{""count"":""3"",""minimum"":""0"",""median"":""0"",""maximum"":""0"",""median_absolute_deviation"":""0""},""lsf"":{""count"":""3"",""minimum"":""0"",""median"":""0"",""maximum"":""0"",""median_absolute_deviation"":""0""},""paired_difference"":{""count"":""3"",""minimum"":""0"",""median"":""0"",""maximum"":""0"",""median_absolute_deviation"":""0""},""lower"":0,""equal"":3,""higher"":0},""native"":{""pair_count"":4,""available_pairs"":4,""unavailable_pairs"":0,""native"":{""count"":""4"",""minimum"":""0"",""median"":""0"",""maximum"":""0"",""median_absolute_deviation"":""0""},""lsf"":{""count"":""4"",""minimum"":""0"",""median"":""0"",""maximum"":""0"",""median_absolute_deviation"":""0""},""paired_difference"":{""count"":""4"",""minimum"":""0"",""median"":""0"",""maximum"":""0"",""median_absolute_deviation"":""0""},""lower"":0,""equal"":4,""higher"":0}}"
8,final,child.listener_count,count,"[{""pair"":0,""first_arm"":""native"",""native_group"":2,""lsf_group"":3,""native"":""0"",""lsf"":""0"",""lsf_minus_native"":""0"",""percent_of_native"":null},{""pair"":1,""first_arm"":""native"",""native_group"":0,""lsf_group"":1,""native"":""0"",""lsf"":""0"",""lsf_minus_native"":""0"",""percent_of_native"":null},{""pair"":2,""first_arm"":""lsf"",""native_group"":5,""lsf_group"":4,""native"":""0"",""lsf"":""0"",""lsf_minus_native"":""0"",""percent_of_native"":null},{""pair"":3,""first_arm"":""lsf"",""native_group"":3,""lsf_group"":2,""native"":""0"",""lsf"":""0"",""lsf_minus_native"":""0"",""percent_of_native"":null},{""pair"":4,""first_arm"":""lsf"",""native_group"":1,""lsf_group"":0,""native"":""0"",""lsf"":""0"",""lsf_minus_native"":""0"",""percent_of_native"":null},{""pair"":5,""first_arm"":""native"",""native_group"":4,""lsf_group"":5,""native"":""0"",""lsf"":""0"",""lsf_minus_native"":""0"",""percent_of_native"":null},{""pair"":6,""first_arm"":""native"",""native_group"":2,""lsf_group"":3,""native"":""0"",""lsf"":""0"",""lsf_minus_native"":""0"",""percent_of_native"":null}]",7,7,0,"{""count"":""7"",""minimum"":""0"",""median"":""0"",""maximum"":""0"",""median_absolute_deviation"":""0""}","{""count"":""7"",""minimum"":""0"",""median"":""0"",""maximum"":""0"",""median_absolute_deviation"":""0""}","{""count"":""7"",""minimum"":""0"",""median"":""0"",""maximum"":""0"",""median_absolute_deviation"":""0""}",0,7,0,"{""lsf"":{""pair_count"":3,""available_pairs"":3,""unavailable_pairs"":0,""native"":{""count"":""3"",""minimum"":""0"",""median"":""0"",""maximum"":""0"",""median_absolute_deviation"":""0""},""lsf"":{""count"":""3"",""minimum"":""0"",""median"":""0"",""maximum"":""0"",""median_absolute_deviation"":""0""},""paired_difference"":{""count"":""3"",""minimum"":""0"",""median"":""0"",""maximum"":""0"",""median_absolute_deviation"":""0""},""lower"":0,""equal"":3,""higher"":0},""native"":{""pair_count"":4,""available_pairs"":4,""unavailable_pairs"":0,""native"":{""count"":""4"",""minimum"":""0"",""median"":""0"",""maximum"":""0"",""median_absolute_deviation"":""0""},""lsf"":{""count"":""4"",""minimum"":""0"",""median"":""0"",""maximum"":""0"",""median_absolute_deviation"":""0""},""paired_difference"":{""count"":""4"",""minimum"":""0"",""median"":""0"",""maximum"":""0"",""median_absolute_deviation"":""0""},""lower"":0,""equal"":4,""higher"":0}}"
8,final,wrapper.rss_bytes,bytes,"[{""pair"":0,""first_arm"":""native"",""native_group"":2,""lsf_group"":3,""native"":""131072"",""lsf"":""0"",""lsf_minus_native"":""-131072"",""percent_of_native"":""-100""},{""pair"":1,""first_arm"":""native"",""native_group"":0,""lsf_group"":1,""native"":""0"",""lsf"":""0"",""lsf_minus_native"":""0"",""percent_of_native"":null},{""pair"":2,""first_arm"":""lsf"",""native_group"":5,""lsf_group"":4,""native"":""0"",""lsf"":""0"",""lsf_minus_native"":""0"",""percent_of_native"":null},{""pair"":3,""first_arm"":""lsf"",""native_group"":3,""lsf_group"":2,""native"":""0"",""lsf"":""0"",""lsf_minus_native"":""0"",""percent_of_native"":null},{""pair"":4,""first_arm"":""lsf"",""native_group"":1,""lsf_group"":0,""native"":""0"",""lsf"":""0"",""lsf_minus_native"":""0"",""percent_of_native"":null},{""pair"":5,""first_arm"":""native"",""native_group"":4,""lsf_group"":5,""native"":""0"",""lsf"":""0"",""lsf_minus_native"":""0"",""percent_of_native"":null},{""pair"":6,""first_arm"":""native"",""native_group"":2,""lsf_group"":3,""native"":""0"",""lsf"":""0"",""lsf_minus_native"":""0"",""percent_of_native"":null}]",7,7,0,"{""count"":""7"",""minimum"":""0"",""median"":""0"",""maximum"":""131072"",""median_absolute_deviation"":""0""}","{""count"":""7"",""minimum"":""0"",""median"":""0"",""maximum"":""0"",""median_absolute_deviation"":""0""}","{""count"":""7"",""minimum"":""-131072"",""median"":""0"",""maximum"":""0"",""median_absolute_deviation"":""0""}",1,6,0,"{""lsf"":{""pair_count"":3,""available_pairs"":3,""unavailable_pairs"":0,""native"":{""count"":""3"",""minimum"":""0"",""median"":""0"",""maximum"":""0"",""median_absolute_deviation"":""0""},""lsf"":{""count"":""3"",""minimum"":""0"",""median"":""0"",""maximum"":""0"",""median_absolute_deviation"":""0""},""paired_difference"":{""count"":""3"",""minimum"":""0"",""median"":""0"",""maximum"":""0"",""median_absolute_deviation"":""0""},""lower"":0,""equal"":3,""higher"":0},""native"":{""pair_count"":4,""available_pairs"":4,""unavailable_pairs"":0,""native"":{""count"":""4"",""minimum"":""0"",""median"":""0"",""maximum"":""131072"",""median_absolute_deviation"":""0""},""lsf"":{""count"":""4"",""minimum"":""0"",""median"":""0"",""maximum"":""0"",""median_absolute_deviation"":""0""},""paired_difference"":{""count"":""4"",""minimum"":""-131072"",""median"":""0"",""maximum"":""0"",""median_absolute_deviation"":""0""},""lower"":1,""equal"":3,""higher"":0}}"
8,final,wrapper.threads,count,"[{""pair"":0,""first_arm"":""native"",""native_group"":2,""lsf_group"":3,""native"":""0"",""lsf"":""0"",""lsf_minus_native"":""0"",""percent_of_native"":null},{""pair"":1,""first_arm"":""native"",""native_group"":0,""lsf_group"":1,""native"":""0"",""lsf"":""0"",""lsf_minus_native"":""0"",""percent_of_native"":null},{""pair"":2,""first_arm"":""lsf"",""native_group"":5,""lsf_group"":4,""native"":""0"",""lsf"":""0"",""lsf_minus_native"":""0"",""percent_of_native"":null},{""pair"":3,""first_arm"":""lsf"",""native_group"":3,""lsf_group"":2,""native"":""0"",""lsf"":""0"",""lsf_minus_native"":""0"",""percent_of_native"":null},{""pair"":4,""first_arm"":""lsf"",""native_group"":1,""lsf_group"":0,""native"":""0"",""lsf"":""0"",""lsf_minus_native"":""0"",""percent_of_native"":null},{""pair"":5,""first_arm"":""native"",""native_group"":4,""lsf_group"":5,""native"":""0"",""lsf"":""0"",""lsf_minus_native"":""0"",""percent_of_native"":null},{""pair"":6,""first_arm"":""native"",""native_group"":2,""lsf_group"":3,""native"":""0"",""lsf"":""0"",""lsf_minus_native"":""0"",""percent_of_native"":null}]",7,7,0,"{""count"":""7"",""minimum"":""0"",""median"":""0"",""maximum"":""0"",""median_absolute_deviation"":""0""}","{""count"":""7"",""minimum"":""0"",""median"":""0"",""maximum"":""0"",""median_absolute_deviation"":""0""}","{""count"":""7"",""minimum"":""0"",""median"":""0"",""maximum"":""0"",""median_absolute_deviation"":""0""}",0,7,0,"{""lsf"":{""pair_count"":3,""available_pairs"":3,""unavailable_pairs"":0,""native"":{""count"":""3"",""minimum"":""0"",""median"":""0"",""maximum"":""0"",""median_absolute_deviation"":""0""},""lsf"":{""count"":""3"",""minimum"":""0"",""median"":""0"",""maximum"":""0"",""median_absolute_deviation"":""0""},""paired_difference"":{""count"":""3"",""minimum"":""0"",""median"":""0"",""maximum"":""0"",""median_absolute_deviation"":""0""},""lower"":0,""equal"":3,""higher"":0},""native"":{""pair_count"":4,""available_pairs"":4,""unavailable_pairs"":0,""native"":{""count"":""4"",""minimum"":""0"",""median"":""0"",""maximum"":""0"",""median_absolute_deviation"":""0""},""lsf"":{""count"":""4"",""minimum"":""0"",""median"":""0"",""maximum"":""0"",""median_absolute_deviation"":""0""},""paired_difference"":{""count"":""4"",""minimum"":""0"",""median"":""0"",""maximum"":""0"",""median_absolute_deviation"":""0""},""lower"":0,""equal"":4,""higher"":0}}"
8,final,wrapper.fd_count,count,"[{""pair"":0,""first_arm"":""native"",""native_group"":2,""lsf_group"":3,""native"":""0"",""lsf"":""0"",""lsf_minus_native"":""0"",""percent_of_native"":null},{""pair"":1,""first_arm"":""native"",""native_group"":0,""lsf_group"":1,""native"":""0"",""lsf"":""0"",""lsf_minus_native"":""0"",""percent_of_native"":null},{""pair"":2,""first_arm"":""lsf"",""native_group"":5,""lsf_group"":4,""native"":""0"",""lsf"":""0"",""lsf_minus_native"":""0"",""percent_of_native"":null},{""pair"":3,""first_arm"":""lsf"",""native_group"":3,""lsf_group"":2,""native"":""0"",""lsf"":""0"",""lsf_minus_native"":""0"",""percent_of_native"":null},{""pair"":4,""first_arm"":""lsf"",""native_group"":1,""lsf_group"":0,""native"":""0"",""lsf"":""0"",""lsf_minus_native"":""0"",""percent_of_native"":null},{""pair"":5,""first_arm"":""native"",""native_group"":4,""lsf_group"":5,""native"":""0"",""lsf"":""0"",""lsf_minus_native"":""0"",""percent_of_native"":null},{""pair"":6,""first_arm"":""native"",""native_group"":2,""lsf_group"":3,""native"":""0"",""lsf"":""0"",""lsf_minus_native"":""0"",""percent_of_native"":null}]",7,7,0,"{""count"":""7"",""minimum"":""0"",""median"":""0"",""maximum"":""0"",""median_absolute_deviation"":""0""}","{""count"":""7"",""minimum"":""0"",""median"":""0"",""maximum"":""0"",""median_absolute_deviation"":""0""}","{""count"":""7"",""minimum"":""0"",""median"":""0"",""maximum"":""0"",""median_absolute_deviation"":""0""}",0,7,0,"{""lsf"":{""pair_count"":3,""available_pairs"":3,""unavailable_pairs"":0,""native"":{""count"":""3"",""minimum"":""0"",""median"":""0"",""maximum"":""0"",""median_absolute_deviation"":""0""},""lsf"":{""count"":""3"",""minimum"":""0"",""median"":""0"",""maximum"":""0"",""median_absolute_deviation"":""0""},""paired_difference"":{""count"":""3"",""minimum"":""0"",""median"":""0"",""maximum"":""0"",""median_absolute_deviation"":""0""},""lower"":0,""equal"":3,""higher"":0},""native"":{""pair_count"":4,""available_pairs"":4,""unavailable_pairs"":0,""native"":{""count"":""4"",""minimum"":""0"",""median"":""0"",""maximum"":""0"",""median_absolute_deviation"":""0""},""lsf"":{""count"":""4"",""minimum"":""0"",""median"":""0"",""maximum"":""0"",""median_absolute_deviation"":""0""},""paired_difference"":{""count"":""4"",""minimum"":""0"",""median"":""0"",""maximum"":""0"",""median_absolute_deviation"":""0""},""lower"":0,""equal"":4,""higher"":0}}"
8,final,wrapper.listener_count,count,"[{""pair"":0,""first_arm"":""native"",""native_group"":2,""lsf_group"":3,""native"":""0"",""lsf"":""0"",""lsf_minus_native"":""0"",""percent_of_native"":null},{""pair"":1,""first_arm"":""native"",""native_group"":0,""lsf_group"":1,""native"":""0"",""lsf"":""0"",""lsf_minus_native"":""0"",""percent_of_native"":null},{""pair"":2,""first_arm"":""lsf"",""native_group"":5,""lsf_group"":4,""native"":""0"",""lsf"":""0"",""lsf_minus_native"":""0"",""percent_of_native"":null},{""pair"":3,""first_arm"":""lsf"",""native_group"":3,""lsf_group"":2,""native"":""0"",""lsf"":""0"",""lsf_minus_native"":""0"",""percent_of_native"":null},{""pair"":4,""first_arm"":""lsf"",""native_group"":1,""lsf_group"":0,""native"":""0"",""lsf"":""0"",""lsf_minus_native"":""0"",""percent_of_native"":null},{""pair"":5,""first_arm"":""native"",""native_group"":4,""lsf_group"":5,""native"":""0"",""lsf"":""0"",""lsf_minus_native"":""0"",""percent_of_native"":null},{""pair"":6,""first_arm"":""native"",""native_group"":2,""lsf_group"":3,""native"":""0"",""lsf"":""0"",""lsf_minus_native"":""0"",""percent_of_native"":null}]",7,7,0,"{""count"":""7"",""minimum"":""0"",""median"":""0"",""maximum"":""0"",""median_absolute_deviation"":""0""}","{""count"":""7"",""minimum"":""0"",""median"":""0"",""maximum"":""0"",""median_absolute_deviation"":""0""}","{""count"":""7"",""minimum"":""0"",""median"":""0"",""maximum"":""0"",""median_absolute_deviation"":""0""}",0,7,0,"{""lsf"":{""pair_count"":3,""available_pairs"":3,""unavailable_pairs"":0,""native"":{""count"":""3"",""minimum"":""0"",""median"":""0"",""maximum"":""0"",""median_absolute_deviation"":""0""},""lsf"":{""count"":""3"",""minimum"":""0"",""median"":""0"",""maximum"":""0"",""median_absolute_deviation"":""0""},""paired_difference"":{""count"":""3"",""minimum"":""0"",""median"":""0"",""maximum"":""0"",""median_absolute_deviation"":""0""},""lower"":0,""equal"":3,""higher"":0},""native"":{""pair_count"":4,""available_pairs"":4,""unavailable_pairs"":0,""native"":{""count"":""4"",""minimum"":""0"",""median"":""0"",""maximum"":""0"",""median_absolute_deviation"":""0""},""lsf"":{""count"":""4"",""minimum"":""0"",""median"":""0"",""maximum"":""0"",""median_absolute_deviation"":""0""},""paired_difference"":{""count"":""4"",""minimum"":""0"",""median"":""0"",""maximum"":""0"",""median_absolute_deviation"":""0""},""lower"":0,""equal"":4,""higher"":0}}"
8,final,cgroup.memory_current_bytes,bytes,"[{""pair"":0,""first_arm"":""native"",""native_group"":2,""lsf_group"":3,""native"":""131072"",""lsf"":""28672"",""lsf_minus_native"":""-102400"",""percent_of_native"":""-78.125""},{""pair"":1,""first_arm"":""native"",""native_group"":0,""lsf_group"":1,""native"":""114688"",""lsf"":""24576"",""lsf_minus_native"":""-90112"",""percent_of_native"":""-78.571429""},{""pair"":2,""first_arm"":""lsf"",""native_group"":5,""lsf_group"":4,""native"":""114688"",""lsf"":""-28672"",""lsf_minus_native"":""-143360"",""percent_of_native"":""-125""},{""pair"":3,""first_arm"":""lsf"",""native_group"":3,""lsf_group"":2,""native"":""389120"",""lsf"":""28672"",""lsf_minus_native"":""-360448"",""percent_of_native"":""-92.631579""},{""pair"":4,""first_arm"":""lsf"",""native_group"":1,""lsf_group"":0,""native"":""-151552"",""lsf"":""24576"",""lsf_minus_native"":""176128"",""percent_of_native"":""-116.216216""},{""pair"":5,""first_arm"":""native"",""native_group"":4,""lsf_group"":5,""native"":""106496"",""lsf"":""-229376"",""lsf_minus_native"":""-335872"",""percent_of_native"":""-315.384615""},{""pair"":6,""first_arm"":""native"",""native_group"":2,""lsf_group"":3,""native"":""98304"",""lsf"":""36864"",""lsf_minus_native"":""-61440"",""percent_of_native"":""-62.5""}]",7,7,0,"{""count"":""7"",""minimum"":""-151552"",""median"":""114688"",""maximum"":""389120"",""median_absolute_deviation"":""16384""}","{""count"":""7"",""minimum"":""-229376"",""median"":""24576"",""maximum"":""36864"",""median_absolute_deviation"":""4096""}","{""count"":""7"",""minimum"":""-360448"",""median"":""-102400"",""maximum"":""176128"",""median_absolute_deviation"":""40960""}",6,0,1,"{""lsf"":{""pair_count"":3,""available_pairs"":3,""unavailable_pairs"":0,""native"":{""count"":""3"",""minimum"":""-151552"",""median"":""114688"",""maximum"":""389120"",""median_absolute_deviation"":""266240""},""lsf"":{""count"":""3"",""minimum"":""-28672"",""median"":""24576"",""maximum"":""28672"",""median_absolute_deviation"":""4096""},""paired_difference"":{""count"":""3"",""minimum"":""-360448"",""median"":""-143360"",""maximum"":""176128"",""median_absolute_deviation"":""217088""},""lower"":2,""equal"":0,""higher"":1},""native"":{""pair_count"":4,""available_pairs"":4,""unavailable_pairs"":0,""native"":{""count"":""4"",""minimum"":""98304"",""median"":""110592"",""maximum"":""131072"",""median_absolute_deviation"":""8192""},""lsf"":{""count"":""4"",""minimum"":""-229376"",""median"":""26624"",""maximum"":""36864"",""median_absolute_deviation"":""6144""},""paired_difference"":{""count"":""4"",""minimum"":""-335872"",""median"":""-96256"",""maximum"":""-61440"",""median_absolute_deviation"":""20480""},""lower"":4,""equal"":0,""higher"":0}}"
8,final,cgroup.sum_leaf_lifetime_memory_peak_bytes,bytes,"[{""pair"":0,""first_arm"":""native"",""native_group"":2,""lsf_group"":3,""native"":""0"",""lsf"":""0"",""lsf_minus_native"":""0"",""percent_of_native"":null},{""pair"":1,""first_arm"":""native"",""native_group"":0,""lsf_group"":1,""native"":""0"",""lsf"":""0"",""lsf_minus_native"":""0"",""percent_of_native"":null},{""pair"":2,""first_arm"":""lsf"",""native_group"":5,""lsf_group"":4,""native"":""0"",""lsf"":""0"",""lsf_minus_native"":""0"",""percent_of_native"":null},{""pair"":3,""first_arm"":""lsf"",""native_group"":3,""lsf_group"":2,""native"":""0"",""lsf"":""0"",""lsf_minus_native"":""0"",""percent_of_native"":null},{""pair"":4,""first_arm"":""lsf"",""native_group"":1,""lsf_group"":0,""native"":""0"",""lsf"":""0"",""lsf_minus_native"":""0"",""percent_of_native"":null},{""pair"":5,""first_arm"":""native"",""native_group"":4,""lsf_group"":5,""native"":""0"",""lsf"":""0"",""lsf_minus_native"":""0"",""percent_of_native"":null},{""pair"":6,""first_arm"":""native"",""native_group"":2,""lsf_group"":3,""native"":""0"",""lsf"":""0"",""lsf_minus_native"":""0"",""percent_of_native"":null}]",7,7,0,"{""count"":""7"",""minimum"":""0"",""median"":""0"",""maximum"":""0"",""median_absolute_deviation"":""0""}","{""count"":""7"",""minimum"":""0"",""median"":""0"",""maximum"":""0"",""median_absolute_deviation"":""0""}","{""count"":""7"",""minimum"":""0"",""median"":""0"",""maximum"":""0"",""median_absolute_deviation"":""0""}",0,7,0,"{""lsf"":{""pair_count"":3,""available_pairs"":3,""unavailable_pairs"":0,""native"":{""count"":""3"",""minimum"":""0"",""median"":""0"",""maximum"":""0"",""median_absolute_deviation"":""0""},""lsf"":{""count"":""3"",""minimum"":""0"",""median"":""0"",""maximum"":""0"",""median_absolute_deviation"":""0""},""paired_difference"":{""count"":""3"",""minimum"":""0"",""median"":""0"",""maximum"":""0"",""median_absolute_deviation"":""0""},""lower"":0,""equal"":3,""higher"":0},""native"":{""pair_count"":4,""available_pairs"":4,""unavailable_pairs"":0,""native"":{""count"":""4"",""minimum"":""0"",""median"":""0"",""maximum"":""0"",""median_absolute_deviation"":""0""},""lsf"":{""count"":""4"",""minimum"":""0"",""median"":""0"",""maximum"":""0"",""median_absolute_deviation"":""0""},""paired_difference"":{""count"":""4"",""minimum"":""0"",""median"":""0"",""maximum"":""0"",""median_absolute_deviation"":""0""},""lower"":0,""equal"":4,""higher"":0}}"
8,final,cgroup.memory_swap_current_bytes,bytes,"[{""pair"":0,""first_arm"":""native"",""native_group"":2,""lsf_group"":3,""native"":""0"",""lsf"":""0"",""lsf_minus_native"":""0"",""percent_of_native"":null},{""pair"":1,""first_arm"":""native"",""native_group"":0,""lsf_group"":1,""native"":""0"",""lsf"":""0"",""lsf_minus_native"":""0"",""percent_of_native"":null},{""pair"":2,""first_arm"":""lsf"",""native_group"":5,""lsf_group"":4,""native"":""0"",""lsf"":""0"",""lsf_minus_native"":""0"",""percent_of_native"":null},{""pair"":3,""first_arm"":""lsf"",""native_group"":3,""lsf_group"":2,""native"":""0"",""lsf"":""0"",""lsf_minus_native"":""0"",""percent_of_native"":null},{""pair"":4,""first_arm"":""lsf"",""native_group"":1,""lsf_group"":0,""native"":""0"",""lsf"":""0"",""lsf_minus_native"":""0"",""percent_of_native"":null},{""pair"":5,""first_arm"":""native"",""native_group"":4,""lsf_group"":5,""native"":""0"",""lsf"":""0"",""lsf_minus_native"":""0"",""percent_of_native"":null},{""pair"":6,""first_arm"":""native"",""native_group"":2,""lsf_group"":3,""native"":""0"",""lsf"":""0"",""lsf_minus_native"":""0"",""percent_of_native"":null}]",7,7,0,"{""count"":""7"",""minimum"":""0"",""median"":""0"",""maximum"":""0"",""median_absolute_deviation"":""0""}","{""count"":""7"",""minimum"":""0"",""median"":""0"",""maximum"":""0"",""median_absolute_deviation"":""0""}","{""count"":""7"",""minimum"":""0"",""median"":""0"",""maximum"":""0"",""median_absolute_deviation"":""0""}",0,7,0,"{""lsf"":{""pair_count"":3,""available_pairs"":3,""unavailable_pairs"":0,""native"":{""count"":""3"",""minimum"":""0"",""median"":""0"",""maximum"":""0"",""median_absolute_deviation"":""0""},""lsf"":{""count"":""3"",""minimum"":""0"",""median"":""0"",""maximum"":""0"",""median_absolute_deviation"":""0""},""paired_difference"":{""count"":""3"",""minimum"":""0"",""median"":""0"",""maximum"":""0"",""median_absolute_deviation"":""0""},""lower"":0,""equal"":3,""higher"":0},""native"":{""pair_count"":4,""available_pairs"":4,""unavailable_pairs"":0,""native"":{""count"":""4"",""minimum"":""0"",""median"":""0"",""maximum"":""0"",""median_absolute_deviation"":""0""},""lsf"":{""count"":""4"",""minimum"":""0"",""median"":""0"",""maximum"":""0"",""median_absolute_deviation"":""0""},""paired_difference"":{""count"":""4"",""minimum"":""0"",""median"":""0"",""maximum"":""0"",""median_absolute_deviation"":""0""},""lower"":0,""equal"":4,""higher"":0}}"
8,final,cgroup.pids_current,count,"[{""pair"":0,""first_arm"":""native"",""native_group"":2,""lsf_group"":3,""native"":""0"",""lsf"":""0"",""lsf_minus_native"":""0"",""percent_of_native"":null},{""pair"":1,""first_arm"":""native"",""native_group"":0,""lsf_group"":1,""native"":""0"",""lsf"":""0"",""lsf_minus_native"":""0"",""percent_of_native"":null},{""pair"":2,""first_arm"":""lsf"",""native_group"":5,""lsf_group"":4,""native"":""0"",""lsf"":""0"",""lsf_minus_native"":""0"",""percent_of_native"":null},{""pair"":3,""first_arm"":""lsf"",""native_group"":3,""lsf_group"":2,""native"":""0"",""lsf"":""0"",""lsf_minus_native"":""0"",""percent_of_native"":null},{""pair"":4,""first_arm"":""lsf"",""native_group"":1,""lsf_group"":0,""native"":""0"",""lsf"":""0"",""lsf_minus_native"":""0"",""percent_of_native"":null},{""pair"":5,""first_arm"":""native"",""native_group"":4,""lsf_group"":5,""native"":""0"",""lsf"":""0"",""lsf_minus_native"":""0"",""percent_of_native"":null},{""pair"":6,""first_arm"":""native"",""native_group"":2,""lsf_group"":3,""native"":""0"",""lsf"":""0"",""lsf_minus_native"":""0"",""percent_of_native"":null}]",7,7,0,"{""count"":""7"",""minimum"":""0"",""median"":""0"",""maximum"":""0"",""median_absolute_deviation"":""0""}","{""count"":""7"",""minimum"":""0"",""median"":""0"",""maximum"":""0"",""median_absolute_deviation"":""0""}","{""count"":""7"",""minimum"":""0"",""median"":""0"",""maximum"":""0"",""median_absolute_deviation"":""0""}",0,7,0,"{""lsf"":{""pair_count"":3,""available_pairs"":3,""unavailable_pairs"":0,""native"":{""count"":""3"",""minimum"":""0"",""median"":""0"",""maximum"":""0"",""median_absolute_deviation"":""0""},""lsf"":{""count"":""3"",""minimum"":""0"",""median"":""0"",""maximum"":""0"",""median_absolute_deviation"":""0""},""paired_difference"":{""count"":""3"",""minimum"":""0"",""median"":""0"",""maximum"":""0"",""median_absolute_deviation"":""0""},""lower"":0,""equal"":3,""higher"":0},""native"":{""pair_count"":4,""available_pairs"":4,""unavailable_pairs"":0,""native"":{""count"":""4"",""minimum"":""0"",""median"":""0"",""maximum"":""0"",""median_absolute_deviation"":""0""},""lsf"":{""count"":""4"",""minimum"":""0"",""median"":""0"",""maximum"":""0"",""median_absolute_deviation"":""0""},""paired_difference"":{""count"":""4"",""minimum"":""0"",""median"":""0"",""maximum"":""0"",""median_absolute_deviation"":""0""},""lower"":0,""equal"":4,""higher"":0}}"
8,final,cgroup.cpu.usage_usec,us,"[{""pair"":0,""first_arm"":""native"",""native_group"":2,""lsf_group"":3,""native"":""68957"",""lsf"":""11799"",""lsf_minus_native"":""-57158"",""percent_of_native"":""-82.889337""},{""pair"":1,""first_arm"":""native"",""native_group"":0,""lsf_group"":1,""native"":""68316"",""lsf"":""13578"",""lsf_minus_native"":""-54738"",""percent_of_native"":""-80.124715""},{""pair"":2,""first_arm"":""lsf"",""native_group"":5,""lsf_group"":4,""native"":""65570"",""lsf"":""13272"",""lsf_minus_native"":""-52298"",""percent_of_native"":""-79.759036""},{""pair"":3,""first_arm"":""lsf"",""native_group"":3,""lsf_group"":2,""native"":""72881"",""lsf"":""12649"",""lsf_minus_native"":""-60232"",""percent_of_native"":""-82.644311""},{""pair"":4,""first_arm"":""lsf"",""native_group"":1,""lsf_group"":0,""native"":""72391"",""lsf"":""11067"",""lsf_minus_native"":""-61324"",""percent_of_native"":""-84.712188""},{""pair"":5,""first_arm"":""native"",""native_group"":4,""lsf_group"":5,""native"":""78361"",""lsf"":""12077"",""lsf_minus_native"":""-66284"",""percent_of_native"":""-84.587997""},{""pair"":6,""first_arm"":""native"",""native_group"":2,""lsf_group"":3,""native"":""69731"",""lsf"":""14319"",""lsf_minus_native"":""-55412"",""percent_of_native"":""-79.465374""}]",7,7,0,"{""count"":""7"",""minimum"":""65570"",""median"":""69731"",""maximum"":""78361"",""median_absolute_deviation"":""2660""}","{""count"":""7"",""minimum"":""11067"",""median"":""12649"",""maximum"":""14319"",""median_absolute_deviation"":""850""}","{""count"":""7"",""minimum"":""-66284"",""median"":""-57158"",""maximum"":""-52298"",""median_absolute_deviation"":""3074""}",7,0,0,"{""lsf"":{""pair_count"":3,""available_pairs"":3,""unavailable_pairs"":0,""native"":{""count"":""3"",""minimum"":""65570"",""median"":""72391"",""maximum"":""72881"",""median_absolute_deviation"":""490""},""lsf"":{""count"":""3"",""minimum"":""11067"",""median"":""12649"",""maximum"":""13272"",""median_absolute_deviation"":""623""},""paired_difference"":{""count"":""3"",""minimum"":""-61324"",""median"":""-60232"",""maximum"":""-52298"",""median_absolute_deviation"":""1092""},""lower"":3,""equal"":0,""higher"":0},""native"":{""pair_count"":4,""available_pairs"":4,""unavailable_pairs"":0,""native"":{""count"":""4"",""minimum"":""68316"",""median"":""69344"",""maximum"":""78361"",""median_absolute_deviation"":""707.5""},""lsf"":{""count"":""4"",""minimum"":""11799"",""median"":""12827.5"",""maximum"":""14319"",""median_absolute_deviation"":""889.5""},""paired_difference"":{""count"":""4"",""minimum"":""-66284"",""median"":""-56285"",""maximum"":""-54738"",""median_absolute_deviation"":""1210""},""lower"":4,""equal"":0,""higher"":0}}"
8,final,cgroup.cpu.user_usec,us,"[{""pair"":0,""first_arm"":""native"",""native_group"":2,""lsf_group"":3,""native"":""4618"",""lsf"":""0"",""lsf_minus_native"":""-4618"",""percent_of_native"":""-100""},{""pair"":1,""first_arm"":""native"",""native_group"":0,""lsf_group"":1,""native"":""1429"",""lsf"":""5889"",""lsf_minus_native"":""4460"",""percent_of_native"":""312.106368""},{""pair"":2,""first_arm"":""lsf"",""native_group"":5,""lsf_group"":4,""native"":""875"",""lsf"":""4401"",""lsf_minus_native"":""3526"",""percent_of_native"":""402.971429""},{""pair"":3,""first_arm"":""lsf"",""native_group"":3,""lsf_group"":2,""native"":""1518"",""lsf"":""35"",""lsf_minus_native"":""-1483"",""percent_of_native"":""-97.694335""},{""pair"":4,""first_arm"":""lsf"",""native_group"":1,""lsf_group"":0,""native"":""5027"",""lsf"":""2021"",""lsf_minus_native"":""-3006"",""percent_of_native"":""-59.797096""},{""pair"":5,""first_arm"":""native"",""native_group"":4,""lsf_group"":5,""native"":""4736"",""lsf"":""0"",""lsf_minus_native"":""-4736"",""percent_of_native"":""-100""},{""pair"":6,""first_arm"":""native"",""native_group"":2,""lsf_group"":3,""native"":""7780"",""lsf"":""4530"",""lsf_minus_native"":""-3250"",""percent_of_native"":""-41.773779""}]",7,7,0,"{""count"":""7"",""minimum"":""875"",""median"":""4618"",""maximum"":""7780"",""median_absolute_deviation"":""3100""}","{""count"":""7"",""minimum"":""0"",""median"":""2021"",""maximum"":""5889"",""median_absolute_deviation"":""2021""}","{""count"":""7"",""minimum"":""-4736"",""median"":""-3006"",""maximum"":""4460"",""median_absolute_deviation"":""1612""}",5,0,2,"{""lsf"":{""pair_count"":3,""available_pairs"":3,""unavailable_pairs"":0,""native"":{""count"":""3"",""minimum"":""875"",""median"":""1518"",""maximum"":""5027"",""median_absolute_deviation"":""643""},""lsf"":{""count"":""3"",""minimum"":""35"",""median"":""2021"",""maximum"":""4401"",""median_absolute_deviation"":""1986""},""paired_difference"":{""count"":""3"",""minimum"":""-3006"",""median"":""-1483"",""maximum"":""3526"",""median_absolute_deviation"":""1523""},""lower"":2,""equal"":0,""higher"":1},""native"":{""pair_count"":4,""available_pairs"":4,""unavailable_pairs"":0,""native"":{""count"":""4"",""minimum"":""1429"",""median"":""4677"",""maximum"":""7780"",""median_absolute_deviation"":""1581""},""lsf"":{""count"":""4"",""minimum"":""0"",""median"":""2265"",""maximum"":""5889"",""median_absolute_deviation"":""2265""},""paired_difference"":{""count"":""4"",""minimum"":""-4736"",""median"":""-3934"",""maximum"":""4460"",""median_absolute_deviation"":""743""},""lower"":3,""equal"":0,""higher"":1}}"
8,final,cgroup.cpu.system_usec,us,"[{""pair"":0,""first_arm"":""native"",""native_group"":2,""lsf_group"":3,""native"":""64338"",""lsf"":""11799"",""lsf_minus_native"":""-52539"",""percent_of_native"":""-81.660916""},{""pair"":1,""first_arm"":""native"",""native_group"":0,""lsf_group"":1,""native"":""66886"",""lsf"":""7689"",""lsf_minus_native"":""-59197"",""percent_of_native"":""-88.504321""},{""pair"":2,""first_arm"":""lsf"",""native_group"":5,""lsf_group"":4,""native"":""64694"",""lsf"":""8870"",""lsf_minus_native"":""-55824"",""percent_of_native"":""-86.2893""},{""pair"":3,""first_arm"":""lsf"",""native_group"":3,""lsf_group"":2,""native"":""71362"",""lsf"":""12615"",""lsf_minus_native"":""-58747"",""percent_of_native"":""-82.322525""},{""pair"":4,""first_arm"":""lsf"",""native_group"":1,""lsf_group"":0,""native"":""67363"",""lsf"":""9045"",""lsf_minus_native"":""-58318"",""percent_of_native"":""-86.572748""},{""pair"":5,""first_arm"":""native"",""native_group"":4,""lsf_group"":5,""native"":""73624"",""lsf"":""12077"",""lsf_minus_native"":""-61547"",""percent_of_native"":""-83.596382""},{""pair"":6,""first_arm"":""native"",""native_group"":2,""lsf_group"":3,""native"":""61951"",""lsf"":""9790"",""lsf_minus_native"":""-52161"",""percent_of_native"":""-84.197188""}]",7,7,0,"{""count"":""7"",""minimum"":""61951"",""median"":""66886"",""maximum"":""73624"",""median_absolute_deviation"":""2548""}","{""count"":""7"",""minimum"":""7689"",""median"":""9790"",""maximum"":""12615"",""median_absolute_deviation"":""2009""}","{""count"":""7"",""minimum"":""-61547"",""median"":""-58318"",""maximum"":""-52161"",""median_absolute_deviation"":""2494""}",7,0,0,"{""lsf"":{""pair_count"":3,""available_pairs"":3,""unavailable_pairs"":0,""native"":{""count"":""3"",""minimum"":""64694"",""median"":""67363"",""maximum"":""71362"",""median_absolute_deviation"":""2669""},""lsf"":{""count"":""3"",""minimum"":""8870"",""median"":""9045"",""maximum"":""12615"",""median_absolute_deviation"":""175""},""paired_difference"":{""count"":""3"",""minimum"":""-58747"",""median"":""-58318"",""maximum"":""-55824"",""median_absolute_deviation"":""429""},""lower"":3,""equal"":0,""higher"":0},""native"":{""pair_count"":4,""available_pairs"":4,""unavailable_pairs"":0,""native"":{""count"":""4"",""minimum"":""61951"",""median"":""65612"",""maximum"":""73624"",""median_absolute_deviation"":""2467.5""},""lsf"":{""count"":""4"",""minimum"":""7689"",""median"":""10794.5"",""maximum"":""12077"",""median_absolute_deviation"":""1143.5""},""paired_difference"":{""count"":""4"",""minimum"":""-61547"",""median"":""-55868"",""maximum"":""-52161"",""median_absolute_deviation"":""3518""},""lower"":4,""equal"":0,""higher"":0}}"
8,final,cgroup.cpu.nr_periods,count,"[{""pair"":0,""first_arm"":""native"",""native_group"":2,""lsf_group"":3,""native"":""16"",""lsf"":""5"",""lsf_minus_native"":""-11"",""percent_of_native"":""-68.75""},{""pair"":1,""first_arm"":""native"",""native_group"":0,""lsf_group"":1,""native"":""16"",""lsf"":""5"",""lsf_minus_native"":""-11"",""percent_of_native"":""-68.75""},{""pair"":2,""first_arm"":""lsf"",""native_group"":5,""lsf_group"":4,""native"":""17"",""lsf"":""3"",""lsf_minus_native"":""-14"",""percent_of_native"":""-82.352941""},{""pair"":3,""first_arm"":""lsf"",""native_group"":3,""lsf_group"":2,""native"":""17"",""lsf"":""4"",""lsf_minus_native"":""-13"",""percent_of_native"":""-76.470588""},{""pair"":4,""first_arm"":""lsf"",""native_group"":1,""lsf_group"":0,""native"":""16"",""lsf"":""5"",""lsf_minus_native"":""-11"",""percent_of_native"":""-68.75""},{""pair"":5,""first_arm"":""native"",""native_group"":4,""lsf_group"":5,""native"":""17"",""lsf"":""6"",""lsf_minus_native"":""-11"",""percent_of_native"":""-64.705882""},{""pair"":6,""first_arm"":""native"",""native_group"":2,""lsf_group"":3,""native"":""18"",""lsf"":""6"",""lsf_minus_native"":""-12"",""percent_of_native"":""-66.666667""}]",7,7,0,"{""count"":""7"",""minimum"":""16"",""median"":""17"",""maximum"":""18"",""median_absolute_deviation"":""1""}","{""count"":""7"",""minimum"":""3"",""median"":""5"",""maximum"":""6"",""median_absolute_deviation"":""1""}","{""count"":""7"",""minimum"":""-14"",""median"":""-11"",""maximum"":""-11"",""median_absolute_deviation"":""0""}",7,0,0,"{""lsf"":{""pair_count"":3,""available_pairs"":3,""unavailable_pairs"":0,""native"":{""count"":""3"",""minimum"":""16"",""median"":""17"",""maximum"":""17"",""median_absolute_deviation"":""0""},""lsf"":{""count"":""3"",""minimum"":""3"",""median"":""4"",""maximum"":""5"",""median_absolute_deviation"":""1""},""paired_difference"":{""count"":""3"",""minimum"":""-14"",""median"":""-13"",""maximum"":""-11"",""median_absolute_deviation"":""1""},""lower"":3,""equal"":0,""higher"":0},""native"":{""pair_count"":4,""available_pairs"":4,""unavailable_pairs"":0,""native"":{""count"":""4"",""minimum"":""16"",""median"":""16.5"",""maximum"":""18"",""median_absolute_deviation"":""0.5""},""lsf"":{""count"":""4"",""minimum"":""5"",""median"":""5.5"",""maximum"":""6"",""median_absolute_deviation"":""0.5""},""paired_difference"":{""count"":""4"",""minimum"":""-12"",""median"":""-11"",""maximum"":""-11"",""median_absolute_deviation"":""0""},""lower"":4,""equal"":0,""higher"":0}}"
8,final,cgroup.cpu.nr_throttled,count,"[{""pair"":0,""first_arm"":""native"",""native_group"":2,""lsf_group"":3,""native"":""0"",""lsf"":""0"",""lsf_minus_native"":""0"",""percent_of_native"":null},{""pair"":1,""first_arm"":""native"",""native_group"":0,""lsf_group"":1,""native"":""0"",""lsf"":""0"",""lsf_minus_native"":""0"",""percent_of_native"":null},{""pair"":2,""first_arm"":""lsf"",""native_group"":5,""lsf_group"":4,""native"":""0"",""lsf"":""0"",""lsf_minus_native"":""0"",""percent_of_native"":null},{""pair"":3,""first_arm"":""lsf"",""native_group"":3,""lsf_group"":2,""native"":""0"",""lsf"":""0"",""lsf_minus_native"":""0"",""percent_of_native"":null},{""pair"":4,""first_arm"":""lsf"",""native_group"":1,""lsf_group"":0,""native"":""0"",""lsf"":""0"",""lsf_minus_native"":""0"",""percent_of_native"":null},{""pair"":5,""first_arm"":""native"",""native_group"":4,""lsf_group"":5,""native"":""0"",""lsf"":""0"",""lsf_minus_native"":""0"",""percent_of_native"":null},{""pair"":6,""first_arm"":""native"",""native_group"":2,""lsf_group"":3,""native"":""0"",""lsf"":""0"",""lsf_minus_native"":""0"",""percent_of_native"":null}]",7,7,0,"{""count"":""7"",""minimum"":""0"",""median"":""0"",""maximum"":""0"",""median_absolute_deviation"":""0""}","{""count"":""7"",""minimum"":""0"",""median"":""0"",""maximum"":""0"",""median_absolute_deviation"":""0""}","{""count"":""7"",""minimum"":""0"",""median"":""0"",""maximum"":""0"",""median_absolute_deviation"":""0""}",0,7,0,"{""lsf"":{""pair_count"":3,""available_pairs"":3,""unavailable_pairs"":0,""native"":{""count"":""3"",""minimum"":""0"",""median"":""0"",""maximum"":""0"",""median_absolute_deviation"":""0""},""lsf"":{""count"":""3"",""minimum"":""0"",""median"":""0"",""maximum"":""0"",""median_absolute_deviation"":""0""},""paired_difference"":{""count"":""3"",""minimum"":""0"",""median"":""0"",""maximum"":""0"",""median_absolute_deviation"":""0""},""lower"":0,""equal"":3,""higher"":0},""native"":{""pair_count"":4,""available_pairs"":4,""unavailable_pairs"":0,""native"":{""count"":""4"",""minimum"":""0"",""median"":""0"",""maximum"":""0"",""median_absolute_deviation"":""0""},""lsf"":{""count"":""4"",""minimum"":""0"",""median"":""0"",""maximum"":""0"",""median_absolute_deviation"":""0""},""paired_difference"":{""count"":""4"",""minimum"":""0"",""median"":""0"",""maximum"":""0"",""median_absolute_deviation"":""0""},""lower"":0,""equal"":4,""higher"":0}}"
8,final,cgroup.cpu.throttled_usec,us,"[{""pair"":0,""first_arm"":""native"",""native_group"":2,""lsf_group"":3,""native"":""0"",""lsf"":""0"",""lsf_minus_native"":""0"",""percent_of_native"":null},{""pair"":1,""first_arm"":""native"",""native_group"":0,""lsf_group"":1,""native"":""0"",""lsf"":""0"",""lsf_minus_native"":""0"",""percent_of_native"":null},{""pair"":2,""first_arm"":""lsf"",""native_group"":5,""lsf_group"":4,""native"":""0"",""lsf"":""0"",""lsf_minus_native"":""0"",""percent_of_native"":null},{""pair"":3,""first_arm"":""lsf"",""native_group"":3,""lsf_group"":2,""native"":""0"",""lsf"":""0"",""lsf_minus_native"":""0"",""percent_of_native"":null},{""pair"":4,""first_arm"":""lsf"",""native_group"":1,""lsf_group"":0,""native"":""0"",""lsf"":""0"",""lsf_minus_native"":""0"",""percent_of_native"":null},{""pair"":5,""first_arm"":""native"",""native_group"":4,""lsf_group"":5,""native"":""0"",""lsf"":""0"",""lsf_minus_native"":""0"",""percent_of_native"":null},{""pair"":6,""first_arm"":""native"",""native_group"":2,""lsf_group"":3,""native"":""0"",""lsf"":""0"",""lsf_minus_native"":""0"",""percent_of_native"":null}]",7,7,0,"{""count"":""7"",""minimum"":""0"",""median"":""0"",""maximum"":""0"",""median_absolute_deviation"":""0""}","{""count"":""7"",""minimum"":""0"",""median"":""0"",""maximum"":""0"",""median_absolute_deviation"":""0""}","{""count"":""7"",""minimum"":""0"",""median"":""0"",""maximum"":""0"",""median_absolute_deviation"":""0""}",0,7,0,"{""lsf"":{""pair_count"":3,""available_pairs"":3,""unavailable_pairs"":0,""native"":{""count"":""3"",""minimum"":""0"",""median"":""0"",""maximum"":""0"",""median_absolute_deviation"":""0""},""lsf"":{""count"":""3"",""minimum"":""0"",""median"":""0"",""maximum"":""0"",""median_absolute_deviation"":""0""},""paired_difference"":{""count"":""3"",""minimum"":""0"",""median"":""0"",""maximum"":""0"",""median_absolute_deviation"":""0""},""lower"":0,""equal"":3,""higher"":0},""native"":{""pair_count"":4,""available_pairs"":4,""unavailable_pairs"":0,""native"":{""count"":""4"",""minimum"":""0"",""median"":""0"",""maximum"":""0"",""median_absolute_deviation"":""0""},""lsf"":{""count"":""4"",""minimum"":""0"",""median"":""0"",""maximum"":""0"",""median_absolute_deviation"":""0""},""paired_difference"":{""count"":""4"",""minimum"":""0"",""median"":""0"",""maximum"":""0"",""median_absolute_deviation"":""0""},""lower"":0,""equal"":4,""higher"":0}}"
8,ready,child.rss_bytes,bytes,"[{""pair"":0,""first_arm"":""native"",""native_group"":2,""lsf_group"":3,""native"":""0"",""lsf"":""0"",""lsf_minus_native"":""0"",""percent_of_native"":null},{""pair"":1,""first_arm"":""native"",""native_group"":0,""lsf_group"":1,""native"":""0"",""lsf"":""0"",""lsf_minus_native"":""0"",""percent_of_native"":null},{""pair"":2,""first_arm"":""lsf"",""native_group"":5,""lsf_group"":4,""native"":""0"",""lsf"":""0"",""lsf_minus_native"":""0"",""percent_of_native"":null},{""pair"":3,""first_arm"":""lsf"",""native_group"":3,""lsf_group"":2,""native"":""0"",""lsf"":""0"",""lsf_minus_native"":""0"",""percent_of_native"":null},{""pair"":4,""first_arm"":""lsf"",""native_group"":1,""lsf_group"":0,""native"":""0"",""lsf"":""0"",""lsf_minus_native"":""0"",""percent_of_native"":null},{""pair"":5,""first_arm"":""native"",""native_group"":4,""lsf_group"":5,""native"":""0"",""lsf"":""0"",""lsf_minus_native"":""0"",""percent_of_native"":null},{""pair"":6,""first_arm"":""native"",""native_group"":2,""lsf_group"":3,""native"":""0"",""lsf"":""0"",""lsf_minus_native"":""0"",""percent_of_native"":null}]",7,7,0,"{""count"":""7"",""minimum"":""0"",""median"":""0"",""maximum"":""0"",""median_absolute_deviation"":""0""}","{""count"":""7"",""minimum"":""0"",""median"":""0"",""maximum"":""0"",""median_absolute_deviation"":""0""}","{""count"":""7"",""minimum"":""0"",""median"":""0"",""maximum"":""0"",""median_absolute_deviation"":""0""}",0,7,0,"{""lsf"":{""pair_count"":3,""available_pairs"":3,""unavailable_pairs"":0,""native"":{""count"":""3"",""minimum"":""0"",""median"":""0"",""maximum"":""0"",""median_absolute_deviation"":""0""},""lsf"":{""count"":""3"",""minimum"":""0"",""median"":""0"",""maximum"":""0"",""median_absolute_deviation"":""0""},""paired_difference"":{""count"":""3"",""minimum"":""0"",""median"":""0"",""maximum"":""0"",""median_absolute_deviation"":""0""},""lower"":0,""equal"":3,""higher"":0},""native"":{""pair_count"":4,""available_pairs"":4,""unavailable_pairs"":0,""native"":{""count"":""4"",""minimum"":""0"",""median"":""0"",""maximum"":""0"",""median_absolute_deviation"":""0""},""lsf"":{""count"":""4"",""minimum"":""0"",""median"":""0"",""maximum"":""0"",""median_absolute_deviation"":""0""},""paired_difference"":{""count"":""4"",""minimum"":""0"",""median"":""0"",""maximum"":""0"",""median_absolute_deviation"":""0""},""lower"":0,""equal"":4,""higher"":0}}"
8,ready,child.threads,count,"[{""pair"":0,""first_arm"":""native"",""native_group"":2,""lsf_group"":3,""native"":""0"",""lsf"":""0"",""lsf_minus_native"":""0"",""percent_of_native"":null},{""pair"":1,""first_arm"":""native"",""native_group"":0,""lsf_group"":1,""native"":""0"",""lsf"":""0"",""lsf_minus_native"":""0"",""percent_of_native"":null},{""pair"":2,""first_arm"":""lsf"",""native_group"":5,""lsf_group"":4,""native"":""0"",""lsf"":""0"",""lsf_minus_native"":""0"",""percent_of_native"":null},{""pair"":3,""first_arm"":""lsf"",""native_group"":3,""lsf_group"":2,""native"":""0"",""lsf"":""0"",""lsf_minus_native"":""0"",""percent_of_native"":null},{""pair"":4,""first_arm"":""lsf"",""native_group"":1,""lsf_group"":0,""native"":""0"",""lsf"":""0"",""lsf_minus_native"":""0"",""percent_of_native"":null},{""pair"":5,""first_arm"":""native"",""native_group"":4,""lsf_group"":5,""native"":""0"",""lsf"":""0"",""lsf_minus_native"":""0"",""percent_of_native"":null},{""pair"":6,""first_arm"":""native"",""native_group"":2,""lsf_group"":3,""native"":""0"",""lsf"":""0"",""lsf_minus_native"":""0"",""percent_of_native"":null}]",7,7,0,"{""count"":""7"",""minimum"":""0"",""median"":""0"",""maximum"":""0"",""median_absolute_deviation"":""0""}","{""count"":""7"",""minimum"":""0"",""median"":""0"",""maximum"":""0"",""median_absolute_deviation"":""0""}","{""count"":""7"",""minimum"":""0"",""median"":""0"",""maximum"":""0"",""median_absolute_deviation"":""0""}",0,7,0,"{""lsf"":{""pair_count"":3,""available_pairs"":3,""unavailable_pairs"":0,""native"":{""count"":""3"",""minimum"":""0"",""median"":""0"",""maximum"":""0"",""median_absolute_deviation"":""0""},""lsf"":{""count"":""3"",""minimum"":""0"",""median"":""0"",""maximum"":""0"",""median_absolute_deviation"":""0""},""paired_difference"":{""count"":""3"",""minimum"":""0"",""median"":""0"",""maximum"":""0"",""median_absolute_deviation"":""0""},""lower"":0,""equal"":3,""higher"":0},""native"":{""pair_count"":4,""available_pairs"":4,""unavailable_pairs"":0,""native"":{""count"":""4"",""minimum"":""0"",""median"":""0"",""maximum"":""0"",""median_absolute_deviation"":""0""},""lsf"":{""count"":""4"",""minimum"":""0"",""median"":""0"",""maximum"":""0"",""median_absolute_deviation"":""0""},""paired_difference"":{""count"":""4"",""minimum"":""0"",""median"":""0"",""maximum"":""0"",""median_absolute_deviation"":""0""},""lower"":0,""equal"":4,""higher"":0}}"
8,ready,child.fd_count,count,"[{""pair"":0,""first_arm"":""native"",""native_group"":2,""lsf_group"":3,""native"":""0"",""lsf"":""0"",""lsf_minus_native"":""0"",""percent_of_native"":null},{""pair"":1,""first_arm"":""native"",""native_group"":0,""lsf_group"":1,""native"":""0"",""lsf"":""0"",""lsf_minus_native"":""0"",""percent_of_native"":null},{""pair"":2,""first_arm"":""lsf"",""native_group"":5,""lsf_group"":4,""native"":""0"",""lsf"":""0"",""lsf_minus_native"":""0"",""percent_of_native"":null},{""pair"":3,""first_arm"":""lsf"",""native_group"":3,""lsf_group"":2,""native"":""0"",""lsf"":""0"",""lsf_minus_native"":""0"",""percent_of_native"":null},{""pair"":4,""first_arm"":""lsf"",""native_group"":1,""lsf_group"":0,""native"":""0"",""lsf"":""0"",""lsf_minus_native"":""0"",""percent_of_native"":null},{""pair"":5,""first_arm"":""native"",""native_group"":4,""lsf_group"":5,""native"":""0"",""lsf"":""0"",""lsf_minus_native"":""0"",""percent_of_native"":null},{""pair"":6,""first_arm"":""native"",""native_group"":2,""lsf_group"":3,""native"":""0"",""lsf"":""0"",""lsf_minus_native"":""0"",""percent_of_native"":null}]",7,7,0,"{""count"":""7"",""minimum"":""0"",""median"":""0"",""maximum"":""0"",""median_absolute_deviation"":""0""}","{""count"":""7"",""minimum"":""0"",""median"":""0"",""maximum"":""0"",""median_absolute_deviation"":""0""}","{""count"":""7"",""minimum"":""0"",""median"":""0"",""maximum"":""0"",""median_absolute_deviation"":""0""}",0,7,0,"{""lsf"":{""pair_count"":3,""available_pairs"":3,""unavailable_pairs"":0,""native"":{""count"":""3"",""minimum"":""0"",""median"":""0"",""maximum"":""0"",""median_absolute_deviation"":""0""},""lsf"":{""count"":""3"",""minimum"":""0"",""median"":""0"",""maximum"":""0"",""median_absolute_deviation"":""0""},""paired_difference"":{""count"":""3"",""minimum"":""0"",""median"":""0"",""maximum"":""0"",""median_absolute_deviation"":""0""},""lower"":0,""equal"":3,""higher"":0},""native"":{""pair_count"":4,""available_pairs"":4,""unavailable_pairs"":0,""native"":{""count"":""4"",""minimum"":""0"",""median"":""0"",""maximum"":""0"",""median_absolute_deviation"":""0""},""lsf"":{""count"":""4"",""minimum"":""0"",""median"":""0"",""maximum"":""0"",""median_absolute_deviation"":""0""},""paired_difference"":{""count"":""4"",""minimum"":""0"",""median"":""0"",""maximum"":""0"",""median_absolute_deviation"":""0""},""lower"":0,""equal"":4,""higher"":0}}"
8,ready,child.listener_count,count,"[{""pair"":0,""first_arm"":""native"",""native_group"":2,""lsf_group"":3,""native"":""0"",""lsf"":""0"",""lsf_minus_native"":""0"",""percent_of_native"":null},{""pair"":1,""first_arm"":""native"",""native_group"":0,""lsf_group"":1,""native"":""0"",""lsf"":""0"",""lsf_minus_native"":""0"",""percent_of_native"":null},{""pair"":2,""first_arm"":""lsf"",""native_group"":5,""lsf_group"":4,""native"":""0"",""lsf"":""0"",""lsf_minus_native"":""0"",""percent_of_native"":null},{""pair"":3,""first_arm"":""lsf"",""native_group"":3,""lsf_group"":2,""native"":""0"",""lsf"":""0"",""lsf_minus_native"":""0"",""percent_of_native"":null},{""pair"":4,""first_arm"":""lsf"",""native_group"":1,""lsf_group"":0,""native"":""0"",""lsf"":""0"",""lsf_minus_native"":""0"",""percent_of_native"":null},{""pair"":5,""first_arm"":""native"",""native_group"":4,""lsf_group"":5,""native"":""0"",""lsf"":""0"",""lsf_minus_native"":""0"",""percent_of_native"":null},{""pair"":6,""first_arm"":""native"",""native_group"":2,""lsf_group"":3,""native"":""0"",""lsf"":""0"",""lsf_minus_native"":""0"",""percent_of_native"":null}]",7,7,0,"{""count"":""7"",""minimum"":""0"",""median"":""0"",""maximum"":""0"",""median_absolute_deviation"":""0""}","{""count"":""7"",""minimum"":""0"",""median"":""0"",""maximum"":""0"",""median_absolute_deviation"":""0""}","{""count"":""7"",""minimum"":""0"",""median"":""0"",""maximum"":""0"",""median_absolute_deviation"":""0""}",0,7,0,"{""lsf"":{""pair_count"":3,""available_pairs"":3,""unavailable_pairs"":0,""native"":{""count"":""3"",""minimum"":""0"",""median"":""0"",""maximum"":""0"",""median_absolute_deviation"":""0""},""lsf"":{""count"":""3"",""minimum"":""0"",""median"":""0"",""maximum"":""0"",""median_absolute_deviation"":""0""},""paired_difference"":{""count"":""3"",""minimum"":""0"",""median"":""0"",""maximum"":""0"",""median_absolute_deviation"":""0""},""lower"":0,""equal"":3,""higher"":0},""native"":{""pair_count"":4,""available_pairs"":4,""unavailable_pairs"":0,""native"":{""count"":""4"",""minimum"":""0"",""median"":""0"",""maximum"":""0"",""median_absolute_deviation"":""0""},""lsf"":{""count"":""4"",""minimum"":""0"",""median"":""0"",""maximum"":""0"",""median_absolute_deviation"":""0""},""paired_difference"":{""count"":""4"",""minimum"":""0"",""median"":""0"",""maximum"":""0"",""median_absolute_deviation"":""0""},""lower"":0,""equal"":4,""higher"":0}}"
8,ready,wrapper.rss_bytes,bytes,"[{""pair"":0,""first_arm"":""native"",""native_group"":2,""lsf_group"":3,""native"":""917504"",""lsf"":""131072"",""lsf_minus_native"":""-786432"",""percent_of_native"":""-85.714286""},{""pair"":1,""first_arm"":""native"",""native_group"":0,""lsf_group"":1,""native"":""917504"",""lsf"":""131072"",""lsf_minus_native"":""-786432"",""percent_of_native"":""-85.714286""},{""pair"":2,""first_arm"":""lsf"",""native_group"":5,""lsf_group"":4,""native"":""917504"",""lsf"":""131072"",""lsf_minus_native"":""-786432"",""percent_of_native"":""-85.714286""},{""pair"":3,""first_arm"":""lsf"",""native_group"":3,""lsf_group"":2,""native"":""1048576"",""lsf"":""131072"",""lsf_minus_native"":""-917504"",""percent_of_native"":""-87.5""},{""pair"":4,""first_arm"":""lsf"",""native_group"":1,""lsf_group"":0,""native"":""1048576"",""lsf"":""131072"",""lsf_minus_native"":""-917504"",""percent_of_native"":""-87.5""},{""pair"":5,""first_arm"":""native"",""native_group"":4,""lsf_group"":5,""native"":""917504"",""lsf"":""131072"",""lsf_minus_native"":""-786432"",""percent_of_native"":""-85.714286""},{""pair"":6,""first_arm"":""native"",""native_group"":2,""lsf_group"":3,""native"":""655360"",""lsf"":""131072"",""lsf_minus_native"":""-524288"",""percent_of_native"":""-80""}]",7,7,0,"{""count"":""7"",""minimum"":""655360"",""median"":""917504"",""maximum"":""1048576"",""median_absolute_deviation"":""0""}","{""count"":""7"",""minimum"":""131072"",""median"":""131072"",""maximum"":""131072"",""median_absolute_deviation"":""0""}","{""count"":""7"",""minimum"":""-917504"",""median"":""-786432"",""maximum"":""-524288"",""median_absolute_deviation"":""0""}",7,0,0,"{""lsf"":{""pair_count"":3,""available_pairs"":3,""unavailable_pairs"":0,""native"":{""count"":""3"",""minimum"":""917504"",""median"":""1048576"",""maximum"":""1048576"",""median_absolute_deviation"":""0""},""lsf"":{""count"":""3"",""minimum"":""131072"",""median"":""131072"",""maximum"":""131072"",""median_absolute_deviation"":""0""},""paired_difference"":{""count"":""3"",""minimum"":""-917504"",""median"":""-917504"",""maximum"":""-786432"",""median_absolute_deviation"":""0""},""lower"":3,""equal"":0,""higher"":0},""native"":{""pair_count"":4,""available_pairs"":4,""unavailable_pairs"":0,""native"":{""count"":""4"",""minimum"":""655360"",""median"":""917504"",""maximum"":""917504"",""median_absolute_deviation"":""0""},""lsf"":{""count"":""4"",""minimum"":""131072"",""median"":""131072"",""maximum"":""131072"",""median_absolute_deviation"":""0""},""paired_difference"":{""count"":""4"",""minimum"":""-786432"",""median"":""-786432"",""maximum"":""-524288"",""median_absolute_deviation"":""0""},""lower"":4,""equal"":0,""higher"":0}}"
8,ready,wrapper.threads,count,"[{""pair"":0,""first_arm"":""native"",""native_group"":2,""lsf_group"":3,""native"":""0"",""lsf"":""0"",""lsf_minus_native"":""0"",""percent_of_native"":null},{""pair"":1,""first_arm"":""native"",""native_group"":0,""lsf_group"":1,""native"":""0"",""lsf"":""0"",""lsf_minus_native"":""0"",""percent_of_native"":null},{""pair"":2,""first_arm"":""lsf"",""native_group"":5,""lsf_group"":4,""native"":""0"",""lsf"":""0"",""lsf_minus_native"":""0"",""percent_of_native"":null},{""pair"":3,""first_arm"":""lsf"",""native_group"":3,""lsf_group"":2,""native"":""0"",""lsf"":""0"",""lsf_minus_native"":""0"",""percent_of_native"":null},{""pair"":4,""first_arm"":""lsf"",""native_group"":1,""lsf_group"":0,""native"":""0"",""lsf"":""0"",""lsf_minus_native"":""0"",""percent_of_native"":null},{""pair"":5,""first_arm"":""native"",""native_group"":4,""lsf_group"":5,""native"":""0"",""lsf"":""0"",""lsf_minus_native"":""0"",""percent_of_native"":null},{""pair"":6,""first_arm"":""native"",""native_group"":2,""lsf_group"":3,""native"":""0"",""lsf"":""0"",""lsf_minus_native"":""0"",""percent_of_native"":null}]",7,7,0,"{""count"":""7"",""minimum"":""0"",""median"":""0"",""maximum"":""0"",""median_absolute_deviation"":""0""}","{""count"":""7"",""minimum"":""0"",""median"":""0"",""maximum"":""0"",""median_absolute_deviation"":""0""}","{""count"":""7"",""minimum"":""0"",""median"":""0"",""maximum"":""0"",""median_absolute_deviation"":""0""}",0,7,0,"{""lsf"":{""pair_count"":3,""available_pairs"":3,""unavailable_pairs"":0,""native"":{""count"":""3"",""minimum"":""0"",""median"":""0"",""maximum"":""0"",""median_absolute_deviation"":""0""},""lsf"":{""count"":""3"",""minimum"":""0"",""median"":""0"",""maximum"":""0"",""median_absolute_deviation"":""0""},""paired_difference"":{""count"":""3"",""minimum"":""0"",""median"":""0"",""maximum"":""0"",""median_absolute_deviation"":""0""},""lower"":0,""equal"":3,""higher"":0},""native"":{""pair_count"":4,""available_pairs"":4,""unavailable_pairs"":0,""native"":{""count"":""4"",""minimum"":""0"",""median"":""0"",""maximum"":""0"",""median_absolute_deviation"":""0""},""lsf"":{""count"":""4"",""minimum"":""0"",""median"":""0"",""maximum"":""0"",""median_absolute_deviation"":""0""},""paired_difference"":{""count"":""4"",""minimum"":""0"",""median"":""0"",""maximum"":""0"",""median_absolute_deviation"":""0""},""lower"":0,""equal"":4,""higher"":0}}"
8,ready,wrapper.fd_count,count,"[{""pair"":0,""first_arm"":""native"",""native_group"":2,""lsf_group"":3,""native"":""0"",""lsf"":""0"",""lsf_minus_native"":""0"",""percent_of_native"":null},{""pair"":1,""first_arm"":""native"",""native_group"":0,""lsf_group"":1,""native"":""0"",""lsf"":""0"",""lsf_minus_native"":""0"",""percent_of_native"":null},{""pair"":2,""first_arm"":""lsf"",""native_group"":5,""lsf_group"":4,""native"":""0"",""lsf"":""0"",""lsf_minus_native"":""0"",""percent_of_native"":null},{""pair"":3,""first_arm"":""lsf"",""native_group"":3,""lsf_group"":2,""native"":""0"",""lsf"":""0"",""lsf_minus_native"":""0"",""percent_of_native"":null},{""pair"":4,""first_arm"":""lsf"",""native_group"":1,""lsf_group"":0,""native"":""0"",""lsf"":""0"",""lsf_minus_native"":""0"",""percent_of_native"":null},{""pair"":5,""first_arm"":""native"",""native_group"":4,""lsf_group"":5,""native"":""0"",""lsf"":""0"",""lsf_minus_native"":""0"",""percent_of_native"":null},{""pair"":6,""first_arm"":""native"",""native_group"":2,""lsf_group"":3,""native"":""0"",""lsf"":""0"",""lsf_minus_native"":""0"",""percent_of_native"":null}]",7,7,0,"{""count"":""7"",""minimum"":""0"",""median"":""0"",""maximum"":""0"",""median_absolute_deviation"":""0""}","{""count"":""7"",""minimum"":""0"",""median"":""0"",""maximum"":""0"",""median_absolute_deviation"":""0""}","{""count"":""7"",""minimum"":""0"",""median"":""0"",""maximum"":""0"",""median_absolute_deviation"":""0""}",0,7,0,"{""lsf"":{""pair_count"":3,""available_pairs"":3,""unavailable_pairs"":0,""native"":{""count"":""3"",""minimum"":""0"",""median"":""0"",""maximum"":""0"",""median_absolute_deviation"":""0""},""lsf"":{""count"":""3"",""minimum"":""0"",""median"":""0"",""maximum"":""0"",""median_absolute_deviation"":""0""},""paired_difference"":{""count"":""3"",""minimum"":""0"",""median"":""0"",""maximum"":""0"",""median_absolute_deviation"":""0""},""lower"":0,""equal"":3,""higher"":0},""native"":{""pair_count"":4,""available_pairs"":4,""unavailable_pairs"":0,""native"":{""count"":""4"",""minimum"":""0"",""median"":""0"",""maximum"":""0"",""median_absolute_deviation"":""0""},""lsf"":{""count"":""4"",""minimum"":""0"",""median"":""0"",""maximum"":""0"",""median_absolute_deviation"":""0""},""paired_difference"":{""count"":""4"",""minimum"":""0"",""median"":""0"",""maximum"":""0"",""median_absolute_deviation"":""0""},""lower"":0,""equal"":4,""higher"":0}}"
8,ready,wrapper.listener_count,count,"[{""pair"":0,""first_arm"":""native"",""native_group"":2,""lsf_group"":3,""native"":""0"",""lsf"":""0"",""lsf_minus_native"":""0"",""percent_of_native"":null},{""pair"":1,""first_arm"":""native"",""native_group"":0,""lsf_group"":1,""native"":""0"",""lsf"":""0"",""lsf_minus_native"":""0"",""percent_of_native"":null},{""pair"":2,""first_arm"":""lsf"",""native_group"":5,""lsf_group"":4,""native"":""0"",""lsf"":""0"",""lsf_minus_native"":""0"",""percent_of_native"":null},{""pair"":3,""first_arm"":""lsf"",""native_group"":3,""lsf_group"":2,""native"":""0"",""lsf"":""0"",""lsf_minus_native"":""0"",""percent_of_native"":null},{""pair"":4,""first_arm"":""lsf"",""native_group"":1,""lsf_group"":0,""native"":""0"",""lsf"":""0"",""lsf_minus_native"":""0"",""percent_of_native"":null},{""pair"":5,""first_arm"":""native"",""native_group"":4,""lsf_group"":5,""native"":""0"",""lsf"":""0"",""lsf_minus_native"":""0"",""percent_of_native"":null},{""pair"":6,""first_arm"":""native"",""native_group"":2,""lsf_group"":3,""native"":""0"",""lsf"":""0"",""lsf_minus_native"":""0"",""percent_of_native"":null}]",7,7,0,"{""count"":""7"",""minimum"":""0"",""median"":""0"",""maximum"":""0"",""median_absolute_deviation"":""0""}","{""count"":""7"",""minimum"":""0"",""median"":""0"",""maximum"":""0"",""median_absolute_deviation"":""0""}","{""count"":""7"",""minimum"":""0"",""median"":""0"",""maximum"":""0"",""median_absolute_deviation"":""0""}",0,7,0,"{""lsf"":{""pair_count"":3,""available_pairs"":3,""unavailable_pairs"":0,""native"":{""count"":""3"",""minimum"":""0"",""median"":""0"",""maximum"":""0"",""median_absolute_deviation"":""0""},""lsf"":{""count"":""3"",""minimum"":""0"",""median"":""0"",""maximum"":""0"",""median_absolute_deviation"":""0""},""paired_difference"":{""count"":""3"",""minimum"":""0"",""median"":""0"",""maximum"":""0"",""median_absolute_deviation"":""0""},""lower"":0,""equal"":3,""higher"":0},""native"":{""pair_count"":4,""available_pairs"":4,""unavailable_pairs"":0,""native"":{""count"":""4"",""minimum"":""0"",""median"":""0"",""maximum"":""0"",""median_absolute_deviation"":""0""},""lsf"":{""count"":""4"",""minimum"":""0"",""median"":""0"",""maximum"":""0"",""median_absolute_deviation"":""0""},""paired_difference"":{""count"":""4"",""minimum"":""0"",""median"":""0"",""maximum"":""0"",""median_absolute_deviation"":""0""},""lower"":0,""equal"":4,""higher"":0}}"
8,ready,cgroup.memory_current_bytes,bytes,"[{""pair"":0,""first_arm"":""native"",""native_group"":2,""lsf_group"":3,""native"":""1204224"",""lsf"":""241664"",""lsf_minus_native"":""-962560"",""percent_of_native"":""-79.931973""},{""pair"":1,""first_arm"":""native"",""native_group"":0,""lsf_group"":1,""native"":""1216512"",""lsf"":""266240"",""lsf_minus_native"":""-950272"",""percent_of_native"":""-78.114478""},{""pair"":2,""first_arm"":""lsf"",""native_group"":5,""lsf_group"":4,""native"":""1486848"",""lsf"":""-4096"",""lsf_minus_native"":""-1490944"",""percent_of_native"":""-100.275482""},{""pair"":3,""first_arm"":""lsf"",""native_group"":3,""lsf_group"":2,""native"":""1515520"",""lsf"":""258048"",""lsf_minus_native"":""-1257472"",""percent_of_native"":""-82.972973""},{""pair"":4,""first_arm"":""lsf"",""native_group"":1,""lsf_group"":0,""native"":""1445888"",""lsf"":""249856"",""lsf_minus_native"":""-1196032"",""percent_of_native"":""-82.719547""},{""pair"":5,""first_arm"":""native"",""native_group"":4,""lsf_group"":5,""native"":""1204224"",""lsf"":""266240"",""lsf_minus_native"":""-937984"",""percent_of_native"":""-77.891156""},{""pair"":6,""first_arm"":""native"",""native_group"":2,""lsf_group"":3,""native"":""1486848"",""lsf"":""241664"",""lsf_minus_native"":""-1245184"",""percent_of_native"":""-83.746556""}]",7,7,0,"{""count"":""7"",""minimum"":""1204224"",""median"":""1445888"",""maximum"":""1515520"",""median_absolute_deviation"":""69632""}","{""count"":""7"",""minimum"":""-4096"",""median"":""249856"",""maximum"":""266240"",""median_absolute_deviation"":""8192""}","{""count"":""7"",""minimum"":""-1490944"",""median"":""-1196032"",""maximum"":""-937984"",""median_absolute_deviation"":""233472""}",7,0,0,"{""lsf"":{""pair_count"":3,""available_pairs"":3,""unavailable_pairs"":0,""native"":{""count"":""3"",""minimum"":""1445888"",""median"":""1486848"",""maximum"":""1515520"",""median_absolute_deviation"":""28672""},""lsf"":{""count"":""3"",""minimum"":""-4096"",""median"":""249856"",""maximum"":""258048"",""median_absolute_deviation"":""8192""},""paired_difference"":{""count"":""3"",""minimum"":""-1490944"",""median"":""-1257472"",""maximum"":""-1196032"",""median_absolute_deviation"":""61440""},""lower"":3,""equal"":0,""higher"":0},""native"":{""pair_count"":4,""available_pairs"":4,""unavailable_pairs"":0,""native"":{""count"":""4"",""minimum"":""1204224"",""median"":""1210368"",""maximum"":""1486848"",""median_absolute_deviation"":""6144""},""lsf"":{""count"":""4"",""minimum"":""241664"",""median"":""253952"",""maximum"":""266240"",""median_absolute_deviation"":""12288""},""paired_difference"":{""count"":""4"",""minimum"":""-1245184"",""median"":""-956416"",""maximum"":""-937984"",""median_absolute_deviation"":""12288""},""lower"":4,""equal"":0,""higher"":0}}"
8,ready,cgroup.sum_leaf_lifetime_memory_peak_bytes,bytes,"[{""pair"":0,""first_arm"":""native"",""native_group"":2,""lsf_group"":3,""native"":""0"",""lsf"":""0"",""lsf_minus_native"":""0"",""percent_of_native"":null},{""pair"":1,""first_arm"":""native"",""native_group"":0,""lsf_group"":1,""native"":""0"",""lsf"":""0"",""lsf_minus_native"":""0"",""percent_of_native"":null},{""pair"":2,""first_arm"":""lsf"",""native_group"":5,""lsf_group"":4,""native"":""0"",""lsf"":""0"",""lsf_minus_native"":""0"",""percent_of_native"":null},{""pair"":3,""first_arm"":""lsf"",""native_group"":3,""lsf_group"":2,""native"":""0"",""lsf"":""0"",""lsf_minus_native"":""0"",""percent_of_native"":null},{""pair"":4,""first_arm"":""lsf"",""native_group"":1,""lsf_group"":0,""native"":""0"",""lsf"":""0"",""lsf_minus_native"":""0"",""percent_of_native"":null},{""pair"":5,""first_arm"":""native"",""native_group"":4,""lsf_group"":5,""native"":""0"",""lsf"":""0"",""lsf_minus_native"":""0"",""percent_of_native"":null},{""pair"":6,""first_arm"":""native"",""native_group"":2,""lsf_group"":3,""native"":""0"",""lsf"":""0"",""lsf_minus_native"":""0"",""percent_of_native"":null}]",7,7,0,"{""count"":""7"",""minimum"":""0"",""median"":""0"",""maximum"":""0"",""median_absolute_deviation"":""0""}","{""count"":""7"",""minimum"":""0"",""median"":""0"",""maximum"":""0"",""median_absolute_deviation"":""0""}","{""count"":""7"",""minimum"":""0"",""median"":""0"",""maximum"":""0"",""median_absolute_deviation"":""0""}",0,7,0,"{""lsf"":{""pair_count"":3,""available_pairs"":3,""unavailable_pairs"":0,""native"":{""count"":""3"",""minimum"":""0"",""median"":""0"",""maximum"":""0"",""median_absolute_deviation"":""0""},""lsf"":{""count"":""3"",""minimum"":""0"",""median"":""0"",""maximum"":""0"",""median_absolute_deviation"":""0""},""paired_difference"":{""count"":""3"",""minimum"":""0"",""median"":""0"",""maximum"":""0"",""median_absolute_deviation"":""0""},""lower"":0,""equal"":3,""higher"":0},""native"":{""pair_count"":4,""available_pairs"":4,""unavailable_pairs"":0,""native"":{""count"":""4"",""minimum"":""0"",""median"":""0"",""maximum"":""0"",""median_absolute_deviation"":""0""},""lsf"":{""count"":""4"",""minimum"":""0"",""median"":""0"",""maximum"":""0"",""median_absolute_deviation"":""0""},""paired_difference"":{""count"":""4"",""minimum"":""0"",""median"":""0"",""maximum"":""0"",""median_absolute_deviation"":""0""},""lower"":0,""equal"":4,""higher"":0}}"
8,ready,cgroup.memory_swap_current_bytes,bytes,"[{""pair"":0,""first_arm"":""native"",""native_group"":2,""lsf_group"":3,""native"":""0"",""lsf"":""0"",""lsf_minus_native"":""0"",""percent_of_native"":null},{""pair"":1,""first_arm"":""native"",""native_group"":0,""lsf_group"":1,""native"":""0"",""lsf"":""0"",""lsf_minus_native"":""0"",""percent_of_native"":null},{""pair"":2,""first_arm"":""lsf"",""native_group"":5,""lsf_group"":4,""native"":""0"",""lsf"":""0"",""lsf_minus_native"":""0"",""percent_of_native"":null},{""pair"":3,""first_arm"":""lsf"",""native_group"":3,""lsf_group"":2,""native"":""0"",""lsf"":""0"",""lsf_minus_native"":""0"",""percent_of_native"":null},{""pair"":4,""first_arm"":""lsf"",""native_group"":1,""lsf_group"":0,""native"":""0"",""lsf"":""0"",""lsf_minus_native"":""0"",""percent_of_native"":null},{""pair"":5,""first_arm"":""native"",""native_group"":4,""lsf_group"":5,""native"":""0"",""lsf"":""0"",""lsf_minus_native"":""0"",""percent_of_native"":null},{""pair"":6,""first_arm"":""native"",""native_group"":2,""lsf_group"":3,""native"":""0"",""lsf"":""0"",""lsf_minus_native"":""0"",""percent_of_native"":null}]",7,7,0,"{""count"":""7"",""minimum"":""0"",""median"":""0"",""maximum"":""0"",""median_absolute_deviation"":""0""}","{""count"":""7"",""minimum"":""0"",""median"":""0"",""maximum"":""0"",""median_absolute_deviation"":""0""}","{""count"":""7"",""minimum"":""0"",""median"":""0"",""maximum"":""0"",""median_absolute_deviation"":""0""}",0,7,0,"{""lsf"":{""pair_count"":3,""available_pairs"":3,""unavailable_pairs"":0,""native"":{""count"":""3"",""minimum"":""0"",""median"":""0"",""maximum"":""0"",""median_absolute_deviation"":""0""},""lsf"":{""count"":""3"",""minimum"":""0"",""median"":""0"",""maximum"":""0"",""median_absolute_deviation"":""0""},""paired_difference"":{""count"":""3"",""minimum"":""0"",""median"":""0"",""maximum"":""0"",""median_absolute_deviation"":""0""},""lower"":0,""equal"":3,""higher"":0},""native"":{""pair_count"":4,""available_pairs"":4,""unavailable_pairs"":0,""native"":{""count"":""4"",""minimum"":""0"",""median"":""0"",""maximum"":""0"",""median_absolute_deviation"":""0""},""lsf"":{""count"":""4"",""minimum"":""0"",""median"":""0"",""maximum"":""0"",""median_absolute_deviation"":""0""},""paired_difference"":{""count"":""4"",""minimum"":""0"",""median"":""0"",""maximum"":""0"",""median_absolute_deviation"":""0""},""lower"":0,""equal"":4,""higher"":0}}"
8,ready,cgroup.pids_current,count,"[{""pair"":0,""first_arm"":""native"",""native_group"":2,""lsf_group"":3,""native"":""0"",""lsf"":""0"",""lsf_minus_native"":""0"",""percent_of_native"":null},{""pair"":1,""first_arm"":""native"",""native_group"":0,""lsf_group"":1,""native"":""0"",""lsf"":""0"",""lsf_minus_native"":""0"",""percent_of_native"":null},{""pair"":2,""first_arm"":""lsf"",""native_group"":5,""lsf_group"":4,""native"":""0"",""lsf"":""0"",""lsf_minus_native"":""0"",""percent_of_native"":null},{""pair"":3,""first_arm"":""lsf"",""native_group"":3,""lsf_group"":2,""native"":""0"",""lsf"":""0"",""lsf_minus_native"":""0"",""percent_of_native"":null},{""pair"":4,""first_arm"":""lsf"",""native_group"":1,""lsf_group"":0,""native"":""0"",""lsf"":""0"",""lsf_minus_native"":""0"",""percent_of_native"":null},{""pair"":5,""first_arm"":""native"",""native_group"":4,""lsf_group"":5,""native"":""0"",""lsf"":""0"",""lsf_minus_native"":""0"",""percent_of_native"":null},{""pair"":6,""first_arm"":""native"",""native_group"":2,""lsf_group"":3,""native"":""0"",""lsf"":""0"",""lsf_minus_native"":""0"",""percent_of_native"":null}]",7,7,0,"{""count"":""7"",""minimum"":""0"",""median"":""0"",""maximum"":""0"",""median_absolute_deviation"":""0""}","{""count"":""7"",""minimum"":""0"",""median"":""0"",""maximum"":""0"",""median_absolute_deviation"":""0""}","{""count"":""7"",""minimum"":""0"",""median"":""0"",""maximum"":""0"",""median_absolute_deviation"":""0""}",0,7,0,"{""lsf"":{""pair_count"":3,""available_pairs"":3,""unavailable_pairs"":0,""native"":{""count"":""3"",""minimum"":""0"",""median"":""0"",""maximum"":""0"",""median_absolute_deviation"":""0""},""lsf"":{""count"":""3"",""minimum"":""0"",""median"":""0"",""maximum"":""0"",""median_absolute_deviation"":""0""},""paired_difference"":{""count"":""3"",""minimum"":""0"",""median"":""0"",""maximum"":""0"",""median_absolute_deviation"":""0""},""lower"":0,""equal"":3,""higher"":0},""native"":{""pair_count"":4,""available_pairs"":4,""unavailable_pairs"":0,""native"":{""count"":""4"",""minimum"":""0"",""median"":""0"",""maximum"":""0"",""median_absolute_deviation"":""0""},""lsf"":{""count"":""4"",""minimum"":""0"",""median"":""0"",""maximum"":""0"",""median_absolute_deviation"":""0""},""paired_difference"":{""count"":""4"",""minimum"":""0"",""median"":""0"",""maximum"":""0"",""median_absolute_deviation"":""0""},""lower"":0,""equal"":4,""higher"":0}}"
8,ready,cgroup.cpu.usage_usec,us,"[{""pair"":0,""first_arm"":""native"",""native_group"":2,""lsf_group"":3,""native"":""74274"",""lsf"":""11816"",""lsf_minus_native"":""-62458"",""percent_of_native"":""-84.091337""},{""pair"":1,""first_arm"":""native"",""native_group"":0,""lsf_group"":1,""native"":""73124"",""lsf"":""12902"",""lsf_minus_native"":""-60222"",""percent_of_native"":""-82.355998""},{""pair"":2,""first_arm"":""lsf"",""native_group"":5,""lsf_group"":4,""native"":""75044"",""lsf"":""12930"",""lsf_minus_native"":""-62114"",""percent_of_native"":""-82.770108""},{""pair"":3,""first_arm"":""lsf"",""native_group"":3,""lsf_group"":2,""native"":""74434"",""lsf"":""12416"",""lsf_minus_native"":""-62018"",""percent_of_native"":""-83.319451""},{""pair"":4,""first_arm"":""lsf"",""native_group"":1,""lsf_group"":0,""native"":""78584"",""lsf"":""11400"",""lsf_minus_native"":""-67184"",""percent_of_native"":""-85.49323""},{""pair"":5,""first_arm"":""native"",""native_group"":4,""lsf_group"":5,""native"":""74465"",""lsf"":""13850"",""lsf_minus_native"":""-60615"",""percent_of_native"":""-81.400658""},{""pair"":6,""first_arm"":""native"",""native_group"":2,""lsf_group"":3,""native"":""76274"",""lsf"":""15556"",""lsf_minus_native"":""-60718"",""percent_of_native"":""-79.605108""}]",7,7,0,"{""count"":""7"",""minimum"":""73124"",""median"":""74465"",""maximum"":""78584"",""median_absolute_deviation"":""579""}","{""count"":""7"",""minimum"":""11400"",""median"":""12902"",""maximum"":""15556"",""median_absolute_deviation"":""948""}","{""count"":""7"",""minimum"":""-67184"",""median"":""-62018"",""maximum"":""-60222"",""median_absolute_deviation"":""1300""}",7,0,0,"{""lsf"":{""pair_count"":3,""available_pairs"":3,""unavailable_pairs"":0,""native"":{""count"":""3"",""minimum"":""74434"",""median"":""75044"",""maximum"":""78584"",""median_absolute_deviation"":""610""},""lsf"":{""count"":""3"",""minimum"":""11400"",""median"":""12416"",""maximum"":""12930"",""median_absolute_deviation"":""514""},""paired_difference"":{""count"":""3"",""minimum"":""-67184"",""median"":""-62114"",""maximum"":""-62018"",""median_absolute_deviation"":""96""},""lower"":3,""equal"":0,""higher"":0},""native"":{""pair_count"":4,""available_pairs"":4,""unavailable_pairs"":0,""native"":{""count"":""4"",""minimum"":""73124"",""median"":""74369.5"",""maximum"":""76274"",""median_absolute_deviation"":""670.5""},""lsf"":{""count"":""4"",""minimum"":""11816"",""median"":""13376"",""maximum"":""15556"",""median_absolute_deviation"":""1017""},""paired_difference"":{""count"":""4"",""minimum"":""-62458"",""median"":""-60666.5"",""maximum"":""-60222"",""median_absolute_deviation"":""248""},""lower"":4,""equal"":0,""higher"":0}}"
8,ready,cgroup.cpu.user_usec,us,"[{""pair"":0,""first_arm"":""native"",""native_group"":2,""lsf_group"":3,""native"":""1593"",""lsf"":""775"",""lsf_minus_native"":""-818"",""percent_of_native"":""-51.349655""},{""pair"":1,""first_arm"":""native"",""native_group"":0,""lsf_group"":1,""native"":""4323"",""lsf"":""1839"",""lsf_minus_native"":""-2484"",""percent_of_native"":""-57.460097""},{""pair"":2,""first_arm"":""lsf"",""native_group"":5,""lsf_group"":4,""native"":""8909"",""lsf"":""1358"",""lsf_minus_native"":""-7551"",""percent_of_native"":""-84.756987""},{""pair"":3,""first_arm"":""lsf"",""native_group"":3,""lsf_group"":2,""native"":""8028"",""lsf"":""894"",""lsf_minus_native"":""-7134"",""percent_of_native"":""-88.863976""},{""pair"":4,""first_arm"":""lsf"",""native_group"":1,""lsf_group"":0,""native"":""13086"",""lsf"":""2531"",""lsf_minus_native"":""-10555"",""percent_of_native"":""-80.658719""},{""pair"":5,""first_arm"":""native"",""native_group"":4,""lsf_group"":5,""native"":""519"",""lsf"":""7108"",""lsf_minus_native"":""6589"",""percent_of_native"":""1269.55684""},{""pair"":6,""first_arm"":""native"",""native_group"":2,""lsf_group"":3,""native"":""5069"",""lsf"":""0"",""lsf_minus_native"":""-5069"",""percent_of_native"":""-100""}]",7,7,0,"{""count"":""7"",""minimum"":""519"",""median"":""5069"",""maximum"":""13086"",""median_absolute_deviation"":""3476""}","{""count"":""7"",""minimum"":""0"",""median"":""1358"",""maximum"":""7108"",""median_absolute_deviation"":""583""}","{""count"":""7"",""minimum"":""-10555"",""median"":""-5069"",""maximum"":""6589"",""median_absolute_deviation"":""2585""}",6,0,1,"{""lsf"":{""pair_count"":3,""available_pairs"":3,""unavailable_pairs"":0,""native"":{""count"":""3"",""minimum"":""8028"",""median"":""8909"",""maximum"":""13086"",""median_absolute_deviation"":""881""},""lsf"":{""count"":""3"",""minimum"":""894"",""median"":""1358"",""maximum"":""2531"",""median_absolute_deviation"":""464""},""paired_difference"":{""count"":""3"",""minimum"":""-10555"",""median"":""-7551"",""maximum"":""-7134"",""median_absolute_deviation"":""417""},""lower"":3,""equal"":0,""higher"":0},""native"":{""pair_count"":4,""available_pairs"":4,""unavailable_pairs"":0,""native"":{""count"":""4"",""minimum"":""519"",""median"":""2958"",""maximum"":""5069"",""median_absolute_deviation"":""1738""},""lsf"":{""count"":""4"",""minimum"":""0"",""median"":""1307"",""maximum"":""7108"",""median_absolute_deviation"":""919.5""},""paired_difference"":{""count"":""4"",""minimum"":""-5069"",""median"":""-1651"",""maximum"":""6589"",""median_absolute_deviation"":""2125.5""},""lower"":3,""equal"":0,""higher"":1}}"
8,ready,cgroup.cpu.system_usec,us,"[{""pair"":0,""first_arm"":""native"",""native_group"":2,""lsf_group"":3,""native"":""72680"",""lsf"":""11040"",""lsf_minus_native"":""-61640"",""percent_of_native"":""-84.810127""},{""pair"":1,""first_arm"":""native"",""native_group"":0,""lsf_group"":1,""native"":""68799"",""lsf"":""11062"",""lsf_minus_native"":""-57737"",""percent_of_native"":""-83.921278""},{""pair"":2,""first_arm"":""lsf"",""native_group"":5,""lsf_group"":4,""native"":""66132"",""lsf"":""11571"",""lsf_minus_native"":""-54561"",""percent_of_native"":""-82.503175""},{""pair"":3,""first_arm"":""lsf"",""native_group"":3,""lsf_group"":2,""native"":""66404"",""lsf"":""11522"",""lsf_minus_native"":""-54882"",""percent_of_native"":""-82.648636""},{""pair"":4,""first_arm"":""lsf"",""native_group"":1,""lsf_group"":0,""native"":""65497"",""lsf"":""8870"",""lsf_minus_native"":""-56627"",""percent_of_native"":""-86.457395""},{""pair"":5,""first_arm"":""native"",""native_group"":4,""lsf_group"":5,""native"":""73947"",""lsf"":""6741"",""lsf_minus_native"":""-67206"",""percent_of_native"":""-90.884012""},{""pair"":6,""first_arm"":""native"",""native_group"":2,""lsf_group"":3,""native"":""71205"",""lsf"":""15556"",""lsf_minus_native"":""-55649"",""percent_of_native"":""-78.15322""}]",7,7,0,"{""count"":""7"",""minimum"":""65497"",""median"":""68799"",""maximum"":""73947"",""median_absolute_deviation"":""2667""}","{""count"":""7"",""minimum"":""6741"",""median"":""11062"",""maximum"":""15556"",""median_absolute_deviation"":""509""}","{""count"":""7"",""minimum"":""-67206"",""median"":""-56627"",""maximum"":""-54561"",""median_absolute_deviation"":""1745""}",7,0,0,"{""lsf"":{""pair_count"":3,""available_pairs"":3,""unavailable_pairs"":0,""native"":{""count"":""3"",""minimum"":""65497"",""median"":""66132"",""maximum"":""66404"",""median_absolute_deviation"":""272""},""lsf"":{""count"":""3"",""minimum"":""8870"",""median"":""11522"",""maximum"":""11571"",""median_absolute_deviation"":""49""},""paired_difference"":{""count"":""3"",""minimum"":""-56627"",""median"":""-54882"",""maximum"":""-54561"",""median_absolute_deviation"":""321""},""lower"":3,""equal"":0,""higher"":0},""native"":{""pair_count"":4,""available_pairs"":4,""unavailable_pairs"":0,""native"":{""count"":""4"",""minimum"":""68799"",""median"":""71942.5"",""maximum"":""73947"",""median_absolute_deviation"":""1371""},""lsf"":{""count"":""4"",""minimum"":""6741"",""median"":""11051"",""maximum"":""15556"",""median_absolute_deviation"":""2160.5""},""paired_difference"":{""count"":""4"",""minimum"":""-67206"",""median"":""-59688.5"",""maximum"":""-55649"",""median_absolute_deviation"":""2995.5""},""lower"":4,""equal"":0,""higher"":0}}"
8,ready,cgroup.cpu.nr_periods,count,"[{""pair"":0,""first_arm"":""native"",""native_group"":2,""lsf_group"":3,""native"":""18"",""lsf"":""3"",""lsf_minus_native"":""-15"",""percent_of_native"":""-83.333333""},{""pair"":1,""first_arm"":""native"",""native_group"":0,""lsf_group"":1,""native"":""16"",""lsf"":""6"",""lsf_minus_native"":""-10"",""percent_of_native"":""-62.5""},{""pair"":2,""first_arm"":""lsf"",""native_group"":5,""lsf_group"":4,""native"":""17"",""lsf"":""5"",""lsf_minus_native"":""-12"",""percent_of_native"":""-70.588235""},{""pair"":3,""first_arm"":""lsf"",""native_group"":3,""lsf_group"":2,""native"":""16"",""lsf"":""5"",""lsf_minus_native"":""-11"",""percent_of_native"":""-68.75""},{""pair"":4,""first_arm"":""lsf"",""native_group"":1,""lsf_group"":0,""native"":""16"",""lsf"":""4"",""lsf_minus_native"":""-12"",""percent_of_native"":""-75""},{""pair"":5,""first_arm"":""native"",""native_group"":4,""lsf_group"":5,""native"":""16"",""lsf"":""6"",""lsf_minus_native"":""-10"",""percent_of_native"":""-62.5""},{""pair"":6,""first_arm"":""native"",""native_group"":2,""lsf_group"":3,""native"":""16"",""lsf"":""6"",""lsf_minus_native"":""-10"",""percent_of_native"":""-62.5""}]",7,7,0,"{""count"":""7"",""minimum"":""16"",""median"":""16"",""maximum"":""18"",""median_absolute_deviation"":""0""}","{""count"":""7"",""minimum"":""3"",""median"":""5"",""maximum"":""6"",""median_absolute_deviation"":""1""}","{""count"":""7"",""minimum"":""-15"",""median"":""-11"",""maximum"":""-10"",""median_absolute_deviation"":""1""}",7,0,0,"{""lsf"":{""pair_count"":3,""available_pairs"":3,""unavailable_pairs"":0,""native"":{""count"":""3"",""minimum"":""16"",""median"":""16"",""maximum"":""17"",""median_absolute_deviation"":""0""},""lsf"":{""count"":""3"",""minimum"":""4"",""median"":""5"",""maximum"":""5"",""median_absolute_deviation"":""0""},""paired_difference"":{""count"":""3"",""minimum"":""-12"",""median"":""-12"",""maximum"":""-11"",""median_absolute_deviation"":""0""},""lower"":3,""equal"":0,""higher"":0},""native"":{""pair_count"":4,""available_pairs"":4,""unavailable_pairs"":0,""native"":{""count"":""4"",""minimum"":""16"",""median"":""16"",""maximum"":""18"",""median_absolute_deviation"":""0""},""lsf"":{""count"":""4"",""minimum"":""3"",""median"":""6"",""maximum"":""6"",""median_absolute_deviation"":""0""},""paired_difference"":{""count"":""4"",""minimum"":""-15"",""median"":""-10"",""maximum"":""-10"",""median_absolute_deviation"":""0""},""lower"":4,""equal"":0,""higher"":0}}"
8,ready,cgroup.cpu.nr_throttled,count,"[{""pair"":0,""first_arm"":""native"",""native_group"":2,""lsf_group"":3,""native"":""0"",""lsf"":""0"",""lsf_minus_native"":""0"",""percent_of_native"":null},{""pair"":1,""first_arm"":""native"",""native_group"":0,""lsf_group"":1,""native"":""0"",""lsf"":""0"",""lsf_minus_native"":""0"",""percent_of_native"":null},{""pair"":2,""first_arm"":""lsf"",""native_group"":5,""lsf_group"":4,""native"":""0"",""lsf"":""0"",""lsf_minus_native"":""0"",""percent_of_native"":null},{""pair"":3,""first_arm"":""lsf"",""native_group"":3,""lsf_group"":2,""native"":""0"",""lsf"":""0"",""lsf_minus_native"":""0"",""percent_of_native"":null},{""pair"":4,""first_arm"":""lsf"",""native_group"":1,""lsf_group"":0,""native"":""0"",""lsf"":""0"",""lsf_minus_native"":""0"",""percent_of_native"":null},{""pair"":5,""first_arm"":""native"",""native_group"":4,""lsf_group"":5,""native"":""0"",""lsf"":""0"",""lsf_minus_native"":""0"",""percent_of_native"":null},{""pair"":6,""first_arm"":""native"",""native_group"":2,""lsf_group"":3,""native"":""0"",""lsf"":""0"",""lsf_minus_native"":""0"",""percent_of_native"":null}]",7,7,0,"{""count"":""7"",""minimum"":""0"",""median"":""0"",""maximum"":""0"",""median_absolute_deviation"":""0""}","{""count"":""7"",""minimum"":""0"",""median"":""0"",""maximum"":""0"",""median_absolute_deviation"":""0""}","{""count"":""7"",""minimum"":""0"",""median"":""0"",""maximum"":""0"",""median_absolute_deviation"":""0""}",0,7,0,"{""lsf"":{""pair_count"":3,""available_pairs"":3,""unavailable_pairs"":0,""native"":{""count"":""3"",""minimum"":""0"",""median"":""0"",""maximum"":""0"",""median_absolute_deviation"":""0""},""lsf"":{""count"":""3"",""minimum"":""0"",""median"":""0"",""maximum"":""0"",""median_absolute_deviation"":""0""},""paired_difference"":{""count"":""3"",""minimum"":""0"",""median"":""0"",""maximum"":""0"",""median_absolute_deviation"":""0""},""lower"":0,""equal"":3,""higher"":0},""native"":{""pair_count"":4,""available_pairs"":4,""unavailable_pairs"":0,""native"":{""count"":""4"",""minimum"":""0"",""median"":""0"",""maximum"":""0"",""median_absolute_deviation"":""0""},""lsf"":{""count"":""4"",""minimum"":""0"",""median"":""0"",""maximum"":""0"",""median_absolute_deviation"":""0""},""paired_difference"":{""count"":""4"",""minimum"":""0"",""median"":""0"",""maximum"":""0"",""median_absolute_deviation"":""0""},""lower"":0,""equal"":4,""higher"":0}}"
8,ready,cgroup.cpu.throttled_usec,us,"[{""pair"":0,""first_arm"":""native"",""native_group"":2,""lsf_group"":3,""native"":""0"",""lsf"":""0"",""lsf_minus_native"":""0"",""percent_of_native"":null},{""pair"":1,""first_arm"":""native"",""native_group"":0,""lsf_group"":1,""native"":""0"",""lsf"":""0"",""lsf_minus_native"":""0"",""percent_of_native"":null},{""pair"":2,""first_arm"":""lsf"",""native_group"":5,""lsf_group"":4,""native"":""0"",""lsf"":""0"",""lsf_minus_native"":""0"",""percent_of_native"":null},{""pair"":3,""first_arm"":""lsf"",""native_group"":3,""lsf_group"":2,""native"":""0"",""lsf"":""0"",""lsf_minus_native"":""0"",""percent_of_native"":null},{""pair"":4,""first_arm"":""lsf"",""native_group"":1,""lsf_group"":0,""native"":""0"",""lsf"":""0"",""lsf_minus_native"":""0"",""percent_of_native"":null},{""pair"":5,""first_arm"":""native"",""native_group"":4,""lsf_group"":5,""native"":""0"",""lsf"":""0"",""lsf_minus_native"":""0"",""percent_of_native"":null},{""pair"":6,""first_arm"":""native"",""native_group"":2,""lsf_group"":3,""native"":""0"",""lsf"":""0"",""lsf_minus_native"":""0"",""percent_of_native"":null}]",7,7,0,"{""count"":""7"",""minimum"":""0"",""median"":""0"",""maximum"":""0"",""median_absolute_deviation"":""0""}","{""count"":""7"",""minimum"":""0"",""median"":""0"",""maximum"":""0"",""median_absolute_deviation"":""0""}","{""count"":""7"",""minimum"":""0"",""median"":""0"",""maximum"":""0"",""median_absolute_deviation"":""0""}",0,7,0,"{""lsf"":{""pair_count"":3,""available_pairs"":3,""unavailable_pairs"":0,""native"":{""count"":""3"",""minimum"":""0"",""median"":""0"",""maximum"":""0"",""median_absolute_deviation"":""0""},""lsf"":{""count"":""3"",""minimum"":""0"",""median"":""0"",""maximum"":""0"",""median_absolute_deviation"":""0""},""paired_difference"":{""count"":""3"",""minimum"":""0"",""median"":""0"",""maximum"":""0"",""median_absolute_deviation"":""0""},""lower"":0,""equal"":3,""higher"":0},""native"":{""pair_count"":4,""available_pairs"":4,""unavailable_pairs"":0,""native"":{""count"":""4"",""minimum"":""0"",""median"":""0"",""maximum"":""0"",""median_absolute_deviation"":""0""},""lsf"":{""count"":""4"",""minimum"":""0"",""median"":""0"",""maximum"":""0"",""median_absolute_deviation"":""0""},""paired_difference"":{""count"":""4"",""minimum"":""0"",""median"":""0"",""maximum"":""0"",""median_absolute_deviation"":""0""},""lower"":0,""equal"":4,""higher"":0}}"
8,served,child.rss_bytes,bytes,"[{""pair"":0,""first_arm"":""native"",""native_group"":2,""lsf_group"":3,""native"":""0"",""lsf"":""0"",""lsf_minus_native"":""0"",""percent_of_native"":null},{""pair"":1,""first_arm"":""native"",""native_group"":0,""lsf_group"":1,""native"":""0"",""lsf"":""0"",""lsf_minus_native"":""0"",""percent_of_native"":null},{""pair"":2,""first_arm"":""lsf"",""native_group"":5,""lsf_group"":4,""native"":""0"",""lsf"":""0"",""lsf_minus_native"":""0"",""percent_of_native"":null},{""pair"":3,""first_arm"":""lsf"",""native_group"":3,""lsf_group"":2,""native"":""0"",""lsf"":""0"",""lsf_minus_native"":""0"",""percent_of_native"":null},{""pair"":4,""first_arm"":""lsf"",""native_group"":1,""lsf_group"":0,""native"":""0"",""lsf"":""0"",""lsf_minus_native"":""0"",""percent_of_native"":null},{""pair"":5,""first_arm"":""native"",""native_group"":4,""lsf_group"":5,""native"":""0"",""lsf"":""0"",""lsf_minus_native"":""0"",""percent_of_native"":null},{""pair"":6,""first_arm"":""native"",""native_group"":2,""lsf_group"":3,""native"":""0"",""lsf"":""0"",""lsf_minus_native"":""0"",""percent_of_native"":null}]",7,7,0,"{""count"":""7"",""minimum"":""0"",""median"":""0"",""maximum"":""0"",""median_absolute_deviation"":""0""}","{""count"":""7"",""minimum"":""0"",""median"":""0"",""maximum"":""0"",""median_absolute_deviation"":""0""}","{""count"":""7"",""minimum"":""0"",""median"":""0"",""maximum"":""0"",""median_absolute_deviation"":""0""}",0,7,0,"{""lsf"":{""pair_count"":3,""available_pairs"":3,""unavailable_pairs"":0,""native"":{""count"":""3"",""minimum"":""0"",""median"":""0"",""maximum"":""0"",""median_absolute_deviation"":""0""},""lsf"":{""count"":""3"",""minimum"":""0"",""median"":""0"",""maximum"":""0"",""median_absolute_deviation"":""0""},""paired_difference"":{""count"":""3"",""minimum"":""0"",""median"":""0"",""maximum"":""0"",""median_absolute_deviation"":""0""},""lower"":0,""equal"":3,""higher"":0},""native"":{""pair_count"":4,""available_pairs"":4,""unavailable_pairs"":0,""native"":{""count"":""4"",""minimum"":""0"",""median"":""0"",""maximum"":""0"",""median_absolute_deviation"":""0""},""lsf"":{""count"":""4"",""minimum"":""0"",""median"":""0"",""maximum"":""0"",""median_absolute_deviation"":""0""},""paired_difference"":{""count"":""4"",""minimum"":""0"",""median"":""0"",""maximum"":""0"",""median_absolute_deviation"":""0""},""lower"":0,""equal"":4,""higher"":0}}"
8,served,child.threads,count,"[{""pair"":0,""first_arm"":""native"",""native_group"":2,""lsf_group"":3,""native"":""0"",""lsf"":""0"",""lsf_minus_native"":""0"",""percent_of_native"":null},{""pair"":1,""first_arm"":""native"",""native_group"":0,""lsf_group"":1,""native"":""0"",""lsf"":""0"",""lsf_minus_native"":""0"",""percent_of_native"":null},{""pair"":2,""first_arm"":""lsf"",""native_group"":5,""lsf_group"":4,""native"":""0"",""lsf"":""0"",""lsf_minus_native"":""0"",""percent_of_native"":null},{""pair"":3,""first_arm"":""lsf"",""native_group"":3,""lsf_group"":2,""native"":""0"",""lsf"":""0"",""lsf_minus_native"":""0"",""percent_of_native"":null},{""pair"":4,""first_arm"":""lsf"",""native_group"":1,""lsf_group"":0,""native"":""0"",""lsf"":""0"",""lsf_minus_native"":""0"",""percent_of_native"":null},{""pair"":5,""first_arm"":""native"",""native_group"":4,""lsf_group"":5,""native"":""0"",""lsf"":""0"",""lsf_minus_native"":""0"",""percent_of_native"":null},{""pair"":6,""first_arm"":""native"",""native_group"":2,""lsf_group"":3,""native"":""0"",""lsf"":""0"",""lsf_minus_native"":""0"",""percent_of_native"":null}]",7,7,0,"{""count"":""7"",""minimum"":""0"",""median"":""0"",""maximum"":""0"",""median_absolute_deviation"":""0""}","{""count"":""7"",""minimum"":""0"",""median"":""0"",""maximum"":""0"",""median_absolute_deviation"":""0""}","{""count"":""7"",""minimum"":""0"",""median"":""0"",""maximum"":""0"",""median_absolute_deviation"":""0""}",0,7,0,"{""lsf"":{""pair_count"":3,""available_pairs"":3,""unavailable_pairs"":0,""native"":{""count"":""3"",""minimum"":""0"",""median"":""0"",""maximum"":""0"",""median_absolute_deviation"":""0""},""lsf"":{""count"":""3"",""minimum"":""0"",""median"":""0"",""maximum"":""0"",""median_absolute_deviation"":""0""},""paired_difference"":{""count"":""3"",""minimum"":""0"",""median"":""0"",""maximum"":""0"",""median_absolute_deviation"":""0""},""lower"":0,""equal"":3,""higher"":0},""native"":{""pair_count"":4,""available_pairs"":4,""unavailable_pairs"":0,""native"":{""count"":""4"",""minimum"":""0"",""median"":""0"",""maximum"":""0"",""median_absolute_deviation"":""0""},""lsf"":{""count"":""4"",""minimum"":""0"",""median"":""0"",""maximum"":""0"",""median_absolute_deviation"":""0""},""paired_difference"":{""count"":""4"",""minimum"":""0"",""median"":""0"",""maximum"":""0"",""median_absolute_deviation"":""0""},""lower"":0,""equal"":4,""higher"":0}}"
8,served,child.fd_count,count,"[{""pair"":0,""first_arm"":""native"",""native_group"":2,""lsf_group"":3,""native"":""0"",""lsf"":""0"",""lsf_minus_native"":""0"",""percent_of_native"":null},{""pair"":1,""first_arm"":""native"",""native_group"":0,""lsf_group"":1,""native"":""0"",""lsf"":""0"",""lsf_minus_native"":""0"",""percent_of_native"":null},{""pair"":2,""first_arm"":""lsf"",""native_group"":5,""lsf_group"":4,""native"":""0"",""lsf"":""0"",""lsf_minus_native"":""0"",""percent_of_native"":null},{""pair"":3,""first_arm"":""lsf"",""native_group"":3,""lsf_group"":2,""native"":""0"",""lsf"":""0"",""lsf_minus_native"":""0"",""percent_of_native"":null},{""pair"":4,""first_arm"":""lsf"",""native_group"":1,""lsf_group"":0,""native"":""0"",""lsf"":""0"",""lsf_minus_native"":""0"",""percent_of_native"":null},{""pair"":5,""first_arm"":""native"",""native_group"":4,""lsf_group"":5,""native"":""0"",""lsf"":""0"",""lsf_minus_native"":""0"",""percent_of_native"":null},{""pair"":6,""first_arm"":""native"",""native_group"":2,""lsf_group"":3,""native"":""0"",""lsf"":""0"",""lsf_minus_native"":""0"",""percent_of_native"":null}]",7,7,0,"{""count"":""7"",""minimum"":""0"",""median"":""0"",""maximum"":""0"",""median_absolute_deviation"":""0""}","{""count"":""7"",""minimum"":""0"",""median"":""0"",""maximum"":""0"",""median_absolute_deviation"":""0""}","{""count"":""7"",""minimum"":""0"",""median"":""0"",""maximum"":""0"",""median_absolute_deviation"":""0""}",0,7,0,"{""lsf"":{""pair_count"":3,""available_pairs"":3,""unavailable_pairs"":0,""native"":{""count"":""3"",""minimum"":""0"",""median"":""0"",""maximum"":""0"",""median_absolute_deviation"":""0""},""lsf"":{""count"":""3"",""minimum"":""0"",""median"":""0"",""maximum"":""0"",""median_absolute_deviation"":""0""},""paired_difference"":{""count"":""3"",""minimum"":""0"",""median"":""0"",""maximum"":""0"",""median_absolute_deviation"":""0""},""lower"":0,""equal"":3,""higher"":0},""native"":{""pair_count"":4,""available_pairs"":4,""unavailable_pairs"":0,""native"":{""count"":""4"",""minimum"":""0"",""median"":""0"",""maximum"":""0"",""median_absolute_deviation"":""0""},""lsf"":{""count"":""4"",""minimum"":""0"",""median"":""0"",""maximum"":""0"",""median_absolute_deviation"":""0""},""paired_difference"":{""count"":""4"",""minimum"":""0"",""median"":""0"",""maximum"":""0"",""median_absolute_deviation"":""0""},""lower"":0,""equal"":4,""higher"":0}}"
8,served,child.listener_count,count,"[{""pair"":0,""first_arm"":""native"",""native_group"":2,""lsf_group"":3,""native"":""0"",""lsf"":""0"",""lsf_minus_native"":""0"",""percent_of_native"":null},{""pair"":1,""first_arm"":""native"",""native_group"":0,""lsf_group"":1,""native"":""0"",""lsf"":""0"",""lsf_minus_native"":""0"",""percent_of_native"":null},{""pair"":2,""first_arm"":""lsf"",""native_group"":5,""lsf_group"":4,""native"":""0"",""lsf"":""0"",""lsf_minus_native"":""0"",""percent_of_native"":null},{""pair"":3,""first_arm"":""lsf"",""native_group"":3,""lsf_group"":2,""native"":""0"",""lsf"":""0"",""lsf_minus_native"":""0"",""percent_of_native"":null},{""pair"":4,""first_arm"":""lsf"",""native_group"":1,""lsf_group"":0,""native"":""0"",""lsf"":""0"",""lsf_minus_native"":""0"",""percent_of_native"":null},{""pair"":5,""first_arm"":""native"",""native_group"":4,""lsf_group"":5,""native"":""0"",""lsf"":""0"",""lsf_minus_native"":""0"",""percent_of_native"":null},{""pair"":6,""first_arm"":""native"",""native_group"":2,""lsf_group"":3,""native"":""0"",""lsf"":""0"",""lsf_minus_native"":""0"",""percent_of_native"":null}]",7,7,0,"{""count"":""7"",""minimum"":""0"",""median"":""0"",""maximum"":""0"",""median_absolute_deviation"":""0""}","{""count"":""7"",""minimum"":""0"",""median"":""0"",""maximum"":""0"",""median_absolute_deviation"":""0""}","{""count"":""7"",""minimum"":""0"",""median"":""0"",""maximum"":""0"",""median_absolute_deviation"":""0""}",0,7,0,"{""lsf"":{""pair_count"":3,""available_pairs"":3,""unavailable_pairs"":0,""native"":{""count"":""3"",""minimum"":""0"",""median"":""0"",""maximum"":""0"",""median_absolute_deviation"":""0""},""lsf"":{""count"":""3"",""minimum"":""0"",""median"":""0"",""maximum"":""0"",""median_absolute_deviation"":""0""},""paired_difference"":{""count"":""3"",""minimum"":""0"",""median"":""0"",""maximum"":""0"",""median_absolute_deviation"":""0""},""lower"":0,""equal"":3,""higher"":0},""native"":{""pair_count"":4,""available_pairs"":4,""unavailable_pairs"":0,""native"":{""count"":""4"",""minimum"":""0"",""median"":""0"",""maximum"":""0"",""median_absolute_deviation"":""0""},""lsf"":{""count"":""4"",""minimum"":""0"",""median"":""0"",""maximum"":""0"",""median_absolute_deviation"":""0""},""paired_difference"":{""count"":""4"",""minimum"":""0"",""median"":""0"",""maximum"":""0"",""median_absolute_deviation"":""0""},""lower"":0,""equal"":4,""higher"":0}}"
8,served,wrapper.rss_bytes,bytes,"[{""pair"":0,""first_arm"":""native"",""native_group"":2,""lsf_group"":3,""native"":""131072"",""lsf"":""0"",""lsf_minus_native"":""-131072"",""percent_of_native"":""-100""},{""pair"":1,""first_arm"":""native"",""native_group"":0,""lsf_group"":1,""native"":""0"",""lsf"":""0"",""lsf_minus_native"":""0"",""percent_of_native"":null},{""pair"":2,""first_arm"":""lsf"",""native_group"":5,""lsf_group"":4,""native"":""0"",""lsf"":""0"",""lsf_minus_native"":""0"",""percent_of_native"":null},{""pair"":3,""first_arm"":""lsf"",""native_group"":3,""lsf_group"":2,""native"":""0"",""lsf"":""0"",""lsf_minus_native"":""0"",""percent_of_native"":null},{""pair"":4,""first_arm"":""lsf"",""native_group"":1,""lsf_group"":0,""native"":""0"",""lsf"":""0"",""lsf_minus_native"":""0"",""percent_of_native"":null},{""pair"":5,""first_arm"":""native"",""native_group"":4,""lsf_group"":5,""native"":""0"",""lsf"":""0"",""lsf_minus_native"":""0"",""percent_of_native"":null},{""pair"":6,""first_arm"":""native"",""native_group"":2,""lsf_group"":3,""native"":""0"",""lsf"":""0"",""lsf_minus_native"":""0"",""percent_of_native"":null}]",7,7,0,"{""count"":""7"",""minimum"":""0"",""median"":""0"",""maximum"":""131072"",""median_absolute_deviation"":""0""}","{""count"":""7"",""minimum"":""0"",""median"":""0"",""maximum"":""0"",""median_absolute_deviation"":""0""}","{""count"":""7"",""minimum"":""-131072"",""median"":""0"",""maximum"":""0"",""median_absolute_deviation"":""0""}",1,6,0,"{""lsf"":{""pair_count"":3,""available_pairs"":3,""unavailable_pairs"":0,""native"":{""count"":""3"",""minimum"":""0"",""median"":""0"",""maximum"":""0"",""median_absolute_deviation"":""0""},""lsf"":{""count"":""3"",""minimum"":""0"",""median"":""0"",""maximum"":""0"",""median_absolute_deviation"":""0""},""paired_difference"":{""count"":""3"",""minimum"":""0"",""median"":""0"",""maximum"":""0"",""median_absolute_deviation"":""0""},""lower"":0,""equal"":3,""higher"":0},""native"":{""pair_count"":4,""available_pairs"":4,""unavailable_pairs"":0,""native"":{""count"":""4"",""minimum"":""0"",""median"":""0"",""maximum"":""131072"",""median_absolute_deviation"":""0""},""lsf"":{""count"":""4"",""minimum"":""0"",""median"":""0"",""maximum"":""0"",""median_absolute_deviation"":""0""},""paired_difference"":{""count"":""4"",""minimum"":""-131072"",""median"":""0"",""maximum"":""0"",""median_absolute_deviation"":""0""},""lower"":1,""equal"":3,""higher"":0}}"
8,served,wrapper.threads,count,"[{""pair"":0,""first_arm"":""native"",""native_group"":2,""lsf_group"":3,""native"":""0"",""lsf"":""0"",""lsf_minus_native"":""0"",""percent_of_native"":null},{""pair"":1,""first_arm"":""native"",""native_group"":0,""lsf_group"":1,""native"":""0"",""lsf"":""0"",""lsf_minus_native"":""0"",""percent_of_native"":null},{""pair"":2,""first_arm"":""lsf"",""native_group"":5,""lsf_group"":4,""native"":""0"",""lsf"":""0"",""lsf_minus_native"":""0"",""percent_of_native"":null},{""pair"":3,""first_arm"":""lsf"",""native_group"":3,""lsf_group"":2,""native"":""0"",""lsf"":""0"",""lsf_minus_native"":""0"",""percent_of_native"":null},{""pair"":4,""first_arm"":""lsf"",""native_group"":1,""lsf_group"":0,""native"":""0"",""lsf"":""0"",""lsf_minus_native"":""0"",""percent_of_native"":null},{""pair"":5,""first_arm"":""native"",""native_group"":4,""lsf_group"":5,""native"":""0"",""lsf"":""0"",""lsf_minus_native"":""0"",""percent_of_native"":null},{""pair"":6,""first_arm"":""native"",""native_group"":2,""lsf_group"":3,""native"":""0"",""lsf"":""0"",""lsf_minus_native"":""0"",""percent_of_native"":null}]",7,7,0,"{""count"":""7"",""minimum"":""0"",""median"":""0"",""maximum"":""0"",""median_absolute_deviation"":""0""}","{""count"":""7"",""minimum"":""0"",""median"":""0"",""maximum"":""0"",""median_absolute_deviation"":""0""}","{""count"":""7"",""minimum"":""0"",""median"":""0"",""maximum"":""0"",""median_absolute_deviation"":""0""}",0,7,0,"{""lsf"":{""pair_count"":3,""available_pairs"":3,""unavailable_pairs"":0,""native"":{""count"":""3"",""minimum"":""0"",""median"":""0"",""maximum"":""0"",""median_absolute_deviation"":""0""},""lsf"":{""count"":""3"",""minimum"":""0"",""median"":""0"",""maximum"":""0"",""median_absolute_deviation"":""0""},""paired_difference"":{""count"":""3"",""minimum"":""0"",""median"":""0"",""maximum"":""0"",""median_absolute_deviation"":""0""},""lower"":0,""equal"":3,""higher"":0},""native"":{""pair_count"":4,""available_pairs"":4,""unavailable_pairs"":0,""native"":{""count"":""4"",""minimum"":""0"",""median"":""0"",""maximum"":""0"",""median_absolute_deviation"":""0""},""lsf"":{""count"":""4"",""minimum"":""0"",""median"":""0"",""maximum"":""0"",""median_absolute_deviation"":""0""},""paired_difference"":{""count"":""4"",""minimum"":""0"",""median"":""0"",""maximum"":""0"",""median_absolute_deviation"":""0""},""lower"":0,""equal"":4,""higher"":0}}"
8,served,wrapper.fd_count,count,"[{""pair"":0,""first_arm"":""native"",""native_group"":2,""lsf_group"":3,""native"":""0"",""lsf"":""0"",""lsf_minus_native"":""0"",""percent_of_native"":null},{""pair"":1,""first_arm"":""native"",""native_group"":0,""lsf_group"":1,""native"":""0"",""lsf"":""0"",""lsf_minus_native"":""0"",""percent_of_native"":null},{""pair"":2,""first_arm"":""lsf"",""native_group"":5,""lsf_group"":4,""native"":""0"",""lsf"":""0"",""lsf_minus_native"":""0"",""percent_of_native"":null},{""pair"":3,""first_arm"":""lsf"",""native_group"":3,""lsf_group"":2,""native"":""0"",""lsf"":""0"",""lsf_minus_native"":""0"",""percent_of_native"":null},{""pair"":4,""first_arm"":""lsf"",""native_group"":1,""lsf_group"":0,""native"":""0"",""lsf"":""0"",""lsf_minus_native"":""0"",""percent_of_native"":null},{""pair"":5,""first_arm"":""native"",""native_group"":4,""lsf_group"":5,""native"":""0"",""lsf"":""0"",""lsf_minus_native"":""0"",""percent_of_native"":null},{""pair"":6,""first_arm"":""native"",""native_group"":2,""lsf_group"":3,""native"":""0"",""lsf"":""0"",""lsf_minus_native"":""0"",""percent_of_native"":null}]",7,7,0,"{""count"":""7"",""minimum"":""0"",""median"":""0"",""maximum"":""0"",""median_absolute_deviation"":""0""}","{""count"":""7"",""minimum"":""0"",""median"":""0"",""maximum"":""0"",""median_absolute_deviation"":""0""}","{""count"":""7"",""minimum"":""0"",""median"":""0"",""maximum"":""0"",""median_absolute_deviation"":""0""}",0,7,0,"{""lsf"":{""pair_count"":3,""available_pairs"":3,""unavailable_pairs"":0,""native"":{""count"":""3"",""minimum"":""0"",""median"":""0"",""maximum"":""0"",""median_absolute_deviation"":""0""},""lsf"":{""count"":""3"",""minimum"":""0"",""median"":""0"",""maximum"":""0"",""median_absolute_deviation"":""0""},""paired_difference"":{""count"":""3"",""minimum"":""0"",""median"":""0"",""maximum"":""0"",""median_absolute_deviation"":""0""},""lower"":0,""equal"":3,""higher"":0},""native"":{""pair_count"":4,""available_pairs"":4,""unavailable_pairs"":0,""native"":{""count"":""4"",""minimum"":""0"",""median"":""0"",""maximum"":""0"",""median_absolute_deviation"":""0""},""lsf"":{""count"":""4"",""minimum"":""0"",""median"":""0"",""maximum"":""0"",""median_absolute_deviation"":""0""},""paired_difference"":{""count"":""4"",""minimum"":""0"",""median"":""0"",""maximum"":""0"",""median_absolute_deviation"":""0""},""lower"":0,""equal"":4,""higher"":0}}"
8,served,wrapper.listener_count,count,"[{""pair"":0,""first_arm"":""native"",""native_group"":2,""lsf_group"":3,""native"":""0"",""lsf"":""0"",""lsf_minus_native"":""0"",""percent_of_native"":null},{""pair"":1,""first_arm"":""native"",""native_group"":0,""lsf_group"":1,""native"":""0"",""lsf"":""0"",""lsf_minus_native"":""0"",""percent_of_native"":null},{""pair"":2,""first_arm"":""lsf"",""native_group"":5,""lsf_group"":4,""native"":""0"",""lsf"":""0"",""lsf_minus_native"":""0"",""percent_of_native"":null},{""pair"":3,""first_arm"":""lsf"",""native_group"":3,""lsf_group"":2,""native"":""0"",""lsf"":""0"",""lsf_minus_native"":""0"",""percent_of_native"":null},{""pair"":4,""first_arm"":""lsf"",""native_group"":1,""lsf_group"":0,""native"":""0"",""lsf"":""0"",""lsf_minus_native"":""0"",""percent_of_native"":null},{""pair"":5,""first_arm"":""native"",""native_group"":4,""lsf_group"":5,""native"":""0"",""lsf"":""0"",""lsf_minus_native"":""0"",""percent_of_native"":null},{""pair"":6,""first_arm"":""native"",""native_group"":2,""lsf_group"":3,""native"":""0"",""lsf"":""0"",""lsf_minus_native"":""0"",""percent_of_native"":null}]",7,7,0,"{""count"":""7"",""minimum"":""0"",""median"":""0"",""maximum"":""0"",""median_absolute_deviation"":""0""}","{""count"":""7"",""minimum"":""0"",""median"":""0"",""maximum"":""0"",""median_absolute_deviation"":""0""}","{""count"":""7"",""minimum"":""0"",""median"":""0"",""maximum"":""0"",""median_absolute_deviation"":""0""}",0,7,0,"{""lsf"":{""pair_count"":3,""available_pairs"":3,""unavailable_pairs"":0,""native"":{""count"":""3"",""minimum"":""0"",""median"":""0"",""maximum"":""0"",""median_absolute_deviation"":""0""},""lsf"":{""count"":""3"",""minimum"":""0"",""median"":""0"",""maximum"":""0"",""median_absolute_deviation"":""0""},""paired_difference"":{""count"":""3"",""minimum"":""0"",""median"":""0"",""maximum"":""0"",""median_absolute_deviation"":""0""},""lower"":0,""equal"":3,""higher"":0},""native"":{""pair_count"":4,""available_pairs"":4,""unavailable_pairs"":0,""native"":{""count"":""4"",""minimum"":""0"",""median"":""0"",""maximum"":""0"",""median_absolute_deviation"":""0""},""lsf"":{""count"":""4"",""minimum"":""0"",""median"":""0"",""maximum"":""0"",""median_absolute_deviation"":""0""},""paired_difference"":{""count"":""4"",""minimum"":""0"",""median"":""0"",""maximum"":""0"",""median_absolute_deviation"":""0""},""lower"":0,""equal"":4,""higher"":0}}"
8,served,cgroup.memory_current_bytes,bytes,"[{""pair"":0,""first_arm"":""native"",""native_group"":2,""lsf_group"":3,""native"":""131072"",""lsf"":""-102400"",""lsf_minus_native"":""-233472"",""percent_of_native"":""-178.125""},{""pair"":1,""first_arm"":""native"",""native_group"":0,""lsf_group"":1,""native"":""143360"",""lsf"":""36864"",""lsf_minus_native"":""-106496"",""percent_of_native"":""-74.285714""},{""pair"":2,""first_arm"":""lsf"",""native_group"":5,""lsf_group"":4,""native"":""143360"",""lsf"":""40960"",""lsf_minus_native"":""-102400"",""percent_of_native"":""-71.428571""},{""pair"":3,""first_arm"":""lsf"",""native_group"":3,""lsf_group"":2,""native"":""118784"",""lsf"":""36864"",""lsf_minus_native"":""-81920"",""percent_of_native"":""-68.965517""},{""pair"":4,""first_arm"":""lsf"",""native_group"":1,""lsf_group"":0,""native"":""-118784"",""lsf"":""36864"",""lsf_minus_native"":""155648"",""percent_of_native"":""-131.034483""},{""pair"":5,""first_arm"":""native"",""native_group"":4,""lsf_group"":5,""native"":""-126976"",""lsf"":""36864"",""lsf_minus_native"":""163840"",""percent_of_native"":""-129.032258""},{""pair"":6,""first_arm"":""native"",""native_group"":2,""lsf_group"":3,""native"":""139264"",""lsf"":""32768"",""lsf_minus_native"":""-106496"",""percent_of_native"":""-76.470588""}]",7,7,0,"{""count"":""7"",""minimum"":""-126976"",""median"":""131072"",""maximum"":""143360"",""median_absolute_deviation"":""12288""}","{""count"":""7"",""minimum"":""-102400"",""median"":""36864"",""maximum"":""40960"",""median_absolute_deviation"":""0""}","{""count"":""7"",""minimum"":""-233472"",""median"":""-102400"",""maximum"":""163840"",""median_absolute_deviation"":""20480""}",5,0,2,"{""lsf"":{""pair_count"":3,""available_pairs"":3,""unavailable_pairs"":0,""native"":{""count"":""3"",""minimum"":""-118784"",""median"":""118784"",""maximum"":""143360"",""median_absolute_deviation"":""24576""},""lsf"":{""count"":""3"",""minimum"":""36864"",""median"":""36864"",""maximum"":""40960"",""median_absolute_deviation"":""0""},""paired_difference"":{""count"":""3"",""minimum"":""-102400"",""median"":""-81920"",""maximum"":""155648"",""median_absolute_deviation"":""20480""},""lower"":2,""equal"":0,""higher"":1},""native"":{""pair_count"":4,""available_pairs"":4,""unavailable_pairs"":0,""native"":{""count"":""4"",""minimum"":""-126976"",""median"":""135168"",""maximum"":""143360"",""median_absolute_deviation"":""6144""},""lsf"":{""count"":""4"",""minimum"":""-102400"",""median"":""34816"",""maximum"":""36864"",""median_absolute_deviation"":""2048""},""paired_difference"":{""count"":""4"",""minimum"":""-233472"",""median"":""-106496"",""maximum"":""163840"",""median_absolute_deviation"":""63488""},""lower"":3,""equal"":0,""higher"":1}}"
8,served,cgroup.sum_leaf_lifetime_memory_peak_bytes,bytes,"[{""pair"":0,""first_arm"":""native"",""native_group"":2,""lsf_group"":3,""native"":""0"",""lsf"":""0"",""lsf_minus_native"":""0"",""percent_of_native"":null},{""pair"":1,""first_arm"":""native"",""native_group"":0,""lsf_group"":1,""native"":""0"",""lsf"":""0"",""lsf_minus_native"":""0"",""percent_of_native"":null},{""pair"":2,""first_arm"":""lsf"",""native_group"":5,""lsf_group"":4,""native"":""0"",""lsf"":""0"",""lsf_minus_native"":""0"",""percent_of_native"":null},{""pair"":3,""first_arm"":""lsf"",""native_group"":3,""lsf_group"":2,""native"":""0"",""lsf"":""0"",""lsf_minus_native"":""0"",""percent_of_native"":null},{""pair"":4,""first_arm"":""lsf"",""native_group"":1,""lsf_group"":0,""native"":""0"",""lsf"":""0"",""lsf_minus_native"":""0"",""percent_of_native"":null},{""pair"":5,""first_arm"":""native"",""native_group"":4,""lsf_group"":5,""native"":""0"",""lsf"":""0"",""lsf_minus_native"":""0"",""percent_of_native"":null},{""pair"":6,""first_arm"":""native"",""native_group"":2,""lsf_group"":3,""native"":""0"",""lsf"":""0"",""lsf_minus_native"":""0"",""percent_of_native"":null}]",7,7,0,"{""count"":""7"",""minimum"":""0"",""median"":""0"",""maximum"":""0"",""median_absolute_deviation"":""0""}","{""count"":""7"",""minimum"":""0"",""median"":""0"",""maximum"":""0"",""median_absolute_deviation"":""0""}","{""count"":""7"",""minimum"":""0"",""median"":""0"",""maximum"":""0"",""median_absolute_deviation"":""0""}",0,7,0,"{""lsf"":{""pair_count"":3,""available_pairs"":3,""unavailable_pairs"":0,""native"":{""count"":""3"",""minimum"":""0"",""median"":""0"",""maximum"":""0"",""median_absolute_deviation"":""0""},""lsf"":{""count"":""3"",""minimum"":""0"",""median"":""0"",""maximum"":""0"",""median_absolute_deviation"":""0""},""paired_difference"":{""count"":""3"",""minimum"":""0"",""median"":""0"",""maximum"":""0"",""median_absolute_deviation"":""0""},""lower"":0,""equal"":3,""higher"":0},""native"":{""pair_count"":4,""available_pairs"":4,""unavailable_pairs"":0,""native"":{""count"":""4"",""minimum"":""0"",""median"":""0"",""maximum"":""0"",""median_absolute_deviation"":""0""},""lsf"":{""count"":""4"",""minimum"":""0"",""median"":""0"",""maximum"":""0"",""median_absolute_deviation"":""0""},""paired_difference"":{""count"":""4"",""minimum"":""0"",""median"":""0"",""maximum"":""0"",""median_absolute_deviation"":""0""},""lower"":0,""equal"":4,""higher"":0}}"
8,served,cgroup.memory_swap_current_bytes,bytes,"[{""pair"":0,""first_arm"":""native"",""native_group"":2,""lsf_group"":3,""native"":""0"",""lsf"":""0"",""lsf_minus_native"":""0"",""percent_of_native"":null},{""pair"":1,""first_arm"":""native"",""native_group"":0,""lsf_group"":1,""native"":""0"",""lsf"":""0"",""lsf_minus_native"":""0"",""percent_of_native"":null},{""pair"":2,""first_arm"":""lsf"",""native_group"":5,""lsf_group"":4,""native"":""0"",""lsf"":""0"",""lsf_minus_native"":""0"",""percent_of_native"":null},{""pair"":3,""first_arm"":""lsf"",""native_group"":3,""lsf_group"":2,""native"":""0"",""lsf"":""0"",""lsf_minus_native"":""0"",""percent_of_native"":null},{""pair"":4,""first_arm"":""lsf"",""native_group"":1,""lsf_group"":0,""native"":""0"",""lsf"":""0"",""lsf_minus_native"":""0"",""percent_of_native"":null},{""pair"":5,""first_arm"":""native"",""native_group"":4,""lsf_group"":5,""native"":""0"",""lsf"":""0"",""lsf_minus_native"":""0"",""percent_of_native"":null},{""pair"":6,""first_arm"":""native"",""native_group"":2,""lsf_group"":3,""native"":""0"",""lsf"":""0"",""lsf_minus_native"":""0"",""percent_of_native"":null}]",7,7,0,"{""count"":""7"",""minimum"":""0"",""median"":""0"",""maximum"":""0"",""median_absolute_deviation"":""0""}","{""count"":""7"",""minimum"":""0"",""median"":""0"",""maximum"":""0"",""median_absolute_deviation"":""0""}","{""count"":""7"",""minimum"":""0"",""median"":""0"",""maximum"":""0"",""median_absolute_deviation"":""0""}",0,7,0,"{""lsf"":{""pair_count"":3,""available_pairs"":3,""unavailable_pairs"":0,""native"":{""count"":""3"",""minimum"":""0"",""median"":""0"",""maximum"":""0"",""median_absolute_deviation"":""0""},""lsf"":{""count"":""3"",""minimum"":""0"",""median"":""0"",""maximum"":""0"",""median_absolute_deviation"":""0""},""paired_difference"":{""count"":""3"",""minimum"":""0"",""median"":""0"",""maximum"":""0"",""median_absolute_deviation"":""0""},""lower"":0,""equal"":3,""higher"":0},""native"":{""pair_count"":4,""available_pairs"":4,""unavailable_pairs"":0,""native"":{""count"":""4"",""minimum"":""0"",""median"":""0"",""maximum"":""0"",""median_absolute_deviation"":""0""},""lsf"":{""count"":""4"",""minimum"":""0"",""median"":""0"",""maximum"":""0"",""median_absolute_deviation"":""0""},""paired_difference"":{""count"":""4"",""minimum"":""0"",""median"":""0"",""maximum"":""0"",""median_absolute_deviation"":""0""},""lower"":0,""equal"":4,""higher"":0}}"
8,served,cgroup.pids_current,count,"[{""pair"":0,""first_arm"":""native"",""native_group"":2,""lsf_group"":3,""native"":""0"",""lsf"":""0"",""lsf_minus_native"":""0"",""percent_of_native"":null},{""pair"":1,""first_arm"":""native"",""native_group"":0,""lsf_group"":1,""native"":""0"",""lsf"":""0"",""lsf_minus_native"":""0"",""percent_of_native"":null},{""pair"":2,""first_arm"":""lsf"",""native_group"":5,""lsf_group"":4,""native"":""0"",""lsf"":""0"",""lsf_minus_native"":""0"",""percent_of_native"":null},{""pair"":3,""first_arm"":""lsf"",""native_group"":3,""lsf_group"":2,""native"":""0"",""lsf"":""0"",""lsf_minus_native"":""0"",""percent_of_native"":null},{""pair"":4,""first_arm"":""lsf"",""native_group"":1,""lsf_group"":0,""native"":""0"",""lsf"":""0"",""lsf_minus_native"":""0"",""percent_of_native"":null},{""pair"":5,""first_arm"":""native"",""native_group"":4,""lsf_group"":5,""native"":""0"",""lsf"":""0"",""lsf_minus_native"":""0"",""percent_of_native"":null},{""pair"":6,""first_arm"":""native"",""native_group"":2,""lsf_group"":3,""native"":""0"",""lsf"":""0"",""lsf_minus_native"":""0"",""percent_of_native"":null}]",7,7,0,"{""count"":""7"",""minimum"":""0"",""median"":""0"",""maximum"":""0"",""median_absolute_deviation"":""0""}","{""count"":""7"",""minimum"":""0"",""median"":""0"",""maximum"":""0"",""median_absolute_deviation"":""0""}","{""count"":""7"",""minimum"":""0"",""median"":""0"",""maximum"":""0"",""median_absolute_deviation"":""0""}",0,7,0,"{""lsf"":{""pair_count"":3,""available_pairs"":3,""unavailable_pairs"":0,""native"":{""count"":""3"",""minimum"":""0"",""median"":""0"",""maximum"":""0"",""median_absolute_deviation"":""0""},""lsf"":{""count"":""3"",""minimum"":""0"",""median"":""0"",""maximum"":""0"",""median_absolute_deviation"":""0""},""paired_difference"":{""count"":""3"",""minimum"":""0"",""median"":""0"",""maximum"":""0"",""median_absolute_deviation"":""0""},""lower"":0,""equal"":3,""higher"":0},""native"":{""pair_count"":4,""available_pairs"":4,""unavailable_pairs"":0,""native"":{""count"":""4"",""minimum"":""0"",""median"":""0"",""maximum"":""0"",""median_absolute_deviation"":""0""},""lsf"":{""count"":""4"",""minimum"":""0"",""median"":""0"",""maximum"":""0"",""median_absolute_deviation"":""0""},""paired_difference"":{""count"":""4"",""minimum"":""0"",""median"":""0"",""maximum"":""0"",""median_absolute_deviation"":""0""},""lower"":0,""equal"":4,""higher"":0}}"
8,served,cgroup.cpu.usage_usec,us,"[{""pair"":0,""first_arm"":""native"",""native_group"":2,""lsf_group"":3,""native"":""67538"",""lsf"":""15851"",""lsf_minus_native"":""-51687"",""percent_of_native"":""-76.53025""},{""pair"":1,""first_arm"":""native"",""native_group"":0,""lsf_group"":1,""native"":""73208"",""lsf"":""14577"",""lsf_minus_native"":""-58631"",""percent_of_native"":""-80.088242""},{""pair"":2,""first_arm"":""lsf"",""native_group"":5,""lsf_group"":4,""native"":""61540"",""lsf"":""12046"",""lsf_minus_native"":""-49494"",""percent_of_native"":""-80.425739""},{""pair"":3,""first_arm"":""lsf"",""native_group"":3,""lsf_group"":2,""native"":""74399"",""lsf"":""14838"",""lsf_minus_native"":""-59561"",""percent_of_native"":""-80.056184""},{""pair"":4,""first_arm"":""lsf"",""native_group"":1,""lsf_group"":0,""native"":""76834"",""lsf"":""10488"",""lsf_minus_native"":""-66346"",""percent_of_native"":""-86.349793""},{""pair"":5,""first_arm"":""native"",""native_group"":4,""lsf_group"":5,""native"":""69285"",""lsf"":""13513"",""lsf_minus_native"":""-55772"",""percent_of_native"":""-80.4965""},{""pair"":6,""first_arm"":""native"",""native_group"":2,""lsf_group"":3,""native"":""75910"",""lsf"":""13215"",""lsf_minus_native"":""-62695"",""percent_of_native"":""-82.591226""}]",7,7,0,"{""count"":""7"",""minimum"":""61540"",""median"":""73208"",""maximum"":""76834"",""median_absolute_deviation"":""3626""}","{""count"":""7"",""minimum"":""10488"",""median"":""13513"",""maximum"":""15851"",""median_absolute_deviation"":""1325""}","{""count"":""7"",""minimum"":""-66346"",""median"":""-58631"",""maximum"":""-49494"",""median_absolute_deviation"":""4064""}",7,0,0,"{""lsf"":{""pair_count"":3,""available_pairs"":3,""unavailable_pairs"":0,""native"":{""count"":""3"",""minimum"":""61540"",""median"":""74399"",""maximum"":""76834"",""median_absolute_deviation"":""2435""},""lsf"":{""count"":""3"",""minimum"":""10488"",""median"":""12046"",""maximum"":""14838"",""median_absolute_deviation"":""1558""},""paired_difference"":{""count"":""3"",""minimum"":""-66346"",""median"":""-59561"",""maximum"":""-49494"",""median_absolute_deviation"":""6785""},""lower"":3,""equal"":0,""higher"":0},""native"":{""pair_count"":4,""available_pairs"":4,""unavailable_pairs"":0,""native"":{""count"":""4"",""minimum"":""67538"",""median"":""71246.5"",""maximum"":""75910"",""median_absolute_deviation"":""2835""},""lsf"":{""count"":""4"",""minimum"":""13215"",""median"":""14045"",""maximum"":""15851"",""median_absolute_deviation"":""681""},""paired_difference"":{""count"":""4"",""minimum"":""-62695"",""median"":""-57201.5"",""maximum"":""-51687"",""median_absolute_deviation"":""3461.5""},""lower"":4,""equal"":0,""higher"":0}}"
8,served,cgroup.cpu.user_usec,us,"[{""pair"":0,""first_arm"":""native"",""native_group"":2,""lsf_group"":3,""native"":""4146"",""lsf"":""5925"",""lsf_minus_native"":""1779"",""percent_of_native"":""42.908828""},{""pair"":1,""first_arm"":""native"",""native_group"":0,""lsf_group"":1,""native"":""4325"",""lsf"":""4973"",""lsf_minus_native"":""648"",""percent_of_native"":""14.982659""},{""pair"":2,""first_arm"":""lsf"",""native_group"":5,""lsf_group"":4,""native"":""488"",""lsf"":""3977"",""lsf_minus_native"":""3489"",""percent_of_native"":""714.959016""},{""pair"":3,""first_arm"":""lsf"",""native_group"":3,""lsf_group"":2,""native"":""899"",""lsf"":""1451"",""lsf_minus_native"":""552"",""percent_of_native"":""61.401557""},{""pair"":4,""first_arm"":""lsf"",""native_group"":1,""lsf_group"":0,""native"":""8497"",""lsf"":""1719"",""lsf_minus_native"":""-6778"",""percent_of_native"":""-79.76933""},{""pair"":5,""first_arm"":""native"",""native_group"":4,""lsf_group"":5,""native"":""4097"",""lsf"":""4419"",""lsf_minus_native"":""322"",""percent_of_native"":""7.859409""},{""pair"":6,""first_arm"":""native"",""native_group"":2,""lsf_group"":3,""native"":""4612"",""lsf"":""3989"",""lsf_minus_native"":""-623"",""percent_of_native"":""-13.508239""}]",7,7,0,"{""count"":""7"",""minimum"":""488"",""median"":""4146"",""maximum"":""8497"",""median_absolute_deviation"":""466""}","{""count"":""7"",""minimum"":""1451"",""median"":""3989"",""maximum"":""5925"",""median_absolute_deviation"":""984""}","{""count"":""7"",""minimum"":""-6778"",""median"":""552"",""maximum"":""3489"",""median_absolute_deviation"":""1175""}",2,0,5,"{""lsf"":{""pair_count"":3,""available_pairs"":3,""unavailable_pairs"":0,""native"":{""count"":""3"",""minimum"":""488"",""median"":""899"",""maximum"":""8497"",""median_absolute_deviation"":""411""},""lsf"":{""count"":""3"",""minimum"":""1451"",""median"":""1719"",""maximum"":""3977"",""median_absolute_deviation"":""268""},""paired_difference"":{""count"":""3"",""minimum"":""-6778"",""median"":""552"",""maximum"":""3489"",""median_absolute_deviation"":""2937""},""lower"":1,""equal"":0,""higher"":2},""native"":{""pair_count"":4,""available_pairs"":4,""unavailable_pairs"":0,""native"":{""count"":""4"",""minimum"":""4097"",""median"":""4235.5"",""maximum"":""4612"",""median_absolute_deviation"":""114""},""lsf"":{""count"":""4"",""minimum"":""3989"",""median"":""4696"",""maximum"":""5925"",""median_absolute_deviation"":""492""},""paired_difference"":{""count"":""4"",""minimum"":""-623"",""median"":""485"",""maximum"":""1779"",""median_absolute_deviation"":""635.5""},""lower"":1,""equal"":0,""higher"":3}}"
8,served,cgroup.cpu.system_usec,us,"[{""pair"":0,""first_arm"":""native"",""native_group"":2,""lsf_group"":3,""native"":""63391"",""lsf"":""9925"",""lsf_minus_native"":""-53466"",""percent_of_native"":""-84.343203""},{""pair"":1,""first_arm"":""native"",""native_group"":0,""lsf_group"":1,""native"":""68882"",""lsf"":""9603"",""lsf_minus_native"":""-59279"",""percent_of_native"":""-86.058767""},{""pair"":2,""first_arm"":""lsf"",""native_group"":5,""lsf_group"":4,""native"":""61053"",""lsf"":""8069"",""lsf_minus_native"":""-52984"",""percent_of_native"":""-86.783614""},{""pair"":3,""first_arm"":""lsf"",""native_group"":3,""lsf_group"":2,""native"":""73498"",""lsf"":""13387"",""lsf_minus_native"":""-60111"",""percent_of_native"":""-81.785899""},{""pair"":4,""first_arm"":""lsf"",""native_group"":1,""lsf_group"":0,""native"":""68338"",""lsf"":""8769"",""lsf_minus_native"":""-59569"",""percent_of_native"":""-87.168193""},{""pair"":5,""first_arm"":""native"",""native_group"":4,""lsf_group"":5,""native"":""65194"",""lsf"":""9095"",""lsf_minus_native"":""-56099"",""percent_of_native"":""-86.04933""},{""pair"":6,""first_arm"":""native"",""native_group"":2,""lsf_group"":3,""native"":""71300"",""lsf"":""9226"",""lsf_minus_native"":""-62074"",""percent_of_native"":""-87.060309""}]",7,7,0,"{""count"":""7"",""minimum"":""61053"",""median"":""68338"",""maximum"":""73498"",""median_absolute_deviation"":""3144""}","{""count"":""7"",""minimum"":""8069"",""median"":""9226"",""maximum"":""13387"",""median_absolute_deviation"":""457""}","{""count"":""7"",""minimum"":""-62074"",""median"":""-59279"",""maximum"":""-52984"",""median_absolute_deviation"":""2795""}",7,0,0,"{""lsf"":{""pair_count"":3,""available_pairs"":3,""unavailable_pairs"":0,""native"":{""count"":""3"",""minimum"":""61053"",""median"":""68338"",""maximum"":""73498"",""median_absolute_deviation"":""5160""},""lsf"":{""count"":""3"",""minimum"":""8069"",""median"":""8769"",""maximum"":""13387"",""median_absolute_deviation"":""700""},""paired_difference"":{""count"":""3"",""minimum"":""-60111"",""median"":""-59569"",""maximum"":""-52984"",""median_absolute_deviation"":""542""},""lower"":3,""equal"":0,""higher"":0},""native"":{""pair_count"":4,""available_pairs"":4,""unavailable_pairs"":0,""native"":{""count"":""4"",""minimum"":""63391"",""median"":""67038"",""maximum"":""71300"",""median_absolute_deviation"":""2745.5""},""lsf"":{""count"":""4"",""minimum"":""9095"",""median"":""9414.5"",""maximum"":""9925"",""median_absolute_deviation"":""254""},""paired_difference"":{""count"":""4"",""minimum"":""-62074"",""median"":""-57689"",""maximum"":""-53466"",""median_absolute_deviation"":""2906.5""},""lower"":4,""equal"":0,""higher"":0}}"
8,served,cgroup.cpu.nr_periods,count,"[{""pair"":0,""first_arm"":""native"",""native_group"":2,""lsf_group"":3,""native"":""17"",""lsf"":""6"",""lsf_minus_native"":""-11"",""percent_of_native"":""-64.705882""},{""pair"":1,""first_arm"":""native"",""native_group"":0,""lsf_group"":1,""native"":""16"",""lsf"":""5"",""lsf_minus_native"":""-11"",""percent_of_native"":""-68.75""},{""pair"":2,""first_arm"":""lsf"",""native_group"":5,""lsf_group"":4,""native"":""17"",""lsf"":""5"",""lsf_minus_native"":""-12"",""percent_of_native"":""-70.588235""},{""pair"":3,""first_arm"":""lsf"",""native_group"":3,""lsf_group"":2,""native"":""16"",""lsf"":""4"",""lsf_minus_native"":""-12"",""percent_of_native"":""-75""},{""pair"":4,""first_arm"":""lsf"",""native_group"":1,""lsf_group"":0,""native"":""17"",""lsf"":""3"",""lsf_minus_native"":""-14"",""percent_of_native"":""-82.352941""},{""pair"":5,""first_arm"":""native"",""native_group"":4,""lsf_group"":5,""native"":""17"",""lsf"":""5"",""lsf_minus_native"":""-12"",""percent_of_native"":""-70.588235""},{""pair"":6,""first_arm"":""native"",""native_group"":2,""lsf_group"":3,""native"":""17"",""lsf"":""5"",""lsf_minus_native"":""-12"",""percent_of_native"":""-70.588235""}]",7,7,0,"{""count"":""7"",""minimum"":""16"",""median"":""17"",""maximum"":""17"",""median_absolute_deviation"":""0""}","{""count"":""7"",""minimum"":""3"",""median"":""5"",""maximum"":""6"",""median_absolute_deviation"":""0""}","{""count"":""7"",""minimum"":""-14"",""median"":""-12"",""maximum"":""-11"",""median_absolute_deviation"":""0""}",7,0,0,"{""lsf"":{""pair_count"":3,""available_pairs"":3,""unavailable_pairs"":0,""native"":{""count"":""3"",""minimum"":""16"",""median"":""17"",""maximum"":""17"",""median_absolute_deviation"":""0""},""lsf"":{""count"":""3"",""minimum"":""3"",""median"":""4"",""maximum"":""5"",""median_absolute_deviation"":""1""},""paired_difference"":{""count"":""3"",""minimum"":""-14"",""median"":""-12"",""maximum"":""-12"",""median_absolute_deviation"":""0""},""lower"":3,""equal"":0,""higher"":0},""native"":{""pair_count"":4,""available_pairs"":4,""unavailable_pairs"":0,""native"":{""count"":""4"",""minimum"":""16"",""median"":""17"",""maximum"":""17"",""median_absolute_deviation"":""0""},""lsf"":{""count"":""4"",""minimum"":""5"",""median"":""5"",""maximum"":""6"",""median_absolute_deviation"":""0""},""paired_difference"":{""count"":""4"",""minimum"":""-12"",""median"":""-11.5"",""maximum"":""-11"",""median_absolute_deviation"":""0.5""},""lower"":4,""equal"":0,""higher"":0}}"
8,served,cgroup.cpu.nr_throttled,count,"[{""pair"":0,""first_arm"":""native"",""native_group"":2,""lsf_group"":3,""native"":""0"",""lsf"":""0"",""lsf_minus_native"":""0"",""percent_of_native"":null},{""pair"":1,""first_arm"":""native"",""native_group"":0,""lsf_group"":1,""native"":""0"",""lsf"":""0"",""lsf_minus_native"":""0"",""percent_of_native"":null},{""pair"":2,""first_arm"":""lsf"",""native_group"":5,""lsf_group"":4,""native"":""0"",""lsf"":""0"",""lsf_minus_native"":""0"",""percent_of_native"":null},{""pair"":3,""first_arm"":""lsf"",""native_group"":3,""lsf_group"":2,""native"":""0"",""lsf"":""0"",""lsf_minus_native"":""0"",""percent_of_native"":null},{""pair"":4,""first_arm"":""lsf"",""native_group"":1,""lsf_group"":0,""native"":""0"",""lsf"":""0"",""lsf_minus_native"":""0"",""percent_of_native"":null},{""pair"":5,""first_arm"":""native"",""native_group"":4,""lsf_group"":5,""native"":""0"",""lsf"":""0"",""lsf_minus_native"":""0"",""percent_of_native"":null},{""pair"":6,""first_arm"":""native"",""native_group"":2,""lsf_group"":3,""native"":""0"",""lsf"":""0"",""lsf_minus_native"":""0"",""percent_of_native"":null}]",7,7,0,"{""count"":""7"",""minimum"":""0"",""median"":""0"",""maximum"":""0"",""median_absolute_deviation"":""0""}","{""count"":""7"",""minimum"":""0"",""median"":""0"",""maximum"":""0"",""median_absolute_deviation"":""0""}","{""count"":""7"",""minimum"":""0"",""median"":""0"",""maximum"":""0"",""median_absolute_deviation"":""0""}",0,7,0,"{""lsf"":{""pair_count"":3,""available_pairs"":3,""unavailable_pairs"":0,""native"":{""count"":""3"",""minimum"":""0"",""median"":""0"",""maximum"":""0"",""median_absolute_deviation"":""0""},""lsf"":{""count"":""3"",""minimum"":""0"",""median"":""0"",""maximum"":""0"",""median_absolute_deviation"":""0""},""paired_difference"":{""count"":""3"",""minimum"":""0"",""median"":""0"",""maximum"":""0"",""median_absolute_deviation"":""0""},""lower"":0,""equal"":3,""higher"":0},""native"":{""pair_count"":4,""available_pairs"":4,""unavailable_pairs"":0,""native"":{""count"":""4"",""minimum"":""0"",""median"":""0"",""maximum"":""0"",""median_absolute_deviation"":""0""},""lsf"":{""count"":""4"",""minimum"":""0"",""median"":""0"",""maximum"":""0"",""median_absolute_deviation"":""0""},""paired_difference"":{""count"":""4"",""minimum"":""0"",""median"":""0"",""maximum"":""0"",""median_absolute_deviation"":""0""},""lower"":0,""equal"":4,""higher"":0}}"
8,served,cgroup.cpu.throttled_usec,us,"[{""pair"":0,""first_arm"":""native"",""native_group"":2,""lsf_group"":3,""native"":""0"",""lsf"":""0"",""lsf_minus_native"":""0"",""percent_of_native"":null},{""pair"":1,""first_arm"":""native"",""native_group"":0,""lsf_group"":1,""native"":""0"",""lsf"":""0"",""lsf_minus_native"":""0"",""percent_of_native"":null},{""pair"":2,""first_arm"":""lsf"",""native_group"":5,""lsf_group"":4,""native"":""0"",""lsf"":""0"",""lsf_minus_native"":""0"",""percent_of_native"":null},{""pair"":3,""first_arm"":""lsf"",""native_group"":3,""lsf_group"":2,""native"":""0"",""lsf"":""0"",""lsf_minus_native"":""0"",""percent_of_native"":null},{""pair"":4,""first_arm"":""lsf"",""native_group"":1,""lsf_group"":0,""native"":""0"",""lsf"":""0"",""lsf_minus_native"":""0"",""percent_of_native"":null},{""pair"":5,""first_arm"":""native"",""native_group"":4,""lsf_group"":5,""native"":""0"",""lsf"":""0"",""lsf_minus_native"":""0"",""percent_of_native"":null},{""pair"":6,""first_arm"":""native"",""native_group"":2,""lsf_group"":3,""native"":""0"",""lsf"":""0"",""lsf_minus_native"":""0"",""percent_of_native"":null}]",7,7,0,"{""count"":""7"",""minimum"":""0"",""median"":""0"",""maximum"":""0"",""median_absolute_deviation"":""0""}","{""count"":""7"",""minimum"":""0"",""median"":""0"",""maximum"":""0"",""median_absolute_deviation"":""0""}","{""count"":""7"",""minimum"":""0"",""median"":""0"",""maximum"":""0"",""median_absolute_deviation"":""0""}",0,7,0,"{""lsf"":{""pair_count"":3,""available_pairs"":3,""unavailable_pairs"":0,""native"":{""count"":""3"",""minimum"":""0"",""median"":""0"",""maximum"":""0"",""median_absolute_deviation"":""0""},""lsf"":{""count"":""3"",""minimum"":""0"",""median"":""0"",""maximum"":""0"",""median_absolute_deviation"":""0""},""paired_difference"":{""count"":""3"",""minimum"":""0"",""median"":""0"",""maximum"":""0"",""median_absolute_deviation"":""0""},""lower"":0,""equal"":3,""higher"":0},""native"":{""pair_count"":4,""available_pairs"":4,""unavailable_pairs"":0,""native"":{""count"":""4"",""minimum"":""0"",""median"":""0"",""maximum"":""0"",""median_absolute_deviation"":""0""},""lsf"":{""count"":""4"",""minimum"":""0"",""median"":""0"",""maximum"":""0"",""median_absolute_deviation"":""0""},""paired_difference"":{""count"":""4"",""minimum"":""0"",""median"":""0"",""maximum"":""0"",""median_absolute_deviation"":""0""},""lower"":0,""equal"":4,""higher"":0}}"
32,final,child.rss_bytes,bytes,"[{""pair"":0,""first_arm"":""lsf"",""native_group"":5,""lsf_group"":4,""native"":""0"",""lsf"":""0"",""lsf_minus_native"":""0"",""percent_of_native"":null},{""pair"":1,""first_arm"":""lsf"",""native_group"":3,""lsf_group"":2,""native"":""0"",""lsf"":""0"",""lsf_minus_native"":""0"",""percent_of_native"":null},{""pair"":2,""first_arm"":""lsf"",""native_group"":1,""lsf_group"":0,""native"":""0"",""lsf"":""0"",""lsf_minus_native"":""0"",""percent_of_native"":null},{""pair"":3,""first_arm"":""native"",""native_group"":4,""lsf_group"":5,""native"":""0"",""lsf"":""0"",""lsf_minus_native"":""0"",""percent_of_native"":null},{""pair"":4,""first_arm"":""native"",""native_group"":2,""lsf_group"":3,""native"":""0"",""lsf"":""0"",""lsf_minus_native"":""0"",""percent_of_native"":null},{""pair"":5,""first_arm"":""native"",""native_group"":0,""lsf_group"":1,""native"":""0"",""lsf"":""0"",""lsf_minus_native"":""0"",""percent_of_native"":null},{""pair"":6,""first_arm"":""lsf"",""native_group"":5,""lsf_group"":4,""native"":""0"",""lsf"":""0"",""lsf_minus_native"":""0"",""percent_of_native"":null}]",7,7,0,"{""count"":""7"",""minimum"":""0"",""median"":""0"",""maximum"":""0"",""median_absolute_deviation"":""0""}","{""count"":""7"",""minimum"":""0"",""median"":""0"",""maximum"":""0"",""median_absolute_deviation"":""0""}","{""count"":""7"",""minimum"":""0"",""median"":""0"",""maximum"":""0"",""median_absolute_deviation"":""0""}",0,7,0,"{""lsf"":{""pair_count"":4,""available_pairs"":4,""unavailable_pairs"":0,""native"":{""count"":""4"",""minimum"":""0"",""median"":""0"",""maximum"":""0"",""median_absolute_deviation"":""0""},""lsf"":{""count"":""4"",""minimum"":""0"",""median"":""0"",""maximum"":""0"",""median_absolute_deviation"":""0""},""paired_difference"":{""count"":""4"",""minimum"":""0"",""median"":""0"",""maximum"":""0"",""median_absolute_deviation"":""0""},""lower"":0,""equal"":4,""higher"":0},""native"":{""pair_count"":3,""available_pairs"":3,""unavailable_pairs"":0,""native"":{""count"":""3"",""minimum"":""0"",""median"":""0"",""maximum"":""0"",""median_absolute_deviation"":""0""},""lsf"":{""count"":""3"",""minimum"":""0"",""median"":""0"",""maximum"":""0"",""median_absolute_deviation"":""0""},""paired_difference"":{""count"":""3"",""minimum"":""0"",""median"":""0"",""maximum"":""0"",""median_absolute_deviation"":""0""},""lower"":0,""equal"":3,""higher"":0}}"
32,final,child.threads,count,"[{""pair"":0,""first_arm"":""lsf"",""native_group"":5,""lsf_group"":4,""native"":""0"",""lsf"":""0"",""lsf_minus_native"":""0"",""percent_of_native"":null},{""pair"":1,""first_arm"":""lsf"",""native_group"":3,""lsf_group"":2,""native"":""0"",""lsf"":""0"",""lsf_minus_native"":""0"",""percent_of_native"":null},{""pair"":2,""first_arm"":""lsf"",""native_group"":1,""lsf_group"":0,""native"":""0"",""lsf"":""0"",""lsf_minus_native"":""0"",""percent_of_native"":null},{""pair"":3,""first_arm"":""native"",""native_group"":4,""lsf_group"":5,""native"":""0"",""lsf"":""0"",""lsf_minus_native"":""0"",""percent_of_native"":null},{""pair"":4,""first_arm"":""native"",""native_group"":2,""lsf_group"":3,""native"":""0"",""lsf"":""0"",""lsf_minus_native"":""0"",""percent_of_native"":null},{""pair"":5,""first_arm"":""native"",""native_group"":0,""lsf_group"":1,""native"":""0"",""lsf"":""0"",""lsf_minus_native"":""0"",""percent_of_native"":null},{""pair"":6,""first_arm"":""lsf"",""native_group"":5,""lsf_group"":4,""native"":""0"",""lsf"":""0"",""lsf_minus_native"":""0"",""percent_of_native"":null}]",7,7,0,"{""count"":""7"",""minimum"":""0"",""median"":""0"",""maximum"":""0"",""median_absolute_deviation"":""0""}","{""count"":""7"",""minimum"":""0"",""median"":""0"",""maximum"":""0"",""median_absolute_deviation"":""0""}","{""count"":""7"",""minimum"":""0"",""median"":""0"",""maximum"":""0"",""median_absolute_deviation"":""0""}",0,7,0,"{""lsf"":{""pair_count"":4,""available_pairs"":4,""unavailable_pairs"":0,""native"":{""count"":""4"",""minimum"":""0"",""median"":""0"",""maximum"":""0"",""median_absolute_deviation"":""0""},""lsf"":{""count"":""4"",""minimum"":""0"",""median"":""0"",""maximum"":""0"",""median_absolute_deviation"":""0""},""paired_difference"":{""count"":""4"",""minimum"":""0"",""median"":""0"",""maximum"":""0"",""median_absolute_deviation"":""0""},""lower"":0,""equal"":4,""higher"":0},""native"":{""pair_count"":3,""available_pairs"":3,""unavailable_pairs"":0,""native"":{""count"":""3"",""minimum"":""0"",""median"":""0"",""maximum"":""0"",""median_absolute_deviation"":""0""},""lsf"":{""count"":""3"",""minimum"":""0"",""median"":""0"",""maximum"":""0"",""median_absolute_deviation"":""0""},""paired_difference"":{""count"":""3"",""minimum"":""0"",""median"":""0"",""maximum"":""0"",""median_absolute_deviation"":""0""},""lower"":0,""equal"":3,""higher"":0}}"
32,final,child.fd_count,count,"[{""pair"":0,""first_arm"":""lsf"",""native_group"":5,""lsf_group"":4,""native"":""0"",""lsf"":""0"",""lsf_minus_native"":""0"",""percent_of_native"":null},{""pair"":1,""first_arm"":""lsf"",""native_group"":3,""lsf_group"":2,""native"":""0"",""lsf"":""0"",""lsf_minus_native"":""0"",""percent_of_native"":null},{""pair"":2,""first_arm"":""lsf"",""native_group"":1,""lsf_group"":0,""native"":""0"",""lsf"":""0"",""lsf_minus_native"":""0"",""percent_of_native"":null},{""pair"":3,""first_arm"":""native"",""native_group"":4,""lsf_group"":5,""native"":""0"",""lsf"":""0"",""lsf_minus_native"":""0"",""percent_of_native"":null},{""pair"":4,""first_arm"":""native"",""native_group"":2,""lsf_group"":3,""native"":""0"",""lsf"":""0"",""lsf_minus_native"":""0"",""percent_of_native"":null},{""pair"":5,""first_arm"":""native"",""native_group"":0,""lsf_group"":1,""native"":""0"",""lsf"":""0"",""lsf_minus_native"":""0"",""percent_of_native"":null},{""pair"":6,""first_arm"":""lsf"",""native_group"":5,""lsf_group"":4,""native"":""0"",""lsf"":""0"",""lsf_minus_native"":""0"",""percent_of_native"":null}]",7,7,0,"{""count"":""7"",""minimum"":""0"",""median"":""0"",""maximum"":""0"",""median_absolute_deviation"":""0""}","{""count"":""7"",""minimum"":""0"",""median"":""0"",""maximum"":""0"",""median_absolute_deviation"":""0""}","{""count"":""7"",""minimum"":""0"",""median"":""0"",""maximum"":""0"",""median_absolute_deviation"":""0""}",0,7,0,"{""lsf"":{""pair_count"":4,""available_pairs"":4,""unavailable_pairs"":0,""native"":{""count"":""4"",""minimum"":""0"",""median"":""0"",""maximum"":""0"",""median_absolute_deviation"":""0""},""lsf"":{""count"":""4"",""minimum"":""0"",""median"":""0"",""maximum"":""0"",""median_absolute_deviation"":""0""},""paired_difference"":{""count"":""4"",""minimum"":""0"",""median"":""0"",""maximum"":""0"",""median_absolute_deviation"":""0""},""lower"":0,""equal"":4,""higher"":0},""native"":{""pair_count"":3,""available_pairs"":3,""unavailable_pairs"":0,""native"":{""count"":""3"",""minimum"":""0"",""median"":""0"",""maximum"":""0"",""median_absolute_deviation"":""0""},""lsf"":{""count"":""3"",""minimum"":""0"",""median"":""0"",""maximum"":""0"",""median_absolute_deviation"":""0""},""paired_difference"":{""count"":""3"",""minimum"":""0"",""median"":""0"",""maximum"":""0"",""median_absolute_deviation"":""0""},""lower"":0,""equal"":3,""higher"":0}}"
32,final,child.listener_count,count,"[{""pair"":0,""first_arm"":""lsf"",""native_group"":5,""lsf_group"":4,""native"":""0"",""lsf"":""0"",""lsf_minus_native"":""0"",""percent_of_native"":null},{""pair"":1,""first_arm"":""lsf"",""native_group"":3,""lsf_group"":2,""native"":""0"",""lsf"":""0"",""lsf_minus_native"":""0"",""percent_of_native"":null},{""pair"":2,""first_arm"":""lsf"",""native_group"":1,""lsf_group"":0,""native"":""0"",""lsf"":""0"",""lsf_minus_native"":""0"",""percent_of_native"":null},{""pair"":3,""first_arm"":""native"",""native_group"":4,""lsf_group"":5,""native"":""0"",""lsf"":""0"",""lsf_minus_native"":""0"",""percent_of_native"":null},{""pair"":4,""first_arm"":""native"",""native_group"":2,""lsf_group"":3,""native"":""0"",""lsf"":""0"",""lsf_minus_native"":""0"",""percent_of_native"":null},{""pair"":5,""first_arm"":""native"",""native_group"":0,""lsf_group"":1,""native"":""0"",""lsf"":""0"",""lsf_minus_native"":""0"",""percent_of_native"":null},{""pair"":6,""first_arm"":""lsf"",""native_group"":5,""lsf_group"":4,""native"":""0"",""lsf"":""0"",""lsf_minus_native"":""0"",""percent_of_native"":null}]",7,7,0,"{""count"":""7"",""minimum"":""0"",""median"":""0"",""maximum"":""0"",""median_absolute_deviation"":""0""}","{""count"":""7"",""minimum"":""0"",""median"":""0"",""maximum"":""0"",""median_absolute_deviation"":""0""}","{""count"":""7"",""minimum"":""0"",""median"":""0"",""maximum"":""0"",""median_absolute_deviation"":""0""}",0,7,0,"{""lsf"":{""pair_count"":4,""available_pairs"":4,""unavailable_pairs"":0,""native"":{""count"":""4"",""minimum"":""0"",""median"":""0"",""maximum"":""0"",""median_absolute_deviation"":""0""},""lsf"":{""count"":""4"",""minimum"":""0"",""median"":""0"",""maximum"":""0"",""median_absolute_deviation"":""0""},""paired_difference"":{""count"":""4"",""minimum"":""0"",""median"":""0"",""maximum"":""0"",""median_absolute_deviation"":""0""},""lower"":0,""equal"":4,""higher"":0},""native"":{""pair_count"":3,""available_pairs"":3,""unavailable_pairs"":0,""native"":{""count"":""3"",""minimum"":""0"",""median"":""0"",""maximum"":""0"",""median_absolute_deviation"":""0""},""lsf"":{""count"":""3"",""minimum"":""0"",""median"":""0"",""maximum"":""0"",""median_absolute_deviation"":""0""},""paired_difference"":{""count"":""3"",""minimum"":""0"",""median"":""0"",""maximum"":""0"",""median_absolute_deviation"":""0""},""lower"":0,""equal"":3,""higher"":0}}"
32,final,wrapper.rss_bytes,bytes,"[{""pair"":0,""first_arm"":""lsf"",""native_group"":5,""lsf_group"":4,""native"":""0"",""lsf"":""0"",""lsf_minus_native"":""0"",""percent_of_native"":null},{""pair"":1,""first_arm"":""lsf"",""native_group"":3,""lsf_group"":2,""native"":""131072"",""lsf"":""0"",""lsf_minus_native"":""-131072"",""percent_of_native"":""-100""},{""pair"":2,""first_arm"":""lsf"",""native_group"":1,""lsf_group"":0,""native"":""0"",""lsf"":""0"",""lsf_minus_native"":""0"",""percent_of_native"":null},{""pair"":3,""first_arm"":""native"",""native_group"":4,""lsf_group"":5,""native"":""0"",""lsf"":""0"",""lsf_minus_native"":""0"",""percent_of_native"":null},{""pair"":4,""first_arm"":""native"",""native_group"":2,""lsf_group"":3,""native"":""0"",""lsf"":""0"",""lsf_minus_native"":""0"",""percent_of_native"":null},{""pair"":5,""first_arm"":""native"",""native_group"":0,""lsf_group"":1,""native"":""131072"",""lsf"":""0"",""lsf_minus_native"":""-131072"",""percent_of_native"":""-100""},{""pair"":6,""first_arm"":""lsf"",""native_group"":5,""lsf_group"":4,""native"":""0"",""lsf"":""0"",""lsf_minus_native"":""0"",""percent_of_native"":null}]",7,7,0,"{""count"":""7"",""minimum"":""0"",""median"":""0"",""maximum"":""131072"",""median_absolute_deviation"":""0""}","{""count"":""7"",""minimum"":""0"",""median"":""0"",""maximum"":""0"",""median_absolute_deviation"":""0""}","{""count"":""7"",""minimum"":""-131072"",""median"":""0"",""maximum"":""0"",""median_absolute_deviation"":""0""}",2,5,0,"{""lsf"":{""pair_count"":4,""available_pairs"":4,""unavailable_pairs"":0,""native"":{""count"":""4"",""minimum"":""0"",""median"":""0"",""maximum"":""131072"",""median_absolute_deviation"":""0""},""lsf"":{""count"":""4"",""minimum"":""0"",""median"":""0"",""maximum"":""0"",""median_absolute_deviation"":""0""},""paired_difference"":{""count"":""4"",""minimum"":""-131072"",""median"":""0"",""maximum"":""0"",""median_absolute_deviation"":""0""},""lower"":1,""equal"":3,""higher"":0},""native"":{""pair_count"":3,""available_pairs"":3,""unavailable_pairs"":0,""native"":{""count"":""3"",""minimum"":""0"",""median"":""0"",""maximum"":""131072"",""median_absolute_deviation"":""0""},""lsf"":{""count"":""3"",""minimum"":""0"",""median"":""0"",""maximum"":""0"",""median_absolute_deviation"":""0""},""paired_difference"":{""count"":""3"",""minimum"":""-131072"",""median"":""0"",""maximum"":""0"",""median_absolute_deviation"":""0""},""lower"":1,""equal"":2,""higher"":0}}"
32,final,wrapper.threads,count,"[{""pair"":0,""first_arm"":""lsf"",""native_group"":5,""lsf_group"":4,""native"":""0"",""lsf"":""0"",""lsf_minus_native"":""0"",""percent_of_native"":null},{""pair"":1,""first_arm"":""lsf"",""native_group"":3,""lsf_group"":2,""native"":""0"",""lsf"":""0"",""lsf_minus_native"":""0"",""percent_of_native"":null},{""pair"":2,""first_arm"":""lsf"",""native_group"":1,""lsf_group"":0,""native"":""0"",""lsf"":""0"",""lsf_minus_native"":""0"",""percent_of_native"":null},{""pair"":3,""first_arm"":""native"",""native_group"":4,""lsf_group"":5,""native"":""0"",""lsf"":""0"",""lsf_minus_native"":""0"",""percent_of_native"":null},{""pair"":4,""first_arm"":""native"",""native_group"":2,""lsf_group"":3,""native"":""0"",""lsf"":""0"",""lsf_minus_native"":""0"",""percent_of_native"":null},{""pair"":5,""first_arm"":""native"",""native_group"":0,""lsf_group"":1,""native"":""0"",""lsf"":""0"",""lsf_minus_native"":""0"",""percent_of_native"":null},{""pair"":6,""first_arm"":""lsf"",""native_group"":5,""lsf_group"":4,""native"":""0"",""lsf"":""0"",""lsf_minus_native"":""0"",""percent_of_native"":null}]",7,7,0,"{""count"":""7"",""minimum"":""0"",""median"":""0"",""maximum"":""0"",""median_absolute_deviation"":""0""}","{""count"":""7"",""minimum"":""0"",""median"":""0"",""maximum"":""0"",""median_absolute_deviation"":""0""}","{""count"":""7"",""minimum"":""0"",""median"":""0"",""maximum"":""0"",""median_absolute_deviation"":""0""}",0,7,0,"{""lsf"":{""pair_count"":4,""available_pairs"":4,""unavailable_pairs"":0,""native"":{""count"":""4"",""minimum"":""0"",""median"":""0"",""maximum"":""0"",""median_absolute_deviation"":""0""},""lsf"":{""count"":""4"",""minimum"":""0"",""median"":""0"",""maximum"":""0"",""median_absolute_deviation"":""0""},""paired_difference"":{""count"":""4"",""minimum"":""0"",""median"":""0"",""maximum"":""0"",""median_absolute_deviation"":""0""},""lower"":0,""equal"":4,""higher"":0},""native"":{""pair_count"":3,""available_pairs"":3,""unavailable_pairs"":0,""native"":{""count"":""3"",""minimum"":""0"",""median"":""0"",""maximum"":""0"",""median_absolute_deviation"":""0""},""lsf"":{""count"":""3"",""minimum"":""0"",""median"":""0"",""maximum"":""0"",""median_absolute_deviation"":""0""},""paired_difference"":{""count"":""3"",""minimum"":""0"",""median"":""0"",""maximum"":""0"",""median_absolute_deviation"":""0""},""lower"":0,""equal"":3,""higher"":0}}"
32,final,wrapper.fd_count,count,"[{""pair"":0,""first_arm"":""lsf"",""native_group"":5,""lsf_group"":4,""native"":""0"",""lsf"":""0"",""lsf_minus_native"":""0"",""percent_of_native"":null},{""pair"":1,""first_arm"":""lsf"",""native_group"":3,""lsf_group"":2,""native"":""0"",""lsf"":""0"",""lsf_minus_native"":""0"",""percent_of_native"":null},{""pair"":2,""first_arm"":""lsf"",""native_group"":1,""lsf_group"":0,""native"":""0"",""lsf"":""0"",""lsf_minus_native"":""0"",""percent_of_native"":null},{""pair"":3,""first_arm"":""native"",""native_group"":4,""lsf_group"":5,""native"":""0"",""lsf"":""0"",""lsf_minus_native"":""0"",""percent_of_native"":null},{""pair"":4,""first_arm"":""native"",""native_group"":2,""lsf_group"":3,""native"":""0"",""lsf"":""0"",""lsf_minus_native"":""0"",""percent_of_native"":null},{""pair"":5,""first_arm"":""native"",""native_group"":0,""lsf_group"":1,""native"":""0"",""lsf"":""0"",""lsf_minus_native"":""0"",""percent_of_native"":null},{""pair"":6,""first_arm"":""lsf"",""native_group"":5,""lsf_group"":4,""native"":""0"",""lsf"":""0"",""lsf_minus_native"":""0"",""percent_of_native"":null}]",7,7,0,"{""count"":""7"",""minimum"":""0"",""median"":""0"",""maximum"":""0"",""median_absolute_deviation"":""0""}","{""count"":""7"",""minimum"":""0"",""median"":""0"",""maximum"":""0"",""median_absolute_deviation"":""0""}","{""count"":""7"",""minimum"":""0"",""median"":""0"",""maximum"":""0"",""median_absolute_deviation"":""0""}",0,7,0,"{""lsf"":{""pair_count"":4,""available_pairs"":4,""unavailable_pairs"":0,""native"":{""count"":""4"",""minimum"":""0"",""median"":""0"",""maximum"":""0"",""median_absolute_deviation"":""0""},""lsf"":{""count"":""4"",""minimum"":""0"",""median"":""0"",""maximum"":""0"",""median_absolute_deviation"":""0""},""paired_difference"":{""count"":""4"",""minimum"":""0"",""median"":""0"",""maximum"":""0"",""median_absolute_deviation"":""0""},""lower"":0,""equal"":4,""higher"":0},""native"":{""pair_count"":3,""available_pairs"":3,""unavailable_pairs"":0,""native"":{""count"":""3"",""minimum"":""0"",""median"":""0"",""maximum"":""0"",""median_absolute_deviation"":""0""},""lsf"":{""count"":""3"",""minimum"":""0"",""median"":""0"",""maximum"":""0"",""median_absolute_deviation"":""0""},""paired_difference"":{""count"":""3"",""minimum"":""0"",""median"":""0"",""maximum"":""0"",""median_absolute_deviation"":""0""},""lower"":0,""equal"":3,""higher"":0}}"
32,final,wrapper.listener_count,count,"[{""pair"":0,""first_arm"":""lsf"",""native_group"":5,""lsf_group"":4,""native"":""0"",""lsf"":""0"",""lsf_minus_native"":""0"",""percent_of_native"":null},{""pair"":1,""first_arm"":""lsf"",""native_group"":3,""lsf_group"":2,""native"":""0"",""lsf"":""0"",""lsf_minus_native"":""0"",""percent_of_native"":null},{""pair"":2,""first_arm"":""lsf"",""native_group"":1,""lsf_group"":0,""native"":""0"",""lsf"":""0"",""lsf_minus_native"":""0"",""percent_of_native"":null},{""pair"":3,""first_arm"":""native"",""native_group"":4,""lsf_group"":5,""native"":""0"",""lsf"":""0"",""lsf_minus_native"":""0"",""percent_of_native"":null},{""pair"":4,""first_arm"":""native"",""native_group"":2,""lsf_group"":3,""native"":""0"",""lsf"":""0"",""lsf_minus_native"":""0"",""percent_of_native"":null},{""pair"":5,""first_arm"":""native"",""native_group"":0,""lsf_group"":1,""native"":""0"",""lsf"":""0"",""lsf_minus_native"":""0"",""percent_of_native"":null},{""pair"":6,""first_arm"":""lsf"",""native_group"":5,""lsf_group"":4,""native"":""0"",""lsf"":""0"",""lsf_minus_native"":""0"",""percent_of_native"":null}]",7,7,0,"{""count"":""7"",""minimum"":""0"",""median"":""0"",""maximum"":""0"",""median_absolute_deviation"":""0""}","{""count"":""7"",""minimum"":""0"",""median"":""0"",""maximum"":""0"",""median_absolute_deviation"":""0""}","{""count"":""7"",""minimum"":""0"",""median"":""0"",""maximum"":""0"",""median_absolute_deviation"":""0""}",0,7,0,"{""lsf"":{""pair_count"":4,""available_pairs"":4,""unavailable_pairs"":0,""native"":{""count"":""4"",""minimum"":""0"",""median"":""0"",""maximum"":""0"",""median_absolute_deviation"":""0""},""lsf"":{""count"":""4"",""minimum"":""0"",""median"":""0"",""maximum"":""0"",""median_absolute_deviation"":""0""},""paired_difference"":{""count"":""4"",""minimum"":""0"",""median"":""0"",""maximum"":""0"",""median_absolute_deviation"":""0""},""lower"":0,""equal"":4,""higher"":0},""native"":{""pair_count"":3,""available_pairs"":3,""unavailable_pairs"":0,""native"":{""count"":""3"",""minimum"":""0"",""median"":""0"",""maximum"":""0"",""median_absolute_deviation"":""0""},""lsf"":{""count"":""3"",""minimum"":""0"",""median"":""0"",""maximum"":""0"",""median_absolute_deviation"":""0""},""paired_difference"":{""count"":""3"",""minimum"":""0"",""median"":""0"",""maximum"":""0"",""median_absolute_deviation"":""0""},""lower"":0,""equal"":3,""higher"":0}}"
32,final,cgroup.memory_current_bytes,bytes,"[{""pair"":0,""first_arm"":""lsf"",""native_group"":5,""lsf_group"":4,""native"":""536576"",""lsf"":""40960"",""lsf_minus_native"":""-495616"",""percent_of_native"":""-92.366412""},{""pair"":1,""first_arm"":""lsf"",""native_group"":3,""lsf_group"":2,""native"":""544768"",""lsf"":""-4096"",""lsf_minus_native"":""-548864"",""percent_of_native"":""-100.75188""},{""pair"":2,""first_arm"":""lsf"",""native_group"":1,""lsf_group"":0,""native"":""323584"",""lsf"":""20480"",""lsf_minus_native"":""-303104"",""percent_of_native"":""-93.670886""},{""pair"":3,""first_arm"":""native"",""native_group"":4,""lsf_group"":5,""native"":""561152"",""lsf"":""36864"",""lsf_minus_native"":""-524288"",""percent_of_native"":""-93.430657""},{""pair"":4,""first_arm"":""native"",""native_group"":2,""lsf_group"":3,""native"":""528384"",""lsf"":""53248"",""lsf_minus_native"":""-475136"",""percent_of_native"":""-89.922481""},{""pair"":5,""first_arm"":""native"",""native_group"":0,""lsf_group"":1,""native"":""20480"",""lsf"":""53248"",""lsf_minus_native"":""32768"",""percent_of_native"":""160""},{""pair"":6,""first_arm"":""lsf"",""native_group"":5,""lsf_group"":4,""native"":""544768"",""lsf"":""262144"",""lsf_minus_native"":""-282624"",""percent_of_native"":""-51.879699""}]",7,7,0,"{""count"":""7"",""minimum"":""20480"",""median"":""536576"",""maximum"":""561152"",""median_absolute_deviation"":""8192""}","{""count"":""7"",""minimum"":""-4096"",""median"":""40960"",""maximum"":""262144"",""median_absolute_deviation"":""12288""}","{""count"":""7"",""minimum"":""-548864"",""median"":""-475136"",""maximum"":""32768"",""median_absolute_deviation"":""73728""}",6,0,1,"{""lsf"":{""pair_count"":4,""available_pairs"":4,""unavailable_pairs"":0,""native"":{""count"":""4"",""minimum"":""323584"",""median"":""540672"",""maximum"":""544768"",""median_absolute_deviation"":""4096""},""lsf"":{""count"":""4"",""minimum"":""-4096"",""median"":""30720"",""maximum"":""262144"",""median_absolute_deviation"":""22528""},""paired_difference"":{""count"":""4"",""minimum"":""-548864"",""median"":""-399360"",""maximum"":""-282624"",""median_absolute_deviation"":""106496""},""lower"":4,""equal"":0,""higher"":0},""native"":{""pair_count"":3,""available_pairs"":3,""unavailable_pairs"":0,""native"":{""count"":""3"",""minimum"":""20480"",""median"":""528384"",""maximum"":""561152"",""median_absolute_deviation"":""32768""},""lsf"":{""count"":""3"",""minimum"":""36864"",""median"":""53248"",""maximum"":""53248"",""median_absolute_deviation"":""0""},""paired_difference"":{""count"":""3"",""minimum"":""-524288"",""median"":""-475136"",""maximum"":""32768"",""median_absolute_deviation"":""49152""},""lower"":2,""equal"":0,""higher"":1}}"
32,final,cgroup.sum_leaf_lifetime_memory_peak_bytes,bytes,"[{""pair"":0,""first_arm"":""lsf"",""native_group"":5,""lsf_group"":4,""native"":""0"",""lsf"":""0"",""lsf_minus_native"":""0"",""percent_of_native"":null},{""pair"":1,""first_arm"":""lsf"",""native_group"":3,""lsf_group"":2,""native"":""0"",""lsf"":""0"",""lsf_minus_native"":""0"",""percent_of_native"":null},{""pair"":2,""first_arm"":""lsf"",""native_group"":1,""lsf_group"":0,""native"":""0"",""lsf"":""0"",""lsf_minus_native"":""0"",""percent_of_native"":null},{""pair"":3,""first_arm"":""native"",""native_group"":4,""lsf_group"":5,""native"":""0"",""lsf"":""0"",""lsf_minus_native"":""0"",""percent_of_native"":null},{""pair"":4,""first_arm"":""native"",""native_group"":2,""lsf_group"":3,""native"":""0"",""lsf"":""0"",""lsf_minus_native"":""0"",""percent_of_native"":null},{""pair"":5,""first_arm"":""native"",""native_group"":0,""lsf_group"":1,""native"":""0"",""lsf"":""0"",""lsf_minus_native"":""0"",""percent_of_native"":null},{""pair"":6,""first_arm"":""lsf"",""native_group"":5,""lsf_group"":4,""native"":""0"",""lsf"":""0"",""lsf_minus_native"":""0"",""percent_of_native"":null}]",7,7,0,"{""count"":""7"",""minimum"":""0"",""median"":""0"",""maximum"":""0"",""median_absolute_deviation"":""0""}","{""count"":""7"",""minimum"":""0"",""median"":""0"",""maximum"":""0"",""median_absolute_deviation"":""0""}","{""count"":""7"",""minimum"":""0"",""median"":""0"",""maximum"":""0"",""median_absolute_deviation"":""0""}",0,7,0,"{""lsf"":{""pair_count"":4,""available_pairs"":4,""unavailable_pairs"":0,""native"":{""count"":""4"",""minimum"":""0"",""median"":""0"",""maximum"":""0"",""median_absolute_deviation"":""0""},""lsf"":{""count"":""4"",""minimum"":""0"",""median"":""0"",""maximum"":""0"",""median_absolute_deviation"":""0""},""paired_difference"":{""count"":""4"",""minimum"":""0"",""median"":""0"",""maximum"":""0"",""median_absolute_deviation"":""0""},""lower"":0,""equal"":4,""higher"":0},""native"":{""pair_count"":3,""available_pairs"":3,""unavailable_pairs"":0,""native"":{""count"":""3"",""minimum"":""0"",""median"":""0"",""maximum"":""0"",""median_absolute_deviation"":""0""},""lsf"":{""count"":""3"",""minimum"":""0"",""median"":""0"",""maximum"":""0"",""median_absolute_deviation"":""0""},""paired_difference"":{""count"":""3"",""minimum"":""0"",""median"":""0"",""maximum"":""0"",""median_absolute_deviation"":""0""},""lower"":0,""equal"":3,""higher"":0}}"
32,final,cgroup.memory_swap_current_bytes,bytes,"[{""pair"":0,""first_arm"":""lsf"",""native_group"":5,""lsf_group"":4,""native"":""0"",""lsf"":""0"",""lsf_minus_native"":""0"",""percent_of_native"":null},{""pair"":1,""first_arm"":""lsf"",""native_group"":3,""lsf_group"":2,""native"":""0"",""lsf"":""0"",""lsf_minus_native"":""0"",""percent_of_native"":null},{""pair"":2,""first_arm"":""lsf"",""native_group"":1,""lsf_group"":0,""native"":""0"",""lsf"":""0"",""lsf_minus_native"":""0"",""percent_of_native"":null},{""pair"":3,""first_arm"":""native"",""native_group"":4,""lsf_group"":5,""native"":""0"",""lsf"":""0"",""lsf_minus_native"":""0"",""percent_of_native"":null},{""pair"":4,""first_arm"":""native"",""native_group"":2,""lsf_group"":3,""native"":""0"",""lsf"":""0"",""lsf_minus_native"":""0"",""percent_of_native"":null},{""pair"":5,""first_arm"":""native"",""native_group"":0,""lsf_group"":1,""native"":""0"",""lsf"":""0"",""lsf_minus_native"":""0"",""percent_of_native"":null},{""pair"":6,""first_arm"":""lsf"",""native_group"":5,""lsf_group"":4,""native"":""0"",""lsf"":""0"",""lsf_minus_native"":""0"",""percent_of_native"":null}]",7,7,0,"{""count"":""7"",""minimum"":""0"",""median"":""0"",""maximum"":""0"",""median_absolute_deviation"":""0""}","{""count"":""7"",""minimum"":""0"",""median"":""0"",""maximum"":""0"",""median_absolute_deviation"":""0""}","{""count"":""7"",""minimum"":""0"",""median"":""0"",""maximum"":""0"",""median_absolute_deviation"":""0""}",0,7,0,"{""lsf"":{""pair_count"":4,""available_pairs"":4,""unavailable_pairs"":0,""native"":{""count"":""4"",""minimum"":""0"",""median"":""0"",""maximum"":""0"",""median_absolute_deviation"":""0""},""lsf"":{""count"":""4"",""minimum"":""0"",""median"":""0"",""maximum"":""0"",""median_absolute_deviation"":""0""},""paired_difference"":{""count"":""4"",""minimum"":""0"",""median"":""0"",""maximum"":""0"",""median_absolute_deviation"":""0""},""lower"":0,""equal"":4,""higher"":0},""native"":{""pair_count"":3,""available_pairs"":3,""unavailable_pairs"":0,""native"":{""count"":""3"",""minimum"":""0"",""median"":""0"",""maximum"":""0"",""median_absolute_deviation"":""0""},""lsf"":{""count"":""3"",""minimum"":""0"",""median"":""0"",""maximum"":""0"",""median_absolute_deviation"":""0""},""paired_difference"":{""count"":""3"",""minimum"":""0"",""median"":""0"",""maximum"":""0"",""median_absolute_deviation"":""0""},""lower"":0,""equal"":3,""higher"":0}}"
32,final,cgroup.pids_current,count,"[{""pair"":0,""first_arm"":""lsf"",""native_group"":5,""lsf_group"":4,""native"":""0"",""lsf"":""0"",""lsf_minus_native"":""0"",""percent_of_native"":null},{""pair"":1,""first_arm"":""lsf"",""native_group"":3,""lsf_group"":2,""native"":""0"",""lsf"":""0"",""lsf_minus_native"":""0"",""percent_of_native"":null},{""pair"":2,""first_arm"":""lsf"",""native_group"":1,""lsf_group"":0,""native"":""0"",""lsf"":""0"",""lsf_minus_native"":""0"",""percent_of_native"":null},{""pair"":3,""first_arm"":""native"",""native_group"":4,""lsf_group"":5,""native"":""0"",""lsf"":""0"",""lsf_minus_native"":""0"",""percent_of_native"":null},{""pair"":4,""first_arm"":""native"",""native_group"":2,""lsf_group"":3,""native"":""0"",""lsf"":""0"",""lsf_minus_native"":""0"",""percent_of_native"":null},{""pair"":5,""first_arm"":""native"",""native_group"":0,""lsf_group"":1,""native"":""0"",""lsf"":""0"",""lsf_minus_native"":""0"",""percent_of_native"":null},{""pair"":6,""first_arm"":""lsf"",""native_group"":5,""lsf_group"":4,""native"":""0"",""lsf"":""0"",""lsf_minus_native"":""0"",""percent_of_native"":null}]",7,7,0,"{""count"":""7"",""minimum"":""0"",""median"":""0"",""maximum"":""0"",""median_absolute_deviation"":""0""}","{""count"":""7"",""minimum"":""0"",""median"":""0"",""maximum"":""0"",""median_absolute_deviation"":""0""}","{""count"":""7"",""minimum"":""0"",""median"":""0"",""maximum"":""0"",""median_absolute_deviation"":""0""}",0,7,0,"{""lsf"":{""pair_count"":4,""available_pairs"":4,""unavailable_pairs"":0,""native"":{""count"":""4"",""minimum"":""0"",""median"":""0"",""maximum"":""0"",""median_absolute_deviation"":""0""},""lsf"":{""count"":""4"",""minimum"":""0"",""median"":""0"",""maximum"":""0"",""median_absolute_deviation"":""0""},""paired_difference"":{""count"":""4"",""minimum"":""0"",""median"":""0"",""maximum"":""0"",""median_absolute_deviation"":""0""},""lower"":0,""equal"":4,""higher"":0},""native"":{""pair_count"":3,""available_pairs"":3,""unavailable_pairs"":0,""native"":{""count"":""3"",""minimum"":""0"",""median"":""0"",""maximum"":""0"",""median_absolute_deviation"":""0""},""lsf"":{""count"":""3"",""minimum"":""0"",""median"":""0"",""maximum"":""0"",""median_absolute_deviation"":""0""},""paired_difference"":{""count"":""3"",""minimum"":""0"",""median"":""0"",""maximum"":""0"",""median_absolute_deviation"":""0""},""lower"":0,""equal"":3,""higher"":0}}"
32,final,cgroup.cpu.usage_usec,us,"[{""pair"":0,""first_arm"":""lsf"",""native_group"":5,""lsf_group"":4,""native"":""311749"",""lsf"":""11469"",""lsf_minus_native"":""-300280"",""percent_of_native"":""-96.321079""},{""pair"":1,""first_arm"":""lsf"",""native_group"":3,""lsf_group"":2,""native"":""314133"",""lsf"":""9145"",""lsf_minus_native"":""-304988"",""percent_of_native"":""-97.088813""},{""pair"":2,""first_arm"":""lsf"",""native_group"":1,""lsf_group"":0,""native"":""303554"",""lsf"":""11185"",""lsf_minus_native"":""-292369"",""percent_of_native"":""-96.315318""},{""pair"":3,""first_arm"":""native"",""native_group"":4,""lsf_group"":5,""native"":""313532"",""lsf"":""14254"",""lsf_minus_native"":""-299278"",""percent_of_native"":""-95.453734""},{""pair"":4,""first_arm"":""native"",""native_group"":2,""lsf_group"":3,""native"":""318093"",""lsf"":""14963"",""lsf_minus_native"":""-303130"",""percent_of_native"":""-95.29603""},{""pair"":5,""first_arm"":""native"",""native_group"":0,""lsf_group"":1,""native"":""309753"",""lsf"":""11174"",""lsf_minus_native"":""-298579"",""percent_of_native"":""-96.39261""},{""pair"":6,""first_arm"":""lsf"",""native_group"":5,""lsf_group"":4,""native"":""310774"",""lsf"":""15132"",""lsf_minus_native"":""-295642"",""percent_of_native"":""-95.130867""}]",7,7,0,"{""count"":""7"",""minimum"":""303554"",""median"":""311749"",""maximum"":""318093"",""median_absolute_deviation"":""1996""}","{""count"":""7"",""minimum"":""9145"",""median"":""11469"",""maximum"":""15132"",""median_absolute_deviation"":""2324""}","{""count"":""7"",""minimum"":""-304988"",""median"":""-299278"",""maximum"":""-292369"",""median_absolute_deviation"":""3636""}",7,0,0,"{""lsf"":{""pair_count"":4,""available_pairs"":4,""unavailable_pairs"":0,""native"":{""count"":""4"",""minimum"":""303554"",""median"":""311261.5"",""maximum"":""314133"",""median_absolute_deviation"":""1679.5""},""lsf"":{""count"":""4"",""minimum"":""9145"",""median"":""11327"",""maximum"":""15132"",""median_absolute_deviation"":""1162""},""paired_difference"":{""count"":""4"",""minimum"":""-304988"",""median"":""-297961"",""maximum"":""-292369"",""median_absolute_deviation"":""3955.5""},""lower"":4,""equal"":0,""higher"":0},""native"":{""pair_count"":3,""available_pairs"":3,""unavailable_pairs"":0,""native"":{""count"":""3"",""minimum"":""309753"",""median"":""313532"",""maximum"":""318093"",""median_absolute_deviation"":""3779""},""lsf"":{""count"":""3"",""minimum"":""11174"",""median"":""14254"",""maximum"":""14963"",""median_absolute_deviation"":""709""},""paired_difference"":{""count"":""3"",""minimum"":""-303130"",""median"":""-299278"",""maximum"":""-298579"",""median_absolute_deviation"":""699""},""lower"":3,""equal"":0,""higher"":0}}"
32,final,cgroup.cpu.user_usec,us,"[{""pair"":0,""first_arm"":""lsf"",""native_group"":5,""lsf_group"":4,""native"":""14682"",""lsf"":""2704"",""lsf_minus_native"":""-11978"",""percent_of_native"":""-81.582891""},{""pair"":1,""first_arm"":""lsf"",""native_group"":3,""lsf_group"":2,""native"":""19609"",""lsf"":""859"",""lsf_minus_native"":""-18750"",""percent_of_native"":""-95.619358""},{""pair"":2,""first_arm"":""lsf"",""native_group"":1,""lsf_group"":0,""native"":""9196"",""lsf"":""2634"",""lsf_minus_native"":""-6562"",""percent_of_native"":""-71.357112""},{""pair"":3,""first_arm"":""native"",""native_group"":4,""lsf_group"":5,""native"":""14188"",""lsf"":""5724"",""lsf_minus_native"":""-8464"",""percent_of_native"":""-59.656047""},{""pair"":4,""first_arm"":""native"",""native_group"":2,""lsf_group"":3,""native"":""16774"",""lsf"":""6409"",""lsf_minus_native"":""-10365"",""percent_of_native"":""-61.792059""},{""pair"":5,""first_arm"":""native"",""native_group"":0,""lsf_group"":1,""native"":""12662"",""lsf"":""4167"",""lsf_minus_native"":""-8495"",""percent_of_native"":""-67.090507""},{""pair"":6,""first_arm"":""lsf"",""native_group"":5,""lsf_group"":4,""native"":""19722"",""lsf"":""5600"",""lsf_minus_native"":""-14122"",""percent_of_native"":""-71.605314""}]",7,7,0,"{""count"":""7"",""minimum"":""9196"",""median"":""14682"",""maximum"":""19722"",""median_absolute_deviation"":""2092""}","{""count"":""7"",""minimum"":""859"",""median"":""4167"",""maximum"":""6409"",""median_absolute_deviation"":""1533""}","{""count"":""7"",""minimum"":""-18750"",""median"":""-10365"",""maximum"":""-6562"",""median_absolute_deviation"":""1901""}",7,0,0,"{""lsf"":{""pair_count"":4,""available_pairs"":4,""unavailable_pairs"":0,""native"":{""count"":""4"",""minimum"":""9196"",""median"":""17145.5"",""maximum"":""19722"",""median_absolute_deviation"":""2520""},""lsf"":{""count"":""4"",""minimum"":""859"",""median"":""2669"",""maximum"":""5600"",""median_absolute_deviation"":""922.5""},""paired_difference"":{""count"":""4"",""minimum"":""-18750"",""median"":""-13050"",""maximum"":""-6562"",""median_absolute_deviation"":""3386""},""lower"":4,""equal"":0,""higher"":0},""native"":{""pair_count"":3,""available_pairs"":3,""unavailable_pairs"":0,""native"":{""count"":""3"",""minimum"":""12662"",""median"":""14188"",""maximum"":""16774"",""median_absolute_deviation"":""1526""},""lsf"":{""count"":""3"",""minimum"":""4167"",""median"":""5724"",""maximum"":""6409"",""median_absolute_deviation"":""685""},""paired_difference"":{""count"":""3"",""minimum"":""-10365"",""median"":""-8495"",""maximum"":""-8464"",""median_absolute_deviation"":""31""},""lower"":3,""equal"":0,""higher"":0}}"
32,final,cgroup.cpu.system_usec,us,"[{""pair"":0,""first_arm"":""lsf"",""native_group"":5,""lsf_group"":4,""native"":""297072"",""lsf"":""8764"",""lsf_minus_native"":""-288308"",""percent_of_native"":""-97.049873""},{""pair"":1,""first_arm"":""lsf"",""native_group"":3,""lsf_group"":2,""native"":""294518"",""lsf"":""8286"",""lsf_minus_native"":""-286232"",""percent_of_native"":""-97.18659""},{""pair"":2,""first_arm"":""lsf"",""native_group"":1,""lsf_group"":0,""native"":""294357"",""lsf"":""8552"",""lsf_minus_native"":""-285805"",""percent_of_native"":""-97.094684""},{""pair"":3,""first_arm"":""native"",""native_group"":4,""lsf_group"":5,""native"":""299344"",""lsf"":""8529"",""lsf_minus_native"":""-290815"",""percent_of_native"":""-97.15077""},{""pair"":4,""first_arm"":""native"",""native_group"":2,""lsf_group"":3,""native"":""301319"",""lsf"":""8555"",""lsf_minus_native"":""-292764"",""percent_of_native"":""-97.160816""},{""pair"":5,""first_arm"":""native"",""native_group"":0,""lsf_group"":1,""native"":""297091"",""lsf"":""7008"",""lsf_minus_native"":""-290083"",""percent_of_native"":""-97.641127""},{""pair"":6,""first_arm"":""lsf"",""native_group"":5,""lsf_group"":4,""native"":""291053"",""lsf"":""9531"",""lsf_minus_native"":""-281522"",""percent_of_native"":""-96.725339""}]",7,7,0,"{""count"":""7"",""minimum"":""291053"",""median"":""297072"",""maximum"":""301319"",""median_absolute_deviation"":""2554""}","{""count"":""7"",""minimum"":""7008"",""median"":""8552"",""maximum"":""9531"",""median_absolute_deviation"":""212""}","{""count"":""7"",""minimum"":""-292764"",""median"":""-288308"",""maximum"":""-281522"",""median_absolute_deviation"":""2503""}",7,0,0,"{""lsf"":{""pair_count"":4,""available_pairs"":4,""unavailable_pairs"":0,""native"":{""count"":""4"",""minimum"":""291053"",""median"":""294437.5"",""maximum"":""297072"",""median_absolute_deviation"":""1357.5""},""lsf"":{""count"":""4"",""minimum"":""8286"",""median"":""8658"",""maximum"":""9531"",""median_absolute_deviation"":""239""},""paired_difference"":{""count"":""4"",""minimum"":""-288308"",""median"":""-286018.5"",""maximum"":""-281522"",""median_absolute_deviation"":""1251.5""},""lower"":4,""equal"":0,""higher"":0},""native"":{""pair_count"":3,""available_pairs"":3,""unavailable_pairs"":0,""native"":{""count"":""3"",""minimum"":""297091"",""median"":""299344"",""maximum"":""301319"",""median_absolute_deviation"":""1975""},""lsf"":{""count"":""3"",""minimum"":""7008"",""median"":""8529"",""maximum"":""8555"",""median_absolute_deviation"":""26""},""paired_difference"":{""count"":""3"",""minimum"":""-292764"",""median"":""-290815"",""maximum"":""-290083"",""median_absolute_deviation"":""732""},""lower"":3,""equal"":0,""higher"":0}}"
32,final,cgroup.cpu.nr_periods,count,"[{""pair"":0,""first_arm"":""lsf"",""native_group"":5,""lsf_group"":4,""native"":""66"",""lsf"":""6"",""lsf_minus_native"":""-60"",""percent_of_native"":""-90.909091""},{""pair"":1,""first_arm"":""lsf"",""native_group"":3,""lsf_group"":2,""native"":""66"",""lsf"":""4"",""lsf_minus_native"":""-62"",""percent_of_native"":""-93.939394""},{""pair"":2,""first_arm"":""lsf"",""native_group"":1,""lsf_group"":0,""native"":""66"",""lsf"":""6"",""lsf_minus_native"":""-60"",""percent_of_native"":""-90.909091""},{""pair"":3,""first_arm"":""native"",""native_group"":4,""lsf_group"":5,""native"":""64"",""lsf"":""4"",""lsf_minus_native"":""-60"",""percent_of_native"":""-93.75""},{""pair"":4,""first_arm"":""native"",""native_group"":2,""lsf_group"":3,""native"":""66"",""lsf"":""5"",""lsf_minus_native"":""-61"",""percent_of_native"":""-92.424242""},{""pair"":5,""first_arm"":""native"",""native_group"":0,""lsf_group"":1,""native"":""64"",""lsf"":""4"",""lsf_minus_native"":""-60"",""percent_of_native"":""-93.75""},{""pair"":6,""first_arm"":""lsf"",""native_group"":5,""lsf_group"":4,""native"":""67"",""lsf"":""5"",""lsf_minus_native"":""-62"",""percent_of_native"":""-92.537313""}]",7,7,0,"{""count"":""7"",""minimum"":""64"",""median"":""66"",""maximum"":""67"",""median_absolute_deviation"":""0""}","{""count"":""7"",""minimum"":""4"",""median"":""5"",""maximum"":""6"",""median_absolute_deviation"":""1""}","{""count"":""7"",""minimum"":""-62"",""median"":""-60"",""maximum"":""-60"",""median_absolute_deviation"":""0""}",7,0,0,"{""lsf"":{""pair_count"":4,""available_pairs"":4,""unavailable_pairs"":0,""native"":{""count"":""4"",""minimum"":""66"",""median"":""66"",""maximum"":""67"",""median_absolute_deviation"":""0""},""lsf"":{""count"":""4"",""minimum"":""4"",""median"":""5.5"",""maximum"":""6"",""median_absolute_deviation"":""0.5""},""paired_difference"":{""count"":""4"",""minimum"":""-62"",""median"":""-61"",""maximum"":""-60"",""median_absolute_deviation"":""1""},""lower"":4,""equal"":0,""higher"":0},""native"":{""pair_count"":3,""available_pairs"":3,""unavailable_pairs"":0,""native"":{""count"":""3"",""minimum"":""64"",""median"":""64"",""maximum"":""66"",""median_absolute_deviation"":""0""},""lsf"":{""count"":""3"",""minimum"":""4"",""median"":""4"",""maximum"":""5"",""median_absolute_deviation"":""0""},""paired_difference"":{""count"":""3"",""minimum"":""-61"",""median"":""-60"",""maximum"":""-60"",""median_absolute_deviation"":""0""},""lower"":3,""equal"":0,""higher"":0}}"
32,final,cgroup.cpu.nr_throttled,count,"[{""pair"":0,""first_arm"":""lsf"",""native_group"":5,""lsf_group"":4,""native"":""1"",""lsf"":""0"",""lsf_minus_native"":""-1"",""percent_of_native"":""-100""},{""pair"":1,""first_arm"":""lsf"",""native_group"":3,""lsf_group"":2,""native"":""0"",""lsf"":""0"",""lsf_minus_native"":""0"",""percent_of_native"":null},{""pair"":2,""first_arm"":""lsf"",""native_group"":1,""lsf_group"":0,""native"":""0"",""lsf"":""0"",""lsf_minus_native"":""0"",""percent_of_native"":null},{""pair"":3,""first_arm"":""native"",""native_group"":4,""lsf_group"":5,""native"":""0"",""lsf"":""0"",""lsf_minus_native"":""0"",""percent_of_native"":null},{""pair"":4,""first_arm"":""native"",""native_group"":2,""lsf_group"":3,""native"":""0"",""lsf"":""0"",""lsf_minus_native"":""0"",""percent_of_native"":null},{""pair"":5,""first_arm"":""native"",""native_group"":0,""lsf_group"":1,""native"":""0"",""lsf"":""0"",""lsf_minus_native"":""0"",""percent_of_native"":null},{""pair"":6,""first_arm"":""lsf"",""native_group"":5,""lsf_group"":4,""native"":""0"",""lsf"":""0"",""lsf_minus_native"":""0"",""percent_of_native"":null}]",7,7,0,"{""count"":""7"",""minimum"":""0"",""median"":""0"",""maximum"":""1"",""median_absolute_deviation"":""0""}","{""count"":""7"",""minimum"":""0"",""median"":""0"",""maximum"":""0"",""median_absolute_deviation"":""0""}","{""count"":""7"",""minimum"":""-1"",""median"":""0"",""maximum"":""0"",""median_absolute_deviation"":""0""}",1,6,0,"{""lsf"":{""pair_count"":4,""available_pairs"":4,""unavailable_pairs"":0,""native"":{""count"":""4"",""minimum"":""0"",""median"":""0"",""maximum"":""1"",""median_absolute_deviation"":""0""},""lsf"":{""count"":""4"",""minimum"":""0"",""median"":""0"",""maximum"":""0"",""median_absolute_deviation"":""0""},""paired_difference"":{""count"":""4"",""minimum"":""-1"",""median"":""0"",""maximum"":""0"",""median_absolute_deviation"":""0""},""lower"":1,""equal"":3,""higher"":0},""native"":{""pair_count"":3,""available_pairs"":3,""unavailable_pairs"":0,""native"":{""count"":""3"",""minimum"":""0"",""median"":""0"",""maximum"":""0"",""median_absolute_deviation"":""0""},""lsf"":{""count"":""3"",""minimum"":""0"",""median"":""0"",""maximum"":""0"",""median_absolute_deviation"":""0""},""paired_difference"":{""count"":""3"",""minimum"":""0"",""median"":""0"",""maximum"":""0"",""median_absolute_deviation"":""0""},""lower"":0,""equal"":3,""higher"":0}}"
32,final,cgroup.cpu.throttled_usec,us,"[{""pair"":0,""first_arm"":""lsf"",""native_group"":5,""lsf_group"":4,""native"":""0"",""lsf"":""0"",""lsf_minus_native"":""0"",""percent_of_native"":null},{""pair"":1,""first_arm"":""lsf"",""native_group"":3,""lsf_group"":2,""native"":""0"",""lsf"":""0"",""lsf_minus_native"":""0"",""percent_of_native"":null},{""pair"":2,""first_arm"":""lsf"",""native_group"":1,""lsf_group"":0,""native"":""0"",""lsf"":""0"",""lsf_minus_native"":""0"",""percent_of_native"":null},{""pair"":3,""first_arm"":""native"",""native_group"":4,""lsf_group"":5,""native"":""0"",""lsf"":""0"",""lsf_minus_native"":""0"",""percent_of_native"":null},{""pair"":4,""first_arm"":""native"",""native_group"":2,""lsf_group"":3,""native"":""0"",""lsf"":""0"",""lsf_minus_native"":""0"",""percent_of_native"":null},{""pair"":5,""first_arm"":""native"",""native_group"":0,""lsf_group"":1,""native"":""0"",""lsf"":""0"",""lsf_minus_native"":""0"",""percent_of_native"":null},{""pair"":6,""first_arm"":""lsf"",""native_group"":5,""lsf_group"":4,""native"":""0"",""lsf"":""0"",""lsf_minus_native"":""0"",""percent_of_native"":null}]",7,7,0,"{""count"":""7"",""minimum"":""0"",""median"":""0"",""maximum"":""0"",""median_absolute_deviation"":""0""}","{""count"":""7"",""minimum"":""0"",""median"":""0"",""maximum"":""0"",""median_absolute_deviation"":""0""}","{""count"":""7"",""minimum"":""0"",""median"":""0"",""maximum"":""0"",""median_absolute_deviation"":""0""}",0,7,0,"{""lsf"":{""pair_count"":4,""available_pairs"":4,""unavailable_pairs"":0,""native"":{""count"":""4"",""minimum"":""0"",""median"":""0"",""maximum"":""0"",""median_absolute_deviation"":""0""},""lsf"":{""count"":""4"",""minimum"":""0"",""median"":""0"",""maximum"":""0"",""median_absolute_deviation"":""0""},""paired_difference"":{""count"":""4"",""minimum"":""0"",""median"":""0"",""maximum"":""0"",""median_absolute_deviation"":""0""},""lower"":0,""equal"":4,""higher"":0},""native"":{""pair_count"":3,""available_pairs"":3,""unavailable_pairs"":0,""native"":{""count"":""3"",""minimum"":""0"",""median"":""0"",""maximum"":""0"",""median_absolute_deviation"":""0""},""lsf"":{""count"":""3"",""minimum"":""0"",""median"":""0"",""maximum"":""0"",""median_absolute_deviation"":""0""},""paired_difference"":{""count"":""3"",""minimum"":""0"",""median"":""0"",""maximum"":""0"",""median_absolute_deviation"":""0""},""lower"":0,""equal"":3,""higher"":0}}"
32,ready,child.rss_bytes,bytes,"[{""pair"":0,""first_arm"":""lsf"",""native_group"":5,""lsf_group"":4,""native"":""0"",""lsf"":""0"",""lsf_minus_native"":""0"",""percent_of_native"":null},{""pair"":1,""first_arm"":""lsf"",""native_group"":3,""lsf_group"":2,""native"":""0"",""lsf"":""0"",""lsf_minus_native"":""0"",""percent_of_native"":null},{""pair"":2,""first_arm"":""lsf"",""native_group"":1,""lsf_group"":0,""native"":""0"",""lsf"":""0"",""lsf_minus_native"":""0"",""percent_of_native"":null},{""pair"":3,""first_arm"":""native"",""native_group"":4,""lsf_group"":5,""native"":""0"",""lsf"":""0"",""lsf_minus_native"":""0"",""percent_of_native"":null},{""pair"":4,""first_arm"":""native"",""native_group"":2,""lsf_group"":3,""native"":""0"",""lsf"":""0"",""lsf_minus_native"":""0"",""percent_of_native"":null},{""pair"":5,""first_arm"":""native"",""native_group"":0,""lsf_group"":1,""native"":""0"",""lsf"":""0"",""lsf_minus_native"":""0"",""percent_of_native"":null},{""pair"":6,""first_arm"":""lsf"",""native_group"":5,""lsf_group"":4,""native"":""0"",""lsf"":""0"",""lsf_minus_native"":""0"",""percent_of_native"":null}]",7,7,0,"{""count"":""7"",""minimum"":""0"",""median"":""0"",""maximum"":""0"",""median_absolute_deviation"":""0""}","{""count"":""7"",""minimum"":""0"",""median"":""0"",""maximum"":""0"",""median_absolute_deviation"":""0""}","{""count"":""7"",""minimum"":""0"",""median"":""0"",""maximum"":""0"",""median_absolute_deviation"":""0""}",0,7,0,"{""lsf"":{""pair_count"":4,""available_pairs"":4,""unavailable_pairs"":0,""native"":{""count"":""4"",""minimum"":""0"",""median"":""0"",""maximum"":""0"",""median_absolute_deviation"":""0""},""lsf"":{""count"":""4"",""minimum"":""0"",""median"":""0"",""maximum"":""0"",""median_absolute_deviation"":""0""},""paired_difference"":{""count"":""4"",""minimum"":""0"",""median"":""0"",""maximum"":""0"",""median_absolute_deviation"":""0""},""lower"":0,""equal"":4,""higher"":0},""native"":{""pair_count"":3,""available_pairs"":3,""unavailable_pairs"":0,""native"":{""count"":""3"",""minimum"":""0"",""median"":""0"",""maximum"":""0"",""median_absolute_deviation"":""0""},""lsf"":{""count"":""3"",""minimum"":""0"",""median"":""0"",""maximum"":""0"",""median_absolute_deviation"":""0""},""paired_difference"":{""count"":""3"",""minimum"":""0"",""median"":""0"",""maximum"":""0"",""median_absolute_deviation"":""0""},""lower"":0,""equal"":3,""higher"":0}}"
32,ready,child.threads,count,"[{""pair"":0,""first_arm"":""lsf"",""native_group"":5,""lsf_group"":4,""native"":""0"",""lsf"":""0"",""lsf_minus_native"":""0"",""percent_of_native"":null},{""pair"":1,""first_arm"":""lsf"",""native_group"":3,""lsf_group"":2,""native"":""0"",""lsf"":""0"",""lsf_minus_native"":""0"",""percent_of_native"":null},{""pair"":2,""first_arm"":""lsf"",""native_group"":1,""lsf_group"":0,""native"":""0"",""lsf"":""0"",""lsf_minus_native"":""0"",""percent_of_native"":null},{""pair"":3,""first_arm"":""native"",""native_group"":4,""lsf_group"":5,""native"":""0"",""lsf"":""0"",""lsf_minus_native"":""0"",""percent_of_native"":null},{""pair"":4,""first_arm"":""native"",""native_group"":2,""lsf_group"":3,""native"":""0"",""lsf"":""0"",""lsf_minus_native"":""0"",""percent_of_native"":null},{""pair"":5,""first_arm"":""native"",""native_group"":0,""lsf_group"":1,""native"":""0"",""lsf"":""0"",""lsf_minus_native"":""0"",""percent_of_native"":null},{""pair"":6,""first_arm"":""lsf"",""native_group"":5,""lsf_group"":4,""native"":""0"",""lsf"":""0"",""lsf_minus_native"":""0"",""percent_of_native"":null}]",7,7,0,"{""count"":""7"",""minimum"":""0"",""median"":""0"",""maximum"":""0"",""median_absolute_deviation"":""0""}","{""count"":""7"",""minimum"":""0"",""median"":""0"",""maximum"":""0"",""median_absolute_deviation"":""0""}","{""count"":""7"",""minimum"":""0"",""median"":""0"",""maximum"":""0"",""median_absolute_deviation"":""0""}",0,7,0,"{""lsf"":{""pair_count"":4,""available_pairs"":4,""unavailable_pairs"":0,""native"":{""count"":""4"",""minimum"":""0"",""median"":""0"",""maximum"":""0"",""median_absolute_deviation"":""0""},""lsf"":{""count"":""4"",""minimum"":""0"",""median"":""0"",""maximum"":""0"",""median_absolute_deviation"":""0""},""paired_difference"":{""count"":""4"",""minimum"":""0"",""median"":""0"",""maximum"":""0"",""median_absolute_deviation"":""0""},""lower"":0,""equal"":4,""higher"":0},""native"":{""pair_count"":3,""available_pairs"":3,""unavailable_pairs"":0,""native"":{""count"":""3"",""minimum"":""0"",""median"":""0"",""maximum"":""0"",""median_absolute_deviation"":""0""},""lsf"":{""count"":""3"",""minimum"":""0"",""median"":""0"",""maximum"":""0"",""median_absolute_deviation"":""0""},""paired_difference"":{""count"":""3"",""minimum"":""0"",""median"":""0"",""maximum"":""0"",""median_absolute_deviation"":""0""},""lower"":0,""equal"":3,""higher"":0}}"
32,ready,child.fd_count,count,"[{""pair"":0,""first_arm"":""lsf"",""native_group"":5,""lsf_group"":4,""native"":""0"",""lsf"":""0"",""lsf_minus_native"":""0"",""percent_of_native"":null},{""pair"":1,""first_arm"":""lsf"",""native_group"":3,""lsf_group"":2,""native"":""0"",""lsf"":""0"",""lsf_minus_native"":""0"",""percent_of_native"":null},{""pair"":2,""first_arm"":""lsf"",""native_group"":1,""lsf_group"":0,""native"":""0"",""lsf"":""0"",""lsf_minus_native"":""0"",""percent_of_native"":null},{""pair"":3,""first_arm"":""native"",""native_group"":4,""lsf_group"":5,""native"":""0"",""lsf"":""0"",""lsf_minus_native"":""0"",""percent_of_native"":null},{""pair"":4,""first_arm"":""native"",""native_group"":2,""lsf_group"":3,""native"":""0"",""lsf"":""0"",""lsf_minus_native"":""0"",""percent_of_native"":null},{""pair"":5,""first_arm"":""native"",""native_group"":0,""lsf_group"":1,""native"":""0"",""lsf"":""0"",""lsf_minus_native"":""0"",""percent_of_native"":null},{""pair"":6,""first_arm"":""lsf"",""native_group"":5,""lsf_group"":4,""native"":""0"",""lsf"":""0"",""lsf_minus_native"":""0"",""percent_of_native"":null}]",7,7,0,"{""count"":""7"",""minimum"":""0"",""median"":""0"",""maximum"":""0"",""median_absolute_deviation"":""0""}","{""count"":""7"",""minimum"":""0"",""median"":""0"",""maximum"":""0"",""median_absolute_deviation"":""0""}","{""count"":""7"",""minimum"":""0"",""median"":""0"",""maximum"":""0"",""median_absolute_deviation"":""0""}",0,7,0,"{""lsf"":{""pair_count"":4,""available_pairs"":4,""unavailable_pairs"":0,""native"":{""count"":""4"",""minimum"":""0"",""median"":""0"",""maximum"":""0"",""median_absolute_deviation"":""0""},""lsf"":{""count"":""4"",""minimum"":""0"",""median"":""0"",""maximum"":""0"",""median_absolute_deviation"":""0""},""paired_difference"":{""count"":""4"",""minimum"":""0"",""median"":""0"",""maximum"":""0"",""median_absolute_deviation"":""0""},""lower"":0,""equal"":4,""higher"":0},""native"":{""pair_count"":3,""available_pairs"":3,""unavailable_pairs"":0,""native"":{""count"":""3"",""minimum"":""0"",""median"":""0"",""maximum"":""0"",""median_absolute_deviation"":""0""},""lsf"":{""count"":""3"",""minimum"":""0"",""median"":""0"",""maximum"":""0"",""median_absolute_deviation"":""0""},""paired_difference"":{""count"":""3"",""minimum"":""0"",""median"":""0"",""maximum"":""0"",""median_absolute_deviation"":""0""},""lower"":0,""equal"":3,""higher"":0}}"
32,ready,child.listener_count,count,"[{""pair"":0,""first_arm"":""lsf"",""native_group"":5,""lsf_group"":4,""native"":""0"",""lsf"":""0"",""lsf_minus_native"":""0"",""percent_of_native"":null},{""pair"":1,""first_arm"":""lsf"",""native_group"":3,""lsf_group"":2,""native"":""0"",""lsf"":""0"",""lsf_minus_native"":""0"",""percent_of_native"":null},{""pair"":2,""first_arm"":""lsf"",""native_group"":1,""lsf_group"":0,""native"":""0"",""lsf"":""0"",""lsf_minus_native"":""0"",""percent_of_native"":null},{""pair"":3,""first_arm"":""native"",""native_group"":4,""lsf_group"":5,""native"":""0"",""lsf"":""0"",""lsf_minus_native"":""0"",""percent_of_native"":null},{""pair"":4,""first_arm"":""native"",""native_group"":2,""lsf_group"":3,""native"":""0"",""lsf"":""0"",""lsf_minus_native"":""0"",""percent_of_native"":null},{""pair"":5,""first_arm"":""native"",""native_group"":0,""lsf_group"":1,""native"":""0"",""lsf"":""0"",""lsf_minus_native"":""0"",""percent_of_native"":null},{""pair"":6,""first_arm"":""lsf"",""native_group"":5,""lsf_group"":4,""native"":""0"",""lsf"":""0"",""lsf_minus_native"":""0"",""percent_of_native"":null}]",7,7,0,"{""count"":""7"",""minimum"":""0"",""median"":""0"",""maximum"":""0"",""median_absolute_deviation"":""0""}","{""count"":""7"",""minimum"":""0"",""median"":""0"",""maximum"":""0"",""median_absolute_deviation"":""0""}","{""count"":""7"",""minimum"":""0"",""median"":""0"",""maximum"":""0"",""median_absolute_deviation"":""0""}",0,7,0,"{""lsf"":{""pair_count"":4,""available_pairs"":4,""unavailable_pairs"":0,""native"":{""count"":""4"",""minimum"":""0"",""median"":""0"",""maximum"":""0"",""median_absolute_deviation"":""0""},""lsf"":{""count"":""4"",""minimum"":""0"",""median"":""0"",""maximum"":""0"",""median_absolute_deviation"":""0""},""paired_difference"":{""count"":""4"",""minimum"":""0"",""median"":""0"",""maximum"":""0"",""median_absolute_deviation"":""0""},""lower"":0,""equal"":4,""higher"":0},""native"":{""pair_count"":3,""available_pairs"":3,""unavailable_pairs"":0,""native"":{""count"":""3"",""minimum"":""0"",""median"":""0"",""maximum"":""0"",""median_absolute_deviation"":""0""},""lsf"":{""count"":""3"",""minimum"":""0"",""median"":""0"",""maximum"":""0"",""median_absolute_deviation"":""0""},""paired_difference"":{""count"":""3"",""minimum"":""0"",""median"":""0"",""maximum"":""0"",""median_absolute_deviation"":""0""},""lower"":0,""equal"":3,""higher"":0}}"
32,ready,wrapper.rss_bytes,bytes,"[{""pair"":0,""first_arm"":""lsf"",""native_group"":5,""lsf_group"":4,""native"":""3276800"",""lsf"":""262144"",""lsf_minus_native"":""-3014656"",""percent_of_native"":""-92""},{""pair"":1,""first_arm"":""lsf"",""native_group"":3,""lsf_group"":2,""native"":""3014656"",""lsf"":""262144"",""lsf_minus_native"":""-2752512"",""percent_of_native"":""-91.304348""},{""pair"":2,""first_arm"":""lsf"",""native_group"":1,""lsf_group"":0,""native"":""2752512"",""lsf"":""262144"",""lsf_minus_native"":""-2490368"",""percent_of_native"":""-90.47619""},{""pair"":3,""first_arm"":""native"",""native_group"":4,""lsf_group"":5,""native"":""3407872"",""lsf"":""262144"",""lsf_minus_native"":""-3145728"",""percent_of_native"":""-92.307692""},{""pair"":4,""first_arm"":""native"",""native_group"":2,""lsf_group"":3,""native"":""2621440"",""lsf"":""262144"",""lsf_minus_native"":""-2359296"",""percent_of_native"":""-90""},{""pair"":5,""first_arm"":""native"",""native_group"":0,""lsf_group"":1,""native"":""3145728"",""lsf"":""262144"",""lsf_minus_native"":""-2883584"",""percent_of_native"":""-91.666667""},{""pair"":6,""first_arm"":""lsf"",""native_group"":5,""lsf_group"":4,""native"":""2752512"",""lsf"":""262144"",""lsf_minus_native"":""-2490368"",""percent_of_native"":""-90.47619""}]",7,7,0,"{""count"":""7"",""minimum"":""2621440"",""median"":""3014656"",""maximum"":""3407872"",""median_absolute_deviation"":""262144""}","{""count"":""7"",""minimum"":""262144"",""median"":""262144"",""maximum"":""262144"",""median_absolute_deviation"":""0""}","{""count"":""7"",""minimum"":""-3145728"",""median"":""-2752512"",""maximum"":""-2359296"",""median_absolute_deviation"":""262144""}",7,0,0,"{""lsf"":{""pair_count"":4,""available_pairs"":4,""unavailable_pairs"":0,""native"":{""count"":""4"",""minimum"":""2752512"",""median"":""2883584"",""maximum"":""3276800"",""median_absolute_deviation"":""131072""},""lsf"":{""count"":""4"",""minimum"":""262144"",""median"":""262144"",""maximum"":""262144"",""median_absolute_deviation"":""0""},""paired_difference"":{""count"":""4"",""minimum"":""-3014656"",""median"":""-2621440"",""maximum"":""-2490368"",""median_absolute_deviation"":""131072""},""lower"":4,""equal"":0,""higher"":0},""native"":{""pair_count"":3,""available_pairs"":3,""unavailable_pairs"":0,""native"":{""count"":""3"",""minimum"":""2621440"",""median"":""3145728"",""maximum"":""3407872"",""median_absolute_deviation"":""262144""},""lsf"":{""count"":""3"",""minimum"":""262144"",""median"":""262144"",""maximum"":""262144"",""median_absolute_deviation"":""0""},""paired_difference"":{""count"":""3"",""minimum"":""-3145728"",""median"":""-2883584"",""maximum"":""-2359296"",""median_absolute_deviation"":""262144""},""lower"":3,""equal"":0,""higher"":0}}"
32,ready,wrapper.threads,count,"[{""pair"":0,""first_arm"":""lsf"",""native_group"":5,""lsf_group"":4,""native"":""0"",""lsf"":""0"",""lsf_minus_native"":""0"",""percent_of_native"":null},{""pair"":1,""first_arm"":""lsf"",""native_group"":3,""lsf_group"":2,""native"":""0"",""lsf"":""0"",""lsf_minus_native"":""0"",""percent_of_native"":null},{""pair"":2,""first_arm"":""lsf"",""native_group"":1,""lsf_group"":0,""native"":""0"",""lsf"":""0"",""lsf_minus_native"":""0"",""percent_of_native"":null},{""pair"":3,""first_arm"":""native"",""native_group"":4,""lsf_group"":5,""native"":""0"",""lsf"":""0"",""lsf_minus_native"":""0"",""percent_of_native"":null},{""pair"":4,""first_arm"":""native"",""native_group"":2,""lsf_group"":3,""native"":""0"",""lsf"":""0"",""lsf_minus_native"":""0"",""percent_of_native"":null},{""pair"":5,""first_arm"":""native"",""native_group"":0,""lsf_group"":1,""native"":""0"",""lsf"":""0"",""lsf_minus_native"":""0"",""percent_of_native"":null},{""pair"":6,""first_arm"":""lsf"",""native_group"":5,""lsf_group"":4,""native"":""0"",""lsf"":""0"",""lsf_minus_native"":""0"",""percent_of_native"":null}]",7,7,0,"{""count"":""7"",""minimum"":""0"",""median"":""0"",""maximum"":""0"",""median_absolute_deviation"":""0""}","{""count"":""7"",""minimum"":""0"",""median"":""0"",""maximum"":""0"",""median_absolute_deviation"":""0""}","{""count"":""7"",""minimum"":""0"",""median"":""0"",""maximum"":""0"",""median_absolute_deviation"":""0""}",0,7,0,"{""lsf"":{""pair_count"":4,""available_pairs"":4,""unavailable_pairs"":0,""native"":{""count"":""4"",""minimum"":""0"",""median"":""0"",""maximum"":""0"",""median_absolute_deviation"":""0""},""lsf"":{""count"":""4"",""minimum"":""0"",""median"":""0"",""maximum"":""0"",""median_absolute_deviation"":""0""},""paired_difference"":{""count"":""4"",""minimum"":""0"",""median"":""0"",""maximum"":""0"",""median_absolute_deviation"":""0""},""lower"":0,""equal"":4,""higher"":0},""native"":{""pair_count"":3,""available_pairs"":3,""unavailable_pairs"":0,""native"":{""count"":""3"",""minimum"":""0"",""median"":""0"",""maximum"":""0"",""median_absolute_deviation"":""0""},""lsf"":{""count"":""3"",""minimum"":""0"",""median"":""0"",""maximum"":""0"",""median_absolute_deviation"":""0""},""paired_difference"":{""count"":""3"",""minimum"":""0"",""median"":""0"",""maximum"":""0"",""median_absolute_deviation"":""0""},""lower"":0,""equal"":3,""higher"":0}}"
32,ready,wrapper.fd_count,count,"[{""pair"":0,""first_arm"":""lsf"",""native_group"":5,""lsf_group"":4,""native"":""0"",""lsf"":""0"",""lsf_minus_native"":""0"",""percent_of_native"":null},{""pair"":1,""first_arm"":""lsf"",""native_group"":3,""lsf_group"":2,""native"":""0"",""lsf"":""0"",""lsf_minus_native"":""0"",""percent_of_native"":null},{""pair"":2,""first_arm"":""lsf"",""native_group"":1,""lsf_group"":0,""native"":""0"",""lsf"":""0"",""lsf_minus_native"":""0"",""percent_of_native"":null},{""pair"":3,""first_arm"":""native"",""native_group"":4,""lsf_group"":5,""native"":""0"",""lsf"":""0"",""lsf_minus_native"":""0"",""percent_of_native"":null},{""pair"":4,""first_arm"":""native"",""native_group"":2,""lsf_group"":3,""native"":""0"",""lsf"":""0"",""lsf_minus_native"":""0"",""percent_of_native"":null},{""pair"":5,""first_arm"":""native"",""native_group"":0,""lsf_group"":1,""native"":""0"",""lsf"":""0"",""lsf_minus_native"":""0"",""percent_of_native"":null},{""pair"":6,""first_arm"":""lsf"",""native_group"":5,""lsf_group"":4,""native"":""0"",""lsf"":""0"",""lsf_minus_native"":""0"",""percent_of_native"":null}]",7,7,0,"{""count"":""7"",""minimum"":""0"",""median"":""0"",""maximum"":""0"",""median_absolute_deviation"":""0""}","{""count"":""7"",""minimum"":""0"",""median"":""0"",""maximum"":""0"",""median_absolute_deviation"":""0""}","{""count"":""7"",""minimum"":""0"",""median"":""0"",""maximum"":""0"",""median_absolute_deviation"":""0""}",0,7,0,"{""lsf"":{""pair_count"":4,""available_pairs"":4,""unavailable_pairs"":0,""native"":{""count"":""4"",""minimum"":""0"",""median"":""0"",""maximum"":""0"",""median_absolute_deviation"":""0""},""lsf"":{""count"":""4"",""minimum"":""0"",""median"":""0"",""maximum"":""0"",""median_absolute_deviation"":""0""},""paired_difference"":{""count"":""4"",""minimum"":""0"",""median"":""0"",""maximum"":""0"",""median_absolute_deviation"":""0""},""lower"":0,""equal"":4,""higher"":0},""native"":{""pair_count"":3,""available_pairs"":3,""unavailable_pairs"":0,""native"":{""count"":""3"",""minimum"":""0"",""median"":""0"",""maximum"":""0"",""median_absolute_deviation"":""0""},""lsf"":{""count"":""3"",""minimum"":""0"",""median"":""0"",""maximum"":""0"",""median_absolute_deviation"":""0""},""paired_difference"":{""count"":""3"",""minimum"":""0"",""median"":""0"",""maximum"":""0"",""median_absolute_deviation"":""0""},""lower"":0,""equal"":3,""higher"":0}}"
32,ready,wrapper.listener_count,count,"[{""pair"":0,""first_arm"":""lsf"",""native_group"":5,""lsf_group"":4,""native"":""0"",""lsf"":""0"",""lsf_minus_native"":""0"",""percent_of_native"":null},{""pair"":1,""first_arm"":""lsf"",""native_group"":3,""lsf_group"":2,""native"":""0"",""lsf"":""0"",""lsf_minus_native"":""0"",""percent_of_native"":null},{""pair"":2,""first_arm"":""lsf"",""native_group"":1,""lsf_group"":0,""native"":""0"",""lsf"":""0"",""lsf_minus_native"":""0"",""percent_of_native"":null},{""pair"":3,""first_arm"":""native"",""native_group"":4,""lsf_group"":5,""native"":""0"",""lsf"":""0"",""lsf_minus_native"":""0"",""percent_of_native"":null},{""pair"":4,""first_arm"":""native"",""native_group"":2,""lsf_group"":3,""native"":""0"",""lsf"":""0"",""lsf_minus_native"":""0"",""percent_of_native"":null},{""pair"":5,""first_arm"":""native"",""native_group"":0,""lsf_group"":1,""native"":""0"",""lsf"":""0"",""lsf_minus_native"":""0"",""percent_of_native"":null},{""pair"":6,""first_arm"":""lsf"",""native_group"":5,""lsf_group"":4,""native"":""0"",""lsf"":""0"",""lsf_minus_native"":""0"",""percent_of_native"":null}]",7,7,0,"{""count"":""7"",""minimum"":""0"",""median"":""0"",""maximum"":""0"",""median_absolute_deviation"":""0""}","{""count"":""7"",""minimum"":""0"",""median"":""0"",""maximum"":""0"",""median_absolute_deviation"":""0""}","{""count"":""7"",""minimum"":""0"",""median"":""0"",""maximum"":""0"",""median_absolute_deviation"":""0""}",0,7,0,"{""lsf"":{""pair_count"":4,""available_pairs"":4,""unavailable_pairs"":0,""native"":{""count"":""4"",""minimum"":""0"",""median"":""0"",""maximum"":""0"",""median_absolute_deviation"":""0""},""lsf"":{""count"":""4"",""minimum"":""0"",""median"":""0"",""maximum"":""0"",""median_absolute_deviation"":""0""},""paired_difference"":{""count"":""4"",""minimum"":""0"",""median"":""0"",""maximum"":""0"",""median_absolute_deviation"":""0""},""lower"":0,""equal"":4,""higher"":0},""native"":{""pair_count"":3,""available_pairs"":3,""unavailable_pairs"":0,""native"":{""count"":""3"",""minimum"":""0"",""median"":""0"",""maximum"":""0"",""median_absolute_deviation"":""0""},""lsf"":{""count"":""3"",""minimum"":""0"",""median"":""0"",""maximum"":""0"",""median_absolute_deviation"":""0""},""paired_difference"":{""count"":""3"",""minimum"":""0"",""median"":""0"",""maximum"":""0"",""median_absolute_deviation"":""0""},""lower"":0,""equal"":3,""higher"":0}}"
32,ready,cgroup.memory_current_bytes,bytes,"[{""pair"":0,""first_arm"":""lsf"",""native_group"":5,""lsf_group"":4,""native"":""5758976"",""lsf"":""430080"",""lsf_minus_native"":""-5328896"",""percent_of_native"":""-92.532006""},{""pair"":1,""first_arm"":""lsf"",""native_group"":3,""lsf_group"":2,""native"":""5877760"",""lsf"":""430080"",""lsf_minus_native"":""-5447680"",""percent_of_native"":""-92.682927""},{""pair"":2,""first_arm"":""lsf"",""native_group"":1,""lsf_group"":0,""native"":""5890048"",""lsf"":""405504"",""lsf_minus_native"":""-5484544"",""percent_of_native"":""-93.115438""},{""pair"":3,""first_arm"":""native"",""native_group"":4,""lsf_group"":5,""native"":""5660672"",""lsf"":""430080"",""lsf_minus_native"":""-5230592"",""percent_of_native"":""-92.402315""},{""pair"":4,""first_arm"":""native"",""native_group"":2,""lsf_group"":3,""native"":""6303744"",""lsf"":""409600"",""lsf_minus_native"":""-5894144"",""percent_of_native"":""-93.502274""},{""pair"":5,""first_arm"":""native"",""native_group"":0,""lsf_group"":1,""native"":""6529024"",""lsf"":""397312"",""lsf_minus_native"":""-6131712"",""percent_of_native"":""-93.91468""},{""pair"":6,""first_arm"":""lsf"",""native_group"":5,""lsf_group"":4,""native"":""5193728"",""lsf"":""405504"",""lsf_minus_native"":""-4788224"",""percent_of_native"":""-92.192429""}]",7,7,0,"{""count"":""7"",""minimum"":""5193728"",""median"":""5877760"",""maximum"":""6529024"",""median_absolute_deviation"":""217088""}","{""count"":""7"",""minimum"":""397312"",""median"":""409600"",""maximum"":""430080"",""median_absolute_deviation"":""12288""}","{""count"":""7"",""minimum"":""-6131712"",""median"":""-5447680"",""maximum"":""-4788224"",""median_absolute_deviation"":""217088""}",7,0,0,"{""lsf"":{""pair_count"":4,""available_pairs"":4,""unavailable_pairs"":0,""native"":{""count"":""4"",""minimum"":""5193728"",""median"":""5818368"",""maximum"":""5890048"",""median_absolute_deviation"":""65536""},""lsf"":{""count"":""4"",""minimum"":""405504"",""median"":""417792"",""maximum"":""430080"",""median_absolute_deviation"":""12288""},""paired_difference"":{""count"":""4"",""minimum"":""-5484544"",""median"":""-5388288"",""maximum"":""-4788224"",""median_absolute_deviation"":""77824""},""lower"":4,""equal"":0,""higher"":0},""native"":{""pair_count"":3,""available_pairs"":3,""unavailable_pairs"":0,""native"":{""count"":""3"",""minimum"":""5660672"",""median"":""6303744"",""maximum"":""6529024"",""median_absolute_deviation"":""225280""},""lsf"":{""count"":""3"",""minimum"":""397312"",""median"":""409600"",""maximum"":""430080"",""median_absolute_deviation"":""12288""},""paired_difference"":{""count"":""3"",""minimum"":""-6131712"",""median"":""-5894144"",""maximum"":""-5230592"",""median_absolute_deviation"":""237568""},""lower"":3,""equal"":0,""higher"":0}}"
32,ready,cgroup.sum_leaf_lifetime_memory_peak_bytes,bytes,"[{""pair"":0,""first_arm"":""lsf"",""native_group"":5,""lsf_group"":4,""native"":""0"",""lsf"":""0"",""lsf_minus_native"":""0"",""percent_of_native"":null},{""pair"":1,""first_arm"":""lsf"",""native_group"":3,""lsf_group"":2,""native"":""0"",""lsf"":""0"",""lsf_minus_native"":""0"",""percent_of_native"":null},{""pair"":2,""first_arm"":""lsf"",""native_group"":1,""lsf_group"":0,""native"":""0"",""lsf"":""0"",""lsf_minus_native"":""0"",""percent_of_native"":null},{""pair"":3,""first_arm"":""native"",""native_group"":4,""lsf_group"":5,""native"":""0"",""lsf"":""0"",""lsf_minus_native"":""0"",""percent_of_native"":null},{""pair"":4,""first_arm"":""native"",""native_group"":2,""lsf_group"":3,""native"":""0"",""lsf"":""0"",""lsf_minus_native"":""0"",""percent_of_native"":null},{""pair"":5,""first_arm"":""native"",""native_group"":0,""lsf_group"":1,""native"":""0"",""lsf"":""0"",""lsf_minus_native"":""0"",""percent_of_native"":null},{""pair"":6,""first_arm"":""lsf"",""native_group"":5,""lsf_group"":4,""native"":""0"",""lsf"":""0"",""lsf_minus_native"":""0"",""percent_of_native"":null}]",7,7,0,"{""count"":""7"",""minimum"":""0"",""median"":""0"",""maximum"":""0"",""median_absolute_deviation"":""0""}","{""count"":""7"",""minimum"":""0"",""median"":""0"",""maximum"":""0"",""median_absolute_deviation"":""0""}","{""count"":""7"",""minimum"":""0"",""median"":""0"",""maximum"":""0"",""median_absolute_deviation"":""0""}",0,7,0,"{""lsf"":{""pair_count"":4,""available_pairs"":4,""unavailable_pairs"":0,""native"":{""count"":""4"",""minimum"":""0"",""median"":""0"",""maximum"":""0"",""median_absolute_deviation"":""0""},""lsf"":{""count"":""4"",""minimum"":""0"",""median"":""0"",""maximum"":""0"",""median_absolute_deviation"":""0""},""paired_difference"":{""count"":""4"",""minimum"":""0"",""median"":""0"",""maximum"":""0"",""median_absolute_deviation"":""0""},""lower"":0,""equal"":4,""higher"":0},""native"":{""pair_count"":3,""available_pairs"":3,""unavailable_pairs"":0,""native"":{""count"":""3"",""minimum"":""0"",""median"":""0"",""maximum"":""0"",""median_absolute_deviation"":""0""},""lsf"":{""count"":""3"",""minimum"":""0"",""median"":""0"",""maximum"":""0"",""median_absolute_deviation"":""0""},""paired_difference"":{""count"":""3"",""minimum"":""0"",""median"":""0"",""maximum"":""0"",""median_absolute_deviation"":""0""},""lower"":0,""equal"":3,""higher"":0}}"
32,ready,cgroup.memory_swap_current_bytes,bytes,"[{""pair"":0,""first_arm"":""lsf"",""native_group"":5,""lsf_group"":4,""native"":""0"",""lsf"":""0"",""lsf_minus_native"":""0"",""percent_of_native"":null},{""pair"":1,""first_arm"":""lsf"",""native_group"":3,""lsf_group"":2,""native"":""0"",""lsf"":""0"",""lsf_minus_native"":""0"",""percent_of_native"":null},{""pair"":2,""first_arm"":""lsf"",""native_group"":1,""lsf_group"":0,""native"":""0"",""lsf"":""0"",""lsf_minus_native"":""0"",""percent_of_native"":null},{""pair"":3,""first_arm"":""native"",""native_group"":4,""lsf_group"":5,""native"":""0"",""lsf"":""0"",""lsf_minus_native"":""0"",""percent_of_native"":null},{""pair"":4,""first_arm"":""native"",""native_group"":2,""lsf_group"":3,""native"":""0"",""lsf"":""0"",""lsf_minus_native"":""0"",""percent_of_native"":null},{""pair"":5,""first_arm"":""native"",""native_group"":0,""lsf_group"":1,""native"":""0"",""lsf"":""0"",""lsf_minus_native"":""0"",""percent_of_native"":null},{""pair"":6,""first_arm"":""lsf"",""native_group"":5,""lsf_group"":4,""native"":""0"",""lsf"":""0"",""lsf_minus_native"":""0"",""percent_of_native"":null}]",7,7,0,"{""count"":""7"",""minimum"":""0"",""median"":""0"",""maximum"":""0"",""median_absolute_deviation"":""0""}","{""count"":""7"",""minimum"":""0"",""median"":""0"",""maximum"":""0"",""median_absolute_deviation"":""0""}","{""count"":""7"",""minimum"":""0"",""median"":""0"",""maximum"":""0"",""median_absolute_deviation"":""0""}",0,7,0,"{""lsf"":{""pair_count"":4,""available_pairs"":4,""unavailable_pairs"":0,""native"":{""count"":""4"",""minimum"":""0"",""median"":""0"",""maximum"":""0"",""median_absolute_deviation"":""0""},""lsf"":{""count"":""4"",""minimum"":""0"",""median"":""0"",""maximum"":""0"",""median_absolute_deviation"":""0""},""paired_difference"":{""count"":""4"",""minimum"":""0"",""median"":""0"",""maximum"":""0"",""median_absolute_deviation"":""0""},""lower"":0,""equal"":4,""higher"":0},""native"":{""pair_count"":3,""available_pairs"":3,""unavailable_pairs"":0,""native"":{""count"":""3"",""minimum"":""0"",""median"":""0"",""maximum"":""0"",""median_absolute_deviation"":""0""},""lsf"":{""count"":""3"",""minimum"":""0"",""median"":""0"",""maximum"":""0"",""median_absolute_deviation"":""0""},""paired_difference"":{""count"":""3"",""minimum"":""0"",""median"":""0"",""maximum"":""0"",""median_absolute_deviation"":""0""},""lower"":0,""equal"":3,""higher"":0}}"
32,ready,cgroup.pids_current,count,"[{""pair"":0,""first_arm"":""lsf"",""native_group"":5,""lsf_group"":4,""native"":""0"",""lsf"":""0"",""lsf_minus_native"":""0"",""percent_of_native"":null},{""pair"":1,""first_arm"":""lsf"",""native_group"":3,""lsf_group"":2,""native"":""0"",""lsf"":""0"",""lsf_minus_native"":""0"",""percent_of_native"":null},{""pair"":2,""first_arm"":""lsf"",""native_group"":1,""lsf_group"":0,""native"":""0"",""lsf"":""0"",""lsf_minus_native"":""0"",""percent_of_native"":null},{""pair"":3,""first_arm"":""native"",""native_group"":4,""lsf_group"":5,""native"":""0"",""lsf"":""0"",""lsf_minus_native"":""0"",""percent_of_native"":null},{""pair"":4,""first_arm"":""native"",""native_group"":2,""lsf_group"":3,""native"":""0"",""lsf"":""0"",""lsf_minus_native"":""0"",""percent_of_native"":null},{""pair"":5,""first_arm"":""native"",""native_group"":0,""lsf_group"":1,""native"":""0"",""lsf"":""0"",""lsf_minus_native"":""0"",""percent_of_native"":null},{""pair"":6,""first_arm"":""lsf"",""native_group"":5,""lsf_group"":4,""native"":""0"",""lsf"":""0"",""lsf_minus_native"":""0"",""percent_of_native"":null}]",7,7,0,"{""count"":""7"",""minimum"":""0"",""median"":""0"",""maximum"":""0"",""median_absolute_deviation"":""0""}","{""count"":""7"",""minimum"":""0"",""median"":""0"",""maximum"":""0"",""median_absolute_deviation"":""0""}","{""count"":""7"",""minimum"":""0"",""median"":""0"",""maximum"":""0"",""median_absolute_deviation"":""0""}",0,7,0,"{""lsf"":{""pair_count"":4,""available_pairs"":4,""unavailable_pairs"":0,""native"":{""count"":""4"",""minimum"":""0"",""median"":""0"",""maximum"":""0"",""median_absolute_deviation"":""0""},""lsf"":{""count"":""4"",""minimum"":""0"",""median"":""0"",""maximum"":""0"",""median_absolute_deviation"":""0""},""paired_difference"":{""count"":""4"",""minimum"":""0"",""median"":""0"",""maximum"":""0"",""median_absolute_deviation"":""0""},""lower"":0,""equal"":4,""higher"":0},""native"":{""pair_count"":3,""available_pairs"":3,""unavailable_pairs"":0,""native"":{""count"":""3"",""minimum"":""0"",""median"":""0"",""maximum"":""0"",""median_absolute_deviation"":""0""},""lsf"":{""count"":""3"",""minimum"":""0"",""median"":""0"",""maximum"":""0"",""median_absolute_deviation"":""0""},""paired_difference"":{""count"":""3"",""minimum"":""0"",""median"":""0"",""maximum"":""0"",""median_absolute_deviation"":""0""},""lower"":0,""equal"":3,""higher"":0}}"
32,ready,cgroup.cpu.usage_usec,us,"[{""pair"":0,""first_arm"":""lsf"",""native_group"":5,""lsf_group"":4,""native"":""305110"",""lsf"":""14018"",""lsf_minus_native"":""-291092"",""percent_of_native"":""-95.405591""},{""pair"":1,""first_arm"":""lsf"",""native_group"":3,""lsf_group"":2,""native"":""310247"",""lsf"":""13415"",""lsf_minus_native"":""-296832"",""percent_of_native"":""-95.676026""},{""pair"":2,""first_arm"":""lsf"",""native_group"":1,""lsf_group"":0,""native"":""315140"",""lsf"":""15673"",""lsf_minus_native"":""-299467"",""percent_of_native"":""-95.026655""},{""pair"":3,""first_arm"":""native"",""native_group"":4,""lsf_group"":5,""native"":""320395"",""lsf"":""11361"",""lsf_minus_native"":""-309034"",""percent_of_native"":""-96.454065""},{""pair"":4,""first_arm"":""native"",""native_group"":2,""lsf_group"":3,""native"":""321082"",""lsf"":""11654"",""lsf_minus_native"":""-309428"",""percent_of_native"":""-96.370398""},{""pair"":5,""first_arm"":""native"",""native_group"":0,""lsf_group"":1,""native"":""310036"",""lsf"":""10478"",""lsf_minus_native"":""-299558"",""percent_of_native"":""-96.620392""},{""pair"":6,""first_arm"":""lsf"",""native_group"":5,""lsf_group"":4,""native"":""292308"",""lsf"":""13136"",""lsf_minus_native"":""-279172"",""percent_of_native"":""-95.50611""}]",7,7,0,"{""count"":""7"",""minimum"":""292308"",""median"":""310247"",""maximum"":""321082"",""median_absolute_deviation"":""5137""}","{""count"":""7"",""minimum"":""10478"",""median"":""13136"",""maximum"":""15673"",""median_absolute_deviation"":""1482""}","{""count"":""7"",""minimum"":""-309428"",""median"":""-299467"",""maximum"":""-279172"",""median_absolute_deviation"":""8375""}",7,0,0,"{""lsf"":{""pair_count"":4,""available_pairs"":4,""unavailable_pairs"":0,""native"":{""count"":""4"",""minimum"":""292308"",""median"":""307678.5"",""maximum"":""315140"",""median_absolute_deviation"":""5015""},""lsf"":{""count"":""4"",""minimum"":""13136"",""median"":""13716.5"",""maximum"":""15673"",""median_absolute_deviation"":""441""},""paired_difference"":{""count"":""4"",""minimum"":""-299467"",""median"":""-293962"",""maximum"":""-279172"",""median_absolute_deviation"":""4187.5""},""lower"":4,""equal"":0,""higher"":0},""native"":{""pair_count"":3,""available_pairs"":3,""unavailable_pairs"":0,""native"":{""count"":""3"",""minimum"":""310036"",""median"":""320395"",""maximum"":""321082"",""median_absolute_deviation"":""687""},""lsf"":{""count"":""3"",""minimum"":""10478"",""median"":""11361"",""maximum"":""11654"",""median_absolute_deviation"":""293""},""paired_difference"":{""count"":""3"",""minimum"":""-309428"",""median"":""-309034"",""maximum"":""-299558"",""median_absolute_deviation"":""394""},""lower"":3,""equal"":0,""higher"":0}}"
32,ready,cgroup.cpu.user_usec,us,"[{""pair"":0,""first_arm"":""lsf"",""native_group"":5,""lsf_group"":4,""native"":""14013"",""lsf"":""2815"",""lsf_minus_native"":""-11198"",""percent_of_native"":""-79.911511""},{""pair"":1,""first_arm"":""lsf"",""native_group"":3,""lsf_group"":2,""native"":""14618"",""lsf"":""2259"",""lsf_minus_native"":""-12359"",""percent_of_native"":""-84.54645""},{""pair"":2,""first_arm"":""lsf"",""native_group"":1,""lsf_group"":0,""native"":""20514"",""lsf"":""7929"",""lsf_minus_native"":""-12585"",""percent_of_native"":""-61.348347""},{""pair"":3,""first_arm"":""native"",""native_group"":4,""lsf_group"":5,""native"":""13808"",""lsf"":""729"",""lsf_minus_native"":""-13079"",""percent_of_native"":""-94.720452""},{""pair"":4,""first_arm"":""native"",""native_group"":2,""lsf_group"":3,""native"":""29425"",""lsf"":""1098"",""lsf_minus_native"":""-28327"",""percent_of_native"":""-96.268479""},{""pair"":5,""first_arm"":""native"",""native_group"":0,""lsf_group"":1,""native"":""5993"",""lsf"":""575"",""lsf_minus_native"":""-5418"",""percent_of_native"":""-90.405473""},{""pair"":6,""first_arm"":""lsf"",""native_group"":5,""lsf_group"":4,""native"":""23990"",""lsf"":""0"",""lsf_minus_native"":""-23990"",""percent_of_native"":""-100""}]",7,7,0,"{""count"":""7"",""minimum"":""5993"",""median"":""14618"",""maximum"":""29425"",""median_absolute_deviation"":""5896""}","{""count"":""7"",""minimum"":""0"",""median"":""1098"",""maximum"":""7929"",""median_absolute_deviation"":""1098""}","{""count"":""7"",""minimum"":""-28327"",""median"":""-12585"",""maximum"":""-5418"",""median_absolute_deviation"":""1387""}",7,0,0,"{""lsf"":{""pair_count"":4,""available_pairs"":4,""unavailable_pairs"":0,""native"":{""count"":""4"",""minimum"":""14013"",""median"":""17566"",""maximum"":""23990"",""median_absolute_deviation"":""3250.5""},""lsf"":{""count"":""4"",""minimum"":""0"",""median"":""2537"",""maximum"":""7929"",""median_absolute_deviation"":""1407.5""},""paired_difference"":{""count"":""4"",""minimum"":""-23990"",""median"":""-12472"",""maximum"":""-11198"",""median_absolute_deviation"":""693.5""},""lower"":4,""equal"":0,""higher"":0},""native"":{""pair_count"":3,""available_pairs"":3,""unavailable_pairs"":0,""native"":{""count"":""3"",""minimum"":""5993"",""median"":""13808"",""maximum"":""29425"",""median_absolute_deviation"":""7815""},""lsf"":{""count"":""3"",""minimum"":""575"",""median"":""729"",""maximum"":""1098"",""median_absolute_deviation"":""154""},""paired_difference"":{""count"":""3"",""minimum"":""-28327"",""median"":""-13079"",""maximum"":""-5418"",""median_absolute_deviation"":""7661""},""lower"":3,""equal"":0,""higher"":0}}"
32,ready,cgroup.cpu.system_usec,us,"[{""pair"":0,""first_arm"":""lsf"",""native_group"":5,""lsf_group"":4,""native"":""291101"",""lsf"":""11203"",""lsf_minus_native"":""-279898"",""percent_of_native"":""-96.151508""},{""pair"":1,""first_arm"":""lsf"",""native_group"":3,""lsf_group"":2,""native"":""295632"",""lsf"":""11157"",""lsf_minus_native"":""-284475"",""percent_of_native"":""-96.226051""},{""pair"":2,""first_arm"":""lsf"",""native_group"":1,""lsf_group"":0,""native"":""294624"",""lsf"":""7745"",""lsf_minus_native"":""-286879"",""percent_of_native"":""-97.371226""},{""pair"":3,""first_arm"":""native"",""native_group"":4,""lsf_group"":5,""native"":""306584"",""lsf"":""10632"",""lsf_minus_native"":""-295952"",""percent_of_native"":""-96.532109""},{""pair"":4,""first_arm"":""native"",""native_group"":2,""lsf_group"":3,""native"":""291664"",""lsf"":""10556"",""lsf_minus_native"":""-281108"",""percent_of_native"":""-96.380767""},{""pair"":5,""first_arm"":""native"",""native_group"":0,""lsf_group"":1,""native"":""304044"",""lsf"":""9902"",""lsf_minus_native"":""-294142"",""percent_of_native"":""-96.743235""},{""pair"":6,""first_arm"":""lsf"",""native_group"":5,""lsf_group"":4,""native"":""268321"",""lsf"":""13136"",""lsf_minus_native"":""-255185"",""percent_of_native"":""-95.104371""}]",7,7,0,"{""count"":""7"",""minimum"":""268321"",""median"":""294624"",""maximum"":""306584"",""median_absolute_deviation"":""3523""}","{""count"":""7"",""minimum"":""7745"",""median"":""10632"",""maximum"":""13136"",""median_absolute_deviation"":""571""}","{""count"":""7"",""minimum"":""-295952"",""median"":""-284475"",""maximum"":""-255185"",""median_absolute_deviation"":""4577""}",7,0,0,"{""lsf"":{""pair_count"":4,""available_pairs"":4,""unavailable_pairs"":0,""native"":{""count"":""4"",""minimum"":""268321"",""median"":""292862.5"",""maximum"":""295632"",""median_absolute_deviation"":""2265.5""},""lsf"":{""count"":""4"",""minimum"":""7745"",""median"":""11180"",""maximum"":""13136"",""median_absolute_deviation"":""989.5""},""paired_difference"":{""count"":""4"",""minimum"":""-286879"",""median"":""-282186.5"",""maximum"":""-255185"",""median_absolute_deviation"":""3490.5""},""lower"":4,""equal"":0,""higher"":0},""native"":{""pair_count"":3,""available_pairs"":3,""unavailable_pairs"":0,""native"":{""count"":""3"",""minimum"":""291664"",""median"":""304044"",""maximum"":""306584"",""median_absolute_deviation"":""2540""},""lsf"":{""count"":""3"",""minimum"":""9902"",""median"":""10556"",""maximum"":""10632"",""median_absolute_deviation"":""76""},""paired_difference"":{""count"":""3"",""minimum"":""-295952"",""median"":""-294142"",""maximum"":""-281108"",""median_absolute_deviation"":""1810""},""lower"":3,""equal"":0,""higher"":0}}"
32,ready,cgroup.cpu.nr_periods,count,"[{""pair"":0,""first_arm"":""lsf"",""native_group"":5,""lsf_group"":4,""native"":""67"",""lsf"":""6"",""lsf_minus_native"":""-61"",""percent_of_native"":""-91.044776""},{""pair"":1,""first_arm"":""lsf"",""native_group"":3,""lsf_group"":2,""native"":""67"",""lsf"":""6"",""lsf_minus_native"":""-61"",""percent_of_native"":""-91.044776""},{""pair"":2,""first_arm"":""lsf"",""native_group"":1,""lsf_group"":0,""native"":""66"",""lsf"":""6"",""lsf_minus_native"":""-60"",""percent_of_native"":""-90.909091""},{""pair"":3,""first_arm"":""native"",""native_group"":4,""lsf_group"":5,""native"":""66"",""lsf"":""6"",""lsf_minus_native"":""-60"",""percent_of_native"":""-90.909091""},{""pair"":4,""first_arm"":""native"",""native_group"":2,""lsf_group"":3,""native"":""66"",""lsf"":""5"",""lsf_minus_native"":""-61"",""percent_of_native"":""-92.424242""},{""pair"":5,""first_arm"":""native"",""native_group"":0,""lsf_group"":1,""native"":""67"",""lsf"":""5"",""lsf_minus_native"":""-62"",""percent_of_native"":""-92.537313""},{""pair"":6,""first_arm"":""lsf"",""native_group"":5,""lsf_group"":4,""native"":""65"",""lsf"":""5"",""lsf_minus_native"":""-60"",""percent_of_native"":""-92.307692""}]",7,7,0,"{""count"":""7"",""minimum"":""65"",""median"":""66"",""maximum"":""67"",""median_absolute_deviation"":""1""}","{""count"":""7"",""minimum"":""5"",""median"":""6"",""maximum"":""6"",""median_absolute_deviation"":""0""}","{""count"":""7"",""minimum"":""-62"",""median"":""-61"",""maximum"":""-60"",""median_absolute_deviation"":""1""}",7,0,0,"{""lsf"":{""pair_count"":4,""available_pairs"":4,""unavailable_pairs"":0,""native"":{""count"":""4"",""minimum"":""65"",""median"":""66.5"",""maximum"":""67"",""median_absolute_deviation"":""0.5""},""lsf"":{""count"":""4"",""minimum"":""5"",""median"":""6"",""maximum"":""6"",""median_absolute_deviation"":""0""},""paired_difference"":{""count"":""4"",""minimum"":""-61"",""median"":""-60.5"",""maximum"":""-60"",""median_absolute_deviation"":""0.5""},""lower"":4,""equal"":0,""higher"":0},""native"":{""pair_count"":3,""available_pairs"":3,""unavailable_pairs"":0,""native"":{""count"":""3"",""minimum"":""66"",""median"":""66"",""maximum"":""67"",""median_absolute_deviation"":""0""},""lsf"":{""count"":""3"",""minimum"":""5"",""median"":""5"",""maximum"":""6"",""median_absolute_deviation"":""0""},""paired_difference"":{""count"":""3"",""minimum"":""-62"",""median"":""-61"",""maximum"":""-60"",""median_absolute_deviation"":""1""},""lower"":3,""equal"":0,""higher"":0}}"
32,ready,cgroup.cpu.nr_throttled,count,"[{""pair"":0,""first_arm"":""lsf"",""native_group"":5,""lsf_group"":4,""native"":""1"",""lsf"":""0"",""lsf_minus_native"":""-1"",""percent_of_native"":""-100""},{""pair"":1,""first_arm"":""lsf"",""native_group"":3,""lsf_group"":2,""native"":""0"",""lsf"":""0"",""lsf_minus_native"":""0"",""percent_of_native"":null},{""pair"":2,""first_arm"":""lsf"",""native_group"":1,""lsf_group"":0,""native"":""0"",""lsf"":""0"",""lsf_minus_native"":""0"",""percent_of_native"":null},{""pair"":3,""first_arm"":""native"",""native_group"":4,""lsf_group"":5,""native"":""1"",""lsf"":""0"",""lsf_minus_native"":""-1"",""percent_of_native"":""-100""},{""pair"":4,""first_arm"":""native"",""native_group"":2,""lsf_group"":3,""native"":""0"",""lsf"":""0"",""lsf_minus_native"":""0"",""percent_of_native"":null},{""pair"":5,""first_arm"":""native"",""native_group"":0,""lsf_group"":1,""native"":""0"",""lsf"":""0"",""lsf_minus_native"":""0"",""percent_of_native"":null},{""pair"":6,""first_arm"":""lsf"",""native_group"":5,""lsf_group"":4,""native"":""0"",""lsf"":""0"",""lsf_minus_native"":""0"",""percent_of_native"":null}]",7,7,0,"{""count"":""7"",""minimum"":""0"",""median"":""0"",""maximum"":""1"",""median_absolute_deviation"":""0""}","{""count"":""7"",""minimum"":""0"",""median"":""0"",""maximum"":""0"",""median_absolute_deviation"":""0""}","{""count"":""7"",""minimum"":""-1"",""median"":""0"",""maximum"":""0"",""median_absolute_deviation"":""0""}",2,5,0,"{""lsf"":{""pair_count"":4,""available_pairs"":4,""unavailable_pairs"":0,""native"":{""count"":""4"",""minimum"":""0"",""median"":""0"",""maximum"":""1"",""median_absolute_deviation"":""0""},""lsf"":{""count"":""4"",""minimum"":""0"",""median"":""0"",""maximum"":""0"",""median_absolute_deviation"":""0""},""paired_difference"":{""count"":""4"",""minimum"":""-1"",""median"":""0"",""maximum"":""0"",""median_absolute_deviation"":""0""},""lower"":1,""equal"":3,""higher"":0},""native"":{""pair_count"":3,""available_pairs"":3,""unavailable_pairs"":0,""native"":{""count"":""3"",""minimum"":""0"",""median"":""0"",""maximum"":""1"",""median_absolute_deviation"":""0""},""lsf"":{""count"":""3"",""minimum"":""0"",""median"":""0"",""maximum"":""0"",""median_absolute_deviation"":""0""},""paired_difference"":{""count"":""3"",""minimum"":""-1"",""median"":""0"",""maximum"":""0"",""median_absolute_deviation"":""0""},""lower"":1,""equal"":2,""higher"":0}}"
32,ready,cgroup.cpu.throttled_usec,us,"[{""pair"":0,""first_arm"":""lsf"",""native_group"":5,""lsf_group"":4,""native"":""0"",""lsf"":""0"",""lsf_minus_native"":""0"",""percent_of_native"":null},{""pair"":1,""first_arm"":""lsf"",""native_group"":3,""lsf_group"":2,""native"":""0"",""lsf"":""0"",""lsf_minus_native"":""0"",""percent_of_native"":null},{""pair"":2,""first_arm"":""lsf"",""native_group"":1,""lsf_group"":0,""native"":""0"",""lsf"":""0"",""lsf_minus_native"":""0"",""percent_of_native"":null},{""pair"":3,""first_arm"":""native"",""native_group"":4,""lsf_group"":5,""native"":""28103"",""lsf"":""0"",""lsf_minus_native"":""-28103"",""percent_of_native"":""-100""},{""pair"":4,""first_arm"":""native"",""native_group"":2,""lsf_group"":3,""native"":""0"",""lsf"":""0"",""lsf_minus_native"":""0"",""percent_of_native"":null},{""pair"":5,""first_arm"":""native"",""native_group"":0,""lsf_group"":1,""native"":""0"",""lsf"":""0"",""lsf_minus_native"":""0"",""percent_of_native"":null},{""pair"":6,""first_arm"":""lsf"",""native_group"":5,""lsf_group"":4,""native"":""0"",""lsf"":""0"",""lsf_minus_native"":""0"",""percent_of_native"":null}]",7,7,0,"{""count"":""7"",""minimum"":""0"",""median"":""0"",""maximum"":""28103"",""median_absolute_deviation"":""0""}","{""count"":""7"",""minimum"":""0"",""median"":""0"",""maximum"":""0"",""median_absolute_deviation"":""0""}","{""count"":""7"",""minimum"":""-28103"",""median"":""0"",""maximum"":""0"",""median_absolute_deviation"":""0""}",1,6,0,"{""lsf"":{""pair_count"":4,""available_pairs"":4,""unavailable_pairs"":0,""native"":{""count"":""4"",""minimum"":""0"",""median"":""0"",""maximum"":""0"",""median_absolute_deviation"":""0""},""lsf"":{""count"":""4"",""minimum"":""0"",""median"":""0"",""maximum"":""0"",""median_absolute_deviation"":""0""},""paired_difference"":{""count"":""4"",""minimum"":""0"",""median"":""0"",""maximum"":""0"",""median_absolute_deviation"":""0""},""lower"":0,""equal"":4,""higher"":0},""native"":{""pair_count"":3,""available_pairs"":3,""unavailable_pairs"":0,""native"":{""count"":""3"",""minimum"":""0"",""median"":""0"",""maximum"":""28103"",""median_absolute_deviation"":""0""},""lsf"":{""count"":""3"",""minimum"":""0"",""median"":""0"",""maximum"":""0"",""median_absolute_deviation"":""0""},""paired_difference"":{""count"":""3"",""minimum"":""-28103"",""median"":""0"",""maximum"":""0"",""median_absolute_deviation"":""0""},""lower"":1,""equal"":2,""higher"":0}}"
32,served,child.rss_bytes,bytes,"[{""pair"":0,""first_arm"":""lsf"",""native_group"":5,""lsf_group"":4,""native"":""0"",""lsf"":""0"",""lsf_minus_native"":""0"",""percent_of_native"":null},{""pair"":1,""first_arm"":""lsf"",""native_group"":3,""lsf_group"":2,""native"":""0"",""lsf"":""0"",""lsf_minus_native"":""0"",""percent_of_native"":null},{""pair"":2,""first_arm"":""lsf"",""native_group"":1,""lsf_group"":0,""native"":""0"",""lsf"":""0"",""lsf_minus_native"":""0"",""percent_of_native"":null},{""pair"":3,""first_arm"":""native"",""native_group"":4,""lsf_group"":5,""native"":""0"",""lsf"":""0"",""lsf_minus_native"":""0"",""percent_of_native"":null},{""pair"":4,""first_arm"":""native"",""native_group"":2,""lsf_group"":3,""native"":""0"",""lsf"":""0"",""lsf_minus_native"":""0"",""percent_of_native"":null},{""pair"":5,""first_arm"":""native"",""native_group"":0,""lsf_group"":1,""native"":""0"",""lsf"":""0"",""lsf_minus_native"":""0"",""percent_of_native"":null},{""pair"":6,""first_arm"":""lsf"",""native_group"":5,""lsf_group"":4,""native"":""0"",""lsf"":""0"",""lsf_minus_native"":""0"",""percent_of_native"":null}]",7,7,0,"{""count"":""7"",""minimum"":""0"",""median"":""0"",""maximum"":""0"",""median_absolute_deviation"":""0""}","{""count"":""7"",""minimum"":""0"",""median"":""0"",""maximum"":""0"",""median_absolute_deviation"":""0""}","{""count"":""7"",""minimum"":""0"",""median"":""0"",""maximum"":""0"",""median_absolute_deviation"":""0""}",0,7,0,"{""lsf"":{""pair_count"":4,""available_pairs"":4,""unavailable_pairs"":0,""native"":{""count"":""4"",""minimum"":""0"",""median"":""0"",""maximum"":""0"",""median_absolute_deviation"":""0""},""lsf"":{""count"":""4"",""minimum"":""0"",""median"":""0"",""maximum"":""0"",""median_absolute_deviation"":""0""},""paired_difference"":{""count"":""4"",""minimum"":""0"",""median"":""0"",""maximum"":""0"",""median_absolute_deviation"":""0""},""lower"":0,""equal"":4,""higher"":0},""native"":{""pair_count"":3,""available_pairs"":3,""unavailable_pairs"":0,""native"":{""count"":""3"",""minimum"":""0"",""median"":""0"",""maximum"":""0"",""median_absolute_deviation"":""0""},""lsf"":{""count"":""3"",""minimum"":""0"",""median"":""0"",""maximum"":""0"",""median_absolute_deviation"":""0""},""paired_difference"":{""count"":""3"",""minimum"":""0"",""median"":""0"",""maximum"":""0"",""median_absolute_deviation"":""0""},""lower"":0,""equal"":3,""higher"":0}}"
32,served,child.threads,count,"[{""pair"":0,""first_arm"":""lsf"",""native_group"":5,""lsf_group"":4,""native"":""0"",""lsf"":""0"",""lsf_minus_native"":""0"",""percent_of_native"":null},{""pair"":1,""first_arm"":""lsf"",""native_group"":3,""lsf_group"":2,""native"":""0"",""lsf"":""0"",""lsf_minus_native"":""0"",""percent_of_native"":null},{""pair"":2,""first_arm"":""lsf"",""native_group"":1,""lsf_group"":0,""native"":""0"",""lsf"":""0"",""lsf_minus_native"":""0"",""percent_of_native"":null},{""pair"":3,""first_arm"":""native"",""native_group"":4,""lsf_group"":5,""native"":""0"",""lsf"":""0"",""lsf_minus_native"":""0"",""percent_of_native"":null},{""pair"":4,""first_arm"":""native"",""native_group"":2,""lsf_group"":3,""native"":""0"",""lsf"":""0"",""lsf_minus_native"":""0"",""percent_of_native"":null},{""pair"":5,""first_arm"":""native"",""native_group"":0,""lsf_group"":1,""native"":""0"",""lsf"":""0"",""lsf_minus_native"":""0"",""percent_of_native"":null},{""pair"":6,""first_arm"":""lsf"",""native_group"":5,""lsf_group"":4,""native"":""0"",""lsf"":""0"",""lsf_minus_native"":""0"",""percent_of_native"":null}]",7,7,0,"{""count"":""7"",""minimum"":""0"",""median"":""0"",""maximum"":""0"",""median_absolute_deviation"":""0""}","{""count"":""7"",""minimum"":""0"",""median"":""0"",""maximum"":""0"",""median_absolute_deviation"":""0""}","{""count"":""7"",""minimum"":""0"",""median"":""0"",""maximum"":""0"",""median_absolute_deviation"":""0""}",0,7,0,"{""lsf"":{""pair_count"":4,""available_pairs"":4,""unavailable_pairs"":0,""native"":{""count"":""4"",""minimum"":""0"",""median"":""0"",""maximum"":""0"",""median_absolute_deviation"":""0""},""lsf"":{""count"":""4"",""minimum"":""0"",""median"":""0"",""maximum"":""0"",""median_absolute_deviation"":""0""},""paired_difference"":{""count"":""4"",""minimum"":""0"",""median"":""0"",""maximum"":""0"",""median_absolute_deviation"":""0""},""lower"":0,""equal"":4,""higher"":0},""native"":{""pair_count"":3,""available_pairs"":3,""unavailable_pairs"":0,""native"":{""count"":""3"",""minimum"":""0"",""median"":""0"",""maximum"":""0"",""median_absolute_deviation"":""0""},""lsf"":{""count"":""3"",""minimum"":""0"",""median"":""0"",""maximum"":""0"",""median_absolute_deviation"":""0""},""paired_difference"":{""count"":""3"",""minimum"":""0"",""median"":""0"",""maximum"":""0"",""median_absolute_deviation"":""0""},""lower"":0,""equal"":3,""higher"":0}}"
32,served,child.fd_count,count,"[{""pair"":0,""first_arm"":""lsf"",""native_group"":5,""lsf_group"":4,""native"":""0"",""lsf"":""0"",""lsf_minus_native"":""0"",""percent_of_native"":null},{""pair"":1,""first_arm"":""lsf"",""native_group"":3,""lsf_group"":2,""native"":""0"",""lsf"":""0"",""lsf_minus_native"":""0"",""percent_of_native"":null},{""pair"":2,""first_arm"":""lsf"",""native_group"":1,""lsf_group"":0,""native"":""0"",""lsf"":""0"",""lsf_minus_native"":""0"",""percent_of_native"":null},{""pair"":3,""first_arm"":""native"",""native_group"":4,""lsf_group"":5,""native"":""0"",""lsf"":""0"",""lsf_minus_native"":""0"",""percent_of_native"":null},{""pair"":4,""first_arm"":""native"",""native_group"":2,""lsf_group"":3,""native"":""0"",""lsf"":""0"",""lsf_minus_native"":""0"",""percent_of_native"":null},{""pair"":5,""first_arm"":""native"",""native_group"":0,""lsf_group"":1,""native"":""0"",""lsf"":""0"",""lsf_minus_native"":""0"",""percent_of_native"":null},{""pair"":6,""first_arm"":""lsf"",""native_group"":5,""lsf_group"":4,""native"":""0"",""lsf"":""0"",""lsf_minus_native"":""0"",""percent_of_native"":null}]",7,7,0,"{""count"":""7"",""minimum"":""0"",""median"":""0"",""maximum"":""0"",""median_absolute_deviation"":""0""}","{""count"":""7"",""minimum"":""0"",""median"":""0"",""maximum"":""0"",""median_absolute_deviation"":""0""}","{""count"":""7"",""minimum"":""0"",""median"":""0"",""maximum"":""0"",""median_absolute_deviation"":""0""}",0,7,0,"{""lsf"":{""pair_count"":4,""available_pairs"":4,""unavailable_pairs"":0,""native"":{""count"":""4"",""minimum"":""0"",""median"":""0"",""maximum"":""0"",""median_absolute_deviation"":""0""},""lsf"":{""count"":""4"",""minimum"":""0"",""median"":""0"",""maximum"":""0"",""median_absolute_deviation"":""0""},""paired_difference"":{""count"":""4"",""minimum"":""0"",""median"":""0"",""maximum"":""0"",""median_absolute_deviation"":""0""},""lower"":0,""equal"":4,""higher"":0},""native"":{""pair_count"":3,""available_pairs"":3,""unavailable_pairs"":0,""native"":{""count"":""3"",""minimum"":""0"",""median"":""0"",""maximum"":""0"",""median_absolute_deviation"":""0""},""lsf"":{""count"":""3"",""minimum"":""0"",""median"":""0"",""maximum"":""0"",""median_absolute_deviation"":""0""},""paired_difference"":{""count"":""3"",""minimum"":""0"",""median"":""0"",""maximum"":""0"",""median_absolute_deviation"":""0""},""lower"":0,""equal"":3,""higher"":0}}"
32,served,child.listener_count,count,"[{""pair"":0,""first_arm"":""lsf"",""native_group"":5,""lsf_group"":4,""native"":""0"",""lsf"":""0"",""lsf_minus_native"":""0"",""percent_of_native"":null},{""pair"":1,""first_arm"":""lsf"",""native_group"":3,""lsf_group"":2,""native"":""0"",""lsf"":""0"",""lsf_minus_native"":""0"",""percent_of_native"":null},{""pair"":2,""first_arm"":""lsf"",""native_group"":1,""lsf_group"":0,""native"":""0"",""lsf"":""0"",""lsf_minus_native"":""0"",""percent_of_native"":null},{""pair"":3,""first_arm"":""native"",""native_group"":4,""lsf_group"":5,""native"":""0"",""lsf"":""0"",""lsf_minus_native"":""0"",""percent_of_native"":null},{""pair"":4,""first_arm"":""native"",""native_group"":2,""lsf_group"":3,""native"":""0"",""lsf"":""0"",""lsf_minus_native"":""0"",""percent_of_native"":null},{""pair"":5,""first_arm"":""native"",""native_group"":0,""lsf_group"":1,""native"":""0"",""lsf"":""0"",""lsf_minus_native"":""0"",""percent_of_native"":null},{""pair"":6,""first_arm"":""lsf"",""native_group"":5,""lsf_group"":4,""native"":""0"",""lsf"":""0"",""lsf_minus_native"":""0"",""percent_of_native"":null}]",7,7,0,"{""count"":""7"",""minimum"":""0"",""median"":""0"",""maximum"":""0"",""median_absolute_deviation"":""0""}","{""count"":""7"",""minimum"":""0"",""median"":""0"",""maximum"":""0"",""median_absolute_deviation"":""0""}","{""count"":""7"",""minimum"":""0"",""median"":""0"",""maximum"":""0"",""median_absolute_deviation"":""0""}",0,7,0,"{""lsf"":{""pair_count"":4,""available_pairs"":4,""unavailable_pairs"":0,""native"":{""count"":""4"",""minimum"":""0"",""median"":""0"",""maximum"":""0"",""median_absolute_deviation"":""0""},""lsf"":{""count"":""4"",""minimum"":""0"",""median"":""0"",""maximum"":""0"",""median_absolute_deviation"":""0""},""paired_difference"":{""count"":""4"",""minimum"":""0"",""median"":""0"",""maximum"":""0"",""median_absolute_deviation"":""0""},""lower"":0,""equal"":4,""higher"":0},""native"":{""pair_count"":3,""available_pairs"":3,""unavailable_pairs"":0,""native"":{""count"":""3"",""minimum"":""0"",""median"":""0"",""maximum"":""0"",""median_absolute_deviation"":""0""},""lsf"":{""count"":""3"",""minimum"":""0"",""median"":""0"",""maximum"":""0"",""median_absolute_deviation"":""0""},""paired_difference"":{""count"":""3"",""minimum"":""0"",""median"":""0"",""maximum"":""0"",""median_absolute_deviation"":""0""},""lower"":0,""equal"":3,""higher"":0}}"
32,served,wrapper.rss_bytes,bytes,"[{""pair"":0,""first_arm"":""lsf"",""native_group"":5,""lsf_group"":4,""native"":""131072"",""lsf"":""0"",""lsf_minus_native"":""-131072"",""percent_of_native"":""-100""},{""pair"":1,""first_arm"":""lsf"",""native_group"":3,""lsf_group"":2,""native"":""0"",""lsf"":""0"",""lsf_minus_native"":""0"",""percent_of_native"":null},{""pair"":2,""first_arm"":""lsf"",""native_group"":1,""lsf_group"":0,""native"":""131072"",""lsf"":""0"",""lsf_minus_native"":""-131072"",""percent_of_native"":""-100""},{""pair"":3,""first_arm"":""native"",""native_group"":4,""lsf_group"":5,""native"":""0"",""lsf"":""0"",""lsf_minus_native"":""0"",""percent_of_native"":null},{""pair"":4,""first_arm"":""native"",""native_group"":2,""lsf_group"":3,""native"":""131072"",""lsf"":""0"",""lsf_minus_native"":""-131072"",""percent_of_native"":""-100""},{""pair"":5,""first_arm"":""native"",""native_group"":0,""lsf_group"":1,""native"":""0"",""lsf"":""0"",""lsf_minus_native"":""0"",""percent_of_native"":null},{""pair"":6,""first_arm"":""lsf"",""native_group"":5,""lsf_group"":4,""native"":""0"",""lsf"":""0"",""lsf_minus_native"":""0"",""percent_of_native"":null}]",7,7,0,"{""count"":""7"",""minimum"":""0"",""median"":""0"",""maximum"":""131072"",""median_absolute_deviation"":""0""}","{""count"":""7"",""minimum"":""0"",""median"":""0"",""maximum"":""0"",""median_absolute_deviation"":""0""}","{""count"":""7"",""minimum"":""-131072"",""median"":""0"",""maximum"":""0"",""median_absolute_deviation"":""0""}",3,4,0,"{""lsf"":{""pair_count"":4,""available_pairs"":4,""unavailable_pairs"":0,""native"":{""count"":""4"",""minimum"":""0"",""median"":""65536"",""maximum"":""131072"",""median_absolute_deviation"":""65536""},""lsf"":{""count"":""4"",""minimum"":""0"",""median"":""0"",""maximum"":""0"",""median_absolute_deviation"":""0""},""paired_difference"":{""count"":""4"",""minimum"":""-131072"",""median"":""-65536"",""maximum"":""0"",""median_absolute_deviation"":""65536""},""lower"":2,""equal"":2,""higher"":0},""native"":{""pair_count"":3,""available_pairs"":3,""unavailable_pairs"":0,""native"":{""count"":""3"",""minimum"":""0"",""median"":""0"",""maximum"":""131072"",""median_absolute_deviation"":""0""},""lsf"":{""count"":""3"",""minimum"":""0"",""median"":""0"",""maximum"":""0"",""median_absolute_deviation"":""0""},""paired_difference"":{""count"":""3"",""minimum"":""-131072"",""median"":""0"",""maximum"":""0"",""median_absolute_deviation"":""0""},""lower"":1,""equal"":2,""higher"":0}}"
32,served,wrapper.threads,count,"[{""pair"":0,""first_arm"":""lsf"",""native_group"":5,""lsf_group"":4,""native"":""0"",""lsf"":""0"",""lsf_minus_native"":""0"",""percent_of_native"":null},{""pair"":1,""first_arm"":""lsf"",""native_group"":3,""lsf_group"":2,""native"":""0"",""lsf"":""0"",""lsf_minus_native"":""0"",""percent_of_native"":null},{""pair"":2,""first_arm"":""lsf"",""native_group"":1,""lsf_group"":0,""native"":""0"",""lsf"":""0"",""lsf_minus_native"":""0"",""percent_of_native"":null},{""pair"":3,""first_arm"":""native"",""native_group"":4,""lsf_group"":5,""native"":""0"",""lsf"":""0"",""lsf_minus_native"":""0"",""percent_of_native"":null},{""pair"":4,""first_arm"":""native"",""native_group"":2,""lsf_group"":3,""native"":""0"",""lsf"":""0"",""lsf_minus_native"":""0"",""percent_of_native"":null},{""pair"":5,""first_arm"":""native"",""native_group"":0,""lsf_group"":1,""native"":""0"",""lsf"":""0"",""lsf_minus_native"":""0"",""percent_of_native"":null},{""pair"":6,""first_arm"":""lsf"",""native_group"":5,""lsf_group"":4,""native"":""0"",""lsf"":""0"",""lsf_minus_native"":""0"",""percent_of_native"":null}]",7,7,0,"{""count"":""7"",""minimum"":""0"",""median"":""0"",""maximum"":""0"",""median_absolute_deviation"":""0""}","{""count"":""7"",""minimum"":""0"",""median"":""0"",""maximum"":""0"",""median_absolute_deviation"":""0""}","{""count"":""7"",""minimum"":""0"",""median"":""0"",""maximum"":""0"",""median_absolute_deviation"":""0""}",0,7,0,"{""lsf"":{""pair_count"":4,""available_pairs"":4,""unavailable_pairs"":0,""native"":{""count"":""4"",""minimum"":""0"",""median"":""0"",""maximum"":""0"",""median_absolute_deviation"":""0""},""lsf"":{""count"":""4"",""minimum"":""0"",""median"":""0"",""maximum"":""0"",""median_absolute_deviation"":""0""},""paired_difference"":{""count"":""4"",""minimum"":""0"",""median"":""0"",""maximum"":""0"",""median_absolute_deviation"":""0""},""lower"":0,""equal"":4,""higher"":0},""native"":{""pair_count"":3,""available_pairs"":3,""unavailable_pairs"":0,""native"":{""count"":""3"",""minimum"":""0"",""median"":""0"",""maximum"":""0"",""median_absolute_deviation"":""0""},""lsf"":{""count"":""3"",""minimum"":""0"",""median"":""0"",""maximum"":""0"",""median_absolute_deviation"":""0""},""paired_difference"":{""count"":""3"",""minimum"":""0"",""median"":""0"",""maximum"":""0"",""median_absolute_deviation"":""0""},""lower"":0,""equal"":3,""higher"":0}}"
32,served,wrapper.fd_count,count,"[{""pair"":0,""first_arm"":""lsf"",""native_group"":5,""lsf_group"":4,""native"":""0"",""lsf"":""0"",""lsf_minus_native"":""0"",""percent_of_native"":null},{""pair"":1,""first_arm"":""lsf"",""native_group"":3,""lsf_group"":2,""native"":""0"",""lsf"":""0"",""lsf_minus_native"":""0"",""percent_of_native"":null},{""pair"":2,""first_arm"":""lsf"",""native_group"":1,""lsf_group"":0,""native"":""0"",""lsf"":""0"",""lsf_minus_native"":""0"",""percent_of_native"":null},{""pair"":3,""first_arm"":""native"",""native_group"":4,""lsf_group"":5,""native"":""0"",""lsf"":""0"",""lsf_minus_native"":""0"",""percent_of_native"":null},{""pair"":4,""first_arm"":""native"",""native_group"":2,""lsf_group"":3,""native"":""0"",""lsf"":""0"",""lsf_minus_native"":""0"",""percent_of_native"":null},{""pair"":5,""first_arm"":""native"",""native_group"":0,""lsf_group"":1,""native"":""0"",""lsf"":""0"",""lsf_minus_native"":""0"",""percent_of_native"":null},{""pair"":6,""first_arm"":""lsf"",""native_group"":5,""lsf_group"":4,""native"":""0"",""lsf"":""0"",""lsf_minus_native"":""0"",""percent_of_native"":null}]",7,7,0,"{""count"":""7"",""minimum"":""0"",""median"":""0"",""maximum"":""0"",""median_absolute_deviation"":""0""}","{""count"":""7"",""minimum"":""0"",""median"":""0"",""maximum"":""0"",""median_absolute_deviation"":""0""}","{""count"":""7"",""minimum"":""0"",""median"":""0"",""maximum"":""0"",""median_absolute_deviation"":""0""}",0,7,0,"{""lsf"":{""pair_count"":4,""available_pairs"":4,""unavailable_pairs"":0,""native"":{""count"":""4"",""minimum"":""0"",""median"":""0"",""maximum"":""0"",""median_absolute_deviation"":""0""},""lsf"":{""count"":""4"",""minimum"":""0"",""median"":""0"",""maximum"":""0"",""median_absolute_deviation"":""0""},""paired_difference"":{""count"":""4"",""minimum"":""0"",""median"":""0"",""maximum"":""0"",""median_absolute_deviation"":""0""},""lower"":0,""equal"":4,""higher"":0},""native"":{""pair_count"":3,""available_pairs"":3,""unavailable_pairs"":0,""native"":{""count"":""3"",""minimum"":""0"",""median"":""0"",""maximum"":""0"",""median_absolute_deviation"":""0""},""lsf"":{""count"":""3"",""minimum"":""0"",""median"":""0"",""maximum"":""0"",""median_absolute_deviation"":""0""},""paired_difference"":{""count"":""3"",""minimum"":""0"",""median"":""0"",""maximum"":""0"",""median_absolute_deviation"":""0""},""lower"":0,""equal"":3,""higher"":0}}"
32,served,wrapper.listener_count,count,"[{""pair"":0,""first_arm"":""lsf"",""native_group"":5,""lsf_group"":4,""native"":""0"",""lsf"":""0"",""lsf_minus_native"":""0"",""percent_of_native"":null},{""pair"":1,""first_arm"":""lsf"",""native_group"":3,""lsf_group"":2,""native"":""0"",""lsf"":""0"",""lsf_minus_native"":""0"",""percent_of_native"":null},{""pair"":2,""first_arm"":""lsf"",""native_group"":1,""lsf_group"":0,""native"":""0"",""lsf"":""0"",""lsf_minus_native"":""0"",""percent_of_native"":null},{""pair"":3,""first_arm"":""native"",""native_group"":4,""lsf_group"":5,""native"":""0"",""lsf"":""0"",""lsf_minus_native"":""0"",""percent_of_native"":null},{""pair"":4,""first_arm"":""native"",""native_group"":2,""lsf_group"":3,""native"":""0"",""lsf"":""0"",""lsf_minus_native"":""0"",""percent_of_native"":null},{""pair"":5,""first_arm"":""native"",""native_group"":0,""lsf_group"":1,""native"":""0"",""lsf"":""0"",""lsf_minus_native"":""0"",""percent_of_native"":null},{""pair"":6,""first_arm"":""lsf"",""native_group"":5,""lsf_group"":4,""native"":""0"",""lsf"":""0"",""lsf_minus_native"":""0"",""percent_of_native"":null}]",7,7,0,"{""count"":""7"",""minimum"":""0"",""median"":""0"",""maximum"":""0"",""median_absolute_deviation"":""0""}","{""count"":""7"",""minimum"":""0"",""median"":""0"",""maximum"":""0"",""median_absolute_deviation"":""0""}","{""count"":""7"",""minimum"":""0"",""median"":""0"",""maximum"":""0"",""median_absolute_deviation"":""0""}",0,7,0,"{""lsf"":{""pair_count"":4,""available_pairs"":4,""unavailable_pairs"":0,""native"":{""count"":""4"",""minimum"":""0"",""median"":""0"",""maximum"":""0"",""median_absolute_deviation"":""0""},""lsf"":{""count"":""4"",""minimum"":""0"",""median"":""0"",""maximum"":""0"",""median_absolute_deviation"":""0""},""paired_difference"":{""count"":""4"",""minimum"":""0"",""median"":""0"",""maximum"":""0"",""median_absolute_deviation"":""0""},""lower"":0,""equal"":4,""higher"":0},""native"":{""pair_count"":3,""available_pairs"":3,""unavailable_pairs"":0,""native"":{""count"":""3"",""minimum"":""0"",""median"":""0"",""maximum"":""0"",""median_absolute_deviation"":""0""},""lsf"":{""count"":""3"",""minimum"":""0"",""median"":""0"",""maximum"":""0"",""median_absolute_deviation"":""0""},""paired_difference"":{""count"":""3"",""minimum"":""0"",""median"":""0"",""maximum"":""0"",""median_absolute_deviation"":""0""},""lower"":0,""equal"":3,""higher"":0}}"
32,served,cgroup.memory_current_bytes,bytes,"[{""pair"":0,""first_arm"":""lsf"",""native_group"":5,""lsf_group"":4,""native"":""561152"",""lsf"":""86016"",""lsf_minus_native"":""-475136"",""percent_of_native"":""-84.671533""},{""pair"":1,""first_arm"":""lsf"",""native_group"":3,""lsf_group"":2,""native"":""532480"",""lsf"":""90112"",""lsf_minus_native"":""-442368"",""percent_of_native"":""-83.076923""},{""pair"":2,""first_arm"":""lsf"",""native_group"":1,""lsf_group"":0,""native"":""1105920"",""lsf"":""86016"",""lsf_minus_native"":""-1019904"",""percent_of_native"":""-92.222222""},{""pair"":3,""first_arm"":""native"",""native_group"":4,""lsf_group"":5,""native"":""561152"",""lsf"":""90112"",""lsf_minus_native"":""-471040"",""percent_of_native"":""-83.941606""},{""pair"":4,""first_arm"":""native"",""native_group"":2,""lsf_group"":3,""native"":""835584"",""lsf"":""86016"",""lsf_minus_native"":""-749568"",""percent_of_native"":""-89.705882""},{""pair"":5,""first_arm"":""native"",""native_group"":0,""lsf_group"":1,""native"":""544768"",""lsf"":""90112"",""lsf_minus_native"":""-454656"",""percent_of_native"":""-83.458647""},{""pair"":6,""first_arm"":""lsf"",""native_group"":5,""lsf_group"":4,""native"":""860160"",""lsf"":""-61440"",""lsf_minus_native"":""-921600"",""percent_of_native"":""-107.142857""}]",7,7,0,"{""count"":""7"",""minimum"":""532480"",""median"":""561152"",""maximum"":""1105920"",""median_absolute_deviation"":""28672""}","{""count"":""7"",""minimum"":""-61440"",""median"":""86016"",""maximum"":""90112"",""median_absolute_deviation"":""4096""}","{""count"":""7"",""minimum"":""-1019904"",""median"":""-475136"",""maximum"":""-442368"",""median_absolute_deviation"":""32768""}",7,0,0,"{""lsf"":{""pair_count"":4,""available_pairs"":4,""unavailable_pairs"":0,""native"":{""count"":""4"",""minimum"":""532480"",""median"":""710656"",""maximum"":""1105920"",""median_absolute_deviation"":""163840""},""lsf"":{""count"":""4"",""minimum"":""-61440"",""median"":""86016"",""maximum"":""90112"",""median_absolute_deviation"":""2048""},""paired_difference"":{""count"":""4"",""minimum"":""-1019904"",""median"":""-698368"",""maximum"":""-442368"",""median_absolute_deviation"":""239616""},""lower"":4,""equal"":0,""higher"":0},""native"":{""pair_count"":3,""available_pairs"":3,""unavailable_pairs"":0,""native"":{""count"":""3"",""minimum"":""544768"",""median"":""561152"",""maximum"":""835584"",""median_absolute_deviation"":""16384""},""lsf"":{""count"":""3"",""minimum"":""86016"",""median"":""90112"",""maximum"":""90112"",""median_absolute_deviation"":""0""},""paired_difference"":{""count"":""3"",""minimum"":""-749568"",""median"":""-471040"",""maximum"":""-454656"",""median_absolute_deviation"":""16384""},""lower"":3,""equal"":0,""higher"":0}}"
32,served,cgroup.sum_leaf_lifetime_memory_peak_bytes,bytes,"[{""pair"":0,""first_arm"":""lsf"",""native_group"":5,""lsf_group"":4,""native"":""0"",""lsf"":""0"",""lsf_minus_native"":""0"",""percent_of_native"":null},{""pair"":1,""first_arm"":""lsf"",""native_group"":3,""lsf_group"":2,""native"":""0"",""lsf"":""0"",""lsf_minus_native"":""0"",""percent_of_native"":null},{""pair"":2,""first_arm"":""lsf"",""native_group"":1,""lsf_group"":0,""native"":""0"",""lsf"":""0"",""lsf_minus_native"":""0"",""percent_of_native"":null},{""pair"":3,""first_arm"":""native"",""native_group"":4,""lsf_group"":5,""native"":""0"",""lsf"":""0"",""lsf_minus_native"":""0"",""percent_of_native"":null},{""pair"":4,""first_arm"":""native"",""native_group"":2,""lsf_group"":3,""native"":""0"",""lsf"":""0"",""lsf_minus_native"":""0"",""percent_of_native"":null},{""pair"":5,""first_arm"":""native"",""native_group"":0,""lsf_group"":1,""native"":""0"",""lsf"":""0"",""lsf_minus_native"":""0"",""percent_of_native"":null},{""pair"":6,""first_arm"":""lsf"",""native_group"":5,""lsf_group"":4,""native"":""0"",""lsf"":""0"",""lsf_minus_native"":""0"",""percent_of_native"":null}]",7,7,0,"{""count"":""7"",""minimum"":""0"",""median"":""0"",""maximum"":""0"",""median_absolute_deviation"":""0""}","{""count"":""7"",""minimum"":""0"",""median"":""0"",""maximum"":""0"",""median_absolute_deviation"":""0""}","{""count"":""7"",""minimum"":""0"",""median"":""0"",""maximum"":""0"",""median_absolute_deviation"":""0""}",0,7,0,"{""lsf"":{""pair_count"":4,""available_pairs"":4,""unavailable_pairs"":0,""native"":{""count"":""4"",""minimum"":""0"",""median"":""0"",""maximum"":""0"",""median_absolute_deviation"":""0""},""lsf"":{""count"":""4"",""minimum"":""0"",""median"":""0"",""maximum"":""0"",""median_absolute_deviation"":""0""},""paired_difference"":{""count"":""4"",""minimum"":""0"",""median"":""0"",""maximum"":""0"",""median_absolute_deviation"":""0""},""lower"":0,""equal"":4,""higher"":0},""native"":{""pair_count"":3,""available_pairs"":3,""unavailable_pairs"":0,""native"":{""count"":""3"",""minimum"":""0"",""median"":""0"",""maximum"":""0"",""median_absolute_deviation"":""0""},""lsf"":{""count"":""3"",""minimum"":""0"",""median"":""0"",""maximum"":""0"",""median_absolute_deviation"":""0""},""paired_difference"":{""count"":""3"",""minimum"":""0"",""median"":""0"",""maximum"":""0"",""median_absolute_deviation"":""0""},""lower"":0,""equal"":3,""higher"":0}}"
32,served,cgroup.memory_swap_current_bytes,bytes,"[{""pair"":0,""first_arm"":""lsf"",""native_group"":5,""lsf_group"":4,""native"":""0"",""lsf"":""0"",""lsf_minus_native"":""0"",""percent_of_native"":null},{""pair"":1,""first_arm"":""lsf"",""native_group"":3,""lsf_group"":2,""native"":""0"",""lsf"":""0"",""lsf_minus_native"":""0"",""percent_of_native"":null},{""pair"":2,""first_arm"":""lsf"",""native_group"":1,""lsf_group"":0,""native"":""0"",""lsf"":""0"",""lsf_minus_native"":""0"",""percent_of_native"":null},{""pair"":3,""first_arm"":""native"",""native_group"":4,""lsf_group"":5,""native"":""0"",""lsf"":""0"",""lsf_minus_native"":""0"",""percent_of_native"":null},{""pair"":4,""first_arm"":""native"",""native_group"":2,""lsf_group"":3,""native"":""0"",""lsf"":""0"",""lsf_minus_native"":""0"",""percent_of_native"":null},{""pair"":5,""first_arm"":""native"",""native_group"":0,""lsf_group"":1,""native"":""0"",""lsf"":""0"",""lsf_minus_native"":""0"",""percent_of_native"":null},{""pair"":6,""first_arm"":""lsf"",""native_group"":5,""lsf_group"":4,""native"":""0"",""lsf"":""0"",""lsf_minus_native"":""0"",""percent_of_native"":null}]",7,7,0,"{""count"":""7"",""minimum"":""0"",""median"":""0"",""maximum"":""0"",""median_absolute_deviation"":""0""}","{""count"":""7"",""minimum"":""0"",""median"":""0"",""maximum"":""0"",""median_absolute_deviation"":""0""}","{""count"":""7"",""minimum"":""0"",""median"":""0"",""maximum"":""0"",""median_absolute_deviation"":""0""}",0,7,0,"{""lsf"":{""pair_count"":4,""available_pairs"":4,""unavailable_pairs"":0,""native"":{""count"":""4"",""minimum"":""0"",""median"":""0"",""maximum"":""0"",""median_absolute_deviation"":""0""},""lsf"":{""count"":""4"",""minimum"":""0"",""median"":""0"",""maximum"":""0"",""median_absolute_deviation"":""0""},""paired_difference"":{""count"":""4"",""minimum"":""0"",""median"":""0"",""maximum"":""0"",""median_absolute_deviation"":""0""},""lower"":0,""equal"":4,""higher"":0},""native"":{""pair_count"":3,""available_pairs"":3,""unavailable_pairs"":0,""native"":{""count"":""3"",""minimum"":""0"",""median"":""0"",""maximum"":""0"",""median_absolute_deviation"":""0""},""lsf"":{""count"":""3"",""minimum"":""0"",""median"":""0"",""maximum"":""0"",""median_absolute_deviation"":""0""},""paired_difference"":{""count"":""3"",""minimum"":""0"",""median"":""0"",""maximum"":""0"",""median_absolute_deviation"":""0""},""lower"":0,""equal"":3,""higher"":0}}"
32,served,cgroup.pids_current,count,"[{""pair"":0,""first_arm"":""lsf"",""native_group"":5,""lsf_group"":4,""native"":""0"",""lsf"":""0"",""lsf_minus_native"":""0"",""percent_of_native"":null},{""pair"":1,""first_arm"":""lsf"",""native_group"":3,""lsf_group"":2,""native"":""0"",""lsf"":""0"",""lsf_minus_native"":""0"",""percent_of_native"":null},{""pair"":2,""first_arm"":""lsf"",""native_group"":1,""lsf_group"":0,""native"":""0"",""lsf"":""0"",""lsf_minus_native"":""0"",""percent_of_native"":null},{""pair"":3,""first_arm"":""native"",""native_group"":4,""lsf_group"":5,""native"":""0"",""lsf"":""0"",""lsf_minus_native"":""0"",""percent_of_native"":null},{""pair"":4,""first_arm"":""native"",""native_group"":2,""lsf_group"":3,""native"":""0"",""lsf"":""0"",""lsf_minus_native"":""0"",""percent_of_native"":null},{""pair"":5,""first_arm"":""native"",""native_group"":0,""lsf_group"":1,""native"":""0"",""lsf"":""0"",""lsf_minus_native"":""0"",""percent_of_native"":null},{""pair"":6,""first_arm"":""lsf"",""native_group"":5,""lsf_group"":4,""native"":""0"",""lsf"":""0"",""lsf_minus_native"":""0"",""percent_of_native"":null}]",7,7,0,"{""count"":""7"",""minimum"":""0"",""median"":""0"",""maximum"":""0"",""median_absolute_deviation"":""0""}","{""count"":""7"",""minimum"":""0"",""median"":""0"",""maximum"":""0"",""median_absolute_deviation"":""0""}","{""count"":""7"",""minimum"":""0"",""median"":""0"",""maximum"":""0"",""median_absolute_deviation"":""0""}",0,7,0,"{""lsf"":{""pair_count"":4,""available_pairs"":4,""unavailable_pairs"":0,""native"":{""count"":""4"",""minimum"":""0"",""median"":""0"",""maximum"":""0"",""median_absolute_deviation"":""0""},""lsf"":{""count"":""4"",""minimum"":""0"",""median"":""0"",""maximum"":""0"",""median_absolute_deviation"":""0""},""paired_difference"":{""count"":""4"",""minimum"":""0"",""median"":""0"",""maximum"":""0"",""median_absolute_deviation"":""0""},""lower"":0,""equal"":4,""higher"":0},""native"":{""pair_count"":3,""available_pairs"":3,""unavailable_pairs"":0,""native"":{""count"":""3"",""minimum"":""0"",""median"":""0"",""maximum"":""0"",""median_absolute_deviation"":""0""},""lsf"":{""count"":""3"",""minimum"":""0"",""median"":""0"",""maximum"":""0"",""median_absolute_deviation"":""0""},""paired_difference"":{""count"":""3"",""minimum"":""0"",""median"":""0"",""maximum"":""0"",""median_absolute_deviation"":""0""},""lower"":0,""equal"":3,""higher"":0}}"
32,served,cgroup.cpu.usage_usec,us,"[{""pair"":0,""first_arm"":""lsf"",""native_group"":5,""lsf_group"":4,""native"":""330049"",""lsf"":""14962"",""lsf_minus_native"":""-315087"",""percent_of_native"":""-95.466734""},{""pair"":1,""first_arm"":""lsf"",""native_group"":3,""lsf_group"":2,""native"":""324312"",""lsf"":""11613"",""lsf_minus_native"":""-312699"",""percent_of_native"":""-96.419189""},{""pair"":2,""first_arm"":""lsf"",""native_group"":1,""lsf_group"":0,""native"":""324563"",""lsf"":""11723"",""lsf_minus_native"":""-312840"",""percent_of_native"":""-96.388066""},{""pair"":3,""first_arm"":""native"",""native_group"":4,""lsf_group"":5,""native"":""315719"",""lsf"":""13783"",""lsf_minus_native"":""-301936"",""percent_of_native"":""-95.634409""},{""pair"":4,""first_arm"":""native"",""native_group"":2,""lsf_group"":3,""native"":""308657"",""lsf"":""13424"",""lsf_minus_native"":""-295233"",""percent_of_native"":""-95.650836""},{""pair"":5,""first_arm"":""native"",""native_group"":0,""lsf_group"":1,""native"":""304312"",""lsf"":""14832"",""lsf_minus_native"":""-289480"",""percent_of_native"":""-95.126055""},{""pair"":6,""first_arm"":""lsf"",""native_group"":5,""lsf_group"":4,""native"":""304078"",""lsf"":""14385"",""lsf_minus_native"":""-289693"",""percent_of_native"":""-95.269306""}]",7,7,0,"{""count"":""7"",""minimum"":""304078"",""median"":""315719"",""maximum"":""330049"",""median_absolute_deviation"":""8844""}","{""count"":""7"",""minimum"":""11613"",""median"":""13783"",""maximum"":""14962"",""median_absolute_deviation"":""1049""}","{""count"":""7"",""minimum"":""-315087"",""median"":""-301936"",""maximum"":""-289480"",""median_absolute_deviation"":""10904""}",7,0,0,"{""lsf"":{""pair_count"":4,""available_pairs"":4,""unavailable_pairs"":0,""native"":{""count"":""4"",""minimum"":""304078"",""median"":""324437.5"",""maximum"":""330049"",""median_absolute_deviation"":""2868.5""},""lsf"":{""count"":""4"",""minimum"":""11613"",""median"":""13054"",""maximum"":""14962"",""median_absolute_deviation"":""1386""},""paired_difference"":{""count"":""4"",""minimum"":""-315087"",""median"":""-312769.5"",""maximum"":""-289693"",""median_absolute_deviation"":""1194""},""lower"":4,""equal"":0,""higher"":0},""native"":{""pair_count"":3,""available_pairs"":3,""unavailable_pairs"":0,""native"":{""count"":""3"",""minimum"":""304312"",""median"":""308657"",""maximum"":""315719"",""median_absolute_deviation"":""4345""},""lsf"":{""count"":""3"",""minimum"":""13424"",""median"":""13783"",""maximum"":""14832"",""median_absolute_deviation"":""359""},""paired_difference"":{""count"":""3"",""minimum"":""-301936"",""median"":""-295233"",""maximum"":""-289480"",""median_absolute_deviation"":""5753""},""lower"":3,""equal"":0,""higher"":0}}"
32,served,cgroup.cpu.user_usec,us,"[{""pair"":0,""first_arm"":""lsf"",""native_group"":5,""lsf_group"":4,""native"":""9905"",""lsf"":""5506"",""lsf_minus_native"":""-4399"",""percent_of_native"":""-44.411913""},{""pair"":1,""first_arm"":""lsf"",""native_group"":3,""lsf_group"":2,""native"":""19658"",""lsf"":""2716"",""lsf_minus_native"":""-16942"",""percent_of_native"":""-86.183742""},{""pair"":2,""first_arm"":""lsf"",""native_group"":1,""lsf_group"":0,""native"":""16686"",""lsf"":""3689"",""lsf_minus_native"":""-12997"",""percent_of_native"":""-77.891646""},{""pair"":3,""first_arm"":""native"",""native_group"":4,""lsf_group"":5,""native"":""14424"",""lsf"":""5661"",""lsf_minus_native"":""-8763"",""percent_of_native"":""-60.752912""},{""pair"":4,""first_arm"":""native"",""native_group"":2,""lsf_group"":3,""native"":""3043"",""lsf"":""2559"",""lsf_minus_native"":""-484"",""percent_of_native"":""-15.905357""},{""pair"":5,""first_arm"":""native"",""native_group"":0,""lsf_group"":1,""native"":""2751"",""lsf"":""3048"",""lsf_minus_native"":""297"",""percent_of_native"":""10.796074""},{""pair"":6,""first_arm"":""lsf"",""native_group"":5,""lsf_group"":4,""native"":""19375"",""lsf"":""5980"",""lsf_minus_native"":""-13395"",""percent_of_native"":""-69.135484""}]",7,7,0,"{""count"":""7"",""minimum"":""2751"",""median"":""14424"",""maximum"":""19658"",""median_absolute_deviation"":""4951""}","{""count"":""7"",""minimum"":""2559"",""median"":""3689"",""maximum"":""5980"",""median_absolute_deviation"":""1130""}","{""count"":""7"",""minimum"":""-16942"",""median"":""-8763"",""maximum"":""297"",""median_absolute_deviation"":""4632""}",6,0,1,"{""lsf"":{""pair_count"":4,""available_pairs"":4,""unavailable_pairs"":0,""native"":{""count"":""4"",""minimum"":""9905"",""median"":""18030.5"",""maximum"":""19658"",""median_absolute_deviation"":""1486""},""lsf"":{""count"":""4"",""minimum"":""2716"",""median"":""4597.5"",""maximum"":""5980"",""median_absolute_deviation"":""1145.5""},""paired_difference"":{""count"":""4"",""minimum"":""-16942"",""median"":""-13196"",""maximum"":""-4399"",""median_absolute_deviation"":""1972.5""},""lower"":4,""equal"":0,""higher"":0},""native"":{""pair_count"":3,""available_pairs"":3,""unavailable_pairs"":0,""native"":{""count"":""3"",""minimum"":""2751"",""median"":""3043"",""maximum"":""14424"",""median_absolute_deviation"":""292""},""lsf"":{""count"":""3"",""minimum"":""2559"",""median"":""3048"",""maximum"":""5661"",""median_absolute_deviation"":""489""},""paired_difference"":{""count"":""3"",""minimum"":""-8763"",""median"":""-484"",""maximum"":""297"",""median_absolute_deviation"":""781""},""lower"":2,""equal"":0,""higher"":1}}"
32,served,cgroup.cpu.system_usec,us,"[{""pair"":0,""first_arm"":""lsf"",""native_group"":5,""lsf_group"":4,""native"":""320146"",""lsf"":""9456"",""lsf_minus_native"":""-310690"",""percent_of_native"":""-97.046348""},{""pair"":1,""first_arm"":""lsf"",""native_group"":3,""lsf_group"":2,""native"":""304651"",""lsf"":""8896"",""lsf_minus_native"":""-295755"",""percent_of_native"":""-97.079937""},{""pair"":2,""first_arm"":""lsf"",""native_group"":1,""lsf_group"":0,""native"":""307876"",""lsf"":""8035"",""lsf_minus_native"":""-299841"",""percent_of_native"":""-97.390183""},{""pair"":3,""first_arm"":""native"",""native_group"":4,""lsf_group"":5,""native"":""301292"",""lsf"":""8122"",""lsf_minus_native"":""-293170"",""percent_of_native"":""-97.304276""},{""pair"":4,""first_arm"":""native"",""native_group"":2,""lsf_group"":3,""native"":""305614"",""lsf"":""10864"",""lsf_minus_native"":""-294750"",""percent_of_native"":""-96.445189""},{""pair"":5,""first_arm"":""native"",""native_group"":0,""lsf_group"":1,""native"":""301564"",""lsf"":""11783"",""lsf_minus_native"":""-289781"",""percent_of_native"":""-96.092703""},{""pair"":6,""first_arm"":""lsf"",""native_group"":5,""lsf_group"":4,""native"":""284704"",""lsf"":""8406"",""lsf_minus_native"":""-276298"",""percent_of_native"":""-97.04746""}]",7,7,0,"{""count"":""7"",""minimum"":""284704"",""median"":""304651"",""maximum"":""320146"",""median_absolute_deviation"":""3225""}","{""count"":""7"",""minimum"":""8035"",""median"":""8896"",""maximum"":""11783"",""median_absolute_deviation"":""774""}","{""count"":""7"",""minimum"":""-310690"",""median"":""-294750"",""maximum"":""-276298"",""median_absolute_deviation"":""4969""}",7,0,0,"{""lsf"":{""pair_count"":4,""available_pairs"":4,""unavailable_pairs"":0,""native"":{""count"":""4"",""minimum"":""284704"",""median"":""306263.5"",""maximum"":""320146"",""median_absolute_deviation"":""7747.5""},""lsf"":{""count"":""4"",""minimum"":""8035"",""median"":""8651"",""maximum"":""9456"",""median_absolute_deviation"":""430.5""},""paired_difference"":{""count"":""4"",""minimum"":""-310690"",""median"":""-297798"",""maximum"":""-276298"",""median_absolute_deviation"":""7467.5""},""lower"":4,""equal"":0,""higher"":0},""native"":{""pair_count"":3,""available_pairs"":3,""unavailable_pairs"":0,""native"":{""count"":""3"",""minimum"":""301292"",""median"":""301564"",""maximum"":""305614"",""median_absolute_deviation"":""272""},""lsf"":{""count"":""3"",""minimum"":""8122"",""median"":""10864"",""maximum"":""11783"",""median_absolute_deviation"":""919""},""paired_difference"":{""count"":""3"",""minimum"":""-294750"",""median"":""-293170"",""maximum"":""-289781"",""median_absolute_deviation"":""1580""},""lower"":3,""equal"":0,""higher"":0}}"
32,served,cgroup.cpu.nr_periods,count,"[{""pair"":0,""first_arm"":""lsf"",""native_group"":5,""lsf_group"":4,""native"":""68"",""lsf"":""6"",""lsf_minus_native"":""-62"",""percent_of_native"":""-91.176471""},{""pair"":1,""first_arm"":""lsf"",""native_group"":3,""lsf_group"":2,""native"":""67"",""lsf"":""5"",""lsf_minus_native"":""-62"",""percent_of_native"":""-92.537313""},{""pair"":2,""first_arm"":""lsf"",""native_group"":1,""lsf_group"":0,""native"":""65"",""lsf"":""3"",""lsf_minus_native"":""-62"",""percent_of_native"":""-95.384615""},{""pair"":3,""first_arm"":""native"",""native_group"":4,""lsf_group"":5,""native"":""68"",""lsf"":""4"",""lsf_minus_native"":""-64"",""percent_of_native"":""-94.117647""},{""pair"":4,""first_arm"":""native"",""native_group"":2,""lsf_group"":3,""native"":""67"",""lsf"":""6"",""lsf_minus_native"":""-61"",""percent_of_native"":""-91.044776""},{""pair"":5,""first_arm"":""native"",""native_group"":0,""lsf_group"":1,""native"":""66"",""lsf"":""3"",""lsf_minus_native"":""-63"",""percent_of_native"":""-95.454545""},{""pair"":6,""first_arm"":""lsf"",""native_group"":5,""lsf_group"":4,""native"":""68"",""lsf"":""6"",""lsf_minus_native"":""-62"",""percent_of_native"":""-91.176471""}]",7,7,0,"{""count"":""7"",""minimum"":""65"",""median"":""67"",""maximum"":""68"",""median_absolute_deviation"":""1""}","{""count"":""7"",""minimum"":""3"",""median"":""5"",""maximum"":""6"",""median_absolute_deviation"":""1""}","{""count"":""7"",""minimum"":""-64"",""median"":""-62"",""maximum"":""-61"",""median_absolute_deviation"":""0""}",7,0,0,"{""lsf"":{""pair_count"":4,""available_pairs"":4,""unavailable_pairs"":0,""native"":{""count"":""4"",""minimum"":""65"",""median"":""67.5"",""maximum"":""68"",""median_absolute_deviation"":""0.5""},""lsf"":{""count"":""4"",""minimum"":""3"",""median"":""5.5"",""maximum"":""6"",""median_absolute_deviation"":""0.5""},""paired_difference"":{""count"":""4"",""minimum"":""-62"",""median"":""-62"",""maximum"":""-62"",""median_absolute_deviation"":""0""},""lower"":4,""equal"":0,""higher"":0},""native"":{""pair_count"":3,""available_pairs"":3,""unavailable_pairs"":0,""native"":{""count"":""3"",""minimum"":""66"",""median"":""67"",""maximum"":""68"",""median_absolute_deviation"":""1""},""lsf"":{""count"":""3"",""minimum"":""3"",""median"":""4"",""maximum"":""6"",""median_absolute_deviation"":""1""},""paired_difference"":{""count"":""3"",""minimum"":""-64"",""median"":""-63"",""maximum"":""-61"",""median_absolute_deviation"":""1""},""lower"":3,""equal"":0,""higher"":0}}"
32,served,cgroup.cpu.nr_throttled,count,"[{""pair"":0,""first_arm"":""lsf"",""native_group"":5,""lsf_group"":4,""native"":""0"",""lsf"":""0"",""lsf_minus_native"":""0"",""percent_of_native"":null},{""pair"":1,""first_arm"":""lsf"",""native_group"":3,""lsf_group"":2,""native"":""0"",""lsf"":""0"",""lsf_minus_native"":""0"",""percent_of_native"":null},{""pair"":2,""first_arm"":""lsf"",""native_group"":1,""lsf_group"":0,""native"":""0"",""lsf"":""0"",""lsf_minus_native"":""0"",""percent_of_native"":null},{""pair"":3,""first_arm"":""native"",""native_group"":4,""lsf_group"":5,""native"":""0"",""lsf"":""0"",""lsf_minus_native"":""0"",""percent_of_native"":null},{""pair"":4,""first_arm"":""native"",""native_group"":2,""lsf_group"":3,""native"":""0"",""lsf"":""0"",""lsf_minus_native"":""0"",""percent_of_native"":null},{""pair"":5,""first_arm"":""native"",""native_group"":0,""lsf_group"":1,""native"":""0"",""lsf"":""0"",""lsf_minus_native"":""0"",""percent_of_native"":null},{""pair"":6,""first_arm"":""lsf"",""native_group"":5,""lsf_group"":4,""native"":""0"",""lsf"":""0"",""lsf_minus_native"":""0"",""percent_of_native"":null}]",7,7,0,"{""count"":""7"",""minimum"":""0"",""median"":""0"",""maximum"":""0"",""median_absolute_deviation"":""0""}","{""count"":""7"",""minimum"":""0"",""median"":""0"",""maximum"":""0"",""median_absolute_deviation"":""0""}","{""count"":""7"",""minimum"":""0"",""median"":""0"",""maximum"":""0"",""median_absolute_deviation"":""0""}",0,7,0,"{""lsf"":{""pair_count"":4,""available_pairs"":4,""unavailable_pairs"":0,""native"":{""count"":""4"",""minimum"":""0"",""median"":""0"",""maximum"":""0"",""median_absolute_deviation"":""0""},""lsf"":{""count"":""4"",""minimum"":""0"",""median"":""0"",""maximum"":""0"",""median_absolute_deviation"":""0""},""paired_difference"":{""count"":""4"",""minimum"":""0"",""median"":""0"",""maximum"":""0"",""median_absolute_deviation"":""0""},""lower"":0,""equal"":4,""higher"":0},""native"":{""pair_count"":3,""available_pairs"":3,""unavailable_pairs"":0,""native"":{""count"":""3"",""minimum"":""0"",""median"":""0"",""maximum"":""0"",""median_absolute_deviation"":""0""},""lsf"":{""count"":""3"",""minimum"":""0"",""median"":""0"",""maximum"":""0"",""median_absolute_deviation"":""0""},""paired_difference"":{""count"":""3"",""minimum"":""0"",""median"":""0"",""maximum"":""0"",""median_absolute_deviation"":""0""},""lower"":0,""equal"":3,""higher"":0}}"
32,served,cgroup.cpu.throttled_usec,us,"[{""pair"":0,""first_arm"":""lsf"",""native_group"":5,""lsf_group"":4,""native"":""0"",""lsf"":""0"",""lsf_minus_native"":""0"",""percent_of_native"":null},{""pair"":1,""first_arm"":""lsf"",""native_group"":3,""lsf_group"":2,""native"":""0"",""lsf"":""0"",""lsf_minus_native"":""0"",""percent_of_native"":null},{""pair"":2,""first_arm"":""lsf"",""native_group"":1,""lsf_group"":0,""native"":""0"",""lsf"":""0"",""lsf_minus_native"":""0"",""percent_of_native"":null},{""pair"":3,""first_arm"":""native"",""native_group"":4,""lsf_group"":5,""native"":""0"",""lsf"":""0"",""lsf_minus_native"":""0"",""percent_of_native"":null},{""pair"":4,""first_arm"":""native"",""native_group"":2,""lsf_group"":3,""native"":""0"",""lsf"":""0"",""lsf_minus_native"":""0"",""percent_of_native"":null},{""pair"":5,""first_arm"":""native"",""native_group"":0,""lsf_group"":1,""native"":""0"",""lsf"":""0"",""lsf_minus_native"":""0"",""percent_of_native"":null},{""pair"":6,""first_arm"":""lsf"",""native_group"":5,""lsf_group"":4,""native"":""0"",""lsf"":""0"",""lsf_minus_native"":""0"",""percent_of_native"":null}]",7,7,0,"{""count"":""7"",""minimum"":""0"",""median"":""0"",""maximum"":""0"",""median_absolute_deviation"":""0""}","{""count"":""7"",""minimum"":""0"",""median"":""0"",""maximum"":""0"",""median_absolute_deviation"":""0""}","{""count"":""7"",""minimum"":""0"",""median"":""0"",""maximum"":""0"",""median_absolute_deviation"":""0""}",0,7,0,"{""lsf"":{""pair_count"":4,""available_pairs"":4,""unavailable_pairs"":0,""native"":{""count"":""4"",""minimum"":""0"",""median"":""0"",""maximum"":""0"",""median_absolute_deviation"":""0""},""lsf"":{""count"":""4"",""minimum"":""0"",""median"":""0"",""maximum"":""0"",""median_absolute_deviation"":""0""},""paired_difference"":{""count"":""4"",""minimum"":""0"",""median"":""0"",""maximum"":""0"",""median_absolute_deviation"":""0""},""lower"":0,""equal"":4,""higher"":0},""native"":{""pair_count"":3,""available_pairs"":3,""unavailable_pairs"":0,""native"":{""count"":""3"",""minimum"":""0"",""median"":""0"",""maximum"":""0"",""median_absolute_deviation"":""0""},""lsf"":{""count"":""3"",""minimum"":""0"",""median"":""0"",""maximum"":""0"",""median_absolute_deviation"":""0""},""paired_difference"":{""count"":""3"",""minimum"":""0"",""median"":""0"",""maximum"":""0"",""median_absolute_deviation"":""0""},""lower"":0,""equal"":3,""higher"":0}}"
