pair,group,arm,density,phase,phase_name,phase_kind,function,concurrency,phase_elapsed_nanos,counts,observed_metrics,metric.successes_per_second,metric.attempts_per_second,metric.successful_response_fraction,metric.budget_successes,metric.budget_misses,metric.phase_span_successes_per_second,metric.phase_span_attempts_per_second,metric.all_dispatched_latency_nanos.minimum,metric.all_dispatched_latency_nanos.median,metric.all_dispatched_latency_nanos.p95,metric.all_dispatched_latency_nanos.p99,metric.all_dispatched_latency_nanos.maximum,metric.successful_response_latency_nanos.minimum,metric.successful_response_latency_nanos.median,metric.successful_response_latency_nanos.p95,metric.successful_response_latency_nanos.p99,metric.successful_response_latency_nanos.maximum,metric.all_offered_elapsed_nanos.minimum,metric.all_offered_elapsed_nanos.median,metric.all_offered_elapsed_nanos.p95,metric.all_offered_elapsed_nanos.p99,metric.all_offered_elapsed_nanos.maximum,metric.dispatch_lag_nanos.minimum,metric.dispatch_lag_nanos.median,metric.dispatch_lag_nanos.p95,metric.dispatch_lag_nanos.p99,metric.dispatch_lag_nanos.maximum,metric.overshoot_nanos.minimum,metric.overshoot_nanos.median,metric.overshoot_nanos.p95,metric.overshoot_nanos.p99,metric.overshoot_nanos.maximum
0,0,lsf,1,0,first,first,echo,1,36360843,"{""attempts"":""1"",""dispatched"":""1"",""undispatched"":""0"",""received"":""1"",""successful"":""1"",""semantic_mismatches"":""0"",""outcomes"":{""success"":""1""},""first_scheduled_nanos"":""425"",""last_completed_nanos"":""36149627"",""elapsed_nanos"":""36149202"",""throughput"":{""completed_attempts"":""1"",""successful_responses"":""1"",""elapsed_nanos"":""36149202""}}","{""counts"":{""attempts"":""1"",""dispatched"":""1"",""undispatched"":""0"",""received"":""1"",""successful"":""1"",""semantic_mismatches"":""0"",""outcomes"":{""success"":""1""},""first_scheduled_nanos"":""425"",""last_completed_nanos"":""36149627"",""elapsed_nanos"":""36149202"",""throughput"":{""completed_attempts"":""1"",""successful_responses"":""1"",""elapsed_nanos"":""36149202""}},""latency_nanos"":{""count"":""1"",""minimum"":""35997121"",""median"":""35997121"",""maximum"":""35997121"",""p95"":""35997121"",""p99"":""35997121"",""mean"":""35997121"",""median_absolute_deviation"":""0"",""standard_deviation"":""0""},""latency_population"":""all-dispatched-including-failures"",""all_dispatched_latency_nanos"":{""count"":""1"",""minimum"":""35997121"",""median"":""35997121"",""maximum"":""35997121"",""p95"":""35997121"",""p99"":""35997121"",""mean"":""35997121"",""median_absolute_deviation"":""0"",""standard_deviation"":""0""},""successful_response_latency_nanos"":{""count"":""1"",""minimum"":""35997121"",""median"":""35997121"",""maximum"":""35997121"",""p95"":""35997121"",""p99"":""35997121"",""mean"":""35997121"",""median_absolute_deviation"":""0"",""standard_deviation"":""0""},""outcome_latency_nanos"":{""success"":{""count"":""1"",""minimum"":""35997121"",""median"":""35997121"",""maximum"":""35997121"",""p95"":""35997121"",""p99"":""35997121"",""mean"":""35997121"",""median_absolute_deviation"":""0"",""standard_deviation"":""0""},""declared-error"":null,""platform-failure"":null,""transport-failure"":null,""client-timeout"":null,""client-overload"":null,""client-deadline-before-dispatch"":null,""invalid-response"":null},""all_offered_elapsed_nanos"":{""count"":""1"",""minimum"":""36149202"",""median"":""36149202"",""maximum"":""36149202"",""p95"":""36149202"",""p99"":""36149202"",""mean"":""36149202"",""median_absolute_deviation"":""0"",""standard_deviation"":""0""},""successful_response_fraction"":""1"",""dispatch_lag_nanos"":{""count"":""1"",""minimum"":""152081"",""median"":""152081"",""maximum"":""152081"",""p95"":""152081"",""p99"":""152081"",""mean"":""152081"",""median_absolute_deviation"":""0"",""standard_deviation"":""0""},""overshoot_nanos"":{""count"":""1"",""minimum"":""0"",""median"":""0"",""maximum"":""0"",""p95"":""0"",""p99"":""0"",""mean"":""0"",""median_absolute_deviation"":""0"",""standard_deviation"":""0""},""budget_successes"":""1"",""budget_misses"":""0"",""successes_per_second"":""27.663128"",""attempts_per_second"":""27.663128""}",27.663128,27.663128,1,1,0,27.502113,27.502113,35997121,35997121,35997121,35997121,35997121,35997121,35997121,35997121,35997121,35997121,36149202,36149202,36149202,36149202,36149202,152081,152081,152081,152081,152081,0,0,0,0,0
0,0,lsf,1,1,density-warmup,warmup,echo,4,1934182,"{""attempts"":""4"",""dispatched"":""4"",""undispatched"":""0"",""received"":""4"",""successful"":""4"",""semantic_mismatches"":""0"",""outcomes"":{""success"":""4""},""first_scheduled_nanos"":""752"",""last_completed_nanos"":""1855975"",""elapsed_nanos"":""1855223"",""throughput"":{""completed_attempts"":""4"",""successful_responses"":""4"",""elapsed_nanos"":""1855223""}}","{""counts"":{""attempts"":""4"",""dispatched"":""4"",""undispatched"":""0"",""received"":""4"",""successful"":""4"",""semantic_mismatches"":""0"",""outcomes"":{""success"":""4""},""first_scheduled_nanos"":""752"",""last_completed_nanos"":""1855975"",""elapsed_nanos"":""1855223"",""throughput"":{""completed_attempts"":""4"",""successful_responses"":""4"",""elapsed_nanos"":""1855223""}},""latency_nanos"":{""count"":""4"",""minimum"":""1243436"",""median"":""1403555.5"",""maximum"":""1689516"",""p95"":""1689516"",""p99"":""1689516"",""mean"":""1435015.75"",""median_absolute_deviation"":""80998"",""standard_deviation"":""160825.77143""},""latency_population"":""all-dispatched-including-failures"",""all_dispatched_latency_nanos"":{""count"":""4"",""minimum"":""1243436"",""median"":""1403555.5"",""maximum"":""1689516"",""p95"":""1689516"",""p99"":""1689516"",""mean"":""1435015.75"",""median_absolute_deviation"":""80998"",""standard_deviation"":""160825.77143""},""successful_response_latency_nanos"":{""count"":""4"",""minimum"":""1243436"",""median"":""1403555.5"",""maximum"":""1689516"",""p95"":""1689516"",""p99"":""1689516"",""mean"":""1435015.75"",""median_absolute_deviation"":""80998"",""standard_deviation"":""160825.77143""},""outcome_latency_nanos"":{""success"":{""count"":""4"",""minimum"":""1243436"",""median"":""1403555.5"",""maximum"":""1689516"",""p95"":""1689516"",""p99"":""1689516"",""mean"":""1435015.75"",""median_absolute_deviation"":""80998"",""standard_deviation"":""160825.77143""},""declared-error"":null,""platform-failure"":null,""transport-failure"":null,""client-timeout"":null,""client-overload"":null,""client-deadline-before-dispatch"":null,""invalid-response"":null},""all_offered_elapsed_nanos"":{""count"":""4"",""minimum"":""1357763"",""median"":""1536518.5"",""maximum"":""1763949"",""p95"":""1763949"",""p99"":""1763949"",""mean"":""1548687.25"",""median_absolute_deviation"":""100146.5"",""standard_deviation"":""144925.476553""},""successful_response_fraction"":""1"",""dispatch_lag_nanos"":{""count"":""4"",""minimum"":""74433"",""median"":""111938"",""maximum"":""156377"",""p95"":""156377"",""p99"":""156377"",""mean"":""113671.5"",""median_absolute_deviation"":""19947"",""standard_deviation"":""29072.514077""},""overshoot_nanos"":{""count"":""4"",""minimum"":""0"",""median"":""0"",""maximum"":""0"",""p95"":""0"",""p99"":""0"",""mean"":""0"",""median_absolute_deviation"":""0"",""standard_deviation"":""0""},""budget_successes"":""4"",""budget_misses"":""0"",""successes_per_second"":""2156.075038"",""attempts_per_second"":""2156.075038""}",2156.075038,2156.075038,1,4,0,2068.057711,2068.057711,1243436,1403555.5,1689516,1689516,1689516,1243436,1403555.5,1689516,1689516,1689516,1357763,1536518.5,1763949,1763949,1763949,74433,111938,156377,156377,156377,0,0,0,0,0
0,0,lsf,1,2,density-measured,measured,echo,4,1546437,"{""attempts"":""4"",""dispatched"":""4"",""undispatched"":""0"",""received"":""4"",""successful"":""4"",""semantic_mismatches"":""0"",""outcomes"":{""success"":""4""},""first_scheduled_nanos"":""241"",""last_completed_nanos"":""1502889"",""elapsed_nanos"":""1502648"",""throughput"":{""completed_attempts"":""4"",""successful_responses"":""4"",""elapsed_nanos"":""1502648""}}","{""counts"":{""attempts"":""4"",""dispatched"":""4"",""undispatched"":""0"",""received"":""4"",""successful"":""4"",""semantic_mismatches"":""0"",""outcomes"":{""success"":""4""},""first_scheduled_nanos"":""241"",""last_completed_nanos"":""1502889"",""elapsed_nanos"":""1502648"",""throughput"":{""completed_attempts"":""4"",""successful_responses"":""4"",""elapsed_nanos"":""1502648""}},""latency_nanos"":{""count"":""4"",""minimum"":""1035731"",""median"":""1205433.5"",""maximum"":""1388003"",""p95"":""1388003"",""p99"":""1388003"",""mean"":""1208650.25"",""median_absolute_deviation"":""166161.5"",""standard_deviation"":""169543.52314""},""latency_population"":""all-dispatched-including-failures"",""all_dispatched_latency_nanos"":{""count"":""4"",""minimum"":""1035731"",""median"":""1205433.5"",""maximum"":""1388003"",""p95"":""1388003"",""p99"":""1388003"",""mean"":""1208650.25"",""median_absolute_deviation"":""166161.5"",""standard_deviation"":""169543.52314""},""successful_response_latency_nanos"":{""count"":""4"",""minimum"":""1035731"",""median"":""1205433.5"",""maximum"":""1388003"",""p95"":""1388003"",""p99"":""1388003"",""mean"":""1208650.25"",""median_absolute_deviation"":""166161.5"",""standard_deviation"":""169543.52314""},""outcome_latency_nanos"":{""success"":{""count"":""4"",""minimum"":""1035731"",""median"":""1205433.5"",""maximum"":""1388003"",""p95"":""1388003"",""p99"":""1388003"",""mean"":""1208650.25"",""median_absolute_deviation"":""166161.5"",""standard_deviation"":""169543.52314""},""declared-error"":null,""platform-failure"":null,""transport-failure"":null,""client-timeout"":null,""client-overload"":null,""client-deadline-before-dispatch"":null,""invalid-response"":null},""all_offered_elapsed_nanos"":{""count"":""4"",""minimum"":""1098100"",""median"":""1275643"",""maximum"":""1451693"",""p95"":""1451693"",""p99"":""1451693"",""mean"":""1275269.75"",""median_absolute_deviation"":""175205.5"",""standard_deviation"":""175583.369606""},""successful_response_fraction"":""1"",""dispatch_lag_nanos"":{""count"":""4"",""minimum"":""55287"",""median"":""64620.5"",""maximum"":""81950"",""p95"":""81950"",""p99"":""81950"",""mean"":""66619.5"",""median_absolute_deviation"":""5132"",""standard_deviation"":""9658.848909""},""overshoot_nanos"":{""count"":""4"",""minimum"":""0"",""median"":""0"",""maximum"":""0"",""p95"":""0"",""p99"":""0"",""mean"":""0"",""median_absolute_deviation"":""0"",""standard_deviation"":""0""},""budget_successes"":""4"",""budget_misses"":""0"",""successes_per_second"":""2661.967407"",""attempts_per_second"":""2661.967407""}",2661.967407,2661.967407,1,4,0,2586.590983,2586.590983,1035731,1205433.5,1388003,1388003,1388003,1035731,1205433.5,1388003,1388003,1388003,1098100,1275643,1451693,1451693,1451693,55287,64620.5,81950,81950,81950,0,0,0,0,0
0,0,lsf,1,3,echo-c1-warmup,warmup,echo,1,9057648,"{""attempts"":""8"",""dispatched"":""8"",""undispatched"":""0"",""received"":""8"",""successful"":""8"",""semantic_mismatches"":""0"",""outcomes"":{""success"":""8""},""first_scheduled_nanos"":""286"",""last_completed_nanos"":""8963480"",""elapsed_nanos"":""8963194"",""throughput"":{""completed_attempts"":""8"",""successful_responses"":""8"",""elapsed_nanos"":""8963194""}}","{""counts"":{""attempts"":""8"",""dispatched"":""8"",""undispatched"":""0"",""received"":""8"",""successful"":""8"",""semantic_mismatches"":""0"",""outcomes"":{""success"":""8""},""first_scheduled_nanos"":""286"",""last_completed_nanos"":""8963480"",""elapsed_nanos"":""8963194"",""throughput"":{""completed_attempts"":""8"",""successful_responses"":""8"",""elapsed_nanos"":""8963194""}},""latency_nanos"":{""count"":""8"",""minimum"":""707995"",""median"":""778515.5"",""maximum"":""1508671"",""p95"":""1508671"",""p99"":""1508671"",""mean"":""936981.875"",""median_absolute_deviation"":""62033.5"",""standard_deviation"":""271765.322255""},""latency_population"":""all-dispatched-including-failures"",""all_dispatched_latency_nanos"":{""count"":""8"",""minimum"":""707995"",""median"":""778515.5"",""maximum"":""1508671"",""p95"":""1508671"",""p99"":""1508671"",""mean"":""936981.875"",""median_absolute_deviation"":""62033.5"",""standard_deviation"":""271765.322255""},""successful_response_latency_nanos"":{""count"":""8"",""minimum"":""707995"",""median"":""778515.5"",""maximum"":""1508671"",""p95"":""1508671"",""p99"":""1508671"",""mean"":""936981.875"",""median_absolute_deviation"":""62033.5"",""standard_deviation"":""271765.322255""},""outcome_latency_nanos"":{""success"":{""count"":""8"",""minimum"":""707995"",""median"":""778515.5"",""maximum"":""1508671"",""p95"":""1508671"",""p99"":""1508671"",""mean"":""936981.875"",""median_absolute_deviation"":""62033.5"",""standard_deviation"":""271765.322255""},""declared-error"":null,""platform-failure"":null,""transport-failure"":null,""client-timeout"":null,""client-overload"":null,""client-deadline-before-dispatch"":null,""invalid-response"":null},""all_offered_elapsed_nanos"":{""count"":""8"",""minimum"":""767282"",""median"":""840052.5"",""maximum"":""1595583"",""p95"":""1595583"",""p99"":""1595583"",""mean"":""1017880.125"",""median_absolute_deviation"":""46877"",""standard_deviation"":""282129.983484""},""successful_response_fraction"":""1"",""dispatch_lag_nanos"":{""count"":""8"",""minimum"":""46960"",""median"":""76661.5"",""maximum"":""130490"",""p95"":""130490"",""p99"":""130490"",""mean"":""80898.25"",""median_absolute_deviation"":""18389"",""standard_deviation"":""27242.335614""},""overshoot_nanos"":{""count"":""8"",""minimum"":""0"",""median"":""0"",""maximum"":""0"",""p95"":""0"",""p99"":""0"",""mean"":""0"",""median_absolute_deviation"":""0"",""standard_deviation"":""0""},""budget_successes"":""8"",""budget_misses"":""0"",""successes_per_second"":""892.538977"",""attempts_per_second"":""892.538977""}",892.538977,892.538977,1,8,0,883.231497,883.231497,707995,778515.5,1508671,1508671,1508671,707995,778515.5,1508671,1508671,1508671,767282,840052.5,1595583,1595583,1595583,46960,76661.5,130490,130490,130490,0,0,0,0,0
0,0,lsf,1,4,echo-c1-measured,measured,echo,1,123751684,"{""attempts"":""128"",""dispatched"":""128"",""undispatched"":""0"",""received"":""128"",""successful"":""128"",""semantic_mismatches"":""0"",""outcomes"":{""success"":""128""},""first_scheduled_nanos"":""264"",""last_completed_nanos"":""123683424"",""elapsed_nanos"":""123683160"",""throughput"":{""completed_attempts"":""128"",""successful_responses"":""128"",""elapsed_nanos"":""123683160""}}","{""counts"":{""attempts"":""128"",""dispatched"":""128"",""undispatched"":""0"",""received"":""128"",""successful"":""128"",""semantic_mismatches"":""0"",""outcomes"":{""success"":""128""},""first_scheduled_nanos"":""264"",""last_completed_nanos"":""123683424"",""elapsed_nanos"":""123683160"",""throughput"":{""completed_attempts"":""128"",""successful_responses"":""128"",""elapsed_nanos"":""123683160""}},""latency_nanos"":{""count"":""128"",""minimum"":""541228"",""median"":""712470"",""maximum"":""1592025"",""p95"":""1244385"",""p99"":""1457743"",""mean"":""783692.226562"",""median_absolute_deviation"":""77240"",""standard_deviation"":""205965.322986""},""latency_population"":""all-dispatched-including-failures"",""all_dispatched_latency_nanos"":{""count"":""128"",""minimum"":""541228"",""median"":""712470"",""maximum"":""1592025"",""p95"":""1244385"",""p99"":""1457743"",""mean"":""783692.226562"",""median_absolute_deviation"":""77240"",""standard_deviation"":""205965.322986""},""successful_response_latency_nanos"":{""count"":""128"",""minimum"":""541228"",""median"":""712470"",""maximum"":""1592025"",""p95"":""1244385"",""p99"":""1457743"",""mean"":""783692.226562"",""median_absolute_deviation"":""77240"",""standard_deviation"":""205965.322986""},""outcome_latency_nanos"":{""success"":{""count"":""128"",""minimum"":""541228"",""median"":""712470"",""maximum"":""1592025"",""p95"":""1244385"",""p99"":""1457743"",""mean"":""783692.226562"",""median_absolute_deviation"":""77240"",""standard_deviation"":""205965.322986""},""declared-error"":null,""platform-failure"":null,""transport-failure"":null,""client-timeout"":null,""client-overload"":null,""client-deadline-before-dispatch"":null,""invalid-response"":null},""all_offered_elapsed_nanos"":{""count"":""128"",""minimum"":""595056"",""median"":""783396"",""maximum"":""1641360"",""p95"":""1323159"",""p99"":""1570238"",""mean"":""854136.289062"",""median_absolute_deviation"":""87242.5"",""standard_deviation"":""213284.209969""},""successful_response_fraction"":""1"",""dispatch_lag_nanos"":{""count"":""128"",""minimum"":""37571"",""median"":""61351"",""maximum"":""378210"",""p95"":""118287"",""p99"":""144388"",""mean"":""70444.0625"",""median_absolute_deviation"":""8720.5"",""standard_deviation"":""34367.252494""},""overshoot_nanos"":{""count"":""128"",""minimum"":""0"",""median"":""0"",""maximum"":""0"",""p95"":""0"",""p99"":""0"",""mean"":""0"",""median_absolute_deviation"":""0"",""standard_deviation"":""0""},""budget_successes"":""128"",""budget_misses"":""0"",""successes_per_second"":""1034.902407"",""attempts_per_second"":""1034.902407""}",1034.902407,1034.902407,1,128,0,1034.329359,1034.329359,541228,712470,1244385,1457743,1592025,541228,712470,1244385,1457743,1592025,595056,783396,1323159,1570238,1641360,37571,61351,118287,144388,378210,0,0,0,0,0
0,0,lsf,1,5,compute-c1-warmup,warmup,compute,1,4274197,"{""attempts"":""4"",""dispatched"":""4"",""undispatched"":""0"",""received"":""4"",""successful"":""4"",""semantic_mismatches"":""0"",""outcomes"":{""success"":""4""},""first_scheduled_nanos"":""178"",""last_completed_nanos"":""4159204"",""elapsed_nanos"":""4159026"",""throughput"":{""completed_attempts"":""4"",""successful_responses"":""4"",""elapsed_nanos"":""4159026""}}","{""counts"":{""attempts"":""4"",""dispatched"":""4"",""undispatched"":""0"",""received"":""4"",""successful"":""4"",""semantic_mismatches"":""0"",""outcomes"":{""success"":""4""},""first_scheduled_nanos"":""178"",""last_completed_nanos"":""4159204"",""elapsed_nanos"":""4159026"",""throughput"":{""completed_attempts"":""4"",""successful_responses"":""4"",""elapsed_nanos"":""4159026""}},""latency_nanos"":{""count"":""4"",""minimum"":""803837"",""median"":""904502.5"",""maximum"":""1074584"",""p95"":""1074584"",""p99"":""1074584"",""mean"":""921856.5"",""median_absolute_deviation"":""63606.5"",""standard_deviation"":""99078.445917""},""latency_population"":""all-dispatched-including-failures"",""all_dispatched_latency_nanos"":{""count"":""4"",""minimum"":""803837"",""median"":""904502.5"",""maximum"":""1074584"",""p95"":""1074584"",""p99"":""1074584"",""mean"":""921856.5"",""median_absolute_deviation"":""63606.5"",""standard_deviation"":""99078.445917""},""successful_response_latency_nanos"":{""count"":""4"",""minimum"":""803837"",""median"":""904502.5"",""maximum"":""1074584"",""p95"":""1074584"",""p99"":""1074584"",""mean"":""921856.5"",""median_absolute_deviation"":""63606.5"",""standard_deviation"":""99078.445917""},""outcome_latency_nanos"":{""success"":{""count"":""4"",""minimum"":""803837"",""median"":""904502.5"",""maximum"":""1074584"",""p95"":""1074584"",""p99"":""1074584"",""mean"":""921856.5"",""median_absolute_deviation"":""63606.5"",""standard_deviation"":""99078.445917""},""declared-error"":null,""platform-failure"":null,""transport-failure"":null,""client-timeout"":null,""client-overload"":null,""client-deadline-before-dispatch"":null,""invalid-response"":null},""all_offered_elapsed_nanos"":{""count"":""4"",""minimum"":""852387"",""median"":""965929.5"",""maximum"":""1126652"",""p95"":""1126652"",""p99"":""1126652"",""mean"":""977724.5"",""median_absolute_deviation"":""69845.5"",""standard_deviation"":""99416.574721""},""successful_response_fraction"":""1"",""dispatch_lag_nanos"":{""count"":""4"",""minimum"":""48550"",""median"":""56548"",""maximum"":""61826"",""p95"":""61826"",""p99"":""61826"",""mean"":""55868"",""median_absolute_deviation"":""4879"",""standard_deviation"":""5703.430722""},""overshoot_nanos"":{""count"":""4"",""minimum"":""0"",""median"":""0"",""maximum"":""0"",""p95"":""0"",""p99"":""0"",""mean"":""0"",""median_absolute_deviation"":""0"",""standard_deviation"":""0""},""budget_successes"":""4"",""budget_misses"":""0"",""successes_per_second"":""961.763644"",""attempts_per_second"":""961.763644""}",961.763644,961.763644,1,4,0,935.848301,935.848301,803837,904502.5,1074584,1074584,1074584,803837,904502.5,1074584,1074584,1074584,852387,965929.5,1126652,1126652,1126652,48550,56548,61826,61826,61826,0,0,0,0,0
0,0,lsf,1,6,compute-c1-measured,measured,compute,1,65056169,"{""attempts"":""64"",""dispatched"":""64"",""undispatched"":""0"",""received"":""64"",""successful"":""64"",""semantic_mismatches"":""0"",""outcomes"":{""success"":""64""},""first_scheduled_nanos"":""221"",""last_completed_nanos"":""64941841"",""elapsed_nanos"":""64941620"",""throughput"":{""completed_attempts"":""64"",""successful_responses"":""64"",""elapsed_nanos"":""64941620""}}","{""counts"":{""attempts"":""64"",""dispatched"":""64"",""undispatched"":""0"",""received"":""64"",""successful"":""64"",""semantic_mismatches"":""0"",""outcomes"":{""success"":""64""},""first_scheduled_nanos"":""221"",""last_completed_nanos"":""64941841"",""elapsed_nanos"":""64941620"",""throughput"":{""completed_attempts"":""64"",""successful_responses"":""64"",""elapsed_nanos"":""64941620""}},""latency_nanos"":{""count"":""64"",""minimum"":""643374"",""median"":""781734.5"",""maximum"":""1645717"",""p95"":""1289562"",""p99"":""1645717"",""mean"":""841260.125"",""median_absolute_deviation"":""83817.5"",""standard_deviation"":""207683.807942""},""latency_population"":""all-dispatched-including-failures"",""all_dispatched_latency_nanos"":{""count"":""64"",""minimum"":""643374"",""median"":""781734.5"",""maximum"":""1645717"",""p95"":""1289562"",""p99"":""1645717"",""mean"":""841260.125"",""median_absolute_deviation"":""83817.5"",""standard_deviation"":""207683.807942""},""successful_response_latency_nanos"":{""count"":""64"",""minimum"":""643374"",""median"":""781734.5"",""maximum"":""1645717"",""p95"":""1289562"",""p99"":""1645717"",""mean"":""841260.125"",""median_absolute_deviation"":""83817.5"",""standard_deviation"":""207683.807942""},""outcome_latency_nanos"":{""success"":{""count"":""64"",""minimum"":""643374"",""median"":""781734.5"",""maximum"":""1645717"",""p95"":""1289562"",""p99"":""1645717"",""mean"":""841260.125"",""median_absolute_deviation"":""83817.5"",""standard_deviation"":""207683.807942""},""declared-error"":null,""platform-failure"":null,""transport-failure"":null,""client-timeout"":null,""client-overload"":null,""client-deadline-before-dispatch"":null,""invalid-response"":null},""all_offered_elapsed_nanos"":{""count"":""64"",""minimum"":""703849"",""median"":""834265"",""maximum"":""1760538"",""p95"":""1398371"",""p99"":""1760538"",""mean"":""916406.453125"",""median_absolute_deviation"":""78835.5"",""standard_deviation"":""217814.399885""},""successful_response_fraction"":""1"",""dispatch_lag_nanos"":{""count"":""64"",""minimum"":""42731"",""median"":""63495.5"",""maximum"":""145370"",""p95"":""133781"",""p99"":""145370"",""mean"":""75146.328125"",""median_absolute_deviation"":""17130.5"",""standard_deviation"":""28801.599765""},""overshoot_nanos"":{""count"":""64"",""minimum"":""0"",""median"":""0"",""maximum"":""0"",""p95"":""0"",""p99"":""0"",""mean"":""0"",""median_absolute_deviation"":""0"",""standard_deviation"":""0""},""budget_successes"":""64"",""budget_misses"":""0"",""successes_per_second"":""985.500516"",""attempts_per_second"":""985.500516""}",985.500516,985.500516,1,64,0,983.765275,983.765275,643374,781734.5,1289562,1645717,1645717,643374,781734.5,1289562,1645717,1645717,703849,834265,1398371,1760538,1760538,42731,63495.5,133781,145370,145370,0,0,0,0,0
0,0,lsf,1,7,echo-c4-warmup,warmup,echo,4,2916256,"{""attempts"":""8"",""dispatched"":""8"",""undispatched"":""0"",""received"":""8"",""successful"":""8"",""semantic_mismatches"":""0"",""outcomes"":{""success"":""8""},""first_scheduled_nanos"":""182"",""last_completed_nanos"":""2849925"",""elapsed_nanos"":""2849743"",""throughput"":{""completed_attempts"":""8"",""successful_responses"":""8"",""elapsed_nanos"":""2849743""}}","{""counts"":{""attempts"":""8"",""dispatched"":""8"",""undispatched"":""0"",""received"":""8"",""successful"":""8"",""semantic_mismatches"":""0"",""outcomes"":{""success"":""8""},""first_scheduled_nanos"":""182"",""last_completed_nanos"":""2849925"",""elapsed_nanos"":""2849743"",""throughput"":{""completed_attempts"":""8"",""successful_responses"":""8"",""elapsed_nanos"":""2849743""}},""latency_nanos"":{""count"":""8"",""minimum"":""688778"",""median"":""1196037.5"",""maximum"":""1304626"",""p95"":""1304626"",""p99"":""1304626"",""mean"":""1058184.125"",""median_absolute_deviation"":""95055"",""standard_deviation"":""241964.30534""},""latency_population"":""all-dispatched-including-failures"",""all_dispatched_latency_nanos"":{""count"":""8"",""minimum"":""688778"",""median"":""1196037.5"",""maximum"":""1304626"",""p95"":""1304626"",""p99"":""1304626"",""mean"":""1058184.125"",""median_absolute_deviation"":""95055"",""standard_deviation"":""241964.30534""},""successful_response_latency_nanos"":{""count"":""8"",""minimum"":""688778"",""median"":""1196037.5"",""maximum"":""1304626"",""p95"":""1304626"",""p99"":""1304626"",""mean"":""1058184.125"",""median_absolute_deviation"":""95055"",""standard_deviation"":""241964.30534""},""outcome_latency_nanos"":{""success"":{""count"":""8"",""minimum"":""688778"",""median"":""1196037.5"",""maximum"":""1304626"",""p95"":""1304626"",""p99"":""1304626"",""mean"":""1058184.125"",""median_absolute_deviation"":""95055"",""standard_deviation"":""241964.30534""},""declared-error"":null,""platform-failure"":null,""transport-failure"":null,""client-timeout"":null,""client-overload"":null,""client-deadline-before-dispatch"":null,""invalid-response"":null},""all_offered_elapsed_nanos"":{""count"":""8"",""minimum"":""748999"",""median"":""1250409"",""maximum"":""1432238"",""p95"":""1432238"",""p99"":""1432238"",""mean"":""1160435.75"",""median_absolute_deviation"":""171994"",""standard_deviation"":""262952.772275""},""successful_response_fraction"":""1"",""dispatch_lag_nanos"":{""count"":""8"",""minimum"":""5313"",""median"":""97032.5"",""maximum"":""208358"",""p95"":""208358"",""p99"":""208358"",""mean"":""102251.625"",""median_absolute_deviation"":""66029.5"",""standard_deviation"":""67800.792248""},""overshoot_nanos"":{""count"":""8"",""minimum"":""0"",""median"":""0"",""maximum"":""0"",""p95"":""0"",""p99"":""0"",""mean"":""0"",""median_absolute_deviation"":""0"",""standard_deviation"":""0""},""budget_successes"":""8"",""budget_misses"":""0"",""successes_per_second"":""2807.270691"",""attempts_per_second"":""2807.270691""}",2807.270691,2807.270691,1,8,0,2743.243392,2743.243392,688778,1196037.5,1304626,1304626,1304626,688778,1196037.5,1304626,1304626,1304626,748999,1250409,1432238,1432238,1432238,5313,97032.5,208358,208358,208358,0,0,0,0,0
0,0,lsf,1,8,echo-c4-measured,measured,echo,4,33791487,"{""attempts"":""128"",""dispatched"":""128"",""undispatched"":""0"",""received"":""128"",""successful"":""128"",""semantic_mismatches"":""0"",""outcomes"":{""success"":""128""},""first_scheduled_nanos"":""437"",""last_completed_nanos"":""33684243"",""elapsed_nanos"":""33683806"",""throughput"":{""completed_attempts"":""128"",""successful_responses"":""128"",""elapsed_nanos"":""33683806""}}","{""counts"":{""attempts"":""128"",""dispatched"":""128"",""undispatched"":""0"",""received"":""128"",""successful"":""128"",""semantic_mismatches"":""0"",""outcomes"":{""success"":""128""},""first_scheduled_nanos"":""437"",""last_completed_nanos"":""33684243"",""elapsed_nanos"":""33683806"",""throughput"":{""completed_attempts"":""128"",""successful_responses"":""128"",""elapsed_nanos"":""33683806""}},""latency_nanos"":{""count"":""128"",""minimum"":""493199"",""median"":""850079"",""maximum"":""1892372"",""p95"":""1348957"",""p99"":""1627657"",""mean"":""906714.710938"",""median_absolute_deviation"":""106328"",""standard_deviation"":""231797.110634""},""latency_population"":""all-dispatched-including-failures"",""all_dispatched_latency_nanos"":{""count"":""128"",""minimum"":""493199"",""median"":""850079"",""maximum"":""1892372"",""p95"":""1348957"",""p99"":""1627657"",""mean"":""906714.710938"",""median_absolute_deviation"":""106328"",""standard_deviation"":""231797.110634""},""successful_response_latency_nanos"":{""count"":""128"",""minimum"":""493199"",""median"":""850079"",""maximum"":""1892372"",""p95"":""1348957"",""p99"":""1627657"",""mean"":""906714.710938"",""median_absolute_deviation"":""106328"",""standard_deviation"":""231797.110634""},""outcome_latency_nanos"":{""success"":{""count"":""128"",""minimum"":""493199"",""median"":""850079"",""maximum"":""1892372"",""p95"":""1348957"",""p99"":""1627657"",""mean"":""906714.710938"",""median_absolute_deviation"":""106328"",""standard_deviation"":""231797.110634""},""declared-error"":null,""platform-failure"":null,""transport-failure"":null,""client-timeout"":null,""client-overload"":null,""client-deadline-before-dispatch"":null,""invalid-response"":null},""all_offered_elapsed_nanos"":{""count"":""128"",""minimum"":""505409"",""median"":""902381"",""maximum"":""1911562"",""p95"":""1418004"",""p99"":""1638433"",""mean"":""954376.523438"",""median_absolute_deviation"":""113017"",""standard_deviation"":""230557.347171""},""successful_response_fraction"":""1"",""dispatch_lag_nanos"":{""count"":""128"",""minimum"":""7918"",""median"":""51069"",""maximum"":""121387"",""p95"":""85514"",""p99"":""114712"",""mean"":""47661.8125"",""median_absolute_deviation"":""13041"",""standard_deviation"":""22712.725167""},""overshoot_nanos"":{""count"":""128"",""minimum"":""0"",""median"":""0"",""maximum"":""0"",""p95"":""0"",""p99"":""0"",""mean"":""0"",""median_absolute_deviation"":""0"",""standard_deviation"":""0""},""budget_successes"":""128"",""budget_misses"":""0"",""successes_per_second"":""3800.045636"",""attempts_per_second"":""3800.045636""}",3800.045636,3800.045636,1,128,0,3787.936293,3787.936293,493199,850079,1348957,1627657,1892372,493199,850079,1348957,1627657,1892372,505409,902381,1418004,1638433,1911562,7918,51069,85514,114712,121387,0,0,0,0,0
0,1,native,1,0,first,first,echo,1,1049804,"{""attempts"":""1"",""dispatched"":""1"",""undispatched"":""0"",""received"":""1"",""successful"":""1"",""semantic_mismatches"":""0"",""outcomes"":{""success"":""1""},""first_scheduled_nanos"":""335"",""last_completed_nanos"":""866760"",""elapsed_nanos"":""866425"",""throughput"":{""completed_attempts"":""1"",""successful_responses"":""1"",""elapsed_nanos"":""866425""}}","{""counts"":{""attempts"":""1"",""dispatched"":""1"",""undispatched"":""0"",""received"":""1"",""successful"":""1"",""semantic_mismatches"":""0"",""outcomes"":{""success"":""1""},""first_scheduled_nanos"":""335"",""last_completed_nanos"":""866760"",""elapsed_nanos"":""866425"",""throughput"":{""completed_attempts"":""1"",""successful_responses"":""1"",""elapsed_nanos"":""866425""}},""latency_nanos"":{""count"":""1"",""minimum"":""761763"",""median"":""761763"",""maximum"":""761763"",""p95"":""761763"",""p99"":""761763"",""mean"":""761763"",""median_absolute_deviation"":""0"",""standard_deviation"":""0""},""latency_population"":""all-dispatched-including-failures"",""all_dispatched_latency_nanos"":{""count"":""1"",""minimum"":""761763"",""median"":""761763"",""maximum"":""761763"",""p95"":""761763"",""p99"":""761763"",""mean"":""761763"",""median_absolute_deviation"":""0"",""standard_deviation"":""0""},""successful_response_latency_nanos"":{""count"":""1"",""minimum"":""761763"",""median"":""761763"",""maximum"":""761763"",""p95"":""761763"",""p99"":""761763"",""mean"":""761763"",""median_absolute_deviation"":""0"",""standard_deviation"":""0""},""outcome_latency_nanos"":{""success"":{""count"":""1"",""minimum"":""761763"",""median"":""761763"",""maximum"":""761763"",""p95"":""761763"",""p99"":""761763"",""mean"":""761763"",""median_absolute_deviation"":""0"",""standard_deviation"":""0""},""declared-error"":null,""platform-failure"":null,""transport-failure"":null,""client-timeout"":null,""client-overload"":null,""client-deadline-before-dispatch"":null,""invalid-response"":null},""all_offered_elapsed_nanos"":{""count"":""1"",""minimum"":""866425"",""median"":""866425"",""maximum"":""866425"",""p95"":""866425"",""p99"":""866425"",""mean"":""866425"",""median_absolute_deviation"":""0"",""standard_deviation"":""0""},""successful_response_fraction"":""1"",""dispatch_lag_nanos"":{""count"":""1"",""minimum"":""104662"",""median"":""104662"",""maximum"":""104662"",""p95"":""104662"",""p99"":""104662"",""mean"":""104662"",""median_absolute_deviation"":""0"",""standard_deviation"":""0""},""overshoot_nanos"":{""count"":""1"",""minimum"":""0"",""median"":""0"",""maximum"":""0"",""p95"":""0"",""p99"":""0"",""mean"":""0"",""median_absolute_deviation"":""0"",""standard_deviation"":""0""},""budget_successes"":""1"",""budget_misses"":""0"",""successes_per_second"":""1154.167989"",""attempts_per_second"":""1154.167989""}",1154.167989,1154.167989,1,1,0,952.558763,952.558763,761763,761763,761763,761763,761763,761763,761763,761763,761763,761763,866425,866425,866425,866425,866425,104662,104662,104662,104662,104662,0,0,0,0,0
0,1,native,1,1,density-warmup,warmup,echo,4,1358570,"{""attempts"":""4"",""dispatched"":""4"",""undispatched"":""0"",""received"":""4"",""successful"":""4"",""semantic_mismatches"":""0"",""outcomes"":{""success"":""4""},""first_scheduled_nanos"":""347"",""last_completed_nanos"":""1165865"",""elapsed_nanos"":""1165518"",""throughput"":{""completed_attempts"":""4"",""successful_responses"":""4"",""elapsed_nanos"":""1165518""}}","{""counts"":{""attempts"":""4"",""dispatched"":""4"",""undispatched"":""0"",""received"":""4"",""successful"":""4"",""semantic_mismatches"":""0"",""outcomes"":{""success"":""4""},""first_scheduled_nanos"":""347"",""last_completed_nanos"":""1165865"",""elapsed_nanos"":""1165518"",""throughput"":{""completed_attempts"":""4"",""successful_responses"":""4"",""elapsed_nanos"":""1165518""}},""latency_nanos"":{""count"":""4"",""minimum"":""901478"",""median"":""936033"",""maximum"":""1036765"",""p95"":""1036765"",""p99"":""1036765"",""mean"":""952577.25"",""median_absolute_deviation"":""17689"",""standard_deviation"":""50614.942642""},""latency_population"":""all-dispatched-including-failures"",""all_dispatched_latency_nanos"":{""count"":""4"",""minimum"":""901478"",""median"":""936033"",""maximum"":""1036765"",""p95"":""1036765"",""p99"":""1036765"",""mean"":""952577.25"",""median_absolute_deviation"":""17689"",""standard_deviation"":""50614.942642""},""successful_response_latency_nanos"":{""count"":""4"",""minimum"":""901478"",""median"":""936033"",""maximum"":""1036765"",""p95"":""1036765"",""p99"":""1036765"",""mean"":""952577.25"",""median_absolute_deviation"":""17689"",""standard_deviation"":""50614.942642""},""outcome_latency_nanos"":{""success"":{""count"":""4"",""minimum"":""901478"",""median"":""936033"",""maximum"":""1036765"",""p95"":""1036765"",""p99"":""1036765"",""mean"":""952577.25"",""median_absolute_deviation"":""17689"",""standard_deviation"":""50614.942642""},""declared-error"":null,""platform-failure"":null,""transport-failure"":null,""client-timeout"":null,""client-overload"":null,""client-deadline-before-dispatch"":null,""invalid-response"":null},""all_offered_elapsed_nanos"":{""count"":""4"",""minimum"":""1051517"",""median"":""1073986.5"",""maximum"":""1165518"",""p95"":""1165518"",""p99"":""1165518"",""mean"":""1091252"",""median_absolute_deviation"":""20793.5"",""standard_deviation"":""45884.260847""},""successful_response_fraction"":""1"",""dispatch_lag_nanos"":{""count"":""4"",""minimum"":""119659"",""median"":""139396"",""maximum"":""156248"",""p95"":""156248"",""p99"":""156248"",""mean"":""138674.75"",""median_absolute_deviation"":""13747.5"",""standard_deviation"":""14983.367151""},""overshoot_nanos"":{""count"":""4"",""minimum"":""0"",""median"":""0"",""maximum"":""0"",""p95"":""0"",""p99"":""0"",""mean"":""0"",""median_absolute_deviation"":""0"",""standard_deviation"":""0""},""budget_successes"":""4"",""budget_misses"":""0"",""successes_per_second"":""3431.950429"",""attempts_per_second"":""3431.950429""}",3431.950429,3431.950429,1,4,0,2944.272286,2944.272286,901478,936033,1036765,1036765,1036765,901478,936033,1036765,1036765,1036765,1051517,1073986.5,1165518,1165518,1165518,119659,139396,156248,156248,156248,0,0,0,0,0
0,1,native,1,2,density-measured,measured,echo,4,973064,"{""attempts"":""4"",""dispatched"":""4"",""undispatched"":""0"",""received"":""4"",""successful"":""4"",""semantic_mismatches"":""0"",""outcomes"":{""success"":""4""},""first_scheduled_nanos"":""250"",""last_completed_nanos"":""884673"",""elapsed_nanos"":""884423"",""throughput"":{""completed_attempts"":""4"",""successful_responses"":""4"",""elapsed_nanos"":""884423""}}","{""counts"":{""attempts"":""4"",""dispatched"":""4"",""undispatched"":""0"",""received"":""4"",""successful"":""4"",""semantic_mismatches"":""0"",""outcomes"":{""success"":""4""},""first_scheduled_nanos"":""250"",""last_completed_nanos"":""884673"",""elapsed_nanos"":""884423"",""throughput"":{""completed_attempts"":""4"",""successful_responses"":""4"",""elapsed_nanos"":""884423""}},""latency_nanos"":{""count"":""4"",""minimum"":""640608"",""median"":""671595"",""maximum"":""778987"",""p95"":""778987"",""p99"":""778987"",""mean"":""690696.25"",""median_absolute_deviation"":""24933"",""standard_deviation"":""54190.954293""},""latency_population"":""all-dispatched-including-failures"",""all_dispatched_latency_nanos"":{""count"":""4"",""minimum"":""640608"",""median"":""671595"",""maximum"":""778987"",""p95"":""778987"",""p99"":""778987"",""mean"":""690696.25"",""median_absolute_deviation"":""24933"",""standard_deviation"":""54190.954293""},""successful_response_latency_nanos"":{""count"":""4"",""minimum"":""640608"",""median"":""671595"",""maximum"":""778987"",""p95"":""778987"",""p99"":""778987"",""mean"":""690696.25"",""median_absolute_deviation"":""24933"",""standard_deviation"":""54190.954293""},""outcome_latency_nanos"":{""success"":{""count"":""4"",""minimum"":""640608"",""median"":""671595"",""maximum"":""778987"",""p95"":""778987"",""p99"":""778987"",""mean"":""690696.25"",""median_absolute_deviation"":""24933"",""standard_deviation"":""54190.954293""},""declared-error"":null,""platform-failure"":null,""transport-failure"":null,""client-timeout"":null,""client-overload"":null,""client-deadline-before-dispatch"":null,""invalid-response"":null},""all_offered_elapsed_nanos"":{""count"":""4"",""minimum"":""741935"",""median"":""768959"",""maximum"":""884423"",""p95"":""884423"",""p99"":""884423"",""mean"":""791069"",""median_absolute_deviation"":""24648"",""standard_deviation"":""57225.229226""},""successful_response_fraction"":""1"",""dispatch_lag_nanos"":{""count"":""4"",""minimum"":""89219"",""median"":""103096.5"",""maximum"":""106079"",""p95"":""106079"",""p99"":""106079"",""mean"":""100372.75"",""median_absolute_deviation"":""2661"",""standard_deviation"":""6759.282076""},""overshoot_nanos"":{""count"":""4"",""minimum"":""0"",""median"":""0"",""maximum"":""0"",""p95"":""0"",""p99"":""0"",""mean"":""0"",""median_absolute_deviation"":""0"",""standard_deviation"":""0""},""budget_successes"":""4"",""budget_misses"":""0"",""successes_per_second"":""4522.722724"",""attempts_per_second"":""4522.722724""}",4522.722724,4522.722724,1,4,0,4110.72653,4110.72653,640608,671595,778987,778987,778987,640608,671595,778987,778987,778987,741935,768959,884423,884423,884423,89219,103096.5,106079,106079,106079,0,0,0,0,0
0,1,native,1,3,echo-c1-warmup,warmup,echo,1,4874594,"{""attempts"":""8"",""dispatched"":""8"",""undispatched"":""0"",""received"":""8"",""successful"":""8"",""semantic_mismatches"":""0"",""outcomes"":{""success"":""8""},""first_scheduled_nanos"":""241"",""last_completed_nanos"":""4756707"",""elapsed_nanos"":""4756466"",""throughput"":{""completed_attempts"":""8"",""successful_responses"":""8"",""elapsed_nanos"":""4756466""}}","{""counts"":{""attempts"":""8"",""dispatched"":""8"",""undispatched"":""0"",""received"":""8"",""successful"":""8"",""semantic_mismatches"":""0"",""outcomes"":{""success"":""8""},""first_scheduled_nanos"":""241"",""last_completed_nanos"":""4756707"",""elapsed_nanos"":""4756466"",""throughput"":{""completed_attempts"":""8"",""successful_responses"":""8"",""elapsed_nanos"":""4756466""}},""latency_nanos"":{""count"":""8"",""minimum"":""370139"",""median"":""414043"",""maximum"":""497687"",""p95"":""497687"",""p99"":""497687"",""mean"":""426122.375"",""median_absolute_deviation"":""15285.5"",""standard_deviation"":""37792.404571""},""latency_population"":""all-dispatched-including-failures"",""all_dispatched_latency_nanos"":{""count"":""8"",""minimum"":""370139"",""median"":""414043"",""maximum"":""497687"",""p95"":""497687"",""p99"":""497687"",""mean"":""426122.375"",""median_absolute_deviation"":""15285.5"",""standard_deviation"":""37792.404571""},""successful_response_latency_nanos"":{""count"":""8"",""minimum"":""370139"",""median"":""414043"",""maximum"":""497687"",""p95"":""497687"",""p99"":""497687"",""mean"":""426122.375"",""median_absolute_deviation"":""15285.5"",""standard_deviation"":""37792.404571""},""outcome_latency_nanos"":{""success"":{""count"":""8"",""minimum"":""370139"",""median"":""414043"",""maximum"":""497687"",""p95"":""497687"",""p99"":""497687"",""mean"":""426122.375"",""median_absolute_deviation"":""15285.5"",""standard_deviation"":""37792.404571""},""declared-error"":null,""platform-failure"":null,""transport-failure"":null,""client-timeout"":null,""client-overload"":null,""client-deadline-before-dispatch"":null,""invalid-response"":null},""all_offered_elapsed_nanos"":{""count"":""8"",""minimum"":""435343"",""median"":""494943"",""maximum"":""569587"",""p95"":""569587"",""p99"":""569587"",""mean"":""499049.75"",""median_absolute_deviation"":""16564.5"",""standard_deviation"":""37515.923718""},""successful_response_fraction"":""1"",""dispatch_lag_nanos"":{""count"":""8"",""minimum"":""63458"",""median"":""69584.5"",""maximum"":""98627"",""p95"":""98627"",""p99"":""98627"",""mean"":""72927.375"",""median_absolute_deviation"":""5051.5"",""standard_deviation"":""11039.773434""},""overshoot_nanos"":{""count"":""8"",""minimum"":""0"",""median"":""0"",""maximum"":""0"",""p95"":""0"",""p99"":""0"",""mean"":""0"",""median_absolute_deviation"":""0"",""standard_deviation"":""0""},""budget_successes"":""8"",""budget_misses"":""0"",""successes_per_second"":""1681.920989"",""attempts_per_second"":""1681.920989""}",1681.920989,1681.920989,1,8,0,1641.16232,1641.16232,370139,414043,497687,497687,497687,370139,414043,497687,497687,497687,435343,494943,569587,569587,569587,63458,69584.5,98627,98627,98627,0,0,0,0,0
0,1,native,1,4,echo-c1-measured,measured,echo,1,77190730,"{""attempts"":""128"",""dispatched"":""128"",""undispatched"":""0"",""received"":""128"",""successful"":""128"",""semantic_mismatches"":""0"",""outcomes"":{""success"":""128""},""first_scheduled_nanos"":""281"",""last_completed_nanos"":""77111593"",""elapsed_nanos"":""77111312"",""throughput"":{""completed_attempts"":""128"",""successful_responses"":""128"",""elapsed_nanos"":""77111312""}}","{""counts"":{""attempts"":""128"",""dispatched"":""128"",""undispatched"":""0"",""received"":""128"",""successful"":""128"",""semantic_mismatches"":""0"",""outcomes"":{""success"":""128""},""first_scheduled_nanos"":""281"",""last_completed_nanos"":""77111593"",""elapsed_nanos"":""77111312"",""throughput"":{""completed_attempts"":""128"",""successful_responses"":""128"",""elapsed_nanos"":""77111312""}},""latency_nanos"":{""count"":""128"",""minimum"":""290417"",""median"":""406956.5"",""maximum"":""1357540"",""p95"":""521101"",""p99"":""969717"",""mean"":""428352.351562"",""median_absolute_deviation"":""51623.5"",""standard_deviation"":""117628.815361""},""latency_population"":""all-dispatched-including-failures"",""all_dispatched_latency_nanos"":{""count"":""128"",""minimum"":""290417"",""median"":""406956.5"",""maximum"":""1357540"",""p95"":""521101"",""p99"":""969717"",""mean"":""428352.351562"",""median_absolute_deviation"":""51623.5"",""standard_deviation"":""117628.815361""},""successful_response_latency_nanos"":{""count"":""128"",""minimum"":""290417"",""median"":""406956.5"",""maximum"":""1357540"",""p95"":""521101"",""p99"":""969717"",""mean"":""428352.351562"",""median_absolute_deviation"":""51623.5"",""standard_deviation"":""117628.815361""},""outcome_latency_nanos"":{""success"":{""count"":""128"",""minimum"":""290417"",""median"":""406956.5"",""maximum"":""1357540"",""p95"":""521101"",""p99"":""969717"",""mean"":""428352.351562"",""median_absolute_deviation"":""51623.5"",""standard_deviation"":""117628.815361""},""declared-error"":null,""platform-failure"":null,""transport-failure"":null,""client-timeout"":null,""client-overload"":null,""client-deadline-before-dispatch"":null,""invalid-response"":null},""all_offered_elapsed_nanos"":{""count"":""128"",""minimum"":""365965"",""median"":""474744"",""maximum"":""1444366"",""p95"":""621805"",""p99"":""1068593"",""mean"":""502580.484375"",""median_absolute_deviation"":""53706.5"",""standard_deviation"":""130730.760807""},""successful_response_fraction"":""1"",""dispatch_lag_nanos"":{""count"":""128"",""minimum"":""51639"",""median"":""67690.5"",""maximum"":""425481"",""p95"":""100448"",""p99"":""124022"",""mean"":""74228.132812"",""median_absolute_deviation"":""8698.5"",""standard_deviation"":""34128.103849""},""overshoot_nanos"":{""count"":""128"",""minimum"":""0"",""median"":""0"",""maximum"":""0"",""p95"":""0"",""p99"":""0"",""mean"":""0"",""median_absolute_deviation"":""0"",""standard_deviation"":""0""},""budget_successes"":""128"",""budget_misses"":""0"",""successes_per_second"":""1659.938039"",""attempts_per_second"":""1659.938039""}",1659.938039,1659.938039,1,128,0,1658.230205,1658.230205,290417,406956.5,521101,969717,1357540,290417,406956.5,521101,969717,1357540,365965,474744,621805,1068593,1444366,51639,67690.5,100448,124022,425481,0,0,0,0,0
0,1,native,1,5,compute-c1-warmup,warmup,compute,1,2464684,"{""attempts"":""4"",""dispatched"":""4"",""undispatched"":""0"",""received"":""4"",""successful"":""4"",""semantic_mismatches"":""0"",""outcomes"":{""success"":""4""},""first_scheduled_nanos"":""287"",""last_completed_nanos"":""2373367"",""elapsed_nanos"":""2373080"",""throughput"":{""completed_attempts"":""4"",""successful_responses"":""4"",""elapsed_nanos"":""2373080""}}","{""counts"":{""attempts"":""4"",""dispatched"":""4"",""undispatched"":""0"",""received"":""4"",""successful"":""4"",""semantic_mismatches"":""0"",""outcomes"":{""success"":""4""},""first_scheduled_nanos"":""287"",""last_completed_nanos"":""2373367"",""elapsed_nanos"":""2373080"",""throughput"":{""completed_attempts"":""4"",""successful_responses"":""4"",""elapsed_nanos"":""2373080""}},""latency_nanos"":{""count"":""4"",""minimum"":""402214"",""median"":""462822.5"",""maximum"":""500260"",""p95"":""500260"",""p99"":""500260"",""mean"":""457029.75"",""median_absolute_deviation"":""31062"",""standard_deviation"":""39241.494087""},""latency_population"":""all-dispatched-including-failures"",""all_dispatched_latency_nanos"":{""count"":""4"",""minimum"":""402214"",""median"":""462822.5"",""maximum"":""500260"",""p95"":""500260"",""p99"":""500260"",""mean"":""457029.75"",""median_absolute_deviation"":""31062"",""standard_deviation"":""39241.494087""},""successful_response_latency_nanos"":{""count"":""4"",""minimum"":""402214"",""median"":""462822.5"",""maximum"":""500260"",""p95"":""500260"",""p99"":""500260"",""mean"":""457029.75"",""median_absolute_deviation"":""31062"",""standard_deviation"":""39241.494087""},""outcome_latency_nanos"":{""success"":{""count"":""4"",""minimum"":""402214"",""median"":""462822.5"",""maximum"":""500260"",""p95"":""500260"",""p99"":""500260"",""mean"":""457029.75"",""median_absolute_deviation"":""31062"",""standard_deviation"":""39241.494087""},""declared-error"":null,""platform-failure"":null,""transport-failure"":null,""client-timeout"":null,""client-overload"":null,""client-deadline-before-dispatch"":null,""invalid-response"":null},""all_offered_elapsed_nanos"":{""count"":""4"",""minimum"":""472999"",""median"":""530536.5"",""maximum"":""577483"",""p95"":""577483"",""p99"":""577483"",""mean"":""527888.75"",""median_absolute_deviation"":""37944.5"",""standard_deviation"":""42313.804074""},""successful_response_fraction"":""1"",""dispatch_lag_nanos"":{""count"":""4"",""minimum"":""63458"",""median"":""71377.5"",""maximum"":""77223"",""p95"":""77223"",""p99"":""77223"",""mean"":""70859"",""median_absolute_deviation"":""3219"",""standard_deviation"":""4912.104793""},""overshoot_nanos"":{""count"":""4"",""minimum"":""0"",""median"":""0"",""maximum"":""0"",""p95"":""0"",""p99"":""0"",""mean"":""0"",""median_absolute_deviation"":""0"",""standard_deviation"":""0""},""budget_successes"":""4"",""budget_misses"":""0"",""successes_per_second"":""1685.573179"",""attempts_per_second"":""1685.573179""}",1685.573179,1685.573179,1,4,0,1622.926103,1622.926103,402214,462822.5,500260,500260,500260,402214,462822.5,500260,500260,500260,472999,530536.5,577483,577483,577483,63458,71377.5,77223,77223,77223,0,0,0,0,0
0,1,native,1,6,compute-c1-measured,measured,compute,1,37710632,"{""attempts"":""64"",""dispatched"":""64"",""undispatched"":""0"",""received"":""64"",""successful"":""64"",""semantic_mismatches"":""0"",""outcomes"":{""success"":""64""},""first_scheduled_nanos"":""806"",""last_completed_nanos"":""37642910"",""elapsed_nanos"":""37642104"",""throughput"":{""completed_attempts"":""64"",""successful_responses"":""64"",""elapsed_nanos"":""37642104""}}","{""counts"":{""attempts"":""64"",""dispatched"":""64"",""undispatched"":""0"",""received"":""64"",""successful"":""64"",""semantic_mismatches"":""0"",""outcomes"":{""success"":""64""},""first_scheduled_nanos"":""806"",""last_completed_nanos"":""37642910"",""elapsed_nanos"":""37642104"",""throughput"":{""completed_attempts"":""64"",""successful_responses"":""64"",""elapsed_nanos"":""37642104""}},""latency_nanos"":{""count"":""64"",""minimum"":""284550"",""median"":""408069.5"",""maximum"":""833789"",""p95"":""576240"",""p99"":""833789"",""mean"":""417714.890625"",""median_absolute_deviation"":""53882"",""standard_deviation"":""94440.222881""},""latency_population"":""all-dispatched-including-failures"",""all_dispatched_latency_nanos"":{""count"":""64"",""minimum"":""284550"",""median"":""408069.5"",""maximum"":""833789"",""p95"":""576240"",""p99"":""833789"",""mean"":""417714.890625"",""median_absolute_deviation"":""53882"",""standard_deviation"":""94440.222881""},""successful_response_latency_nanos"":{""count"":""64"",""minimum"":""284550"",""median"":""408069.5"",""maximum"":""833789"",""p95"":""576240"",""p99"":""833789"",""mean"":""417714.890625"",""median_absolute_deviation"":""53882"",""standard_deviation"":""94440.222881""},""outcome_latency_nanos"":{""success"":{""count"":""64"",""minimum"":""284550"",""median"":""408069.5"",""maximum"":""833789"",""p95"":""576240"",""p99"":""833789"",""mean"":""417714.890625"",""median_absolute_deviation"":""53882"",""standard_deviation"":""94440.222881""},""declared-error"":null,""platform-failure"":null,""transport-failure"":null,""client-timeout"":null,""client-overload"":null,""client-deadline-before-dispatch"":null,""invalid-response"":null},""all_offered_elapsed_nanos"":{""count"":""64"",""minimum"":""336041"",""median"":""475205"",""maximum"":""896014"",""p95"":""675015"",""p99"":""896014"",""mean"":""485873.640625"",""median_absolute_deviation"":""62035"",""standard_deviation"":""102714.765799""},""successful_response_fraction"":""1"",""dispatch_lag_nanos"":{""count"":""64"",""minimum"":""44753"",""median"":""62704.5"",""maximum"":""183347"",""p95"":""104068"",""p99"":""183347"",""mean"":""68158.75"",""median_absolute_deviation"":""7952"",""standard_deviation"":""20932.698592""},""overshoot_nanos"":{""count"":""64"",""minimum"":""0"",""median"":""0"",""maximum"":""0"",""p95"":""0"",""p99"":""0"",""mean"":""0"",""median_absolute_deviation"":""0"",""standard_deviation"":""0""},""budget_successes"":""64"",""budget_misses"":""0"",""successes_per_second"":""1700.223771"",""attempts_per_second"":""1700.223771""}",1700.223771,1700.223771,1,64,0,1697.134113,1697.134113,284550,408069.5,576240,833789,833789,284550,408069.5,576240,833789,833789,336041,475205,675015,896014,896014,44753,62704.5,104068,183347,183347,0,0,0,0,0
0,1,native,1,7,echo-c4-warmup,warmup,echo,4,1489561,"{""attempts"":""8"",""dispatched"":""8"",""undispatched"":""0"",""received"":""8"",""successful"":""8"",""semantic_mismatches"":""0"",""outcomes"":{""success"":""8""},""first_scheduled_nanos"":""287"",""last_completed_nanos"":""1401651"",""elapsed_nanos"":""1401364"",""throughput"":{""completed_attempts"":""8"",""successful_responses"":""8"",""elapsed_nanos"":""1401364""}}","{""counts"":{""attempts"":""8"",""dispatched"":""8"",""undispatched"":""0"",""received"":""8"",""successful"":""8"",""semantic_mismatches"":""0"",""outcomes"":{""success"":""8""},""first_scheduled_nanos"":""287"",""last_completed_nanos"":""1401651"",""elapsed_nanos"":""1401364"",""throughput"":{""completed_attempts"":""8"",""successful_responses"":""8"",""elapsed_nanos"":""1401364""}},""latency_nanos"":{""count"":""8"",""minimum"":""445989"",""median"":""524512"",""maximum"":""589187"",""p95"":""589187"",""p99"":""589187"",""mean"":""523524.625"",""median_absolute_deviation"":""51037.5"",""standard_deviation"":""51341.245551""},""latency_population"":""all-dispatched-including-failures"",""all_dispatched_latency_nanos"":{""count"":""8"",""minimum"":""445989"",""median"":""524512"",""maximum"":""589187"",""p95"":""589187"",""p99"":""589187"",""mean"":""523524.625"",""median_absolute_deviation"":""51037.5"",""standard_deviation"":""51341.245551""},""successful_response_latency_nanos"":{""count"":""8"",""minimum"":""445989"",""median"":""524512"",""maximum"":""589187"",""p95"":""589187"",""p99"":""589187"",""mean"":""523524.625"",""median_absolute_deviation"":""51037.5"",""standard_deviation"":""51341.245551""},""outcome_latency_nanos"":{""success"":{""count"":""8"",""minimum"":""445989"",""median"":""524512"",""maximum"":""589187"",""p95"":""589187"",""p99"":""589187"",""mean"":""523524.625"",""median_absolute_deviation"":""51037.5"",""standard_deviation"":""51341.245551""},""declared-error"":null,""platform-failure"":null,""transport-failure"":null,""client-timeout"":null,""client-overload"":null,""client-deadline-before-dispatch"":null,""invalid-response"":null},""all_offered_elapsed_nanos"":{""count"":""8"",""minimum"":""460040"",""median"":""594439.5"",""maximum"":""666046"",""p95"":""666046"",""p99"":""666046"",""mean"":""577942.75"",""median_absolute_deviation"":""67034.5"",""standard_deviation"":""73480.978841""},""successful_response_fraction"":""1"",""dispatch_lag_nanos"":{""count"":""8"",""minimum"":""14051"",""median"":""58356.5"",""maximum"":""85465"",""p95"":""85465"",""p99"":""85465"",""mean"":""54418.125"",""median_absolute_deviation"":""25640.5"",""standard_deviation"":""25784.46293""},""overshoot_nanos"":{""count"":""8"",""minimum"":""0"",""median"":""0"",""maximum"":""0"",""p95"":""0"",""p99"":""0"",""mean"":""0"",""median_absolute_deviation"":""0"",""standard_deviation"":""0""},""budget_successes"":""8"",""budget_misses"":""0"",""successes_per_second"":""5708.723786"",""attempts_per_second"":""5708.723786""}",5708.723786,5708.723786,1,8,0,5370.709894,5370.709894,445989,524512,589187,589187,589187,445989,524512,589187,589187,589187,460040,594439.5,666046,666046,666046,14051,58356.5,85465,85465,85465,0,0,0,0,0
0,1,native,1,8,echo-c4-measured,measured,echo,4,19013439,"{""attempts"":""128"",""dispatched"":""128"",""undispatched"":""0"",""received"":""128"",""successful"":""128"",""semantic_mismatches"":""0"",""outcomes"":{""success"":""128""},""first_scheduled_nanos"":""194"",""last_completed_nanos"":""18908828"",""elapsed_nanos"":""18908634"",""throughput"":{""completed_attempts"":""128"",""successful_responses"":""128"",""elapsed_nanos"":""18908634""}}","{""counts"":{""attempts"":""128"",""dispatched"":""128"",""undispatched"":""0"",""received"":""128"",""successful"":""128"",""semantic_mismatches"":""0"",""outcomes"":{""success"":""128""},""first_scheduled_nanos"":""194"",""last_completed_nanos"":""18908828"",""elapsed_nanos"":""18908634"",""throughput"":{""completed_attempts"":""128"",""successful_responses"":""128"",""elapsed_nanos"":""18908634""}},""latency_nanos"":{""count"":""128"",""minimum"":""223174"",""median"":""418872.5"",""maximum"":""1056676"",""p95"":""650044"",""p99"":""989955"",""mean"":""445102.773438"",""median_absolute_deviation"":""46023"",""standard_deviation"":""128733.901963""},""latency_population"":""all-dispatched-including-failures"",""all_dispatched_latency_nanos"":{""count"":""128"",""minimum"":""223174"",""median"":""418872.5"",""maximum"":""1056676"",""p95"":""650044"",""p99"":""989955"",""mean"":""445102.773438"",""median_absolute_deviation"":""46023"",""standard_deviation"":""128733.901963""},""successful_response_latency_nanos"":{""count"":""128"",""minimum"":""223174"",""median"":""418872.5"",""maximum"":""1056676"",""p95"":""650044"",""p99"":""989955"",""mean"":""445102.773438"",""median_absolute_deviation"":""46023"",""standard_deviation"":""128733.901963""},""outcome_latency_nanos"":{""success"":{""count"":""128"",""minimum"":""223174"",""median"":""418872.5"",""maximum"":""1056676"",""p95"":""650044"",""p99"":""989955"",""mean"":""445102.773438"",""median_absolute_deviation"":""46023"",""standard_deviation"":""128733.901963""},""declared-error"":null,""platform-failure"":null,""transport-failure"":null,""client-timeout"":null,""client-overload"":null,""client-deadline-before-dispatch"":null,""invalid-response"":null},""all_offered_elapsed_nanos"":{""count"":""128"",""minimum"":""260760"",""median"":""456031.5"",""maximum"":""1107423"",""p95"":""781619"",""p99"":""1094536"",""mean"":""486494.320312"",""median_absolute_deviation"":""54099.5"",""standard_deviation"":""142588.45688""},""successful_response_fraction"":""1"",""dispatch_lag_nanos"":{""count"":""128"",""minimum"":""4381"",""median"":""37143"",""maximum"":""265848"",""p95"":""98915"",""p99"":""124042"",""mean"":""41391.546875"",""median_absolute_deviation"":""18523"",""standard_deviation"":""32975.174941""},""overshoot_nanos"":{""count"":""128"",""minimum"":""0"",""median"":""0"",""maximum"":""0"",""p95"":""0"",""p99"":""0"",""mean"":""0"",""median_absolute_deviation"":""0"",""standard_deviation"":""0""},""budget_successes"":""128"",""budget_misses"":""0"",""successes_per_second"":""6769.394341"",""attempts_per_second"":""6769.394341""}",6769.394341,6769.394341,1,128,0,6732.080399,6732.080399,223174,418872.5,650044,989955,1056676,223174,418872.5,650044,989955,1056676,260760,456031.5,781619,1094536,1107423,4381,37143,98915,124042,265848,0,0,0,0,0
0,2,native,8,0,first,first,echo,1,6606147,"{""attempts"":""8"",""dispatched"":""8"",""undispatched"":""0"",""received"":""8"",""successful"":""8"",""semantic_mismatches"":""0"",""outcomes"":{""success"":""8""},""first_scheduled_nanos"":""488"",""last_completed_nanos"":""6537997"",""elapsed_nanos"":""6537509"",""throughput"":{""completed_attempts"":""8"",""successful_responses"":""8"",""elapsed_nanos"":""6537509""}}","{""counts"":{""attempts"":""8"",""dispatched"":""8"",""undispatched"":""0"",""received"":""8"",""successful"":""8"",""semantic_mismatches"":""0"",""outcomes"":{""success"":""8""},""first_scheduled_nanos"":""488"",""last_completed_nanos"":""6537997"",""elapsed_nanos"":""6537509"",""throughput"":{""completed_attempts"":""8"",""successful_responses"":""8"",""elapsed_nanos"":""6537509""}},""latency_nanos"":{""count"":""8"",""minimum"":""445787"",""median"":""547217"",""maximum"":""1068521"",""p95"":""1068521"",""p99"":""1068521"",""mean"":""606259.875"",""median_absolute_deviation"":""88308"",""standard_deviation"":""187288.873294""},""latency_population"":""all-dispatched-including-failures"",""all_dispatched_latency_nanos"":{""count"":""8"",""minimum"":""445787"",""median"":""547217"",""maximum"":""1068521"",""p95"":""1068521"",""p99"":""1068521"",""mean"":""606259.875"",""median_absolute_deviation"":""88308"",""standard_deviation"":""187288.873294""},""successful_response_latency_nanos"":{""count"":""8"",""minimum"":""445787"",""median"":""547217"",""maximum"":""1068521"",""p95"":""1068521"",""p99"":""1068521"",""mean"":""606259.875"",""median_absolute_deviation"":""88308"",""standard_deviation"":""187288.873294""},""outcome_latency_nanos"":{""success"":{""count"":""8"",""minimum"":""445787"",""median"":""547217"",""maximum"":""1068521"",""p95"":""1068521"",""p99"":""1068521"",""mean"":""606259.875"",""median_absolute_deviation"":""88308"",""standard_deviation"":""187288.873294""},""declared-error"":null,""platform-failure"":null,""transport-failure"":null,""client-timeout"":null,""client-overload"":null,""client-deadline-before-dispatch"":null,""invalid-response"":null},""all_offered_elapsed_nanos"":{""count"":""8"",""minimum"":""497878"",""median"":""654289.5"",""maximum"":""1164895"",""p95"":""1164895"",""p99"":""1164895"",""mean"":""690107.625"",""median_absolute_deviation"":""106078"",""standard_deviation"":""202147.481215""},""successful_response_fraction"":""1"",""dispatch_lag_nanos"":{""count"":""8"",""minimum"":""48710"",""median"":""72936.5"",""maximum"":""138142"",""p95"":""138142"",""p99"":""138142"",""mean"":""83847.75"",""median_absolute_deviation"":""22443.5"",""standard_deviation"":""34633.636258""},""overshoot_nanos"":{""count"":""8"",""minimum"":""0"",""median"":""0"",""maximum"":""0"",""p95"":""0"",""p99"":""0"",""mean"":""0"",""median_absolute_deviation"":""0"",""standard_deviation"":""0""},""budget_successes"":""8"",""budget_misses"":""0"",""successes_per_second"":""1223.707684"",""attempts_per_second"":""1223.707684""}",1223.707684,1223.707684,1,8,0,1210.993337,1210.993337,445787,547217,1068521,1068521,1068521,445787,547217,1068521,1068521,1068521,497878,654289.5,1164895,1164895,1164895,48710,72936.5,138142,138142,138142,0,0,0,0,0
0,2,native,8,1,density-warmup,warmup,echo,4,5174860,"{""attempts"":""32"",""dispatched"":""32"",""undispatched"":""0"",""received"":""32"",""successful"":""32"",""semantic_mismatches"":""0"",""outcomes"":{""success"":""32""},""first_scheduled_nanos"":""447"",""last_completed_nanos"":""5037602"",""elapsed_nanos"":""5037155"",""throughput"":{""completed_attempts"":""32"",""successful_responses"":""32"",""elapsed_nanos"":""5037155""}}","{""counts"":{""attempts"":""32"",""dispatched"":""32"",""undispatched"":""0"",""received"":""32"",""successful"":""32"",""semantic_mismatches"":""0"",""outcomes"":{""success"":""32""},""first_scheduled_nanos"":""447"",""last_completed_nanos"":""5037602"",""elapsed_nanos"":""5037155"",""throughput"":{""completed_attempts"":""32"",""successful_responses"":""32"",""elapsed_nanos"":""5037155""}},""latency_nanos"":{""count"":""32"",""minimum"":""291235"",""median"":""413452"",""maximum"":""739853"",""p95"":""729186"",""p99"":""739853"",""mean"":""438755.09375"",""median_absolute_deviation"":""62439"",""standard_deviation"":""117714.471906""},""latency_population"":""all-dispatched-including-failures"",""all_dispatched_latency_nanos"":{""count"":""32"",""minimum"":""291235"",""median"":""413452"",""maximum"":""739853"",""p95"":""729186"",""p99"":""739853"",""mean"":""438755.09375"",""median_absolute_deviation"":""62439"",""standard_deviation"":""117714.471906""},""successful_response_latency_nanos"":{""count"":""32"",""minimum"":""291235"",""median"":""413452"",""maximum"":""739853"",""p95"":""729186"",""p99"":""739853"",""mean"":""438755.09375"",""median_absolute_deviation"":""62439"",""standard_deviation"":""117714.471906""},""outcome_latency_nanos"":{""success"":{""count"":""32"",""minimum"":""291235"",""median"":""413452"",""maximum"":""739853"",""p95"":""729186"",""p99"":""739853"",""mean"":""438755.09375"",""median_absolute_deviation"":""62439"",""standard_deviation"":""117714.471906""},""declared-error"":null,""platform-failure"":null,""transport-failure"":null,""client-timeout"":null,""client-overload"":null,""client-deadline-before-dispatch"":null,""invalid-response"":null},""all_offered_elapsed_nanos"":{""count"":""32"",""minimum"":""298563"",""median"":""463548.5"",""maximum"":""851539"",""p95"":""812701"",""p99"":""851539"",""mean"":""491664.1875"",""median_absolute_deviation"":""69804"",""standard_deviation"":""135870.828947""},""successful_response_fraction"":""1"",""dispatch_lag_nanos"":{""count"":""32"",""minimum"":""7328"",""median"":""51366.5"",""maximum"":""122353"",""p95"":""119434"",""p99"":""122353"",""mean"":""52909.09375"",""median_absolute_deviation"":""17248.5"",""standard_deviation"":""27054.138329""},""overshoot_nanos"":{""count"":""32"",""minimum"":""0"",""median"":""0"",""maximum"":""0"",""p95"":""0"",""p99"":""0"",""mean"":""0"",""median_absolute_deviation"":""0"",""standard_deviation"":""0""},""budget_successes"":""32"",""budget_misses"":""0"",""successes_per_second"":""6352.7924"",""attempts_per_second"":""6352.7924""}",6352.7924,6352.7924,1,32,0,6183.742169,6183.742169,291235,413452,729186,739853,739853,291235,413452,729186,739853,739853,298563,463548.5,812701,851539,851539,7328,51366.5,119434,122353,122353,0,0,0,0,0
0,2,native,8,2,density-measured,measured,echo,4,4037631,"{""attempts"":""32"",""dispatched"":""32"",""undispatched"":""0"",""received"":""32"",""successful"":""32"",""semantic_mismatches"":""0"",""outcomes"":{""success"":""32""},""first_scheduled_nanos"":""205"",""last_completed_nanos"":""3989460"",""elapsed_nanos"":""3989255"",""throughput"":{""completed_attempts"":""32"",""successful_responses"":""32"",""elapsed_nanos"":""3989255""}}","{""counts"":{""attempts"":""32"",""dispatched"":""32"",""undispatched"":""0"",""received"":""32"",""successful"":""32"",""semantic_mismatches"":""0"",""outcomes"":{""success"":""32""},""first_scheduled_nanos"":""205"",""last_completed_nanos"":""3989460"",""elapsed_nanos"":""3989255"",""throughput"":{""completed_attempts"":""32"",""successful_responses"":""32"",""elapsed_nanos"":""3989255""}},""latency_nanos"":{""count"":""32"",""minimum"":""261197"",""median"":""344144"",""maximum"":""664435"",""p95"":""582165"",""p99"":""664435"",""mean"":""368983.25"",""median_absolute_deviation"":""41725"",""standard_deviation"":""92911.575506""},""latency_population"":""all-dispatched-including-failures"",""all_dispatched_latency_nanos"":{""count"":""32"",""minimum"":""261197"",""median"":""344144"",""maximum"":""664435"",""p95"":""582165"",""p99"":""664435"",""mean"":""368983.25"",""median_absolute_deviation"":""41725"",""standard_deviation"":""92911.575506""},""successful_response_latency_nanos"":{""count"":""32"",""minimum"":""261197"",""median"":""344144"",""maximum"":""664435"",""p95"":""582165"",""p99"":""664435"",""mean"":""368983.25"",""median_absolute_deviation"":""41725"",""standard_deviation"":""92911.575506""},""outcome_latency_nanos"":{""success"":{""count"":""32"",""minimum"":""261197"",""median"":""344144"",""maximum"":""664435"",""p95"":""582165"",""p99"":""664435"",""mean"":""368983.25"",""median_absolute_deviation"":""41725"",""standard_deviation"":""92911.575506""},""declared-error"":null,""platform-failure"":null,""transport-failure"":null,""client-timeout"":null,""client-overload"":null,""client-deadline-before-dispatch"":null,""invalid-response"":null},""all_offered_elapsed_nanos"":{""count"":""32"",""minimum"":""281798"",""median"":""370867"",""maximum"":""707842"",""p95"":""685192"",""p99"":""707842"",""mean"":""414423.59375"",""median_absolute_deviation"":""43203"",""standard_deviation"":""108502.764249""},""successful_response_fraction"":""1"",""dispatch_lag_nanos"":{""count"":""32"",""minimum"":""8668"",""median"":""41764"",""maximum"":""126151"",""p95"":""103027"",""p99"":""126151"",""mean"":""45440.34375"",""median_absolute_deviation"":""14061"",""standard_deviation"":""25679.3568""},""overshoot_nanos"":{""count"":""32"",""minimum"":""0"",""median"":""0"",""maximum"":""0"",""p95"":""0"",""p99"":""0"",""mean"":""0"",""median_absolute_deviation"":""0"",""standard_deviation"":""0""},""budget_successes"":""32"",""budget_misses"":""0"",""successes_per_second"":""8021.547883"",""attempts_per_second"":""8021.547883""}",8021.547883,8021.547883,1,32,0,7925.439447,7925.439447,261197,344144,582165,664435,664435,261197,344144,582165,664435,664435,281798,370867,685192,707842,707842,8668,41764,103027,126151,126151,0,0,0,0,0
0,3,lsf,8,0,first,first,echo,1,322624367,"{""attempts"":""8"",""dispatched"":""8"",""undispatched"":""0"",""received"":""8"",""successful"":""8"",""semantic_mismatches"":""0"",""outcomes"":{""success"":""8""},""first_scheduled_nanos"":""362"",""last_completed_nanos"":""322481237"",""elapsed_nanos"":""322480875"",""throughput"":{""completed_attempts"":""8"",""successful_responses"":""8"",""elapsed_nanos"":""322480875""}}","{""counts"":{""attempts"":""8"",""dispatched"":""8"",""undispatched"":""0"",""received"":""8"",""successful"":""8"",""semantic_mismatches"":""0"",""outcomes"":{""success"":""8""},""first_scheduled_nanos"":""362"",""last_completed_nanos"":""322481237"",""elapsed_nanos"":""322480875"",""throughput"":{""completed_attempts"":""8"",""successful_responses"":""8"",""elapsed_nanos"":""322480875""}},""latency_nanos"":{""count"":""8"",""minimum"":""36919405"",""median"":""39258765"",""maximum"":""43616356"",""p95"":""43616356"",""p99"":""43616356"",""mean"":""39962404.625"",""median_absolute_deviation"":""1868769"",""standard_deviation"":""2404952.950215""},""latency_population"":""all-dispatched-including-failures"",""all_dispatched_latency_nanos"":{""count"":""8"",""minimum"":""36919405"",""median"":""39258765"",""maximum"":""43616356"",""p95"":""43616356"",""p99"":""43616356"",""mean"":""39962404.625"",""median_absolute_deviation"":""1868769"",""standard_deviation"":""2404952.950215""},""successful_response_latency_nanos"":{""count"":""8"",""minimum"":""36919405"",""median"":""39258765"",""maximum"":""43616356"",""p95"":""43616356"",""p99"":""43616356"",""mean"":""39962404.625"",""median_absolute_deviation"":""1868769"",""standard_deviation"":""2404952.950215""},""outcome_latency_nanos"":{""success"":{""count"":""8"",""minimum"":""36919405"",""median"":""39258765"",""maximum"":""43616356"",""p95"":""43616356"",""p99"":""43616356"",""mean"":""39962404.625"",""median_absolute_deviation"":""1868769"",""standard_deviation"":""2404952.950215""},""declared-error"":null,""platform-failure"":null,""transport-failure"":null,""client-timeout"":null,""client-overload"":null,""client-deadline-before-dispatch"":null,""invalid-response"":null},""all_offered_elapsed_nanos"":{""count"":""8"",""minimum"":""37011801"",""median"":""39397753.5"",""maximum"":""43826411"",""p95"":""43826411"",""p99"":""43826411"",""mean"":""40089427.75"",""median_absolute_deviation"":""1919561"",""standard_deviation"":""2433072.174579""},""successful_response_fraction"":""1"",""dispatch_lag_nanos"":{""count"":""8"",""minimum"":""77742"",""median"":""115879"",""maximum"":""210055"",""p95"":""210055"",""p99"":""210055"",""mean"":""127023.125"",""median_absolute_deviation"":""22983.5"",""standard_deviation"":""39479.688545""},""overshoot_nanos"":{""count"":""8"",""minimum"":""0"",""median"":""0"",""maximum"":""0"",""p95"":""0"",""p99"":""0"",""mean"":""0"",""median_absolute_deviation"":""0"",""standard_deviation"":""0""},""budget_successes"":""8"",""budget_misses"":""0"",""successes_per_second"":""24.807673"",""attempts_per_second"":""24.807673""}",24.807673,24.807673,1,8,0,24.796639,24.796639,36919405,39258765,43616356,43616356,43616356,36919405,39258765,43616356,43616356,43616356,37011801,39397753.5,43826411,43826411,43826411,77742,115879,210055,210055,210055,0,0,0,0,0
0,3,lsf,8,1,density-warmup,warmup,echo,4,9753511,"{""attempts"":""32"",""dispatched"":""32"",""undispatched"":""0"",""received"":""32"",""successful"":""32"",""semantic_mismatches"":""0"",""outcomes"":{""success"":""32""},""first_scheduled_nanos"":""320"",""last_completed_nanos"":""9700206"",""elapsed_nanos"":""9699886"",""throughput"":{""completed_attempts"":""32"",""successful_responses"":""32"",""elapsed_nanos"":""9699886""}}","{""counts"":{""attempts"":""32"",""dispatched"":""32"",""undispatched"":""0"",""received"":""32"",""successful"":""32"",""semantic_mismatches"":""0"",""outcomes"":{""success"":""32""},""first_scheduled_nanos"":""320"",""last_completed_nanos"":""9700206"",""elapsed_nanos"":""9699886"",""throughput"":{""completed_attempts"":""32"",""successful_responses"":""32"",""elapsed_nanos"":""9699886""}},""latency_nanos"":{""count"":""32"",""minimum"":""643235"",""median"":""896843"",""maximum"":""1743736"",""p95"":""1733713"",""p99"":""1743736"",""mean"":""1012811.03125"",""median_absolute_deviation"":""152714"",""standard_deviation"":""312791.015768""},""latency_population"":""all-dispatched-including-failures"",""all_dispatched_latency_nanos"":{""count"":""32"",""minimum"":""643235"",""median"":""896843"",""maximum"":""1743736"",""p95"":""1733713"",""p99"":""1743736"",""mean"":""1012811.03125"",""median_absolute_deviation"":""152714"",""standard_deviation"":""312791.015768""},""successful_response_latency_nanos"":{""count"":""32"",""minimum"":""643235"",""median"":""896843"",""maximum"":""1743736"",""p95"":""1733713"",""p99"":""1743736"",""mean"":""1012811.03125"",""median_absolute_deviation"":""152714"",""standard_deviation"":""312791.015768""},""outcome_latency_nanos"":{""success"":{""count"":""32"",""minimum"":""643235"",""median"":""896843"",""maximum"":""1743736"",""p95"":""1733713"",""p99"":""1743736"",""mean"":""1012811.03125"",""median_absolute_deviation"":""152714"",""standard_deviation"":""312791.015768""},""declared-error"":null,""platform-failure"":null,""transport-failure"":null,""client-timeout"":null,""client-overload"":null,""client-deadline-before-dispatch"":null,""invalid-response"":null},""all_offered_elapsed_nanos"":{""count"":""32"",""minimum"":""669707"",""median"":""932907.5"",""maximum"":""1887798"",""p95"":""1825546"",""p99"":""1887798"",""mean"":""1074379.46875"",""median_absolute_deviation"":""159005.5"",""standard_deviation"":""330538.407066""},""successful_response_fraction"":""1"",""dispatch_lag_nanos"":{""count"":""32"",""minimum"":""18830"",""median"":""56347"",""maximum"":""154929"",""p95"":""144062"",""p99"":""154929"",""mean"":""61568.4375"",""median_absolute_deviation"":""20223"",""standard_deviation"":""32111.814503""},""overshoot_nanos"":{""count"":""32"",""minimum"":""0"",""median"":""0"",""maximum"":""0"",""p95"":""0"",""p99"":""0"",""mean"":""0"",""median_absolute_deviation"":""0"",""standard_deviation"":""0""},""budget_successes"":""32"",""budget_misses"":""0"",""successes_per_second"":""3299.007844"",""attempts_per_second"":""3299.007844""}",3299.007844,3299.007844,1,32,0,3280.869832,3280.869832,643235,896843,1733713,1743736,1743736,643235,896843,1733713,1743736,1743736,669707,932907.5,1825546,1887798,1887798,18830,56347,144062,154929,154929,0,0,0,0,0
0,3,lsf,8,2,density-measured,measured,echo,4,9258248,"{""attempts"":""32"",""dispatched"":""32"",""undispatched"":""0"",""received"":""32"",""successful"":""32"",""semantic_mismatches"":""0"",""outcomes"":{""success"":""32""},""first_scheduled_nanos"":""204"",""last_completed_nanos"":""9156022"",""elapsed_nanos"":""9155818"",""throughput"":{""completed_attempts"":""32"",""successful_responses"":""32"",""elapsed_nanos"":""9155818""}}","{""counts"":{""attempts"":""32"",""dispatched"":""32"",""undispatched"":""0"",""received"":""32"",""successful"":""32"",""semantic_mismatches"":""0"",""outcomes"":{""success"":""32""},""first_scheduled_nanos"":""204"",""last_completed_nanos"":""9156022"",""elapsed_nanos"":""9155818"",""throughput"":{""completed_attempts"":""32"",""successful_responses"":""32"",""elapsed_nanos"":""9155818""}},""latency_nanos"":{""count"":""32"",""minimum"":""504861"",""median"":""922723.5"",""maximum"":""2042374"",""p95"":""1616752"",""p99"":""2042374"",""mean"":""952015.15625"",""median_absolute_deviation"":""185550"",""standard_deviation"":""328016.907188""},""latency_population"":""all-dispatched-including-failures"",""all_dispatched_latency_nanos"":{""count"":""32"",""minimum"":""504861"",""median"":""922723.5"",""maximum"":""2042374"",""p95"":""1616752"",""p99"":""2042374"",""mean"":""952015.15625"",""median_absolute_deviation"":""185550"",""standard_deviation"":""328016.907188""},""successful_response_latency_nanos"":{""count"":""32"",""minimum"":""504861"",""median"":""922723.5"",""maximum"":""2042374"",""p95"":""1616752"",""p99"":""2042374"",""mean"":""952015.15625"",""median_absolute_deviation"":""185550"",""standard_deviation"":""328016.907188""},""outcome_latency_nanos"":{""success"":{""count"":""32"",""minimum"":""504861"",""median"":""922723.5"",""maximum"":""2042374"",""p95"":""1616752"",""p99"":""2042374"",""mean"":""952015.15625"",""median_absolute_deviation"":""185550"",""standard_deviation"":""328016.907188""},""declared-error"":null,""platform-failure"":null,""transport-failure"":null,""client-timeout"":null,""client-overload"":null,""client-deadline-before-dispatch"":null,""invalid-response"":null},""all_offered_elapsed_nanos"":{""count"":""32"",""minimum"":""582056"",""median"":""1007968"",""maximum"":""2122650"",""p95"":""1709148"",""p99"":""2122650"",""mean"":""1014678.53125"",""median_absolute_deviation"":""198792.5"",""standard_deviation"":""331861.018102""},""successful_response_fraction"":""1"",""dispatch_lag_nanos"":{""count"":""32"",""minimum"":""9162"",""median"":""61382.5"",""maximum"":""164697"",""p95"":""143670"",""p99"":""164697"",""mean"":""62663.375"",""median_absolute_deviation"":""20623"",""standard_deviation"":""36740.179802""},""overshoot_nanos"":{""count"":""32"",""minimum"":""0"",""median"":""0"",""maximum"":""0"",""p95"":""0"",""p99"":""0"",""mean"":""0"",""median_absolute_deviation"":""0"",""standard_deviation"":""0""},""budget_successes"":""32"",""budget_misses"":""0"",""successes_per_second"":""3495.045445"",""attempts_per_second"":""3495.045445""}",3495.045445,3495.045445,1,32,0,3456.377492,3456.377492,504861,922723.5,1616752,2042374,2042374,504861,922723.5,1616752,2042374,2042374,582056,1007968,1709148,2122650,2122650,9162,61382.5,143670,164697,164697,0,0,0,0,0
0,4,lsf,32,0,first,first,echo,1,1142546943,"{""attempts"":""32"",""dispatched"":""32"",""undispatched"":""0"",""received"":""32"",""successful"":""32"",""semantic_mismatches"":""0"",""outcomes"":{""success"":""32""},""first_scheduled_nanos"":""355"",""last_completed_nanos"":""1142294128"",""elapsed_nanos"":""1142293773"",""throughput"":{""completed_attempts"":""32"",""successful_responses"":""32"",""elapsed_nanos"":""1142293773""}}","{""counts"":{""attempts"":""32"",""dispatched"":""32"",""undispatched"":""0"",""received"":""32"",""successful"":""32"",""semantic_mismatches"":""0"",""outcomes"":{""success"":""32""},""first_scheduled_nanos"":""355"",""last_completed_nanos"":""1142294128"",""elapsed_nanos"":""1142293773"",""throughput"":{""completed_attempts"":""32"",""successful_responses"":""32"",""elapsed_nanos"":""1142293773""}},""latency_nanos"":{""count"":""32"",""minimum"":""32071858"",""median"":""34820888.5"",""maximum"":""45334565"",""p95"":""39680103"",""p99"":""45334565"",""mean"":""35411702.0625"",""median_absolute_deviation"":""1172069"",""standard_deviation"":""2514134.094452""},""latency_population"":""all-dispatched-including-failures"",""all_dispatched_latency_nanos"":{""count"":""32"",""minimum"":""32071858"",""median"":""34820888.5"",""maximum"":""45334565"",""p95"":""39680103"",""p99"":""45334565"",""mean"":""35411702.0625"",""median_absolute_deviation"":""1172069"",""standard_deviation"":""2514134.094452""},""successful_response_latency_nanos"":{""count"":""32"",""minimum"":""32071858"",""median"":""34820888.5"",""maximum"":""45334565"",""p95"":""39680103"",""p99"":""45334565"",""mean"":""35411702.0625"",""median_absolute_deviation"":""1172069"",""standard_deviation"":""2514134.094452""},""outcome_latency_nanos"":{""success"":{""count"":""32"",""minimum"":""32071858"",""median"":""34820888.5"",""maximum"":""45334565"",""p95"":""39680103"",""p99"":""45334565"",""mean"":""35411702.0625"",""median_absolute_deviation"":""1172069"",""standard_deviation"":""2514134.094452""},""declared-error"":null,""platform-failure"":null,""transport-failure"":null,""client-timeout"":null,""client-overload"":null,""client-deadline-before-dispatch"":null,""invalid-response"":null},""all_offered_elapsed_nanos"":{""count"":""32"",""minimum"":""32175556"",""median"":""34901565"",""maximum"":""45408502"",""p95"":""39756844"",""p99"":""45408502"",""mean"":""35508008.59375"",""median_absolute_deviation"":""1196397"",""standard_deviation"":""2510231.390087""},""successful_response_fraction"":""1"",""dispatch_lag_nanos"":{""count"":""32"",""minimum"":""62477"",""median"":""90329"",""maximum"":""262733"",""p95"":""171209"",""p99"":""262733"",""mean"":""96306.53125"",""median_absolute_deviation"":""15377"",""standard_deviation"":""37009.382128""},""overshoot_nanos"":{""count"":""32"",""minimum"":""0"",""median"":""0"",""maximum"":""0"",""p95"":""0"",""p99"":""0"",""mean"":""0"",""median_absolute_deviation"":""0"",""standard_deviation"":""0""},""budget_successes"":""32"",""budget_misses"":""0"",""successes_per_second"":""28.013809"",""attempts_per_second"":""28.013809""}",28.013809,28.013809,1,32,0,28.007602,28.007602,32071858,34820888.5,39680103,45334565,45334565,32071858,34820888.5,39680103,45334565,45334565,32175556,34901565,39756844,45408502,45408502,62477,90329,171209,262733,262733,0,0,0,0,0
0,4,lsf,32,1,density-warmup,warmup,echo,4,36960460,"{""attempts"":""128"",""dispatched"":""128"",""undispatched"":""0"",""received"":""128"",""successful"":""128"",""semantic_mismatches"":""0"",""outcomes"":{""success"":""128""},""first_scheduled_nanos"":""328"",""last_completed_nanos"":""36883793"",""elapsed_nanos"":""36883465"",""throughput"":{""completed_attempts"":""128"",""successful_responses"":""128"",""elapsed_nanos"":""36883465""}}","{""counts"":{""attempts"":""128"",""dispatched"":""128"",""undispatched"":""0"",""received"":""128"",""successful"":""128"",""semantic_mismatches"":""0"",""outcomes"":{""success"":""128""},""first_scheduled_nanos"":""328"",""last_completed_nanos"":""36883793"",""elapsed_nanos"":""36883465"",""throughput"":{""completed_attempts"":""128"",""successful_responses"":""128"",""elapsed_nanos"":""36883465""}},""latency_nanos"":{""count"":""128"",""minimum"":""597654"",""median"":""931252"",""maximum"":""2099452"",""p95"":""1559603"",""p99"":""2048475"",""mean"":""992327.15625"",""median_absolute_deviation"":""142839.5"",""standard_deviation"":""279574.090561""},""latency_population"":""all-dispatched-including-failures"",""all_dispatched_latency_nanos"":{""count"":""128"",""minimum"":""597654"",""median"":""931252"",""maximum"":""2099452"",""p95"":""1559603"",""p99"":""2048475"",""mean"":""992327.15625"",""median_absolute_deviation"":""142839.5"",""standard_deviation"":""279574.090561""},""successful_response_latency_nanos"":{""count"":""128"",""minimum"":""597654"",""median"":""931252"",""maximum"":""2099452"",""p95"":""1559603"",""p99"":""2048475"",""mean"":""992327.15625"",""median_absolute_deviation"":""142839.5"",""standard_deviation"":""279574.090561""},""outcome_latency_nanos"":{""success"":{""count"":""128"",""minimum"":""597654"",""median"":""931252"",""maximum"":""2099452"",""p95"":""1559603"",""p99"":""2048475"",""mean"":""992327.15625"",""median_absolute_deviation"":""142839.5"",""standard_deviation"":""279574.090561""},""declared-error"":null,""platform-failure"":null,""transport-failure"":null,""client-timeout"":null,""client-overload"":null,""client-deadline-before-dispatch"":null,""invalid-response"":null},""all_offered_elapsed_nanos"":{""count"":""128"",""minimum"":""625771"",""median"":""976481"",""maximum"":""2225335"",""p95"":""1619520"",""p99"":""2165123"",""mean"":""1046061.125"",""median_absolute_deviation"":""148596"",""standard_deviation"":""291885.464241""},""successful_response_fraction"":""1"",""dispatch_lag_nanos"":{""count"":""128"",""minimum"":""10902"",""median"":""52464.5"",""maximum"":""258713"",""p95"":""130889"",""p99"":""199688"",""mean"":""53733.96875"",""median_absolute_deviation"":""12639.5"",""standard_deviation"":""36678.117487""},""overshoot_nanos"":{""count"":""128"",""minimum"":""0"",""median"":""0"",""maximum"":""0"",""p95"":""0"",""p99"":""0"",""mean"":""0"",""median_absolute_deviation"":""0"",""standard_deviation"":""0""},""budget_successes"":""128"",""budget_misses"":""0"",""successes_per_second"":""3470.38978"",""attempts_per_second"":""3470.38978""}",3470.38978,3470.38978,1,128,0,3463.160361,3463.160361,597654,931252,1559603,2048475,2099452,597654,931252,1559603,2048475,2099452,625771,976481,1619520,2165123,2225335,10902,52464.5,130889,199688,258713,0,0,0,0,0
0,4,lsf,32,2,density-measured,measured,echo,4,34711733,"{""attempts"":""128"",""dispatched"":""128"",""undispatched"":""0"",""received"":""128"",""successful"":""128"",""semantic_mismatches"":""0"",""outcomes"":{""success"":""128""},""first_scheduled_nanos"":""284"",""last_completed_nanos"":""34640785"",""elapsed_nanos"":""34640501"",""throughput"":{""completed_attempts"":""128"",""successful_responses"":""128"",""elapsed_nanos"":""34640501""}}","{""counts"":{""attempts"":""128"",""dispatched"":""128"",""undispatched"":""0"",""received"":""128"",""successful"":""128"",""semantic_mismatches"":""0"",""outcomes"":{""success"":""128""},""first_scheduled_nanos"":""284"",""last_completed_nanos"":""34640785"",""elapsed_nanos"":""34640501"",""throughput"":{""completed_attempts"":""128"",""successful_responses"":""128"",""elapsed_nanos"":""34640501""}},""latency_nanos"":{""count"":""128"",""minimum"":""527875"",""median"":""837300"",""maximum"":""2005720"",""p95"":""1427739"",""p99"":""1859697"",""mean"":""917576.679688"",""median_absolute_deviation"":""117687"",""standard_deviation"":""257476.433755""},""latency_population"":""all-dispatched-including-failures"",""all_dispatched_latency_nanos"":{""count"":""128"",""minimum"":""527875"",""median"":""837300"",""maximum"":""2005720"",""p95"":""1427739"",""p99"":""1859697"",""mean"":""917576.679688"",""median_absolute_deviation"":""117687"",""standard_deviation"":""257476.433755""},""successful_response_latency_nanos"":{""count"":""128"",""minimum"":""527875"",""median"":""837300"",""maximum"":""2005720"",""p95"":""1427739"",""p99"":""1859697"",""mean"":""917576.679688"",""median_absolute_deviation"":""117687"",""standard_deviation"":""257476.433755""},""outcome_latency_nanos"":{""success"":{""count"":""128"",""minimum"":""527875"",""median"":""837300"",""maximum"":""2005720"",""p95"":""1427739"",""p99"":""1859697"",""mean"":""917576.679688"",""median_absolute_deviation"":""117687"",""standard_deviation"":""257476.433755""},""declared-error"":null,""platform-failure"":null,""transport-failure"":null,""client-timeout"":null,""client-overload"":null,""client-deadline-before-dispatch"":null,""invalid-response"":null},""all_offered_elapsed_nanos"":{""count"":""128"",""minimum"":""590646"",""median"":""897780"",""maximum"":""2065852"",""p95"":""1459097"",""p99"":""1916566"",""mean"":""971294.648438"",""median_absolute_deviation"":""124477.5"",""standard_deviation"":""261071.536457""},""successful_response_fraction"":""1"",""dispatch_lag_nanos"":{""count"":""128"",""minimum"":""9894"",""median"":""55568"",""maximum"":""254621"",""p95"":""82805"",""p99"":""120992"",""mean"":""53717.96875"",""median_absolute_deviation"":""15116.5"",""standard_deviation"":""28666.410849""},""overshoot_nanos"":{""count"":""128"",""minimum"":""0"",""median"":""0"",""maximum"":""0"",""p95"":""0"",""p99"":""0"",""mean"":""0"",""median_absolute_deviation"":""0"",""standard_deviation"":""0""},""budget_successes"":""128"",""budget_misses"":""0"",""successes_per_second"":""3695.096673"",""attempts_per_second"":""3695.096673""}",3695.096673,3695.096673,1,128,0,3687.51396,3687.51396,527875,837300,1427739,1859697,2005720,527875,837300,1427739,1859697,2005720,590646,897780,1459097,1916566,2065852,9894,55568,82805,120992,254621,0,0,0,0,0
0,5,native,32,0,first,first,echo,1,22754902,"{""attempts"":""32"",""dispatched"":""32"",""undispatched"":""0"",""received"":""32"",""successful"":""32"",""semantic_mismatches"":""0"",""outcomes"":{""success"":""32""},""first_scheduled_nanos"":""328"",""last_completed_nanos"":""22645691"",""elapsed_nanos"":""22645363"",""throughput"":{""completed_attempts"":""32"",""successful_responses"":""32"",""elapsed_nanos"":""22645363""}}","{""counts"":{""attempts"":""32"",""dispatched"":""32"",""undispatched"":""0"",""received"":""32"",""successful"":""32"",""semantic_mismatches"":""0"",""outcomes"":{""success"":""32""},""first_scheduled_nanos"":""328"",""last_completed_nanos"":""22645691"",""elapsed_nanos"":""22645363"",""throughput"":{""completed_attempts"":""32"",""successful_responses"":""32"",""elapsed_nanos"":""22645363""}},""latency_nanos"":{""count"":""32"",""minimum"":""393468"",""median"":""520622.5"",""maximum"":""861319"",""p95"":""685957"",""p99"":""861319"",""mean"":""533045.125"",""median_absolute_deviation"":""55754.5"",""standard_deviation"":""93738.97646""},""latency_population"":""all-dispatched-including-failures"",""all_dispatched_latency_nanos"":{""count"":""32"",""minimum"":""393468"",""median"":""520622.5"",""maximum"":""861319"",""p95"":""685957"",""p99"":""861319"",""mean"":""533045.125"",""median_absolute_deviation"":""55754.5"",""standard_deviation"":""93738.97646""},""successful_response_latency_nanos"":{""count"":""32"",""minimum"":""393468"",""median"":""520622.5"",""maximum"":""861319"",""p95"":""685957"",""p99"":""861319"",""mean"":""533045.125"",""median_absolute_deviation"":""55754.5"",""standard_deviation"":""93738.97646""},""outcome_latency_nanos"":{""success"":{""count"":""32"",""minimum"":""393468"",""median"":""520622.5"",""maximum"":""861319"",""p95"":""685957"",""p99"":""861319"",""mean"":""533045.125"",""median_absolute_deviation"":""55754.5"",""standard_deviation"":""93738.97646""},""declared-error"":null,""platform-failure"":null,""transport-failure"":null,""client-timeout"":null,""client-overload"":null,""client-deadline-before-dispatch"":null,""invalid-response"":null},""all_offered_elapsed_nanos"":{""count"":""32"",""minimum"":""447120"",""median"":""575284.5"",""maximum"":""973534"",""p95"":""848497"",""p99"":""973534"",""mean"":""606537.28125"",""median_absolute_deviation"":""51345.5"",""standard_deviation"":""111800.216107""},""successful_response_fraction"":""1"",""dispatch_lag_nanos"":{""count"":""32"",""minimum"":""47321"",""median"":""63655.5"",""maximum"":""246559"",""p95"":""112215"",""p99"":""246559"",""mean"":""73492.15625"",""median_absolute_deviation"":""10340.5"",""standard_deviation"":""35525.857228""},""overshoot_nanos"":{""count"":""32"",""minimum"":""0"",""median"":""0"",""maximum"":""0"",""p95"":""0"",""p99"":""0"",""mean"":""0"",""median_absolute_deviation"":""0"",""standard_deviation"":""0""},""budget_successes"":""32"",""budget_misses"":""0"",""successes_per_second"":""1413.092826"",""attempts_per_second"":""1413.092826""}",1413.092826,1413.092826,1,32,0,1406.29039,1406.29039,393468,520622.5,685957,861319,861319,393468,520622.5,685957,861319,861319,447120,575284.5,848497,973534,973534,47321,63655.5,112215,246559,246559,0,0,0,0,0
0,5,native,32,1,density-warmup,warmup,echo,4,18504389,"{""attempts"":""128"",""dispatched"":""128"",""undispatched"":""0"",""received"":""128"",""successful"":""128"",""semantic_mismatches"":""0"",""outcomes"":{""success"":""128""},""first_scheduled_nanos"":""346"",""last_completed_nanos"":""18303269"",""elapsed_nanos"":""18302923"",""throughput"":{""completed_attempts"":""128"",""successful_responses"":""128"",""elapsed_nanos"":""18302923""}}","{""counts"":{""attempts"":""128"",""dispatched"":""128"",""undispatched"":""0"",""received"":""128"",""successful"":""128"",""semantic_mismatches"":""0"",""outcomes"":{""success"":""128""},""first_scheduled_nanos"":""346"",""last_completed_nanos"":""18303269"",""elapsed_nanos"":""18302923"",""throughput"":{""completed_attempts"":""128"",""successful_responses"":""128"",""elapsed_nanos"":""18302923""}},""latency_nanos"":{""count"":""128"",""minimum"":""272696"",""median"":""375777"",""maximum"":""963680"",""p95"":""684698"",""p99"":""917574"",""mean"":""413569.726562"",""median_absolute_deviation"":""43220.5"",""standard_deviation"":""121890.73805""},""latency_population"":""all-dispatched-including-failures"",""all_dispatched_latency_nanos"":{""count"":""128"",""minimum"":""272696"",""median"":""375777"",""maximum"":""963680"",""p95"":""684698"",""p99"":""917574"",""mean"":""413569.726562"",""median_absolute_deviation"":""43220.5"",""standard_deviation"":""121890.73805""},""successful_response_latency_nanos"":{""count"":""128"",""minimum"":""272696"",""median"":""375777"",""maximum"":""963680"",""p95"":""684698"",""p99"":""917574"",""mean"":""413569.726562"",""median_absolute_deviation"":""43220.5"",""standard_deviation"":""121890.73805""},""outcome_latency_nanos"":{""success"":{""count"":""128"",""minimum"":""272696"",""median"":""375777"",""maximum"":""963680"",""p95"":""684698"",""p99"":""917574"",""mean"":""413569.726562"",""median_absolute_deviation"":""43220.5"",""standard_deviation"":""121890.73805""},""declared-error"":null,""platform-failure"":null,""transport-failure"":null,""client-timeout"":null,""client-overload"":null,""client-deadline-before-dispatch"":null,""invalid-response"":null},""all_offered_elapsed_nanos"":{""count"":""128"",""minimum"":""286766"",""median"":""420307.5"",""maximum"":""1032418"",""p95"":""843142"",""p99"":""941428"",""mean"":""457809.71875"",""median_absolute_deviation"":""51195"",""standard_deviation"":""139055.33637""},""successful_response_fraction"":""1"",""dispatch_lag_nanos"":{""count"":""128"",""minimum"":""5650"",""median"":""38056.5"",""maximum"":""232612"",""p95"":""95651"",""p99"":""158444"",""mean"":""44239.992188"",""median_absolute_deviation"":""20015.5"",""standard_deviation"":""32480.45481""},""overshoot_nanos"":{""count"":""128"",""minimum"":""0"",""median"":""0"",""maximum"":""0"",""p95"":""0"",""p99"":""0"",""mean"":""0"",""median_absolute_deviation"":""0"",""standard_deviation"":""0""},""budget_successes"":""128"",""budget_misses"":""0"",""successes_per_second"":""6993.418483"",""attempts_per_second"":""6993.418483""}",6993.418483,6993.418483,1,128,0,6917.277841,6917.277841,272696,375777,684698,917574,963680,272696,375777,684698,917574,963680,286766,420307.5,843142,941428,1032418,5650,38056.5,95651,158444,232612,0,0,0,0,0
0,5,native,32,2,density-measured,measured,echo,4,17301606,"{""attempts"":""128"",""dispatched"":""128"",""undispatched"":""0"",""received"":""128"",""successful"":""128"",""semantic_mismatches"":""0"",""outcomes"":{""success"":""128""},""first_scheduled_nanos"":""236"",""last_completed_nanos"":""17217214"",""elapsed_nanos"":""17216978"",""throughput"":{""completed_attempts"":""128"",""successful_responses"":""128"",""elapsed_nanos"":""17216978""}}","{""counts"":{""attempts"":""128"",""dispatched"":""128"",""undispatched"":""0"",""received"":""128"",""successful"":""128"",""semantic_mismatches"":""0"",""outcomes"":{""success"":""128""},""first_scheduled_nanos"":""236"",""last_completed_nanos"":""17217214"",""elapsed_nanos"":""17216978"",""throughput"":{""completed_attempts"":""128"",""successful_responses"":""128"",""elapsed_nanos"":""17216978""}},""latency_nanos"":{""count"":""128"",""minimum"":""275617"",""median"":""381449.5"",""maximum"":""582373"",""p95"":""509412"",""p99"":""558993"",""mean"":""389083.742188"",""median_absolute_deviation"":""43554"",""standard_deviation"":""64469.856497""},""latency_population"":""all-dispatched-including-failures"",""all_dispatched_latency_nanos"":{""count"":""128"",""minimum"":""275617"",""median"":""381449.5"",""maximum"":""582373"",""p95"":""509412"",""p99"":""558993"",""mean"":""389083.742188"",""median_absolute_deviation"":""43554"",""standard_deviation"":""64469.856497""},""successful_response_latency_nanos"":{""count"":""128"",""minimum"":""275617"",""median"":""381449.5"",""maximum"":""582373"",""p95"":""509412"",""p99"":""558993"",""mean"":""389083.742188"",""median_absolute_deviation"":""43554"",""standard_deviation"":""64469.856497""},""outcome_latency_nanos"":{""success"":{""count"":""128"",""minimum"":""275617"",""median"":""381449.5"",""maximum"":""582373"",""p95"":""509412"",""p99"":""558993"",""mean"":""389083.742188"",""median_absolute_deviation"":""43554"",""standard_deviation"":""64469.856497""},""declared-error"":null,""platform-failure"":null,""transport-failure"":null,""client-timeout"":null,""client-overload"":null,""client-deadline-before-dispatch"":null,""invalid-response"":null},""all_offered_elapsed_nanos"":{""count"":""128"",""minimum"":""315674"",""median"":""417809.5"",""maximum"":""640221"",""p95"":""563424"",""p99"":""637273"",""mean"":""430584.664062"",""median_absolute_deviation"":""47439.5"",""standard_deviation"":""70880.744123""},""successful_response_fraction"":""1"",""dispatch_lag_nanos"":{""count"":""128"",""minimum"":""5500"",""median"":""36955.5"",""maximum"":""146339"",""p95"":""80878"",""p99"":""114499"",""mean"":""41500.921875"",""median_absolute_deviation"":""18058.5"",""standard_deviation"":""24974.9648""},""overshoot_nanos"":{""count"":""128"",""minimum"":""0"",""median"":""0"",""maximum"":""0"",""p95"":""0"",""p99"":""0"",""mean"":""0"",""median_absolute_deviation"":""0"",""standard_deviation"":""0""},""budget_successes"":""128"",""budget_misses"":""0"",""successes_per_second"":""7434.5219"",""attempts_per_second"":""7434.5219""}",7434.5219,7434.5219,1,128,0,7398.157142,7398.157142,275617,381449.5,509412,558993,582373,275617,381449.5,509412,558993,582373,315674,417809.5,563424,637273,640221,5500,36955.5,80878,114499,146339,0,0,0,0,0
1,0,native,8,0,first,first,echo,1,6507517,"{""attempts"":""8"",""dispatched"":""8"",""undispatched"":""0"",""received"":""8"",""successful"":""8"",""semantic_mismatches"":""0"",""outcomes"":{""success"":""8""},""first_scheduled_nanos"":""304"",""last_completed_nanos"":""6420452"",""elapsed_nanos"":""6420148"",""throughput"":{""completed_attempts"":""8"",""successful_responses"":""8"",""elapsed_nanos"":""6420148""}}","{""counts"":{""attempts"":""8"",""dispatched"":""8"",""undispatched"":""0"",""received"":""8"",""successful"":""8"",""semantic_mismatches"":""0"",""outcomes"":{""success"":""8""},""first_scheduled_nanos"":""304"",""last_completed_nanos"":""6420452"",""elapsed_nanos"":""6420148"",""throughput"":{""completed_attempts"":""8"",""successful_responses"":""8"",""elapsed_nanos"":""6420148""}},""latency_nanos"":{""count"":""8"",""minimum"":""499233"",""median"":""598223"",""maximum"":""782640"",""p95"":""782640"",""p99"":""782640"",""mean"":""608828.25"",""median_absolute_deviation"":""32794.5"",""standard_deviation"":""78793.375102""},""latency_population"":""all-dispatched-including-failures"",""all_dispatched_latency_nanos"":{""count"":""8"",""minimum"":""499233"",""median"":""598223"",""maximum"":""782640"",""p95"":""782640"",""p99"":""782640"",""mean"":""608828.25"",""median_absolute_deviation"":""32794.5"",""standard_deviation"":""78793.375102""},""successful_response_latency_nanos"":{""count"":""8"",""minimum"":""499233"",""median"":""598223"",""maximum"":""782640"",""p95"":""782640"",""p99"":""782640"",""mean"":""608828.25"",""median_absolute_deviation"":""32794.5"",""standard_deviation"":""78793.375102""},""outcome_latency_nanos"":{""success"":{""count"":""8"",""minimum"":""499233"",""median"":""598223"",""maximum"":""782640"",""p95"":""782640"",""p99"":""782640"",""mean"":""608828.25"",""median_absolute_deviation"":""32794.5"",""standard_deviation"":""78793.375102""},""declared-error"":null,""platform-failure"":null,""transport-failure"":null,""client-timeout"":null,""client-overload"":null,""client-deadline-before-dispatch"":null,""invalid-response"":null},""all_offered_elapsed_nanos"":{""count"":""8"",""minimum"":""558877"",""median"":""668390"",""maximum"":""897462"",""p95"":""897462"",""p99"":""897462"",""mean"":""683717.375"",""median_absolute_deviation"":""35395.5"",""standard_deviation"":""94431.197369""},""successful_response_fraction"":""1"",""dispatch_lag_nanos"":{""count"":""8"",""minimum"":""59644"",""median"":""72964.5"",""maximum"":""114822"",""p95"":""114822"",""p99"":""114822"",""mean"":""74889.125"",""median_absolute_deviation"":""8578.5"",""standard_deviation"":""16978.191927""},""overshoot_nanos"":{""count"":""8"",""minimum"":""0"",""median"":""0"",""maximum"":""0"",""p95"":""0"",""p99"":""0"",""mean"":""0"",""median_absolute_deviation"":""0"",""standard_deviation"":""0""},""budget_successes"":""8"",""budget_misses"":""0"",""successes_per_second"":""1246.077193"",""attempts_per_second"":""1246.077193""}",1246.077193,1246.077193,1,8,0,1229.347538,1229.347538,499233,598223,782640,782640,782640,499233,598223,782640,782640,782640,558877,668390,897462,897462,897462,59644,72964.5,114822,114822,114822,0,0,0,0,0
1,0,native,8,1,density-warmup,warmup,echo,4,4408766,"{""attempts"":""32"",""dispatched"":""32"",""undispatched"":""0"",""received"":""32"",""successful"":""32"",""semantic_mismatches"":""0"",""outcomes"":{""success"":""32""},""first_scheduled_nanos"":""450"",""last_completed_nanos"":""4289180"",""elapsed_nanos"":""4288730"",""throughput"":{""completed_attempts"":""32"",""successful_responses"":""32"",""elapsed_nanos"":""4288730""}}","{""counts"":{""attempts"":""32"",""dispatched"":""32"",""undispatched"":""0"",""received"":""32"",""successful"":""32"",""semantic_mismatches"":""0"",""outcomes"":{""success"":""32""},""first_scheduled_nanos"":""450"",""last_completed_nanos"":""4289180"",""elapsed_nanos"":""4288730"",""throughput"":{""completed_attempts"":""32"",""successful_responses"":""32"",""elapsed_nanos"":""4288730""}},""latency_nanos"":{""count"":""32"",""minimum"":""285765"",""median"":""363474.5"",""maximum"":""778922"",""p95"":""700245"",""p99"":""778922"",""mean"":""411192.9375"",""median_absolute_deviation"":""53472.5"",""standard_deviation"":""122198.978192""},""latency_population"":""all-dispatched-including-failures"",""all_dispatched_latency_nanos"":{""count"":""32"",""minimum"":""285765"",""median"":""363474.5"",""maximum"":""778922"",""p95"":""700245"",""p99"":""778922"",""mean"":""411192.9375"",""median_absolute_deviation"":""53472.5"",""standard_deviation"":""122198.978192""},""successful_response_latency_nanos"":{""count"":""32"",""minimum"":""285765"",""median"":""363474.5"",""maximum"":""778922"",""p95"":""700245"",""p99"":""778922"",""mean"":""411192.9375"",""median_absolute_deviation"":""53472.5"",""standard_deviation"":""122198.978192""},""outcome_latency_nanos"":{""success"":{""count"":""32"",""minimum"":""285765"",""median"":""363474.5"",""maximum"":""778922"",""p95"":""700245"",""p99"":""778922"",""mean"":""411192.9375"",""median_absolute_deviation"":""53472.5"",""standard_deviation"":""122198.978192""},""declared-error"":null,""platform-failure"":null,""transport-failure"":null,""client-timeout"":null,""client-overload"":null,""client-deadline-before-dispatch"":null,""invalid-response"":null},""all_offered_elapsed_nanos"":{""count"":""32"",""minimum"":""319566"",""median"":""408271"",""maximum"":""857155"",""p95"":""821098"",""p99"":""857155"",""mean"":""452981.375"",""median_absolute_deviation"":""45075.5"",""standard_deviation"":""143297.781497""},""successful_response_fraction"":""1"",""dispatch_lag_nanos"":{""count"":""32"",""minimum"":""6852"",""median"":""34793.5"",""maximum"":""153666"",""p95"":""120853"",""p99"":""153666"",""mean"":""41788.4375"",""median_absolute_deviation"":""15607"",""standard_deviation"":""31611.69338""},""overshoot_nanos"":{""count"":""32"",""minimum"":""0"",""median"":""0"",""maximum"":""0"",""p95"":""0"",""p99"":""0"",""mean"":""0"",""median_absolute_deviation"":""0"",""standard_deviation"":""0""},""budget_successes"":""32"",""budget_misses"":""0"",""successes_per_second"":""7461.416317"",""attempts_per_second"":""7461.416317""}",7461.416317,7461.416317,1,32,0,7258.266826,7258.266826,285765,363474.5,700245,778922,778922,285765,363474.5,700245,778922,778922,319566,408271,821098,857155,857155,6852,34793.5,120853,153666,153666,0,0,0,0,0
1,0,native,8,2,density-measured,measured,echo,4,4262366,"{""attempts"":""32"",""dispatched"":""32"",""undispatched"":""0"",""received"":""32"",""successful"":""32"",""semantic_mismatches"":""0"",""outcomes"":{""success"":""32""},""first_scheduled_nanos"":""223"",""last_completed_nanos"":""3935648"",""elapsed_nanos"":""3935425"",""throughput"":{""completed_attempts"":""32"",""successful_responses"":""32"",""elapsed_nanos"":""3935425""}}","{""counts"":{""attempts"":""32"",""dispatched"":""32"",""undispatched"":""0"",""received"":""32"",""successful"":""32"",""semantic_mismatches"":""0"",""outcomes"":{""success"":""32""},""first_scheduled_nanos"":""223"",""last_completed_nanos"":""3935648"",""elapsed_nanos"":""3935425"",""throughput"":{""completed_attempts"":""32"",""successful_responses"":""32"",""elapsed_nanos"":""3935425""}},""latency_nanos"":{""count"":""32"",""minimum"":""266150"",""median"":""342008.5"",""maximum"":""551465"",""p95"":""525806"",""p99"":""551465"",""mean"":""361394.4375"",""median_absolute_deviation"":""32372"",""standard_deviation"":""69785.770049""},""latency_population"":""all-dispatched-including-failures"",""all_dispatched_latency_nanos"":{""count"":""32"",""minimum"":""266150"",""median"":""342008.5"",""maximum"":""551465"",""p95"":""525806"",""p99"":""551465"",""mean"":""361394.4375"",""median_absolute_deviation"":""32372"",""standard_deviation"":""69785.770049""},""successful_response_latency_nanos"":{""count"":""32"",""minimum"":""266150"",""median"":""342008.5"",""maximum"":""551465"",""p95"":""525806"",""p99"":""551465"",""mean"":""361394.4375"",""median_absolute_deviation"":""32372"",""standard_deviation"":""69785.770049""},""outcome_latency_nanos"":{""success"":{""count"":""32"",""minimum"":""266150"",""median"":""342008.5"",""maximum"":""551465"",""p95"":""525806"",""p99"":""551465"",""mean"":""361394.4375"",""median_absolute_deviation"":""32372"",""standard_deviation"":""69785.770049""},""declared-error"":null,""platform-failure"":null,""transport-failure"":null,""client-timeout"":null,""client-overload"":null,""client-deadline-before-dispatch"":null,""invalid-response"":null},""all_offered_elapsed_nanos"":{""count"":""32"",""minimum"":""285532"",""median"":""381084.5"",""maximum"":""626015"",""p95"":""597993"",""p99"":""626015"",""mean"":""401870.1875"",""median_absolute_deviation"":""37150.5"",""standard_deviation"":""78476.675875""},""successful_response_fraction"":""1"",""dispatch_lag_nanos"":{""count"":""32"",""minimum"":""6711"",""median"":""39642"",""maximum"":""81741"",""p95"":""76189"",""p99"":""81741"",""mean"":""40475.75"",""median_absolute_deviation"":""18316.5"",""standard_deviation"":""20953.214315""},""overshoot_nanos"":{""count"":""32"",""minimum"":""0"",""median"":""0"",""maximum"":""0"",""p95"":""0"",""p99"":""0"",""mean"":""0"",""median_absolute_deviation"":""0"",""standard_deviation"":""0""},""budget_successes"":""32"",""budget_misses"":""0"",""successes_per_second"":""8131.269177"",""attempts_per_second"":""8131.269177""}",8131.269177,8131.269177,1,32,0,7507.567393,7507.567393,266150,342008.5,525806,551465,551465,266150,342008.5,525806,551465,551465,285532,381084.5,597993,626015,626015,6711,39642,76189,81741,81741,0,0,0,0,0
1,1,lsf,8,0,first,first,echo,1,298517185,"{""attempts"":""8"",""dispatched"":""8"",""undispatched"":""0"",""received"":""8"",""successful"":""8"",""semantic_mismatches"":""0"",""outcomes"":{""success"":""8""},""first_scheduled_nanos"":""383"",""last_completed_nanos"":""297976936"",""elapsed_nanos"":""297976553"",""throughput"":{""completed_attempts"":""8"",""successful_responses"":""8"",""elapsed_nanos"":""297976553""}}","{""counts"":{""attempts"":""8"",""dispatched"":""8"",""undispatched"":""0"",""received"":""8"",""successful"":""8"",""semantic_mismatches"":""0"",""outcomes"":{""success"":""8""},""first_scheduled_nanos"":""383"",""last_completed_nanos"":""297976936"",""elapsed_nanos"":""297976553"",""throughput"":{""completed_attempts"":""8"",""successful_responses"":""8"",""elapsed_nanos"":""297976553""}},""latency_nanos"":{""count"":""8"",""minimum"":""31309371"",""median"":""36257939"",""maximum"":""44190972"",""p95"":""44190972"",""p99"":""44190972"",""mean"":""36824063.875"",""median_absolute_deviation"":""4109742.5"",""standard_deviation"":""4668248.141126""},""latency_population"":""all-dispatched-including-failures"",""all_dispatched_latency_nanos"":{""count"":""8"",""minimum"":""31309371"",""median"":""36257939"",""maximum"":""44190972"",""p95"":""44190972"",""p99"":""44190972"",""mean"":""36824063.875"",""median_absolute_deviation"":""4109742.5"",""standard_deviation"":""4668248.141126""},""successful_response_latency_nanos"":{""count"":""8"",""minimum"":""31309371"",""median"":""36257939"",""maximum"":""44190972"",""p95"":""44190972"",""p99"":""44190972"",""mean"":""36824063.875"",""median_absolute_deviation"":""4109742.5"",""standard_deviation"":""4668248.141126""},""outcome_latency_nanos"":{""success"":{""count"":""8"",""minimum"":""31309371"",""median"":""36257939"",""maximum"":""44190972"",""p95"":""44190972"",""p99"":""44190972"",""mean"":""36824063.875"",""median_absolute_deviation"":""4109742.5"",""standard_deviation"":""4668248.141126""},""declared-error"":null,""platform-failure"":null,""transport-failure"":null,""client-timeout"":null,""client-overload"":null,""client-deadline-before-dispatch"":null,""invalid-response"":null},""all_offered_elapsed_nanos"":{""count"":""8"",""minimum"":""31506494"",""median"":""36483208.5"",""maximum"":""44305853"",""p95"":""44305853"",""p99"":""44305853"",""mean"":""37012299.875"",""median_absolute_deviation"":""4080431.5"",""standard_deviation"":""4624333.85646""},""successful_response_fraction"":""1"",""dispatch_lag_nanos"":{""count"":""8"",""minimum"":""78234"",""median"":""176536.5"",""maximum"":""363878"",""p95"":""363878"",""p99"":""363878"",""mean"":""188236"",""median_absolute_deviation"":""75765.5"",""standard_deviation"":""93427.710563""},""overshoot_nanos"":{""count"":""8"",""minimum"":""0"",""median"":""0"",""maximum"":""0"",""p95"":""0"",""p99"":""0"",""mean"":""0"",""median_absolute_deviation"":""0"",""standard_deviation"":""0""},""budget_successes"":""8"",""budget_misses"":""0"",""successes_per_second"":""26.84775"",""attempts_per_second"":""26.84775""}",26.84775,26.84775,1,8,0,26.799127,26.799127,31309371,36257939,44190972,44190972,44190972,31309371,36257939,44190972,44190972,44190972,31506494,36483208.5,44305853,44305853,44305853,78234,176536.5,363878,363878,363878,0,0,0,0,0
1,1,lsf,8,1,density-warmup,warmup,echo,4,9676888,"{""attempts"":""32"",""dispatched"":""32"",""undispatched"":""0"",""received"":""32"",""successful"":""32"",""semantic_mismatches"":""0"",""outcomes"":{""success"":""32""},""first_scheduled_nanos"":""332"",""last_completed_nanos"":""9577155"",""elapsed_nanos"":""9576823"",""throughput"":{""completed_attempts"":""32"",""successful_responses"":""32"",""elapsed_nanos"":""9576823""}}","{""counts"":{""attempts"":""32"",""dispatched"":""32"",""undispatched"":""0"",""received"":""32"",""successful"":""32"",""semantic_mismatches"":""0"",""outcomes"":{""success"":""32""},""first_scheduled_nanos"":""332"",""last_completed_nanos"":""9577155"",""elapsed_nanos"":""9576823"",""throughput"":{""completed_attempts"":""32"",""successful_responses"":""32"",""elapsed_nanos"":""9576823""}},""latency_nanos"":{""count"":""32"",""minimum"":""578496"",""median"":""837174.5"",""maximum"":""2585871"",""p95"":""2236195"",""p99"":""2585871"",""mean"":""982961.03125"",""median_absolute_deviation"":""135276.5"",""standard_deviation"":""466624.98816""},""latency_population"":""all-dispatched-including-failures"",""all_dispatched_latency_nanos"":{""count"":""32"",""minimum"":""578496"",""median"":""837174.5"",""maximum"":""2585871"",""p95"":""2236195"",""p99"":""2585871"",""mean"":""982961.03125"",""median_absolute_deviation"":""135276.5"",""standard_deviation"":""466624.98816""},""successful_response_latency_nanos"":{""count"":""32"",""minimum"":""578496"",""median"":""837174.5"",""maximum"":""2585871"",""p95"":""2236195"",""p99"":""2585871"",""mean"":""982961.03125"",""median_absolute_deviation"":""135276.5"",""standard_deviation"":""466624.98816""},""outcome_latency_nanos"":{""success"":{""count"":""32"",""minimum"":""578496"",""median"":""837174.5"",""maximum"":""2585871"",""p95"":""2236195"",""p99"":""2585871"",""mean"":""982961.03125"",""median_absolute_deviation"":""135276.5"",""standard_deviation"":""466624.98816""},""declared-error"":null,""platform-failure"":null,""transport-failure"":null,""client-timeout"":null,""client-overload"":null,""client-deadline-before-dispatch"":null,""invalid-response"":null},""all_offered_elapsed_nanos"":{""count"":""32"",""minimum"":""590982"",""median"":""884036"",""maximum"":""2741130"",""p95"":""2337907"",""p99"":""2741130"",""mean"":""1049842.625"",""median_absolute_deviation"":""143156"",""standard_deviation"":""493632.718783""},""successful_response_fraction"":""1"",""dispatch_lag_nanos"":{""count"":""32"",""minimum"":""12486"",""median"":""61816"",""maximum"":""181710"",""p95"":""155259"",""p99"":""181710"",""mean"":""66881.59375"",""median_absolute_deviation"":""16463.5"",""standard_deviation"":""34329.678648""},""overshoot_nanos"":{""count"":""32"",""minimum"":""0"",""median"":""0"",""maximum"":""0"",""p95"":""0"",""p99"":""0"",""mean"":""0"",""median_absolute_deviation"":""0"",""standard_deviation"":""0""},""budget_successes"":""32"",""budget_misses"":""0"",""successes_per_second"":""3341.400379"",""attempts_per_second"":""3341.400379""}",3341.400379,3341.400379,1,32,0,3306.848235,3306.848235,578496,837174.5,2236195,2585871,2585871,578496,837174.5,2236195,2585871,2585871,590982,884036,2337907,2741130,2741130,12486,61816,155259,181710,181710,0,0,0,0,0
1,1,lsf,8,2,density-measured,measured,echo,4,9597111,"{""attempts"":""32"",""dispatched"":""32"",""undispatched"":""0"",""received"":""32"",""successful"":""32"",""semantic_mismatches"":""0"",""outcomes"":{""success"":""32""},""first_scheduled_nanos"":""345"",""last_completed_nanos"":""9524140"",""elapsed_nanos"":""9523795"",""throughput"":{""completed_attempts"":""32"",""successful_responses"":""32"",""elapsed_nanos"":""9523795""}}","{""counts"":{""attempts"":""32"",""dispatched"":""32"",""undispatched"":""0"",""received"":""32"",""successful"":""32"",""semantic_mismatches"":""0"",""outcomes"":{""success"":""32""},""first_scheduled_nanos"":""345"",""last_completed_nanos"":""9524140"",""elapsed_nanos"":""9523795"",""throughput"":{""completed_attempts"":""32"",""successful_responses"":""32"",""elapsed_nanos"":""9523795""}},""latency_nanos"":{""count"":""32"",""minimum"":""592585"",""median"":""958671"",""maximum"":""1799922"",""p95"":""1454208"",""p99"":""1799922"",""mean"":""1012217.65625"",""median_absolute_deviation"":""133322"",""standard_deviation"":""257318.776972""},""latency_population"":""all-dispatched-including-failures"",""all_dispatched_latency_nanos"":{""count"":""32"",""minimum"":""592585"",""median"":""958671"",""maximum"":""1799922"",""p95"":""1454208"",""p99"":""1799922"",""mean"":""1012217.65625"",""median_absolute_deviation"":""133322"",""standard_deviation"":""257318.776972""},""successful_response_latency_nanos"":{""count"":""32"",""minimum"":""592585"",""median"":""958671"",""maximum"":""1799922"",""p95"":""1454208"",""p99"":""1799922"",""mean"":""1012217.65625"",""median_absolute_deviation"":""133322"",""standard_deviation"":""257318.776972""},""outcome_latency_nanos"":{""success"":{""count"":""32"",""minimum"":""592585"",""median"":""958671"",""maximum"":""1799922"",""p95"":""1454208"",""p99"":""1799922"",""mean"":""1012217.65625"",""median_absolute_deviation"":""133322"",""standard_deviation"":""257318.776972""},""declared-error"":null,""platform-failure"":null,""transport-failure"":null,""client-timeout"":null,""client-overload"":null,""client-deadline-before-dispatch"":null,""invalid-response"":null},""all_offered_elapsed_nanos"":{""count"":""32"",""minimum"":""647041"",""median"":""1005017"",""maximum"":""1858740"",""p95"":""1522099"",""p99"":""1858740"",""mean"":""1061093.3125"",""median_absolute_deviation"":""155971.5"",""standard_deviation"":""265806.064336""},""successful_response_fraction"":""1"",""dispatch_lag_nanos"":{""count"":""32"",""minimum"":""8720"",""median"":""54272.5"",""maximum"":""86293"",""p95"":""78358"",""p99"":""86293"",""mean"":""48875.65625"",""median_absolute_deviation"":""14510"",""standard_deviation"":""22564.468004""},""overshoot_nanos"":{""count"":""32"",""minimum"":""0"",""median"":""0"",""maximum"":""0"",""p95"":""0"",""p99"":""0"",""mean"":""0"",""median_absolute_deviation"":""0"",""standard_deviation"":""0""},""budget_successes"":""32"",""budget_misses"":""0"",""successes_per_second"":""3360.005124"",""attempts_per_second"":""3360.005124""}",3360.005124,3360.005124,1,32,0,3334.33676,3334.33676,592585,958671,1454208,1799922,1799922,592585,958671,1454208,1799922,1799922,647041,1005017,1522099,1858740,1858740,8720,54272.5,78358,86293,86293,0,0,0,0,0
1,2,lsf,32,0,first,first,echo,1,1151204121,"{""attempts"":""32"",""dispatched"":""32"",""undispatched"":""0"",""received"":""32"",""successful"":""32"",""semantic_mismatches"":""0"",""outcomes"":{""success"":""32""},""first_scheduled_nanos"":""300"",""last_completed_nanos"":""1150958231"",""elapsed_nanos"":""1150957931"",""throughput"":{""completed_attempts"":""32"",""successful_responses"":""32"",""elapsed_nanos"":""1150957931""}}","{""counts"":{""attempts"":""32"",""dispatched"":""32"",""undispatched"":""0"",""received"":""32"",""successful"":""32"",""semantic_mismatches"":""0"",""outcomes"":{""success"":""32""},""first_scheduled_nanos"":""300"",""last_completed_nanos"":""1150958231"",""elapsed_nanos"":""1150957931"",""throughput"":{""completed_attempts"":""32"",""successful_responses"":""32"",""elapsed_nanos"":""1150957931""}},""latency_nanos"":{""count"":""32"",""minimum"":""31850804"",""median"":""35040447.5"",""maximum"":""51431890"",""p95"":""40938325"",""p99"":""51431890"",""mean"":""35578686.4375"",""median_absolute_deviation"":""1736767"",""standard_deviation"":""3537735.676087""},""latency_population"":""all-dispatched-including-failures"",""all_dispatched_latency_nanos"":{""count"":""32"",""minimum"":""31850804"",""median"":""35040447.5"",""maximum"":""51431890"",""p95"":""40938325"",""p99"":""51431890"",""mean"":""35578686.4375"",""median_absolute_deviation"":""1736767"",""standard_deviation"":""3537735.676087""},""successful_response_latency_nanos"":{""count"":""32"",""minimum"":""31850804"",""median"":""35040447.5"",""maximum"":""51431890"",""p95"":""40938325"",""p99"":""51431890"",""mean"":""35578686.4375"",""median_absolute_deviation"":""1736767"",""standard_deviation"":""3537735.676087""},""outcome_latency_nanos"":{""success"":{""count"":""32"",""minimum"":""31850804"",""median"":""35040447.5"",""maximum"":""51431890"",""p95"":""40938325"",""p99"":""51431890"",""mean"":""35578686.4375"",""median_absolute_deviation"":""1736767"",""standard_deviation"":""3537735.676087""},""declared-error"":null,""platform-failure"":null,""transport-failure"":null,""client-timeout"":null,""client-overload"":null,""client-deadline-before-dispatch"":null,""invalid-response"":null},""all_offered_elapsed_nanos"":{""count"":""32"",""minimum"":""31913255"",""median"":""35135385"",""maximum"":""51556130"",""p95"":""41110161"",""p99"":""51556130"",""mean"":""35706538.0625"",""median_absolute_deviation"":""1706064.5"",""standard_deviation"":""3549677.617243""},""successful_response_fraction"":""1"",""dispatch_lag_nanos"":{""count"":""32"",""minimum"":""61675"",""median"":""104050"",""maximum"":""272200"",""p95"":""268255"",""p99"":""272200"",""mean"":""127851.625"",""median_absolute_deviation"":""20757"",""standard_deviation"":""61674.69493""},""overshoot_nanos"":{""count"":""32"",""minimum"":""0"",""median"":""0"",""maximum"":""0"",""p95"":""0"",""p99"":""0"",""mean"":""0"",""median_absolute_deviation"":""0"",""standard_deviation"":""0""},""budget_successes"":""32"",""budget_misses"":""0"",""successes_per_second"":""27.802928"",""attempts_per_second"":""27.802928""}",27.802928,27.802928,1,32,0,27.796982,27.796982,31850804,35040447.5,40938325,51431890,51431890,31850804,35040447.5,40938325,51431890,51431890,31913255,35135385,41110161,51556130,51556130,61675,104050,268255,272200,272200,0,0,0,0,0
1,2,lsf,32,1,density-warmup,warmup,echo,4,33136156,"{""attempts"":""128"",""dispatched"":""128"",""undispatched"":""0"",""received"":""128"",""successful"":""128"",""semantic_mismatches"":""0"",""outcomes"":{""success"":""128""},""first_scheduled_nanos"":""335"",""last_completed_nanos"":""33052072"",""elapsed_nanos"":""33051737"",""throughput"":{""completed_attempts"":""128"",""successful_responses"":""128"",""elapsed_nanos"":""33051737""}}","{""counts"":{""attempts"":""128"",""dispatched"":""128"",""undispatched"":""0"",""received"":""128"",""successful"":""128"",""semantic_mismatches"":""0"",""outcomes"":{""success"":""128""},""first_scheduled_nanos"":""335"",""last_completed_nanos"":""33052072"",""elapsed_nanos"":""33051737"",""throughput"":{""completed_attempts"":""128"",""successful_responses"":""128"",""elapsed_nanos"":""33051737""}},""latency_nanos"":{""count"":""128"",""minimum"":""550115"",""median"":""810752"",""maximum"":""2150113"",""p95"":""1389807"",""p99"":""2057731"",""mean"":""885763.625"",""median_absolute_deviation"":""122498"",""standard_deviation"":""266017.742045""},""latency_population"":""all-dispatched-including-failures"",""all_dispatched_latency_nanos"":{""count"":""128"",""minimum"":""550115"",""median"":""810752"",""maximum"":""2150113"",""p95"":""1389807"",""p99"":""2057731"",""mean"":""885763.625"",""median_absolute_deviation"":""122498"",""standard_deviation"":""266017.742045""},""successful_response_latency_nanos"":{""count"":""128"",""minimum"":""550115"",""median"":""810752"",""maximum"":""2150113"",""p95"":""1389807"",""p99"":""2057731"",""mean"":""885763.625"",""median_absolute_deviation"":""122498"",""standard_deviation"":""266017.742045""},""outcome_latency_nanos"":{""success"":{""count"":""128"",""minimum"":""550115"",""median"":""810752"",""maximum"":""2150113"",""p95"":""1389807"",""p99"":""2057731"",""mean"":""885763.625"",""median_absolute_deviation"":""122498"",""standard_deviation"":""266017.742045""},""declared-error"":null,""platform-failure"":null,""transport-failure"":null,""client-timeout"":null,""client-overload"":null,""client-deadline-before-dispatch"":null,""invalid-response"":null},""all_offered_elapsed_nanos"":{""count"":""128"",""minimum"":""569697"",""median"":""849548.5"",""maximum"":""2229428"",""p95"":""1447576"",""p99"":""2176350"",""mean"":""933389.046875"",""median_absolute_deviation"":""124439.5"",""standard_deviation"":""273913.620092""},""successful_response_fraction"":""1"",""dispatch_lag_nanos"":{""count"":""128"",""minimum"":""7759"",""median"":""50628.5"",""maximum"":""136639"",""p95"":""79315"",""p99"":""118619"",""mean"":""47625.421875"",""median_absolute_deviation"":""12842.5"",""standard_deviation"":""22835.930907""},""overshoot_nanos"":{""count"":""128"",""minimum"":""0"",""median"":""0"",""maximum"":""0"",""p95"":""0"",""p99"":""0"",""mean"":""0"",""median_absolute_deviation"":""0"",""standard_deviation"":""0""},""budget_successes"":""128"",""budget_misses"":""0"",""successes_per_second"":""3872.716281"",""attempts_per_second"":""3872.716281""}",3872.716281,3872.716281,1,128,0,3862.849994,3862.849994,550115,810752,1389807,2057731,2150113,550115,810752,1389807,2057731,2150113,569697,849548.5,1447576,2176350,2229428,7759,50628.5,79315,118619,136639,0,0,0,0,0
1,2,lsf,32,2,density-measured,measured,echo,4,37076300,"{""attempts"":""128"",""dispatched"":""128"",""undispatched"":""0"",""received"":""128"",""successful"":""128"",""semantic_mismatches"":""0"",""outcomes"":{""success"":""128""},""first_scheduled_nanos"":""283"",""last_completed_nanos"":""37011690"",""elapsed_nanos"":""37011407"",""throughput"":{""completed_attempts"":""128"",""successful_responses"":""128"",""elapsed_nanos"":""37011407""}}","{""counts"":{""attempts"":""128"",""dispatched"":""128"",""undispatched"":""0"",""received"":""128"",""successful"":""128"",""semantic_mismatches"":""0"",""outcomes"":{""success"":""128""},""first_scheduled_nanos"":""283"",""last_completed_nanos"":""37011690"",""elapsed_nanos"":""37011407"",""throughput"":{""completed_attempts"":""128"",""successful_responses"":""128"",""elapsed_nanos"":""37011407""}},""latency_nanos"":{""count"":""128"",""minimum"":""556572"",""median"":""924112"",""maximum"":""2177644"",""p95"":""1468850"",""p99"":""1946851"",""mean"":""990396.257812"",""median_absolute_deviation"":""175098.5"",""standard_deviation"":""285700.407492""},""latency_population"":""all-dispatched-including-failures"",""all_dispatched_latency_nanos"":{""count"":""128"",""minimum"":""556572"",""median"":""924112"",""maximum"":""2177644"",""p95"":""1468850"",""p99"":""1946851"",""mean"":""990396.257812"",""median_absolute_deviation"":""175098.5"",""standard_deviation"":""285700.407492""},""successful_response_latency_nanos"":{""count"":""128"",""minimum"":""556572"",""median"":""924112"",""maximum"":""2177644"",""p95"":""1468850"",""p99"":""1946851"",""mean"":""990396.257812"",""median_absolute_deviation"":""175098.5"",""standard_deviation"":""285700.407492""},""outcome_latency_nanos"":{""success"":{""count"":""128"",""minimum"":""556572"",""median"":""924112"",""maximum"":""2177644"",""p95"":""1468850"",""p99"":""1946851"",""mean"":""990396.257812"",""median_absolute_deviation"":""175098.5"",""standard_deviation"":""285700.407492""},""declared-error"":null,""platform-failure"":null,""transport-failure"":null,""client-timeout"":null,""client-overload"":null,""client-deadline-before-dispatch"":null,""invalid-response"":null},""all_offered_elapsed_nanos"":{""count"":""128"",""minimum"":""607657"",""median"":""969105.5"",""maximum"":""2251135"",""p95"":""1751256"",""p99"":""2098551"",""mean"":""1047719.492188"",""median_absolute_deviation"":""168302"",""standard_deviation"":""299569.800986""},""successful_response_fraction"":""1"",""dispatch_lag_nanos"":{""count"":""128"",""minimum"":""8919"",""median"":""56358"",""maximum"":""385262"",""p95"":""97998"",""p99"":""171111"",""mean"":""57323.234375"",""median_absolute_deviation"":""11171"",""standard_deviation"":""39498.833693""},""overshoot_nanos"":{""count"":""128"",""minimum"":""0"",""median"":""0"",""maximum"":""0"",""p95"":""0"",""p99"":""0"",""mean"":""0"",""median_absolute_deviation"":""0"",""standard_deviation"":""0""},""budget_successes"":""128"",""budget_misses"":""0"",""successes_per_second"":""3458.393246"",""attempts_per_second"":""3458.393246""}",3458.393246,3458.393246,1,128,0,3452.340174,3452.340174,556572,924112,1468850,1946851,2177644,556572,924112,1468850,1946851,2177644,607657,969105.5,1751256,2098551,2251135,8919,56358,97998,171111,385262,0,0,0,0,0
1,3,native,32,0,first,first,echo,1,24263782,"{""attempts"":""32"",""dispatched"":""32"",""undispatched"":""0"",""received"":""32"",""successful"":""32"",""semantic_mismatches"":""0"",""outcomes"":{""success"":""32""},""first_scheduled_nanos"":""351"",""last_completed_nanos"":""24124972"",""elapsed_nanos"":""24124621"",""throughput"":{""completed_attempts"":""32"",""successful_responses"":""32"",""elapsed_nanos"":""24124621""}}","{""counts"":{""attempts"":""32"",""dispatched"":""32"",""undispatched"":""0"",""received"":""32"",""successful"":""32"",""semantic_mismatches"":""0"",""outcomes"":{""success"":""32""},""first_scheduled_nanos"":""351"",""last_completed_nanos"":""24124972"",""elapsed_nanos"":""24124621"",""throughput"":{""completed_attempts"":""32"",""successful_responses"":""32"",""elapsed_nanos"":""24124621""}},""latency_nanos"":{""count"":""32"",""minimum"":""394334"",""median"":""554731"",""maximum"":""949327"",""p95"":""909511"",""p99"":""949327"",""mean"":""583019.875"",""median_absolute_deviation"":""68834"",""standard_deviation"":""135145.822166""},""latency_population"":""all-dispatched-including-failures"",""all_dispatched_latency_nanos"":{""count"":""32"",""minimum"":""394334"",""median"":""554731"",""maximum"":""949327"",""p95"":""909511"",""p99"":""949327"",""mean"":""583019.875"",""median_absolute_deviation"":""68834"",""standard_deviation"":""135145.822166""},""successful_response_latency_nanos"":{""count"":""32"",""minimum"":""394334"",""median"":""554731"",""maximum"":""949327"",""p95"":""909511"",""p99"":""949327"",""mean"":""583019.875"",""median_absolute_deviation"":""68834"",""standard_deviation"":""135145.822166""},""outcome_latency_nanos"":{""success"":{""count"":""32"",""minimum"":""394334"",""median"":""554731"",""maximum"":""949327"",""p95"":""909511"",""p99"":""949327"",""mean"":""583019.875"",""median_absolute_deviation"":""68834"",""standard_deviation"":""135145.822166""},""declared-error"":null,""platform-failure"":null,""transport-failure"":null,""client-timeout"":null,""client-overload"":null,""client-deadline-before-dispatch"":null,""invalid-response"":null},""all_offered_elapsed_nanos"":{""count"":""32"",""minimum"":""444468"",""median"":""623655"",""maximum"":""1042181"",""p95"":""996600"",""p99"":""1042181"",""mean"":""653634.65625"",""median_absolute_deviation"":""81515"",""standard_deviation"":""148044.931011""},""successful_response_fraction"":""1"",""dispatch_lag_nanos"":{""count"":""32"",""minimum"":""44685"",""median"":""66275"",""maximum"":""132670"",""p95"":""117951"",""p99"":""132670"",""mean"":""70614.78125"",""median_absolute_deviation"":""14513.5"",""standard_deviation"":""22700.199483""},""overshoot_nanos"":{""count"":""32"",""minimum"":""0"",""median"":""0"",""maximum"":""0"",""p95"":""0"",""p99"":""0"",""mean"":""0"",""median_absolute_deviation"":""0"",""standard_deviation"":""0""},""budget_successes"":""32"",""budget_misses"":""0"",""successes_per_second"":""1326.445709"",""attempts_per_second"":""1326.445709""}",1326.445709,1326.445709,1,32,0,1318.838094,1318.838094,394334,554731,909511,949327,949327,394334,554731,909511,949327,949327,444468,623655,996600,1042181,1042181,44685,66275,117951,132670,132670,0,0,0,0,0
1,3,native,32,1,density-warmup,warmup,echo,4,18049918,"{""attempts"":""128"",""dispatched"":""128"",""undispatched"":""0"",""received"":""128"",""successful"":""128"",""semantic_mismatches"":""0"",""outcomes"":{""success"":""128""},""first_scheduled_nanos"":""335"",""last_completed_nanos"":""17972084"",""elapsed_nanos"":""17971749"",""throughput"":{""completed_attempts"":""128"",""successful_responses"":""128"",""elapsed_nanos"":""17971749""}}","{""counts"":{""attempts"":""128"",""dispatched"":""128"",""undispatched"":""0"",""received"":""128"",""successful"":""128"",""semantic_mismatches"":""0"",""outcomes"":{""success"":""128""},""first_scheduled_nanos"":""335"",""last_completed_nanos"":""17972084"",""elapsed_nanos"":""17971749"",""throughput"":{""completed_attempts"":""128"",""successful_responses"":""128"",""elapsed_nanos"":""17971749""}},""latency_nanos"":{""count"":""128"",""minimum"":""277371"",""median"":""394599.5"",""maximum"":""759821"",""p95"":""563278"",""p99"":""711828"",""mean"":""409645.28125"",""median_absolute_deviation"":""46753"",""standard_deviation"":""83427.274869""},""latency_population"":""all-dispatched-including-failures"",""all_dispatched_latency_nanos"":{""count"":""128"",""minimum"":""277371"",""median"":""394599.5"",""maximum"":""759821"",""p95"":""563278"",""p99"":""711828"",""mean"":""409645.28125"",""median_absolute_deviation"":""46753"",""standard_deviation"":""83427.274869""},""successful_response_latency_nanos"":{""count"":""128"",""minimum"":""277371"",""median"":""394599.5"",""maximum"":""759821"",""p95"":""563278"",""p99"":""711828"",""mean"":""409645.28125"",""median_absolute_deviation"":""46753"",""standard_deviation"":""83427.274869""},""outcome_latency_nanos"":{""success"":{""count"":""128"",""minimum"":""277371"",""median"":""394599.5"",""maximum"":""759821"",""p95"":""563278"",""p99"":""711828"",""mean"":""409645.28125"",""median_absolute_deviation"":""46753"",""standard_deviation"":""83427.274869""},""declared-error"":null,""platform-failure"":null,""transport-failure"":null,""client-timeout"":null,""client-overload"":null,""client-deadline-before-dispatch"":null,""invalid-response"":null},""all_offered_elapsed_nanos"":{""count"":""128"",""minimum"":""314681"",""median"":""432934.5"",""maximum"":""863773"",""p95"":""589272"",""p99"":""842434"",""mean"":""452588.90625"",""median_absolute_deviation"":""44340"",""standard_deviation"":""92328.204341""},""successful_response_fraction"":""1"",""dispatch_lag_nanos"":{""count"":""128"",""minimum"":""6789"",""median"":""37088"",""maximum"":""142485"",""p95"":""80648"",""p99"":""130606"",""mean"":""42943.625"",""median_absolute_deviation"":""18452"",""standard_deviation"":""25873.344239""},""overshoot_nanos"":{""count"":""128"",""minimum"":""0"",""median"":""0"",""maximum"":""0"",""p95"":""0"",""p99"":""0"",""mean"":""0"",""median_absolute_deviation"":""0"",""standard_deviation"":""0""},""budget_successes"":""128"",""budget_misses"":""0"",""successes_per_second"":""7122.289545"",""attempts_per_second"":""7122.289545""}",7122.289545,7122.289545,1,128,0,7091.444958,7091.444958,277371,394599.5,563278,711828,759821,277371,394599.5,563278,711828,759821,314681,432934.5,589272,842434,863773,6789,37088,80648,130606,142485,0,0,0,0,0
1,3,native,32,2,density-measured,measured,echo,4,17466863,"{""attempts"":""128"",""dispatched"":""128"",""undispatched"":""0"",""received"":""128"",""successful"":""128"",""semantic_mismatches"":""0"",""outcomes"":{""success"":""128""},""first_scheduled_nanos"":""205"",""last_completed_nanos"":""17379247"",""elapsed_nanos"":""17379042"",""throughput"":{""completed_attempts"":""128"",""successful_responses"":""128"",""elapsed_nanos"":""17379042""}}","{""counts"":{""attempts"":""128"",""dispatched"":""128"",""undispatched"":""0"",""received"":""128"",""successful"":""128"",""semantic_mismatches"":""0"",""outcomes"":{""success"":""128""},""first_scheduled_nanos"":""205"",""last_completed_nanos"":""17379247"",""elapsed_nanos"":""17379042"",""throughput"":{""completed_attempts"":""128"",""successful_responses"":""128"",""elapsed_nanos"":""17379042""}},""latency_nanos"":{""count"":""128"",""minimum"":""268894"",""median"":""365522.5"",""maximum"":""762828"",""p95"":""508144"",""p99"":""591143"",""mean"":""380777.15625"",""median_absolute_deviation"":""37486"",""standard_deviation"":""68364.878222""},""latency_population"":""all-dispatched-including-failures"",""all_dispatched_latency_nanos"":{""count"":""128"",""minimum"":""268894"",""median"":""365522.5"",""maximum"":""762828"",""p95"":""508144"",""p99"":""591143"",""mean"":""380777.15625"",""median_absolute_deviation"":""37486"",""standard_deviation"":""68364.878222""},""successful_response_latency_nanos"":{""count"":""128"",""minimum"":""268894"",""median"":""365522.5"",""maximum"":""762828"",""p95"":""508144"",""p99"":""591143"",""mean"":""380777.15625"",""median_absolute_deviation"":""37486"",""standard_deviation"":""68364.878222""},""outcome_latency_nanos"":{""success"":{""count"":""128"",""minimum"":""268894"",""median"":""365522.5"",""maximum"":""762828"",""p95"":""508144"",""p99"":""591143"",""mean"":""380777.15625"",""median_absolute_deviation"":""37486"",""standard_deviation"":""68364.878222""},""declared-error"":null,""platform-failure"":null,""transport-failure"":null,""client-timeout"":null,""client-overload"":null,""client-deadline-before-dispatch"":null,""invalid-response"":null},""all_offered_elapsed_nanos"":{""count"":""128"",""minimum"":""314856"",""median"":""406067"",""maximum"":""804335"",""p95"":""546098"",""p99"":""609644"",""mean"":""420561.632812"",""median_absolute_deviation"":""39476"",""standard_deviation"":""71283.147199""},""successful_response_fraction"":""1"",""dispatch_lag_nanos"":{""count"":""128"",""minimum"":""6625"",""median"":""40723"",""maximum"":""87318"",""p95"":""69570"",""p99"":""83561"",""mean"":""39784.476562"",""median_absolute_deviation"":""17081"",""standard_deviation"":""19983.399118""},""overshoot_nanos"":{""count"":""128"",""minimum"":""0"",""median"":""0"",""maximum"":""0"",""p95"":""0"",""p99"":""0"",""mean"":""0"",""median_absolute_deviation"":""0"",""standard_deviation"":""0""},""budget_successes"":""128"",""budget_misses"":""0"",""successes_per_second"":""7365.193087"",""attempts_per_second"":""7365.193087""}",7365.193087,7365.193087,1,128,0,7328.161903,7328.161903,268894,365522.5,508144,591143,762828,268894,365522.5,508144,591143,762828,314856,406067,546098,609644,804335,6625,40723,69570,83561,87318,0,0,0,0,0
1,4,native,1,0,first,first,echo,1,1405355,"{""attempts"":""1"",""dispatched"":""1"",""undispatched"":""0"",""received"":""1"",""successful"":""1"",""semantic_mismatches"":""0"",""outcomes"":{""success"":""1""},""first_scheduled_nanos"":""378"",""last_completed_nanos"":""1180112"",""elapsed_nanos"":""1179734"",""throughput"":{""completed_attempts"":""1"",""successful_responses"":""1"",""elapsed_nanos"":""1179734""}}","{""counts"":{""attempts"":""1"",""dispatched"":""1"",""undispatched"":""0"",""received"":""1"",""successful"":""1"",""semantic_mismatches"":""0"",""outcomes"":{""success"":""1""},""first_scheduled_nanos"":""378"",""last_completed_nanos"":""1180112"",""elapsed_nanos"":""1179734"",""throughput"":{""completed_attempts"":""1"",""successful_responses"":""1"",""elapsed_nanos"":""1179734""}},""latency_nanos"":{""count"":""1"",""minimum"":""1063113"",""median"":""1063113"",""maximum"":""1063113"",""p95"":""1063113"",""p99"":""1063113"",""mean"":""1063113"",""median_absolute_deviation"":""0"",""standard_deviation"":""0""},""latency_population"":""all-dispatched-including-failures"",""all_dispatched_latency_nanos"":{""count"":""1"",""minimum"":""1063113"",""median"":""1063113"",""maximum"":""1063113"",""p95"":""1063113"",""p99"":""1063113"",""mean"":""1063113"",""median_absolute_deviation"":""0"",""standard_deviation"":""0""},""successful_response_latency_nanos"":{""count"":""1"",""minimum"":""1063113"",""median"":""1063113"",""maximum"":""1063113"",""p95"":""1063113"",""p99"":""1063113"",""mean"":""1063113"",""median_absolute_deviation"":""0"",""standard_deviation"":""0""},""outcome_latency_nanos"":{""success"":{""count"":""1"",""minimum"":""1063113"",""median"":""1063113"",""maximum"":""1063113"",""p95"":""1063113"",""p99"":""1063113"",""mean"":""1063113"",""median_absolute_deviation"":""0"",""standard_deviation"":""0""},""declared-error"":null,""platform-failure"":null,""transport-failure"":null,""client-timeout"":null,""client-overload"":null,""client-deadline-before-dispatch"":null,""invalid-response"":null},""all_offered_elapsed_nanos"":{""count"":""1"",""minimum"":""1179734"",""median"":""1179734"",""maximum"":""1179734"",""p95"":""1179734"",""p99"":""1179734"",""mean"":""1179734"",""median_absolute_deviation"":""0"",""standard_deviation"":""0""},""successful_response_fraction"":""1"",""dispatch_lag_nanos"":{""count"":""1"",""minimum"":""116621"",""median"":""116621"",""maximum"":""116621"",""p95"":""116621"",""p99"":""116621"",""mean"":""116621"",""median_absolute_deviation"":""0"",""standard_deviation"":""0""},""overshoot_nanos"":{""count"":""1"",""minimum"":""0"",""median"":""0"",""maximum"":""0"",""p95"":""0"",""p99"":""0"",""mean"":""0"",""median_absolute_deviation"":""0"",""standard_deviation"":""0""},""budget_successes"":""1"",""budget_misses"":""0"",""successes_per_second"":""847.648707"",""attempts_per_second"":""847.648707""}",847.648707,847.648707,1,1,0,711.563982,711.563982,1063113,1063113,1063113,1063113,1063113,1063113,1063113,1063113,1063113,1063113,1179734,1179734,1179734,1179734,1179734,116621,116621,116621,116621,116621,0,0,0,0,0
1,4,native,1,1,density-warmup,warmup,echo,4,1148270,"{""attempts"":""4"",""dispatched"":""4"",""undispatched"":""0"",""received"":""4"",""successful"":""4"",""semantic_mismatches"":""0"",""outcomes"":{""success"":""4""},""first_scheduled_nanos"":""657"",""last_completed_nanos"":""1032244"",""elapsed_nanos"":""1031587"",""throughput"":{""completed_attempts"":""4"",""successful_responses"":""4"",""elapsed_nanos"":""1031587""}}","{""counts"":{""attempts"":""4"",""dispatched"":""4"",""undispatched"":""0"",""received"":""4"",""successful"":""4"",""semantic_mismatches"":""0"",""outcomes"":{""success"":""4""},""first_scheduled_nanos"":""657"",""last_completed_nanos"":""1032244"",""elapsed_nanos"":""1031587"",""throughput"":{""completed_attempts"":""4"",""successful_responses"":""4"",""elapsed_nanos"":""1031587""}},""latency_nanos"":{""count"":""4"",""minimum"":""718570"",""median"":""841501"",""maximum"":""883189"",""p95"":""883189"",""p99"":""883189"",""mean"":""821190.25"",""median_absolute_deviation"":""32494"",""standard_deviation"":""63807.511005""},""latency_population"":""all-dispatched-including-failures"",""all_dispatched_latency_nanos"":{""count"":""4"",""minimum"":""718570"",""median"":""841501"",""maximum"":""883189"",""p95"":""883189"",""p99"":""883189"",""mean"":""821190.25"",""median_absolute_deviation"":""32494"",""standard_deviation"":""63807.511005""},""successful_response_latency_nanos"":{""count"":""4"",""minimum"":""718570"",""median"":""841501"",""maximum"":""883189"",""p95"":""883189"",""p99"":""883189"",""mean"":""821190.25"",""median_absolute_deviation"":""32494"",""standard_deviation"":""63807.511005""},""outcome_latency_nanos"":{""success"":{""count"":""4"",""minimum"":""718570"",""median"":""841501"",""maximum"":""883189"",""p95"":""883189"",""p99"":""883189"",""mean"":""821190.25"",""median_absolute_deviation"":""32494"",""standard_deviation"":""63807.511005""},""declared-error"":null,""platform-failure"":null,""transport-failure"":null,""client-timeout"":null,""client-overload"":null,""client-deadline-before-dispatch"":null,""invalid-response"":null},""all_offered_elapsed_nanos"":{""count"":""4"",""minimum"":""836724"",""median"":""939321.5"",""maximum"":""1031587"",""p95"":""1031587"",""p99"":""1031587"",""mean"":""936738.5"",""median_absolute_deviation"":""49438.5"",""standard_deviation"":""69101.204412""},""successful_response_fraction"":""1"",""dispatch_lag_nanos"":{""count"":""4"",""minimum"":""81132"",""median"":""116331.5"",""maximum"":""148398"",""p95"":""148398"",""p99"":""148398"",""mean"":""115548.25"",""median_absolute_deviation"":""16944.5"",""standard_deviation"":""23829.888338""},""overshoot_nanos"":{""count"":""4"",""minimum"":""0"",""median"":""0"",""maximum"":""0"",""p95"":""0"",""p99"":""0"",""mean"":""0"",""median_absolute_deviation"":""0"",""standard_deviation"":""0""},""budget_successes"":""4"",""budget_misses"":""0"",""successes_per_second"":""3877.520752"",""attempts_per_second"":""3877.520752""}",3877.520752,3877.520752,1,4,0,3483.501267,3483.501267,718570,841501,883189,883189,883189,718570,841501,883189,883189,883189,836724,939321.5,1031587,1031587,1031587,81132,116331.5,148398,148398,148398,0,0,0,0,0
1,4,native,1,2,density-measured,measured,echo,4,1333942,"{""attempts"":""4"",""dispatched"":""4"",""undispatched"":""0"",""received"":""4"",""successful"":""4"",""semantic_mismatches"":""0"",""outcomes"":{""success"":""4""},""first_scheduled_nanos"":""763"",""last_completed_nanos"":""1236545"",""elapsed_nanos"":""1235782"",""throughput"":{""completed_attempts"":""4"",""successful_responses"":""4"",""elapsed_nanos"":""1235782""}}","{""counts"":{""attempts"":""4"",""dispatched"":""4"",""undispatched"":""0"",""received"":""4"",""successful"":""4"",""semantic_mismatches"":""0"",""outcomes"":{""success"":""4""},""first_scheduled_nanos"":""763"",""last_completed_nanos"":""1236545"",""elapsed_nanos"":""1235782"",""throughput"":{""completed_attempts"":""4"",""successful_responses"":""4"",""elapsed_nanos"":""1235782""}},""latency_nanos"":{""count"":""4"",""minimum"":""1030017"",""median"":""1081933"",""maximum"":""1133728"",""p95"":""1133728"",""p99"":""1133728"",""mean"":""1081902.75"",""median_absolute_deviation"":""37194.5"",""standard_deviation"":""39996.772035""},""latency_population"":""all-dispatched-including-failures"",""all_dispatched_latency_nanos"":{""count"":""4"",""minimum"":""1030017"",""median"":""1081933"",""maximum"":""1133728"",""p95"":""1133728"",""p99"":""1133728"",""mean"":""1081902.75"",""median_absolute_deviation"":""37194.5"",""standard_deviation"":""39996.772035""},""successful_response_latency_nanos"":{""count"":""4"",""minimum"":""1030017"",""median"":""1081933"",""maximum"":""1133728"",""p95"":""1133728"",""p99"":""1133728"",""mean"":""1081902.75"",""median_absolute_deviation"":""37194.5"",""standard_deviation"":""39996.772035""},""outcome_latency_nanos"":{""success"":{""count"":""4"",""minimum"":""1030017"",""median"":""1081933"",""maximum"":""1133728"",""p95"":""1133728"",""p99"":""1133728"",""mean"":""1081902.75"",""median_absolute_deviation"":""37194.5"",""standard_deviation"":""39996.772035""},""declared-error"":null,""platform-failure"":null,""transport-failure"":null,""client-timeout"":null,""client-overload"":null,""client-deadline-before-dispatch"":null,""invalid-response"":null},""all_offered_elapsed_nanos"":{""count"":""4"",""minimum"":""1101921"",""median"":""1137576"",""maximum"":""1235782"",""p95"":""1235782"",""p99"":""1235782"",""mean"":""1153213.75"",""median_absolute_deviation"":""24295.5"",""standard_deviation"":""50675.98236""},""successful_response_fraction"":""1"",""dispatch_lag_nanos"":{""count"":""4"",""minimum"":""45985"",""median"":""68602.5"",""maximum"":""102054"",""p95"":""102054"",""p99"":""102054"",""mean"":""71311"",""median_absolute_deviation"":""12959.5"",""standard_deviation"":""20143.299593""},""overshoot_nanos"":{""count"":""4"",""minimum"":""0"",""median"":""0"",""maximum"":""0"",""p95"":""0"",""p99"":""0"",""mean"":""0"",""median_absolute_deviation"":""0"",""standard_deviation"":""0""},""budget_successes"":""4"",""budget_misses"":""0"",""successes_per_second"":""3236.81685"",""attempts_per_second"":""3236.81685""}",3236.81685,3236.81685,1,4,0,2998.631125,2998.631125,1030017,1081933,1133728,1133728,1133728,1030017,1081933,1133728,1133728,1133728,1101921,1137576,1235782,1235782,1235782,45985,68602.5,102054,102054,102054,0,0,0,0,0
1,4,native,1,3,echo-c1-warmup,warmup,echo,1,4581033,"{""attempts"":""8"",""dispatched"":""8"",""undispatched"":""0"",""received"":""8"",""successful"":""8"",""semantic_mismatches"":""0"",""outcomes"":{""success"":""8""},""first_scheduled_nanos"":""245"",""last_completed_nanos"":""4491470"",""elapsed_nanos"":""4491225"",""throughput"":{""completed_attempts"":""8"",""successful_responses"":""8"",""elapsed_nanos"":""4491225""}}","{""counts"":{""attempts"":""8"",""dispatched"":""8"",""undispatched"":""0"",""received"":""8"",""successful"":""8"",""semantic_mismatches"":""0"",""outcomes"":{""success"":""8""},""first_scheduled_nanos"":""245"",""last_completed_nanos"":""4491470"",""elapsed_nanos"":""4491225"",""throughput"":{""completed_attempts"":""8"",""successful_responses"":""8"",""elapsed_nanos"":""4491225""}},""latency_nanos"":{""count"":""8"",""minimum"":""313132"",""median"":""354873"",""maximum"":""644911"",""p95"":""644911"",""p99"":""644911"",""mean"":""394381.875"",""median_absolute_deviation"":""24980"",""standard_deviation"":""100351.028344""},""latency_population"":""all-dispatched-including-failures"",""all_dispatched_latency_nanos"":{""count"":""8"",""minimum"":""313132"",""median"":""354873"",""maximum"":""644911"",""p95"":""644911"",""p99"":""644911"",""mean"":""394381.875"",""median_absolute_deviation"":""24980"",""standard_deviation"":""100351.028344""},""successful_response_latency_nanos"":{""count"":""8"",""minimum"":""313132"",""median"":""354873"",""maximum"":""644911"",""p95"":""644911"",""p99"":""644911"",""mean"":""394381.875"",""median_absolute_deviation"":""24980"",""standard_deviation"":""100351.028344""},""outcome_latency_nanos"":{""success"":{""count"":""8"",""minimum"":""313132"",""median"":""354873"",""maximum"":""644911"",""p95"":""644911"",""p99"":""644911"",""mean"":""394381.875"",""median_absolute_deviation"":""24980"",""standard_deviation"":""100351.028344""},""declared-error"":null,""platform-failure"":null,""transport-failure"":null,""client-timeout"":null,""client-overload"":null,""client-deadline-before-dispatch"":null,""invalid-response"":null},""all_offered_elapsed_nanos"":{""count"":""8"",""minimum"":""368642"",""median"":""422575.5"",""maximum"":""720992"",""p95"":""720992"",""p99"":""720992"",""mean"":""459885.25"",""median_absolute_deviation"":""25339"",""standard_deviation"":""106418.42433""},""successful_response_fraction"":""1"",""dispatch_lag_nanos"":{""count"":""8"",""minimum"":""55082"",""median"":""62211.5"",""maximum"":""81498"",""p95"":""81498"",""p99"":""81498"",""mean"":""65503.375"",""median_absolute_deviation"":""6915.5"",""standard_deviation"":""9833.289479""},""overshoot_nanos"":{""count"":""8"",""minimum"":""0"",""median"":""0"",""maximum"":""0"",""p95"":""0"",""p99"":""0"",""mean"":""0"",""median_absolute_deviation"":""0"",""standard_deviation"":""0""},""budget_successes"":""8"",""budget_misses"":""0"",""successes_per_second"":""1781.251218"",""attempts_per_second"":""1781.251218""}",1781.251218,1781.251218,1,8,0,1746.331013,1746.331013,313132,354873,644911,644911,644911,313132,354873,644911,644911,644911,368642,422575.5,720992,720992,720992,55082,62211.5,81498,81498,81498,0,0,0,0,0
1,4,native,1,4,echo-c1-measured,measured,echo,1,70884914,"{""attempts"":""128"",""dispatched"":""128"",""undispatched"":""0"",""received"":""128"",""successful"":""128"",""semantic_mismatches"":""0"",""outcomes"":{""success"":""128""},""first_scheduled_nanos"":""286"",""last_completed_nanos"":""70822549"",""elapsed_nanos"":""70822263"",""throughput"":{""completed_attempts"":""128"",""successful_responses"":""128"",""elapsed_nanos"":""70822263""}}","{""counts"":{""attempts"":""128"",""dispatched"":""128"",""undispatched"":""0"",""received"":""128"",""successful"":""128"",""semantic_mismatches"":""0"",""outcomes"":{""success"":""128""},""first_scheduled_nanos"":""286"",""last_completed_nanos"":""70822549"",""elapsed_nanos"":""70822263"",""throughput"":{""completed_attempts"":""128"",""successful_responses"":""128"",""elapsed_nanos"":""70822263""}},""latency_nanos"":{""count"":""128"",""minimum"":""218842"",""median"":""332968"",""maximum"":""807825"",""p95"":""683542"",""p99"":""805515"",""mean"":""373653.492188"",""median_absolute_deviation"":""55339.5"",""standard_deviation"":""131912.705312""},""latency_population"":""all-dispatched-including-failures"",""all_dispatched_latency_nanos"":{""count"":""128"",""minimum"":""218842"",""median"":""332968"",""maximum"":""807825"",""p95"":""683542"",""p99"":""805515"",""mean"":""373653.492188"",""median_absolute_deviation"":""55339.5"",""standard_deviation"":""131912.705312""},""successful_response_latency_nanos"":{""count"":""128"",""minimum"":""218842"",""median"":""332968"",""maximum"":""807825"",""p95"":""683542"",""p99"":""805515"",""mean"":""373653.492188"",""median_absolute_deviation"":""55339.5"",""standard_deviation"":""131912.705312""},""outcome_latency_nanos"":{""success"":{""count"":""128"",""minimum"":""218842"",""median"":""332968"",""maximum"":""807825"",""p95"":""683542"",""p99"":""805515"",""mean"":""373653.492188"",""median_absolute_deviation"":""55339.5"",""standard_deviation"":""131912.705312""},""declared-error"":null,""platform-failure"":null,""transport-failure"":null,""client-timeout"":null,""client-overload"":null,""client-deadline-before-dispatch"":null,""invalid-response"":null},""all_offered_elapsed_nanos"":{""count"":""128"",""minimum"":""264959"",""median"":""395612"",""maximum"":""932280"",""p95"":""808600"",""p99"":""916757"",""mean"":""444534.945312"",""median_absolute_deviation"":""66169.5"",""standard_deviation"":""152409.864849""},""successful_response_fraction"":""1"",""dispatch_lag_nanos"":{""count"":""128"",""minimum"":""37702"",""median"":""60245.5"",""maximum"":""229616"",""p95"":""139215"",""p99"":""221912"",""mean"":""70881.453125"",""median_absolute_deviation"":""8099.5"",""standard_deviation"":""32936.666459""},""overshoot_nanos"":{""count"":""128"",""minimum"":""0"",""median"":""0"",""maximum"":""0"",""p95"":""0"",""p99"":""0"",""mean"":""0"",""median_absolute_deviation"":""0"",""standard_deviation"":""0""},""budget_successes"":""128"",""budget_misses"":""0"",""successes_per_second"":""1807.341288"",""attempts_per_second"":""1807.341288""}",1807.341288,1807.341288,1,128,0,1805.743885,1805.743885,218842,332968,683542,805515,807825,218842,332968,683542,805515,807825,264959,395612,808600,916757,932280,37702,60245.5,139215,221912,229616,0,0,0,0,0
1,4,native,1,5,compute-c1-warmup,warmup,compute,1,2424722,"{""attempts"":""4"",""dispatched"":""4"",""undispatched"":""0"",""received"":""4"",""successful"":""4"",""semantic_mismatches"":""0"",""outcomes"":{""success"":""4""},""first_scheduled_nanos"":""221"",""last_completed_nanos"":""2327320"",""elapsed_nanos"":""2327099"",""throughput"":{""completed_attempts"":""4"",""successful_responses"":""4"",""elapsed_nanos"":""2327099""}}","{""counts"":{""attempts"":""4"",""dispatched"":""4"",""undispatched"":""0"",""received"":""4"",""successful"":""4"",""semantic_mismatches"":""0"",""outcomes"":{""success"":""4""},""first_scheduled_nanos"":""221"",""last_completed_nanos"":""2327320"",""elapsed_nanos"":""2327099"",""throughput"":{""completed_attempts"":""4"",""successful_responses"":""4"",""elapsed_nanos"":""2327099""}},""latency_nanos"":{""count"":""4"",""minimum"":""383858"",""median"":""437149.5"",""maximum"":""481252"",""p95"":""481252"",""p99"":""481252"",""mean"":""434852.25"",""median_absolute_deviation"":""31528"",""standard_deviation"":""37021.532156""},""latency_population"":""all-dispatched-including-failures"",""all_dispatched_latency_nanos"":{""count"":""4"",""minimum"":""383858"",""median"":""437149.5"",""maximum"":""481252"",""p95"":""481252"",""p99"":""481252"",""mean"":""434852.25"",""median_absolute_deviation"":""31528"",""standard_deviation"":""37021.532156""},""successful_response_latency_nanos"":{""count"":""4"",""minimum"":""383858"",""median"":""437149.5"",""maximum"":""481252"",""p95"":""481252"",""p99"":""481252"",""mean"":""434852.25"",""median_absolute_deviation"":""31528"",""standard_deviation"":""37021.532156""},""outcome_latency_nanos"":{""success"":{""count"":""4"",""minimum"":""383858"",""median"":""437149.5"",""maximum"":""481252"",""p95"":""481252"",""p99"":""481252"",""mean"":""434852.25"",""median_absolute_deviation"":""31528"",""standard_deviation"":""37021.532156""},""declared-error"":null,""platform-failure"":null,""transport-failure"":null,""client-timeout"":null,""client-overload"":null,""client-deadline-before-dispatch"":null,""invalid-response"":null},""all_offered_elapsed_nanos"":{""count"":""4"",""minimum"":""461968"",""median"":""504887"",""maximum"":""542027"",""p95"":""542027"",""p99"":""542027"",""mean"":""503442.25"",""median_absolute_deviation"":""34681"",""standard_deviation"":""36364.768385""},""successful_response_fraction"":""1"",""dispatch_lag_nanos"":{""count"":""4"",""minimum"":""54469"",""median"":""69442.5"",""maximum"":""81006"",""p95"":""81006"",""p99"":""81006"",""mean"":""68590"",""median_absolute_deviation"":""10115.5"",""standard_deviation"":""11239.042686""},""overshoot_nanos"":{""count"":""4"",""minimum"":""0"",""median"":""0"",""maximum"":""0"",""p95"":""0"",""p99"":""0"",""mean"":""0"",""median_absolute_deviation"":""0"",""standard_deviation"":""0""},""budget_successes"":""4"",""budget_misses"":""0"",""successes_per_second"":""1718.878312"",""attempts_per_second"":""1718.878312""}",1718.878312,1718.878312,1,4,0,1649.673653,1649.673653,383858,437149.5,481252,481252,481252,383858,437149.5,481252,481252,481252,461968,504887,542027,542027,542027,54469,69442.5,81006,81006,81006,0,0,0,0,0
1,4,native,1,6,compute-c1-measured,measured,compute,1,35168220,"{""attempts"":""64"",""dispatched"":""64"",""undispatched"":""0"",""received"":""64"",""successful"":""64"",""semantic_mismatches"":""0"",""outcomes"":{""success"":""64""},""first_scheduled_nanos"":""197"",""last_completed_nanos"":""35098731"",""elapsed_nanos"":""35098534"",""throughput"":{""completed_attempts"":""64"",""successful_responses"":""64"",""elapsed_nanos"":""35098534""}}","{""counts"":{""attempts"":""64"",""dispatched"":""64"",""undispatched"":""0"",""received"":""64"",""successful"":""64"",""semantic_mismatches"":""0"",""outcomes"":{""success"":""64""},""first_scheduled_nanos"":""197"",""last_completed_nanos"":""35098731"",""elapsed_nanos"":""35098534"",""throughput"":{""completed_attempts"":""64"",""successful_responses"":""64"",""elapsed_nanos"":""35098534""}},""latency_nanos"":{""count"":""64"",""minimum"":""248205"",""median"":""335758.5"",""maximum"":""1074175"",""p95"":""578488"",""p99"":""1074175"",""mean"":""381055.15625"",""median_absolute_deviation"":""59308"",""standard_deviation"":""130420.484367""},""latency_population"":""all-dispatched-including-failures"",""all_dispatched_latency_nanos"":{""count"":""64"",""minimum"":""248205"",""median"":""335758.5"",""maximum"":""1074175"",""p95"":""578488"",""p99"":""1074175"",""mean"":""381055.15625"",""median_absolute_deviation"":""59308"",""standard_deviation"":""130420.484367""},""successful_response_latency_nanos"":{""count"":""64"",""minimum"":""248205"",""median"":""335758.5"",""maximum"":""1074175"",""p95"":""578488"",""p99"":""1074175"",""mean"":""381055.15625"",""median_absolute_deviation"":""59308"",""standard_deviation"":""130420.484367""},""outcome_latency_nanos"":{""success"":{""count"":""64"",""minimum"":""248205"",""median"":""335758.5"",""maximum"":""1074175"",""p95"":""578488"",""p99"":""1074175"",""mean"":""381055.15625"",""median_absolute_deviation"":""59308"",""standard_deviation"":""130420.484367""},""declared-error"":null,""platform-failure"":null,""transport-failure"":null,""client-timeout"":null,""client-overload"":null,""client-deadline-before-dispatch"":null,""invalid-response"":null},""all_offered_elapsed_nanos"":{""count"":""64"",""minimum"":""291661"",""median"":""384097"",""maximum"":""1147571"",""p95"":""718845"",""p99"":""1147571"",""mean"":""443164.171875"",""median_absolute_deviation"":""65026"",""standard_deviation"":""141427.491744""},""successful_response_fraction"":""1"",""dispatch_lag_nanos"":{""count"":""64"",""minimum"":""39067"",""median"":""54818"",""maximum"":""140357"",""p95"":""109968"",""p99"":""140357"",""mean"":""62109.015625"",""median_absolute_deviation"":""7577.5"",""standard_deviation"":""19988.067911""},""overshoot_nanos"":{""count"":""64"",""minimum"":""0"",""median"":""0"",""maximum"":""0"",""p95"":""0"",""p99"":""0"",""mean"":""0"",""median_absolute_deviation"":""0"",""standard_deviation"":""0""},""budget_successes"":""64"",""budget_misses"":""0"",""successes_per_second"":""1823.437982"",""attempts_per_second"":""1823.437982""}",1823.437982,1823.437982,1,64,0,1819.82483,1819.82483,248205,335758.5,578488,1074175,1074175,248205,335758.5,578488,1074175,1074175,291661,384097,718845,1147571,1147571,39067,54818,109968,140357,140357,0,0,0,0,0
1,4,native,1,7,echo-c4-warmup,warmup,echo,4,1394591,"{""attempts"":""8"",""dispatched"":""8"",""undispatched"":""0"",""received"":""8"",""successful"":""8"",""semantic_mismatches"":""0"",""outcomes"":{""success"":""8""},""first_scheduled_nanos"":""216"",""last_completed_nanos"":""1295937"",""elapsed_nanos"":""1295721"",""throughput"":{""completed_attempts"":""8"",""successful_responses"":""8"",""elapsed_nanos"":""1295721""}}","{""counts"":{""attempts"":""8"",""dispatched"":""8"",""undispatched"":""0"",""received"":""8"",""successful"":""8"",""semantic_mismatches"":""0"",""outcomes"":{""success"":""8""},""first_scheduled_nanos"":""216"",""last_completed_nanos"":""1295937"",""elapsed_nanos"":""1295721"",""throughput"":{""completed_attempts"":""8"",""successful_responses"":""8"",""elapsed_nanos"":""1295721""}},""latency_nanos"":{""count"":""8"",""minimum"":""381039"",""median"":""456556.5"",""maximum"":""643503"",""p95"":""643503"",""p99"":""643503"",""mean"":""489068.125"",""median_absolute_deviation"":""56559"",""standard_deviation"":""96721.031343""},""latency_population"":""all-dispatched-including-failures"",""all_dispatched_latency_nanos"":{""count"":""8"",""minimum"":""381039"",""median"":""456556.5"",""maximum"":""643503"",""p95"":""643503"",""p99"":""643503"",""mean"":""489068.125"",""median_absolute_deviation"":""56559"",""standard_deviation"":""96721.031343""},""successful_response_latency_nanos"":{""count"":""8"",""minimum"":""381039"",""median"":""456556.5"",""maximum"":""643503"",""p95"":""643503"",""p99"":""643503"",""mean"":""489068.125"",""median_absolute_deviation"":""56559"",""standard_deviation"":""96721.031343""},""outcome_latency_nanos"":{""success"":{""count"":""8"",""minimum"":""381039"",""median"":""456556.5"",""maximum"":""643503"",""p95"":""643503"",""p99"":""643503"",""mean"":""489068.125"",""median_absolute_deviation"":""56559"",""standard_deviation"":""96721.031343""},""declared-error"":null,""platform-failure"":null,""transport-failure"":null,""client-timeout"":null,""client-overload"":null,""client-deadline-before-dispatch"":null,""invalid-response"":null},""all_offered_elapsed_nanos"":{""count"":""8"",""minimum"":""447163"",""median"":""498615.5"",""maximum"":""701928"",""p95"":""701928"",""p99"":""701928"",""mean"":""545780.125"",""median_absolute_deviation"":""41431"",""standard_deviation"":""97797.822504""},""successful_response_fraction"":""1"",""dispatch_lag_nanos"":{""count"":""8"",""minimum"":""18352"",""median"":""59433"",""maximum"":""69722"",""p95"":""69722"",""p99"":""69722"",""mean"":""56712"",""median_absolute_deviation"":""6485"",""standard_deviation"":""15459.786658""},""overshoot_nanos"":{""count"":""8"",""minimum"":""0"",""median"":""0"",""maximum"":""0"",""p95"":""0"",""p99"":""0"",""mean"":""0"",""median_absolute_deviation"":""0"",""standard_deviation"":""0""},""budget_successes"":""8"",""budget_misses"":""0"",""successes_per_second"":""6174.168667"",""attempts_per_second"":""6174.168667""}",6174.168667,6174.168667,1,8,0,5736.448894,5736.448894,381039,456556.5,643503,643503,643503,381039,456556.5,643503,643503,643503,447163,498615.5,701928,701928,701928,18352,59433,69722,69722,69722,0,0,0,0,0
1,4,native,1,8,echo-c4-measured,measured,echo,4,19991441,"{""attempts"":""128"",""dispatched"":""128"",""undispatched"":""0"",""received"":""128"",""successful"":""128"",""semantic_mismatches"":""0"",""outcomes"":{""success"":""128""},""first_scheduled_nanos"":""180"",""last_completed_nanos"":""19893585"",""elapsed_nanos"":""19893405"",""throughput"":{""completed_attempts"":""128"",""successful_responses"":""128"",""elapsed_nanos"":""19893405""}}","{""counts"":{""attempts"":""128"",""dispatched"":""128"",""undispatched"":""0"",""received"":""128"",""successful"":""128"",""semantic_mismatches"":""0"",""outcomes"":{""success"":""128""},""first_scheduled_nanos"":""180"",""last_completed_nanos"":""19893585"",""elapsed_nanos"":""19893405"",""throughput"":{""completed_attempts"":""128"",""successful_responses"":""128"",""elapsed_nanos"":""19893405""}},""latency_nanos"":{""count"":""128"",""minimum"":""232938"",""median"":""435079.5"",""maximum"":""1118963"",""p95"":""748352"",""p99"":""1050120"",""mean"":""461573.835938"",""median_absolute_deviation"":""77860"",""standard_deviation"":""156399.447553""},""latency_population"":""all-dispatched-including-failures"",""all_dispatched_latency_nanos"":{""count"":""128"",""minimum"":""232938"",""median"":""435079.5"",""maximum"":""1118963"",""p95"":""748352"",""p99"":""1050120"",""mean"":""461573.835938"",""median_absolute_deviation"":""77860"",""standard_deviation"":""156399.447553""},""successful_response_latency_nanos"":{""count"":""128"",""minimum"":""232938"",""median"":""435079.5"",""maximum"":""1118963"",""p95"":""748352"",""p99"":""1050120"",""mean"":""461573.835938"",""median_absolute_deviation"":""77860"",""standard_deviation"":""156399.447553""},""outcome_latency_nanos"":{""success"":{""count"":""128"",""minimum"":""232938"",""median"":""435079.5"",""maximum"":""1118963"",""p95"":""748352"",""p99"":""1050120"",""mean"":""461573.835938"",""median_absolute_deviation"":""77860"",""standard_deviation"":""156399.447553""},""declared-error"":null,""platform-failure"":null,""transport-failure"":null,""client-timeout"":null,""client-overload"":null,""client-deadline-before-dispatch"":null,""invalid-response"":null},""all_offered_elapsed_nanos"":{""count"":""128"",""minimum"":""256580"",""median"":""470693.5"",""maximum"":""1216431"",""p95"":""849145"",""p99"":""1095342"",""mean"":""500570.109375"",""median_absolute_deviation"":""85958"",""standard_deviation"":""163787.106267""},""successful_response_fraction"":""1"",""dispatch_lag_nanos"":{""count"":""128"",""minimum"":""5229"",""median"":""35724.5"",""maximum"":""231505"",""p95"":""77939"",""p99"":""131245"",""mean"":""38996.273438"",""median_absolute_deviation"":""17849"",""standard_deviation"":""29327.593577""},""overshoot_nanos"":{""count"":""128"",""minimum"":""0"",""median"":""0"",""maximum"":""0"",""p95"":""0"",""p99"":""0"",""mean"":""0"",""median_absolute_deviation"":""0"",""standard_deviation"":""0""},""budget_successes"":""128"",""budget_misses"":""0"",""successes_per_second"":""6434.293174"",""attempts_per_second"":""6434.293174""}",6434.293174,6434.293174,1,128,0,6402.740053,6402.740053,232938,435079.5,748352,1050120,1118963,232938,435079.5,748352,1050120,1118963,256580,470693.5,849145,1095342,1216431,5229,35724.5,77939,131245,231505,0,0,0,0,0
1,5,lsf,1,0,first,first,echo,1,36879313,"{""attempts"":""1"",""dispatched"":""1"",""undispatched"":""0"",""received"":""1"",""successful"":""1"",""semantic_mismatches"":""0"",""outcomes"":{""success"":""1""},""first_scheduled_nanos"":""357"",""last_completed_nanos"":""36655233"",""elapsed_nanos"":""36654876"",""throughput"":{""completed_attempts"":""1"",""successful_responses"":""1"",""elapsed_nanos"":""36654876""}}","{""counts"":{""attempts"":""1"",""dispatched"":""1"",""undispatched"":""0"",""received"":""1"",""successful"":""1"",""semantic_mismatches"":""0"",""outcomes"":{""success"":""1""},""first_scheduled_nanos"":""357"",""last_completed_nanos"":""36655233"",""elapsed_nanos"":""36654876"",""throughput"":{""completed_attempts"":""1"",""successful_responses"":""1"",""elapsed_nanos"":""36654876""}},""latency_nanos"":{""count"":""1"",""minimum"":""36549107"",""median"":""36549107"",""maximum"":""36549107"",""p95"":""36549107"",""p99"":""36549107"",""mean"":""36549107"",""median_absolute_deviation"":""0"",""standard_deviation"":""0""},""latency_population"":""all-dispatched-including-failures"",""all_dispatched_latency_nanos"":{""count"":""1"",""minimum"":""36549107"",""median"":""36549107"",""maximum"":""36549107"",""p95"":""36549107"",""p99"":""36549107"",""mean"":""36549107"",""median_absolute_deviation"":""0"",""standard_deviation"":""0""},""successful_response_latency_nanos"":{""count"":""1"",""minimum"":""36549107"",""median"":""36549107"",""maximum"":""36549107"",""p95"":""36549107"",""p99"":""36549107"",""mean"":""36549107"",""median_absolute_deviation"":""0"",""standard_deviation"":""0""},""outcome_latency_nanos"":{""success"":{""count"":""1"",""minimum"":""36549107"",""median"":""36549107"",""maximum"":""36549107"",""p95"":""36549107"",""p99"":""36549107"",""mean"":""36549107"",""median_absolute_deviation"":""0"",""standard_deviation"":""0""},""declared-error"":null,""platform-failure"":null,""transport-failure"":null,""client-timeout"":null,""client-overload"":null,""client-deadline-before-dispatch"":null,""invalid-response"":null},""all_offered_elapsed_nanos"":{""count"":""1"",""minimum"":""36654876"",""median"":""36654876"",""maximum"":""36654876"",""p95"":""36654876"",""p99"":""36654876"",""mean"":""36654876"",""median_absolute_deviation"":""0"",""standard_deviation"":""0""},""successful_response_fraction"":""1"",""dispatch_lag_nanos"":{""count"":""1"",""minimum"":""105769"",""median"":""105769"",""maximum"":""105769"",""p95"":""105769"",""p99"":""105769"",""mean"":""105769"",""median_absolute_deviation"":""0"",""standard_deviation"":""0""},""overshoot_nanos"":{""count"":""1"",""minimum"":""0"",""median"":""0"",""maximum"":""0"",""p95"":""0"",""p99"":""0"",""mean"":""0"",""median_absolute_deviation"":""0"",""standard_deviation"":""0""},""budget_successes"":""1"",""budget_misses"":""0"",""successes_per_second"":""27.2815"",""attempts_per_second"":""27.2815""}",27.2815,27.2815,1,1,0,27.115473,27.115473,36549107,36549107,36549107,36549107,36549107,36549107,36549107,36549107,36549107,36549107,36654876,36654876,36654876,36654876,36654876,105769,105769,105769,105769,105769,0,0,0,0,0
1,5,lsf,1,1,density-warmup,warmup,echo,4,2642779,"{""attempts"":""4"",""dispatched"":""4"",""undispatched"":""0"",""received"":""4"",""successful"":""4"",""semantic_mismatches"":""0"",""outcomes"":{""success"":""4""},""first_scheduled_nanos"":""478"",""last_completed_nanos"":""2536078"",""elapsed_nanos"":""2535600"",""throughput"":{""completed_attempts"":""4"",""successful_responses"":""4"",""elapsed_nanos"":""2535600""}}","{""counts"":{""attempts"":""4"",""dispatched"":""4"",""undispatched"":""0"",""received"":""4"",""successful"":""4"",""semantic_mismatches"":""0"",""outcomes"":{""success"":""4""},""first_scheduled_nanos"":""478"",""last_completed_nanos"":""2536078"",""elapsed_nanos"":""2535600"",""throughput"":{""completed_attempts"":""4"",""successful_responses"":""4"",""elapsed_nanos"":""2535600""}},""latency_nanos"":{""count"":""4"",""minimum"":""1512773"",""median"":""2265462.5"",""maximum"":""2373906"",""p95"":""2373906"",""p99"":""2373906"",""mean"":""2104401"",""median_absolute_deviation"":""56994.5"",""standard_deviation"":""344456.003763""},""latency_population"":""all-dispatched-including-failures"",""all_dispatched_latency_nanos"":{""count"":""4"",""minimum"":""1512773"",""median"":""2265462.5"",""maximum"":""2373906"",""p95"":""2373906"",""p99"":""2373906"",""mean"":""2104401"",""median_absolute_deviation"":""56994.5"",""standard_deviation"":""344456.003763""},""successful_response_latency_nanos"":{""count"":""4"",""minimum"":""1512773"",""median"":""2265462.5"",""maximum"":""2373906"",""p95"":""2373906"",""p99"":""2373906"",""mean"":""2104401"",""median_absolute_deviation"":""56994.5"",""standard_deviation"":""344456.003763""},""outcome_latency_nanos"":{""success"":{""count"":""4"",""minimum"":""1512773"",""median"":""2265462.5"",""maximum"":""2373906"",""p95"":""2373906"",""p99"":""2373906"",""mean"":""2104401"",""median_absolute_deviation"":""56994.5"",""standard_deviation"":""344456.003763""},""declared-error"":null,""platform-failure"":null,""transport-failure"":null,""client-timeout"":null,""client-overload"":null,""client-deadline-before-dispatch"":null,""invalid-response"":null},""all_offered_elapsed_nanos"":{""count"":""4"",""minimum"":""1648638"",""median"":""2401208"",""maximum"":""2465889"",""p95"":""2465889"",""p99"":""2465889"",""mean"":""2229235.75"",""median_absolute_deviation"":""33345"",""standard_deviation"":""336249.717376""},""successful_response_fraction"":""1"",""dispatch_lag_nanos"":{""count"":""4"",""minimum"":""91983"",""median"":""132028"",""maximum"":""143300"",""p95"":""143300"",""p99"":""143300"",""mean"":""124834.75"",""median_absolute_deviation"":""7554.5"",""standard_deviation"":""19704.909063""},""overshoot_nanos"":{""count"":""4"",""minimum"":""0"",""median"":""0"",""maximum"":""0"",""p95"":""0"",""p99"":""0"",""mean"":""0"",""median_absolute_deviation"":""0"",""standard_deviation"":""0""},""budget_successes"":""4"",""budget_misses"":""0"",""successes_per_second"":""1577.535889"",""attempts_per_second"":""1577.535889""}",1577.535889,1577.535889,1,4,0,1513.558266,1513.558266,1512773,2265462.5,2373906,2373906,2373906,1512773,2265462.5,2373906,2373906,2373906,1648638,2401208,2465889,2465889,2465889,91983,132028,143300,143300,143300,0,0,0,0,0
1,5,lsf,1,2,density-measured,measured,echo,4,2279217,"{""attempts"":""4"",""dispatched"":""4"",""undispatched"":""0"",""received"":""4"",""successful"":""4"",""semantic_mismatches"":""0"",""outcomes"":{""success"":""4""},""first_scheduled_nanos"":""254"",""last_completed_nanos"":""2208160"",""elapsed_nanos"":""2207906"",""throughput"":{""completed_attempts"":""4"",""successful_responses"":""4"",""elapsed_nanos"":""2207906""}}","{""counts"":{""attempts"":""4"",""dispatched"":""4"",""undispatched"":""0"",""received"":""4"",""successful"":""4"",""semantic_mismatches"":""0"",""outcomes"":{""success"":""4""},""first_scheduled_nanos"":""254"",""last_completed_nanos"":""2208160"",""elapsed_nanos"":""2207906"",""throughput"":{""completed_attempts"":""4"",""successful_responses"":""4"",""elapsed_nanos"":""2207906""}},""latency_nanos"":{""count"":""4"",""minimum"":""1660195"",""median"":""1843069"",""maximum"":""2093642"",""p95"":""2093642"",""p99"":""2093642"",""mean"":""1859993.75"",""median_absolute_deviation"":""147016.5"",""standard_deviation"":""173058.217167""},""latency_population"":""all-dispatched-including-failures"",""all_dispatched_latency_nanos"":{""count"":""4"",""minimum"":""1660195"",""median"":""1843069"",""maximum"":""2093642"",""p95"":""2093642"",""p99"":""2093642"",""mean"":""1859993.75"",""median_absolute_deviation"":""147016.5"",""standard_deviation"":""173058.217167""},""successful_response_latency_nanos"":{""count"":""4"",""minimum"":""1660195"",""median"":""1843069"",""maximum"":""2093642"",""p95"":""2093642"",""p99"":""2093642"",""mean"":""1859993.75"",""median_absolute_deviation"":""147016.5"",""standard_deviation"":""173058.217167""},""outcome_latency_nanos"":{""success"":{""count"":""4"",""minimum"":""1660195"",""median"":""1843069"",""maximum"":""2093642"",""p95"":""2093642"",""p99"":""2093642"",""mean"":""1859993.75"",""median_absolute_deviation"":""147016.5"",""standard_deviation"":""173058.217167""},""declared-error"":null,""platform-failure"":null,""transport-failure"":null,""client-timeout"":null,""client-overload"":null,""client-deadline-before-dispatch"":null,""invalid-response"":null},""all_offered_elapsed_nanos"":{""count"":""4"",""minimum"":""1712261"",""median"":""1916081"",""maximum"":""2176031"",""p95"":""2176031"",""p99"":""2176031"",""mean"":""1930113.5"",""median_absolute_deviation"":""155714.5"",""standard_deviation"":""181306.608013""},""successful_response_fraction"":""1"",""dispatch_lag_nanos"":{""count"":""4"",""minimum"":""52066"",""median"":""73012"",""maximum"":""82389"",""p95"":""82389"",""p99"":""82389"",""mean"":""70119.75"",""median_absolute_deviation"":""6463.5"",""standard_deviation"":""11384.283077""},""overshoot_nanos"":{""count"":""4"",""minimum"":""0"",""median"":""0"",""maximum"":""0"",""p95"":""0"",""p99"":""0"",""mean"":""0"",""median_absolute_deviation"":""0"",""standard_deviation"":""0""},""budget_successes"":""4"",""budget_misses"":""0"",""successes_per_second"":""1811.67133"",""attempts_per_second"":""1811.67133""}",1811.67133,1811.67133,1,4,0,1754.988665,1754.988665,1660195,1843069,2093642,2093642,2093642,1660195,1843069,2093642,2093642,2093642,1712261,1916081,2176031,2176031,2176031,52066,73012,82389,82389,82389,0,0,0,0,0
1,5,lsf,1,3,echo-c1-warmup,warmup,echo,1,9545182,"{""attempts"":""8"",""dispatched"":""8"",""undispatched"":""0"",""received"":""8"",""successful"":""8"",""semantic_mismatches"":""0"",""outcomes"":{""success"":""8""},""first_scheduled_nanos"":""257"",""last_completed_nanos"":""9422623"",""elapsed_nanos"":""9422366"",""throughput"":{""completed_attempts"":""8"",""successful_responses"":""8"",""elapsed_nanos"":""9422366""}}","{""counts"":{""attempts"":""8"",""dispatched"":""8"",""undispatched"":""0"",""received"":""8"",""successful"":""8"",""semantic_mismatches"":""0"",""outcomes"":{""success"":""8""},""first_scheduled_nanos"":""257"",""last_completed_nanos"":""9422623"",""elapsed_nanos"":""9422366"",""throughput"":{""completed_attempts"":""8"",""successful_responses"":""8"",""elapsed_nanos"":""9422366""}},""latency_nanos"":{""count"":""8"",""minimum"":""704686"",""median"":""849338"",""maximum"":""1572990"",""p95"":""1572990"",""p99"":""1572990"",""mean"":""994433.5"",""median_absolute_deviation"":""114106.5"",""standard_deviation"":""302406.663963""},""latency_population"":""all-dispatched-including-failures"",""all_dispatched_latency_nanos"":{""count"":""8"",""minimum"":""704686"",""median"":""849338"",""maximum"":""1572990"",""p95"":""1572990"",""p99"":""1572990"",""mean"":""994433.5"",""median_absolute_deviation"":""114106.5"",""standard_deviation"":""302406.663963""},""successful_response_latency_nanos"":{""count"":""8"",""minimum"":""704686"",""median"":""849338"",""maximum"":""1572990"",""p95"":""1572990"",""p99"":""1572990"",""mean"":""994433.5"",""median_absolute_deviation"":""114106.5"",""standard_deviation"":""302406.663963""},""outcome_latency_nanos"":{""success"":{""count"":""8"",""minimum"":""704686"",""median"":""849338"",""maximum"":""1572990"",""p95"":""1572990"",""p99"":""1572990"",""mean"":""994433.5"",""median_absolute_deviation"":""114106.5"",""standard_deviation"":""302406.663963""},""declared-error"":null,""platform-failure"":null,""transport-failure"":null,""client-timeout"":null,""client-overload"":null,""client-deadline-before-dispatch"":null,""invalid-response"":null},""all_offered_elapsed_nanos"":{""count"":""8"",""minimum"":""761737"",""median"":""949104"",""maximum"":""1629544"",""p95"":""1629544"",""p99"":""1629544"",""mean"":""1073935.5"",""median_absolute_deviation"":""154764.5"",""standard_deviation"":""303246.530255""},""successful_response_fraction"":""1"",""dispatch_lag_nanos"":{""count"":""8"",""minimum"":""56554"",""median"":""69852.5"",""maximum"":""120992"",""p95"":""120992"",""p99"":""120992"",""mean"":""79502"",""median_absolute_deviation"":""13047"",""standard_deviation"":""24797.067276""},""overshoot_nanos"":{""count"":""8"",""minimum"":""0"",""median"":""0"",""maximum"":""0"",""p95"":""0"",""p99"":""0"",""mean"":""0"",""median_absolute_deviation"":""0"",""standard_deviation"":""0""},""budget_successes"":""8"",""budget_misses"":""0"",""successes_per_second"":""849.043648"",""attempts_per_second"":""849.043648""}",849.043648,849.043648,1,8,0,838.119168,838.119168,704686,849338,1572990,1572990,1572990,704686,849338,1572990,1572990,1572990,761737,949104,1629544,1629544,1629544,56554,69852.5,120992,120992,120992,0,0,0,0,0
1,5,lsf,1,4,echo-c1-measured,measured,echo,1,126181492,"{""attempts"":""128"",""dispatched"":""128"",""undispatched"":""0"",""received"":""128"",""successful"":""128"",""semantic_mismatches"":""0"",""outcomes"":{""success"":""128""},""first_scheduled_nanos"":""251"",""last_completed_nanos"":""126095395"",""elapsed_nanos"":""126095144"",""throughput"":{""completed_attempts"":""128"",""successful_responses"":""128"",""elapsed_nanos"":""126095144""}}","{""counts"":{""attempts"":""128"",""dispatched"":""128"",""undispatched"":""0"",""received"":""128"",""successful"":""128"",""semantic_mismatches"":""0"",""outcomes"":{""success"":""128""},""first_scheduled_nanos"":""251"",""last_completed_nanos"":""126095395"",""elapsed_nanos"":""126095144"",""throughput"":{""completed_attempts"":""128"",""successful_responses"":""128"",""elapsed_nanos"":""126095144""}},""latency_nanos"":{""count"":""128"",""minimum"":""567006"",""median"":""744597"",""maximum"":""1973952"",""p95"":""1250248"",""p99"":""1521699"",""mean"":""797184.960938"",""median_absolute_deviation"":""91197.5"",""standard_deviation"":""213436.789076""},""latency_population"":""all-dispatched-including-failures"",""all_dispatched_latency_nanos"":{""count"":""128"",""minimum"":""567006"",""median"":""744597"",""maximum"":""1973952"",""p95"":""1250248"",""p99"":""1521699"",""mean"":""797184.960938"",""median_absolute_deviation"":""91197.5"",""standard_deviation"":""213436.789076""},""successful_response_latency_nanos"":{""count"":""128"",""minimum"":""567006"",""median"":""744597"",""maximum"":""1973952"",""p95"":""1250248"",""p99"":""1521699"",""mean"":""797184.960938"",""median_absolute_deviation"":""91197.5"",""standard_deviation"":""213436.789076""},""outcome_latency_nanos"":{""success"":{""count"":""128"",""minimum"":""567006"",""median"":""744597"",""maximum"":""1973952"",""p95"":""1250248"",""p99"":""1521699"",""mean"":""797184.960938"",""median_absolute_deviation"":""91197.5"",""standard_deviation"":""213436.789076""},""declared-error"":null,""platform-failure"":null,""transport-failure"":null,""client-timeout"":null,""client-overload"":null,""client-deadline-before-dispatch"":null,""invalid-response"":null},""all_offered_elapsed_nanos"":{""count"":""128"",""minimum"":""614660"",""median"":""817773"",""maximum"":""2030136"",""p95"":""1313265"",""p99"":""1628087"",""mean"":""869817.5625"",""median_absolute_deviation"":""104069.5"",""standard_deviation"":""222948.078326""},""successful_response_fraction"":""1"",""dispatch_lag_nanos"":{""count"":""128"",""minimum"":""37380"",""median"":""62659"",""maximum"":""225108"",""p95"":""121160"",""p99"":""159844"",""mean"":""72632.601562"",""median_absolute_deviation"":""11293"",""standard_deviation"":""27501.881128""},""overshoot_nanos"":{""count"":""128"",""minimum"":""0"",""median"":""0"",""maximum"":""0"",""p95"":""0"",""p99"":""0"",""mean"":""0"",""median_absolute_deviation"":""0"",""standard_deviation"":""0""},""budget_successes"":""128"",""budget_misses"":""0"",""successes_per_second"":""1015.106498"",""attempts_per_second"":""1015.106498""}",1015.106498,1015.106498,1,128,0,1014.411844,1014.411844,567006,744597,1250248,1521699,1973952,567006,744597,1250248,1521699,1973952,614660,817773,1313265,1628087,2030136,37380,62659,121160,159844,225108,0,0,0,0,0
1,5,lsf,1,5,compute-c1-warmup,warmup,compute,1,5481757,"{""attempts"":""4"",""dispatched"":""4"",""undispatched"":""0"",""received"":""4"",""successful"":""4"",""semantic_mismatches"":""0"",""outcomes"":{""success"":""4""},""first_scheduled_nanos"":""940"",""last_completed_nanos"":""5358830"",""elapsed_nanos"":""5357890"",""throughput"":{""completed_attempts"":""4"",""successful_responses"":""4"",""elapsed_nanos"":""5357890""}}","{""counts"":{""attempts"":""4"",""dispatched"":""4"",""undispatched"":""0"",""received"":""4"",""successful"":""4"",""semantic_mismatches"":""0"",""outcomes"":{""success"":""4""},""first_scheduled_nanos"":""940"",""last_completed_nanos"":""5358830"",""elapsed_nanos"":""5357890"",""throughput"":{""completed_attempts"":""4"",""successful_responses"":""4"",""elapsed_nanos"":""5357890""}},""latency_nanos"":{""count"":""4"",""minimum"":""854269"",""median"":""937707.5"",""maximum"":""1845230"",""p95"":""1845230"",""p99"":""1845230"",""mean"":""1143728.5"",""median_absolute_deviation"":""53514"",""standard_deviation"":""406784.15362""},""latency_population"":""all-dispatched-including-failures"",""all_dispatched_latency_nanos"":{""count"":""4"",""minimum"":""854269"",""median"":""937707.5"",""maximum"":""1845230"",""p95"":""1845230"",""p99"":""1845230"",""mean"":""1143728.5"",""median_absolute_deviation"":""53514"",""standard_deviation"":""406784.15362""},""successful_response_latency_nanos"":{""count"":""4"",""minimum"":""854269"",""median"":""937707.5"",""maximum"":""1845230"",""p95"":""1845230"",""p99"":""1845230"",""mean"":""1143728.5"",""median_absolute_deviation"":""53514"",""standard_deviation"":""406784.15362""},""outcome_latency_nanos"":{""success"":{""count"":""4"",""minimum"":""854269"",""median"":""937707.5"",""maximum"":""1845230"",""p95"":""1845230"",""p99"":""1845230"",""mean"":""1143728.5"",""median_absolute_deviation"":""53514"",""standard_deviation"":""406784.15362""},""declared-error"":null,""platform-failure"":null,""transport-failure"":null,""client-timeout"":null,""client-overload"":null,""client-deadline-before-dispatch"":null,""invalid-response"":null},""all_offered_elapsed_nanos"":{""count"":""4"",""minimum"":""915619"",""median"":""1014966.5"",""maximum"":""2028069"",""p95"":""2028069"",""p99"":""2028069"",""mean"":""1243405.25"",""median_absolute_deviation"":""55071.5"",""standard_deviation"":""454901.812729""},""successful_response_fraction"":""1"",""dispatch_lag_nanos"":{""count"":""4"",""minimum"":""61350"",""median"":""77259"",""maximum"":""182839"",""p95"":""182839"",""p99"":""182839"",""mean"":""99676.75"",""median_absolute_deviation"":""14351.5"",""standard_deviation"":""49288.394914""},""overshoot_nanos"":{""count"":""4"",""minimum"":""0"",""median"":""0"",""maximum"":""0"",""p95"":""0"",""p99"":""0"",""mean"":""0"",""median_absolute_deviation"":""0"",""standard_deviation"":""0""},""budget_successes"":""4"",""budget_misses"":""0"",""successes_per_second"":""746.562546"",""attempts_per_second"":""746.562546""}",746.562546,746.562546,1,4,0,729.693053,729.693053,854269,937707.5,1845230,1845230,1845230,854269,937707.5,1845230,1845230,1845230,915619,1014966.5,2028069,2028069,2028069,61350,77259,182839,182839,182839,0,0,0,0,0
1,5,lsf,1,6,compute-c1-measured,measured,compute,1,70727548,"{""attempts"":""64"",""dispatched"":""64"",""undispatched"":""0"",""received"":""64"",""successful"":""64"",""semantic_mismatches"":""0"",""outcomes"":{""success"":""64""},""first_scheduled_nanos"":""600"",""last_completed_nanos"":""70653324"",""elapsed_nanos"":""70652724"",""throughput"":{""completed_attempts"":""64"",""successful_responses"":""64"",""elapsed_nanos"":""70652724""}}","{""counts"":{""attempts"":""64"",""dispatched"":""64"",""undispatched"":""0"",""received"":""64"",""successful"":""64"",""semantic_mismatches"":""0"",""outcomes"":{""success"":""64""},""first_scheduled_nanos"":""600"",""last_completed_nanos"":""70653324"",""elapsed_nanos"":""70652724"",""throughput"":{""completed_attempts"":""64"",""successful_responses"":""64"",""elapsed_nanos"":""70652724""}},""latency_nanos"":{""count"":""64"",""minimum"":""702473"",""median"":""902132"",""maximum"":""1562245"",""p95"":""1222975"",""p99"":""1562245"",""mean"":""914715.796875"",""median_absolute_deviation"":""98168"",""standard_deviation"":""175643.284875""},""latency_population"":""all-dispatched-including-failures"",""all_dispatched_latency_nanos"":{""count"":""64"",""minimum"":""702473"",""median"":""902132"",""maximum"":""1562245"",""p95"":""1222975"",""p99"":""1562245"",""mean"":""914715.796875"",""median_absolute_deviation"":""98168"",""standard_deviation"":""175643.284875""},""successful_response_latency_nanos"":{""count"":""64"",""minimum"":""702473"",""median"":""902132"",""maximum"":""1562245"",""p95"":""1222975"",""p99"":""1562245"",""mean"":""914715.796875"",""median_absolute_deviation"":""98168"",""standard_deviation"":""175643.284875""},""outcome_latency_nanos"":{""success"":{""count"":""64"",""minimum"":""702473"",""median"":""902132"",""maximum"":""1562245"",""p95"":""1222975"",""p99"":""1562245"",""mean"":""914715.796875"",""median_absolute_deviation"":""98168"",""standard_deviation"":""175643.284875""},""declared-error"":null,""platform-failure"":null,""transport-failure"":null,""client-timeout"":null,""client-overload"":null,""client-deadline-before-dispatch"":null,""invalid-response"":null},""all_offered_elapsed_nanos"":{""count"":""64"",""minimum"":""752718"",""median"":""968643"",""maximum"":""1710331"",""p95"":""1293995"",""p99"":""1710331"",""mean"":""985641.34375"",""median_absolute_deviation"":""101645.5"",""standard_deviation"":""183429.539653""},""successful_response_fraction"":""1"",""dispatch_lag_nanos"":{""count"":""64"",""minimum"":""42738"",""median"":""62912"",""maximum"":""158025"",""p95"":""107451"",""p99"":""158025"",""mean"":""70925.546875"",""median_absolute_deviation"":""8807.5"",""standard_deviation"":""22562.141092""},""overshoot_nanos"":{""count"":""64"",""minimum"":""0"",""median"":""0"",""maximum"":""0"",""p95"":""0"",""p99"":""0"",""mean"":""0"",""median_absolute_deviation"":""0"",""standard_deviation"":""0""},""budget_successes"":""64"",""budget_misses"":""0"",""successes_per_second"":""905.839101"",""attempts_per_second"":""905.839101""}",905.839101,905.839101,1,64,0,904.880797,904.880797,702473,902132,1222975,1562245,1562245,702473,902132,1222975,1562245,1562245,752718,968643,1293995,1710331,1710331,42738,62912,107451,158025,158025,0,0,0,0,0
1,5,lsf,1,7,echo-c4-warmup,warmup,echo,4,4006114,"{""attempts"":""8"",""dispatched"":""8"",""undispatched"":""0"",""received"":""8"",""successful"":""8"",""semantic_mismatches"":""0"",""outcomes"":{""success"":""8""},""first_scheduled_nanos"":""495"",""last_completed_nanos"":""3892230"",""elapsed_nanos"":""3891735"",""throughput"":{""completed_attempts"":""8"",""successful_responses"":""8"",""elapsed_nanos"":""3891735""}}","{""counts"":{""attempts"":""8"",""dispatched"":""8"",""undispatched"":""0"",""received"":""8"",""successful"":""8"",""semantic_mismatches"":""0"",""outcomes"":{""success"":""8""},""first_scheduled_nanos"":""495"",""last_completed_nanos"":""3892230"",""elapsed_nanos"":""3891735"",""throughput"":{""completed_attempts"":""8"",""successful_responses"":""8"",""elapsed_nanos"":""3891735""}},""latency_nanos"":{""count"":""8"",""minimum"":""743959"",""median"":""1521613.5"",""maximum"":""2781095"",""p95"":""2781095"",""p99"":""2781095"",""mean"":""1545922.75"",""median_absolute_deviation"":""480420"",""standard_deviation"":""614146.119144""},""latency_population"":""all-dispatched-including-failures"",""all_dispatched_latency_nanos"":{""count"":""8"",""minimum"":""743959"",""median"":""1521613.5"",""maximum"":""2781095"",""p95"":""2781095"",""p99"":""2781095"",""mean"":""1545922.75"",""median_absolute_deviation"":""480420"",""standard_deviation"":""614146.119144""},""successful_response_latency_nanos"":{""count"":""8"",""minimum"":""743959"",""median"":""1521613.5"",""maximum"":""2781095"",""p95"":""2781095"",""p99"":""2781095"",""mean"":""1545922.75"",""median_absolute_deviation"":""480420"",""standard_deviation"":""614146.119144""},""outcome_latency_nanos"":{""success"":{""count"":""8"",""minimum"":""743959"",""median"":""1521613.5"",""maximum"":""2781095"",""p95"":""2781095"",""p99"":""2781095"",""mean"":""1545922.75"",""median_absolute_deviation"":""480420"",""standard_deviation"":""614146.119144""},""declared-error"":null,""platform-failure"":null,""transport-failure"":null,""client-timeout"":null,""client-overload"":null,""client-deadline-before-dispatch"":null,""invalid-response"":null},""all_offered_elapsed_nanos"":{""count"":""8"",""minimum"":""835449"",""median"":""1591512"",""maximum"":""2856674"",""p95"":""2856674"",""p99"":""2856674"",""mean"":""1630966.25"",""median_absolute_deviation"":""497458"",""standard_deviation"":""618588.703004""},""successful_response_fraction"":""1"",""dispatch_lag_nanos"":{""count"":""8"",""minimum"":""53564"",""median"":""87799.5"",""maximum"":""124541"",""p95"":""124541"",""p99"":""124541"",""mean"":""85043.5"",""median_absolute_deviation"":""14666.5"",""standard_deviation"":""22442.366391""},""overshoot_nanos"":{""count"":""8"",""minimum"":""0"",""median"":""0"",""maximum"":""0"",""p95"":""0"",""p99"":""0"",""mean"":""0"",""median_absolute_deviation"":""0"",""standard_deviation"":""0""},""budget_successes"":""8"",""budget_misses"":""0"",""successes_per_second"":""2055.638423"",""attempts_per_second"":""2055.638423""}",2055.638423,2055.638423,1,8,0,1996.947665,1996.947665,743959,1521613.5,2781095,2781095,2781095,743959,1521613.5,2781095,2781095,2781095,835449,1591512,2856674,2856674,2856674,53564,87799.5,124541,124541,124541,0,0,0,0,0
1,5,lsf,1,8,echo-c4-measured,measured,echo,4,38556306,"{""attempts"":""128"",""dispatched"":""128"",""undispatched"":""0"",""received"":""128"",""successful"":""128"",""semantic_mismatches"":""0"",""outcomes"":{""success"":""128""},""first_scheduled_nanos"":""329"",""last_completed_nanos"":""38343143"",""elapsed_nanos"":""38342814"",""throughput"":{""completed_attempts"":""128"",""successful_responses"":""128"",""elapsed_nanos"":""38342814""}}","{""counts"":{""attempts"":""128"",""dispatched"":""128"",""undispatched"":""0"",""received"":""128"",""successful"":""128"",""semantic_mismatches"":""0"",""outcomes"":{""success"":""128""},""first_scheduled_nanos"":""329"",""last_completed_nanos"":""38343143"",""elapsed_nanos"":""38342814"",""throughput"":{""completed_attempts"":""128"",""successful_responses"":""128"",""elapsed_nanos"":""38342814""}},""latency_nanos"":{""count"":""128"",""minimum"":""588951"",""median"":""974240"",""maximum"":""1880047"",""p95"":""1515455"",""p99"":""1840700"",""mean"":""1026113.992188"",""median_absolute_deviation"":""153785"",""standard_deviation"":""256053.131287""},""latency_population"":""all-dispatched-including-failures"",""all_dispatched_latency_nanos"":{""count"":""128"",""minimum"":""588951"",""median"":""974240"",""maximum"":""1880047"",""p95"":""1515455"",""p99"":""1840700"",""mean"":""1026113.992188"",""median_absolute_deviation"":""153785"",""standard_deviation"":""256053.131287""},""successful_response_latency_nanos"":{""count"":""128"",""minimum"":""588951"",""median"":""974240"",""maximum"":""1880047"",""p95"":""1515455"",""p99"":""1840700"",""mean"":""1026113.992188"",""median_absolute_deviation"":""153785"",""standard_deviation"":""256053.131287""},""outcome_latency_nanos"":{""success"":{""count"":""128"",""minimum"":""588951"",""median"":""974240"",""maximum"":""1880047"",""p95"":""1515455"",""p99"":""1840700"",""mean"":""1026113.992188"",""median_absolute_deviation"":""153785"",""standard_deviation"":""256053.131287""},""declared-error"":null,""platform-failure"":null,""transport-failure"":null,""client-timeout"":null,""client-overload"":null,""client-deadline-before-dispatch"":null,""invalid-response"":null},""all_offered_elapsed_nanos"":{""count"":""128"",""minimum"":""642009"",""median"":""1021527.5"",""maximum"":""1942274"",""p95"":""1552235"",""p99"":""1935219"",""mean"":""1079675.796875"",""median_absolute_deviation"":""153533.5"",""standard_deviation"":""261806.378""},""successful_response_fraction"":""1"",""dispatch_lag_nanos"":{""count"":""128"",""minimum"":""9956"",""median"":""55614.5"",""maximum"":""156272"",""p95"":""94456"",""p99"":""131938"",""mean"":""53561.804688"",""median_absolute_deviation"":""16520"",""standard_deviation"":""25241.71365""},""overshoot_nanos"":{""count"":""128"",""minimum"":""0"",""median"":""0"",""maximum"":""0"",""p95"":""0"",""p99"":""0"",""mean"":""0"",""median_absolute_deviation"":""0"",""standard_deviation"":""0""},""budget_successes"":""128"",""budget_misses"":""0"",""successes_per_second"":""3338.304799"",""attempts_per_second"":""3338.304799""}",3338.304799,3338.304799,1,128,0,3319.820109,3319.820109,588951,974240,1515455,1840700,1880047,588951,974240,1515455,1840700,1880047,642009,1021527.5,1552235,1935219,1942274,9956,55614.5,94456,131938,156272,0,0,0,0,0
2,0,lsf,32,0,first,first,echo,1,1163362892,"{""attempts"":""32"",""dispatched"":""32"",""undispatched"":""0"",""received"":""32"",""successful"":""32"",""semantic_mismatches"":""0"",""outcomes"":{""success"":""32""},""first_scheduled_nanos"":""816"",""last_completed_nanos"":""1163162630"",""elapsed_nanos"":""1163161814"",""throughput"":{""completed_attempts"":""32"",""successful_responses"":""32"",""elapsed_nanos"":""1163161814""}}","{""counts"":{""attempts"":""32"",""dispatched"":""32"",""undispatched"":""0"",""received"":""32"",""successful"":""32"",""semantic_mismatches"":""0"",""outcomes"":{""success"":""32""},""first_scheduled_nanos"":""816"",""last_completed_nanos"":""1163162630"",""elapsed_nanos"":""1163161814"",""throughput"":{""completed_attempts"":""32"",""successful_responses"":""32"",""elapsed_nanos"":""1163161814""}},""latency_nanos"":{""count"":""32"",""minimum"":""31534378"",""median"":""34921833.5"",""maximum"":""56724482"",""p95"":""43888136"",""p99"":""56724482"",""mean"":""36057830.8125"",""median_absolute_deviation"":""1776312.5"",""standard_deviation"":""4555158.861939""},""latency_population"":""all-dispatched-including-failures"",""all_dispatched_latency_nanos"":{""count"":""32"",""minimum"":""31534378"",""median"":""34921833.5"",""maximum"":""56724482"",""p95"":""43888136"",""p99"":""56724482"",""mean"":""36057830.8125"",""median_absolute_deviation"":""1776312.5"",""standard_deviation"":""4555158.861939""},""successful_response_latency_nanos"":{""count"":""32"",""minimum"":""31534378"",""median"":""34921833.5"",""maximum"":""56724482"",""p95"":""43888136"",""p99"":""56724482"",""mean"":""36057830.8125"",""median_absolute_deviation"":""1776312.5"",""standard_deviation"":""4555158.861939""},""outcome_latency_nanos"":{""success"":{""count"":""32"",""minimum"":""31534378"",""median"":""34921833.5"",""maximum"":""56724482"",""p95"":""43888136"",""p99"":""56724482"",""mean"":""36057830.8125"",""median_absolute_deviation"":""1776312.5"",""standard_deviation"":""4555158.861939""},""declared-error"":null,""platform-failure"":null,""transport-failure"":null,""client-timeout"":null,""client-overload"":null,""client-deadline-before-dispatch"":null,""invalid-response"":null},""all_offered_elapsed_nanos"":{""count"":""32"",""minimum"":""31704148"",""median"":""35024891.5"",""maximum"":""56797315"",""p95"":""43995615"",""p99"":""56797315"",""mean"":""36171838.0625"",""median_absolute_deviation"":""1810051"",""standard_deviation"":""4549038.886813""},""successful_response_fraction"":""1"",""dispatch_lag_nanos"":{""count"":""32"",""minimum"":""58862"",""median"":""103325.5"",""maximum"":""223946"",""p95"":""212188"",""p99"":""223946"",""mean"":""114007.25"",""median_absolute_deviation"":""26571.5"",""standard_deviation"":""45204.237022""},""overshoot_nanos"":{""count"":""32"",""minimum"":""0"",""median"":""0"",""maximum"":""0"",""p95"":""0"",""p99"":""0"",""mean"":""0"",""median_absolute_deviation"":""0"",""standard_deviation"":""0""},""budget_successes"":""32"",""budget_misses"":""0"",""successes_per_second"":""27.51122"",""attempts_per_second"":""27.51122""}",27.51122,27.51122,1,32,0,27.506464,27.506464,31534378,34921833.5,43888136,56724482,56724482,31534378,34921833.5,43888136,56724482,56724482,31704148,35024891.5,43995615,56797315,56797315,58862,103325.5,212188,223946,223946,0,0,0,0,0
2,0,lsf,32,1,density-warmup,warmup,echo,4,36456429,"{""attempts"":""128"",""dispatched"":""128"",""undispatched"":""0"",""received"":""128"",""successful"":""128"",""semantic_mismatches"":""0"",""outcomes"":{""success"":""128""},""first_scheduled_nanos"":""448"",""last_completed_nanos"":""36356512"",""elapsed_nanos"":""36356064"",""throughput"":{""completed_attempts"":""128"",""successful_responses"":""128"",""elapsed_nanos"":""36356064""}}","{""counts"":{""attempts"":""128"",""dispatched"":""128"",""undispatched"":""0"",""received"":""128"",""successful"":""128"",""semantic_mismatches"":""0"",""outcomes"":{""success"":""128""},""first_scheduled_nanos"":""448"",""last_completed_nanos"":""36356512"",""elapsed_nanos"":""36356064"",""throughput"":{""completed_attempts"":""128"",""successful_responses"":""128"",""elapsed_nanos"":""36356064""}},""latency_nanos"":{""count"":""128"",""minimum"":""565865"",""median"":""921163"",""maximum"":""1891320"",""p95"":""1385216"",""p99"":""1831091"",""mean"":""976309.203125"",""median_absolute_deviation"":""169417"",""standard_deviation"":""242348.427759""},""latency_population"":""all-dispatched-including-failures"",""all_dispatched_latency_nanos"":{""count"":""128"",""minimum"":""565865"",""median"":""921163"",""maximum"":""1891320"",""p95"":""1385216"",""p99"":""1831091"",""mean"":""976309.203125"",""median_absolute_deviation"":""169417"",""standard_deviation"":""242348.427759""},""successful_response_latency_nanos"":{""count"":""128"",""minimum"":""565865"",""median"":""921163"",""maximum"":""1891320"",""p95"":""1385216"",""p99"":""1831091"",""mean"":""976309.203125"",""median_absolute_deviation"":""169417"",""standard_deviation"":""242348.427759""},""outcome_latency_nanos"":{""success"":{""count"":""128"",""minimum"":""565865"",""median"":""921163"",""maximum"":""1891320"",""p95"":""1385216"",""p99"":""1831091"",""mean"":""976309.203125"",""median_absolute_deviation"":""169417"",""standard_deviation"":""242348.427759""},""declared-error"":null,""platform-failure"":null,""transport-failure"":null,""client-timeout"":null,""client-overload"":null,""client-deadline-before-dispatch"":null,""invalid-response"":null},""all_offered_elapsed_nanos"":{""count"":""128"",""minimum"":""622289"",""median"":""975651.5"",""maximum"":""1987374"",""p95"":""1483526"",""p99"":""1968570"",""mean"":""1031951.40625"",""median_absolute_deviation"":""171911.5"",""standard_deviation"":""251790.086758""},""successful_response_fraction"":""1"",""dispatch_lag_nanos"":{""count"":""128"",""minimum"":""9138"",""median"":""55481.5"",""maximum"":""182586"",""p95"":""98743"",""p99"":""156283"",""mean"":""55642.203125"",""median_absolute_deviation"":""12563.5"",""standard_deviation"":""27609.77251""},""overshoot_nanos"":{""count"":""128"",""minimum"":""0"",""median"":""0"",""maximum"":""0"",""p95"":""0"",""p99"":""0"",""mean"":""0"",""median_absolute_deviation"":""0"",""standard_deviation"":""0""},""budget_successes"":""128"",""budget_misses"":""0"",""successes_per_second"":""3520.733157"",""attempts_per_second"":""3520.733157""}",3520.733157,3520.733157,1,128,0,3511.040536,3511.040536,565865,921163,1385216,1831091,1891320,565865,921163,1385216,1831091,1891320,622289,975651.5,1483526,1968570,1987374,9138,55481.5,98743,156283,182586,0,0,0,0,0
2,0,lsf,32,2,density-measured,measured,echo,4,39069563,"{""attempts"":""128"",""dispatched"":""128"",""undispatched"":""0"",""received"":""128"",""successful"":""128"",""semantic_mismatches"":""0"",""outcomes"":{""success"":""128""},""first_scheduled_nanos"":""284"",""last_completed_nanos"":""38965858"",""elapsed_nanos"":""38965574"",""throughput"":{""completed_attempts"":""128"",""successful_responses"":""128"",""elapsed_nanos"":""38965574""}}","{""counts"":{""attempts"":""128"",""dispatched"":""128"",""undispatched"":""0"",""received"":""128"",""successful"":""128"",""semantic_mismatches"":""0"",""outcomes"":{""success"":""128""},""first_scheduled_nanos"":""284"",""last_completed_nanos"":""38965858"",""elapsed_nanos"":""38965574"",""throughput"":{""completed_attempts"":""128"",""successful_responses"":""128"",""elapsed_nanos"":""38965574""}},""latency_nanos"":{""count"":""128"",""minimum"":""565859"",""median"":""976425.5"",""maximum"":""1977916"",""p95"":""1586234"",""p99"":""1894758"",""mean"":""1043294.445312"",""median_absolute_deviation"":""170310.5"",""standard_deviation"":""284268.394965""},""latency_population"":""all-dispatched-including-failures"",""all_dispatched_latency_nanos"":{""count"":""128"",""minimum"":""565859"",""median"":""976425.5"",""maximum"":""1977916"",""p95"":""1586234"",""p99"":""1894758"",""mean"":""1043294.445312"",""median_absolute_deviation"":""170310.5"",""standard_deviation"":""284268.394965""},""successful_response_latency_nanos"":{""count"":""128"",""minimum"":""565859"",""median"":""976425.5"",""maximum"":""1977916"",""p95"":""1586234"",""p99"":""1894758"",""mean"":""1043294.445312"",""median_absolute_deviation"":""170310.5"",""standard_deviation"":""284268.394965""},""outcome_latency_nanos"":{""success"":{""count"":""128"",""minimum"":""565859"",""median"":""976425.5"",""maximum"":""1977916"",""p95"":""1586234"",""p99"":""1894758"",""mean"":""1043294.445312"",""median_absolute_deviation"":""170310.5"",""standard_deviation"":""284268.394965""},""declared-error"":null,""platform-failure"":null,""transport-failure"":null,""client-timeout"":null,""client-overload"":null,""client-deadline-before-dispatch"":null,""invalid-response"":null},""all_offered_elapsed_nanos"":{""count"":""128"",""minimum"":""619393"",""median"":""1043277"",""maximum"":""2073621"",""p95"":""1659201"",""p99"":""1913760"",""mean"":""1100220.570312"",""median_absolute_deviation"":""178930"",""standard_deviation"":""288054.201925""},""successful_response_fraction"":""1"",""dispatch_lag_nanos"":{""count"":""128"",""minimum"":""9522"",""median"":""60064"",""maximum"":""268530"",""p95"":""95473"",""p99"":""114783"",""mean"":""56926.125"",""median_absolute_deviation"":""13555"",""standard_deviation"":""30970.827265""},""overshoot_nanos"":{""count"":""128"",""minimum"":""0"",""median"":""0"",""maximum"":""0"",""p95"":""0"",""p99"":""0"",""mean"":""0"",""median_absolute_deviation"":""0"",""standard_deviation"":""0""},""budget_successes"":""128"",""budget_misses"":""0"",""successes_per_second"":""3284.950967"",""attempts_per_second"":""3284.950967""}",3284.950967,3284.950967,1,128,0,3276.20762,3276.20762,565859,976425.5,1586234,1894758,1977916,565859,976425.5,1586234,1894758,1977916,619393,1043277,1659201,1913760,2073621,9522,60064,95473,114783,268530,0,0,0,0,0
2,1,native,32,0,first,first,echo,1,24670712,"{""attempts"":""32"",""dispatched"":""32"",""undispatched"":""0"",""received"":""32"",""successful"":""32"",""semantic_mismatches"":""0"",""outcomes"":{""success"":""32""},""first_scheduled_nanos"":""306"",""last_completed_nanos"":""24556112"",""elapsed_nanos"":""24555806"",""throughput"":{""completed_attempts"":""32"",""successful_responses"":""32"",""elapsed_nanos"":""24555806""}}","{""counts"":{""attempts"":""32"",""dispatched"":""32"",""undispatched"":""0"",""received"":""32"",""successful"":""32"",""semantic_mismatches"":""0"",""outcomes"":{""success"":""32""},""first_scheduled_nanos"":""306"",""last_completed_nanos"":""24556112"",""elapsed_nanos"":""24555806"",""throughput"":{""completed_attempts"":""32"",""successful_responses"":""32"",""elapsed_nanos"":""24555806""}},""latency_nanos"":{""count"":""32"",""minimum"":""388450"",""median"":""564778.5"",""maximum"":""981887"",""p95"":""843726"",""p99"":""981887"",""mean"":""591262.9375"",""median_absolute_deviation"":""127243.5"",""standard_deviation"":""155590.783419""},""latency_population"":""all-dispatched-including-failures"",""all_dispatched_latency_nanos"":{""count"":""32"",""minimum"":""388450"",""median"":""564778.5"",""maximum"":""981887"",""p95"":""843726"",""p99"":""981887"",""mean"":""591262.9375"",""median_absolute_deviation"":""127243.5"",""standard_deviation"":""155590.783419""},""successful_response_latency_nanos"":{""count"":""32"",""minimum"":""388450"",""median"":""564778.5"",""maximum"":""981887"",""p95"":""843726"",""p99"":""981887"",""mean"":""591262.9375"",""median_absolute_deviation"":""127243.5"",""standard_deviation"":""155590.783419""},""outcome_latency_nanos"":{""success"":{""count"":""32"",""minimum"":""388450"",""median"":""564778.5"",""maximum"":""981887"",""p95"":""843726"",""p99"":""981887"",""mean"":""591262.9375"",""median_absolute_deviation"":""127243.5"",""standard_deviation"":""155590.783419""},""declared-error"":null,""platform-failure"":null,""transport-failure"":null,""client-timeout"":null,""client-overload"":null,""client-deadline-before-dispatch"":null,""invalid-response"":null},""all_offered_elapsed_nanos"":{""count"":""32"",""minimum"":""439111"",""median"":""628936.5"",""maximum"":""1135212"",""p95"":""959330"",""p99"":""1135212"",""mean"":""668310.125"",""median_absolute_deviation"":""127163.5"",""standard_deviation"":""178152.165976""},""successful_response_fraction"":""1"",""dispatch_lag_nanos"":{""count"":""32"",""minimum"":""43084"",""median"":""64306.5"",""maximum"":""153325"",""p95"":""129599"",""p99"":""153325"",""mean"":""77047.1875"",""median_absolute_deviation"":""13158.5"",""standard_deviation"":""28043.071572""},""overshoot_nanos"":{""count"":""32"",""minimum"":""0"",""median"":""0"",""maximum"":""0"",""p95"":""0"",""p99"":""0"",""mean"":""0"",""median_absolute_deviation"":""0"",""standard_deviation"":""0""},""budget_successes"":""32"",""budget_misses"":""0"",""successes_per_second"":""1303.15413"",""attempts_per_second"":""1303.15413""}",1303.15413,1303.15413,1,32,0,1297.084575,1297.084575,388450,564778.5,843726,981887,981887,388450,564778.5,843726,981887,981887,439111,628936.5,959330,1135212,1135212,43084,64306.5,129599,153325,153325,0,0,0,0,0
2,1,native,32,1,density-warmup,warmup,echo,4,20944650,"{""attempts"":""128"",""dispatched"":""128"",""undispatched"":""0"",""received"":""128"",""successful"":""128"",""semantic_mismatches"":""0"",""outcomes"":{""success"":""128""},""first_scheduled_nanos"":""350"",""last_completed_nanos"":""20770468"",""elapsed_nanos"":""20770118"",""throughput"":{""completed_attempts"":""128"",""successful_responses"":""128"",""elapsed_nanos"":""20770118""}}","{""counts"":{""attempts"":""128"",""dispatched"":""128"",""undispatched"":""0"",""received"":""128"",""successful"":""128"",""semantic_mismatches"":""0"",""outcomes"":{""success"":""128""},""first_scheduled_nanos"":""350"",""last_completed_nanos"":""20770468"",""elapsed_nanos"":""20770118"",""throughput"":{""completed_attempts"":""128"",""successful_responses"":""128"",""elapsed_nanos"":""20770118""}},""latency_nanos"":{""count"":""128"",""minimum"":""304720"",""median"":""460455"",""maximum"":""942368"",""p95"":""662478"",""p99"":""809297"",""mean"":""471713.757812"",""median_absolute_deviation"":""57864.5"",""standard_deviation"":""96820.373646""},""latency_population"":""all-dispatched-including-failures"",""all_dispatched_latency_nanos"":{""count"":""128"",""minimum"":""304720"",""median"":""460455"",""maximum"":""942368"",""p95"":""662478"",""p99"":""809297"",""mean"":""471713.757812"",""median_absolute_deviation"":""57864.5"",""standard_deviation"":""96820.373646""},""successful_response_latency_nanos"":{""count"":""128"",""minimum"":""304720"",""median"":""460455"",""maximum"":""942368"",""p95"":""662478"",""p99"":""809297"",""mean"":""471713.757812"",""median_absolute_deviation"":""57864.5"",""standard_deviation"":""96820.373646""},""outcome_latency_nanos"":{""success"":{""count"":""128"",""minimum"":""304720"",""median"":""460455"",""maximum"":""942368"",""p95"":""662478"",""p99"":""809297"",""mean"":""471713.757812"",""median_absolute_deviation"":""57864.5"",""standard_deviation"":""96820.373646""},""declared-error"":null,""platform-failure"":null,""transport-failure"":null,""client-timeout"":null,""client-overload"":null,""client-deadline-before-dispatch"":null,""invalid-response"":null},""all_offered_elapsed_nanos"":{""count"":""128"",""minimum"":""322098"",""median"":""510163.5"",""maximum"":""1030528"",""p95"":""767568"",""p99"":""840471"",""mean"":""522346.632812"",""median_absolute_deviation"":""58924.5"",""standard_deviation"":""110437.18257""},""successful_response_fraction"":""1"",""dispatch_lag_nanos"":{""count"":""128"",""minimum"":""7271"",""median"":""47059.5"",""maximum"":""153024"",""p95"":""104119"",""p99"":""130794"",""mean"":""50632.875"",""median_absolute_deviation"":""19861.5"",""standard_deviation"":""28655.015931""},""overshoot_nanos"":{""count"":""128"",""minimum"":""0"",""median"":""0"",""maximum"":""0"",""p95"":""0"",""p99"":""0"",""mean"":""0"",""median_absolute_deviation"":""0"",""standard_deviation"":""0""},""budget_successes"":""128"",""budget_misses"":""0"",""successes_per_second"":""6162.699702"",""attempts_per_second"":""6162.699702""}",6162.699702,6162.699702,1,128,0,6111.345857,6111.345857,304720,460455,662478,809297,942368,304720,460455,662478,809297,942368,322098,510163.5,767568,840471,1030528,7271,47059.5,104119,130794,153024,0,0,0,0,0
2,1,native,32,2,density-measured,measured,echo,4,18590725,"{""attempts"":""128"",""dispatched"":""128"",""undispatched"":""0"",""received"":""128"",""successful"":""128"",""semantic_mismatches"":""0"",""outcomes"":{""success"":""128""},""first_scheduled_nanos"":""194"",""last_completed_nanos"":""18500901"",""elapsed_nanos"":""18500707"",""throughput"":{""completed_attempts"":""128"",""successful_responses"":""128"",""elapsed_nanos"":""18500707""}}","{""counts"":{""attempts"":""128"",""dispatched"":""128"",""undispatched"":""0"",""received"":""128"",""successful"":""128"",""semantic_mismatches"":""0"",""outcomes"":{""success"":""128""},""first_scheduled_nanos"":""194"",""last_completed_nanos"":""18500901"",""elapsed_nanos"":""18500707"",""throughput"":{""completed_attempts"":""128"",""successful_responses"":""128"",""elapsed_nanos"":""18500707""}},""latency_nanos"":{""count"":""128"",""minimum"":""282885"",""median"":""402222"",""maximum"":""975577"",""p95"":""555798"",""p99"":""869935"",""mean"":""420098.1875"",""median_absolute_deviation"":""47993.5"",""standard_deviation"":""98861.944549""},""latency_population"":""all-dispatched-including-failures"",""all_dispatched_latency_nanos"":{""count"":""128"",""minimum"":""282885"",""median"":""402222"",""maximum"":""975577"",""p95"":""555798"",""p99"":""869935"",""mean"":""420098.1875"",""median_absolute_deviation"":""47993.5"",""standard_deviation"":""98861.944549""},""successful_response_latency_nanos"":{""count"":""128"",""minimum"":""282885"",""median"":""402222"",""maximum"":""975577"",""p95"":""555798"",""p99"":""869935"",""mean"":""420098.1875"",""median_absolute_deviation"":""47993.5"",""standard_deviation"":""98861.944549""},""outcome_latency_nanos"":{""success"":{""count"":""128"",""minimum"":""282885"",""median"":""402222"",""maximum"":""975577"",""p95"":""555798"",""p99"":""869935"",""mean"":""420098.1875"",""median_absolute_deviation"":""47993.5"",""standard_deviation"":""98861.944549""},""declared-error"":null,""platform-failure"":null,""transport-failure"":null,""client-timeout"":null,""client-overload"":null,""client-deadline-before-dispatch"":null,""invalid-response"":null},""all_offered_elapsed_nanos"":{""count"":""128"",""minimum"":""299184"",""median"":""447428"",""maximum"":""1042375"",""p95"":""627685"",""p99"":""944823"",""mean"":""463266.609375"",""median_absolute_deviation"":""54675.5"",""standard_deviation"":""108410.680583""},""successful_response_fraction"":""1"",""dispatch_lag_nanos"":{""count"":""128"",""minimum"":""8070"",""median"":""36714"",""maximum"":""152412"",""p95"":""90521"",""p99"":""138595"",""mean"":""43168.421875"",""median_absolute_deviation"":""17781"",""standard_deviation"":""26773.38945""},""overshoot_nanos"":{""count"":""128"",""minimum"":""0"",""median"":""0"",""maximum"":""0"",""p95"":""0"",""p99"":""0"",""mean"":""0"",""median_absolute_deviation"":""0"",""standard_deviation"":""0""},""budget_successes"":""128"",""budget_misses"":""0"",""successes_per_second"":""6918.654514"",""attempts_per_second"":""6918.654514""}",6918.654514,6918.654514,1,128,0,6885.153753,6885.153753,282885,402222,555798,869935,975577,282885,402222,555798,869935,975577,299184,447428,627685,944823,1042375,8070,36714,90521,138595,152412,0,0,0,0,0
2,2,native,1,0,first,first,echo,1,1265279,"{""attempts"":""1"",""dispatched"":""1"",""undispatched"":""0"",""received"":""1"",""successful"":""1"",""semantic_mismatches"":""0"",""outcomes"":{""success"":""1""},""first_scheduled_nanos"":""297"",""last_completed_nanos"":""993246"",""elapsed_nanos"":""992949"",""throughput"":{""completed_attempts"":""1"",""successful_responses"":""1"",""elapsed_nanos"":""992949""}}","{""counts"":{""attempts"":""1"",""dispatched"":""1"",""undispatched"":""0"",""received"":""1"",""successful"":""1"",""semantic_mismatches"":""0"",""outcomes"":{""success"":""1""},""first_scheduled_nanos"":""297"",""last_completed_nanos"":""993246"",""elapsed_nanos"":""992949"",""throughput"":{""completed_attempts"":""1"",""successful_responses"":""1"",""elapsed_nanos"":""992949""}},""latency_nanos"":{""count"":""1"",""minimum"":""884820"",""median"":""884820"",""maximum"":""884820"",""p95"":""884820"",""p99"":""884820"",""mean"":""884820"",""median_absolute_deviation"":""0"",""standard_deviation"":""0""},""latency_population"":""all-dispatched-including-failures"",""all_dispatched_latency_nanos"":{""count"":""1"",""minimum"":""884820"",""median"":""884820"",""maximum"":""884820"",""p95"":""884820"",""p99"":""884820"",""mean"":""884820"",""median_absolute_deviation"":""0"",""standard_deviation"":""0""},""successful_response_latency_nanos"":{""count"":""1"",""minimum"":""884820"",""median"":""884820"",""maximum"":""884820"",""p95"":""884820"",""p99"":""884820"",""mean"":""884820"",""median_absolute_deviation"":""0"",""standard_deviation"":""0""},""outcome_latency_nanos"":{""success"":{""count"":""1"",""minimum"":""884820"",""median"":""884820"",""maximum"":""884820"",""p95"":""884820"",""p99"":""884820"",""mean"":""884820"",""median_absolute_deviation"":""0"",""standard_deviation"":""0""},""declared-error"":null,""platform-failure"":null,""transport-failure"":null,""client-timeout"":null,""client-overload"":null,""client-deadline-before-dispatch"":null,""invalid-response"":null},""all_offered_elapsed_nanos"":{""count"":""1"",""minimum"":""992949"",""median"":""992949"",""maximum"":""992949"",""p95"":""992949"",""p99"":""992949"",""mean"":""992949"",""median_absolute_deviation"":""0"",""standard_deviation"":""0""},""successful_response_fraction"":""1"",""dispatch_lag_nanos"":{""count"":""1"",""minimum"":""108129"",""median"":""108129"",""maximum"":""108129"",""p95"":""108129"",""p99"":""108129"",""mean"":""108129"",""median_absolute_deviation"":""0"",""standard_deviation"":""0""},""overshoot_nanos"":{""count"":""1"",""minimum"":""0"",""median"":""0"",""maximum"":""0"",""p95"":""0"",""p99"":""0"",""mean"":""0"",""median_absolute_deviation"":""0"",""standard_deviation"":""0""},""budget_successes"":""1"",""budget_misses"":""0"",""successes_per_second"":""1007.10107"",""attempts_per_second"":""1007.10107""}",1007.10107,1007.10107,1,1,0,790.339522,790.339522,884820,884820,884820,884820,884820,884820,884820,884820,884820,884820,992949,992949,992949,992949,992949,108129,108129,108129,108129,108129,0,0,0,0,0
2,2,native,1,1,density-warmup,warmup,echo,4,1100292,"{""attempts"":""4"",""dispatched"":""4"",""undispatched"":""0"",""received"":""4"",""successful"":""4"",""semantic_mismatches"":""0"",""outcomes"":{""success"":""4""},""first_scheduled_nanos"":""317"",""last_completed_nanos"":""936900"",""elapsed_nanos"":""936583"",""throughput"":{""completed_attempts"":""4"",""successful_responses"":""4"",""elapsed_nanos"":""936583""}}","{""counts"":{""attempts"":""4"",""dispatched"":""4"",""undispatched"":""0"",""received"":""4"",""successful"":""4"",""semantic_mismatches"":""0"",""outcomes"":{""success"":""4""},""first_scheduled_nanos"":""317"",""last_completed_nanos"":""936900"",""elapsed_nanos"":""936583"",""throughput"":{""completed_attempts"":""4"",""successful_responses"":""4"",""elapsed_nanos"":""936583""}},""latency_nanos"":{""count"":""4"",""minimum"":""674848"",""median"":""799587.5"",""maximum"":""841435"",""p95"":""841435"",""p99"":""841435"",""mean"":""778864.5"",""median_absolute_deviation"":""32968"",""standard_deviation"":""64718.422541""},""latency_population"":""all-dispatched-including-failures"",""all_dispatched_latency_nanos"":{""count"":""4"",""minimum"":""674848"",""median"":""799587.5"",""maximum"":""841435"",""p95"":""841435"",""p99"":""841435"",""mean"":""778864.5"",""median_absolute_deviation"":""32968"",""standard_deviation"":""64718.422541""},""successful_response_latency_nanos"":{""count"":""4"",""minimum"":""674848"",""median"":""799587.5"",""maximum"":""841435"",""p95"":""841435"",""p99"":""841435"",""mean"":""778864.5"",""median_absolute_deviation"":""32968"",""standard_deviation"":""64718.422541""},""outcome_latency_nanos"":{""success"":{""count"":""4"",""minimum"":""674848"",""median"":""799587.5"",""maximum"":""841435"",""p95"":""841435"",""p99"":""841435"",""mean"":""778864.5"",""median_absolute_deviation"":""32968"",""standard_deviation"":""64718.422541""},""declared-error"":null,""platform-failure"":null,""transport-failure"":null,""client-timeout"":null,""client-overload"":null,""client-deadline-before-dispatch"":null,""invalid-response"":null},""all_offered_elapsed_nanos"":{""count"":""4"",""minimum"":""794295"",""median"":""888188"",""maximum"":""935313"",""p95"":""935313"",""p99"":""935313"",""mean"":""876496"",""median_absolute_deviation"":""29413.5"",""standard_deviation"":""51874.182466""},""successful_response_fraction"":""1"",""dispatch_lag_nanos"":{""count"":""4"",""minimum"":""76214"",""median"":""97432.5"",""maximum"":""119447"",""p95"":""119447"",""p99"":""119447"",""mean"":""97631.5"",""median_absolute_deviation"":""12386.5"",""standard_deviation"":""15491.719474""},""overshoot_nanos"":{""count"":""4"",""minimum"":""0"",""median"":""0"",""maximum"":""0"",""p95"":""0"",""p99"":""0"",""mean"":""0"",""median_absolute_deviation"":""0"",""standard_deviation"":""0""},""budget_successes"":""4"",""budget_misses"":""0"",""successes_per_second"":""4270.844122"",""attempts_per_second"":""4270.844122""}",4270.844122,4270.844122,1,4,0,3635.398603,3635.398603,674848,799587.5,841435,841435,841435,674848,799587.5,841435,841435,841435,794295,888188,935313,935313,935313,76214,97432.5,119447,119447,119447,0,0,0,0,0
2,2,native,1,2,density-measured,measured,echo,4,837346,"{""attempts"":""4"",""dispatched"":""4"",""undispatched"":""0"",""received"":""4"",""successful"":""4"",""semantic_mismatches"":""0"",""outcomes"":{""success"":""4""},""first_scheduled_nanos"":""227"",""last_completed_nanos"":""698125"",""elapsed_nanos"":""697898"",""throughput"":{""completed_attempts"":""4"",""successful_responses"":""4"",""elapsed_nanos"":""697898""}}","{""counts"":{""attempts"":""4"",""dispatched"":""4"",""undispatched"":""0"",""received"":""4"",""successful"":""4"",""semantic_mismatches"":""0"",""outcomes"":{""success"":""4""},""first_scheduled_nanos"":""227"",""last_completed_nanos"":""698125"",""elapsed_nanos"":""697898"",""throughput"":{""completed_attempts"":""4"",""successful_responses"":""4"",""elapsed_nanos"":""697898""}},""latency_nanos"":{""count"":""4"",""minimum"":""443983"",""median"":""570646.5"",""maximum"":""624135"",""p95"":""624135"",""p99"":""624135"",""mean"":""552352.75"",""median_absolute_deviation"":""36720"",""standard_deviation"":""67753.489602""},""latency_population"":""all-dispatched-including-failures"",""all_dispatched_latency_nanos"":{""count"":""4"",""minimum"":""443983"",""median"":""570646.5"",""maximum"":""624135"",""p95"":""624135"",""p99"":""624135"",""mean"":""552352.75"",""median_absolute_deviation"":""36720"",""standard_deviation"":""67753.489602""},""successful_response_latency_nanos"":{""count"":""4"",""minimum"":""443983"",""median"":""570646.5"",""maximum"":""624135"",""p95"":""624135"",""p99"":""624135"",""mean"":""552352.75"",""median_absolute_deviation"":""36720"",""standard_deviation"":""67753.489602""},""outcome_latency_nanos"":{""success"":{""count"":""4"",""minimum"":""443983"",""median"":""570646.5"",""maximum"":""624135"",""p95"":""624135"",""p99"":""624135"",""mean"":""552352.75"",""median_absolute_deviation"":""36720"",""standard_deviation"":""67753.489602""},""declared-error"":null,""platform-failure"":null,""transport-failure"":null,""client-timeout"":null,""client-overload"":null,""client-deadline-before-dispatch"":null,""invalid-response"":null},""all_offered_elapsed_nanos"":{""count"":""4"",""minimum"":""526352"",""median"":""635906.5"",""maximum"":""697898"",""p95"":""697898"",""p99"":""697898"",""mean"":""624015.75"",""median_absolute_deviation"":""35420.5"",""standard_deviation"":""62121.256629""},""successful_response_fraction"":""1"",""dispatch_lag_nanos"":{""count"":""4"",""minimum"":""54158"",""median"":""75062.5"",""maximum"":""82369"",""p95"":""82369"",""p99"":""82369"",""mean"":""71663"",""median_absolute_deviation"":""4303"",""standard_deviation"":""10577.500437""},""overshoot_nanos"":{""count"":""4"",""minimum"":""0"",""median"":""0"",""maximum"":""0"",""p95"":""0"",""p99"":""0"",""mean"":""0"",""median_absolute_deviation"":""0"",""standard_deviation"":""0""},""budget_successes"":""4"",""budget_misses"":""0"",""successes_per_second"":""5731.49658"",""attempts_per_second"":""5731.49658""}",5731.49658,5731.49658,1,4,0,4776.9978,4776.9978,443983,570646.5,624135,624135,624135,443983,570646.5,624135,624135,624135,526352,635906.5,697898,697898,697898,54158,75062.5,82369,82369,82369,0,0,0,0,0
2,2,native,1,3,echo-c1-warmup,warmup,echo,1,4830569,"{""attempts"":""8"",""dispatched"":""8"",""undispatched"":""0"",""received"":""8"",""successful"":""8"",""semantic_mismatches"":""0"",""outcomes"":{""success"":""8""},""first_scheduled_nanos"":""297"",""last_completed_nanos"":""4743079"",""elapsed_nanos"":""4742782"",""throughput"":{""completed_attempts"":""8"",""successful_responses"":""8"",""elapsed_nanos"":""4742782""}}","{""counts"":{""attempts"":""8"",""dispatched"":""8"",""undispatched"":""0"",""received"":""8"",""successful"":""8"",""semantic_mismatches"":""0"",""outcomes"":{""success"":""8""},""first_scheduled_nanos"":""297"",""last_completed_nanos"":""4743079"",""elapsed_nanos"":""4742782"",""throughput"":{""completed_attempts"":""8"",""successful_responses"":""8"",""elapsed_nanos"":""4742782""}},""latency_nanos"":{""count"":""8"",""minimum"":""337350"",""median"":""444710.5"",""maximum"":""568116"",""p95"":""568116"",""p99"":""568116"",""mean"":""437687"",""median_absolute_deviation"":""39226"",""standard_deviation"":""67075.452196""},""latency_population"":""all-dispatched-including-failures"",""all_dispatched_latency_nanos"":{""count"":""8"",""minimum"":""337350"",""median"":""444710.5"",""maximum"":""568116"",""p95"":""568116"",""p99"":""568116"",""mean"":""437687"",""median_absolute_deviation"":""39226"",""standard_deviation"":""67075.452196""},""successful_response_latency_nanos"":{""count"":""8"",""minimum"":""337350"",""median"":""444710.5"",""maximum"":""568116"",""p95"":""568116"",""p99"":""568116"",""mean"":""437687"",""median_absolute_deviation"":""39226"",""standard_deviation"":""67075.452196""},""outcome_latency_nanos"":{""success"":{""count"":""8"",""minimum"":""337350"",""median"":""444710.5"",""maximum"":""568116"",""p95"":""568116"",""p99"":""568116"",""mean"":""437687"",""median_absolute_deviation"":""39226"",""standard_deviation"":""67075.452196""},""declared-error"":null,""platform-failure"":null,""transport-failure"":null,""client-timeout"":null,""client-overload"":null,""client-deadline-before-dispatch"":null,""invalid-response"":null},""all_offered_elapsed_nanos"":{""count"":""8"",""minimum"":""412166"",""median"":""510209"",""maximum"":""638819"",""p95"":""638819"",""p99"":""638819"",""mean"":""506861.5"",""median_absolute_deviation"":""51877.5"",""standard_deviation"":""70393.49167""},""successful_response_fraction"":""1"",""dispatch_lag_nanos"":{""count"":""8"",""minimum"":""49528"",""median"":""72759.5"",""maximum"":""81469"",""p95"":""81469"",""p99"":""81469"",""mean"":""69174.5"",""median_absolute_deviation"":""8395.5"",""standard_deviation"":""11526.527111""},""overshoot_nanos"":{""count"":""8"",""minimum"":""0"",""median"":""0"",""maximum"":""0"",""p95"":""0"",""p99"":""0"",""mean"":""0"",""median_absolute_deviation"":""0"",""standard_deviation"":""0""},""budget_successes"":""8"",""budget_misses"":""0"",""successes_per_second"":""1686.773712"",""attempts_per_second"":""1686.773712""}",1686.773712,1686.773712,1,8,0,1656.1196,1656.1196,337350,444710.5,568116,568116,568116,337350,444710.5,568116,568116,568116,412166,510209,638819,638819,638819,49528,72759.5,81469,81469,81469,0,0,0,0,0
2,2,native,1,4,echo-c1-measured,measured,echo,1,69963796,"{""attempts"":""128"",""dispatched"":""128"",""undispatched"":""0"",""received"":""128"",""successful"":""128"",""semantic_mismatches"":""0"",""outcomes"":{""success"":""128""},""first_scheduled_nanos"":""197"",""last_completed_nanos"":""69871548"",""elapsed_nanos"":""69871351"",""throughput"":{""completed_attempts"":""128"",""successful_responses"":""128"",""elapsed_nanos"":""69871351""}}","{""counts"":{""attempts"":""128"",""dispatched"":""128"",""undispatched"":""0"",""received"":""128"",""successful"":""128"",""semantic_mismatches"":""0"",""outcomes"":{""success"":""128""},""first_scheduled_nanos"":""197"",""last_completed_nanos"":""69871548"",""elapsed_nanos"":""69871351"",""throughput"":{""completed_attempts"":""128"",""successful_responses"":""128"",""elapsed_nanos"":""69871351""}},""latency_nanos"":{""count"":""128"",""minimum"":""245855"",""median"":""366030.5"",""maximum"":""992276"",""p95"":""566368"",""p99"":""718734"",""mean"":""383168.65625"",""median_absolute_deviation"":""35268.5"",""standard_deviation"":""96759.904441""},""latency_population"":""all-dispatched-including-failures"",""all_dispatched_latency_nanos"":{""count"":""128"",""minimum"":""245855"",""median"":""366030.5"",""maximum"":""992276"",""p95"":""566368"",""p99"":""718734"",""mean"":""383168.65625"",""median_absolute_deviation"":""35268.5"",""standard_deviation"":""96759.904441""},""successful_response_latency_nanos"":{""count"":""128"",""minimum"":""245855"",""median"":""366030.5"",""maximum"":""992276"",""p95"":""566368"",""p99"":""718734"",""mean"":""383168.65625"",""median_absolute_deviation"":""35268.5"",""standard_deviation"":""96759.904441""},""outcome_latency_nanos"":{""success"":{""count"":""128"",""minimum"":""245855"",""median"":""366030.5"",""maximum"":""992276"",""p95"":""566368"",""p99"":""718734"",""mean"":""383168.65625"",""median_absolute_deviation"":""35268.5"",""standard_deviation"":""96759.904441""},""declared-error"":null,""platform-failure"":null,""transport-failure"":null,""client-timeout"":null,""client-overload"":null,""client-deadline-before-dispatch"":null,""invalid-response"":null},""all_offered_elapsed_nanos"":{""count"":""128"",""minimum"":""294583"",""median"":""425214.5"",""maximum"":""1043434"",""p95"":""667763"",""p99"":""847451"",""mean"":""446283.125"",""median_absolute_deviation"":""38830.5"",""standard_deviation"":""104161.96378""},""successful_response_fraction"":""1"",""dispatch_lag_nanos"":{""count"":""128"",""minimum"":""45227"",""median"":""58814.5"",""maximum"":""130901"",""p95"":""94411"",""p99"":""128717"",""mean"":""63114.46875"",""median_absolute_deviation"":""5458.5"",""standard_deviation"":""15852.344829""},""overshoot_nanos"":{""count"":""128"",""minimum"":""0"",""median"":""0"",""maximum"":""0"",""p95"":""0"",""p99"":""0"",""mean"":""0"",""median_absolute_deviation"":""0"",""standard_deviation"":""0""},""budget_successes"":""128"",""budget_misses"":""0"",""successes_per_second"":""1831.938243"",""attempts_per_second"":""1831.938243""}",1831.938243,1831.938243,1,128,0,1829.517655,1829.517655,245855,366030.5,566368,718734,992276,245855,366030.5,566368,718734,992276,294583,425214.5,667763,847451,1043434,45227,58814.5,94411,128717,130901,0,0,0,0,0
2,2,native,1,5,compute-c1-warmup,warmup,compute,1,2340385,"{""attempts"":""4"",""dispatched"":""4"",""undispatched"":""0"",""received"":""4"",""successful"":""4"",""semantic_mismatches"":""0"",""outcomes"":{""success"":""4""},""first_scheduled_nanos"":""224"",""last_completed_nanos"":""2256525"",""elapsed_nanos"":""2256301"",""throughput"":{""completed_attempts"":""4"",""successful_responses"":""4"",""elapsed_nanos"":""2256301""}}","{""counts"":{""attempts"":""4"",""dispatched"":""4"",""undispatched"":""0"",""received"":""4"",""successful"":""4"",""semantic_mismatches"":""0"",""outcomes"":{""success"":""4""},""first_scheduled_nanos"":""224"",""last_completed_nanos"":""2256525"",""elapsed_nanos"":""2256301"",""throughput"":{""completed_attempts"":""4"",""successful_responses"":""4"",""elapsed_nanos"":""2256301""}},""latency_nanos"":{""count"":""4"",""minimum"":""371325"",""median"":""419474.5"",""maximum"":""449641"",""p95"":""449641"",""p99"":""449641"",""mean"":""414978.75"",""median_absolute_deviation"":""25304"",""standard_deviation"":""31556.516145""},""latency_population"":""all-dispatched-including-failures"",""all_dispatched_latency_nanos"":{""count"":""4"",""minimum"":""371325"",""median"":""419474.5"",""maximum"":""449641"",""p95"":""449641"",""p99"":""449641"",""mean"":""414978.75"",""median_absolute_deviation"":""25304"",""standard_deviation"":""31556.516145""},""successful_response_latency_nanos"":{""count"":""4"",""minimum"":""371325"",""median"":""419474.5"",""maximum"":""449641"",""p95"":""449641"",""p99"":""449641"",""mean"":""414978.75"",""median_absolute_deviation"":""25304"",""standard_deviation"":""31556.516145""},""outcome_latency_nanos"":{""success"":{""count"":""4"",""minimum"":""371325"",""median"":""419474.5"",""maximum"":""449641"",""p95"":""449641"",""p99"":""449641"",""mean"":""414978.75"",""median_absolute_deviation"":""25304"",""standard_deviation"":""31556.516145""},""declared-error"":null,""platform-failure"":null,""transport-failure"":null,""client-timeout"":null,""client-overload"":null,""client-deadline-before-dispatch"":null,""invalid-response"":null},""all_offered_elapsed_nanos"":{""count"":""4"",""minimum"":""435747"",""median"":""481739.5"",""maximum"":""516557"",""p95"":""516557"",""p99"":""516557"",""mean"":""478945.75"",""median_absolute_deviation"":""26640.5"",""standard_deviation"":""31536.288109""},""successful_response_fraction"":""1"",""dispatch_lag_nanos"":{""count"":""4"",""minimum"":""60287"",""median"":""64332.5"",""maximum"":""66916"",""p95"":""66916"",""p99"":""66916"",""mean"":""63967"",""median_absolute_deviation"":""1336.5"",""standard_deviation"":""2372.878105""},""overshoot_nanos"":{""count"":""4"",""minimum"":""0"",""median"":""0"",""maximum"":""0"",""p95"":""0"",""p99"":""0"",""mean"":""0"",""median_absolute_deviation"":""0"",""standard_deviation"":""0""},""budget_successes"":""4"",""budget_misses"":""0"",""successes_per_second"":""1772.813113"",""attempts_per_second"":""1772.813113""}",1772.813113,1772.813113,1,4,0,1709.120508,1709.120508,371325,419474.5,449641,449641,449641,371325,419474.5,449641,449641,449641,435747,481739.5,516557,516557,516557,60287,64332.5,66916,66916,66916,0,0,0,0,0
2,2,native,1,6,compute-c1-measured,measured,compute,1,34445690,"{""attempts"":""64"",""dispatched"":""64"",""undispatched"":""0"",""received"":""64"",""successful"":""64"",""semantic_mismatches"":""0"",""outcomes"":{""success"":""64""},""first_scheduled_nanos"":""238"",""last_completed_nanos"":""34355266"",""elapsed_nanos"":""34355028"",""throughput"":{""completed_attempts"":""64"",""successful_responses"":""64"",""elapsed_nanos"":""34355028""}}","{""counts"":{""attempts"":""64"",""dispatched"":""64"",""undispatched"":""0"",""received"":""64"",""successful"":""64"",""semantic_mismatches"":""0"",""outcomes"":{""success"":""64""},""first_scheduled_nanos"":""238"",""last_completed_nanos"":""34355266"",""elapsed_nanos"":""34355028"",""throughput"":{""completed_attempts"":""64"",""successful_responses"":""64"",""elapsed_nanos"":""34355028""}},""latency_nanos"":{""count"":""64"",""minimum"":""265501"",""median"":""349884"",""maximum"":""823819"",""p95"":""562600"",""p99"":""823819"",""mean"":""377442.125"",""median_absolute_deviation"":""39096"",""standard_deviation"":""102150.048991""},""latency_population"":""all-dispatched-including-failures"",""all_dispatched_latency_nanos"":{""count"":""64"",""minimum"":""265501"",""median"":""349884"",""maximum"":""823819"",""p95"":""562600"",""p99"":""823819"",""mean"":""377442.125"",""median_absolute_deviation"":""39096"",""standard_deviation"":""102150.048991""},""successful_response_latency_nanos"":{""count"":""64"",""minimum"":""265501"",""median"":""349884"",""maximum"":""823819"",""p95"":""562600"",""p99"":""823819"",""mean"":""377442.125"",""median_absolute_deviation"":""39096"",""standard_deviation"":""102150.048991""},""outcome_latency_nanos"":{""success"":{""count"":""64"",""minimum"":""265501"",""median"":""349884"",""maximum"":""823819"",""p95"":""562600"",""p99"":""823819"",""mean"":""377442.125"",""median_absolute_deviation"":""39096"",""standard_deviation"":""102150.048991""},""declared-error"":null,""platform-failure"":null,""transport-failure"":null,""client-timeout"":null,""client-overload"":null,""client-deadline-before-dispatch"":null,""invalid-response"":null},""all_offered_elapsed_nanos"":{""count"":""64"",""minimum"":""312619"",""median"":""405607.5"",""maximum"":""889401"",""p95"":""624055"",""p99"":""889401"",""mean"":""441107.90625"",""median_absolute_deviation"":""42049.5"",""standard_deviation"":""111526.935792""},""successful_response_fraction"":""1"",""dispatch_lag_nanos"":{""count"":""64"",""minimum"":""45230"",""median"":""56342"",""maximum"":""169118"",""p95"":""111875"",""p99"":""169118"",""mean"":""63665.78125"",""median_absolute_deviation"":""4871"",""standard_deviation"":""21127.805579""},""overshoot_nanos"":{""count"":""64"",""minimum"":""0"",""median"":""0"",""maximum"":""0"",""p95"":""0"",""p99"":""0"",""mean"":""0"",""median_absolute_deviation"":""0"",""standard_deviation"":""0""},""budget_successes"":""64"",""budget_misses"":""0"",""successes_per_second"":""1862.900534"",""attempts_per_second"":""1862.900534""}",1862.900534,1862.900534,1,64,0,1857.997329,1857.997329,265501,349884,562600,823819,823819,265501,349884,562600,823819,823819,312619,405607.5,624055,889401,889401,45230,56342,111875,169118,169118,0,0,0,0,0
2,2,native,1,7,echo-c4-warmup,warmup,echo,4,1725592,"{""attempts"":""8"",""dispatched"":""8"",""undispatched"":""0"",""received"":""8"",""successful"":""8"",""semantic_mismatches"":""0"",""outcomes"":{""success"":""8""},""first_scheduled_nanos"":""686"",""last_completed_nanos"":""1630425"",""elapsed_nanos"":""1629739"",""throughput"":{""completed_attempts"":""8"",""successful_responses"":""8"",""elapsed_nanos"":""1629739""}}","{""counts"":{""attempts"":""8"",""dispatched"":""8"",""undispatched"":""0"",""received"":""8"",""successful"":""8"",""semantic_mismatches"":""0"",""outcomes"":{""success"":""8""},""first_scheduled_nanos"":""686"",""last_completed_nanos"":""1630425"",""elapsed_nanos"":""1629739"",""throughput"":{""completed_attempts"":""8"",""successful_responses"":""8"",""elapsed_nanos"":""1629739""}},""latency_nanos"":{""count"":""8"",""minimum"":""346486"",""median"":""600622"",""maximum"":""954320"",""p95"":""954320"",""p99"":""954320"",""mean"":""642251.375"",""median_absolute_deviation"":""218450.5"",""standard_deviation"":""230754.447868""},""latency_population"":""all-dispatched-including-failures"",""all_dispatched_latency_nanos"":{""count"":""8"",""minimum"":""346486"",""median"":""600622"",""maximum"":""954320"",""p95"":""954320"",""p99"":""954320"",""mean"":""642251.375"",""median_absolute_deviation"":""218450.5"",""standard_deviation"":""230754.447868""},""successful_response_latency_nanos"":{""count"":""8"",""minimum"":""346486"",""median"":""600622"",""maximum"":""954320"",""p95"":""954320"",""p99"":""954320"",""mean"":""642251.375"",""median_absolute_deviation"":""218450.5"",""standard_deviation"":""230754.447868""},""outcome_latency_nanos"":{""success"":{""count"":""8"",""minimum"":""346486"",""median"":""600622"",""maximum"":""954320"",""p95"":""954320"",""p99"":""954320"",""mean"":""642251.375"",""median_absolute_deviation"":""218450.5"",""standard_deviation"":""230754.447868""},""declared-error"":null,""platform-failure"":null,""transport-failure"":null,""client-timeout"":null,""client-overload"":null,""client-deadline-before-dispatch"":null,""invalid-response"":null},""all_offered_elapsed_nanos"":{""count"":""8"",""minimum"":""405537"",""median"":""661231"",""maximum"":""1104721"",""p95"":""1104721"",""p99"":""1104721"",""mean"":""715267.125"",""median_absolute_deviation"":""235566.5"",""standard_deviation"":""273530.241995""},""successful_response_fraction"":""1"",""dispatch_lag_nanos"":{""count"":""8"",""minimum"":""6828"",""median"":""77187.5"",""maximum"":""150401"",""p95"":""150401"",""p99"":""150401"",""mean"":""73015.75"",""median_absolute_deviation"":""39169"",""standard_deviation"":""49575.24985""},""overshoot_nanos"":{""count"":""8"",""minimum"":""0"",""median"":""0"",""maximum"":""0"",""p95"":""0"",""p99"":""0"",""mean"":""0"",""median_absolute_deviation"":""0"",""standard_deviation"":""0""},""budget_successes"":""8"",""budget_misses"":""0"",""successes_per_second"":""4908.761464"",""attempts_per_second"":""4908.761464""}",4908.761464,4908.761464,1,8,0,4636.090107,4636.090107,346486,600622,954320,954320,954320,346486,600622,954320,954320,954320,405537,661231,1104721,1104721,1104721,6828,77187.5,150401,150401,150401,0,0,0,0,0
2,2,native,1,8,echo-c4-measured,measured,echo,4,17758266,"{""attempts"":""128"",""dispatched"":""128"",""undispatched"":""0"",""received"":""128"",""successful"":""128"",""semantic_mismatches"":""0"",""outcomes"":{""success"":""128""},""first_scheduled_nanos"":""416"",""last_completed_nanos"":""17680020"",""elapsed_nanos"":""17679604"",""throughput"":{""completed_attempts"":""128"",""successful_responses"":""128"",""elapsed_nanos"":""17679604""}}","{""counts"":{""attempts"":""128"",""dispatched"":""128"",""undispatched"":""0"",""received"":""128"",""successful"":""128"",""semantic_mismatches"":""0"",""outcomes"":{""success"":""128""},""first_scheduled_nanos"":""416"",""last_completed_nanos"":""17680020"",""elapsed_nanos"":""17679604"",""throughput"":{""completed_attempts"":""128"",""successful_responses"":""128"",""elapsed_nanos"":""17679604""}},""latency_nanos"":{""count"":""128"",""minimum"":""185408"",""median"":""395215"",""maximum"":""883355"",""p95"":""634184"",""p99"":""840835"",""mean"":""414619.65625"",""median_absolute_deviation"":""60250.5"",""standard_deviation"":""115528.230597""},""latency_population"":""all-dispatched-including-failures"",""all_dispatched_latency_nanos"":{""count"":""128"",""minimum"":""185408"",""median"":""395215"",""maximum"":""883355"",""p95"":""634184"",""p99"":""840835"",""mean"":""414619.65625"",""median_absolute_deviation"":""60250.5"",""standard_deviation"":""115528.230597""},""successful_response_latency_nanos"":{""count"":""128"",""minimum"":""185408"",""median"":""395215"",""maximum"":""883355"",""p95"":""634184"",""p99"":""840835"",""mean"":""414619.65625"",""median_absolute_deviation"":""60250.5"",""standard_deviation"":""115528.230597""},""outcome_latency_nanos"":{""success"":{""count"":""128"",""minimum"":""185408"",""median"":""395215"",""maximum"":""883355"",""p95"":""634184"",""p99"":""840835"",""mean"":""414619.65625"",""median_absolute_deviation"":""60250.5"",""standard_deviation"":""115528.230597""},""declared-error"":null,""platform-failure"":null,""transport-failure"":null,""client-timeout"":null,""client-overload"":null,""client-deadline-before-dispatch"":null,""invalid-response"":null},""all_offered_elapsed_nanos"":{""count"":""128"",""minimum"":""198099"",""median"":""417029"",""maximum"":""1010767"",""p95"":""682835"",""p99"":""980735"",""mean"":""448544.757812"",""median_absolute_deviation"":""59623.5"",""standard_deviation"":""127004.844743""},""successful_response_fraction"":""1"",""dispatch_lag_nanos"":{""count"":""128"",""minimum"":""4048"",""median"":""30631.5"",""maximum"":""160892"",""p95"":""70917"",""p99"":""139900"",""mean"":""33925.101562"",""median_absolute_deviation"":""16618.5"",""standard_deviation"":""25210.480351""},""overshoot_nanos"":{""count"":""128"",""minimum"":""0"",""median"":""0"",""maximum"":""0"",""p95"":""0"",""p99"":""0"",""mean"":""0"",""median_absolute_deviation"":""0"",""standard_deviation"":""0""},""budget_successes"":""128"",""budget_misses"":""0"",""successes_per_second"":""7239.981167"",""attempts_per_second"":""7239.981167""}",7239.981167,7239.981167,1,128,0,7207.910953,7207.910953,185408,395215,634184,840835,883355,185408,395215,634184,840835,883355,198099,417029,682835,980735,1010767,4048,30631.5,70917,139900,160892,0,0,0,0,0
2,3,lsf,1,0,first,first,echo,1,40067892,"{""attempts"":""1"",""dispatched"":""1"",""undispatched"":""0"",""received"":""1"",""successful"":""1"",""semantic_mismatches"":""0"",""outcomes"":{""success"":""1""},""first_scheduled_nanos"":""871"",""last_completed_nanos"":""39758264"",""elapsed_nanos"":""39757393"",""throughput"":{""completed_attempts"":""1"",""successful_responses"":""1"",""elapsed_nanos"":""39757393""}}","{""counts"":{""attempts"":""1"",""dispatched"":""1"",""undispatched"":""0"",""received"":""1"",""successful"":""1"",""semantic_mismatches"":""0"",""outcomes"":{""success"":""1""},""first_scheduled_nanos"":""871"",""last_completed_nanos"":""39758264"",""elapsed_nanos"":""39757393"",""throughput"":{""completed_attempts"":""1"",""successful_responses"":""1"",""elapsed_nanos"":""39757393""}},""latency_nanos"":{""count"":""1"",""minimum"":""39584979"",""median"":""39584979"",""maximum"":""39584979"",""p95"":""39584979"",""p99"":""39584979"",""mean"":""39584979"",""median_absolute_deviation"":""0"",""standard_deviation"":""0""},""latency_population"":""all-dispatched-including-failures"",""all_dispatched_latency_nanos"":{""count"":""1"",""minimum"":""39584979"",""median"":""39584979"",""maximum"":""39584979"",""p95"":""39584979"",""p99"":""39584979"",""mean"":""39584979"",""median_absolute_deviation"":""0"",""standard_deviation"":""0""},""successful_response_latency_nanos"":{""count"":""1"",""minimum"":""39584979"",""median"":""39584979"",""maximum"":""39584979"",""p95"":""39584979"",""p99"":""39584979"",""mean"":""39584979"",""median_absolute_deviation"":""0"",""standard_deviation"":""0""},""outcome_latency_nanos"":{""success"":{""count"":""1"",""minimum"":""39584979"",""median"":""39584979"",""maximum"":""39584979"",""p95"":""39584979"",""p99"":""39584979"",""mean"":""39584979"",""median_absolute_deviation"":""0"",""standard_deviation"":""0""},""declared-error"":null,""platform-failure"":null,""transport-failure"":null,""client-timeout"":null,""client-overload"":null,""client-deadline-before-dispatch"":null,""invalid-response"":null},""all_offered_elapsed_nanos"":{""count"":""1"",""minimum"":""39757393"",""median"":""39757393"",""maximum"":""39757393"",""p95"":""39757393"",""p99"":""39757393"",""mean"":""39757393"",""median_absolute_deviation"":""0"",""standard_deviation"":""0""},""successful_response_fraction"":""1"",""dispatch_lag_nanos"":{""count"":""1"",""minimum"":""172414"",""median"":""172414"",""maximum"":""172414"",""p95"":""172414"",""p99"":""172414"",""mean"":""172414"",""median_absolute_deviation"":""0"",""standard_deviation"":""0""},""overshoot_nanos"":{""count"":""1"",""minimum"":""0"",""median"":""0"",""maximum"":""0"",""p95"":""0"",""p99"":""0"",""mean"":""0"",""median_absolute_deviation"":""0"",""standard_deviation"":""0""},""budget_successes"":""1"",""budget_misses"":""0"",""successes_per_second"":""25.152555"",""attempts_per_second"":""25.152555""}",25.152555,25.152555,1,1,0,24.957639,24.957639,39584979,39584979,39584979,39584979,39584979,39584979,39584979,39584979,39584979,39584979,39757393,39757393,39757393,39757393,39757393,172414,172414,172414,172414,172414,0,0,0,0,0
2,3,lsf,1,1,density-warmup,warmup,echo,4,1991974,"{""attempts"":""4"",""dispatched"":""4"",""undispatched"":""0"",""received"":""4"",""successful"":""4"",""semantic_mismatches"":""0"",""outcomes"":{""success"":""4""},""first_scheduled_nanos"":""346"",""last_completed_nanos"":""1927105"",""elapsed_nanos"":""1926759"",""throughput"":{""completed_attempts"":""4"",""successful_responses"":""4"",""elapsed_nanos"":""1926759""}}","{""counts"":{""attempts"":""4"",""dispatched"":""4"",""undispatched"":""0"",""received"":""4"",""successful"":""4"",""semantic_mismatches"":""0"",""outcomes"":{""success"":""4""},""first_scheduled_nanos"":""346"",""last_completed_nanos"":""1927105"",""elapsed_nanos"":""1926759"",""throughput"":{""completed_attempts"":""4"",""successful_responses"":""4"",""elapsed_nanos"":""1926759""}},""latency_nanos"":{""count"":""4"",""minimum"":""1535376"",""median"":""1605903.5"",""maximum"":""1745862"",""p95"":""1745862"",""p99"":""1745862"",""mean"":""1623261.25"",""median_absolute_deviation"":""50081.5"",""standard_deviation"":""79236.780851""},""latency_population"":""all-dispatched-including-failures"",""all_dispatched_latency_nanos"":{""count"":""4"",""minimum"":""1535376"",""median"":""1605903.5"",""maximum"":""1745862"",""p95"":""1745862"",""p99"":""1745862"",""mean"":""1623261.25"",""median_absolute_deviation"":""50081.5"",""standard_deviation"":""79236.780851""},""successful_response_latency_nanos"":{""count"":""4"",""minimum"":""1535376"",""median"":""1605903.5"",""maximum"":""1745862"",""p95"":""1745862"",""p99"":""1745862"",""mean"":""1623261.25"",""median_absolute_deviation"":""50081.5"",""standard_deviation"":""79236.780851""},""outcome_latency_nanos"":{""success"":{""count"":""4"",""minimum"":""1535376"",""median"":""1605903.5"",""maximum"":""1745862"",""p95"":""1745862"",""p99"":""1745862"",""mean"":""1623261.25"",""median_absolute_deviation"":""50081.5"",""standard_deviation"":""79236.780851""},""declared-error"":null,""platform-failure"":null,""transport-failure"":null,""client-timeout"":null,""client-overload"":null,""client-deadline-before-dispatch"":null,""invalid-response"":null},""all_offered_elapsed_nanos"":{""count"":""4"",""minimum"":""1649752"",""median"":""1712096.5"",""maximum"":""1855443"",""p95"":""1855443"",""p99"":""1855443"",""mean"":""1732347"",""median_absolute_deviation"":""32458.5"",""standard_deviation"":""75511.52272""},""successful_response_fraction"":""1"",""dispatch_lag_nanos"":{""count"":""4"",""minimum"":""79130"",""median"":""111978.5"",""maximum"":""133256"",""p95"":""133256"",""p99"":""133256"",""mean"":""109085.75"",""median_absolute_deviation"":""11837.5"",""standard_deviation"":""19427.94354""},""overshoot_nanos"":{""count"":""4"",""minimum"":""0"",""median"":""0"",""maximum"":""0"",""p95"":""0"",""p99"":""0"",""mean"":""0"",""median_absolute_deviation"":""0"",""standard_deviation"":""0""},""budget_successes"":""4"",""budget_misses"":""0"",""successes_per_second"":""2076.025076"",""attempts_per_second"":""2076.025076""}",2076.025076,2076.025076,1,4,0,2008.058338,2008.058338,1535376,1605903.5,1745862,1745862,1745862,1535376,1605903.5,1745862,1745862,1745862,1649752,1712096.5,1855443,1855443,1855443,79130,111978.5,133256,133256,133256,0,0,0,0,0
2,3,lsf,1,2,density-measured,measured,echo,4,1925404,"{""attempts"":""4"",""dispatched"":""4"",""undispatched"":""0"",""received"":""4"",""successful"":""4"",""semantic_mismatches"":""0"",""outcomes"":{""success"":""4""},""first_scheduled_nanos"":""258"",""last_completed_nanos"":""1811951"",""elapsed_nanos"":""1811693"",""throughput"":{""completed_attempts"":""4"",""successful_responses"":""4"",""elapsed_nanos"":""1811693""}}","{""counts"":{""attempts"":""4"",""dispatched"":""4"",""undispatched"":""0"",""received"":""4"",""successful"":""4"",""semantic_mismatches"":""0"",""outcomes"":{""success"":""4""},""first_scheduled_nanos"":""258"",""last_completed_nanos"":""1811951"",""elapsed_nanos"":""1811693"",""throughput"":{""completed_attempts"":""4"",""successful_responses"":""4"",""elapsed_nanos"":""1811693""}},""latency_nanos"":{""count"":""4"",""minimum"":""1059372"",""median"":""1692964.5"",""maximum"":""1739751"",""p95"":""1739751"",""p99"":""1739751"",""mean"":""1546263"",""median_absolute_deviation"":""34080.5"",""standard_deviation"":""282159.906228""},""latency_population"":""all-dispatched-including-failures"",""all_dispatched_latency_nanos"":{""count"":""4"",""minimum"":""1059372"",""median"":""1692964.5"",""maximum"":""1739751"",""p95"":""1739751"",""p99"":""1739751"",""mean"":""1546263"",""median_absolute_deviation"":""34080.5"",""standard_deviation"":""282159.906228""},""successful_response_latency_nanos"":{""count"":""4"",""minimum"":""1059372"",""median"":""1692964.5"",""maximum"":""1739751"",""p95"":""1739751"",""p99"":""1739751"",""mean"":""1546263"",""median_absolute_deviation"":""34080.5"",""standard_deviation"":""282159.906228""},""outcome_latency_nanos"":{""success"":{""count"":""4"",""minimum"":""1059372"",""median"":""1692964.5"",""maximum"":""1739751"",""p95"":""1739751"",""p99"":""1739751"",""mean"":""1546263"",""median_absolute_deviation"":""34080.5"",""standard_deviation"":""282159.906228""},""declared-error"":null,""platform-failure"":null,""transport-failure"":null,""client-timeout"":null,""client-overload"":null,""client-deadline-before-dispatch"":null,""invalid-response"":null},""all_offered_elapsed_nanos"":{""count"":""4"",""minimum"":""1126329"",""median"":""1748677"",""maximum"":""1811693"",""p95"":""1811693"",""p99"":""1811693"",""mean"":""1608844"",""median_absolute_deviation"":""38802.5"",""standard_deviation"":""279955.646329""},""successful_response_fraction"":""1"",""dispatch_lag_nanos"":{""count"":""4"",""minimum"":""48927"",""median"":""64727.5"",""maximum"":""71942"",""p95"":""71942"",""p99"":""71942"",""mean"":""62581"",""median_absolute_deviation"":""4722"",""standard_deviation"":""8561.779926""},""overshoot_nanos"":{""count"":""4"",""minimum"":""0"",""median"":""0"",""maximum"":""0"",""p95"":""0"",""p99"":""0"",""mean"":""0"",""median_absolute_deviation"":""0"",""standard_deviation"":""0""},""budget_successes"":""4"",""budget_misses"":""0"",""successes_per_second"":""2207.879591"",""attempts_per_second"":""2207.879591""}",2207.879591,2207.879591,1,4,0,2077.486076,2077.486076,1059372,1692964.5,1739751,1739751,1739751,1059372,1692964.5,1739751,1739751,1739751,1126329,1748677,1811693,1811693,1811693,48927,64727.5,71942,71942,71942,0,0,0,0,0
2,3,lsf,1,3,echo-c1-warmup,warmup,echo,1,9048929,"{""attempts"":""8"",""dispatched"":""8"",""undispatched"":""0"",""received"":""8"",""successful"":""8"",""semantic_mismatches"":""0"",""outcomes"":{""success"":""8""},""first_scheduled_nanos"":""674"",""last_completed_nanos"":""8931910"",""elapsed_nanos"":""8931236"",""throughput"":{""completed_attempts"":""8"",""successful_responses"":""8"",""elapsed_nanos"":""8931236""}}","{""counts"":{""attempts"":""8"",""dispatched"":""8"",""undispatched"":""0"",""received"":""8"",""successful"":""8"",""semantic_mismatches"":""0"",""outcomes"":{""success"":""8""},""first_scheduled_nanos"":""674"",""last_completed_nanos"":""8931910"",""elapsed_nanos"":""8931236"",""throughput"":{""completed_attempts"":""8"",""successful_responses"":""8"",""elapsed_nanos"":""8931236""}},""latency_nanos"":{""count"":""8"",""minimum"":""691749"",""median"":""813792"",""maximum"":""1346296"",""p95"":""1346296"",""p99"":""1346296"",""mean"":""896522.875"",""median_absolute_deviation"":""70709"",""standard_deviation"":""203200.260978""},""latency_population"":""all-dispatched-including-failures"",""all_dispatched_latency_nanos"":{""count"":""8"",""minimum"":""691749"",""median"":""813792"",""maximum"":""1346296"",""p95"":""1346296"",""p99"":""1346296"",""mean"":""896522.875"",""median_absolute_deviation"":""70709"",""standard_deviation"":""203200.260978""},""successful_response_latency_nanos"":{""count"":""8"",""minimum"":""691749"",""median"":""813792"",""maximum"":""1346296"",""p95"":""1346296"",""p99"":""1346296"",""mean"":""896522.875"",""median_absolute_deviation"":""70709"",""standard_deviation"":""203200.260978""},""outcome_latency_nanos"":{""success"":{""count"":""8"",""minimum"":""691749"",""median"":""813792"",""maximum"":""1346296"",""p95"":""1346296"",""p99"":""1346296"",""mean"":""896522.875"",""median_absolute_deviation"":""70709"",""standard_deviation"":""203200.260978""},""declared-error"":null,""platform-failure"":null,""transport-failure"":null,""client-timeout"":null,""client-overload"":null,""client-deadline-before-dispatch"":null,""invalid-response"":null},""all_offered_elapsed_nanos"":{""count"":""8"",""minimum"":""771833"",""median"":""904259"",""maximum"":""1508682"",""p95"":""1508682"",""p99"":""1508682"",""mean"":""986604.75"",""median_absolute_deviation"":""65307"",""standard_deviation"":""225084.660275""},""successful_response_fraction"":""1"",""dispatch_lag_nanos"":{""count"":""8"",""minimum"":""53991"",""median"":""80320"",""maximum"":""162386"",""p95"":""162386"",""p99"":""162386"",""mean"":""90081.875"",""median_absolute_deviation"":""22485"",""standard_deviation"":""37352.059031""},""overshoot_nanos"":{""count"":""8"",""minimum"":""0"",""median"":""0"",""maximum"":""0"",""p95"":""0"",""p99"":""0"",""mean"":""0"",""median_absolute_deviation"":""0"",""standard_deviation"":""0""},""budget_successes"":""8"",""budget_misses"":""0"",""successes_per_second"":""895.732685"",""attempts_per_second"":""895.732685""}",895.732685,895.732685,1,8,0,884.082525,884.082525,691749,813792,1346296,1346296,1346296,691749,813792,1346296,1346296,1346296,771833,904259,1508682,1508682,1508682,53991,80320,162386,162386,162386,0,0,0,0,0
2,3,lsf,1,4,echo-c1-measured,measured,echo,1,119092578,"{""attempts"":""128"",""dispatched"":""128"",""undispatched"":""0"",""received"":""128"",""successful"":""128"",""semantic_mismatches"":""0"",""outcomes"":{""success"":""128""},""first_scheduled_nanos"":""223"",""last_completed_nanos"":""118700992"",""elapsed_nanos"":""118700769"",""throughput"":{""completed_attempts"":""128"",""successful_responses"":""128"",""elapsed_nanos"":""118700769""}}","{""counts"":{""attempts"":""128"",""dispatched"":""128"",""undispatched"":""0"",""received"":""128"",""successful"":""128"",""semantic_mismatches"":""0"",""outcomes"":{""success"":""128""},""first_scheduled_nanos"":""223"",""last_completed_nanos"":""118700992"",""elapsed_nanos"":""118700769"",""throughput"":{""completed_attempts"":""128"",""successful_responses"":""128"",""elapsed_nanos"":""118700769""}},""latency_nanos"":{""count"":""128"",""minimum"":""545065"",""median"":""726158"",""maximum"":""1290445"",""p95"":""1026709"",""p99"":""1280066"",""mean"":""752889.789062"",""median_absolute_deviation"":""59662.5"",""standard_deviation"":""130271.575944""},""latency_population"":""all-dispatched-including-failures"",""all_dispatched_latency_nanos"":{""count"":""128"",""minimum"":""545065"",""median"":""726158"",""maximum"":""1290445"",""p95"":""1026709"",""p99"":""1280066"",""mean"":""752889.789062"",""median_absolute_deviation"":""59662.5"",""standard_deviation"":""130271.575944""},""successful_response_latency_nanos"":{""count"":""128"",""minimum"":""545065"",""median"":""726158"",""maximum"":""1290445"",""p95"":""1026709"",""p99"":""1280066"",""mean"":""752889.789062"",""median_absolute_deviation"":""59662.5"",""standard_deviation"":""130271.575944""},""outcome_latency_nanos"":{""success"":{""count"":""128"",""minimum"":""545065"",""median"":""726158"",""maximum"":""1290445"",""p95"":""1026709"",""p99"":""1280066"",""mean"":""752889.789062"",""median_absolute_deviation"":""59662.5"",""standard_deviation"":""130271.575944""},""declared-error"":null,""platform-failure"":null,""transport-failure"":null,""client-timeout"":null,""client-overload"":null,""client-deadline-before-dispatch"":null,""invalid-response"":null},""all_offered_elapsed_nanos"":{""count"":""128"",""minimum"":""592453"",""median"":""796772"",""maximum"":""1399475"",""p95"":""1125959"",""p99"":""1348385"",""mean"":""822468.992188"",""median_absolute_deviation"":""61041"",""standard_deviation"":""139394.55184""},""successful_response_fraction"":""1"",""dispatch_lag_nanos"":{""count"":""128"",""minimum"":""44521"",""median"":""63590"",""maximum"":""235507"",""p95"":""110868"",""p99"":""204229"",""mean"":""69579.203125"",""median_absolute_deviation"":""9856.5"",""standard_deviation"":""25535.261721""},""overshoot_nanos"":{""count"":""128"",""minimum"":""0"",""median"":""0"",""maximum"":""0"",""p95"":""0"",""p99"":""0"",""mean"":""0"",""median_absolute_deviation"":""0"",""standard_deviation"":""0""},""budget_successes"":""128"",""budget_misses"":""0"",""successes_per_second"":""1078.341792"",""attempts_per_second"":""1078.341792""}",1078.341792,1078.341792,1,128,0,1074.794098,1074.794098,545065,726158,1026709,1280066,1290445,545065,726158,1026709,1280066,1290445,592453,796772,1125959,1348385,1399475,44521,63590,110868,204229,235507,0,0,0,0,0
2,3,lsf,1,5,compute-c1-warmup,warmup,compute,1,5088199,"{""attempts"":""4"",""dispatched"":""4"",""undispatched"":""0"",""received"":""4"",""successful"":""4"",""semantic_mismatches"":""0"",""outcomes"":{""success"":""4""},""first_scheduled_nanos"":""243"",""last_completed_nanos"":""4996761"",""elapsed_nanos"":""4996518"",""throughput"":{""completed_attempts"":""4"",""successful_responses"":""4"",""elapsed_nanos"":""4996518""}}","{""counts"":{""attempts"":""4"",""dispatched"":""4"",""undispatched"":""0"",""received"":""4"",""successful"":""4"",""semantic_mismatches"":""0"",""outcomes"":{""success"":""4""},""first_scheduled_nanos"":""243"",""last_completed_nanos"":""4996761"",""elapsed_nanos"":""4996518"",""throughput"":{""completed_attempts"":""4"",""successful_responses"":""4"",""elapsed_nanos"":""4996518""}},""latency_nanos"":{""count"":""4"",""minimum"":""810927"",""median"":""940082.5"",""maximum"":""1475922"",""p95"":""1475922"",""p99"":""1475922"",""mean"":""1041753.5"",""median_absolute_deviation"":""82674"",""standard_deviation"":""257428.115252""},""latency_population"":""all-dispatched-including-failures"",""all_dispatched_latency_nanos"":{""count"":""4"",""minimum"":""810927"",""median"":""940082.5"",""maximum"":""1475922"",""p95"":""1475922"",""p99"":""1475922"",""mean"":""1041753.5"",""median_absolute_deviation"":""82674"",""standard_deviation"":""257428.115252""},""successful_response_latency_nanos"":{""count"":""4"",""minimum"":""810927"",""median"":""940082.5"",""maximum"":""1475922"",""p95"":""1475922"",""p99"":""1475922"",""mean"":""1041753.5"",""median_absolute_deviation"":""82674"",""standard_deviation"":""257428.115252""},""outcome_latency_nanos"":{""success"":{""count"":""4"",""minimum"":""810927"",""median"":""940082.5"",""maximum"":""1475922"",""p95"":""1475922"",""p99"":""1475922"",""mean"":""1041753.5"",""median_absolute_deviation"":""82674"",""standard_deviation"":""257428.115252""},""declared-error"":null,""platform-failure"":null,""transport-failure"":null,""client-timeout"":null,""client-overload"":null,""client-deadline-before-dispatch"":null,""invalid-response"":null},""all_offered_elapsed_nanos"":{""count"":""4"",""minimum"":""873545"",""median"":""1009791"",""maximum"":""1532878"",""p95"":""1532878"",""p99"":""1532878"",""mean"":""1106501.25"",""median_absolute_deviation"":""93988"",""standard_deviation"":""255011.508596""},""successful_response_fraction"":""1"",""dispatch_lag_nanos"":{""count"":""4"",""minimum"":""54171"",""median"":""59787"",""maximum"":""85246"",""p95"":""85246"",""p99"":""85246"",""mean"":""64747.75"",""median_absolute_deviation"":""4223.5"",""standard_deviation"":""12219.790268""},""overshoot_nanos"":{""count"":""4"",""minimum"":""0"",""median"":""0"",""maximum"":""0"",""p95"":""0"",""p99"":""0"",""mean"":""0"",""median_absolute_deviation"":""0"",""standard_deviation"":""0""},""budget_successes"":""4"",""budget_misses"":""0"",""successes_per_second"":""800.557508"",""attempts_per_second"":""800.557508""}",800.557508,800.557508,1,4,0,786.132775,786.132775,810927,940082.5,1475922,1475922,1475922,810927,940082.5,1475922,1475922,1475922,873545,1009791,1532878,1532878,1532878,54171,59787,85246,85246,85246,0,0,0,0,0
2,3,lsf,1,6,compute-c1-measured,measured,compute,1,72414674,"{""attempts"":""64"",""dispatched"":""64"",""undispatched"":""0"",""received"":""64"",""successful"":""64"",""semantic_mismatches"":""0"",""outcomes"":{""success"":""64""},""first_scheduled_nanos"":""660"",""last_completed_nanos"":""72315925"",""elapsed_nanos"":""72315265"",""throughput"":{""completed_attempts"":""64"",""successful_responses"":""64"",""elapsed_nanos"":""72315265""}}","{""counts"":{""attempts"":""64"",""dispatched"":""64"",""undispatched"":""0"",""received"":""64"",""successful"":""64"",""semantic_mismatches"":""0"",""outcomes"":{""success"":""64""},""first_scheduled_nanos"":""660"",""last_completed_nanos"":""72315925"",""elapsed_nanos"":""72315265"",""throughput"":{""completed_attempts"":""64"",""successful_responses"":""64"",""elapsed_nanos"":""72315265""}},""latency_nanos"":{""count"":""64"",""minimum"":""617182"",""median"":""863793.5"",""maximum"":""1625112"",""p95"":""1486562"",""p99"":""1625112"",""mean"":""950355.203125"",""median_absolute_deviation"":""99460.5"",""standard_deviation"":""229649.824788""},""latency_population"":""all-dispatched-including-failures"",""all_dispatched_latency_nanos"":{""count"":""64"",""minimum"":""617182"",""median"":""863793.5"",""maximum"":""1625112"",""p95"":""1486562"",""p99"":""1625112"",""mean"":""950355.203125"",""median_absolute_deviation"":""99460.5"",""standard_deviation"":""229649.824788""},""successful_response_latency_nanos"":{""count"":""64"",""minimum"":""617182"",""median"":""863793.5"",""maximum"":""1625112"",""p95"":""1486562"",""p99"":""1625112"",""mean"":""950355.203125"",""median_absolute_deviation"":""99460.5"",""standard_deviation"":""229649.824788""},""outcome_latency_nanos"":{""success"":{""count"":""64"",""minimum"":""617182"",""median"":""863793.5"",""maximum"":""1625112"",""p95"":""1486562"",""p99"":""1625112"",""mean"":""950355.203125"",""median_absolute_deviation"":""99460.5"",""standard_deviation"":""229649.824788""},""declared-error"":null,""platform-failure"":null,""transport-failure"":null,""client-timeout"":null,""client-overload"":null,""client-deadline-before-dispatch"":null,""invalid-response"":null},""all_offered_elapsed_nanos"":{""count"":""64"",""minimum"":""664893"",""median"":""922737"",""maximum"":""1767145"",""p95"":""1531743"",""p99"":""1767145"",""mean"":""1018459.90625"",""median_absolute_deviation"":""106392.5"",""standard_deviation"":""244742.735394""},""successful_response_fraction"":""1"",""dispatch_lag_nanos"":{""count"":""64"",""minimum"":""44551"",""median"":""60288.5"",""maximum"":""151919"",""p95"":""127609"",""p99"":""151919"",""mean"":""68104.703125"",""median_absolute_deviation"":""9595"",""standard_deviation"":""26442.496842""},""overshoot_nanos"":{""count"":""64"",""minimum"":""0"",""median"":""0"",""maximum"":""0"",""p95"":""0"",""p99"":""0"",""mean"":""0"",""median_absolute_deviation"":""0"",""standard_deviation"":""0""},""budget_successes"":""64"",""budget_misses"":""0"",""successes_per_second"":""885.013697"",""attempts_per_second"":""885.013697""}",885.013697,885.013697,1,64,0,883.798773,883.798773,617182,863793.5,1486562,1625112,1625112,617182,863793.5,1486562,1625112,1625112,664893,922737,1531743,1767145,1767145,44551,60288.5,127609,151919,151919,0,0,0,0,0
2,3,lsf,1,7,echo-c4-warmup,warmup,echo,4,3149391,"{""attempts"":""8"",""dispatched"":""8"",""undispatched"":""0"",""received"":""8"",""successful"":""8"",""semantic_mismatches"":""0"",""outcomes"":{""success"":""8""},""first_scheduled_nanos"":""182"",""last_completed_nanos"":""3075634"",""elapsed_nanos"":""3075452"",""throughput"":{""completed_attempts"":""8"",""successful_responses"":""8"",""elapsed_nanos"":""3075452""}}","{""counts"":{""attempts"":""8"",""dispatched"":""8"",""undispatched"":""0"",""received"":""8"",""successful"":""8"",""semantic_mismatches"":""0"",""outcomes"":{""success"":""8""},""first_scheduled_nanos"":""182"",""last_completed_nanos"":""3075634"",""elapsed_nanos"":""3075452"",""throughput"":{""completed_attempts"":""8"",""successful_responses"":""8"",""elapsed_nanos"":""3075452""}},""latency_nanos"":{""count"":""8"",""minimum"":""848511"",""median"":""1161606.5"",""maximum"":""1513876"",""p95"":""1513876"",""p99"":""1513876"",""mean"":""1199549.875"",""median_absolute_deviation"":""142986"",""standard_deviation"":""208486.102941""},""latency_population"":""all-dispatched-including-failures"",""all_dispatched_latency_nanos"":{""count"":""8"",""minimum"":""848511"",""median"":""1161606.5"",""maximum"":""1513876"",""p95"":""1513876"",""p99"":""1513876"",""mean"":""1199549.875"",""median_absolute_deviation"":""142986"",""standard_deviation"":""208486.102941""},""successful_response_latency_nanos"":{""count"":""8"",""minimum"":""848511"",""median"":""1161606.5"",""maximum"":""1513876"",""p95"":""1513876"",""p99"":""1513876"",""mean"":""1199549.875"",""median_absolute_deviation"":""142986"",""standard_deviation"":""208486.102941""},""outcome_latency_nanos"":{""success"":{""count"":""8"",""minimum"":""848511"",""median"":""1161606.5"",""maximum"":""1513876"",""p95"":""1513876"",""p99"":""1513876"",""mean"":""1199549.875"",""median_absolute_deviation"":""142986"",""standard_deviation"":""208486.102941""},""declared-error"":null,""platform-failure"":null,""transport-failure"":null,""client-timeout"":null,""client-overload"":null,""client-deadline-before-dispatch"":null,""invalid-response"":null},""all_offered_elapsed_nanos"":{""count"":""8"",""minimum"":""864970"",""median"":""1228522"",""maximum"":""1581576"",""p95"":""1581576"",""p99"":""1581576"",""mean"":""1254513.25"",""median_absolute_deviation"":""127451"",""standard_deviation"":""216269.294142""},""successful_response_fraction"":""1"",""dispatch_lag_nanos"":{""count"":""8"",""minimum"":""16459"",""median"":""58343"",""maximum"":""91590"",""p95"":""91590"",""p99"":""91590"",""mean"":""54963.375"",""median_absolute_deviation"":""15296"",""standard_deviation"":""22916.62042""},""overshoot_nanos"":{""count"":""8"",""minimum"":""0"",""median"":""0"",""maximum"":""0"",""p95"":""0"",""p99"":""0"",""mean"":""0"",""median_absolute_deviation"":""0"",""standard_deviation"":""0""},""budget_successes"":""8"",""budget_misses"":""0"",""successes_per_second"":""2601.243655"",""attempts_per_second"":""2601.243655""}",2601.243655,2601.243655,1,8,0,2540.17364,2540.17364,848511,1161606.5,1513876,1513876,1513876,848511,1161606.5,1513876,1513876,1513876,864970,1228522,1581576,1581576,1581576,16459,58343,91590,91590,91590,0,0,0,0,0
2,3,lsf,1,8,echo-c4-measured,measured,echo,4,34582314,"{""attempts"":""128"",""dispatched"":""128"",""undispatched"":""0"",""received"":""128"",""successful"":""128"",""semantic_mismatches"":""0"",""outcomes"":{""success"":""128""},""first_scheduled_nanos"":""322"",""last_completed_nanos"":""34476100"",""elapsed_nanos"":""34475778"",""throughput"":{""completed_attempts"":""128"",""successful_responses"":""128"",""elapsed_nanos"":""34475778""}}","{""counts"":{""attempts"":""128"",""dispatched"":""128"",""undispatched"":""0"",""received"":""128"",""successful"":""128"",""semantic_mismatches"":""0"",""outcomes"":{""success"":""128""},""first_scheduled_nanos"":""322"",""last_completed_nanos"":""34476100"",""elapsed_nanos"":""34475778"",""throughput"":{""completed_attempts"":""128"",""successful_responses"":""128"",""elapsed_nanos"":""34475778""}},""latency_nanos"":{""count"":""128"",""minimum"":""576612"",""median"":""890754.5"",""maximum"":""2401080"",""p95"":""1364759"",""p99"":""2230318"",""mean"":""929650.484375"",""median_absolute_deviation"":""149077"",""standard_deviation"":""280517.240736""},""latency_population"":""all-dispatched-including-failures"",""all_dispatched_latency_nanos"":{""count"":""128"",""minimum"":""576612"",""median"":""890754.5"",""maximum"":""2401080"",""p95"":""1364759"",""p99"":""2230318"",""mean"":""929650.484375"",""median_absolute_deviation"":""149077"",""standard_deviation"":""280517.240736""},""successful_response_latency_nanos"":{""count"":""128"",""minimum"":""576612"",""median"":""890754.5"",""maximum"":""2401080"",""p95"":""1364759"",""p99"":""2230318"",""mean"":""929650.484375"",""median_absolute_deviation"":""149077"",""standard_deviation"":""280517.240736""},""outcome_latency_nanos"":{""success"":{""count"":""128"",""minimum"":""576612"",""median"":""890754.5"",""maximum"":""2401080"",""p95"":""1364759"",""p99"":""2230318"",""mean"":""929650.484375"",""median_absolute_deviation"":""149077"",""standard_deviation"":""280517.240736""},""declared-error"":null,""platform-failure"":null,""transport-failure"":null,""client-timeout"":null,""client-overload"":null,""client-deadline-before-dispatch"":null,""invalid-response"":null},""all_offered_elapsed_nanos"":{""count"":""128"",""minimum"":""602676"",""median"":""940361"",""maximum"":""2476708"",""p95"":""1428554"",""p99"":""2299020"",""mean"":""975136.929688"",""median_absolute_deviation"":""158797"",""standard_deviation"":""286147.596673""},""successful_response_fraction"":""1"",""dispatch_lag_nanos"":{""count"":""128"",""minimum"":""6042"",""median"":""50658.5"",""maximum"":""119926"",""p95"":""74687"",""p99"":""104739"",""mean"":""45486.445312"",""median_absolute_deviation"":""14072"",""standard_deviation"":""22193.756358""},""overshoot_nanos"":{""count"":""128"",""minimum"":""0"",""median"":""0"",""maximum"":""0"",""p95"":""0"",""p99"":""0"",""mean"":""0"",""median_absolute_deviation"":""0"",""standard_deviation"":""0""},""budget_successes"":""128"",""budget_misses"":""0"",""successes_per_second"":""3712.751602"",""attempts_per_second"":""3712.751602""}",3712.751602,3712.751602,1,128,0,3701.313914,3701.313914,576612,890754.5,1364759,2230318,2401080,576612,890754.5,1364759,2230318,2401080,602676,940361,1428554,2299020,2476708,6042,50658.5,74687,104739,119926,0,0,0,0,0
2,4,lsf,8,0,first,first,echo,1,302138838,"{""attempts"":""8"",""dispatched"":""8"",""undispatched"":""0"",""received"":""8"",""successful"":""8"",""semantic_mismatches"":""0"",""outcomes"":{""success"":""8""},""first_scheduled_nanos"":""418"",""last_completed_nanos"":""301974080"",""elapsed_nanos"":""301973662"",""throughput"":{""completed_attempts"":""8"",""successful_responses"":""8"",""elapsed_nanos"":""301973662""}}","{""counts"":{""attempts"":""8"",""dispatched"":""8"",""undispatched"":""0"",""received"":""8"",""successful"":""8"",""semantic_mismatches"":""0"",""outcomes"":{""success"":""8""},""first_scheduled_nanos"":""418"",""last_completed_nanos"":""301974080"",""elapsed_nanos"":""301973662"",""throughput"":{""completed_attempts"":""8"",""successful_responses"":""8"",""elapsed_nanos"":""301973662""}},""latency_nanos"":{""count"":""8"",""minimum"":""35148085"",""median"":""37592599.5"",""maximum"":""39804650"",""p95"":""39804650"",""p99"":""39804650"",""mean"":""37451943.375"",""median_absolute_deviation"":""1346620"",""standard_deviation"":""1494905.573638""},""latency_population"":""all-dispatched-including-failures"",""all_dispatched_latency_nanos"":{""count"":""8"",""minimum"":""35148085"",""median"":""37592599.5"",""maximum"":""39804650"",""p95"":""39804650"",""p99"":""39804650"",""mean"":""37451943.375"",""median_absolute_deviation"":""1346620"",""standard_deviation"":""1494905.573638""},""successful_response_latency_nanos"":{""count"":""8"",""minimum"":""35148085"",""median"":""37592599.5"",""maximum"":""39804650"",""p95"":""39804650"",""p99"":""39804650"",""mean"":""37451943.375"",""median_absolute_deviation"":""1346620"",""standard_deviation"":""1494905.573638""},""outcome_latency_nanos"":{""success"":{""count"":""8"",""minimum"":""35148085"",""median"":""37592599.5"",""maximum"":""39804650"",""p95"":""39804650"",""p99"":""39804650"",""mean"":""37451943.375"",""median_absolute_deviation"":""1346620"",""standard_deviation"":""1494905.573638""},""declared-error"":null,""platform-failure"":null,""transport-failure"":null,""client-timeout"":null,""client-overload"":null,""client-deadline-before-dispatch"":null,""invalid-response"":null},""all_offered_elapsed_nanos"":{""count"":""8"",""minimum"":""35262740"",""median"":""37697102.5"",""maximum"":""39968935"",""p95"":""39968935"",""p99"":""39968935"",""mean"":""37558859.875"",""median_absolute_deviation"":""1357460"",""standard_deviation"":""1510103.845549""},""successful_response_fraction"":""1"",""dispatch_lag_nanos"":{""count"":""8"",""minimum"":""71913"",""median"":""102114.5"",""maximum"":""164285"",""p95"":""164285"",""p99"":""164285"",""mean"":""106916.5"",""median_absolute_deviation"":""11705.5"",""standard_deviation"":""25845.662262""},""overshoot_nanos"":{""count"":""8"",""minimum"":""0"",""median"":""0"",""maximum"":""0"",""p95"":""0"",""p99"":""0"",""mean"":""0"",""median_absolute_deviation"":""0"",""standard_deviation"":""0""},""budget_successes"":""8"",""budget_misses"":""0"",""successes_per_second"":""26.492377"",""attempts_per_second"":""26.492377""}",26.492377,26.492377,1,8,0,26.477894,26.477894,35148085,37592599.5,39804650,39804650,39804650,35148085,37592599.5,39804650,39804650,39804650,35262740,37697102.5,39968935,39968935,39968935,71913,102114.5,164285,164285,164285,0,0,0,0,0
2,4,lsf,8,1,density-warmup,warmup,echo,4,9576962,"{""attempts"":""32"",""dispatched"":""32"",""undispatched"":""0"",""received"":""32"",""successful"":""32"",""semantic_mismatches"":""0"",""outcomes"":{""success"":""32""},""first_scheduled_nanos"":""456"",""last_completed_nanos"":""9512089"",""elapsed_nanos"":""9511633"",""throughput"":{""completed_attempts"":""32"",""successful_responses"":""32"",""elapsed_nanos"":""9511633""}}","{""counts"":{""attempts"":""32"",""dispatched"":""32"",""undispatched"":""0"",""received"":""32"",""successful"":""32"",""semantic_mismatches"":""0"",""outcomes"":{""success"":""32""},""first_scheduled_nanos"":""456"",""last_completed_nanos"":""9512089"",""elapsed_nanos"":""9511633"",""throughput"":{""completed_attempts"":""32"",""successful_responses"":""32"",""elapsed_nanos"":""9511633""}},""latency_nanos"":{""count"":""32"",""minimum"":""545602"",""median"":""850482"",""maximum"":""1788808"",""p95"":""1758026"",""p99"":""1788808"",""mean"":""969297.09375"",""median_absolute_deviation"":""89616.5"",""standard_deviation"":""334505.439356""},""latency_population"":""all-dispatched-including-failures"",""all_dispatched_latency_nanos"":{""count"":""32"",""minimum"":""545602"",""median"":""850482"",""maximum"":""1788808"",""p95"":""1758026"",""p99"":""1788808"",""mean"":""969297.09375"",""median_absolute_deviation"":""89616.5"",""standard_deviation"":""334505.439356""},""successful_response_latency_nanos"":{""count"":""32"",""minimum"":""545602"",""median"":""850482"",""maximum"":""1788808"",""p95"":""1758026"",""p99"":""1788808"",""mean"":""969297.09375"",""median_absolute_deviation"":""89616.5"",""standard_deviation"":""334505.439356""},""outcome_latency_nanos"":{""success"":{""count"":""32"",""minimum"":""545602"",""median"":""850482"",""maximum"":""1788808"",""p95"":""1758026"",""p99"":""1788808"",""mean"":""969297.09375"",""median_absolute_deviation"":""89616.5"",""standard_deviation"":""334505.439356""},""declared-error"":null,""platform-failure"":null,""transport-failure"":null,""client-timeout"":null,""client-overload"":null,""client-deadline-before-dispatch"":null,""invalid-response"":null},""all_offered_elapsed_nanos"":{""count"":""32"",""minimum"":""618770"",""median"":""900142"",""maximum"":""1914794"",""p95"":""1863300"",""p99"":""1914794"",""mean"":""1027789.84375"",""median_absolute_deviation"":""87727"",""standard_deviation"":""347049.955659""},""successful_response_fraction"":""1"",""dispatch_lag_nanos"":{""count"":""32"",""minimum"":""9275"",""median"":""59728.5"",""maximum"":""125986"",""p95"":""109795"",""p99"":""125986"",""mean"":""58492.75"",""median_absolute_deviation"":""14763"",""standard_deviation"":""28952.995311""},""overshoot_nanos"":{""count"":""32"",""minimum"":""0"",""median"":""0"",""maximum"":""0"",""p95"":""0"",""p99"":""0"",""mean"":""0"",""median_absolute_deviation"":""0"",""standard_deviation"":""0""},""budget_successes"":""32"",""budget_misses"":""0"",""successes_per_second"":""3364.301377"",""attempts_per_second"":""3364.301377""}",3364.301377,3364.301377,1,32,0,3341.351882,3341.351882,545602,850482,1758026,1788808,1788808,545602,850482,1758026,1788808,1788808,618770,900142,1863300,1914794,1914794,9275,59728.5,109795,125986,125986,0,0,0,0,0
2,4,lsf,8,2,density-measured,measured,echo,4,8458537,"{""attempts"":""32"",""dispatched"":""32"",""undispatched"":""0"",""received"":""32"",""successful"":""32"",""semantic_mismatches"":""0"",""outcomes"":{""success"":""32""},""first_scheduled_nanos"":""204"",""last_completed_nanos"":""8378967"",""elapsed_nanos"":""8378763"",""throughput"":{""completed_attempts"":""32"",""successful_responses"":""32"",""elapsed_nanos"":""8378763""}}","{""counts"":{""attempts"":""32"",""dispatched"":""32"",""undispatched"":""0"",""received"":""32"",""successful"":""32"",""semantic_mismatches"":""0"",""outcomes"":{""success"":""32""},""first_scheduled_nanos"":""204"",""last_completed_nanos"":""8378967"",""elapsed_nanos"":""8378763"",""throughput"":{""completed_attempts"":""32"",""successful_responses"":""32"",""elapsed_nanos"":""8378763""}},""latency_nanos"":{""count"":""32"",""minimum"":""599725"",""median"":""808175.5"",""maximum"":""1747601"",""p95"":""1398535"",""p99"":""1747601"",""mean"":""870570.125"",""median_absolute_deviation"":""111358"",""standard_deviation"":""241596.955114""},""latency_population"":""all-dispatched-including-failures"",""all_dispatched_latency_nanos"":{""count"":""32"",""minimum"":""599725"",""median"":""808175.5"",""maximum"":""1747601"",""p95"":""1398535"",""p99"":""1747601"",""mean"":""870570.125"",""median_absolute_deviation"":""111358"",""standard_deviation"":""241596.955114""},""successful_response_latency_nanos"":{""count"":""32"",""minimum"":""599725"",""median"":""808175.5"",""maximum"":""1747601"",""p95"":""1398535"",""p99"":""1747601"",""mean"":""870570.125"",""median_absolute_deviation"":""111358"",""standard_deviation"":""241596.955114""},""outcome_latency_nanos"":{""success"":{""count"":""32"",""minimum"":""599725"",""median"":""808175.5"",""maximum"":""1747601"",""p95"":""1398535"",""p99"":""1747601"",""mean"":""870570.125"",""median_absolute_deviation"":""111358"",""standard_deviation"":""241596.955114""},""declared-error"":null,""platform-failure"":null,""transport-failure"":null,""client-timeout"":null,""client-overload"":null,""client-deadline-before-dispatch"":null,""invalid-response"":null},""all_offered_elapsed_nanos"":{""count"":""32"",""minimum"":""653543"",""median"":""861272"",""maximum"":""1806004"",""p95"":""1495486"",""p99"":""1806004"",""mean"":""923293.53125"",""median_absolute_deviation"":""114211"",""standard_deviation"":""253709.646157""},""successful_response_fraction"":""1"",""dispatch_lag_nanos"":{""count"":""32"",""minimum"":""7515"",""median"":""53406"",""maximum"":""109470"",""p95"":""96951"",""p99"":""109470"",""mean"":""52723.40625"",""median_absolute_deviation"":""7827.5"",""standard_deviation"":""23469.642308""},""overshoot_nanos"":{""count"":""32"",""minimum"":""0"",""median"":""0"",""maximum"":""0"",""p95"":""0"",""p99"":""0"",""mean"":""0"",""median_absolute_deviation"":""0"",""standard_deviation"":""0""},""budget_successes"":""32"",""budget_misses"":""0"",""successes_per_second"":""3819.179514"",""attempts_per_second"":""3819.179514""}",3819.179514,3819.179514,1,32,0,3783.160138,3783.160138,599725,808175.5,1398535,1747601,1747601,599725,808175.5,1398535,1747601,1747601,653543,861272,1495486,1806004,1806004,7515,53406,96951,109470,109470,0,0,0,0,0
2,5,native,8,0,first,first,echo,1,6019768,"{""attempts"":""8"",""dispatched"":""8"",""undispatched"":""0"",""received"":""8"",""successful"":""8"",""semantic_mismatches"":""0"",""outcomes"":{""success"":""8""},""first_scheduled_nanos"":""490"",""last_completed_nanos"":""5946620"",""elapsed_nanos"":""5946130"",""throughput"":{""completed_attempts"":""8"",""successful_responses"":""8"",""elapsed_nanos"":""5946130""}}","{""counts"":{""attempts"":""8"",""dispatched"":""8"",""undispatched"":""0"",""received"":""8"",""successful"":""8"",""semantic_mismatches"":""0"",""outcomes"":{""success"":""8""},""first_scheduled_nanos"":""490"",""last_completed_nanos"":""5946620"",""elapsed_nanos"":""5946130"",""throughput"":{""completed_attempts"":""8"",""successful_responses"":""8"",""elapsed_nanos"":""5946130""}},""latency_nanos"":{""count"":""8"",""minimum"":""449334"",""median"":""512751"",""maximum"":""783468"",""p95"":""783468"",""p99"":""783468"",""mean"":""553490.625"",""median_absolute_deviation"":""32051.5"",""standard_deviation"":""106370.978312""},""latency_population"":""all-dispatched-including-failures"",""all_dispatched_latency_nanos"":{""count"":""8"",""minimum"":""449334"",""median"":""512751"",""maximum"":""783468"",""p95"":""783468"",""p99"":""783468"",""mean"":""553490.625"",""median_absolute_deviation"":""32051.5"",""standard_deviation"":""106370.978312""},""successful_response_latency_nanos"":{""count"":""8"",""minimum"":""449334"",""median"":""512751"",""maximum"":""783468"",""p95"":""783468"",""p99"":""783468"",""mean"":""553490.625"",""median_absolute_deviation"":""32051.5"",""standard_deviation"":""106370.978312""},""outcome_latency_nanos"":{""success"":{""count"":""8"",""minimum"":""449334"",""median"":""512751"",""maximum"":""783468"",""p95"":""783468"",""p99"":""783468"",""mean"":""553490.625"",""median_absolute_deviation"":""32051.5"",""standard_deviation"":""106370.978312""},""declared-error"":null,""platform-failure"":null,""transport-failure"":null,""client-timeout"":null,""client-overload"":null,""client-deadline-before-dispatch"":null,""invalid-response"":null},""all_offered_elapsed_nanos"":{""count"":""8"",""minimum"":""511582"",""median"":""568317"",""maximum"":""948569"",""p95"":""948569"",""p99"":""948569"",""mean"":""628380.75"",""median_absolute_deviation"":""26667.5"",""standard_deviation"":""139130.011441""},""successful_response_fraction"":""1"",""dispatch_lag_nanos"":{""count"":""8"",""minimum"":""50976"",""median"":""61674"",""maximum"":""165101"",""p95"":""165101"",""p99"":""165101"",""mean"":""74890.125"",""median_absolute_deviation"":""6108"",""standard_deviation"":""35539.751105""},""overshoot_nanos"":{""count"":""8"",""minimum"":""0"",""median"":""0"",""maximum"":""0"",""p95"":""0"",""p99"":""0"",""mean"":""0"",""median_absolute_deviation"":""0"",""standard_deviation"":""0""},""budget_successes"":""8"",""budget_misses"":""0"",""successes_per_second"":""1345.412899"",""attempts_per_second"":""1345.412899""}",1345.412899,1345.412899,1,8,0,1328.95487,1328.95487,449334,512751,783468,783468,783468,449334,512751,783468,783468,783468,511582,568317,948569,948569,948569,50976,61674,165101,165101,165101,0,0,0,0,0
2,5,native,8,1,density-warmup,warmup,echo,4,5130552,"{""attempts"":""32"",""dispatched"":""32"",""undispatched"":""0"",""received"":""32"",""successful"":""32"",""semantic_mismatches"":""0"",""outcomes"":{""success"":""32""},""first_scheduled_nanos"":""339"",""last_completed_nanos"":""5047633"",""elapsed_nanos"":""5047294"",""throughput"":{""completed_attempts"":""32"",""successful_responses"":""32"",""elapsed_nanos"":""5047294""}}","{""counts"":{""attempts"":""32"",""dispatched"":""32"",""undispatched"":""0"",""received"":""32"",""successful"":""32"",""semantic_mismatches"":""0"",""outcomes"":{""success"":""32""},""first_scheduled_nanos"":""339"",""last_completed_nanos"":""5047633"",""elapsed_nanos"":""5047294"",""throughput"":{""completed_attempts"":""32"",""successful_responses"":""32"",""elapsed_nanos"":""5047294""}},""latency_nanos"":{""count"":""32"",""minimum"":""321072"",""median"":""413765.5"",""maximum"":""776622"",""p95"":""685949"",""p99"":""776622"",""mean"":""440998.84375"",""median_absolute_deviation"":""58163"",""standard_deviation"":""110641.883941""},""latency_population"":""all-dispatched-including-failures"",""all_dispatched_latency_nanos"":{""count"":""32"",""minimum"":""321072"",""median"":""413765.5"",""maximum"":""776622"",""p95"":""685949"",""p99"":""776622"",""mean"":""440998.84375"",""median_absolute_deviation"":""58163"",""standard_deviation"":""110641.883941""},""successful_response_latency_nanos"":{""count"":""32"",""minimum"":""321072"",""median"":""413765.5"",""maximum"":""776622"",""p95"":""685949"",""p99"":""776622"",""mean"":""440998.84375"",""median_absolute_deviation"":""58163"",""standard_deviation"":""110641.883941""},""outcome_latency_nanos"":{""success"":{""count"":""32"",""minimum"":""321072"",""median"":""413765.5"",""maximum"":""776622"",""p95"":""685949"",""p99"":""776622"",""mean"":""440998.84375"",""median_absolute_deviation"":""58163"",""standard_deviation"":""110641.883941""},""declared-error"":null,""platform-failure"":null,""transport-failure"":null,""client-timeout"":null,""client-overload"":null,""client-deadline-before-dispatch"":null,""invalid-response"":null},""all_offered_elapsed_nanos"":{""count"":""32"",""minimum"":""352545"",""median"":""442096"",""maximum"":""879329"",""p95"":""814155"",""p99"":""879329"",""mean"":""488884.90625"",""median_absolute_deviation"":""56583"",""standard_deviation"":""135473.076683""},""successful_response_fraction"":""1"",""dispatch_lag_nanos"":{""count"":""32"",""minimum"":""4468"",""median"":""39382.5"",""maximum"":""142207"",""p95"":""128206"",""p99"":""142207"",""mean"":""47886.0625"",""median_absolute_deviation"":""20608"",""standard_deviation"":""32928.364817""},""overshoot_nanos"":{""count"":""32"",""minimum"":""0"",""median"":""0"",""maximum"":""0"",""p95"":""0"",""p99"":""0"",""mean"":""0"",""median_absolute_deviation"":""0"",""standard_deviation"":""0""},""budget_successes"":""32"",""budget_misses"":""0"",""successes_per_second"":""6340.030916"",""attempts_per_second"":""6340.030916""}",6340.030916,6340.030916,1,32,0,6237.145633,6237.145633,321072,413765.5,685949,776622,776622,321072,413765.5,685949,776622,776622,352545,442096,814155,879329,879329,4468,39382.5,128206,142207,142207,0,0,0,0,0
2,5,native,8,2,density-measured,measured,echo,4,4227633,"{""attempts"":""32"",""dispatched"":""32"",""undispatched"":""0"",""received"":""32"",""successful"":""32"",""semantic_mismatches"":""0"",""outcomes"":{""success"":""32""},""first_scheduled_nanos"":""202"",""last_completed_nanos"":""4146149"",""elapsed_nanos"":""4145947"",""throughput"":{""completed_attempts"":""32"",""successful_responses"":""32"",""elapsed_nanos"":""4145947""}}","{""counts"":{""attempts"":""32"",""dispatched"":""32"",""undispatched"":""0"",""received"":""32"",""successful"":""32"",""semantic_mismatches"":""0"",""outcomes"":{""success"":""32""},""first_scheduled_nanos"":""202"",""last_completed_nanos"":""4146149"",""elapsed_nanos"":""4145947"",""throughput"":{""completed_attempts"":""32"",""successful_responses"":""32"",""elapsed_nanos"":""4145947""}},""latency_nanos"":{""count"":""32"",""minimum"":""250846"",""median"":""341653"",""maximum"":""474428"",""p95"":""435389"",""p99"":""474428"",""mean"":""347675.75"",""median_absolute_deviation"":""34657.5"",""standard_deviation"":""49274.458339""},""latency_population"":""all-dispatched-including-failures"",""all_dispatched_latency_nanos"":{""count"":""32"",""minimum"":""250846"",""median"":""341653"",""maximum"":""474428"",""p95"":""435389"",""p99"":""474428"",""mean"":""347675.75"",""median_absolute_deviation"":""34657.5"",""standard_deviation"":""49274.458339""},""successful_response_latency_nanos"":{""count"":""32"",""minimum"":""250846"",""median"":""341653"",""maximum"":""474428"",""p95"":""435389"",""p99"":""474428"",""mean"":""347675.75"",""median_absolute_deviation"":""34657.5"",""standard_deviation"":""49274.458339""},""outcome_latency_nanos"":{""success"":{""count"":""32"",""minimum"":""250846"",""median"":""341653"",""maximum"":""474428"",""p95"":""435389"",""p99"":""474428"",""mean"":""347675.75"",""median_absolute_deviation"":""34657.5"",""standard_deviation"":""49274.458339""},""declared-error"":null,""platform-failure"":null,""transport-failure"":null,""client-timeout"":null,""client-overload"":null,""client-deadline-before-dispatch"":null,""invalid-response"":null},""all_offered_elapsed_nanos"":{""count"":""32"",""minimum"":""256927"",""median"":""386126"",""maximum"":""507206"",""p95"":""492721"",""p99"":""507206"",""mean"":""388008.65625"",""median_absolute_deviation"":""35232.5"",""standard_deviation"":""58843.161979""},""successful_response_fraction"":""1"",""dispatch_lag_nanos"":{""count"":""32"",""minimum"":""5756"",""median"":""35795.5"",""maximum"":""88276"",""p95"":""80589"",""p99"":""88276"",""mean"":""40332.90625"",""median_absolute_deviation"":""20020"",""standard_deviation"":""22255.091089""},""overshoot_nanos"":{""count"":""32"",""minimum"":""0"",""median"":""0"",""maximum"":""0"",""p95"":""0"",""p99"":""0"",""mean"":""0"",""median_absolute_deviation"":""0"",""standard_deviation"":""0""},""budget_successes"":""32"",""budget_misses"":""0"",""successes_per_second"":""7718.381349"",""attempts_per_second"":""7718.381349""}",7718.381349,7718.381349,1,32,0,7569.247378,7569.247378,250846,341653,435389,474428,474428,250846,341653,435389,474428,474428,256927,386126,492721,507206,507206,5756,35795.5,80589,88276,88276,0,0,0,0,0
3,0,native,1,0,first,first,echo,1,1437201,"{""attempts"":""1"",""dispatched"":""1"",""undispatched"":""0"",""received"":""1"",""successful"":""1"",""semantic_mismatches"":""0"",""outcomes"":{""success"":""1""},""first_scheduled_nanos"":""454"",""last_completed_nanos"":""1214777"",""elapsed_nanos"":""1214323"",""throughput"":{""completed_attempts"":""1"",""successful_responses"":""1"",""elapsed_nanos"":""1214323""}}","{""counts"":{""attempts"":""1"",""dispatched"":""1"",""undispatched"":""0"",""received"":""1"",""successful"":""1"",""semantic_mismatches"":""0"",""outcomes"":{""success"":""1""},""first_scheduled_nanos"":""454"",""last_completed_nanos"":""1214777"",""elapsed_nanos"":""1214323"",""throughput"":{""completed_attempts"":""1"",""successful_responses"":""1"",""elapsed_nanos"":""1214323""}},""latency_nanos"":{""count"":""1"",""minimum"":""978387"",""median"":""978387"",""maximum"":""978387"",""p95"":""978387"",""p99"":""978387"",""mean"":""978387"",""median_absolute_deviation"":""0"",""standard_deviation"":""0""},""latency_population"":""all-dispatched-including-failures"",""all_dispatched_latency_nanos"":{""count"":""1"",""minimum"":""978387"",""median"":""978387"",""maximum"":""978387"",""p95"":""978387"",""p99"":""978387"",""mean"":""978387"",""median_absolute_deviation"":""0"",""standard_deviation"":""0""},""successful_response_latency_nanos"":{""count"":""1"",""minimum"":""978387"",""median"":""978387"",""maximum"":""978387"",""p95"":""978387"",""p99"":""978387"",""mean"":""978387"",""median_absolute_deviation"":""0"",""standard_deviation"":""0""},""outcome_latency_nanos"":{""success"":{""count"":""1"",""minimum"":""978387"",""median"":""978387"",""maximum"":""978387"",""p95"":""978387"",""p99"":""978387"",""mean"":""978387"",""median_absolute_deviation"":""0"",""standard_deviation"":""0""},""declared-error"":null,""platform-failure"":null,""transport-failure"":null,""client-timeout"":null,""client-overload"":null,""client-deadline-before-dispatch"":null,""invalid-response"":null},""all_offered_elapsed_nanos"":{""count"":""1"",""minimum"":""1214323"",""median"":""1214323"",""maximum"":""1214323"",""p95"":""1214323"",""p99"":""1214323"",""mean"":""1214323"",""median_absolute_deviation"":""0"",""standard_deviation"":""0""},""successful_response_fraction"":""1"",""dispatch_lag_nanos"":{""count"":""1"",""minimum"":""235936"",""median"":""235936"",""maximum"":""235936"",""p95"":""235936"",""p99"":""235936"",""mean"":""235936"",""median_absolute_deviation"":""0"",""standard_deviation"":""0""},""overshoot_nanos"":{""count"":""1"",""minimum"":""0"",""median"":""0"",""maximum"":""0"",""p95"":""0"",""p99"":""0"",""mean"":""0"",""median_absolute_deviation"":""0"",""standard_deviation"":""0""},""budget_successes"":""1"",""budget_misses"":""0"",""successes_per_second"":""823.504125"",""attempts_per_second"":""823.504125""}",823.504125,823.504125,1,1,0,695.7969,695.7969,978387,978387,978387,978387,978387,978387,978387,978387,978387,978387,1214323,1214323,1214323,1214323,1214323,235936,235936,235936,235936,235936,0,0,0,0,0
3,0,native,1,1,density-warmup,warmup,echo,4,1311826,"{""attempts"":""4"",""dispatched"":""4"",""undispatched"":""0"",""received"":""4"",""successful"":""4"",""semantic_mismatches"":""0"",""outcomes"":{""success"":""4""},""first_scheduled_nanos"":""493"",""last_completed_nanos"":""1223167"",""elapsed_nanos"":""1222674"",""throughput"":{""completed_attempts"":""4"",""successful_responses"":""4"",""elapsed_nanos"":""1222674""}}","{""counts"":{""attempts"":""4"",""dispatched"":""4"",""undispatched"":""0"",""received"":""4"",""successful"":""4"",""semantic_mismatches"":""0"",""outcomes"":{""success"":""4""},""first_scheduled_nanos"":""493"",""last_completed_nanos"":""1223167"",""elapsed_nanos"":""1222674"",""throughput"":{""completed_attempts"":""4"",""successful_responses"":""4"",""elapsed_nanos"":""1222674""}},""latency_nanos"":{""count"":""4"",""minimum"":""811921"",""median"":""1037885.5"",""maximum"":""1075825"",""p95"":""1075825"",""p99"":""1075825"",""mean"":""990879.25"",""median_absolute_deviation"":""26092"",""standard_deviation"":""104960.495336""},""latency_population"":""all-dispatched-including-failures"",""all_dispatched_latency_nanos"":{""count"":""4"",""minimum"":""811921"",""median"":""1037885.5"",""maximum"":""1075825"",""p95"":""1075825"",""p99"":""1075825"",""mean"":""990879.25"",""median_absolute_deviation"":""26092"",""standard_deviation"":""104960.495336""},""successful_response_latency_nanos"":{""count"":""4"",""minimum"":""811921"",""median"":""1037885.5"",""maximum"":""1075825"",""p95"":""1075825"",""p99"":""1075825"",""mean"":""990879.25"",""median_absolute_deviation"":""26092"",""standard_deviation"":""104960.495336""},""outcome_latency_nanos"":{""success"":{""count"":""4"",""minimum"":""811921"",""median"":""1037885.5"",""maximum"":""1075825"",""p95"":""1075825"",""p99"":""1075825"",""mean"":""990879.25"",""median_absolute_deviation"":""26092"",""standard_deviation"":""104960.495336""},""declared-error"":null,""platform-failure"":null,""transport-failure"":null,""client-timeout"":null,""client-overload"":null,""client-deadline-before-dispatch"":null,""invalid-response"":null},""all_offered_elapsed_nanos"":{""count"":""4"",""minimum"":""924835"",""median"":""1152311.5"",""maximum"":""1190619"",""p95"":""1190619"",""p99"":""1190619"",""mean"":""1105019.25"",""median_absolute_deviation"":""24956.5"",""standard_deviation"":""105517.972674""},""successful_response_fraction"":""1"",""dispatch_lag_nanos"":{""count"":""4"",""minimum"":""88576"",""median"":""113854"",""maximum"":""140276"",""p95"":""140276"",""p99"":""140276"",""mean"":""114140"",""median_absolute_deviation"":""13109"",""standard_deviation"":""18293.027251""},""overshoot_nanos"":{""count"":""4"",""minimum"":""0"",""median"":""0"",""maximum"":""0"",""p95"":""0"",""p99"":""0"",""mean"":""0"",""median_absolute_deviation"":""0"",""standard_deviation"":""0""},""budget_successes"":""4"",""budget_misses"":""0"",""successes_per_second"":""3271.518001"",""attempts_per_second"":""3271.518001""}",3271.518001,3271.518001,1,4,0,3049.184877,3049.184877,811921,1037885.5,1075825,1075825,1075825,811921,1037885.5,1075825,1075825,1075825,924835,1152311.5,1190619,1190619,1190619,88576,113854,140276,140276,140276,0,0,0,0,0
3,0,native,1,2,density-measured,measured,echo,4,767594,"{""attempts"":""4"",""dispatched"":""4"",""undispatched"":""0"",""received"":""4"",""successful"":""4"",""semantic_mismatches"":""0"",""outcomes"":{""success"":""4""},""first_scheduled_nanos"":""316"",""last_completed_nanos"":""650010"",""elapsed_nanos"":""649694"",""throughput"":{""completed_attempts"":""4"",""successful_responses"":""4"",""elapsed_nanos"":""649694""}}","{""counts"":{""attempts"":""4"",""dispatched"":""4"",""undispatched"":""0"",""received"":""4"",""successful"":""4"",""semantic_mismatches"":""0"",""outcomes"":{""success"":""4""},""first_scheduled_nanos"":""316"",""last_completed_nanos"":""650010"",""elapsed_nanos"":""649694"",""throughput"":{""completed_attempts"":""4"",""successful_responses"":""4"",""elapsed_nanos"":""649694""}},""latency_nanos"":{""count"":""4"",""minimum"":""500371"",""median"":""542775"",""maximum"":""565403"",""p95"":""565403"",""p99"":""565403"",""mean"":""537831"",""median_absolute_deviation"":""17043"",""standard_deviation"":""24874.306945""},""latency_population"":""all-dispatched-including-failures"",""all_dispatched_latency_nanos"":{""count"":""4"",""minimum"":""500371"",""median"":""542775"",""maximum"":""565403"",""p95"":""565403"",""p99"":""565403"",""mean"":""537831"",""median_absolute_deviation"":""17043"",""standard_deviation"":""24874.306945""},""successful_response_latency_nanos"":{""count"":""4"",""minimum"":""500371"",""median"":""542775"",""maximum"":""565403"",""p95"":""565403"",""p99"":""565403"",""mean"":""537831"",""median_absolute_deviation"":""17043"",""standard_deviation"":""24874.306945""},""outcome_latency_nanos"":{""success"":{""count"":""4"",""minimum"":""500371"",""median"":""542775"",""maximum"":""565403"",""p95"":""565403"",""p99"":""565403"",""mean"":""537831"",""median_absolute_deviation"":""17043"",""standard_deviation"":""24874.306945""},""declared-error"":null,""platform-failure"":null,""transport-failure"":null,""client-timeout"":null,""client-overload"":null,""client-deadline-before-dispatch"":null,""invalid-response"":null},""all_offered_elapsed_nanos"":{""count"":""4"",""minimum"":""561439"",""median"":""598789.5"",""maximum"":""637868"",""p95"":""637868"",""p99"":""637868"",""mean"":""599221.5"",""median_absolute_deviation"":""29043"",""standard_deviation"":""30746.39994""},""successful_response_fraction"":""1"",""dispatch_lag_nanos"":{""count"":""4"",""minimum"":""46737"",""median"":""63180"",""maximum"":""72465"",""p95"":""72465"",""p99"":""72465"",""mean"":""61390.5"",""median_absolute_deviation"":""5698.5"",""standard_deviation"":""9390.092132""},""overshoot_nanos"":{""count"":""4"",""minimum"":""0"",""median"":""0"",""maximum"":""0"",""p95"":""0"",""p99"":""0"",""mean"":""0"",""median_absolute_deviation"":""0"",""standard_deviation"":""0""},""budget_successes"":""4"",""budget_misses"":""0"",""successes_per_second"":""6156.74456"",""attempts_per_second"":""6156.74456""}",6156.74456,6156.74456,1,4,0,5211.088153,5211.088153,500371,542775,565403,565403,565403,500371,542775,565403,565403,565403,561439,598789.5,637868,637868,637868,46737,63180,72465,72465,72465,0,0,0,0,0
3,0,native,1,3,echo-c1-warmup,warmup,echo,1,4805668,"{""attempts"":""8"",""dispatched"":""8"",""undispatched"":""0"",""received"":""8"",""successful"":""8"",""semantic_mismatches"":""0"",""outcomes"":{""success"":""8""},""first_scheduled_nanos"":""247"",""last_completed_nanos"":""4487167"",""elapsed_nanos"":""4486920"",""throughput"":{""completed_attempts"":""8"",""successful_responses"":""8"",""elapsed_nanos"":""4486920""}}","{""counts"":{""attempts"":""8"",""dispatched"":""8"",""undispatched"":""0"",""received"":""8"",""successful"":""8"",""semantic_mismatches"":""0"",""outcomes"":{""success"":""8""},""first_scheduled_nanos"":""247"",""last_completed_nanos"":""4487167"",""elapsed_nanos"":""4486920"",""throughput"":{""completed_attempts"":""8"",""successful_responses"":""8"",""elapsed_nanos"":""4486920""}},""latency_nanos"":{""count"":""8"",""minimum"":""349746"",""median"":""413229.5"",""maximum"":""476757"",""p95"":""476757"",""p99"":""476757"",""mean"":""411090"",""median_absolute_deviation"":""32326.5"",""standard_deviation"":""39103.984733""},""latency_population"":""all-dispatched-including-failures"",""all_dispatched_latency_nanos"":{""count"":""8"",""minimum"":""349746"",""median"":""413229.5"",""maximum"":""476757"",""p95"":""476757"",""p99"":""476757"",""mean"":""411090"",""median_absolute_deviation"":""32326.5"",""standard_deviation"":""39103.984733""},""successful_response_latency_nanos"":{""count"":""8"",""minimum"":""349746"",""median"":""413229.5"",""maximum"":""476757"",""p95"":""476757"",""p99"":""476757"",""mean"":""411090"",""median_absolute_deviation"":""32326.5"",""standard_deviation"":""39103.984733""},""outcome_latency_nanos"":{""success"":{""count"":""8"",""minimum"":""349746"",""median"":""413229.5"",""maximum"":""476757"",""p95"":""476757"",""p99"":""476757"",""mean"":""411090"",""median_absolute_deviation"":""32326.5"",""standard_deviation"":""39103.984733""},""declared-error"":null,""platform-failure"":null,""transport-failure"":null,""client-timeout"":null,""client-overload"":null,""client-deadline-before-dispatch"":null,""invalid-response"":null},""all_offered_elapsed_nanos"":{""count"":""8"",""minimum"":""414650"",""median"":""492431"",""maximum"":""560184"",""p95"":""560184"",""p99"":""560184"",""mean"":""480109.25"",""median_absolute_deviation"":""33223"",""standard_deviation"":""44465.481637""},""successful_response_fraction"":""1"",""dispatch_lag_nanos"":{""count"":""8"",""minimum"":""57348"",""median"":""65068.5"",""maximum"":""89791"",""p95"":""89791"",""p99"":""89791"",""mean"":""69019.25"",""median_absolute_deviation"":""4182"",""standard_deviation"":""10752.679803""},""overshoot_nanos"":{""count"":""8"",""minimum"":""0"",""median"":""0"",""maximum"":""0"",""p95"":""0"",""p99"":""0"",""mean"":""0"",""median_absolute_deviation"":""0"",""standard_deviation"":""0""},""budget_successes"":""8"",""budget_misses"":""0"",""successes_per_second"":""1782.960249"",""attempts_per_second"":""1782.960249""}",1782.960249,1782.960249,1,8,0,1664.700932,1664.700932,349746,413229.5,476757,476757,476757,349746,413229.5,476757,476757,476757,414650,492431,560184,560184,560184,57348,65068.5,89791,89791,89791,0,0,0,0,0
3,0,native,1,4,echo-c1-measured,measured,echo,1,66444813,"{""attempts"":""128"",""dispatched"":""128"",""undispatched"":""0"",""received"":""128"",""successful"":""128"",""semantic_mismatches"":""0"",""outcomes"":{""success"":""128""},""first_scheduled_nanos"":""292"",""last_completed_nanos"":""66340179"",""elapsed_nanos"":""66339887"",""throughput"":{""completed_attempts"":""128"",""successful_responses"":""128"",""elapsed_nanos"":""66339887""}}","{""counts"":{""attempts"":""128"",""dispatched"":""128"",""undispatched"":""0"",""received"":""128"",""successful"":""128"",""semantic_mismatches"":""0"",""outcomes"":{""success"":""128""},""first_scheduled_nanos"":""292"",""last_completed_nanos"":""66340179"",""elapsed_nanos"":""66339887"",""throughput"":{""completed_attempts"":""128"",""successful_responses"":""128"",""elapsed_nanos"":""66339887""}},""latency_nanos"":{""count"":""128"",""minimum"":""244418"",""median"":""330203.5"",""maximum"":""741937"",""p95"":""550000"",""p99"":""683138"",""mean"":""358274.34375"",""median_absolute_deviation"":""40090"",""standard_deviation"":""91737.885757""},""latency_population"":""all-dispatched-including-failures"",""all_dispatched_latency_nanos"":{""count"":""128"",""minimum"":""244418"",""median"":""330203.5"",""maximum"":""741937"",""p95"":""550000"",""p99"":""683138"",""mean"":""358274.34375"",""median_absolute_deviation"":""40090"",""standard_deviation"":""91737.885757""},""successful_response_latency_nanos"":{""count"":""128"",""minimum"":""244418"",""median"":""330203.5"",""maximum"":""741937"",""p95"":""550000"",""p99"":""683138"",""mean"":""358274.34375"",""median_absolute_deviation"":""40090"",""standard_deviation"":""91737.885757""},""outcome_latency_nanos"":{""success"":{""count"":""128"",""minimum"":""244418"",""median"":""330203.5"",""maximum"":""741937"",""p95"":""550000"",""p99"":""683138"",""mean"":""358274.34375"",""median_absolute_deviation"":""40090"",""standard_deviation"":""91737.885757""},""declared-error"":null,""platform-failure"":null,""transport-failure"":null,""client-timeout"":null,""client-overload"":null,""client-deadline-before-dispatch"":null,""invalid-response"":null},""all_offered_elapsed_nanos"":{""count"":""128"",""minimum"":""288567"",""median"":""393155.5"",""maximum"":""798953"",""p95"":""664340"",""p99"":""771275"",""mean"":""422175.6875"",""median_absolute_deviation"":""42271"",""standard_deviation"":""100969.18442""},""successful_response_fraction"":""1"",""dispatch_lag_nanos"":{""count"":""128"",""minimum"":""43739"",""median"":""58108"",""maximum"":""153954"",""p95"":""104609"",""p99"":""124105"",""mean"":""63901.34375"",""median_absolute_deviation"":""7642"",""standard_deviation"":""17545.760653""},""overshoot_nanos"":{""count"":""128"",""minimum"":""0"",""median"":""0"",""maximum"":""0"",""p95"":""0"",""p99"":""0"",""mean"":""0"",""median_absolute_deviation"":""0"",""standard_deviation"":""0""},""budget_successes"":""128"",""budget_misses"":""0"",""successes_per_second"":""1929.457613"",""attempts_per_second"":""1929.457613""}",1929.457613,1929.457613,1,128,0,1926.410719,1926.410719,244418,330203.5,550000,683138,741937,244418,330203.5,550000,683138,741937,288567,393155.5,664340,771275,798953,43739,58108,104609,124105,153954,0,0,0,0,0
3,0,native,1,5,compute-c1-warmup,warmup,compute,1,2094971,"{""attempts"":""4"",""dispatched"":""4"",""undispatched"":""0"",""received"":""4"",""successful"":""4"",""semantic_mismatches"":""0"",""outcomes"":{""success"":""4""},""first_scheduled_nanos"":""237"",""last_completed_nanos"":""2006580"",""elapsed_nanos"":""2006343"",""throughput"":{""completed_attempts"":""4"",""successful_responses"":""4"",""elapsed_nanos"":""2006343""}}","{""counts"":{""attempts"":""4"",""dispatched"":""4"",""undispatched"":""0"",""received"":""4"",""successful"":""4"",""semantic_mismatches"":""0"",""outcomes"":{""success"":""4""},""first_scheduled_nanos"":""237"",""last_completed_nanos"":""2006580"",""elapsed_nanos"":""2006343"",""throughput"":{""completed_attempts"":""4"",""successful_responses"":""4"",""elapsed_nanos"":""2006343""}},""latency_nanos"":{""count"":""4"",""minimum"":""309002"",""median"":""345393.5"",""maximum"":""379228"",""p95"":""379228"",""p99"":""379228"",""mean"":""344754.25"",""median_absolute_deviation"":""21450.5"",""standard_deviation"":""25650.940259""},""latency_population"":""all-dispatched-including-failures"",""all_dispatched_latency_nanos"":{""count"":""4"",""minimum"":""309002"",""median"":""345393.5"",""maximum"":""379228"",""p95"":""379228"",""p99"":""379228"",""mean"":""344754.25"",""median_absolute_deviation"":""21450.5"",""standard_deviation"":""25650.940259""},""successful_response_latency_nanos"":{""count"":""4"",""minimum"":""309002"",""median"":""345393.5"",""maximum"":""379228"",""p95"":""379228"",""p99"":""379228"",""mean"":""344754.25"",""median_absolute_deviation"":""21450.5"",""standard_deviation"":""25650.940259""},""outcome_latency_nanos"":{""success"":{""count"":""4"",""minimum"":""309002"",""median"":""345393.5"",""maximum"":""379228"",""p95"":""379228"",""p99"":""379228"",""mean"":""344754.25"",""median_absolute_deviation"":""21450.5"",""standard_deviation"":""25650.940259""},""declared-error"":null,""platform-failure"":null,""transport-failure"":null,""client-timeout"":null,""client-overload"":null,""client-deadline-before-dispatch"":null,""invalid-response"":null},""all_offered_elapsed_nanos"":{""count"":""4"",""minimum"":""367845"",""median"":""414631"",""maximum"":""453115"",""p95"":""453115"",""p99"":""453115"",""mean"":""412555.5"",""median_absolute_deviation"":""25720"",""standard_deviation"":""31577.021404""},""successful_response_fraction"":""1"",""dispatch_lag_nanos"":{""count"":""4"",""minimum"":""58843"",""median"":""69237.5"",""maximum"":""73887"",""p95"":""73887"",""p99"":""73887"",""mean"":""67801.25"",""median_absolute_deviation"":""4269.5"",""standard_deviation"":""6157.691222""},""overshoot_nanos"":{""count"":""4"",""minimum"":""0"",""median"":""0"",""maximum"":""0"",""p95"":""0"",""p99"":""0"",""mean"":""0"",""median_absolute_deviation"":""0"",""standard_deviation"":""0""},""budget_successes"":""4"",""budget_misses"":""0"",""successes_per_second"":""1993.677053"",""attempts_per_second"":""1993.677053""}",1993.677053,1993.677053,1,4,0,1909.334306,1909.334306,309002,345393.5,379228,379228,379228,309002,345393.5,379228,379228,379228,367845,414631,453115,453115,453115,58843,69237.5,73887,73887,73887,0,0,0,0,0
3,0,native,1,6,compute-c1-measured,measured,compute,1,37932786,"{""attempts"":""64"",""dispatched"":""64"",""undispatched"":""0"",""received"":""64"",""successful"":""64"",""semantic_mismatches"":""0"",""outcomes"":{""success"":""64""},""first_scheduled_nanos"":""261"",""last_completed_nanos"":""37830622"",""elapsed_nanos"":""37830361"",""throughput"":{""completed_attempts"":""64"",""successful_responses"":""64"",""elapsed_nanos"":""37830361""}}","{""counts"":{""attempts"":""64"",""dispatched"":""64"",""undispatched"":""0"",""received"":""64"",""successful"":""64"",""semantic_mismatches"":""0"",""outcomes"":{""success"":""64""},""first_scheduled_nanos"":""261"",""last_completed_nanos"":""37830622"",""elapsed_nanos"":""37830361"",""throughput"":{""completed_attempts"":""64"",""successful_responses"":""64"",""elapsed_nanos"":""37830361""}},""latency_nanos"":{""count"":""64"",""minimum"":""275563"",""median"":""378930"",""maximum"":""1074458"",""p95"":""668670"",""p99"":""1074458"",""mean"":""420000.3125"",""median_absolute_deviation"":""60013.5"",""standard_deviation"":""149457.892231""},""latency_population"":""all-dispatched-including-failures"",""all_dispatched_latency_nanos"":{""count"":""64"",""minimum"":""275563"",""median"":""378930"",""maximum"":""1074458"",""p95"":""668670"",""p99"":""1074458"",""mean"":""420000.3125"",""median_absolute_deviation"":""60013.5"",""standard_deviation"":""149457.892231""},""successful_response_latency_nanos"":{""count"":""64"",""minimum"":""275563"",""median"":""378930"",""maximum"":""1074458"",""p95"":""668670"",""p99"":""1074458"",""mean"":""420000.3125"",""median_absolute_deviation"":""60013.5"",""standard_deviation"":""149457.892231""},""outcome_latency_nanos"":{""success"":{""count"":""64"",""minimum"":""275563"",""median"":""378930"",""maximum"":""1074458"",""p95"":""668670"",""p99"":""1074458"",""mean"":""420000.3125"",""median_absolute_deviation"":""60013.5"",""standard_deviation"":""149457.892231""},""declared-error"":null,""platform-failure"":null,""transport-failure"":null,""client-timeout"":null,""client-overload"":null,""client-deadline-before-dispatch"":null,""invalid-response"":null},""all_offered_elapsed_nanos"":{""count"":""64"",""minimum"":""321934"",""median"":""441566"",""maximum"":""1211772"",""p95"":""766630"",""p99"":""1211772"",""mean"":""486974.140625"",""median_absolute_deviation"":""68803"",""standard_deviation"":""170670.969882""},""successful_response_fraction"":""1"",""dispatch_lag_nanos"":{""count"":""64"",""minimum"":""42380"",""median"":""57639"",""maximum"":""252818"",""p95"":""104895"",""p99"":""252818"",""mean"":""66973.828125"",""median_absolute_deviation"":""7736"",""standard_deviation"":""29952.657054""},""overshoot_nanos"":{""count"":""64"",""minimum"":""0"",""median"":""0"",""maximum"":""0"",""p95"":""0"",""p99"":""0"",""mean"":""0"",""median_absolute_deviation"":""0"",""standard_deviation"":""0""},""budget_successes"":""64"",""budget_misses"":""0"",""successes_per_second"":""1691.762867"",""attempts_per_second"":""1691.762867""}",1691.762867,1691.762867,1,64,0,1687.194819,1687.194819,275563,378930,668670,1074458,1074458,275563,378930,668670,1074458,1074458,321934,441566,766630,1211772,1211772,42380,57639,104895,252818,252818,0,0,0,0,0
3,0,native,1,7,echo-c4-warmup,warmup,echo,4,1704203,"{""attempts"":""8"",""dispatched"":""8"",""undispatched"":""0"",""received"":""8"",""successful"":""8"",""semantic_mismatches"":""0"",""outcomes"":{""success"":""8""},""first_scheduled_nanos"":""906"",""last_completed_nanos"":""1611520"",""elapsed_nanos"":""1610614"",""throughput"":{""completed_attempts"":""8"",""successful_responses"":""8"",""elapsed_nanos"":""1610614""}}","{""counts"":{""attempts"":""8"",""dispatched"":""8"",""undispatched"":""0"",""received"":""8"",""successful"":""8"",""semantic_mismatches"":""0"",""outcomes"":{""success"":""8""},""first_scheduled_nanos"":""906"",""last_completed_nanos"":""1611520"",""elapsed_nanos"":""1610614"",""throughput"":{""completed_attempts"":""8"",""successful_responses"":""8"",""elapsed_nanos"":""1610614""}},""latency_nanos"":{""count"":""8"",""minimum"":""442024"",""median"":""596082.5"",""maximum"":""630448"",""p95"":""630448"",""p99"":""630448"",""mean"":""567495.875"",""median_absolute_deviation"":""33338"",""standard_deviation"":""70257.483796""},""latency_population"":""all-dispatched-including-failures"",""all_dispatched_latency_nanos"":{""count"":""8"",""minimum"":""442024"",""median"":""596082.5"",""maximum"":""630448"",""p95"":""630448"",""p99"":""630448"",""mean"":""567495.875"",""median_absolute_deviation"":""33338"",""standard_deviation"":""70257.483796""},""successful_response_latency_nanos"":{""count"":""8"",""minimum"":""442024"",""median"":""596082.5"",""maximum"":""630448"",""p95"":""630448"",""p99"":""630448"",""mean"":""567495.875"",""median_absolute_deviation"":""33338"",""standard_deviation"":""70257.483796""},""outcome_latency_nanos"":{""success"":{""count"":""8"",""minimum"":""442024"",""median"":""596082.5"",""maximum"":""630448"",""p95"":""630448"",""p99"":""630448"",""mean"":""567495.875"",""median_absolute_deviation"":""33338"",""standard_deviation"":""70257.483796""},""declared-error"":null,""platform-failure"":null,""transport-failure"":null,""client-timeout"":null,""client-overload"":null,""client-deadline-before-dispatch"":null,""invalid-response"":null},""all_offered_elapsed_nanos"":{""count"":""8"",""minimum"":""465630"",""median"":""657524"",""maximum"":""739483"",""p95"":""739483"",""p99"":""739483"",""mean"":""638493.875"",""median_absolute_deviation"":""51632"",""standard_deviation"":""88560.439886""},""successful_response_fraction"":""1"",""dispatch_lag_nanos"":{""count"":""8"",""minimum"":""6485"",""median"":""77960.5"",""maximum"":""121085"",""p95"":""121085"",""p99"":""121085"",""mean"":""70998"",""median_absolute_deviation"":""33490.5"",""standard_deviation"":""39483.819142""},""overshoot_nanos"":{""count"":""8"",""minimum"":""0"",""median"":""0"",""maximum"":""0"",""p95"":""0"",""p99"":""0"",""mean"":""0"",""median_absolute_deviation"":""0"",""standard_deviation"":""0""},""budget_successes"":""8"",""budget_misses"":""0"",""successes_per_second"":""4967.049833"",""attempts_per_second"":""4967.049833""}",4967.049833,4967.049833,1,8,0,4694.276445,4694.276445,442024,596082.5,630448,630448,630448,442024,596082.5,630448,630448,630448,465630,657524,739483,739483,739483,6485,77960.5,121085,121085,121085,0,0,0,0,0
3,0,native,1,8,echo-c4-measured,measured,echo,4,19555027,"{""attempts"":""128"",""dispatched"":""128"",""undispatched"":""0"",""received"":""128"",""successful"":""128"",""semantic_mismatches"":""0"",""outcomes"":{""success"":""128""},""first_scheduled_nanos"":""188"",""last_completed_nanos"":""19462905"",""elapsed_nanos"":""19462717"",""throughput"":{""completed_attempts"":""128"",""successful_responses"":""128"",""elapsed_nanos"":""19462717""}}","{""counts"":{""attempts"":""128"",""dispatched"":""128"",""undispatched"":""0"",""received"":""128"",""successful"":""128"",""semantic_mismatches"":""0"",""outcomes"":{""success"":""128""},""first_scheduled_nanos"":""188"",""last_completed_nanos"":""19462905"",""elapsed_nanos"":""19462717"",""throughput"":{""completed_attempts"":""128"",""successful_responses"":""128"",""elapsed_nanos"":""19462717""}},""latency_nanos"":{""count"":""128"",""minimum"":""258778"",""median"":""429831"",""maximum"":""674851"",""p95"":""613195"",""p99"":""663115"",""mean"":""445087.179688"",""median_absolute_deviation"":""49637"",""standard_deviation"":""86075.488673""},""latency_population"":""all-dispatched-including-failures"",""all_dispatched_latency_nanos"":{""count"":""128"",""minimum"":""258778"",""median"":""429831"",""maximum"":""674851"",""p95"":""613195"",""p99"":""663115"",""mean"":""445087.179688"",""median_absolute_deviation"":""49637"",""standard_deviation"":""86075.488673""},""successful_response_latency_nanos"":{""count"":""128"",""minimum"":""258778"",""median"":""429831"",""maximum"":""674851"",""p95"":""613195"",""p99"":""663115"",""mean"":""445087.179688"",""median_absolute_deviation"":""49637"",""standard_deviation"":""86075.488673""},""outcome_latency_nanos"":{""success"":{""count"":""128"",""minimum"":""258778"",""median"":""429831"",""maximum"":""674851"",""p95"":""613195"",""p99"":""663115"",""mean"":""445087.179688"",""median_absolute_deviation"":""49637"",""standard_deviation"":""86075.488673""},""declared-error"":null,""platform-failure"":null,""transport-failure"":null,""client-timeout"":null,""client-overload"":null,""client-deadline-before-dispatch"":null,""invalid-response"":null},""all_offered_elapsed_nanos"":{""count"":""128"",""minimum"":""280967"",""median"":""472169"",""maximum"":""734219"",""p95"":""648782"",""p99"":""703339"",""mean"":""483129.21875"",""median_absolute_deviation"":""53877.5"",""standard_deviation"":""90689.039668""},""successful_response_fraction"":""1"",""dispatch_lag_nanos"":{""count"":""128"",""minimum"":""5948"",""median"":""33138"",""maximum"":""129330"",""p95"":""77592"",""p99"":""94754"",""mean"":""38042.039062"",""median_absolute_deviation"":""19629"",""standard_deviation"":""23166.699604""},""overshoot_nanos"":{""count"":""128"",""minimum"":""0"",""median"":""0"",""maximum"":""0"",""p95"":""0"",""p99"":""0"",""mean"":""0"",""median_absolute_deviation"":""0"",""standard_deviation"":""0""},""budget_successes"":""128"",""budget_misses"":""0"",""successes_per_second"":""6576.676833"",""attempts_per_second"":""6576.676833""}",6576.676833,6576.676833,1,128,0,6545.631463,6545.631463,258778,429831,613195,663115,674851,258778,429831,613195,663115,674851,280967,472169,648782,703339,734219,5948,33138,77592,94754,129330,0,0,0,0,0
3,1,lsf,1,0,first,first,echo,1,39834536,"{""attempts"":""1"",""dispatched"":""1"",""undispatched"":""0"",""received"":""1"",""successful"":""1"",""semantic_mismatches"":""0"",""outcomes"":{""success"":""1""},""first_scheduled_nanos"":""923"",""last_completed_nanos"":""39523703"",""elapsed_nanos"":""39522780"",""throughput"":{""completed_attempts"":""1"",""successful_responses"":""1"",""elapsed_nanos"":""39522780""}}","{""counts"":{""attempts"":""1"",""dispatched"":""1"",""undispatched"":""0"",""received"":""1"",""successful"":""1"",""semantic_mismatches"":""0"",""outcomes"":{""success"":""1""},""first_scheduled_nanos"":""923"",""last_completed_nanos"":""39523703"",""elapsed_nanos"":""39522780"",""throughput"":{""completed_attempts"":""1"",""successful_responses"":""1"",""elapsed_nanos"":""39522780""}},""latency_nanos"":{""count"":""1"",""minimum"":""39408208"",""median"":""39408208"",""maximum"":""39408208"",""p95"":""39408208"",""p99"":""39408208"",""mean"":""39408208"",""median_absolute_deviation"":""0"",""standard_deviation"":""0""},""latency_population"":""all-dispatched-including-failures"",""all_dispatched_latency_nanos"":{""count"":""1"",""minimum"":""39408208"",""median"":""39408208"",""maximum"":""39408208"",""p95"":""39408208"",""p99"":""39408208"",""mean"":""39408208"",""median_absolute_deviation"":""0"",""standard_deviation"":""0""},""successful_response_latency_nanos"":{""count"":""1"",""minimum"":""39408208"",""median"":""39408208"",""maximum"":""39408208"",""p95"":""39408208"",""p99"":""39408208"",""mean"":""39408208"",""median_absolute_deviation"":""0"",""standard_deviation"":""0""},""outcome_latency_nanos"":{""success"":{""count"":""1"",""minimum"":""39408208"",""median"":""39408208"",""maximum"":""39408208"",""p95"":""39408208"",""p99"":""39408208"",""mean"":""39408208"",""median_absolute_deviation"":""0"",""standard_deviation"":""0""},""declared-error"":null,""platform-failure"":null,""transport-failure"":null,""client-timeout"":null,""client-overload"":null,""client-deadline-before-dispatch"":null,""invalid-response"":null},""all_offered_elapsed_nanos"":{""count"":""1"",""minimum"":""39522780"",""median"":""39522780"",""maximum"":""39522780"",""p95"":""39522780"",""p99"":""39522780"",""mean"":""39522780"",""median_absolute_deviation"":""0"",""standard_deviation"":""0""},""successful_response_fraction"":""1"",""dispatch_lag_nanos"":{""count"":""1"",""minimum"":""114572"",""median"":""114572"",""maximum"":""114572"",""p95"":""114572"",""p99"":""114572"",""mean"":""114572"",""median_absolute_deviation"":""0"",""standard_deviation"":""0""},""overshoot_nanos"":{""count"":""1"",""minimum"":""0"",""median"":""0"",""maximum"":""0"",""p95"":""0"",""p99"":""0"",""mean"":""0"",""median_absolute_deviation"":""0"",""standard_deviation"":""0""},""budget_successes"":""1"",""budget_misses"":""0"",""successes_per_second"":""25.301864"",""attempts_per_second"":""25.301864""}",25.301864,25.301864,1,1,0,25.103845,25.103845,39408208,39408208,39408208,39408208,39408208,39408208,39408208,39408208,39408208,39408208,39522780,39522780,39522780,39522780,39522780,114572,114572,114572,114572,114572,0,0,0,0,0
3,1,lsf,1,1,density-warmup,warmup,echo,4,2451486,"{""attempts"":""4"",""dispatched"":""4"",""undispatched"":""0"",""received"":""4"",""successful"":""4"",""semantic_mismatches"":""0"",""outcomes"":{""success"":""4""},""first_scheduled_nanos"":""463"",""last_completed_nanos"":""2358938"",""elapsed_nanos"":""2358475"",""throughput"":{""completed_attempts"":""4"",""successful_responses"":""4"",""elapsed_nanos"":""2358475""}}","{""counts"":{""attempts"":""4"",""dispatched"":""4"",""undispatched"":""0"",""received"":""4"",""successful"":""4"",""semantic_mismatches"":""0"",""outcomes"":{""success"":""4""},""first_scheduled_nanos"":""463"",""last_completed_nanos"":""2358938"",""elapsed_nanos"":""2358475"",""throughput"":{""completed_attempts"":""4"",""successful_responses"":""4"",""elapsed_nanos"":""2358475""}},""latency_nanos"":{""count"":""4"",""minimum"":""1844229"",""median"":""1985484"",""maximum"":""2188447"",""p95"":""2188447"",""p99"":""2188447"",""mean"":""2000911"",""median_absolute_deviation"":""115177.5"",""standard_deviation"":""137906.313378""},""latency_population"":""all-dispatched-including-failures"",""all_dispatched_latency_nanos"":{""count"":""4"",""minimum"":""1844229"",""median"":""1985484"",""maximum"":""2188447"",""p95"":""2188447"",""p99"":""2188447"",""mean"":""2000911"",""median_absolute_deviation"":""115177.5"",""standard_deviation"":""137906.313378""},""successful_response_latency_nanos"":{""count"":""4"",""minimum"":""1844229"",""median"":""1985484"",""maximum"":""2188447"",""p95"":""2188447"",""p99"":""2188447"",""mean"":""2000911"",""median_absolute_deviation"":""115177.5"",""standard_deviation"":""137906.313378""},""outcome_latency_nanos"":{""success"":{""count"":""4"",""minimum"":""1844229"",""median"":""1985484"",""maximum"":""2188447"",""p95"":""2188447"",""p99"":""2188447"",""mean"":""2000911"",""median_absolute_deviation"":""115177.5"",""standard_deviation"":""137906.313378""},""declared-error"":null,""platform-failure"":null,""transport-failure"":null,""client-timeout"":null,""client-overload"":null,""client-deadline-before-dispatch"":null,""invalid-response"":null},""all_offered_elapsed_nanos"":{""count"":""4"",""minimum"":""1960292"",""median"":""2087665.5"",""maximum"":""2294162"",""p95"":""2294162"",""p99"":""2294162"",""mean"":""2107446.25"",""median_absolute_deviation"":""95892.5"",""standard_deviation"":""128059.930693""},""successful_response_fraction"":""1"",""dispatch_lag_nanos"":{""count"":""4"",""minimum"":""77493"",""median"":""110889"",""maximum"":""126870"",""p95"":""126870"",""p99"":""126870"",""mean"":""106535.25"",""median_absolute_deviation"":""10577.5"",""standard_deviation"":""18360.318439""},""overshoot_nanos"":{""count"":""4"",""minimum"":""0"",""median"":""0"",""maximum"":""0"",""p95"":""0"",""p99"":""0"",""mean"":""0"",""median_absolute_deviation"":""0"",""standard_deviation"":""0""},""budget_successes"":""4"",""budget_misses"":""0"",""successes_per_second"":""1696.011194"",""attempts_per_second"":""1696.011194""}",1696.011194,1696.011194,1,4,0,1631.663407,1631.663407,1844229,1985484,2188447,2188447,2188447,1844229,1985484,2188447,2188447,2188447,1960292,2087665.5,2294162,2294162,2294162,77493,110889,126870,126870,126870,0,0,0,0,0
3,1,lsf,1,2,density-measured,measured,echo,4,2146211,"{""attempts"":""4"",""dispatched"":""4"",""undispatched"":""0"",""received"":""4"",""successful"":""4"",""semantic_mismatches"":""0"",""outcomes"":{""success"":""4""},""first_scheduled_nanos"":""506"",""last_completed_nanos"":""2088817"",""elapsed_nanos"":""2088311"",""throughput"":{""completed_attempts"":""4"",""successful_responses"":""4"",""elapsed_nanos"":""2088311""}}","{""counts"":{""attempts"":""4"",""dispatched"":""4"",""undispatched"":""0"",""received"":""4"",""successful"":""4"",""semantic_mismatches"":""0"",""outcomes"":{""success"":""4""},""first_scheduled_nanos"":""506"",""last_completed_nanos"":""2088817"",""elapsed_nanos"":""2088311"",""throughput"":{""completed_attempts"":""4"",""successful_responses"":""4"",""elapsed_nanos"":""2088311""}},""latency_nanos"":{""count"":""4"",""minimum"":""828367"",""median"":""1871518"",""maximum"":""1972720"",""p95"":""1972720"",""p99"":""1972720"",""mean"":""1636030.75"",""median_absolute_deviation"":""88146"",""standard_deviation"":""471133.179195""},""latency_population"":""all-dispatched-including-failures"",""all_dispatched_latency_nanos"":{""count"":""4"",""minimum"":""828367"",""median"":""1871518"",""maximum"":""1972720"",""p95"":""1972720"",""p99"":""1972720"",""mean"":""1636030.75"",""median_absolute_deviation"":""88146"",""standard_deviation"":""471133.179195""},""successful_response_latency_nanos"":{""count"":""4"",""minimum"":""828367"",""median"":""1871518"",""maximum"":""1972720"",""p95"":""1972720"",""p99"":""1972720"",""mean"":""1636030.75"",""median_absolute_deviation"":""88146"",""standard_deviation"":""471133.179195""},""outcome_latency_nanos"":{""success"":{""count"":""4"",""minimum"":""828367"",""median"":""1871518"",""maximum"":""1972720"",""p95"":""1972720"",""p99"":""1972720"",""mean"":""1636030.75"",""median_absolute_deviation"":""88146"",""standard_deviation"":""471133.179195""},""declared-error"":null,""platform-failure"":null,""transport-failure"":null,""client-timeout"":null,""client-overload"":null,""client-deadline-before-dispatch"":null,""invalid-response"":null},""all_offered_elapsed_nanos"":{""count"":""4"",""minimum"":""864494"",""median"":""1934538"",""maximum"":""2031268"",""p95"":""2031268"",""p99"":""2031268"",""mean"":""1691209.5"",""median_absolute_deviation"":""93886"",""standard_deviation"":""483242.46262""},""successful_response_fraction"":""1"",""dispatch_lag_nanos"":{""count"":""4"",""minimum"":""36127"",""median"":""52808"",""maximum"":""78972"",""p95"":""78972"",""p99"":""78972"",""mean"":""55178.75"",""median_absolute_deviation"":""11210.5"",""standard_deviation"":""15860.517289""},""overshoot_nanos"":{""count"":""4"",""minimum"":""0"",""median"":""0"",""maximum"":""0"",""p95"":""0"",""p99"":""0"",""mean"":""0"",""median_absolute_deviation"":""0"",""standard_deviation"":""0""},""budget_successes"":""4"",""budget_misses"":""0"",""successes_per_second"":""1915.423517"",""attempts_per_second"":""1915.423517""}",1915.423517,1915.423517,1,4,0,1863.74965,1863.74965,828367,1871518,1972720,1972720,1972720,828367,1871518,1972720,1972720,1972720,864494,1934538,2031268,2031268,2031268,36127,52808,78972,78972,78972,0,0,0,0,0
3,1,lsf,1,3,echo-c1-warmup,warmup,echo,1,7841311,"{""attempts"":""8"",""dispatched"":""8"",""undispatched"":""0"",""received"":""8"",""successful"":""8"",""semantic_mismatches"":""0"",""outcomes"":{""success"":""8""},""first_scheduled_nanos"":""229"",""last_completed_nanos"":""7748413"",""elapsed_nanos"":""7748184"",""throughput"":{""completed_attempts"":""8"",""successful_responses"":""8"",""elapsed_nanos"":""7748184""}}","{""counts"":{""attempts"":""8"",""dispatched"":""8"",""undispatched"":""0"",""received"":""8"",""successful"":""8"",""semantic_mismatches"":""0"",""outcomes"":{""success"":""8""},""first_scheduled_nanos"":""229"",""last_completed_nanos"":""7748413"",""elapsed_nanos"":""7748184"",""throughput"":{""completed_attempts"":""8"",""successful_responses"":""8"",""elapsed_nanos"":""7748184""}},""latency_nanos"":{""count"":""8"",""minimum"":""696979"",""median"":""803098"",""maximum"":""865916"",""p95"":""865916"",""p99"":""865916"",""mean"":""798281.25"",""median_absolute_deviation"":""56475.5"",""standard_deviation"":""60366.362891""},""latency_population"":""all-dispatched-including-failures"",""all_dispatched_latency_nanos"":{""count"":""8"",""minimum"":""696979"",""median"":""803098"",""maximum"":""865916"",""p95"":""865916"",""p99"":""865916"",""mean"":""798281.25"",""median_absolute_deviation"":""56475.5"",""standard_deviation"":""60366.362891""},""successful_response_latency_nanos"":{""count"":""8"",""minimum"":""696979"",""median"":""803098"",""maximum"":""865916"",""p95"":""865916"",""p99"":""865916"",""mean"":""798281.25"",""median_absolute_deviation"":""56475.5"",""standard_deviation"":""60366.362891""},""outcome_latency_nanos"":{""success"":{""count"":""8"",""minimum"":""696979"",""median"":""803098"",""maximum"":""865916"",""p95"":""865916"",""p99"":""865916"",""mean"":""798281.25"",""median_absolute_deviation"":""56475.5"",""standard_deviation"":""60366.362891""},""declared-error"":null,""platform-failure"":null,""transport-failure"":null,""client-timeout"":null,""client-overload"":null,""client-deadline-before-dispatch"":null,""invalid-response"":null},""all_offered_elapsed_nanos"":{""count"":""8"",""minimum"":""764940"",""median"":""888332.5"",""maximum"":""976513"",""p95"":""976513"",""p99"":""976513"",""mean"":""872288"",""median_absolute_deviation"":""41878"",""standard_deviation"":""67562.801503""},""successful_response_fraction"":""1"",""dispatch_lag_nanos"":{""count"":""8"",""minimum"":""49802"",""median"":""65094"",""maximum"":""128597"",""p95"":""128597"",""p99"":""128597"",""mean"":""74006.75"",""median_absolute_deviation"":""13205"",""standard_deviation"":""27593.473557""},""overshoot_nanos"":{""count"":""8"",""minimum"":""0"",""median"":""0"",""maximum"":""0"",""p95"":""0"",""p99"":""0"",""mean"":""0"",""median_absolute_deviation"":""0"",""standard_deviation"":""0""},""budget_successes"":""8"",""budget_misses"":""0"",""successes_per_second"":""1032.500003"",""attempts_per_second"":""1032.500003""}",1032.500003,1032.500003,1,8,0,1020.23756,1020.23756,696979,803098,865916,865916,865916,696979,803098,865916,865916,865916,764940,888332.5,976513,976513,976513,49802,65094,128597,128597,128597,0,0,0,0,0
3,1,lsf,1,4,echo-c1-measured,measured,echo,1,127353636,"{""attempts"":""128"",""dispatched"":""128"",""undispatched"":""0"",""received"":""128"",""successful"":""128"",""semantic_mismatches"":""0"",""outcomes"":{""success"":""128""},""first_scheduled_nanos"":""166"",""last_completed_nanos"":""127256599"",""elapsed_nanos"":""127256433"",""throughput"":{""completed_attempts"":""128"",""successful_responses"":""128"",""elapsed_nanos"":""127256433""}}","{""counts"":{""attempts"":""128"",""dispatched"":""128"",""undispatched"":""0"",""received"":""128"",""successful"":""128"",""semantic_mismatches"":""0"",""outcomes"":{""success"":""128""},""first_scheduled_nanos"":""166"",""last_completed_nanos"":""127256599"",""elapsed_nanos"":""127256433"",""throughput"":{""completed_attempts"":""128"",""successful_responses"":""128"",""elapsed_nanos"":""127256433""}},""latency_nanos"":{""count"":""128"",""minimum"":""547777"",""median"":""737977"",""maximum"":""1612013"",""p95"":""1260374"",""p99"":""1515290"",""mean"":""806925.679688"",""median_absolute_deviation"":""75632.5"",""standard_deviation"":""207471.327414""},""latency_population"":""all-dispatched-including-failures"",""all_dispatched_latency_nanos"":{""count"":""128"",""minimum"":""547777"",""median"":""737977"",""maximum"":""1612013"",""p95"":""1260374"",""p99"":""1515290"",""mean"":""806925.679688"",""median_absolute_deviation"":""75632.5"",""standard_deviation"":""207471.327414""},""successful_response_latency_nanos"":{""count"":""128"",""minimum"":""547777"",""median"":""737977"",""maximum"":""1612013"",""p95"":""1260374"",""p99"":""1515290"",""mean"":""806925.679688"",""median_absolute_deviation"":""75632.5"",""standard_deviation"":""207471.327414""},""outcome_latency_nanos"":{""success"":{""count"":""128"",""minimum"":""547777"",""median"":""737977"",""maximum"":""1612013"",""p95"":""1260374"",""p99"":""1515290"",""mean"":""806925.679688"",""median_absolute_deviation"":""75632.5"",""standard_deviation"":""207471.327414""},""declared-error"":null,""platform-failure"":null,""transport-failure"":null,""client-timeout"":null,""client-overload"":null,""client-deadline-before-dispatch"":null,""invalid-response"":null},""all_offered_elapsed_nanos"":{""count"":""128"",""minimum"":""600329"",""median"":""802257"",""maximum"":""1839986"",""p95"":""1333185"",""p99"":""1587501"",""mean"":""880270.109375"",""median_absolute_deviation"":""79171.5"",""standard_deviation"":""220994.701619""},""successful_response_fraction"":""1"",""dispatch_lag_nanos"":{""count"":""128"",""minimum"":""42756"",""median"":""62990.5"",""maximum"":""246129"",""p95"":""118053"",""p99"":""227973"",""mean"":""73344.429688"",""median_absolute_deviation"":""12036.5"",""standard_deviation"":""30342.164576""},""overshoot_nanos"":{""count"":""128"",""minimum"":""0"",""median"":""0"",""maximum"":""0"",""p95"":""0"",""p99"":""0"",""mean"":""0"",""median_absolute_deviation"":""0"",""standard_deviation"":""0""},""budget_successes"":""128"",""budget_misses"":""0"",""successes_per_second"":""1005.84306"",""attempts_per_second"":""1005.84306""}",1005.84306,1005.84306,1,128,0,1005.075348,1005.075348,547777,737977,1260374,1515290,1612013,547777,737977,1260374,1515290,1612013,600329,802257,1333185,1587501,1839986,42756,62990.5,118053,227973,246129,0,0,0,0,0
3,1,lsf,1,5,compute-c1-warmup,warmup,compute,1,4756391,"{""attempts"":""4"",""dispatched"":""4"",""undispatched"":""0"",""received"":""4"",""successful"":""4"",""semantic_mismatches"":""0"",""outcomes"":{""success"":""4""},""first_scheduled_nanos"":""273"",""last_completed_nanos"":""4617225"",""elapsed_nanos"":""4616952"",""throughput"":{""completed_attempts"":""4"",""successful_responses"":""4"",""elapsed_nanos"":""4616952""}}","{""counts"":{""attempts"":""4"",""dispatched"":""4"",""undispatched"":""0"",""received"":""4"",""successful"":""4"",""semantic_mismatches"":""0"",""outcomes"":{""success"":""4""},""first_scheduled_nanos"":""273"",""last_completed_nanos"":""4617225"",""elapsed_nanos"":""4616952"",""throughput"":{""completed_attempts"":""4"",""successful_responses"":""4"",""elapsed_nanos"":""4616952""}},""latency_nanos"":{""count"":""4"",""minimum"":""753333"",""median"":""828825.5"",""maximum"":""1470312"",""p95"":""1470312"",""p99"":""1470312"",""mean"":""970324"",""median_absolute_deviation"":""44366.5"",""standard_deviation"":""290459.70758""},""latency_population"":""all-dispatched-including-failures"",""all_dispatched_latency_nanos"":{""count"":""4"",""minimum"":""753333"",""median"":""828825.5"",""maximum"":""1470312"",""p95"":""1470312"",""p99"":""1470312"",""mean"":""970324"",""median_absolute_deviation"":""44366.5"",""standard_deviation"":""290459.70758""},""successful_response_latency_nanos"":{""count"":""4"",""minimum"":""753333"",""median"":""828825.5"",""maximum"":""1470312"",""p95"":""1470312"",""p99"":""1470312"",""mean"":""970324"",""median_absolute_deviation"":""44366.5"",""standard_deviation"":""290459.70758""},""outcome_latency_nanos"":{""success"":{""count"":""4"",""minimum"":""753333"",""median"":""828825.5"",""maximum"":""1470312"",""p95"":""1470312"",""p99"":""1470312"",""mean"":""970324"",""median_absolute_deviation"":""44366.5"",""standard_deviation"":""290459.70758""},""declared-error"":null,""platform-failure"":null,""transport-failure"":null,""client-timeout"":null,""client-overload"":null,""client-deadline-before-dispatch"":null,""invalid-response"":null},""all_offered_elapsed_nanos"":{""count"":""4"",""minimum"":""839519"",""median"":""925294.5"",""maximum"":""1554201"",""p95"":""1554201"",""p99"":""1554201"",""mean"":""1061077.25"",""median_absolute_deviation"":""44551"",""standard_deviation"":""286860.21533""},""successful_response_fraction"":""1"",""dispatch_lag_nanos"":{""count"":""4"",""minimum"":""83889"",""median"":""86370.5"",""maximum"":""106383"",""p95"":""106383"",""p99"":""106383"",""mean"":""90753.25"",""median_absolute_deviation"":""1333"",""standard_deviation"":""9081.465861""},""overshoot_nanos"":{""count"":""4"",""minimum"":""0"",""median"":""0"",""maximum"":""0"",""p95"":""0"",""p99"":""0"",""mean"":""0"",""median_absolute_deviation"":""0"",""standard_deviation"":""0""},""budget_successes"":""4"",""budget_misses"":""0"",""successes_per_second"":""866.372447"",""attempts_per_second"":""866.372447""}",866.372447,866.372447,1,4,0,840.973755,840.973755,753333,828825.5,1470312,1470312,1470312,753333,828825.5,1470312,1470312,1470312,839519,925294.5,1554201,1554201,1554201,83889,86370.5,106383,106383,106383,0,0,0,0,0
3,1,lsf,1,6,compute-c1-measured,measured,compute,1,67100469,"{""attempts"":""64"",""dispatched"":""64"",""undispatched"":""0"",""received"":""64"",""successful"":""64"",""semantic_mismatches"":""0"",""outcomes"":{""success"":""64""},""first_scheduled_nanos"":""197"",""last_completed_nanos"":""67013938"",""elapsed_nanos"":""67013741"",""throughput"":{""completed_attempts"":""64"",""successful_responses"":""64"",""elapsed_nanos"":""67013741""}}","{""counts"":{""attempts"":""64"",""dispatched"":""64"",""undispatched"":""0"",""received"":""64"",""successful"":""64"",""semantic_mismatches"":""0"",""outcomes"":{""success"":""64""},""first_scheduled_nanos"":""197"",""last_completed_nanos"":""67013938"",""elapsed_nanos"":""67013741"",""throughput"":{""completed_attempts"":""64"",""successful_responses"":""64"",""elapsed_nanos"":""67013741""}},""latency_nanos"":{""count"":""64"",""minimum"":""656256"",""median"":""818492.5"",""maximum"":""1463574"",""p95"":""1245770"",""p99"":""1463574"",""mean"":""870603.515625"",""median_absolute_deviation"":""75747"",""standard_deviation"":""176076.493848""},""latency_population"":""all-dispatched-including-failures"",""all_dispatched_latency_nanos"":{""count"":""64"",""minimum"":""656256"",""median"":""818492.5"",""maximum"":""1463574"",""p95"":""1245770"",""p99"":""1463574"",""mean"":""870603.515625"",""median_absolute_deviation"":""75747"",""standard_deviation"":""176076.493848""},""successful_response_latency_nanos"":{""count"":""64"",""minimum"":""656256"",""median"":""818492.5"",""maximum"":""1463574"",""p95"":""1245770"",""p99"":""1463574"",""mean"":""870603.515625"",""median_absolute_deviation"":""75747"",""standard_deviation"":""176076.493848""},""outcome_latency_nanos"":{""success"":{""count"":""64"",""minimum"":""656256"",""median"":""818492.5"",""maximum"":""1463574"",""p95"":""1245770"",""p99"":""1463574"",""mean"":""870603.515625"",""median_absolute_deviation"":""75747"",""standard_deviation"":""176076.493848""},""declared-error"":null,""platform-failure"":null,""transport-failure"":null,""client-timeout"":null,""client-overload"":null,""client-deadline-before-dispatch"":null,""invalid-response"":null},""all_offered_elapsed_nanos"":{""count"":""64"",""minimum"":""704760"",""median"":""884072"",""maximum"":""1552119"",""p95"":""1330180"",""p99"":""1552119"",""mean"":""934802.578125"",""median_absolute_deviation"":""79037"",""standard_deviation"":""176686.543644""},""successful_response_fraction"":""1"",""dispatch_lag_nanos"":{""count"":""64"",""minimum"":""42610"",""median"":""62694"",""maximum"":""101076"",""p95"":""92535"",""p99"":""101076"",""mean"":""64199.0625"",""median_absolute_deviation"":""10213"",""standard_deviation"":""13812.816462""},""overshoot_nanos"":{""count"":""64"",""minimum"":""0"",""median"":""0"",""maximum"":""0"",""p95"":""0"",""p99"":""0"",""mean"":""0"",""median_absolute_deviation"":""0"",""standard_deviation"":""0""},""budget_successes"":""64"",""budget_misses"":""0"",""successes_per_second"":""955.028014"",""attempts_per_second"":""955.028014""}",955.028014,955.028014,1,64,0,953.793631,953.793631,656256,818492.5,1245770,1463574,1463574,656256,818492.5,1245770,1463574,1463574,704760,884072,1330180,1552119,1552119,42610,62694,92535,101076,101076,0,0,0,0,0
3,1,lsf,1,7,echo-c4-warmup,warmup,echo,4,3962101,"{""attempts"":""8"",""dispatched"":""8"",""undispatched"":""0"",""received"":""8"",""successful"":""8"",""semantic_mismatches"":""0"",""outcomes"":{""success"":""8""},""first_scheduled_nanos"":""268"",""last_completed_nanos"":""3851783"",""elapsed_nanos"":""3851515"",""throughput"":{""completed_attempts"":""8"",""successful_responses"":""8"",""elapsed_nanos"":""3851515""}}","{""counts"":{""attempts"":""8"",""dispatched"":""8"",""undispatched"":""0"",""received"":""8"",""successful"":""8"",""semantic_mismatches"":""0"",""outcomes"":{""success"":""8""},""first_scheduled_nanos"":""268"",""last_completed_nanos"":""3851783"",""elapsed_nanos"":""3851515"",""throughput"":{""completed_attempts"":""8"",""successful_responses"":""8"",""elapsed_nanos"":""3851515""}},""latency_nanos"":{""count"":""8"",""minimum"":""858706"",""median"":""1769120.5"",""maximum"":""2324692"",""p95"":""2324692"",""p99"":""2324692"",""mean"":""1592611.5"",""median_absolute_deviation"":""445173.5"",""standard_deviation"":""518337.401688""},""latency_population"":""all-dispatched-including-failures"",""all_dispatched_latency_nanos"":{""count"":""8"",""minimum"":""858706"",""median"":""1769120.5"",""maximum"":""2324692"",""p95"":""2324692"",""p99"":""2324692"",""mean"":""1592611.5"",""median_absolute_deviation"":""445173.5"",""standard_deviation"":""518337.401688""},""successful_response_latency_nanos"":{""count"":""8"",""minimum"":""858706"",""median"":""1769120.5"",""maximum"":""2324692"",""p95"":""2324692"",""p99"":""2324692"",""mean"":""1592611.5"",""median_absolute_deviation"":""445173.5"",""standard_deviation"":""518337.401688""},""outcome_latency_nanos"":{""success"":{""count"":""8"",""minimum"":""858706"",""median"":""1769120.5"",""maximum"":""2324692"",""p95"":""2324692"",""p99"":""2324692"",""mean"":""1592611.5"",""median_absolute_deviation"":""445173.5"",""standard_deviation"":""518337.401688""},""declared-error"":null,""platform-failure"":null,""transport-failure"":null,""client-timeout"":null,""client-overload"":null,""client-deadline-before-dispatch"":null,""invalid-response"":null},""all_offered_elapsed_nanos"":{""count"":""8"",""minimum"":""892967"",""median"":""1853574"",""maximum"":""2402984"",""p95"":""2402984"",""p99"":""2402984"",""mean"":""1667929.75"",""median_absolute_deviation"":""446944.5"",""standard_deviation"":""529505.138705""},""successful_response_fraction"":""1"",""dispatch_lag_nanos"":{""count"":""8"",""minimum"":""34261"",""median"":""76413"",""maximum"":""103257"",""p95"":""103257"",""p99"":""103257"",""mean"":""75318.25"",""median_absolute_deviation"":""6699.5"",""standard_deviation"":""19161.703759""},""overshoot_nanos"":{""count"":""8"",""minimum"":""0"",""median"":""0"",""maximum"":""0"",""p95"":""0"",""p99"":""0"",""mean"":""0"",""median_absolute_deviation"":""0"",""standard_deviation"":""0""},""budget_successes"":""8"",""budget_misses"":""0"",""successes_per_second"":""2077.104724"",""attempts_per_second"":""2077.104724""}",2077.104724,2077.104724,1,8,0,2019.130759,2019.130759,858706,1769120.5,2324692,2324692,2324692,858706,1769120.5,2324692,2324692,2324692,892967,1853574,2402984,2402984,2402984,34261,76413,103257,103257,103257,0,0,0,0,0
3,1,lsf,1,8,echo-c4-measured,measured,echo,4,35942738,"{""attempts"":""128"",""dispatched"":""128"",""undispatched"":""0"",""received"":""128"",""successful"":""128"",""semantic_mismatches"":""0"",""outcomes"":{""success"":""128""},""first_scheduled_nanos"":""268"",""last_completed_nanos"":""35867029"",""elapsed_nanos"":""35866761"",""throughput"":{""completed_attempts"":""128"",""successful_responses"":""128"",""elapsed_nanos"":""35866761""}}","{""counts"":{""attempts"":""128"",""dispatched"":""128"",""undispatched"":""0"",""received"":""128"",""successful"":""128"",""semantic_mismatches"":""0"",""outcomes"":{""success"":""128""},""first_scheduled_nanos"":""268"",""last_completed_nanos"":""35867029"",""elapsed_nanos"":""35866761"",""throughput"":{""completed_attempts"":""128"",""successful_responses"":""128"",""elapsed_nanos"":""35866761""}},""latency_nanos"":{""count"":""128"",""minimum"":""555501"",""median"":""912756.5"",""maximum"":""1753477"",""p95"":""1476251"",""p99"":""1659061"",""mean"":""963566.320312"",""median_absolute_deviation"":""140690.5"",""standard_deviation"":""247485.846397""},""latency_population"":""all-dispatched-including-failures"",""all_dispatched_latency_nanos"":{""count"":""128"",""minimum"":""555501"",""median"":""912756.5"",""maximum"":""1753477"",""p95"":""1476251"",""p99"":""1659061"",""mean"":""963566.320312"",""median_absolute_deviation"":""140690.5"",""standard_deviation"":""247485.846397""},""successful_response_latency_nanos"":{""count"":""128"",""minimum"":""555501"",""median"":""912756.5"",""maximum"":""1753477"",""p95"":""1476251"",""p99"":""1659061"",""mean"":""963566.320312"",""median_absolute_deviation"":""140690.5"",""standard_deviation"":""247485.846397""},""outcome_latency_nanos"":{""success"":{""count"":""128"",""minimum"":""555501"",""median"":""912756.5"",""maximum"":""1753477"",""p95"":""1476251"",""p99"":""1659061"",""mean"":""963566.320312"",""median_absolute_deviation"":""140690.5"",""standard_deviation"":""247485.846397""},""declared-error"":null,""platform-failure"":null,""transport-failure"":null,""client-timeout"":null,""client-overload"":null,""client-deadline-before-dispatch"":null,""invalid-response"":null},""all_offered_elapsed_nanos"":{""count"":""128"",""minimum"":""619056"",""median"":""966279.5"",""maximum"":""1828442"",""p95"":""1519805"",""p99"":""1706332"",""mean"":""1013970.140625"",""median_absolute_deviation"":""159131.5"",""standard_deviation"":""251675.774127""},""successful_response_fraction"":""1"",""dispatch_lag_nanos"":{""count"":""128"",""minimum"":""7902"",""median"":""53265.5"",""maximum"":""213622"",""p95"":""89943"",""p99"":""124487"",""mean"":""50403.820312"",""median_absolute_deviation"":""14815"",""standard_deviation"":""27681.778192""},""overshoot_nanos"":{""count"":""128"",""minimum"":""0"",""median"":""0"",""maximum"":""0"",""p95"":""0"",""p99"":""0"",""mean"":""0"",""median_absolute_deviation"":""0"",""standard_deviation"":""0""},""budget_successes"":""128"",""budget_misses"":""0"",""successes_per_second"":""3568.763848"",""attempts_per_second"":""3568.763848""}",3568.763848,3568.763848,1,128,0,3561.220072,3561.220072,555501,912756.5,1476251,1659061,1753477,555501,912756.5,1476251,1659061,1753477,619056,966279.5,1519805,1706332,1828442,7902,53265.5,89943,124487,213622,0,0,0,0,0
3,2,lsf,8,0,first,first,echo,1,299321652,"{""attempts"":""8"",""dispatched"":""8"",""undispatched"":""0"",""received"":""8"",""successful"":""8"",""semantic_mismatches"":""0"",""outcomes"":{""success"":""8""},""first_scheduled_nanos"":""347"",""last_completed_nanos"":""299124294"",""elapsed_nanos"":""299123947"",""throughput"":{""completed_attempts"":""8"",""successful_responses"":""8"",""elapsed_nanos"":""299123947""}}","{""counts"":{""attempts"":""8"",""dispatched"":""8"",""undispatched"":""0"",""received"":""8"",""successful"":""8"",""semantic_mismatches"":""0"",""outcomes"":{""success"":""8""},""first_scheduled_nanos"":""347"",""last_completed_nanos"":""299124294"",""elapsed_nanos"":""299123947"",""throughput"":{""completed_attempts"":""8"",""successful_responses"":""8"",""elapsed_nanos"":""299123947""}},""latency_nanos"":{""count"":""8"",""minimum"":""34623407"",""median"":""36304943.5"",""maximum"":""42302276"",""p95"":""42302276"",""p99"":""42302276"",""mean"":""37056268.375"",""median_absolute_deviation"":""1433222"",""standard_deviation"":""2524564.619161""},""latency_population"":""all-dispatched-including-failures"",""all_dispatched_latency_nanos"":{""count"":""8"",""minimum"":""34623407"",""median"":""36304943.5"",""maximum"":""42302276"",""p95"":""42302276"",""p99"":""42302276"",""mean"":""37056268.375"",""median_absolute_deviation"":""1433222"",""standard_deviation"":""2524564.619161""},""successful_response_latency_nanos"":{""count"":""8"",""minimum"":""34623407"",""median"":""36304943.5"",""maximum"":""42302276"",""p95"":""42302276"",""p99"":""42302276"",""mean"":""37056268.375"",""median_absolute_deviation"":""1433222"",""standard_deviation"":""2524564.619161""},""outcome_latency_nanos"":{""success"":{""count"":""8"",""minimum"":""34623407"",""median"":""36304943.5"",""maximum"":""42302276"",""p95"":""42302276"",""p99"":""42302276"",""mean"":""37056268.375"",""median_absolute_deviation"":""1433222"",""standard_deviation"":""2524564.619161""},""declared-error"":null,""platform-failure"":null,""transport-failure"":null,""client-timeout"":null,""client-overload"":null,""client-deadline-before-dispatch"":null,""invalid-response"":null},""all_offered_elapsed_nanos"":{""count"":""8"",""minimum"":""34719602"",""median"":""36412048.5"",""maximum"":""42445827"",""p95"":""42445827"",""p99"":""42445827"",""mean"":""37165208.875"",""median_absolute_deviation"":""1423085.5"",""standard_deviation"":""2534202.608817""},""successful_response_fraction"":""1"",""dispatch_lag_nanos"":{""count"":""8"",""minimum"":""85861"",""median"":""105819"",""maximum"":""143551"",""p95"":""143551"",""p99"":""143551"",""mean"":""108940.5"",""median_absolute_deviation"":""16828.5"",""standard_deviation"":""19274.401787""},""overshoot_nanos"":{""count"":""8"",""minimum"":""0"",""median"":""0"",""maximum"":""0"",""p95"":""0"",""p99"":""0"",""mean"":""0"",""median_absolute_deviation"":""0"",""standard_deviation"":""0""},""budget_successes"":""8"",""budget_misses"":""0"",""successes_per_second"":""26.744766"",""attempts_per_second"":""26.744766""}",26.744766,26.744766,1,8,0,26.727101,26.727101,34623407,36304943.5,42302276,42302276,42302276,34623407,36304943.5,42302276,42302276,42302276,34719602,36412048.5,42445827,42445827,42445827,85861,105819,143551,143551,143551,0,0,0,0,0
3,2,lsf,8,1,density-warmup,warmup,echo,4,9765171,"{""attempts"":""32"",""dispatched"":""32"",""undispatched"":""0"",""received"":""32"",""successful"":""32"",""semantic_mismatches"":""0"",""outcomes"":{""success"":""32""},""first_scheduled_nanos"":""286"",""last_completed_nanos"":""9702195"",""elapsed_nanos"":""9701909"",""throughput"":{""completed_attempts"":""32"",""successful_responses"":""32"",""elapsed_nanos"":""9701909""}}","{""counts"":{""attempts"":""32"",""dispatched"":""32"",""undispatched"":""0"",""received"":""32"",""successful"":""32"",""semantic_mismatches"":""0"",""outcomes"":{""success"":""32""},""first_scheduled_nanos"":""286"",""last_completed_nanos"":""9702195"",""elapsed_nanos"":""9701909"",""throughput"":{""completed_attempts"":""32"",""successful_responses"":""32"",""elapsed_nanos"":""9701909""}},""latency_nanos"":{""count"":""32"",""minimum"":""547773"",""median"":""956387"",""maximum"":""1820668"",""p95"":""1751690"",""p99"":""1820668"",""mean"":""1022455.6875"",""median_absolute_deviation"":""142658.5"",""standard_deviation"":""312783.779203""},""latency_population"":""all-dispatched-including-failures"",""all_dispatched_latency_nanos"":{""count"":""32"",""minimum"":""547773"",""median"":""956387"",""maximum"":""1820668"",""p95"":""1751690"",""p99"":""1820668"",""mean"":""1022455.6875"",""median_absolute_deviation"":""142658.5"",""standard_deviation"":""312783.779203""},""successful_response_latency_nanos"":{""count"":""32"",""minimum"":""547773"",""median"":""956387"",""maximum"":""1820668"",""p95"":""1751690"",""p99"":""1820668"",""mean"":""1022455.6875"",""median_absolute_deviation"":""142658.5"",""standard_deviation"":""312783.779203""},""outcome_latency_nanos"":{""success"":{""count"":""32"",""minimum"":""547773"",""median"":""956387"",""maximum"":""1820668"",""p95"":""1751690"",""p99"":""1820668"",""mean"":""1022455.6875"",""median_absolute_deviation"":""142658.5"",""standard_deviation"":""312783.779203""},""declared-error"":null,""platform-failure"":null,""transport-failure"":null,""client-timeout"":null,""client-overload"":null,""client-deadline-before-dispatch"":null,""invalid-response"":null},""all_offered_elapsed_nanos"":{""count"":""32"",""minimum"":""613809"",""median"":""1005421.5"",""maximum"":""1927313"",""p95"":""1879619"",""p99"":""1927313"",""mean"":""1077154.84375"",""median_absolute_deviation"":""134215"",""standard_deviation"":""323555.165474""},""successful_response_fraction"":""1"",""dispatch_lag_nanos"":{""count"":""32"",""minimum"":""8753"",""median"":""56392.5"",""maximum"":""127929"",""p95"":""106645"",""p99"":""127929"",""mean"":""54699.15625"",""median_absolute_deviation"":""15405"",""standard_deviation"":""29126.861634""},""overshoot_nanos"":{""count"":""32"",""minimum"":""0"",""median"":""0"",""maximum"":""0"",""p95"":""0"",""p99"":""0"",""mean"":""0"",""median_absolute_deviation"":""0"",""standard_deviation"":""0""},""budget_successes"":""32"",""budget_misses"":""0"",""successes_per_second"":""3298.319949"",""attempts_per_second"":""3298.319949""}",3298.319949,3298.319949,1,32,0,3276.952344,3276.952344,547773,956387,1751690,1820668,1820668,547773,956387,1751690,1820668,1820668,613809,1005421.5,1879619,1927313,1927313,8753,56392.5,106645,127929,127929,0,0,0,0,0
3,2,lsf,8,2,density-measured,measured,echo,4,10620004,"{""attempts"":""32"",""dispatched"":""32"",""undispatched"":""0"",""received"":""32"",""successful"":""32"",""semantic_mismatches"":""0"",""outcomes"":{""success"":""32""},""first_scheduled_nanos"":""206"",""last_completed_nanos"":""10537370"",""elapsed_nanos"":""10537164"",""throughput"":{""completed_attempts"":""32"",""successful_responses"":""32"",""elapsed_nanos"":""10537164""}}","{""counts"":{""attempts"":""32"",""dispatched"":""32"",""undispatched"":""0"",""received"":""32"",""successful"":""32"",""semantic_mismatches"":""0"",""outcomes"":{""success"":""32""},""first_scheduled_nanos"":""206"",""last_completed_nanos"":""10537370"",""elapsed_nanos"":""10537164"",""throughput"":{""completed_attempts"":""32"",""successful_responses"":""32"",""elapsed_nanos"":""10537164""}},""latency_nanos"":{""count"":""32"",""minimum"":""580870"",""median"":""955845"",""maximum"":""2340035"",""p95"":""2163948"",""p99"":""2340035"",""mean"":""1142691.65625"",""median_absolute_deviation"":""312292"",""standard_deviation"":""500377.427398""},""latency_population"":""all-dispatched-including-failures"",""all_dispatched_latency_nanos"":{""count"":""32"",""minimum"":""580870"",""median"":""955845"",""maximum"":""2340035"",""p95"":""2163948"",""p99"":""2340035"",""mean"":""1142691.65625"",""median_absolute_deviation"":""312292"",""standard_deviation"":""500377.427398""},""successful_response_latency_nanos"":{""count"":""32"",""minimum"":""580870"",""median"":""955845"",""maximum"":""2340035"",""p95"":""2163948"",""p99"":""2340035"",""mean"":""1142691.65625"",""median_absolute_deviation"":""312292"",""standard_deviation"":""500377.427398""},""outcome_latency_nanos"":{""success"":{""count"":""32"",""minimum"":""580870"",""median"":""955845"",""maximum"":""2340035"",""p95"":""2163948"",""p99"":""2340035"",""mean"":""1142691.65625"",""median_absolute_deviation"":""312292"",""standard_deviation"":""500377.427398""},""declared-error"":null,""platform-failure"":null,""transport-failure"":null,""client-timeout"":null,""client-overload"":null,""client-deadline-before-dispatch"":null,""invalid-response"":null},""all_offered_elapsed_nanos"":{""count"":""32"",""minimum"":""669167"",""median"":""1008106.5"",""maximum"":""2413786"",""p95"":""2233370"",""p99"":""2413786"",""mean"":""1197615.6875"",""median_absolute_deviation"":""300960"",""standard_deviation"":""505825.354279""},""successful_response_fraction"":""1"",""dispatch_lag_nanos"":{""count"":""32"",""minimum"":""8536"",""median"":""52693"",""maximum"":""98006"",""p95"":""88297"",""p99"":""98006"",""mean"":""54924.03125"",""median_absolute_deviation"":""5996.5"",""standard_deviation"":""18778.958572""},""overshoot_nanos"":{""count"":""32"",""minimum"":""0"",""median"":""0"",""maximum"":""0"",""p95"":""0"",""p99"":""0"",""mean"":""0"",""median_absolute_deviation"":""0"",""standard_deviation"":""0""},""budget_successes"":""32"",""budget_misses"":""0"",""successes_per_second"":""3036.870262"",""attempts_per_second"":""3036.870262""}",3036.870262,3036.870262,1,32,0,3013.181539,3013.181539,580870,955845,2163948,2340035,2340035,580870,955845,2163948,2340035,2340035,669167,1008106.5,2233370,2413786,2413786,8536,52693,88297,98006,98006,0,0,0,0,0
3,3,native,8,0,first,first,echo,1,6702173,"{""attempts"":""8"",""dispatched"":""8"",""undispatched"":""0"",""received"":""8"",""successful"":""8"",""semantic_mismatches"":""0"",""outcomes"":{""success"":""8""},""first_scheduled_nanos"":""315"",""last_completed_nanos"":""6617111"",""elapsed_nanos"":""6616796"",""throughput"":{""completed_attempts"":""8"",""successful_responses"":""8"",""elapsed_nanos"":""6616796""}}","{""counts"":{""attempts"":""8"",""dispatched"":""8"",""undispatched"":""0"",""received"":""8"",""successful"":""8"",""semantic_mismatches"":""0"",""outcomes"":{""success"":""8""},""first_scheduled_nanos"":""315"",""last_completed_nanos"":""6617111"",""elapsed_nanos"":""6616796"",""throughput"":{""completed_attempts"":""8"",""successful_responses"":""8"",""elapsed_nanos"":""6616796""}},""latency_nanos"":{""count"":""8"",""minimum"":""484551"",""median"":""627669.5"",""maximum"":""929410"",""p95"":""929410"",""p99"":""929410"",""mean"":""633117.875"",""median_absolute_deviation"":""62536"",""standard_deviation"":""129489.396968""},""latency_population"":""all-dispatched-including-failures"",""all_dispatched_latency_nanos"":{""count"":""8"",""minimum"":""484551"",""median"":""627669.5"",""maximum"":""929410"",""p95"":""929410"",""p99"":""929410"",""mean"":""633117.875"",""median_absolute_deviation"":""62536"",""standard_deviation"":""129489.396968""},""successful_response_latency_nanos"":{""count"":""8"",""minimum"":""484551"",""median"":""627669.5"",""maximum"":""929410"",""p95"":""929410"",""p99"":""929410"",""mean"":""633117.875"",""median_absolute_deviation"":""62536"",""standard_deviation"":""129489.396968""},""outcome_latency_nanos"":{""success"":{""count"":""8"",""minimum"":""484551"",""median"":""627669.5"",""maximum"":""929410"",""p95"":""929410"",""p99"":""929410"",""mean"":""633117.875"",""median_absolute_deviation"":""62536"",""standard_deviation"":""129489.396968""},""declared-error"":null,""platform-failure"":null,""transport-failure"":null,""client-timeout"":null,""client-overload"":null,""client-deadline-before-dispatch"":null,""invalid-response"":null},""all_offered_elapsed_nanos"":{""count"":""8"",""minimum"":""555859"",""median"":""691020.5"",""maximum"":""1039852"",""p95"":""1039852"",""p99"":""1039852"",""mean"":""710945.375"",""median_absolute_deviation"":""68217.5"",""standard_deviation"":""140190.350797""},""successful_response_fraction"":""1"",""dispatch_lag_nanos"":{""count"":""8"",""minimum"":""60701"",""median"":""73743"",""maximum"":""110442"",""p95"":""110442"",""p99"":""110442"",""mean"":""77827.5"",""median_absolute_deviation"":""11145.5"",""standard_deviation"":""15922.690358""},""overshoot_nanos"":{""count"":""8"",""minimum"":""0"",""median"":""0"",""maximum"":""0"",""p95"":""0"",""p99"":""0"",""mean"":""0"",""median_absolute_deviation"":""0"",""standard_deviation"":""0""},""budget_successes"":""8"",""budget_misses"":""0"",""successes_per_second"":""1209.044377"",""attempts_per_second"":""1209.044377""}",1209.044377,1209.044377,1,8,0,1193.642719,1193.642719,484551,627669.5,929410,929410,929410,484551,627669.5,929410,929410,929410,555859,691020.5,1039852,1039852,1039852,60701,73743,110442,110442,110442,0,0,0,0,0
3,3,native,8,1,density-warmup,warmup,echo,4,5109101,"{""attempts"":""32"",""dispatched"":""32"",""undispatched"":""0"",""received"":""32"",""successful"":""32"",""semantic_mismatches"":""0"",""outcomes"":{""success"":""32""},""first_scheduled_nanos"":""558"",""last_completed_nanos"":""5033154"",""elapsed_nanos"":""5032596"",""throughput"":{""completed_attempts"":""32"",""successful_responses"":""32"",""elapsed_nanos"":""5032596""}}","{""counts"":{""attempts"":""32"",""dispatched"":""32"",""undispatched"":""0"",""received"":""32"",""successful"":""32"",""semantic_mismatches"":""0"",""outcomes"":{""success"":""32""},""first_scheduled_nanos"":""558"",""last_completed_nanos"":""5033154"",""elapsed_nanos"":""5032596"",""throughput"":{""completed_attempts"":""32"",""successful_responses"":""32"",""elapsed_nanos"":""5032596""}},""latency_nanos"":{""count"":""32"",""minimum"":""303739"",""median"":""385784"",""maximum"":""801545"",""p95"":""702900"",""p99"":""801545"",""mean"":""429128.15625"",""median_absolute_deviation"":""44144"",""standard_deviation"":""122015.951808""},""latency_population"":""all-dispatched-including-failures"",""all_dispatched_latency_nanos"":{""count"":""32"",""minimum"":""303739"",""median"":""385784"",""maximum"":""801545"",""p95"":""702900"",""p99"":""801545"",""mean"":""429128.15625"",""median_absolute_deviation"":""44144"",""standard_deviation"":""122015.951808""},""successful_response_latency_nanos"":{""count"":""32"",""minimum"":""303739"",""median"":""385784"",""maximum"":""801545"",""p95"":""702900"",""p99"":""801545"",""mean"":""429128.15625"",""median_absolute_deviation"":""44144"",""standard_deviation"":""122015.951808""},""outcome_latency_nanos"":{""success"":{""count"":""32"",""minimum"":""303739"",""median"":""385784"",""maximum"":""801545"",""p95"":""702900"",""p99"":""801545"",""mean"":""429128.15625"",""median_absolute_deviation"":""44144"",""standard_deviation"":""122015.951808""},""declared-error"":null,""platform-failure"":null,""transport-failure"":null,""client-timeout"":null,""client-overload"":null,""client-deadline-before-dispatch"":null,""invalid-response"":null},""all_offered_elapsed_nanos"":{""count"":""32"",""minimum"":""329250"",""median"":""419326"",""maximum"":""930423"",""p95"":""851842"",""p99"":""930423"",""mean"":""482532.46875"",""median_absolute_deviation"":""55489.5"",""standard_deviation"":""157092.041414""},""successful_response_fraction"":""1"",""dispatch_lag_nanos"":{""count"":""32"",""minimum"":""5091"",""median"":""38367"",""maximum"":""189774"",""p95"":""142005"",""p99"":""189774"",""mean"":""53404.3125"",""median_absolute_deviation"":""23692.5"",""standard_deviation"":""45028.06003""},""overshoot_nanos"":{""count"":""32"",""minimum"":""0"",""median"":""0"",""maximum"":""0"",""p95"":""0"",""p99"":""0"",""mean"":""0"",""median_absolute_deviation"":""0"",""standard_deviation"":""0""},""budget_successes"":""32"",""budget_misses"":""0"",""successes_per_second"":""6358.547358"",""attempts_per_second"":""6358.547358""}",6358.547358,6358.547358,1,32,0,6263.332825,6263.332825,303739,385784,702900,801545,801545,303739,385784,702900,801545,801545,329250,419326,851842,930423,930423,5091,38367,142005,189774,189774,0,0,0,0,0
3,3,native,8,2,density-measured,measured,echo,4,4108975,"{""attempts"":""32"",""dispatched"":""32"",""undispatched"":""0"",""received"":""32"",""successful"":""32"",""semantic_mismatches"":""0"",""outcomes"":{""success"":""32""},""first_scheduled_nanos"":""225"",""last_completed_nanos"":""4026061"",""elapsed_nanos"":""4025836"",""throughput"":{""completed_attempts"":""32"",""successful_responses"":""32"",""elapsed_nanos"":""4025836""}}","{""counts"":{""attempts"":""32"",""dispatched"":""32"",""undispatched"":""0"",""received"":""32"",""successful"":""32"",""semantic_mismatches"":""0"",""outcomes"":{""success"":""32""},""first_scheduled_nanos"":""225"",""last_completed_nanos"":""4026061"",""elapsed_nanos"":""4025836"",""throughput"":{""completed_attempts"":""32"",""successful_responses"":""32"",""elapsed_nanos"":""4025836""}},""latency_nanos"":{""count"":""32"",""minimum"":""286285"",""median"":""359260"",""maximum"":""483287"",""p95"":""476533"",""p99"":""483287"",""mean"":""364139.71875"",""median_absolute_deviation"":""40344"",""standard_deviation"":""50183.268253""},""latency_population"":""all-dispatched-including-failures"",""all_dispatched_latency_nanos"":{""count"":""32"",""minimum"":""286285"",""median"":""359260"",""maximum"":""483287"",""p95"":""476533"",""p99"":""483287"",""mean"":""364139.71875"",""median_absolute_deviation"":""40344"",""standard_deviation"":""50183.268253""},""successful_response_latency_nanos"":{""count"":""32"",""minimum"":""286285"",""median"":""359260"",""maximum"":""483287"",""p95"":""476533"",""p99"":""483287"",""mean"":""364139.71875"",""median_absolute_deviation"":""40344"",""standard_deviation"":""50183.268253""},""outcome_latency_nanos"":{""success"":{""count"":""32"",""minimum"":""286285"",""median"":""359260"",""maximum"":""483287"",""p95"":""476533"",""p99"":""483287"",""mean"":""364139.71875"",""median_absolute_deviation"":""40344"",""standard_deviation"":""50183.268253""},""declared-error"":null,""platform-failure"":null,""transport-failure"":null,""client-timeout"":null,""client-overload"":null,""client-deadline-before-dispatch"":null,""invalid-response"":null},""all_offered_elapsed_nanos"":{""count"":""32"",""minimum"":""317105"",""median"":""394357.5"",""maximum"":""544437"",""p95"":""514034"",""p99"":""544437"",""mean"":""405125.09375"",""median_absolute_deviation"":""32077.5"",""standard_deviation"":""56563.083202""},""successful_response_fraction"":""1"",""dispatch_lag_nanos"":{""count"":""32"",""minimum"":""7031"",""median"":""34732.5"",""maximum"":""140937"",""p95"":""79852"",""p99"":""140937"",""mean"":""40985.375"",""median_absolute_deviation"":""21136"",""standard_deviation"":""28074.654948""},""overshoot_nanos"":{""count"":""32"",""minimum"":""0"",""median"":""0"",""maximum"":""0"",""p95"":""0"",""p99"":""0"",""mean"":""0"",""median_absolute_deviation"":""0"",""standard_deviation"":""0""},""budget_successes"":""32"",""budget_misses"":""0"",""successes_per_second"":""7948.659608"",""attempts_per_second"":""7948.659608""}",7948.659608,7948.659608,1,32,0,7787.830298,7787.830298,286285,359260,476533,483287,483287,286285,359260,476533,483287,483287,317105,394357.5,514034,544437,544437,7031,34732.5,79852,140937,140937,0,0,0,0,0
3,4,native,32,0,first,first,echo,1,23076963,"{""attempts"":""32"",""dispatched"":""32"",""undispatched"":""0"",""received"":""32"",""successful"":""32"",""semantic_mismatches"":""0"",""outcomes"":{""success"":""32""},""first_scheduled_nanos"":""579"",""last_completed_nanos"":""22822067"",""elapsed_nanos"":""22821488"",""throughput"":{""completed_attempts"":""32"",""successful_responses"":""32"",""elapsed_nanos"":""22821488""}}","{""counts"":{""attempts"":""32"",""dispatched"":""32"",""undispatched"":""0"",""received"":""32"",""successful"":""32"",""semantic_mismatches"":""0"",""outcomes"":{""success"":""32""},""first_scheduled_nanos"":""579"",""last_completed_nanos"":""22822067"",""elapsed_nanos"":""22821488"",""throughput"":{""completed_attempts"":""32"",""successful_responses"":""32"",""elapsed_nanos"":""22821488""}},""latency_nanos"":{""count"":""32"",""minimum"":""372543"",""median"":""505437"",""maximum"":""990124"",""p95"":""865702"",""p99"":""990124"",""mean"":""544289.6875"",""median_absolute_deviation"":""65541.5"",""standard_deviation"":""139211.826165""},""latency_population"":""all-dispatched-including-failures"",""all_dispatched_latency_nanos"":{""count"":""32"",""minimum"":""372543"",""median"":""505437"",""maximum"":""990124"",""p95"":""865702"",""p99"":""990124"",""mean"":""544289.6875"",""median_absolute_deviation"":""65541.5"",""standard_deviation"":""139211.826165""},""successful_response_latency_nanos"":{""count"":""32"",""minimum"":""372543"",""median"":""505437"",""maximum"":""990124"",""p95"":""865702"",""p99"":""990124"",""mean"":""544289.6875"",""median_absolute_deviation"":""65541.5"",""standard_deviation"":""139211.826165""},""outcome_latency_nanos"":{""success"":{""count"":""32"",""minimum"":""372543"",""median"":""505437"",""maximum"":""990124"",""p95"":""865702"",""p99"":""990124"",""mean"":""544289.6875"",""median_absolute_deviation"":""65541.5"",""standard_deviation"":""139211.826165""},""declared-error"":null,""platform-failure"":null,""transport-failure"":null,""client-timeout"":null,""client-overload"":null,""client-deadline-before-dispatch"":null,""invalid-response"":null},""all_offered_elapsed_nanos"":{""count"":""32"",""minimum"":""423741"",""median"":""570493"",""maximum"":""1123206"",""p95"":""1006024"",""p99"":""1123206"",""mean"":""611506.59375"",""median_absolute_deviation"":""64995.5"",""standard_deviation"":""152693.966357""},""successful_response_fraction"":""1"",""dispatch_lag_nanos"":{""count"":""32"",""minimum"":""41776"",""median"":""58491.5"",""maximum"":""140322"",""p95"":""133082"",""p99"":""140322"",""mean"":""67216.90625"",""median_absolute_deviation"":""7626"",""standard_deviation"":""21710.861151""},""overshoot_nanos"":{""count"":""32"",""minimum"":""0"",""median"":""0"",""maximum"":""0"",""p95"":""0"",""p99"":""0"",""mean"":""0"",""median_absolute_deviation"":""0"",""standard_deviation"":""0""},""budget_successes"":""32"",""budget_misses"":""0"",""successes_per_second"":""1402.187272"",""attempts_per_second"":""1402.187272""}",1402.187272,1402.187272,1,32,0,1386.664268,1386.664268,372543,505437,865702,990124,990124,372543,505437,865702,990124,990124,423741,570493,1006024,1123206,1123206,41776,58491.5,133082,140322,140322,0,0,0,0,0
3,4,native,32,1,density-warmup,warmup,echo,4,17472721,"{""attempts"":""128"",""dispatched"":""128"",""undispatched"":""0"",""received"":""128"",""successful"":""128"",""semantic_mismatches"":""0"",""outcomes"":{""success"":""128""},""first_scheduled_nanos"":""328"",""last_completed_nanos"":""17408193"",""elapsed_nanos"":""17407865"",""throughput"":{""completed_attempts"":""128"",""successful_responses"":""128"",""elapsed_nanos"":""17407865""}}","{""counts"":{""attempts"":""128"",""dispatched"":""128"",""undispatched"":""0"",""received"":""128"",""successful"":""128"",""semantic_mismatches"":""0"",""outcomes"":{""success"":""128""},""first_scheduled_nanos"":""328"",""last_completed_nanos"":""17408193"",""elapsed_nanos"":""17407865"",""throughput"":{""completed_attempts"":""128"",""successful_responses"":""128"",""elapsed_nanos"":""17407865""}},""latency_nanos"":{""count"":""128"",""minimum"":""245158"",""median"":""381854"",""maximum"":""729320"",""p95"":""541126"",""p99"":""664998"",""mean"":""396522.546875"",""median_absolute_deviation"":""44040.5"",""standard_deviation"":""80983.257883""},""latency_population"":""all-dispatched-including-failures"",""all_dispatched_latency_nanos"":{""count"":""128"",""minimum"":""245158"",""median"":""381854"",""maximum"":""729320"",""p95"":""541126"",""p99"":""664998"",""mean"":""396522.546875"",""median_absolute_deviation"":""44040.5"",""standard_deviation"":""80983.257883""},""successful_response_latency_nanos"":{""count"":""128"",""minimum"":""245158"",""median"":""381854"",""maximum"":""729320"",""p95"":""541126"",""p99"":""664998"",""mean"":""396522.546875"",""median_absolute_deviation"":""44040.5"",""standard_deviation"":""80983.257883""},""outcome_latency_nanos"":{""success"":{""count"":""128"",""minimum"":""245158"",""median"":""381854"",""maximum"":""729320"",""p95"":""541126"",""p99"":""664998"",""mean"":""396522.546875"",""median_absolute_deviation"":""44040.5"",""standard_deviation"":""80983.257883""},""declared-error"":null,""platform-failure"":null,""transport-failure"":null,""client-timeout"":null,""client-overload"":null,""client-deadline-before-dispatch"":null,""invalid-response"":null},""all_offered_elapsed_nanos"":{""count"":""128"",""minimum"":""279836"",""median"":""421242.5"",""maximum"":""817333"",""p95"":""590438"",""p99"":""745502"",""mean"":""435897.59375"",""median_absolute_deviation"":""43269"",""standard_deviation"":""90339.568132""},""successful_response_fraction"":""1"",""dispatch_lag_nanos"":{""count"":""128"",""minimum"":""6308"",""median"":""35546"",""maximum"":""149893"",""p95"":""88701"",""p99"":""129521"",""mean"":""39375.046875"",""median_absolute_deviation"":""16383"",""standard_deviation"":""25777.247052""},""overshoot_nanos"":{""count"":""128"",""minimum"":""0"",""median"":""0"",""maximum"":""0"",""p95"":""0"",""p99"":""0"",""mean"":""0"",""median_absolute_deviation"":""0"",""standard_deviation"":""0""},""budget_successes"":""128"",""budget_misses"":""0"",""successes_per_second"":""7352.998199"",""attempts_per_second"":""7352.998199""}",7352.998199,7352.998199,1,128,0,7325.705023,7325.705023,245158,381854,541126,664998,729320,245158,381854,541126,664998,729320,279836,421242.5,590438,745502,817333,6308,35546,88701,129521,149893,0,0,0,0,0
3,4,native,32,2,density-measured,measured,echo,4,17851759,"{""attempts"":""128"",""dispatched"":""128"",""undispatched"":""0"",""received"":""128"",""successful"":""128"",""semantic_mismatches"":""0"",""outcomes"":{""success"":""128""},""first_scheduled_nanos"":""214"",""last_completed_nanos"":""17790934"",""elapsed_nanos"":""17790720"",""throughput"":{""completed_attempts"":""128"",""successful_responses"":""128"",""elapsed_nanos"":""17790720""}}","{""counts"":{""attempts"":""128"",""dispatched"":""128"",""undispatched"":""0"",""received"":""128"",""successful"":""128"",""semantic_mismatches"":""0"",""outcomes"":{""success"":""128""},""first_scheduled_nanos"":""214"",""last_completed_nanos"":""17790934"",""elapsed_nanos"":""17790720"",""throughput"":{""completed_attempts"":""128"",""successful_responses"":""128"",""elapsed_nanos"":""17790720""}},""latency_nanos"":{""count"":""128"",""minimum"":""276022"",""median"":""379327"",""maximum"":""841580"",""p95"":""554134"",""p99"":""805468"",""mean"":""402334.882812"",""median_absolute_deviation"":""35571.5"",""standard_deviation"":""94191.132714""},""latency_population"":""all-dispatched-including-failures"",""all_dispatched_latency_nanos"":{""count"":""128"",""minimum"":""276022"",""median"":""379327"",""maximum"":""841580"",""p95"":""554134"",""p99"":""805468"",""mean"":""402334.882812"",""median_absolute_deviation"":""35571.5"",""standard_deviation"":""94191.132714""},""successful_response_latency_nanos"":{""count"":""128"",""minimum"":""276022"",""median"":""379327"",""maximum"":""841580"",""p95"":""554134"",""p99"":""805468"",""mean"":""402334.882812"",""median_absolute_deviation"":""35571.5"",""standard_deviation"":""94191.132714""},""outcome_latency_nanos"":{""success"":{""count"":""128"",""minimum"":""276022"",""median"":""379327"",""maximum"":""841580"",""p95"":""554134"",""p99"":""805468"",""mean"":""402334.882812"",""median_absolute_deviation"":""35571.5"",""standard_deviation"":""94191.132714""},""declared-error"":null,""platform-failure"":null,""transport-failure"":null,""client-timeout"":null,""client-overload"":null,""client-deadline-before-dispatch"":null,""invalid-response"":null},""all_offered_elapsed_nanos"":{""count"":""128"",""minimum"":""307778"",""median"":""425276.5"",""maximum"":""870962"",""p95"":""625673"",""p99"":""866057"",""mean"":""448162.148438"",""median_absolute_deviation"":""43551"",""standard_deviation"":""101419.524471""},""successful_response_fraction"":""1"",""dispatch_lag_nanos"":{""count"":""128"",""minimum"":""5957"",""median"":""41844"",""maximum"":""278293"",""p95"":""87878"",""p99"":""165695"",""mean"":""45827.265625"",""median_absolute_deviation"":""20614"",""standard_deviation"":""33323.061803""},""overshoot_nanos"":{""count"":""128"",""minimum"":""0"",""median"":""0"",""maximum"":""0"",""p95"":""0"",""p99"":""0"",""mean"":""0"",""median_absolute_deviation"":""0"",""standard_deviation"":""0""},""budget_successes"":""128"",""budget_misses"":""0"",""successes_per_second"":""7194.762213"",""attempts_per_second"":""7194.762213""}",7194.762213,7194.762213,1,128,0,7170.161775,7170.161775,276022,379327,554134,805468,841580,276022,379327,554134,805468,841580,307778,425276.5,625673,866057,870962,5957,41844,87878,165695,278293,0,0,0,0,0
3,5,lsf,32,0,first,first,echo,1,1159671562,"{""attempts"":""32"",""dispatched"":""32"",""undispatched"":""0"",""received"":""32"",""successful"":""32"",""semantic_mismatches"":""0"",""outcomes"":{""success"":""32""},""first_scheduled_nanos"":""357"",""last_completed_nanos"":""1159473425"",""elapsed_nanos"":""1159473068"",""throughput"":{""completed_attempts"":""32"",""successful_responses"":""32"",""elapsed_nanos"":""1159473068""}}","{""counts"":{""attempts"":""32"",""dispatched"":""32"",""undispatched"":""0"",""received"":""32"",""successful"":""32"",""semantic_mismatches"":""0"",""outcomes"":{""success"":""32""},""first_scheduled_nanos"":""357"",""last_completed_nanos"":""1159473425"",""elapsed_nanos"":""1159473068"",""throughput"":{""completed_attempts"":""32"",""successful_responses"":""32"",""elapsed_nanos"":""1159473068""}},""latency_nanos"":{""count"":""32"",""minimum"":""31573132"",""median"":""34547847.5"",""maximum"":""63454775"",""p95"":""40339964"",""p99"":""63454775"",""mean"":""35887882.46875"",""median_absolute_deviation"":""1340049"",""standard_deviation"":""5346884.050862""},""latency_population"":""all-dispatched-including-failures"",""all_dispatched_latency_nanos"":{""count"":""32"",""minimum"":""31573132"",""median"":""34547847.5"",""maximum"":""63454775"",""p95"":""40339964"",""p99"":""63454775"",""mean"":""35887882.46875"",""median_absolute_deviation"":""1340049"",""standard_deviation"":""5346884.050862""},""successful_response_latency_nanos"":{""count"":""32"",""minimum"":""31573132"",""median"":""34547847.5"",""maximum"":""63454775"",""p95"":""40339964"",""p99"":""63454775"",""mean"":""35887882.46875"",""median_absolute_deviation"":""1340049"",""standard_deviation"":""5346884.050862""},""outcome_latency_nanos"":{""success"":{""count"":""32"",""minimum"":""31573132"",""median"":""34547847.5"",""maximum"":""63454775"",""p95"":""40339964"",""p99"":""63454775"",""mean"":""35887882.46875"",""median_absolute_deviation"":""1340049"",""standard_deviation"":""5346884.050862""},""declared-error"":null,""platform-failure"":null,""transport-failure"":null,""client-timeout"":null,""client-overload"":null,""client-deadline-before-dispatch"":null,""invalid-response"":null},""all_offered_elapsed_nanos"":{""count"":""32"",""minimum"":""31689908"",""median"":""34694134.5"",""maximum"":""63597244"",""p95"":""40606838"",""p99"":""63597244"",""mean"":""36031554.15625"",""median_absolute_deviation"":""1383416.5"",""standard_deviation"":""5350649.587996""},""successful_response_fraction"":""1"",""dispatch_lag_nanos"":{""count"":""32"",""minimum"":""63821"",""median"":""126932"",""maximum"":""307778"",""p95"":""266874"",""p99"":""307778"",""mean"":""143671.6875"",""median_absolute_deviation"":""43198.5"",""standard_deviation"":""64937.095212""},""overshoot_nanos"":{""count"":""32"",""minimum"":""0"",""median"":""0"",""maximum"":""0"",""p95"":""0"",""p99"":""0"",""mean"":""0"",""median_absolute_deviation"":""0"",""standard_deviation"":""0""},""budget_successes"":""32"",""budget_misses"":""0"",""successes_per_second"":""27.598744"",""attempts_per_second"":""27.598744""}",27.598744,27.598744,1,32,0,27.59402,27.59402,31573132,34547847.5,40339964,63454775,63454775,31573132,34547847.5,40339964,63454775,63454775,31689908,34694134.5,40606838,63597244,63597244,63821,126932,266874,307778,307778,0,0,0,0,0
3,5,lsf,32,1,density-warmup,warmup,echo,4,35157225,"{""attempts"":""128"",""dispatched"":""128"",""undispatched"":""0"",""received"":""128"",""successful"":""128"",""semantic_mismatches"":""0"",""outcomes"":{""success"":""128""},""first_scheduled_nanos"":""708"",""last_completed_nanos"":""35060668"",""elapsed_nanos"":""35059960"",""throughput"":{""completed_attempts"":""128"",""successful_responses"":""128"",""elapsed_nanos"":""35059960""}}","{""counts"":{""attempts"":""128"",""dispatched"":""128"",""undispatched"":""0"",""received"":""128"",""successful"":""128"",""semantic_mismatches"":""0"",""outcomes"":{""success"":""128""},""first_scheduled_nanos"":""708"",""last_completed_nanos"":""35060668"",""elapsed_nanos"":""35059960"",""throughput"":{""completed_attempts"":""128"",""successful_responses"":""128"",""elapsed_nanos"":""35059960""}},""latency_nanos"":{""count"":""128"",""minimum"":""521109"",""median"":""864794.5"",""maximum"":""2438056"",""p95"":""1460909"",""p99"":""2097125"",""mean"":""923362.578125"",""median_absolute_deviation"":""158143"",""standard_deviation"":""291902.465136""},""latency_population"":""all-dispatched-including-failures"",""all_dispatched_latency_nanos"":{""count"":""128"",""minimum"":""521109"",""median"":""864794.5"",""maximum"":""2438056"",""p95"":""1460909"",""p99"":""2097125"",""mean"":""923362.578125"",""median_absolute_deviation"":""158143"",""standard_deviation"":""291902.465136""},""successful_response_latency_nanos"":{""count"":""128"",""minimum"":""521109"",""median"":""864794.5"",""maximum"":""2438056"",""p95"":""1460909"",""p99"":""2097125"",""mean"":""923362.578125"",""median_absolute_deviation"":""158143"",""standard_deviation"":""291902.465136""},""outcome_latency_nanos"":{""success"":{""count"":""128"",""minimum"":""521109"",""median"":""864794.5"",""maximum"":""2438056"",""p95"":""1460909"",""p99"":""2097125"",""mean"":""923362.578125"",""median_absolute_deviation"":""158143"",""standard_deviation"":""291902.465136""},""declared-error"":null,""platform-failure"":null,""transport-failure"":null,""client-timeout"":null,""client-overload"":null,""client-deadline-before-dispatch"":null,""invalid-response"":null},""all_offered_elapsed_nanos"":{""count"":""128"",""minimum"":""567451"",""median"":""909052.5"",""maximum"":""2607806"",""p95"":""1522218"",""p99"":""2279393"",""mean"":""977487.15625"",""median_absolute_deviation"":""163306"",""standard_deviation"":""309185.166237""},""successful_response_fraction"":""1"",""dispatch_lag_nanos"":{""count"":""128"",""minimum"":""7698"",""median"":""52991.5"",""maximum"":""196594"",""p95"":""93290"",""p99"":""182268"",""mean"":""54124.578125"",""median_absolute_deviation"":""11485"",""standard_deviation"":""29210.264087""},""overshoot_nanos"":{""count"":""128"",""minimum"":""0"",""median"":""0"",""maximum"":""0"",""p95"":""0"",""p99"":""0"",""mean"":""0"",""median_absolute_deviation"":""0"",""standard_deviation"":""0""},""budget_successes"":""128"",""budget_misses"":""0"",""successes_per_second"":""3650.888364"",""attempts_per_second"":""3650.888364""}",3650.888364,3650.888364,1,128,0,3640.787918,3640.787918,521109,864794.5,1460909,2097125,2438056,521109,864794.5,1460909,2097125,2438056,567451,909052.5,1522218,2279393,2607806,7698,52991.5,93290,182268,196594,0,0,0,0,0
3,5,lsf,32,2,density-measured,measured,echo,4,34540574,"{""attempts"":""128"",""dispatched"":""128"",""undispatched"":""0"",""received"":""128"",""successful"":""128"",""semantic_mismatches"":""0"",""outcomes"":{""success"":""128""},""first_scheduled_nanos"":""516"",""last_completed_nanos"":""34455859"",""elapsed_nanos"":""34455343"",""throughput"":{""completed_attempts"":""128"",""successful_responses"":""128"",""elapsed_nanos"":""34455343""}}","{""counts"":{""attempts"":""128"",""dispatched"":""128"",""undispatched"":""0"",""received"":""128"",""successful"":""128"",""semantic_mismatches"":""0"",""outcomes"":{""success"":""128""},""first_scheduled_nanos"":""516"",""last_completed_nanos"":""34455859"",""elapsed_nanos"":""34455343"",""throughput"":{""completed_attempts"":""128"",""successful_responses"":""128"",""elapsed_nanos"":""34455343""}},""latency_nanos"":{""count"":""128"",""minimum"":""526148"",""median"":""867403.5"",""maximum"":""1838844"",""p95"":""1498102"",""p99"":""1741028"",""mean"":""919315.28125"",""median_absolute_deviation"":""140587.5"",""standard_deviation"":""265547.336353""},""latency_population"":""all-dispatched-including-failures"",""all_dispatched_latency_nanos"":{""count"":""128"",""minimum"":""526148"",""median"":""867403.5"",""maximum"":""1838844"",""p95"":""1498102"",""p99"":""1741028"",""mean"":""919315.28125"",""median_absolute_deviation"":""140587.5"",""standard_deviation"":""265547.336353""},""successful_response_latency_nanos"":{""count"":""128"",""minimum"":""526148"",""median"":""867403.5"",""maximum"":""1838844"",""p95"":""1498102"",""p99"":""1741028"",""mean"":""919315.28125"",""median_absolute_deviation"":""140587.5"",""standard_deviation"":""265547.336353""},""outcome_latency_nanos"":{""success"":{""count"":""128"",""minimum"":""526148"",""median"":""867403.5"",""maximum"":""1838844"",""p95"":""1498102"",""p99"":""1741028"",""mean"":""919315.28125"",""median_absolute_deviation"":""140587.5"",""standard_deviation"":""265547.336353""},""declared-error"":null,""platform-failure"":null,""transport-failure"":null,""client-timeout"":null,""client-overload"":null,""client-deadline-before-dispatch"":null,""invalid-response"":null},""all_offered_elapsed_nanos"":{""count"":""128"",""minimum"":""592514"",""median"":""904300.5"",""maximum"":""1904841"",""p95"":""1587572"",""p99"":""1798759"",""mean"":""969704.898438"",""median_absolute_deviation"":""131801"",""standard_deviation"":""270356.542302""},""successful_response_fraction"":""1"",""dispatch_lag_nanos"":{""count"":""128"",""minimum"":""5380"",""median"":""51843.5"",""maximum"":""168440"",""p95"":""94448"",""p99"":""122075"",""mean"":""50389.617188"",""median_absolute_deviation"":""8566.5"",""standard_deviation"":""24620.330331""},""overshoot_nanos"":{""count"":""128"",""minimum"":""0"",""median"":""0"",""maximum"":""0"",""p95"":""0"",""p99"":""0"",""mean"":""0"",""median_absolute_deviation"":""0"",""standard_deviation"":""0""},""budget_successes"":""128"",""budget_misses"":""0"",""successes_per_second"":""3714.953585"",""attempts_per_second"":""3714.953585""}",3714.953585,3714.953585,1,128,0,3705.786708,3705.786708,526148,867403.5,1498102,1741028,1838844,526148,867403.5,1498102,1741028,1838844,592514,904300.5,1587572,1798759,1904841,5380,51843.5,94448,122075,168440,0,0,0,0,0
4,0,lsf,8,0,first,first,echo,1,284223920,"{""attempts"":""8"",""dispatched"":""8"",""undispatched"":""0"",""received"":""8"",""successful"":""8"",""semantic_mismatches"":""0"",""outcomes"":{""success"":""8""},""first_scheduled_nanos"":""554"",""last_completed_nanos"":""283930269"",""elapsed_nanos"":""283929715"",""throughput"":{""completed_attempts"":""8"",""successful_responses"":""8"",""elapsed_nanos"":""283929715""}}","{""counts"":{""attempts"":""8"",""dispatched"":""8"",""undispatched"":""0"",""received"":""8"",""successful"":""8"",""semantic_mismatches"":""0"",""outcomes"":{""success"":""8""},""first_scheduled_nanos"":""554"",""last_completed_nanos"":""283930269"",""elapsed_nanos"":""283929715"",""throughput"":{""completed_attempts"":""8"",""successful_responses"":""8"",""elapsed_nanos"":""283929715""}},""latency_nanos"":{""count"":""8"",""minimum"":""32786210"",""median"":""35633887.5"",""maximum"":""36995660"",""p95"":""36995660"",""p99"":""36995660"",""mean"":""35173751.75"",""median_absolute_deviation"":""983809"",""standard_deviation"":""1349162.969644""},""latency_population"":""all-dispatched-including-failures"",""all_dispatched_latency_nanos"":{""count"":""8"",""minimum"":""32786210"",""median"":""35633887.5"",""maximum"":""36995660"",""p95"":""36995660"",""p99"":""36995660"",""mean"":""35173751.75"",""median_absolute_deviation"":""983809"",""standard_deviation"":""1349162.969644""},""successful_response_latency_nanos"":{""count"":""8"",""minimum"":""32786210"",""median"":""35633887.5"",""maximum"":""36995660"",""p95"":""36995660"",""p99"":""36995660"",""mean"":""35173751.75"",""median_absolute_deviation"":""983809"",""standard_deviation"":""1349162.969644""},""outcome_latency_nanos"":{""success"":{""count"":""8"",""minimum"":""32786210"",""median"":""35633887.5"",""maximum"":""36995660"",""p95"":""36995660"",""p99"":""36995660"",""mean"":""35173751.75"",""median_absolute_deviation"":""983809"",""standard_deviation"":""1349162.969644""},""declared-error"":null,""platform-failure"":null,""transport-failure"":null,""client-timeout"":null,""client-overload"":null,""client-deadline-before-dispatch"":null,""invalid-response"":null},""all_offered_elapsed_nanos"":{""count"":""8"",""minimum"":""32905798"",""median"":""35794116"",""maximum"":""37069690"",""p95"":""37069690"",""p99"":""37069690"",""mean"":""35296937.125"",""median_absolute_deviation"":""911463"",""standard_deviation"":""1342983.77535""},""successful_response_fraction"":""1"",""dispatch_lag_nanos"":{""count"":""8"",""minimum"":""74030"",""median"":""114828.5"",""maximum"":""185839"",""p95"":""185839"",""p99"":""185839"",""mean"":""123185.375"",""median_absolute_deviation"":""16773"",""standard_deviation"":""35364.908942""},""overshoot_nanos"":{""count"":""8"",""minimum"":""0"",""median"":""0"",""maximum"":""0"",""p95"":""0"",""p99"":""0"",""mean"":""0"",""median_absolute_deviation"":""0"",""standard_deviation"":""0""},""budget_successes"":""8"",""budget_misses"":""0"",""successes_per_second"":""28.175987"",""attempts_per_second"":""28.175987""}",28.175987,28.175987,1,8,0,28.146822,28.146822,32786210,35633887.5,36995660,36995660,36995660,32786210,35633887.5,36995660,36995660,36995660,32905798,35794116,37069690,37069690,37069690,74030,114828.5,185839,185839,185839,0,0,0,0,0
4,0,lsf,8,1,density-warmup,warmup,echo,4,10071283,"{""attempts"":""32"",""dispatched"":""32"",""undispatched"":""0"",""received"":""32"",""successful"":""32"",""semantic_mismatches"":""0"",""outcomes"":{""success"":""32""},""first_scheduled_nanos"":""312"",""last_completed_nanos"":""10001670"",""elapsed_nanos"":""10001358"",""throughput"":{""completed_attempts"":""32"",""successful_responses"":""32"",""elapsed_nanos"":""10001358""}}","{""counts"":{""attempts"":""32"",""dispatched"":""32"",""undispatched"":""0"",""received"":""32"",""successful"":""32"",""semantic_mismatches"":""0"",""outcomes"":{""success"":""32""},""first_scheduled_nanos"":""312"",""last_completed_nanos"":""10001670"",""elapsed_nanos"":""10001358"",""throughput"":{""completed_attempts"":""32"",""successful_responses"":""32"",""elapsed_nanos"":""10001358""}},""latency_nanos"":{""count"":""32"",""minimum"":""640284"",""median"":""836737"",""maximum"":""1917967"",""p95"":""1871791"",""p99"":""1917967"",""mean"":""1014210.5625"",""median_absolute_deviation"":""145700"",""standard_deviation"":""397122.336657""},""latency_population"":""all-dispatched-including-failures"",""all_dispatched_latency_nanos"":{""count"":""32"",""minimum"":""640284"",""median"":""836737"",""maximum"":""1917967"",""p95"":""1871791"",""p99"":""1917967"",""mean"":""1014210.5625"",""median_absolute_deviation"":""145700"",""standard_deviation"":""397122.336657""},""successful_response_latency_nanos"":{""count"":""32"",""minimum"":""640284"",""median"":""836737"",""maximum"":""1917967"",""p95"":""1871791"",""p99"":""1917967"",""mean"":""1014210.5625"",""median_absolute_deviation"":""145700"",""standard_deviation"":""397122.336657""},""outcome_latency_nanos"":{""success"":{""count"":""32"",""minimum"":""640284"",""median"":""836737"",""maximum"":""1917967"",""p95"":""1871791"",""p99"":""1917967"",""mean"":""1014210.5625"",""median_absolute_deviation"":""145700"",""standard_deviation"":""397122.336657""},""declared-error"":null,""platform-failure"":null,""transport-failure"":null,""client-timeout"":null,""client-overload"":null,""client-deadline-before-dispatch"":null,""invalid-response"":null},""all_offered_elapsed_nanos"":{""count"":""32"",""minimum"":""703127"",""median"":""885986"",""maximum"":""1963332"",""p95"":""1960282"",""p99"":""1963332"",""mean"":""1076796.03125"",""median_absolute_deviation"":""138648"",""standard_deviation"":""409438.314373""},""successful_response_fraction"":""1"",""dispatch_lag_nanos"":{""count"":""32"",""minimum"":""14979"",""median"":""62551"",""maximum"":""150748"",""p95"":""118131"",""p99"":""150748"",""mean"":""62585.46875"",""median_absolute_deviation"":""17681"",""standard_deviation"":""29986.929246""},""overshoot_nanos"":{""count"":""32"",""minimum"":""0"",""median"":""0"",""maximum"":""0"",""p95"":""0"",""p99"":""0"",""mean"":""0"",""median_absolute_deviation"":""0"",""standard_deviation"":""0""},""budget_successes"":""32"",""budget_misses"":""0"",""successes_per_second"":""3199.565499"",""attempts_per_second"":""3199.565499""}",3199.565499,3199.565499,1,32,0,3177.35089,3177.35089,640284,836737,1871791,1917967,1917967,640284,836737,1871791,1917967,1917967,703127,885986,1960282,1963332,1963332,14979,62551,118131,150748,150748,0,0,0,0,0
4,0,lsf,8,2,density-measured,measured,echo,4,8537875,"{""attempts"":""32"",""dispatched"":""32"",""undispatched"":""0"",""received"":""32"",""successful"":""32"",""semantic_mismatches"":""0"",""outcomes"":{""success"":""32""},""first_scheduled_nanos"":""293"",""last_completed_nanos"":""8439975"",""elapsed_nanos"":""8439682"",""throughput"":{""completed_attempts"":""32"",""successful_responses"":""32"",""elapsed_nanos"":""8439682""}}","{""counts"":{""attempts"":""32"",""dispatched"":""32"",""undispatched"":""0"",""received"":""32"",""successful"":""32"",""semantic_mismatches"":""0"",""outcomes"":{""success"":""32""},""first_scheduled_nanos"":""293"",""last_completed_nanos"":""8439975"",""elapsed_nanos"":""8439682"",""throughput"":{""completed_attempts"":""32"",""successful_responses"":""32"",""elapsed_nanos"":""8439682""}},""latency_nanos"":{""count"":""32"",""minimum"":""578125"",""median"":""763531"",""maximum"":""1347200"",""p95"":""1239588"",""p99"":""1347200"",""mean"":""823528.625"",""median_absolute_deviation"":""108166.5"",""standard_deviation"":""191214.767314""},""latency_population"":""all-dispatched-including-failures"",""all_dispatched_latency_nanos"":{""count"":""32"",""minimum"":""578125"",""median"":""763531"",""maximum"":""1347200"",""p95"":""1239588"",""p99"":""1347200"",""mean"":""823528.625"",""median_absolute_deviation"":""108166.5"",""standard_deviation"":""191214.767314""},""successful_response_latency_nanos"":{""count"":""32"",""minimum"":""578125"",""median"":""763531"",""maximum"":""1347200"",""p95"":""1239588"",""p99"":""1347200"",""mean"":""823528.625"",""median_absolute_deviation"":""108166.5"",""standard_deviation"":""191214.767314""},""outcome_latency_nanos"":{""success"":{""count"":""32"",""minimum"":""578125"",""median"":""763531"",""maximum"":""1347200"",""p95"":""1239588"",""p99"":""1347200"",""mean"":""823528.625"",""median_absolute_deviation"":""108166.5"",""standard_deviation"":""191214.767314""},""declared-error"":null,""platform-failure"":null,""transport-failure"":null,""client-timeout"":null,""client-overload"":null,""client-deadline-before-dispatch"":null,""invalid-response"":null},""all_offered_elapsed_nanos"":{""count"":""32"",""minimum"":""643144"",""median"":""818735"",""maximum"":""1424852"",""p95"":""1421856"",""p99"":""1424852"",""mean"":""888870.96875"",""median_absolute_deviation"":""116936"",""standard_deviation"":""201295.711733""},""successful_response_fraction"":""1"",""dispatch_lag_nanos"":{""count"":""32"",""minimum"":""9078"",""median"":""61466.5"",""maximum"":""182268"",""p95"":""127991"",""p99"":""182268"",""mean"":""65342.34375"",""median_absolute_deviation"":""24603.5"",""standard_deviation"":""38063.304846""},""overshoot_nanos"":{""count"":""32"",""minimum"":""0"",""median"":""0"",""maximum"":""0"",""p95"":""0"",""p99"":""0"",""mean"":""0"",""median_absolute_deviation"":""0"",""standard_deviation"":""0""},""budget_successes"":""32"",""budget_misses"":""0"",""successes_per_second"":""3791.612054"",""attempts_per_second"":""3791.612054""}",3791.612054,3791.612054,1,32,0,3748.005212,3748.005212,578125,763531,1239588,1347200,1347200,578125,763531,1239588,1347200,1347200,643144,818735,1421856,1424852,1424852,9078,61466.5,127991,182268,182268,0,0,0,0,0
4,1,native,8,0,first,first,echo,1,6443668,"{""attempts"":""8"",""dispatched"":""8"",""undispatched"":""0"",""received"":""8"",""successful"":""8"",""semantic_mismatches"":""0"",""outcomes"":{""success"":""8""},""first_scheduled_nanos"":""446"",""last_completed_nanos"":""6331935"",""elapsed_nanos"":""6331489"",""throughput"":{""completed_attempts"":""8"",""successful_responses"":""8"",""elapsed_nanos"":""6331489""}}","{""counts"":{""attempts"":""8"",""dispatched"":""8"",""undispatched"":""0"",""received"":""8"",""successful"":""8"",""semantic_mismatches"":""0"",""outcomes"":{""success"":""8""},""first_scheduled_nanos"":""446"",""last_completed_nanos"":""6331935"",""elapsed_nanos"":""6331489"",""throughput"":{""completed_attempts"":""8"",""successful_responses"":""8"",""elapsed_nanos"":""6331489""}},""latency_nanos"":{""count"":""8"",""minimum"":""384737"",""median"":""574765.5"",""maximum"":""780641"",""p95"":""780641"",""p99"":""780641"",""mean"":""612643.5"",""median_absolute_deviation"":""94238"",""standard_deviation"":""127944.910147""},""latency_population"":""all-dispatched-including-failures"",""all_dispatched_latency_nanos"":{""count"":""8"",""minimum"":""384737"",""median"":""574765.5"",""maximum"":""780641"",""p95"":""780641"",""p99"":""780641"",""mean"":""612643.5"",""median_absolute_deviation"":""94238"",""standard_deviation"":""127944.910147""},""successful_response_latency_nanos"":{""count"":""8"",""minimum"":""384737"",""median"":""574765.5"",""maximum"":""780641"",""p95"":""780641"",""p99"":""780641"",""mean"":""612643.5"",""median_absolute_deviation"":""94238"",""standard_deviation"":""127944.910147""},""outcome_latency_nanos"":{""success"":{""count"":""8"",""minimum"":""384737"",""median"":""574765.5"",""maximum"":""780641"",""p95"":""780641"",""p99"":""780641"",""mean"":""612643.5"",""median_absolute_deviation"":""94238"",""standard_deviation"":""127944.910147""},""declared-error"":null,""platform-failure"":null,""transport-failure"":null,""client-timeout"":null,""client-overload"":null,""client-deadline-before-dispatch"":null,""invalid-response"":null},""all_offered_elapsed_nanos"":{""count"":""8"",""minimum"":""438751"",""median"":""635471.5"",""maximum"":""916105"",""p95"":""916105"",""p99"":""916105"",""mean"":""683446"",""median_absolute_deviation"":""97219"",""standard_deviation"":""144585.692879""},""successful_response_fraction"":""1"",""dispatch_lag_nanos"":{""count"":""8"",""minimum"":""46694"",""median"":""61219"",""maximum"":""137861"",""p95"":""137861"",""p99"":""137861"",""mean"":""70802.5"",""median_absolute_deviation"":""8311"",""standard_deviation"":""26797.85622""},""overshoot_nanos"":{""count"":""8"",""minimum"":""0"",""median"":""0"",""maximum"":""0"",""p95"":""0"",""p99"":""0"",""mean"":""0"",""median_absolute_deviation"":""0"",""standard_deviation"":""0""},""budget_successes"":""8"",""budget_misses"":""0"",""successes_per_second"":""1263.525847"",""attempts_per_second"":""1263.525847""}",1263.525847,1263.525847,1,8,0,1241.528893,1241.528893,384737,574765.5,780641,780641,780641,384737,574765.5,780641,780641,780641,438751,635471.5,916105,916105,916105,46694,61219,137861,137861,137861,0,0,0,0,0
4,1,native,8,1,density-warmup,warmup,echo,4,5048467,"{""attempts"":""32"",""dispatched"":""32"",""undispatched"":""0"",""received"":""32"",""successful"":""32"",""semantic_mismatches"":""0"",""outcomes"":{""success"":""32""},""first_scheduled_nanos"":""393"",""last_completed_nanos"":""4968831"",""elapsed_nanos"":""4968438"",""throughput"":{""completed_attempts"":""32"",""successful_responses"":""32"",""elapsed_nanos"":""4968438""}}","{""counts"":{""attempts"":""32"",""dispatched"":""32"",""undispatched"":""0"",""received"":""32"",""successful"":""32"",""semantic_mismatches"":""0"",""outcomes"":{""success"":""32""},""first_scheduled_nanos"":""393"",""last_completed_nanos"":""4968831"",""elapsed_nanos"":""4968438"",""throughput"":{""completed_attempts"":""32"",""successful_responses"":""32"",""elapsed_nanos"":""4968438""}},""latency_nanos"":{""count"":""32"",""minimum"":""319006"",""median"":""425942"",""maximum"":""702303"",""p95"":""646560"",""p99"":""702303"",""mean"":""448156.40625"",""median_absolute_deviation"":""56118"",""standard_deviation"":""96194.379173""},""latency_population"":""all-dispatched-including-failures"",""all_dispatched_latency_nanos"":{""count"":""32"",""minimum"":""319006"",""median"":""425942"",""maximum"":""702303"",""p95"":""646560"",""p99"":""702303"",""mean"":""448156.40625"",""median_absolute_deviation"":""56118"",""standard_deviation"":""96194.379173""},""successful_response_latency_nanos"":{""count"":""32"",""minimum"":""319006"",""median"":""425942"",""maximum"":""702303"",""p95"":""646560"",""p99"":""702303"",""mean"":""448156.40625"",""median_absolute_deviation"":""56118"",""standard_deviation"":""96194.379173""},""outcome_latency_nanos"":{""success"":{""count"":""32"",""minimum"":""319006"",""median"":""425942"",""maximum"":""702303"",""p95"":""646560"",""p99"":""702303"",""mean"":""448156.40625"",""median_absolute_deviation"":""56118"",""standard_deviation"":""96194.379173""},""declared-error"":null,""platform-failure"":null,""transport-failure"":null,""client-timeout"":null,""client-overload"":null,""client-deadline-before-dispatch"":null,""invalid-response"":null},""all_offered_elapsed_nanos"":{""count"":""32"",""minimum"":""358477"",""median"":""457341.5"",""maximum"":""832953"",""p95"":""825477"",""p99"":""832953"",""mean"":""512383.28125"",""median_absolute_deviation"":""53136.5"",""standard_deviation"":""138111.049133""},""successful_response_fraction"":""1"",""dispatch_lag_nanos"":{""count"":""32"",""minimum"":""6859"",""median"":""44609"",""maximum"":""272838"",""p95"":""258427"",""p99"":""272838"",""mean"":""64226.875"",""median_absolute_deviation"":""16956"",""standard_deviation"":""61469.366014""},""overshoot_nanos"":{""count"":""32"",""minimum"":""0"",""median"":""0"",""maximum"":""0"",""p95"":""0"",""p99"":""0"",""mean"":""0"",""median_absolute_deviation"":""0"",""standard_deviation"":""0""},""budget_successes"":""32"",""budget_misses"":""0"",""successes_per_second"":""6440.655997"",""attempts_per_second"":""6440.655997""}",6440.655997,6440.655997,1,32,0,6338.557824,6338.557824,319006,425942,646560,702303,702303,319006,425942,646560,702303,702303,358477,457341.5,825477,832953,832953,6859,44609,258427,272838,272838,0,0,0,0,0
4,1,native,8,2,density-measured,measured,echo,4,4344093,"{""attempts"":""32"",""dispatched"":""32"",""undispatched"":""0"",""received"":""32"",""successful"":""32"",""semantic_mismatches"":""0"",""outcomes"":{""success"":""32""},""first_scheduled_nanos"":""292"",""last_completed_nanos"":""4256192"",""elapsed_nanos"":""4255900"",""throughput"":{""completed_attempts"":""32"",""successful_responses"":""32"",""elapsed_nanos"":""4255900""}}","{""counts"":{""attempts"":""32"",""dispatched"":""32"",""undispatched"":""0"",""received"":""32"",""successful"":""32"",""semantic_mismatches"":""0"",""outcomes"":{""success"":""32""},""first_scheduled_nanos"":""292"",""last_completed_nanos"":""4256192"",""elapsed_nanos"":""4255900"",""throughput"":{""completed_attempts"":""32"",""successful_responses"":""32"",""elapsed_nanos"":""4255900""}},""latency_nanos"":{""count"":""32"",""minimum"":""285115"",""median"":""355645.5"",""maximum"":""477947"",""p95"":""453184"",""p99"":""477947"",""mean"":""367645.09375"",""median_absolute_deviation"":""35820.5"",""standard_deviation"":""49845.229881""},""latency_population"":""all-dispatched-including-failures"",""all_dispatched_latency_nanos"":{""count"":""32"",""minimum"":""285115"",""median"":""355645.5"",""maximum"":""477947"",""p95"":""453184"",""p99"":""477947"",""mean"":""367645.09375"",""median_absolute_deviation"":""35820.5"",""standard_deviation"":""49845.229881""},""successful_response_latency_nanos"":{""count"":""32"",""minimum"":""285115"",""median"":""355645.5"",""maximum"":""477947"",""p95"":""453184"",""p99"":""477947"",""mean"":""367645.09375"",""median_absolute_deviation"":""35820.5"",""standard_deviation"":""49845.229881""},""outcome_latency_nanos"":{""success"":{""count"":""32"",""minimum"":""285115"",""median"":""355645.5"",""maximum"":""477947"",""p95"":""453184"",""p99"":""477947"",""mean"":""367645.09375"",""median_absolute_deviation"":""35820.5"",""standard_deviation"":""49845.229881""},""declared-error"":null,""platform-failure"":null,""transport-failure"":null,""client-timeout"":null,""client-overload"":null,""client-deadline-before-dispatch"":null,""invalid-response"":null},""all_offered_elapsed_nanos"":{""count"":""32"",""minimum"":""316485"",""median"":""394236"",""maximum"":""545543"",""p95"":""525631"",""p99"":""545543"",""mean"":""410193"",""median_absolute_deviation"":""42906.5"",""standard_deviation"":""61412.313878""},""successful_response_fraction"":""1"",""dispatch_lag_nanos"":{""count"":""32"",""minimum"":""11674"",""median"":""40789.5"",""maximum"":""75591"",""p95"":""74386"",""p99"":""75591"",""mean"":""42547.90625"",""median_absolute_deviation"":""15981.5"",""standard_deviation"":""19323.319151""},""overshoot_nanos"":{""count"":""32"",""minimum"":""0"",""median"":""0"",""maximum"":""0"",""p95"":""0"",""p99"":""0"",""mean"":""0"",""median_absolute_deviation"":""0"",""standard_deviation"":""0""},""budget_successes"":""32"",""budget_misses"":""0"",""successes_per_second"":""7518.97366"",""attempts_per_second"":""7518.97366""}",7518.97366,7518.97366,1,32,0,7366.3248,7366.3248,285115,355645.5,453184,477947,477947,285115,355645.5,453184,477947,477947,316485,394236,525631,545543,545543,11674,40789.5,74386,75591,75591,0,0,0,0,0
4,2,native,32,0,first,first,echo,1,23733441,"{""attempts"":""32"",""dispatched"":""32"",""undispatched"":""0"",""received"":""32"",""successful"":""32"",""semantic_mismatches"":""0"",""outcomes"":{""success"":""32""},""first_scheduled_nanos"":""483"",""last_completed_nanos"":""23631354"",""elapsed_nanos"":""23630871"",""throughput"":{""completed_attempts"":""32"",""successful_responses"":""32"",""elapsed_nanos"":""23630871""}}","{""counts"":{""attempts"":""32"",""dispatched"":""32"",""undispatched"":""0"",""received"":""32"",""successful"":""32"",""semantic_mismatches"":""0"",""outcomes"":{""success"":""32""},""first_scheduled_nanos"":""483"",""last_completed_nanos"":""23631354"",""elapsed_nanos"":""23630871"",""throughput"":{""completed_attempts"":""32"",""successful_responses"":""32"",""elapsed_nanos"":""23630871""}},""latency_nanos"":{""count"":""32"",""minimum"":""447234"",""median"":""556394"",""maximum"":""921686"",""p95"":""873251"",""p99"":""921686"",""mean"":""573107.46875"",""median_absolute_deviation"":""44307"",""standard_deviation"":""112525.548825""},""latency_population"":""all-dispatched-including-failures"",""all_dispatched_latency_nanos"":{""count"":""32"",""minimum"":""447234"",""median"":""556394"",""maximum"":""921686"",""p95"":""873251"",""p99"":""921686"",""mean"":""573107.46875"",""median_absolute_deviation"":""44307"",""standard_deviation"":""112525.548825""},""successful_response_latency_nanos"":{""count"":""32"",""minimum"":""447234"",""median"":""556394"",""maximum"":""921686"",""p95"":""873251"",""p99"":""921686"",""mean"":""573107.46875"",""median_absolute_deviation"":""44307"",""standard_deviation"":""112525.548825""},""outcome_latency_nanos"":{""success"":{""count"":""32"",""minimum"":""447234"",""median"":""556394"",""maximum"":""921686"",""p95"":""873251"",""p99"":""921686"",""mean"":""573107.46875"",""median_absolute_deviation"":""44307"",""standard_deviation"":""112525.548825""},""declared-error"":null,""platform-failure"":null,""transport-failure"":null,""client-timeout"":null,""client-overload"":null,""client-deadline-before-dispatch"":null,""invalid-response"":null},""all_offered_elapsed_nanos"":{""count"":""32"",""minimum"":""509146"",""median"":""614304.5"",""maximum"":""1046461"",""p95"":""931874"",""p99"":""1046461"",""mean"":""639157.78125"",""median_absolute_deviation"":""52734.5"",""standard_deviation"":""120905.818584""},""successful_response_fraction"":""1"",""dispatch_lag_nanos"":{""count"":""32"",""minimum"":""47473"",""median"":""60508.5"",""maximum"":""124775"",""p95"":""86674"",""p99"":""124775"",""mean"":""66050.3125"",""median_absolute_deviation"":""6736"",""standard_deviation"":""15236.1769""},""overshoot_nanos"":{""count"":""32"",""minimum"":""0"",""median"":""0"",""maximum"":""0"",""p95"":""0"",""p99"":""0"",""mean"":""0"",""median_absolute_deviation"":""0"",""standard_deviation"":""0""},""budget_successes"":""32"",""budget_misses"":""0"",""successes_per_second"":""1354.160835"",""attempts_per_second"":""1354.160835""}",1354.160835,1354.160835,1,32,0,1348.30849,1348.30849,447234,556394,873251,921686,921686,447234,556394,873251,921686,921686,509146,614304.5,931874,1046461,1046461,47473,60508.5,86674,124775,124775,0,0,0,0,0
4,2,native,32,1,density-warmup,warmup,echo,4,19019180,"{""attempts"":""128"",""dispatched"":""128"",""undispatched"":""0"",""received"":""128"",""successful"":""128"",""semantic_mismatches"":""0"",""outcomes"":{""success"":""128""},""first_scheduled_nanos"":""319"",""last_completed_nanos"":""18946639"",""elapsed_nanos"":""18946320"",""throughput"":{""completed_attempts"":""128"",""successful_responses"":""128"",""elapsed_nanos"":""18946320""}}","{""counts"":{""attempts"":""128"",""dispatched"":""128"",""undispatched"":""0"",""received"":""128"",""successful"":""128"",""semantic_mismatches"":""0"",""outcomes"":{""success"":""128""},""first_scheduled_nanos"":""319"",""last_completed_nanos"":""18946639"",""elapsed_nanos"":""18946320"",""throughput"":{""completed_attempts"":""128"",""successful_responses"":""128"",""elapsed_nanos"":""18946320""}},""latency_nanos"":{""count"":""128"",""minimum"":""293763"",""median"":""405037.5"",""maximum"":""995609"",""p95"":""709288"",""p99"":""849254"",""mean"":""429872.898438"",""median_absolute_deviation"":""45669"",""standard_deviation"":""113726.750388""},""latency_population"":""all-dispatched-including-failures"",""all_dispatched_latency_nanos"":{""count"":""128"",""minimum"":""293763"",""median"":""405037.5"",""maximum"":""995609"",""p95"":""709288"",""p99"":""849254"",""mean"":""429872.898438"",""median_absolute_deviation"":""45669"",""standard_deviation"":""113726.750388""},""successful_response_latency_nanos"":{""count"":""128"",""minimum"":""293763"",""median"":""405037.5"",""maximum"":""995609"",""p95"":""709288"",""p99"":""849254"",""mean"":""429872.898438"",""median_absolute_deviation"":""45669"",""standard_deviation"":""113726.750388""},""outcome_latency_nanos"":{""success"":{""count"":""128"",""minimum"":""293763"",""median"":""405037.5"",""maximum"":""995609"",""p95"":""709288"",""p99"":""849254"",""mean"":""429872.898438"",""median_absolute_deviation"":""45669"",""standard_deviation"":""113726.750388""},""declared-error"":null,""platform-failure"":null,""transport-failure"":null,""client-timeout"":null,""client-overload"":null,""client-deadline-before-dispatch"":null,""invalid-response"":null},""all_offered_elapsed_nanos"":{""count"":""128"",""minimum"":""319655"",""median"":""445140.5"",""maximum"":""1017697"",""p95"":""732975"",""p99"":""957935"",""mean"":""474865.921875"",""median_absolute_deviation"":""46595"",""standard_deviation"":""125379.437633""},""successful_response_fraction"":""1"",""dispatch_lag_nanos"":{""count"":""128"",""minimum"":""6514"",""median"":""38013"",""maximum"":""365768"",""p95"":""96057"",""p99"":""146155"",""mean"":""44993.023438"",""median_absolute_deviation"":""17157"",""standard_deviation"":""38364.20011""},""overshoot_nanos"":{""count"":""128"",""minimum"":""0"",""median"":""0"",""maximum"":""0"",""p95"":""0"",""p99"":""0"",""mean"":""0"",""median_absolute_deviation"":""0"",""standard_deviation"":""0""},""budget_successes"":""128"",""budget_misses"":""0"",""successes_per_second"":""6755.929384"",""attempts_per_second"":""6755.929384""}",6755.929384,6755.929384,1,128,0,6730.048299,6730.048299,293763,405037.5,709288,849254,995609,293763,405037.5,709288,849254,995609,319655,445140.5,732975,957935,1017697,6514,38013,96057,146155,365768,0,0,0,0,0
4,2,native,32,2,density-measured,measured,echo,4,16360852,"{""attempts"":""128"",""dispatched"":""128"",""undispatched"":""0"",""received"":""128"",""successful"":""128"",""semantic_mismatches"":""0"",""outcomes"":{""success"":""128""},""first_scheduled_nanos"":""225"",""last_completed_nanos"":""16212855"",""elapsed_nanos"":""16212630"",""throughput"":{""completed_attempts"":""128"",""successful_responses"":""128"",""elapsed_nanos"":""16212630""}}","{""counts"":{""attempts"":""128"",""dispatched"":""128"",""undispatched"":""0"",""received"":""128"",""successful"":""128"",""semantic_mismatches"":""0"",""outcomes"":{""success"":""128""},""first_scheduled_nanos"":""225"",""last_completed_nanos"":""16212855"",""elapsed_nanos"":""16212630"",""throughput"":{""completed_attempts"":""128"",""successful_responses"":""128"",""elapsed_nanos"":""16212630""}},""latency_nanos"":{""count"":""128"",""minimum"":""262675"",""median"":""343183"",""maximum"":""957634"",""p95"":""487526"",""p99"":""952855"",""mean"":""368192.992188"",""median_absolute_deviation"":""36371.5"",""standard_deviation"":""108785.371639""},""latency_population"":""all-dispatched-including-failures"",""all_dispatched_latency_nanos"":{""count"":""128"",""minimum"":""262675"",""median"":""343183"",""maximum"":""957634"",""p95"":""487526"",""p99"":""952855"",""mean"":""368192.992188"",""median_absolute_deviation"":""36371.5"",""standard_deviation"":""108785.371639""},""successful_response_latency_nanos"":{""count"":""128"",""minimum"":""262675"",""median"":""343183"",""maximum"":""957634"",""p95"":""487526"",""p99"":""952855"",""mean"":""368192.992188"",""median_absolute_deviation"":""36371.5"",""standard_deviation"":""108785.371639""},""outcome_latency_nanos"":{""success"":{""count"":""128"",""minimum"":""262675"",""median"":""343183"",""maximum"":""957634"",""p95"":""487526"",""p99"":""952855"",""mean"":""368192.992188"",""median_absolute_deviation"":""36371.5"",""standard_deviation"":""108785.371639""},""declared-error"":null,""platform-failure"":null,""transport-failure"":null,""client-timeout"":null,""client-overload"":null,""client-deadline-before-dispatch"":null,""invalid-response"":null},""all_offered_elapsed_nanos"":{""count"":""128"",""minimum"":""280254"",""median"":""379611"",""maximum"":""1014853"",""p95"":""535786"",""p99"":""998866"",""mean"":""400881.828125"",""median_absolute_deviation"":""33775.5"",""standard_deviation"":""112693.176654""},""successful_response_fraction"":""1"",""dispatch_lag_nanos"":{""count"":""128"",""minimum"":""5414"",""median"":""29567.5"",""maximum"":""91071"",""p95"":""64304"",""p99"":""87320"",""mean"":""32688.835938"",""median_absolute_deviation"":""14485"",""standard_deviation"":""19466.848749""},""overshoot_nanos"":{""count"":""128"",""minimum"":""0"",""median"":""0"",""maximum"":""0"",""p95"":""0"",""p99"":""0"",""mean"":""0"",""median_absolute_deviation"":""0"",""standard_deviation"":""0""},""budget_successes"":""128"",""budget_misses"":""0"",""successes_per_second"":""7895.07933"",""attempts_per_second"":""7895.07933""}",7895.07933,7895.07933,1,128,0,7823.553443,7823.553443,262675,343183,487526,952855,957634,262675,343183,487526,952855,957634,280254,379611,535786,998866,1014853,5414,29567.5,64304,87320,91071,0,0,0,0,0
4,3,lsf,32,0,first,first,echo,1,1150217816,"{""attempts"":""32"",""dispatched"":""32"",""undispatched"":""0"",""received"":""32"",""successful"":""32"",""semantic_mismatches"":""0"",""outcomes"":{""success"":""32""},""first_scheduled_nanos"":""322"",""last_completed_nanos"":""1149776641"",""elapsed_nanos"":""1149776319"",""throughput"":{""completed_attempts"":""32"",""successful_responses"":""32"",""elapsed_nanos"":""1149776319""}}","{""counts"":{""attempts"":""32"",""dispatched"":""32"",""undispatched"":""0"",""received"":""32"",""successful"":""32"",""semantic_mismatches"":""0"",""outcomes"":{""success"":""32""},""first_scheduled_nanos"":""322"",""last_completed_nanos"":""1149776641"",""elapsed_nanos"":""1149776319"",""throughput"":{""completed_attempts"":""32"",""successful_responses"":""32"",""elapsed_nanos"":""1149776319""}},""latency_nanos"":{""count"":""32"",""minimum"":""31703685"",""median"":""35180432"",""maximum"":""51207437"",""p95"":""40678277"",""p99"":""51207437"",""mean"":""35584126.5625"",""median_absolute_deviation"":""1390023.5"",""standard_deviation"":""3437598.447653""},""latency_population"":""all-dispatched-including-failures"",""all_dispatched_latency_nanos"":{""count"":""32"",""minimum"":""31703685"",""median"":""35180432"",""maximum"":""51207437"",""p95"":""40678277"",""p99"":""51207437"",""mean"":""35584126.5625"",""median_absolute_deviation"":""1390023.5"",""standard_deviation"":""3437598.447653""},""successful_response_latency_nanos"":{""count"":""32"",""minimum"":""31703685"",""median"":""35180432"",""maximum"":""51207437"",""p95"":""40678277"",""p99"":""51207437"",""mean"":""35584126.5625"",""median_absolute_deviation"":""1390023.5"",""standard_deviation"":""3437598.447653""},""outcome_latency_nanos"":{""success"":{""count"":""32"",""minimum"":""31703685"",""median"":""35180432"",""maximum"":""51207437"",""p95"":""40678277"",""p99"":""51207437"",""mean"":""35584126.5625"",""median_absolute_deviation"":""1390023.5"",""standard_deviation"":""3437598.447653""},""declared-error"":null,""platform-failure"":null,""transport-failure"":null,""client-timeout"":null,""client-overload"":null,""client-deadline-before-dispatch"":null,""invalid-response"":null},""all_offered_elapsed_nanos"":{""count"":""32"",""minimum"":""31909245"",""median"":""35359813"",""maximum"":""51311773"",""p95"":""40787142"",""p99"":""51311773"",""mean"":""35715154.65625"",""median_absolute_deviation"":""1412970.5"",""standard_deviation"":""3436754.761248""},""successful_response_fraction"":""1"",""dispatch_lag_nanos"":{""count"":""32"",""minimum"":""63435"",""median"":""108420.5"",""maximum"":""473354"",""p95"":""281492"",""p99"":""473354"",""mean"":""131028.09375"",""median_absolute_deviation"":""29069"",""standard_deviation"":""80156.762151""},""overshoot_nanos"":{""count"":""32"",""minimum"":""0"",""median"":""0"",""maximum"":""0"",""p95"":""0"",""p99"":""0"",""mean"":""0"",""median_absolute_deviation"":""0"",""standard_deviation"":""0""},""budget_successes"":""32"",""budget_misses"":""0"",""successes_per_second"":""27.8315"",""attempts_per_second"":""27.8315""}",27.8315,27.8315,1,32,0,27.820818,27.820818,31703685,35180432,40678277,51207437,51207437,31703685,35180432,40678277,51207437,51207437,31909245,35359813,40787142,51311773,51311773,63435,108420.5,281492,473354,473354,0,0,0,0,0
4,3,lsf,32,1,density-warmup,warmup,echo,4,39984011,"{""attempts"":""128"",""dispatched"":""128"",""undispatched"":""0"",""received"":""128"",""successful"":""128"",""semantic_mismatches"":""0"",""outcomes"":{""success"":""128""},""first_scheduled_nanos"":""318"",""last_completed_nanos"":""39901488"",""elapsed_nanos"":""39901170"",""throughput"":{""completed_attempts"":""128"",""successful_responses"":""128"",""elapsed_nanos"":""39901170""}}","{""counts"":{""attempts"":""128"",""dispatched"":""128"",""undispatched"":""0"",""received"":""128"",""successful"":""128"",""semantic_mismatches"":""0"",""outcomes"":{""success"":""128""},""first_scheduled_nanos"":""318"",""last_completed_nanos"":""39901488"",""elapsed_nanos"":""39901170"",""throughput"":{""completed_attempts"":""128"",""successful_responses"":""128"",""elapsed_nanos"":""39901170""}},""latency_nanos"":{""count"":""128"",""minimum"":""640757"",""median"":""938382"",""maximum"":""3983306"",""p95"":""2535792"",""p99"":""2958090"",""mean"":""1082174.4375"",""median_absolute_deviation"":""140784"",""standard_deviation"":""513578.906586""},""latency_population"":""all-dispatched-including-failures"",""all_dispatched_latency_nanos"":{""count"":""128"",""minimum"":""640757"",""median"":""938382"",""maximum"":""3983306"",""p95"":""2535792"",""p99"":""2958090"",""mean"":""1082174.4375"",""median_absolute_deviation"":""140784"",""standard_deviation"":""513578.906586""},""successful_response_latency_nanos"":{""count"":""128"",""minimum"":""640757"",""median"":""938382"",""maximum"":""3983306"",""p95"":""2535792"",""p99"":""2958090"",""mean"":""1082174.4375"",""median_absolute_deviation"":""140784"",""standard_deviation"":""513578.906586""},""outcome_latency_nanos"":{""success"":{""count"":""128"",""minimum"":""640757"",""median"":""938382"",""maximum"":""3983306"",""p95"":""2535792"",""p99"":""2958090"",""mean"":""1082174.4375"",""median_absolute_deviation"":""140784"",""standard_deviation"":""513578.906586""},""declared-error"":null,""platform-failure"":null,""transport-failure"":null,""client-timeout"":null,""client-overload"":null,""client-deadline-before-dispatch"":null,""invalid-response"":null},""all_offered_elapsed_nanos"":{""count"":""128"",""minimum"":""679251"",""median"":""983642"",""maximum"":""4065943"",""p95"":""2578960"",""p99"":""3075969"",""mean"":""1136735.515625"",""median_absolute_deviation"":""151356"",""standard_deviation"":""523043.619816""},""successful_response_fraction"":""1"",""dispatch_lag_nanos"":{""count"":""128"",""minimum"":""7536"",""median"":""55623.5"",""maximum"":""146865"",""p95"":""111324"",""p99"":""136310"",""mean"":""54561.078125"",""median_absolute_deviation"":""18932"",""standard_deviation"":""29177.48948""},""overshoot_nanos"":{""count"":""128"",""minimum"":""0"",""median"":""0"",""maximum"":""0"",""p95"":""0"",""p99"":""0"",""mean"":""0"",""median_absolute_deviation"":""0"",""standard_deviation"":""0""},""budget_successes"":""128"",""budget_misses"":""0"",""successes_per_second"":""3207.925983"",""attempts_per_second"":""3207.925983""}",3207.925983,3207.925983,1,128,0,3201.279632,3201.279632,640757,938382,2535792,2958090,3983306,640757,938382,2535792,2958090,3983306,679251,983642,2578960,3075969,4065943,7536,55623.5,111324,136310,146865,0,0,0,0,0
4,3,lsf,32,2,density-measured,measured,echo,4,37102295,"{""attempts"":""128"",""dispatched"":""128"",""undispatched"":""0"",""received"":""128"",""successful"":""128"",""semantic_mismatches"":""0"",""outcomes"":{""success"":""128""},""first_scheduled_nanos"":""226"",""last_completed_nanos"":""37052150"",""elapsed_nanos"":""37051924"",""throughput"":{""completed_attempts"":""128"",""successful_responses"":""128"",""elapsed_nanos"":""37051924""}}","{""counts"":{""attempts"":""128"",""dispatched"":""128"",""undispatched"":""0"",""received"":""128"",""successful"":""128"",""semantic_mismatches"":""0"",""outcomes"":{""success"":""128""},""first_scheduled_nanos"":""226"",""last_completed_nanos"":""37052150"",""elapsed_nanos"":""37051924"",""throughput"":{""completed_attempts"":""128"",""successful_responses"":""128"",""elapsed_nanos"":""37051924""}},""latency_nanos"":{""count"":""128"",""minimum"":""577355"",""median"":""922302"",""maximum"":""2126741"",""p95"":""1553048"",""p99"":""1918416"",""mean"":""994901.921875"",""median_absolute_deviation"":""159620"",""standard_deviation"":""289857.41975""},""latency_population"":""all-dispatched-including-failures"",""all_dispatched_latency_nanos"":{""count"":""128"",""minimum"":""577355"",""median"":""922302"",""maximum"":""2126741"",""p95"":""1553048"",""p99"":""1918416"",""mean"":""994901.921875"",""median_absolute_deviation"":""159620"",""standard_deviation"":""289857.41975""},""successful_response_latency_nanos"":{""count"":""128"",""minimum"":""577355"",""median"":""922302"",""maximum"":""2126741"",""p95"":""1553048"",""p99"":""1918416"",""mean"":""994901.921875"",""median_absolute_deviation"":""159620"",""standard_deviation"":""289857.41975""},""outcome_latency_nanos"":{""success"":{""count"":""128"",""minimum"":""577355"",""median"":""922302"",""maximum"":""2126741"",""p95"":""1553048"",""p99"":""1918416"",""mean"":""994901.921875"",""median_absolute_deviation"":""159620"",""standard_deviation"":""289857.41975""},""declared-error"":null,""platform-failure"":null,""transport-failure"":null,""client-timeout"":null,""client-overload"":null,""client-deadline-before-dispatch"":null,""invalid-response"":null},""all_offered_elapsed_nanos"":{""count"":""128"",""minimum"":""620437"",""median"":""972166"",""maximum"":""2186329"",""p95"":""1630078"",""p99"":""1975529"",""mean"":""1050535.960938"",""median_absolute_deviation"":""162128"",""standard_deviation"":""293497.963259""},""successful_response_fraction"":""1"",""dispatch_lag_nanos"":{""count"":""128"",""minimum"":""7728"",""median"":""57014.5"",""maximum"":""304943"",""p95"":""86098"",""p99"":""121095"",""mean"":""55634.039062"",""median_absolute_deviation"":""12301"",""standard_deviation"":""30272.415824""},""overshoot_nanos"":{""count"":""128"",""minimum"":""0"",""median"":""0"",""maximum"":""0"",""p95"":""0"",""p99"":""0"",""mean"":""0"",""median_absolute_deviation"":""0"",""standard_deviation"":""0""},""budget_successes"":""128"",""budget_misses"":""0"",""successes_per_second"":""3454.611426"",""attempts_per_second"":""3454.611426""}",3454.611426,3454.611426,1,128,0,3449.921359,3449.921359,577355,922302,1553048,1918416,2126741,577355,922302,1553048,1918416,2126741,620437,972166,1630078,1975529,2186329,7728,57014.5,86098,121095,304943,0,0,0,0,0
4,4,lsf,1,0,first,first,echo,1,39044291,"{""attempts"":""1"",""dispatched"":""1"",""undispatched"":""0"",""received"":""1"",""successful"":""1"",""semantic_mismatches"":""0"",""outcomes"":{""success"":""1""},""first_scheduled_nanos"":""455"",""last_completed_nanos"":""38754855"",""elapsed_nanos"":""38754400"",""throughput"":{""completed_attempts"":""1"",""successful_responses"":""1"",""elapsed_nanos"":""38754400""}}","{""counts"":{""attempts"":""1"",""dispatched"":""1"",""undispatched"":""0"",""received"":""1"",""successful"":""1"",""semantic_mismatches"":""0"",""outcomes"":{""success"":""1""},""first_scheduled_nanos"":""455"",""last_completed_nanos"":""38754855"",""elapsed_nanos"":""38754400"",""throughput"":{""completed_attempts"":""1"",""successful_responses"":""1"",""elapsed_nanos"":""38754400""}},""latency_nanos"":{""count"":""1"",""minimum"":""38618931"",""median"":""38618931"",""maximum"":""38618931"",""p95"":""38618931"",""p99"":""38618931"",""mean"":""38618931"",""median_absolute_deviation"":""0"",""standard_deviation"":""0""},""latency_population"":""all-dispatched-including-failures"",""all_dispatched_latency_nanos"":{""count"":""1"",""minimum"":""38618931"",""median"":""38618931"",""maximum"":""38618931"",""p95"":""38618931"",""p99"":""38618931"",""mean"":""38618931"",""median_absolute_deviation"":""0"",""standard_deviation"":""0""},""successful_response_latency_nanos"":{""count"":""1"",""minimum"":""38618931"",""median"":""38618931"",""maximum"":""38618931"",""p95"":""38618931"",""p99"":""38618931"",""mean"":""38618931"",""median_absolute_deviation"":""0"",""standard_deviation"":""0""},""outcome_latency_nanos"":{""success"":{""count"":""1"",""minimum"":""38618931"",""median"":""38618931"",""maximum"":""38618931"",""p95"":""38618931"",""p99"":""38618931"",""mean"":""38618931"",""median_absolute_deviation"":""0"",""standard_deviation"":""0""},""declared-error"":null,""platform-failure"":null,""transport-failure"":null,""client-timeout"":null,""client-overload"":null,""client-deadline-before-dispatch"":null,""invalid-response"":null},""all_offered_elapsed_nanos"":{""count"":""1"",""minimum"":""38754400"",""median"":""38754400"",""maximum"":""38754400"",""p95"":""38754400"",""p99"":""38754400"",""mean"":""38754400"",""median_absolute_deviation"":""0"",""standard_deviation"":""0""},""successful_response_fraction"":""1"",""dispatch_lag_nanos"":{""count"":""1"",""minimum"":""135469"",""median"":""135469"",""maximum"":""135469"",""p95"":""135469"",""p99"":""135469"",""mean"":""135469"",""median_absolute_deviation"":""0"",""standard_deviation"":""0""},""overshoot_nanos"":{""count"":""1"",""minimum"":""0"",""median"":""0"",""maximum"":""0"",""p95"":""0"",""p99"":""0"",""mean"":""0"",""median_absolute_deviation"":""0"",""standard_deviation"":""0""},""budget_successes"":""1"",""budget_misses"":""0"",""successes_per_second"":""25.803522"",""attempts_per_second"":""25.803522""}",25.803522,25.803522,1,1,0,25.611939,25.611939,38618931,38618931,38618931,38618931,38618931,38618931,38618931,38618931,38618931,38618931,38754400,38754400,38754400,38754400,38754400,135469,135469,135469,135469,135469,0,0,0,0,0
4,4,lsf,1,1,density-warmup,warmup,echo,4,3010569,"{""attempts"":""4"",""dispatched"":""4"",""undispatched"":""0"",""received"":""4"",""successful"":""4"",""semantic_mismatches"":""0"",""outcomes"":{""success"":""4""},""first_scheduled_nanos"":""302"",""last_completed_nanos"":""2899767"",""elapsed_nanos"":""2899465"",""throughput"":{""completed_attempts"":""4"",""successful_responses"":""4"",""elapsed_nanos"":""2899465""}}","{""counts"":{""attempts"":""4"",""dispatched"":""4"",""undispatched"":""0"",""received"":""4"",""successful"":""4"",""semantic_mismatches"":""0"",""outcomes"":{""success"":""4""},""first_scheduled_nanos"":""302"",""last_completed_nanos"":""2899767"",""elapsed_nanos"":""2899465"",""throughput"":{""completed_attempts"":""4"",""successful_responses"":""4"",""elapsed_nanos"":""2899465""}},""latency_nanos"":{""count"":""4"",""minimum"":""1725608"",""median"":""2129528.5"",""maximum"":""2760208"",""p95"":""2760208"",""p99"":""2760208"",""mean"":""2186218.25"",""median_absolute_deviation"":""219477"",""standard_deviation"":""370981.193346""},""latency_population"":""all-dispatched-including-failures"",""all_dispatched_latency_nanos"":{""count"":""4"",""minimum"":""1725608"",""median"":""2129528.5"",""maximum"":""2760208"",""p95"":""2760208"",""p99"":""2760208"",""mean"":""2186218.25"",""median_absolute_deviation"":""219477"",""standard_deviation"":""370981.193346""},""successful_response_latency_nanos"":{""count"":""4"",""minimum"":""1725608"",""median"":""2129528.5"",""maximum"":""2760208"",""p95"":""2760208"",""p99"":""2760208"",""mean"":""2186218.25"",""median_absolute_deviation"":""219477"",""standard_deviation"":""370981.193346""},""outcome_latency_nanos"":{""success"":{""count"":""4"",""minimum"":""1725608"",""median"":""2129528.5"",""maximum"":""2760208"",""p95"":""2760208"",""p99"":""2760208"",""mean"":""2186218.25"",""median_absolute_deviation"":""219477"",""standard_deviation"":""370981.193346""},""declared-error"":null,""platform-failure"":null,""transport-failure"":null,""client-timeout"":null,""client-overload"":null,""client-deadline-before-dispatch"":null,""invalid-response"":null},""all_offered_elapsed_nanos"":{""count"":""4"",""minimum"":""1884299"",""median"":""2248001.5"",""maximum"":""2899465"",""p95"":""2899465"",""p99"":""2899465"",""mean"":""2319941.75"",""median_absolute_deviation"":""210696"",""standard_deviation"":""368320.091387""},""successful_response_fraction"":""1"",""dispatch_lag_nanos"":{""count"":""4"",""minimum"":""95817"",""median"":""140193"",""maximum"":""158691"",""p95"":""158691"",""p99"":""158691"",""mean"":""133723.5"",""median_absolute_deviation"":""9717"",""standard_deviation"":""23161.065665""},""overshoot_nanos"":{""count"":""4"",""minimum"":""0"",""median"":""0"",""maximum"":""0"",""p95"":""0"",""p99"":""0"",""mean"":""0"",""median_absolute_deviation"":""0"",""standard_deviation"":""0""},""budget_successes"":""4"",""budget_misses"":""0"",""successes_per_second"":""1379.564851"",""attempts_per_second"":""1379.564851""}",1379.564851,1379.564851,1,4,0,1328.652491,1328.652491,1725608,2129528.5,2760208,2760208,2760208,1725608,2129528.5,2760208,2760208,2760208,1884299,2248001.5,2899465,2899465,2899465,95817,140193,158691,158691,158691,0,0,0,0,0
4,4,lsf,1,2,density-measured,measured,echo,4,1523359,"{""attempts"":""4"",""dispatched"":""4"",""undispatched"":""0"",""received"":""4"",""successful"":""4"",""semantic_mismatches"":""0"",""outcomes"":{""success"":""4""},""first_scheduled_nanos"":""479"",""last_completed_nanos"":""1422765"",""elapsed_nanos"":""1422286"",""throughput"":{""completed_attempts"":""4"",""successful_responses"":""4"",""elapsed_nanos"":""1422286""}}","{""counts"":{""attempts"":""4"",""dispatched"":""4"",""undispatched"":""0"",""received"":""4"",""successful"":""4"",""semantic_mismatches"":""0"",""outcomes"":{""success"":""4""},""first_scheduled_nanos"":""479"",""last_completed_nanos"":""1422765"",""elapsed_nanos"":""1422286"",""throughput"":{""completed_attempts"":""4"",""successful_responses"":""4"",""elapsed_nanos"":""1422286""}},""latency_nanos"":{""count"":""4"",""minimum"":""954311"",""median"":""1127975.5"",""maximum"":""1295202"",""p95"":""1295202"",""p99"":""1295202"",""mean"":""1126366"",""median_absolute_deviation"":""164743.5"",""standard_deviation"":""166411.116382""},""latency_population"":""all-dispatched-including-failures"",""all_dispatched_latency_nanos"":{""count"":""4"",""minimum"":""954311"",""median"":""1127975.5"",""maximum"":""1295202"",""p95"":""1295202"",""p99"":""1295202"",""mean"":""1126366"",""median_absolute_deviation"":""164743.5"",""standard_deviation"":""166411.116382""},""successful_response_latency_nanos"":{""count"":""4"",""minimum"":""954311"",""median"":""1127975.5"",""maximum"":""1295202"",""p95"":""1295202"",""p99"":""1295202"",""mean"":""1126366"",""median_absolute_deviation"":""164743.5"",""standard_deviation"":""166411.116382""},""outcome_latency_nanos"":{""success"":{""count"":""4"",""minimum"":""954311"",""median"":""1127975.5"",""maximum"":""1295202"",""p95"":""1295202"",""p99"":""1295202"",""mean"":""1126366"",""median_absolute_deviation"":""164743.5"",""standard_deviation"":""166411.116382""},""declared-error"":null,""platform-failure"":null,""transport-failure"":null,""client-timeout"":null,""client-overload"":null,""client-deadline-before-dispatch"":null,""invalid-response"":null},""all_offered_elapsed_nanos"":{""count"":""4"",""minimum"":""1043152"",""median"":""1200253.5"",""maximum"":""1366518"",""p95"":""1366518"",""p99"":""1366518"",""mean"":""1202544.25"",""median_absolute_deviation"":""153606.5"",""standard_deviation"":""156021.392752""},""successful_response_fraction"":""1"",""dispatch_lag_nanos"":{""count"":""4"",""minimum"":""60129"",""median"":""77871.5"",""maximum"":""88841"",""p95"":""88841"",""p99"":""88841"",""mean"":""76178.25"",""median_absolute_deviation"":""8762.5"",""standard_deviation"":""11287.238532""},""overshoot_nanos"":{""count"":""4"",""minimum"":""0"",""median"":""0"",""maximum"":""0"",""p95"":""0"",""p99"":""0"",""mean"":""0"",""median_absolute_deviation"":""0"",""standard_deviation"":""0""},""budget_successes"":""4"",""budget_misses"":""0"",""successes_per_second"":""2812.373883"",""attempts_per_second"":""2812.373883""}",2812.373883,2812.373883,1,4,0,2625.776327,2625.776327,954311,1127975.5,1295202,1295202,1295202,954311,1127975.5,1295202,1295202,1295202,1043152,1200253.5,1366518,1366518,1366518,60129,77871.5,88841,88841,88841,0,0,0,0,0
4,4,lsf,1,3,echo-c1-warmup,warmup,echo,1,7417361,"{""attempts"":""8"",""dispatched"":""8"",""undispatched"":""0"",""received"":""8"",""successful"":""8"",""semantic_mismatches"":""0"",""outcomes"":{""success"":""8""},""first_scheduled_nanos"":""206"",""last_completed_nanos"":""7330033"",""elapsed_nanos"":""7329827"",""throughput"":{""completed_attempts"":""8"",""successful_responses"":""8"",""elapsed_nanos"":""7329827""}}","{""counts"":{""attempts"":""8"",""dispatched"":""8"",""undispatched"":""0"",""received"":""8"",""successful"":""8"",""semantic_mismatches"":""0"",""outcomes"":{""success"":""8""},""first_scheduled_nanos"":""206"",""last_completed_nanos"":""7330033"",""elapsed_nanos"":""7329827"",""throughput"":{""completed_attempts"":""8"",""successful_responses"":""8"",""elapsed_nanos"":""7329827""}},""latency_nanos"":{""count"":""8"",""minimum"":""629137"",""median"":""730711.5"",""maximum"":""887684"",""p95"":""887684"",""p99"":""887684"",""mean"":""739026.875"",""median_absolute_deviation"":""55311.5"",""standard_deviation"":""77981.406028""},""latency_population"":""all-dispatched-including-failures"",""all_dispatched_latency_nanos"":{""count"":""8"",""minimum"":""629137"",""median"":""730711.5"",""maximum"":""887684"",""p95"":""887684"",""p99"":""887684"",""mean"":""739026.875"",""median_absolute_deviation"":""55311.5"",""standard_deviation"":""77981.406028""},""successful_response_latency_nanos"":{""count"":""8"",""minimum"":""629137"",""median"":""730711.5"",""maximum"":""887684"",""p95"":""887684"",""p99"":""887684"",""mean"":""739026.875"",""median_absolute_deviation"":""55311.5"",""standard_deviation"":""77981.406028""},""outcome_latency_nanos"":{""success"":{""count"":""8"",""minimum"":""629137"",""median"":""730711.5"",""maximum"":""887684"",""p95"":""887684"",""p99"":""887684"",""mean"":""739026.875"",""median_absolute_deviation"":""55311.5"",""standard_deviation"":""77981.406028""},""declared-error"":null,""platform-failure"":null,""transport-failure"":null,""client-timeout"":null,""client-overload"":null,""client-deadline-before-dispatch"":null,""invalid-response"":null},""all_offered_elapsed_nanos"":{""count"":""8"",""minimum"":""680880"",""median"":""826101"",""maximum"":""1004261"",""p95"":""1004261"",""p99"":""1004261"",""mean"":""834352.875"",""median_absolute_deviation"":""100055.5"",""standard_deviation"":""113763.644296""},""successful_response_fraction"":""1"",""dispatch_lag_nanos"":{""count"":""8"",""minimum"":""50391"",""median"":""74810.5"",""maximum"":""270161"",""p95"":""270161"",""p99"":""270161"",""mean"":""95326"",""median_absolute_deviation"":""23489"",""standard_deviation"":""68577.645357""},""overshoot_nanos"":{""count"":""8"",""minimum"":""0"",""median"":""0"",""maximum"":""0"",""p95"":""0"",""p99"":""0"",""mean"":""0"",""median_absolute_deviation"":""0"",""standard_deviation"":""0""},""budget_successes"":""8"",""budget_misses"":""0"",""successes_per_second"":""1091.430944"",""attempts_per_second"":""1091.430944""}",1091.430944,1091.430944,1,8,0,1078.550714,1078.550714,629137,730711.5,887684,887684,887684,629137,730711.5,887684,887684,887684,680880,826101,1004261,1004261,1004261,50391,74810.5,270161,270161,270161,0,0,0,0,0
4,4,lsf,1,4,echo-c1-measured,measured,echo,1,123584471,"{""attempts"":""128"",""dispatched"":""128"",""undispatched"":""0"",""received"":""128"",""successful"":""128"",""semantic_mismatches"":""0"",""outcomes"":{""success"":""128""},""first_scheduled_nanos"":""211"",""last_completed_nanos"":""123416948"",""elapsed_nanos"":""123416737"",""throughput"":{""completed_attempts"":""128"",""successful_responses"":""128"",""elapsed_nanos"":""123416737""}}","{""counts"":{""attempts"":""128"",""dispatched"":""128"",""undispatched"":""0"",""received"":""128"",""successful"":""128"",""semantic_mismatches"":""0"",""outcomes"":{""success"":""128""},""first_scheduled_nanos"":""211"",""last_completed_nanos"":""123416948"",""elapsed_nanos"":""123416737"",""throughput"":{""completed_attempts"":""128"",""successful_responses"":""128"",""elapsed_nanos"":""123416737""}},""latency_nanos"":{""count"":""128"",""minimum"":""518681"",""median"":""737499"",""maximum"":""1410882"",""p95"":""1222240"",""p99"":""1390643"",""mean"":""780599.992188"",""median_absolute_deviation"":""89537"",""standard_deviation"":""187576.87885""},""latency_population"":""all-dispatched-including-failures"",""all_dispatched_latency_nanos"":{""count"":""128"",""minimum"":""518681"",""median"":""737499"",""maximum"":""1410882"",""p95"":""1222240"",""p99"":""1390643"",""mean"":""780599.992188"",""median_absolute_deviation"":""89537"",""standard_deviation"":""187576.87885""},""successful_response_latency_nanos"":{""count"":""128"",""minimum"":""518681"",""median"":""737499"",""maximum"":""1410882"",""p95"":""1222240"",""p99"":""1390643"",""mean"":""780599.992188"",""median_absolute_deviation"":""89537"",""standard_deviation"":""187576.87885""},""outcome_latency_nanos"":{""success"":{""count"":""128"",""minimum"":""518681"",""median"":""737499"",""maximum"":""1410882"",""p95"":""1222240"",""p99"":""1390643"",""mean"":""780599.992188"",""median_absolute_deviation"":""89537"",""standard_deviation"":""187576.87885""},""declared-error"":null,""platform-failure"":null,""transport-failure"":null,""client-timeout"":null,""client-overload"":null,""client-deadline-before-dispatch"":null,""invalid-response"":null},""all_offered_elapsed_nanos"":{""count"":""128"",""minimum"":""567529"",""median"":""804511"",""maximum"":""1585031"",""p95"":""1330991"",""p99"":""1500986"",""mean"":""856826.015625"",""median_absolute_deviation"":""98553"",""standard_deviation"":""205720.772343""},""successful_response_fraction"":""1"",""dispatch_lag_nanos"":{""count"":""128"",""minimum"":""43840"",""median"":""64270"",""maximum"":""342785"",""p95"":""129012"",""p99"":""261986"",""mean"":""76226.023438"",""median_absolute_deviation"":""11468.5"",""standard_deviation"":""38154.864971""},""overshoot_nanos"":{""count"":""128"",""minimum"":""0"",""median"":""0"",""maximum"":""0"",""p95"":""0"",""p99"":""0"",""mean"":""0"",""median_absolute_deviation"":""0"",""standard_deviation"":""0""},""budget_successes"":""128"",""budget_misses"":""0"",""successes_per_second"":""1037.136478"",""attempts_per_second"":""1037.136478""}",1037.136478,1037.136478,1,128,0,1035.728834,1035.728834,518681,737499,1222240,1390643,1410882,518681,737499,1222240,1390643,1410882,567529,804511,1330991,1500986,1585031,43840,64270,129012,261986,342785,0,0,0,0,0
4,4,lsf,1,5,compute-c1-warmup,warmup,compute,1,4770821,"{""attempts"":""4"",""dispatched"":""4"",""undispatched"":""0"",""received"":""4"",""successful"":""4"",""semantic_mismatches"":""0"",""outcomes"":{""success"":""4""},""first_scheduled_nanos"":""236"",""last_completed_nanos"":""4643659"",""elapsed_nanos"":""4643423"",""throughput"":{""completed_attempts"":""4"",""successful_responses"":""4"",""elapsed_nanos"":""4643423""}}","{""counts"":{""attempts"":""4"",""dispatched"":""4"",""undispatched"":""0"",""received"":""4"",""successful"":""4"",""semantic_mismatches"":""0"",""outcomes"":{""success"":""4""},""first_scheduled_nanos"":""236"",""last_completed_nanos"":""4643659"",""elapsed_nanos"":""4643423"",""throughput"":{""completed_attempts"":""4"",""successful_responses"":""4"",""elapsed_nanos"":""4643423""}},""latency_nanos"":{""count"":""4"",""minimum"":""726391"",""median"":""987645.5"",""maximum"":""1361696"",""p95"":""1361696"",""p99"":""1361696"",""mean"":""1015844.5"",""median_absolute_deviation"":""241097.5"",""standard_deviation"":""275052.888095""},""latency_population"":""all-dispatched-including-failures"",""all_dispatched_latency_nanos"":{""count"":""4"",""minimum"":""726391"",""median"":""987645.5"",""maximum"":""1361696"",""p95"":""1361696"",""p99"":""1361696"",""mean"":""1015844.5"",""median_absolute_deviation"":""241097.5"",""standard_deviation"":""275052.888095""},""successful_response_latency_nanos"":{""count"":""4"",""minimum"":""726391"",""median"":""987645.5"",""maximum"":""1361696"",""p95"":""1361696"",""p99"":""1361696"",""mean"":""1015844.5"",""median_absolute_deviation"":""241097.5"",""standard_deviation"":""275052.888095""},""outcome_latency_nanos"":{""success"":{""count"":""4"",""minimum"":""726391"",""median"":""987645.5"",""maximum"":""1361696"",""p95"":""1361696"",""p99"":""1361696"",""mean"":""1015844.5"",""median_absolute_deviation"":""241097.5"",""standard_deviation"":""275052.888095""},""declared-error"":null,""platform-failure"":null,""transport-failure"":null,""client-timeout"":null,""client-overload"":null,""client-deadline-before-dispatch"":null,""invalid-response"":null},""all_offered_elapsed_nanos"":{""count"":""4"",""minimum"":""778979"",""median"":""1073643"",""maximum"":""1408317"",""p95"":""1408317"",""p99"":""1408317"",""mean"":""1083645.5"",""median_absolute_deviation"":""275405.5"",""standard_deviation"":""287078.356187""},""successful_response_fraction"":""1"",""dispatch_lag_nanos"":{""count"":""4"",""minimum"":""46621"",""median"":""51689.5"",""maximum"":""121204"",""p95"":""121204"",""p99"":""121204"",""mean"":""67801"",""median_absolute_deviation"":""2983.5"",""standard_deviation"":""30908.123034""},""overshoot_nanos"":{""count"":""4"",""minimum"":""0"",""median"":""0"",""maximum"":""0"",""p95"":""0"",""p99"":""0"",""mean"":""0"",""median_absolute_deviation"":""0"",""standard_deviation"":""0""},""budget_successes"":""4"",""budget_misses"":""0"",""successes_per_second"":""861.433473"",""attempts_per_second"":""861.433473""}",861.433473,861.433473,1,4,0,838.430115,838.430115,726391,987645.5,1361696,1361696,1361696,726391,987645.5,1361696,1361696,1361696,778979,1073643,1408317,1408317,1408317,46621,51689.5,121204,121204,121204,0,0,0,0,0
4,4,lsf,1,6,compute-c1-measured,measured,compute,1,68215251,"{""attempts"":""64"",""dispatched"":""64"",""undispatched"":""0"",""received"":""64"",""successful"":""64"",""semantic_mismatches"":""0"",""outcomes"":{""success"":""64""},""first_scheduled_nanos"":""230"",""last_completed_nanos"":""68092151"",""elapsed_nanos"":""68091921"",""throughput"":{""completed_attempts"":""64"",""successful_responses"":""64"",""elapsed_nanos"":""68091921""}}","{""counts"":{""attempts"":""64"",""dispatched"":""64"",""undispatched"":""0"",""received"":""64"",""successful"":""64"",""semantic_mismatches"":""0"",""outcomes"":{""success"":""64""},""first_scheduled_nanos"":""230"",""last_completed_nanos"":""68092151"",""elapsed_nanos"":""68091921"",""throughput"":{""completed_attempts"":""64"",""successful_responses"":""64"",""elapsed_nanos"":""68091921""}},""latency_nanos"":{""count"":""64"",""minimum"":""666887"",""median"":""830700"",""maximum"":""1582423"",""p95"":""1346696"",""p99"":""1582423"",""mean"":""891434.875"",""median_absolute_deviation"":""83314"",""standard_deviation"":""197104.52648""},""latency_population"":""all-dispatched-including-failures"",""all_dispatched_latency_nanos"":{""count"":""64"",""minimum"":""666887"",""median"":""830700"",""maximum"":""1582423"",""p95"":""1346696"",""p99"":""1582423"",""mean"":""891434.875"",""median_absolute_deviation"":""83314"",""standard_deviation"":""197104.52648""},""successful_response_latency_nanos"":{""count"":""64"",""minimum"":""666887"",""median"":""830700"",""maximum"":""1582423"",""p95"":""1346696"",""p99"":""1582423"",""mean"":""891434.875"",""median_absolute_deviation"":""83314"",""standard_deviation"":""197104.52648""},""outcome_latency_nanos"":{""success"":{""count"":""64"",""minimum"":""666887"",""median"":""830700"",""maximum"":""1582423"",""p95"":""1346696"",""p99"":""1582423"",""mean"":""891434.875"",""median_absolute_deviation"":""83314"",""standard_deviation"":""197104.52648""},""declared-error"":null,""platform-failure"":null,""transport-failure"":null,""client-timeout"":null,""client-overload"":null,""client-deadline-before-dispatch"":null,""invalid-response"":null},""all_offered_elapsed_nanos"":{""count"":""64"",""minimum"":""711716"",""median"":""893090"",""maximum"":""1634124"",""p95"":""1408779"",""p99"":""1634124"",""mean"":""958318.609375"",""median_absolute_deviation"":""78619"",""standard_deviation"":""206631.887262""},""successful_response_fraction"":""1"",""dispatch_lag_nanos"":{""count"":""64"",""minimum"":""43001"",""median"":""58767"",""maximum"":""139054"",""p95"":""118845"",""p99"":""139054"",""mean"":""66883.734375"",""median_absolute_deviation"":""7826.5"",""standard_deviation"":""21887.608621""},""overshoot_nanos"":{""count"":""64"",""minimum"":""0"",""median"":""0"",""maximum"":""0"",""p95"":""0"",""p99"":""0"",""mean"":""0"",""median_absolute_deviation"":""0"",""standard_deviation"":""0""},""budget_successes"":""64"",""budget_misses"":""0"",""successes_per_second"":""939.905925"",""attempts_per_second"":""939.905925""}",939.905925,939.905925,1,64,0,938.206619,938.206619,666887,830700,1346696,1582423,1582423,666887,830700,1346696,1582423,1582423,711716,893090,1408779,1634124,1634124,43001,58767,118845,139054,139054,0,0,0,0,0
4,4,lsf,1,7,echo-c4-warmup,warmup,echo,4,3087350,"{""attempts"":""8"",""dispatched"":""8"",""undispatched"":""0"",""received"":""8"",""successful"":""8"",""semantic_mismatches"":""0"",""outcomes"":{""success"":""8""},""first_scheduled_nanos"":""228"",""last_completed_nanos"":""2986070"",""elapsed_nanos"":""2985842"",""throughput"":{""completed_attempts"":""8"",""successful_responses"":""8"",""elapsed_nanos"":""2985842""}}","{""counts"":{""attempts"":""8"",""dispatched"":""8"",""undispatched"":""0"",""received"":""8"",""successful"":""8"",""semantic_mismatches"":""0"",""outcomes"":{""success"":""8""},""first_scheduled_nanos"":""228"",""last_completed_nanos"":""2986070"",""elapsed_nanos"":""2985842"",""throughput"":{""completed_attempts"":""8"",""successful_responses"":""8"",""elapsed_nanos"":""2985842""}},""latency_nanos"":{""count"":""8"",""minimum"":""765206"",""median"":""1058628"",""maximum"":""1548843"",""p95"":""1548843"",""p99"":""1548843"",""mean"":""1132156.25"",""median_absolute_deviation"":""270683.5"",""standard_deviation"":""316511.837578""},""latency_population"":""all-dispatched-including-failures"",""all_dispatched_latency_nanos"":{""count"":""8"",""minimum"":""765206"",""median"":""1058628"",""maximum"":""1548843"",""p95"":""1548843"",""p99"":""1548843"",""mean"":""1132156.25"",""median_absolute_deviation"":""270683.5"",""standard_deviation"":""316511.837578""},""successful_response_latency_nanos"":{""count"":""8"",""minimum"":""765206"",""median"":""1058628"",""maximum"":""1548843"",""p95"":""1548843"",""p99"":""1548843"",""mean"":""1132156.25"",""median_absolute_deviation"":""270683.5"",""standard_deviation"":""316511.837578""},""outcome_latency_nanos"":{""success"":{""count"":""8"",""minimum"":""765206"",""median"":""1058628"",""maximum"":""1548843"",""p95"":""1548843"",""p99"":""1548843"",""mean"":""1132156.25"",""median_absolute_deviation"":""270683.5"",""standard_deviation"":""316511.837578""},""declared-error"":null,""platform-failure"":null,""transport-failure"":null,""client-timeout"":null,""client-overload"":null,""client-deadline-before-dispatch"":null,""invalid-response"":null},""all_offered_elapsed_nanos"":{""count"":""8"",""minimum"":""781569"",""median"":""1131433"",""maximum"":""1628085"",""p95"":""1628085"",""p99"":""1628085"",""mean"":""1196495.75"",""median_absolute_deviation"":""305772.5"",""standard_deviation"":""329566.445984""},""successful_response_fraction"":""1"",""dispatch_lag_nanos"":{""count"":""8"",""minimum"":""16363"",""median"":""63122.5"",""maximum"":""93709"",""p95"":""93709"",""p99"":""93709"",""mean"":""64339.5"",""median_absolute_deviation"":""13670.5"",""standard_deviation"":""22966.861148""},""overshoot_nanos"":{""count"":""8"",""minimum"":""0"",""median"":""0"",""maximum"":""0"",""p95"":""0"",""p99"":""0"",""mean"":""0"",""median_absolute_deviation"":""0"",""standard_deviation"":""0""},""budget_successes"":""8"",""budget_misses"":""0"",""successes_per_second"":""2679.311229"",""attempts_per_second"":""2679.311229""}",2679.311229,2679.311229,1,8,0,2591.219007,2591.219007,765206,1058628,1548843,1548843,1548843,765206,1058628,1548843,1548843,1548843,781569,1131433,1628085,1628085,1628085,16363,63122.5,93709,93709,93709,0,0,0,0,0
4,4,lsf,1,8,echo-c4-measured,measured,echo,4,36291584,"{""attempts"":""128"",""dispatched"":""128"",""undispatched"":""0"",""received"":""128"",""successful"":""128"",""semantic_mismatches"":""0"",""outcomes"":{""success"":""128""},""first_scheduled_nanos"":""194"",""last_completed_nanos"":""36200041"",""elapsed_nanos"":""36199847"",""throughput"":{""completed_attempts"":""128"",""successful_responses"":""128"",""elapsed_nanos"":""36199847""}}","{""counts"":{""attempts"":""128"",""dispatched"":""128"",""undispatched"":""0"",""received"":""128"",""successful"":""128"",""semantic_mismatches"":""0"",""outcomes"":{""success"":""128""},""first_scheduled_nanos"":""194"",""last_completed_nanos"":""36200041"",""elapsed_nanos"":""36199847"",""throughput"":{""completed_attempts"":""128"",""successful_responses"":""128"",""elapsed_nanos"":""36199847""}},""latency_nanos"":{""count"":""128"",""minimum"":""534653"",""median"":""925353"",""maximum"":""1859644"",""p95"":""1535325"",""p99"":""1748745"",""mean"":""959640.398438"",""median_absolute_deviation"":""159383.5"",""standard_deviation"":""251260.293895""},""latency_population"":""all-dispatched-including-failures"",""all_dispatched_latency_nanos"":{""count"":""128"",""minimum"":""534653"",""median"":""925353"",""maximum"":""1859644"",""p95"":""1535325"",""p99"":""1748745"",""mean"":""959640.398438"",""median_absolute_deviation"":""159383.5"",""standard_deviation"":""251260.293895""},""successful_response_latency_nanos"":{""count"":""128"",""minimum"":""534653"",""median"":""925353"",""maximum"":""1859644"",""p95"":""1535325"",""p99"":""1748745"",""mean"":""959640.398438"",""median_absolute_deviation"":""159383.5"",""standard_deviation"":""251260.293895""},""outcome_latency_nanos"":{""success"":{""count"":""128"",""minimum"":""534653"",""median"":""925353"",""maximum"":""1859644"",""p95"":""1535325"",""p99"":""1748745"",""mean"":""959640.398438"",""median_absolute_deviation"":""159383.5"",""standard_deviation"":""251260.293895""},""declared-error"":null,""platform-failure"":null,""transport-failure"":null,""client-timeout"":null,""client-overload"":null,""client-deadline-before-dispatch"":null,""invalid-response"":null},""all_offered_elapsed_nanos"":{""count"":""128"",""minimum"":""586597"",""median"":""975014.5"",""maximum"":""2010763"",""p95"":""1668875"",""p99"":""1802779"",""mean"":""1014092.117188"",""median_absolute_deviation"":""163183"",""standard_deviation"":""259317.848741""},""successful_response_fraction"":""1"",""dispatch_lag_nanos"":{""count"":""128"",""minimum"":""6545"",""median"":""54081"",""maximum"":""258183"",""p95"":""110728"",""p99"":""151119"",""mean"":""54451.71875"",""median_absolute_deviation"":""16055.5"",""standard_deviation"":""31969.021915""},""overshoot_nanos"":{""count"":""128"",""minimum"":""0"",""median"":""0"",""maximum"":""0"",""p95"":""0"",""p99"":""0"",""mean"":""0"",""median_absolute_deviation"":""0"",""standard_deviation"":""0""},""budget_successes"":""128"",""budget_misses"":""0"",""successes_per_second"":""3535.926547"",""attempts_per_second"":""3535.926547""}",3535.926547,3535.926547,1,128,0,3526.988516,3526.988516,534653,925353,1535325,1748745,1859644,534653,925353,1535325,1748745,1859644,586597,975014.5,1668875,1802779,2010763,6545,54081,110728,151119,258183,0,0,0,0,0
4,5,native,1,0,first,first,echo,1,1159968,"{""attempts"":""1"",""dispatched"":""1"",""undispatched"":""0"",""received"":""1"",""successful"":""1"",""semantic_mismatches"":""0"",""outcomes"":{""success"":""1""},""first_scheduled_nanos"":""345"",""last_completed_nanos"":""947811"",""elapsed_nanos"":""947466"",""throughput"":{""completed_attempts"":""1"",""successful_responses"":""1"",""elapsed_nanos"":""947466""}}","{""counts"":{""attempts"":""1"",""dispatched"":""1"",""undispatched"":""0"",""received"":""1"",""successful"":""1"",""semantic_mismatches"":""0"",""outcomes"":{""success"":""1""},""first_scheduled_nanos"":""345"",""last_completed_nanos"":""947811"",""elapsed_nanos"":""947466"",""throughput"":{""completed_attempts"":""1"",""successful_responses"":""1"",""elapsed_nanos"":""947466""}},""latency_nanos"":{""count"":""1"",""minimum"":""841054"",""median"":""841054"",""maximum"":""841054"",""p95"":""841054"",""p99"":""841054"",""mean"":""841054"",""median_absolute_deviation"":""0"",""standard_deviation"":""0""},""latency_population"":""all-dispatched-including-failures"",""all_dispatched_latency_nanos"":{""count"":""1"",""minimum"":""841054"",""median"":""841054"",""maximum"":""841054"",""p95"":""841054"",""p99"":""841054"",""mean"":""841054"",""median_absolute_deviation"":""0"",""standard_deviation"":""0""},""successful_response_latency_nanos"":{""count"":""1"",""minimum"":""841054"",""median"":""841054"",""maximum"":""841054"",""p95"":""841054"",""p99"":""841054"",""mean"":""841054"",""median_absolute_deviation"":""0"",""standard_deviation"":""0""},""outcome_latency_nanos"":{""success"":{""count"":""1"",""minimum"":""841054"",""median"":""841054"",""maximum"":""841054"",""p95"":""841054"",""p99"":""841054"",""mean"":""841054"",""median_absolute_deviation"":""0"",""standard_deviation"":""0""},""declared-error"":null,""platform-failure"":null,""transport-failure"":null,""client-timeout"":null,""client-overload"":null,""client-deadline-before-dispatch"":null,""invalid-response"":null},""all_offered_elapsed_nanos"":{""count"":""1"",""minimum"":""947466"",""median"":""947466"",""maximum"":""947466"",""p95"":""947466"",""p99"":""947466"",""mean"":""947466"",""median_absolute_deviation"":""0"",""standard_deviation"":""0""},""successful_response_fraction"":""1"",""dispatch_lag_nanos"":{""count"":""1"",""minimum"":""106412"",""median"":""106412"",""maximum"":""106412"",""p95"":""106412"",""p99"":""106412"",""mean"":""106412"",""median_absolute_deviation"":""0"",""standard_deviation"":""0""},""overshoot_nanos"":{""count"":""1"",""minimum"":""0"",""median"":""0"",""maximum"":""0"",""p95"":""0"",""p99"":""0"",""mean"":""0"",""median_absolute_deviation"":""0"",""standard_deviation"":""0""},""budget_successes"":""1"",""budget_misses"":""0"",""successes_per_second"":""1055.446845"",""attempts_per_second"":""1055.446845""}",1055.446845,1055.446845,1,1,0,862.092747,862.092747,841054,841054,841054,841054,841054,841054,841054,841054,841054,841054,947466,947466,947466,947466,947466,106412,106412,106412,106412,106412,0,0,0,0,0
4,5,native,1,1,density-warmup,warmup,echo,4,1120791,"{""attempts"":""4"",""dispatched"":""4"",""undispatched"":""0"",""received"":""4"",""successful"":""4"",""semantic_mismatches"":""0"",""outcomes"":{""success"":""4""},""first_scheduled_nanos"":""347"",""last_completed_nanos"":""989557"",""elapsed_nanos"":""989210"",""throughput"":{""completed_attempts"":""4"",""successful_responses"":""4"",""elapsed_nanos"":""989210""}}","{""counts"":{""attempts"":""4"",""dispatched"":""4"",""undispatched"":""0"",""received"":""4"",""successful"":""4"",""semantic_mismatches"":""0"",""outcomes"":{""success"":""4""},""first_scheduled_nanos"":""347"",""last_completed_nanos"":""989557"",""elapsed_nanos"":""989210"",""throughput"":{""completed_attempts"":""4"",""successful_responses"":""4"",""elapsed_nanos"":""989210""}},""latency_nanos"":{""count"":""4"",""minimum"":""799444"",""median"":""803380.5"",""maximum"":""847611"",""p95"":""847611"",""p99"":""847611"",""mean"":""813454"",""median_absolute_deviation"":""3554.5"",""standard_deviation"":""19912.691091""},""latency_population"":""all-dispatched-including-failures"",""all_dispatched_latency_nanos"":{""count"":""4"",""minimum"":""799444"",""median"":""803380.5"",""maximum"":""847611"",""p95"":""847611"",""p99"":""847611"",""mean"":""813454"",""median_absolute_deviation"":""3554.5"",""standard_deviation"":""19912.691091""},""successful_response_latency_nanos"":{""count"":""4"",""minimum"":""799444"",""median"":""803380.5"",""maximum"":""847611"",""p95"":""847611"",""p99"":""847611"",""mean"":""813454"",""median_absolute_deviation"":""3554.5"",""standard_deviation"":""19912.691091""},""outcome_latency_nanos"":{""success"":{""count"":""4"",""minimum"":""799444"",""median"":""803380.5"",""maximum"":""847611"",""p95"":""847611"",""p99"":""847611"",""mean"":""813454"",""median_absolute_deviation"":""3554.5"",""standard_deviation"":""19912.691091""},""declared-error"":null,""platform-failure"":null,""transport-failure"":null,""client-timeout"":null,""client-overload"":null,""client-deadline-before-dispatch"":null,""invalid-response"":null},""all_offered_elapsed_nanos"":{""count"":""4"",""minimum"":""897842"",""median"":""937524.5"",""maximum"":""946317"",""p95"":""946317"",""p99"":""946317"",""mean"":""929802"",""median_absolute_deviation"":""7437.5"",""standard_deviation"":""19283.765517""},""successful_response_fraction"":""1"",""dispatch_lag_nanos"":{""count"":""4"",""minimum"":""91289"",""median"":""113997"",""maximum"":""146109"",""p95"":""146109"",""p99"":""146109"",""mean"":""116348"",""median_absolute_deviation"":""20354.5"",""standard_deviation"":""23306.635353""},""overshoot_nanos"":{""count"":""4"",""minimum"":""0"",""median"":""0"",""maximum"":""0"",""p95"":""0"",""p99"":""0"",""mean"":""0"",""median_absolute_deviation"":""0"",""standard_deviation"":""0""},""budget_successes"":""4"",""budget_misses"":""0"",""successes_per_second"":""4043.630776"",""attempts_per_second"":""4043.630776""}",4043.630776,4043.630776,1,4,0,3568.90803,3568.90803,799444,803380.5,847611,847611,847611,799444,803380.5,847611,847611,847611,897842,937524.5,946317,946317,946317,91289,113997,146109,146109,146109,0,0,0,0,0
4,5,native,1,2,density-measured,measured,echo,4,803181,"{""attempts"":""4"",""dispatched"":""4"",""undispatched"":""0"",""received"":""4"",""successful"":""4"",""semantic_mismatches"":""0"",""outcomes"":{""success"":""4""},""first_scheduled_nanos"":""212"",""last_completed_nanos"":""688172"",""elapsed_nanos"":""687960"",""throughput"":{""completed_attempts"":""4"",""successful_responses"":""4"",""elapsed_nanos"":""687960""}}","{""counts"":{""attempts"":""4"",""dispatched"":""4"",""undispatched"":""0"",""received"":""4"",""successful"":""4"",""semantic_mismatches"":""0"",""outcomes"":{""success"":""4""},""first_scheduled_nanos"":""212"",""last_completed_nanos"":""688172"",""elapsed_nanos"":""687960"",""throughput"":{""completed_attempts"":""4"",""successful_responses"":""4"",""elapsed_nanos"":""687960""}},""latency_nanos"":{""count"":""4"",""minimum"":""477201"",""median"":""578632.5"",""maximum"":""599222"",""p95"":""599222"",""p99"":""599222"",""mean"":""558422"",""median_absolute_deviation"":""11458.5"",""standard_deviation"":""47668.789512""},""latency_population"":""all-dispatched-including-failures"",""all_dispatched_latency_nanos"":{""count"":""4"",""minimum"":""477201"",""median"":""578632.5"",""maximum"":""599222"",""p95"":""599222"",""p99"":""599222"",""mean"":""558422"",""median_absolute_deviation"":""11458.5"",""standard_deviation"":""47668.789512""},""successful_response_latency_nanos"":{""count"":""4"",""minimum"":""477201"",""median"":""578632.5"",""maximum"":""599222"",""p95"":""599222"",""p99"":""599222"",""mean"":""558422"",""median_absolute_deviation"":""11458.5"",""standard_deviation"":""47668.789512""},""outcome_latency_nanos"":{""success"":{""count"":""4"",""minimum"":""477201"",""median"":""578632.5"",""maximum"":""599222"",""p95"":""599222"",""p99"":""599222"",""mean"":""558422"",""median_absolute_deviation"":""11458.5"",""standard_deviation"":""47668.789512""},""declared-error"":null,""platform-failure"":null,""transport-failure"":null,""client-timeout"":null,""client-overload"":null,""client-deadline-before-dispatch"":null,""invalid-response"":null},""all_offered_elapsed_nanos"":{""count"":""4"",""minimum"":""608915"",""median"":""658603"",""maximum"":""662677"",""p95"":""662677"",""p99"":""662677"",""mean"":""647199.5"",""median_absolute_deviation"":""3285"",""standard_deviation"":""22236.206978""},""successful_response_fraction"":""1"",""dispatch_lag_nanos"":{""count"":""4"",""minimum"":""63455"",""median"":""79970.5"",""maximum"":""131714"",""p95"":""131714"",""p99"":""131714"",""mean"":""88777.5"",""median_absolute_deviation"":""8342"",""standard_deviation"":""25690.247765""},""overshoot_nanos"":{""count"":""4"",""minimum"":""0"",""median"":""0"",""maximum"":""0"",""p95"":""0"",""p99"":""0"",""mean"":""0"",""median_absolute_deviation"":""0"",""standard_deviation"":""0""},""budget_successes"":""4"",""budget_misses"":""0"",""successes_per_second"":""5814.291529"",""attempts_per_second"":""5814.291529""}",5814.291529,5814.291529,1,4,0,4980.19749,4980.19749,477201,578632.5,599222,599222,599222,477201,578632.5,599222,599222,599222,608915,658603,662677,662677,662677,63455,79970.5,131714,131714,131714,0,0,0,0,0
4,5,native,1,3,echo-c1-warmup,warmup,echo,1,5058267,"{""attempts"":""8"",""dispatched"":""8"",""undispatched"":""0"",""received"":""8"",""successful"":""8"",""semantic_mismatches"":""0"",""outcomes"":{""success"":""8""},""first_scheduled_nanos"":""222"",""last_completed_nanos"":""4977478"",""elapsed_nanos"":""4977256"",""throughput"":{""completed_attempts"":""8"",""successful_responses"":""8"",""elapsed_nanos"":""4977256""}}","{""counts"":{""attempts"":""8"",""dispatched"":""8"",""undispatched"":""0"",""received"":""8"",""successful"":""8"",""semantic_mismatches"":""0"",""outcomes"":{""success"":""8""},""first_scheduled_nanos"":""222"",""last_completed_nanos"":""4977478"",""elapsed_nanos"":""4977256"",""throughput"":{""completed_attempts"":""8"",""successful_responses"":""8"",""elapsed_nanos"":""4977256""}},""latency_nanos"":{""count"":""8"",""minimum"":""244097"",""median"":""435992"",""maximum"":""663254"",""p95"":""663254"",""p99"":""663254"",""mean"":""451569.5"",""median_absolute_deviation"":""104248"",""standard_deviation"":""137421.149392""},""latency_population"":""all-dispatched-including-failures"",""all_dispatched_latency_nanos"":{""count"":""8"",""minimum"":""244097"",""median"":""435992"",""maximum"":""663254"",""p95"":""663254"",""p99"":""663254"",""mean"":""451569.5"",""median_absolute_deviation"":""104248"",""standard_deviation"":""137421.149392""},""successful_response_latency_nanos"":{""count"":""8"",""minimum"":""244097"",""median"":""435992"",""maximum"":""663254"",""p95"":""663254"",""p99"":""663254"",""mean"":""451569.5"",""median_absolute_deviation"":""104248"",""standard_deviation"":""137421.149392""},""outcome_latency_nanos"":{""success"":{""count"":""8"",""minimum"":""244097"",""median"":""435992"",""maximum"":""663254"",""p95"":""663254"",""p99"":""663254"",""mean"":""451569.5"",""median_absolute_deviation"":""104248"",""standard_deviation"":""137421.149392""},""declared-error"":null,""platform-failure"":null,""transport-failure"":null,""client-timeout"":null,""client-overload"":null,""client-deadline-before-dispatch"":null,""invalid-response"":null},""all_offered_elapsed_nanos"":{""count"":""8"",""minimum"":""299147"",""median"":""486855"",""maximum"":""787716"",""p95"":""787716"",""p99"":""787716"",""mean"":""523003.875"",""median_absolute_deviation"":""88333"",""standard_deviation"":""151895.752226""},""successful_response_fraction"":""1"",""dispatch_lag_nanos"":{""count"":""8"",""minimum"":""49933"",""median"":""59628"",""maximum"":""124462"",""p95"":""124462"",""p99"":""124462"",""mean"":""71434.375"",""median_absolute_deviation"":""8765"",""standard_deviation"":""24083.661567""},""overshoot_nanos"":{""count"":""8"",""minimum"":""0"",""median"":""0"",""maximum"":""0"",""p95"":""0"",""p99"":""0"",""mean"":""0"",""median_absolute_deviation"":""0"",""standard_deviation"":""0""},""budget_successes"":""8"",""budget_misses"":""0"",""successes_per_second"":""1607.311338"",""attempts_per_second"":""1607.311338""}",1607.311338,1607.311338,1,8,0,1581.56934,1581.56934,244097,435992,663254,663254,663254,244097,435992,663254,663254,663254,299147,486855,787716,787716,787716,49933,59628,124462,124462,124462,0,0,0,0,0
4,5,native,1,4,echo-c1-measured,measured,echo,1,67484229,"{""attempts"":""128"",""dispatched"":""128"",""undispatched"":""0"",""received"":""128"",""successful"":""128"",""semantic_mismatches"":""0"",""outcomes"":{""success"":""128""},""first_scheduled_nanos"":""220"",""last_completed_nanos"":""67424167"",""elapsed_nanos"":""67423947"",""throughput"":{""completed_attempts"":""128"",""successful_responses"":""128"",""elapsed_nanos"":""67423947""}}","{""counts"":{""attempts"":""128"",""dispatched"":""128"",""undispatched"":""0"",""received"":""128"",""successful"":""128"",""semantic_mismatches"":""0"",""outcomes"":{""success"":""128""},""first_scheduled_nanos"":""220"",""last_completed_nanos"":""67424167"",""elapsed_nanos"":""67423947"",""throughput"":{""completed_attempts"":""128"",""successful_responses"":""128"",""elapsed_nanos"":""67423947""}},""latency_nanos"":{""count"":""128"",""minimum"":""206029"",""median"":""326245.5"",""maximum"":""1094416"",""p95"":""637974"",""p99"":""881818"",""mean"":""351604.664062"",""median_absolute_deviation"":""49809.5"",""standard_deviation"":""136003.971345""},""latency_population"":""all-dispatched-including-failures"",""all_dispatched_latency_nanos"":{""count"":""128"",""minimum"":""206029"",""median"":""326245.5"",""maximum"":""1094416"",""p95"":""637974"",""p99"":""881818"",""mean"":""351604.664062"",""median_absolute_deviation"":""49809.5"",""standard_deviation"":""136003.971345""},""successful_response_latency_nanos"":{""count"":""128"",""minimum"":""206029"",""median"":""326245.5"",""maximum"":""1094416"",""p95"":""637974"",""p99"":""881818"",""mean"":""351604.664062"",""median_absolute_deviation"":""49809.5"",""standard_deviation"":""136003.971345""},""outcome_latency_nanos"":{""success"":{""count"":""128"",""minimum"":""206029"",""median"":""326245.5"",""maximum"":""1094416"",""p95"":""637974"",""p99"":""881818"",""mean"":""351604.664062"",""median_absolute_deviation"":""49809.5"",""standard_deviation"":""136003.971345""},""declared-error"":null,""platform-failure"":null,""transport-failure"":null,""client-timeout"":null,""client-overload"":null,""client-deadline-before-dispatch"":null,""invalid-response"":null},""all_offered_elapsed_nanos"":{""count"":""128"",""minimum"":""249225"",""median"":""376766"",""maximum"":""1140505"",""p95"":""750305"",""p99"":""991151"",""mean"":""419522.796875"",""median_absolute_deviation"":""54008"",""standard_deviation"":""154951.477432""},""successful_response_fraction"":""1"",""dispatch_lag_nanos"":{""count"":""128"",""minimum"":""40800"",""median"":""56451"",""maximum"":""250487"",""p95"":""122829"",""p99"":""203929"",""mean"":""67918.132812"",""median_absolute_deviation"":""9987.5"",""standard_deviation"":""33472.917055""},""overshoot_nanos"":{""count"":""128"",""minimum"":""0"",""median"":""0"",""maximum"":""0"",""p95"":""0"",""p99"":""0"",""mean"":""0"",""median_absolute_deviation"":""0"",""standard_deviation"":""0""},""budget_successes"":""128"",""budget_misses"":""0"",""successes_per_second"":""1898.435284"",""attempts_per_second"":""1898.435284""}",1898.435284,1898.435284,1,128,0,1896.739459,1896.739459,206029,326245.5,637974,881818,1094416,206029,326245.5,637974,881818,1094416,249225,376766,750305,991151,1140505,40800,56451,122829,203929,250487,0,0,0,0,0
4,5,native,1,5,compute-c1-warmup,warmup,compute,1,2233787,"{""attempts"":""4"",""dispatched"":""4"",""undispatched"":""0"",""received"":""4"",""successful"":""4"",""semantic_mismatches"":""0"",""outcomes"":{""success"":""4""},""first_scheduled_nanos"":""315"",""last_completed_nanos"":""2140626"",""elapsed_nanos"":""2140311"",""throughput"":{""completed_attempts"":""4"",""successful_responses"":""4"",""elapsed_nanos"":""2140311""}}","{""counts"":{""attempts"":""4"",""dispatched"":""4"",""undispatched"":""0"",""received"":""4"",""successful"":""4"",""semantic_mismatches"":""0"",""outcomes"":{""success"":""4""},""first_scheduled_nanos"":""315"",""last_completed_nanos"":""2140626"",""elapsed_nanos"":""2140311"",""throughput"":{""completed_attempts"":""4"",""successful_responses"":""4"",""elapsed_nanos"":""2140311""}},""latency_nanos"":{""count"":""4"",""minimum"":""336531"",""median"":""390750.5"",""maximum"":""519312"",""p95"":""519312"",""p99"":""519312"",""mean"":""409336"",""median_absolute_deviation"":""50109"",""standard_deviation"":""74695.80682""},""latency_population"":""all-dispatched-including-failures"",""all_dispatched_latency_nanos"":{""count"":""4"",""minimum"":""336531"",""median"":""390750.5"",""maximum"":""519312"",""p95"":""519312"",""p99"":""519312"",""mean"":""409336"",""median_absolute_deviation"":""50109"",""standard_deviation"":""74695.80682""},""successful_response_latency_nanos"":{""count"":""4"",""minimum"":""336531"",""median"":""390750.5"",""maximum"":""519312"",""p95"":""519312"",""p99"":""519312"",""mean"":""409336"",""median_absolute_deviation"":""50109"",""standard_deviation"":""74695.80682""},""outcome_latency_nanos"":{""success"":{""count"":""4"",""minimum"":""336531"",""median"":""390750.5"",""maximum"":""519312"",""p95"":""519312"",""p99"":""519312"",""mean"":""409336"",""median_absolute_deviation"":""50109"",""standard_deviation"":""74695.80682""},""declared-error"":null,""platform-failure"":null,""transport-failure"":null,""client-timeout"":null,""client-overload"":null,""client-deadline-before-dispatch"":null,""invalid-response"":null},""all_offered_elapsed_nanos"":{""count"":""4"",""minimum"":""389524"",""median"":""463532"",""maximum"":""587264"",""p95"":""587264"",""p99"":""587264"",""mean"":""475963"",""median_absolute_deviation"":""66528"",""standard_deviation"":""82374.154703""},""successful_response_fraction"":""1"",""dispatch_lag_nanos"":{""count"":""4"",""minimum"":""52993"",""median"":""63842"",""maximum"":""85831"",""p95"":""85831"",""p99"":""85831"",""mean"":""66627"",""median_absolute_deviation"":""7479.5"",""standard_deviation"":""12287.963847""},""overshoot_nanos"":{""count"":""4"",""minimum"":""0"",""median"":""0"",""maximum"":""0"",""p95"":""0"",""p99"":""0"",""mean"":""0"",""median_absolute_deviation"":""0"",""standard_deviation"":""0""},""budget_successes"":""4"",""budget_misses"":""0"",""successes_per_second"":""1868.887279"",""attempts_per_second"":""1868.887279""}",1868.887279,1868.887279,1,4,0,1790.681027,1790.681027,336531,390750.5,519312,519312,519312,336531,390750.5,519312,519312,519312,389524,463532,587264,587264,587264,52993,63842,85831,85831,85831,0,0,0,0,0
4,5,native,1,6,compute-c1-measured,measured,compute,1,38108574,"{""attempts"":""64"",""dispatched"":""64"",""undispatched"":""0"",""received"":""64"",""successful"":""64"",""semantic_mismatches"":""0"",""outcomes"":{""success"":""64""},""first_scheduled_nanos"":""240"",""last_completed_nanos"":""38017153"",""elapsed_nanos"":""38016913"",""throughput"":{""completed_attempts"":""64"",""successful_responses"":""64"",""elapsed_nanos"":""38016913""}}","{""counts"":{""attempts"":""64"",""dispatched"":""64"",""undispatched"":""0"",""received"":""64"",""successful"":""64"",""semantic_mismatches"":""0"",""outcomes"":{""success"":""64""},""first_scheduled_nanos"":""240"",""last_completed_nanos"":""38017153"",""elapsed_nanos"":""38016913"",""throughput"":{""completed_attempts"":""64"",""successful_responses"":""64"",""elapsed_nanos"":""38016913""}},""latency_nanos"":{""count"":""64"",""minimum"":""261978"",""median"":""377341.5"",""maximum"":""948489"",""p95"":""686471"",""p99"":""948489"",""mean"":""421388.34375"",""median_absolute_deviation"":""75434"",""standard_deviation"":""140082.756994""},""latency_population"":""all-dispatched-including-failures"",""all_dispatched_latency_nanos"":{""count"":""64"",""minimum"":""261978"",""median"":""377341.5"",""maximum"":""948489"",""p95"":""686471"",""p99"":""948489"",""mean"":""421388.34375"",""median_absolute_deviation"":""75434"",""standard_deviation"":""140082.756994""},""successful_response_latency_nanos"":{""count"":""64"",""minimum"":""261978"",""median"":""377341.5"",""maximum"":""948489"",""p95"":""686471"",""p99"":""948489"",""mean"":""421388.34375"",""median_absolute_deviation"":""75434"",""standard_deviation"":""140082.756994""},""outcome_latency_nanos"":{""success"":{""count"":""64"",""minimum"":""261978"",""median"":""377341.5"",""maximum"":""948489"",""p95"":""686471"",""p99"":""948489"",""mean"":""421388.34375"",""median_absolute_deviation"":""75434"",""standard_deviation"":""140082.756994""},""declared-error"":null,""platform-failure"":null,""transport-failure"":null,""client-timeout"":null,""client-overload"":null,""client-deadline-before-dispatch"":null,""invalid-response"":null},""all_offered_elapsed_nanos"":{""count"":""64"",""minimum"":""306804"",""median"":""436084"",""maximum"":""1021010"",""p95"":""750638"",""p99"":""1021010"",""mean"":""487040.59375"",""median_absolute_deviation"":""83278"",""standard_deviation"":""154518.527933""},""successful_response_fraction"":""1"",""dispatch_lag_nanos"":{""count"":""64"",""minimum"":""44563"",""median"":""56306.5"",""maximum"":""275283"",""p95"":""107417"",""p99"":""275283"",""mean"":""65652.25"",""median_absolute_deviation"":""7870"",""standard_deviation"":""32067.816621""},""overshoot_nanos"":{""count"":""64"",""minimum"":""0"",""median"":""0"",""maximum"":""0"",""p95"":""0"",""p99"":""0"",""mean"":""0"",""median_absolute_deviation"":""0"",""standard_deviation"":""0""},""budget_successes"":""64"",""budget_misses"":""0"",""successes_per_second"":""1683.461253"",""attempts_per_second"":""1683.461253""}",1683.461253,1683.461253,1,64,0,1679.412092,1679.412092,261978,377341.5,686471,948489,948489,261978,377341.5,686471,948489,948489,306804,436084,750638,1021010,1021010,44563,56306.5,107417,275283,275283,0,0,0,0,0
4,5,native,1,7,echo-c4-warmup,warmup,echo,4,1565874,"{""attempts"":""8"",""dispatched"":""8"",""undispatched"":""0"",""received"":""8"",""successful"":""8"",""semantic_mismatches"":""0"",""outcomes"":{""success"":""8""},""first_scheduled_nanos"":""192"",""last_completed_nanos"":""1490522"",""elapsed_nanos"":""1490330"",""throughput"":{""completed_attempts"":""8"",""successful_responses"":""8"",""elapsed_nanos"":""1490330""}}","{""counts"":{""attempts"":""8"",""dispatched"":""8"",""undispatched"":""0"",""received"":""8"",""successful"":""8"",""semantic_mismatches"":""0"",""outcomes"":{""success"":""8""},""first_scheduled_nanos"":""192"",""last_completed_nanos"":""1490522"",""elapsed_nanos"":""1490330"",""throughput"":{""completed_attempts"":""8"",""successful_responses"":""8"",""elapsed_nanos"":""1490330""}},""latency_nanos"":{""count"":""8"",""minimum"":""501818"",""median"":""543391"",""maximum"":""582435"",""p95"":""582435"",""p99"":""582435"",""mean"":""545837.375"",""median_absolute_deviation"":""15743.5"",""standard_deviation"":""25310.986937""},""latency_population"":""all-dispatched-including-failures"",""all_dispatched_latency_nanos"":{""count"":""8"",""minimum"":""501818"",""median"":""543391"",""maximum"":""582435"",""p95"":""582435"",""p99"":""582435"",""mean"":""545837.375"",""median_absolute_deviation"":""15743.5"",""standard_deviation"":""25310.986937""},""successful_response_latency_nanos"":{""count"":""8"",""minimum"":""501818"",""median"":""543391"",""maximum"":""582435"",""p95"":""582435"",""p99"":""582435"",""mean"":""545837.375"",""median_absolute_deviation"":""15743.5"",""standard_deviation"":""25310.986937""},""outcome_latency_nanos"":{""success"":{""count"":""8"",""minimum"":""501818"",""median"":""543391"",""maximum"":""582435"",""p95"":""582435"",""p99"":""582435"",""mean"":""545837.375"",""median_absolute_deviation"":""15743.5"",""standard_deviation"":""25310.986937""},""declared-error"":null,""platform-failure"":null,""transport-failure"":null,""client-timeout"":null,""client-overload"":null,""client-deadline-before-dispatch"":null,""invalid-response"":null},""all_offered_elapsed_nanos"":{""count"":""8"",""minimum"":""562449"",""median"":""607449"",""maximum"":""653174"",""p95"":""653174"",""p99"":""653174"",""mean"":""603871.25"",""median_absolute_deviation"":""41018"",""standard_deviation"":""34744.175295""},""successful_response_fraction"":""1"",""dispatch_lag_nanos"":{""count"":""8"",""minimum"":""13468"",""median"":""61335.5"",""maximum"":""112478"",""p95"":""112478"",""p99"":""112478"",""mean"":""58033.875"",""median_absolute_deviation"":""14573.5"",""standard_deviation"":""28077.844519""},""overshoot_nanos"":{""count"":""8"",""minimum"":""0"",""median"":""0"",""maximum"":""0"",""p95"":""0"",""p99"":""0"",""mean"":""0"",""median_absolute_deviation"":""0"",""standard_deviation"":""0""},""budget_successes"":""8"",""budget_misses"":""0"",""successes_per_second"":""5367.938644"",""attempts_per_second"":""5367.938644""}",5367.938644,5367.938644,1,8,0,5108.967899,5108.967899,501818,543391,582435,582435,582435,501818,543391,582435,582435,582435,562449,607449,653174,653174,653174,13468,61335.5,112478,112478,112478,0,0,0,0,0
4,5,native,1,8,echo-c4-measured,measured,echo,4,17591171,"{""attempts"":""128"",""dispatched"":""128"",""undispatched"":""0"",""received"":""128"",""successful"":""128"",""semantic_mismatches"":""0"",""outcomes"":{""success"":""128""},""first_scheduled_nanos"":""270"",""last_completed_nanos"":""17513916"",""elapsed_nanos"":""17513646"",""throughput"":{""completed_attempts"":""128"",""successful_responses"":""128"",""elapsed_nanos"":""17513646""}}","{""counts"":{""attempts"":""128"",""dispatched"":""128"",""undispatched"":""0"",""received"":""128"",""successful"":""128"",""semantic_mismatches"":""0"",""outcomes"":{""success"":""128""},""first_scheduled_nanos"":""270"",""last_completed_nanos"":""17513916"",""elapsed_nanos"":""17513646"",""throughput"":{""completed_attempts"":""128"",""successful_responses"":""128"",""elapsed_nanos"":""17513646""}},""latency_nanos"":{""count"":""128"",""minimum"":""259542"",""median"":""399547.5"",""maximum"":""715595"",""p95"":""517378"",""p99"":""631523"",""mean"":""400780.335938"",""median_absolute_deviation"":""48207"",""standard_deviation"":""75289.138886""},""latency_population"":""all-dispatched-including-failures"",""all_dispatched_latency_nanos"":{""count"":""128"",""minimum"":""259542"",""median"":""399547.5"",""maximum"":""715595"",""p95"":""517378"",""p99"":""631523"",""mean"":""400780.335938"",""median_absolute_deviation"":""48207"",""standard_deviation"":""75289.138886""},""successful_response_latency_nanos"":{""count"":""128"",""minimum"":""259542"",""median"":""399547.5"",""maximum"":""715595"",""p95"":""517378"",""p99"":""631523"",""mean"":""400780.335938"",""median_absolute_deviation"":""48207"",""standard_deviation"":""75289.138886""},""outcome_latency_nanos"":{""success"":{""count"":""128"",""minimum"":""259542"",""median"":""399547.5"",""maximum"":""715595"",""p95"":""517378"",""p99"":""631523"",""mean"":""400780.335938"",""median_absolute_deviation"":""48207"",""standard_deviation"":""75289.138886""},""declared-error"":null,""platform-failure"":null,""transport-failure"":null,""client-timeout"":null,""client-overload"":null,""client-deadline-before-dispatch"":null,""invalid-response"":null},""all_offered_elapsed_nanos"":{""count"":""128"",""minimum"":""280456"",""median"":""432489.5"",""maximum"":""778347"",""p95"":""562331"",""p99"":""650411"",""mean"":""439456.375"",""median_absolute_deviation"":""57743"",""standard_deviation"":""78412.083715""},""successful_response_fraction"":""1"",""dispatch_lag_nanos"":{""count"":""128"",""minimum"":""5485"",""median"":""37231.5"",""maximum"":""97590"",""p95"":""71270"",""p99"":""87138"",""mean"":""38676.039062"",""median_absolute_deviation"":""17455"",""standard_deviation"":""20661.476765""},""overshoot_nanos"":{""count"":""128"",""minimum"":""0"",""median"":""0"",""maximum"":""0"",""p95"":""0"",""p99"":""0"",""mean"":""0"",""median_absolute_deviation"":""0"",""standard_deviation"":""0""},""budget_successes"":""128"",""budget_misses"":""0"",""successes_per_second"":""7308.586687"",""attempts_per_second"":""7308.586687""}",7308.586687,7308.586687,1,128,0,7276.377451,7276.377451,259542,399547.5,517378,631523,715595,259542,399547.5,517378,631523,715595,280456,432489.5,562331,650411,778347,5485,37231.5,71270,87138,97590,0,0,0,0,0
5,0,native,32,0,first,first,echo,1,24633215,"{""attempts"":""32"",""dispatched"":""32"",""undispatched"":""0"",""received"":""32"",""successful"":""32"",""semantic_mismatches"":""0"",""outcomes"":{""success"":""32""},""first_scheduled_nanos"":""334"",""last_completed_nanos"":""24447203"",""elapsed_nanos"":""24446869"",""throughput"":{""completed_attempts"":""32"",""successful_responses"":""32"",""elapsed_nanos"":""24446869""}}","{""counts"":{""attempts"":""32"",""dispatched"":""32"",""undispatched"":""0"",""received"":""32"",""successful"":""32"",""semantic_mismatches"":""0"",""outcomes"":{""success"":""32""},""first_scheduled_nanos"":""334"",""last_completed_nanos"":""24447203"",""elapsed_nanos"":""24446869"",""throughput"":{""completed_attempts"":""32"",""successful_responses"":""32"",""elapsed_nanos"":""24446869""}},""latency_nanos"":{""count"":""32"",""minimum"":""446861"",""median"":""541016.5"",""maximum"":""961892"",""p95"":""855583"",""p99"":""961892"",""mean"":""572765.5"",""median_absolute_deviation"":""43748.5"",""standard_deviation"":""113451.851602""},""latency_population"":""all-dispatched-including-failures"",""all_dispatched_latency_nanos"":{""count"":""32"",""minimum"":""446861"",""median"":""541016.5"",""maximum"":""961892"",""p95"":""855583"",""p99"":""961892"",""mean"":""572765.5"",""median_absolute_deviation"":""43748.5"",""standard_deviation"":""113451.851602""},""successful_response_latency_nanos"":{""count"":""32"",""minimum"":""446861"",""median"":""541016.5"",""maximum"":""961892"",""p95"":""855583"",""p99"":""961892"",""mean"":""572765.5"",""median_absolute_deviation"":""43748.5"",""standard_deviation"":""113451.851602""},""outcome_latency_nanos"":{""success"":{""count"":""32"",""minimum"":""446861"",""median"":""541016.5"",""maximum"":""961892"",""p95"":""855583"",""p99"":""961892"",""mean"":""572765.5"",""median_absolute_deviation"":""43748.5"",""standard_deviation"":""113451.851602""},""declared-error"":null,""platform-failure"":null,""transport-failure"":null,""client-timeout"":null,""client-overload"":null,""client-deadline-before-dispatch"":null,""invalid-response"":null},""all_offered_elapsed_nanos"":{""count"":""32"",""minimum"":""503502"",""median"":""619726.5"",""maximum"":""1129529"",""p95"":""942531"",""p99"":""1129529"",""mean"":""645204.15625"",""median_absolute_deviation"":""56141.5"",""standard_deviation"":""128867.120006""},""successful_response_fraction"":""1"",""dispatch_lag_nanos"":{""count"":""32"",""minimum"":""40700"",""median"":""64887"",""maximum"":""167637"",""p95"":""131957"",""p99"":""167637"",""mean"":""72438.65625"",""median_absolute_deviation"":""7541.5"",""standard_deviation"":""22999.763422""},""overshoot_nanos"":{""count"":""32"",""minimum"":""0"",""median"":""0"",""maximum"":""0"",""p95"":""0"",""p99"":""0"",""mean"":""0"",""median_absolute_deviation"":""0"",""standard_deviation"":""0""},""budget_successes"":""32"",""budget_misses"":""0"",""successes_per_second"":""1308.961078"",""attempts_per_second"":""1308.961078""}",1308.961078,1308.961078,1,32,0,1299.059014,1299.059014,446861,541016.5,855583,961892,961892,446861,541016.5,855583,961892,961892,503502,619726.5,942531,1129529,1129529,40700,64887,131957,167637,167637,0,0,0,0,0
5,0,native,32,1,density-warmup,warmup,echo,4,18631313,"{""attempts"":""128"",""dispatched"":""128"",""undispatched"":""0"",""received"":""128"",""successful"":""128"",""semantic_mismatches"":""0"",""outcomes"":{""success"":""128""},""first_scheduled_nanos"":""315"",""last_completed_nanos"":""18542054"",""elapsed_nanos"":""18541739"",""throughput"":{""completed_attempts"":""128"",""successful_responses"":""128"",""elapsed_nanos"":""18541739""}}","{""counts"":{""attempts"":""128"",""dispatched"":""128"",""undispatched"":""0"",""received"":""128"",""successful"":""128"",""semantic_mismatches"":""0"",""outcomes"":{""success"":""128""},""first_scheduled_nanos"":""315"",""last_completed_nanos"":""18542054"",""elapsed_nanos"":""18541739"",""throughput"":{""completed_attempts"":""128"",""successful_responses"":""128"",""elapsed_nanos"":""18541739""}},""latency_nanos"":{""count"":""128"",""minimum"":""281544"",""median"":""398220"",""maximum"":""803645"",""p95"":""644347"",""p99"":""736534"",""mean"":""416240.40625"",""median_absolute_deviation"":""44333"",""standard_deviation"":""94969.408922""},""latency_population"":""all-dispatched-including-failures"",""all_dispatched_latency_nanos"":{""count"":""128"",""minimum"":""281544"",""median"":""398220"",""maximum"":""803645"",""p95"":""644347"",""p99"":""736534"",""mean"":""416240.40625"",""median_absolute_deviation"":""44333"",""standard_deviation"":""94969.408922""},""successful_response_latency_nanos"":{""count"":""128"",""minimum"":""281544"",""median"":""398220"",""maximum"":""803645"",""p95"":""644347"",""p99"":""736534"",""mean"":""416240.40625"",""median_absolute_deviation"":""44333"",""standard_deviation"":""94969.408922""},""outcome_latency_nanos"":{""success"":{""count"":""128"",""minimum"":""281544"",""median"":""398220"",""maximum"":""803645"",""p95"":""644347"",""p99"":""736534"",""mean"":""416240.40625"",""median_absolute_deviation"":""44333"",""standard_deviation"":""94969.408922""},""declared-error"":null,""platform-failure"":null,""transport-failure"":null,""client-timeout"":null,""client-overload"":null,""client-deadline-before-dispatch"":null,""invalid-response"":null},""all_offered_elapsed_nanos"":{""count"":""128"",""minimum"":""298049"",""median"":""435967.5"",""maximum"":""901335"",""p95"":""739836"",""p99"":""842177"",""mean"":""460976"",""median_absolute_deviation"":""45142.5"",""standard_deviation"":""104740.443656""},""successful_response_fraction"":""1"",""dispatch_lag_nanos"":{""count"":""128"",""minimum"":""5859"",""median"":""40664"",""maximum"":""130396"",""p95"":""91236"",""p99"":""119646"",""mean"":""44735.59375"",""median_absolute_deviation"":""19249"",""standard_deviation"":""25567.92991""},""overshoot_nanos"":{""count"":""128"",""minimum"":""0"",""median"":""0"",""maximum"":""0"",""p95"":""0"",""p99"":""0"",""mean"":""0"",""median_absolute_deviation"":""0"",""standard_deviation"":""0""},""budget_successes"":""128"",""budget_misses"":""0"",""successes_per_second"":""6903.343856"",""attempts_per_second"":""6903.343856""}",6903.343856,6903.343856,1,128,0,6870.154562,6870.154562,281544,398220,644347,736534,803645,281544,398220,644347,736534,803645,298049,435967.5,739836,842177,901335,5859,40664,91236,119646,130396,0,0,0,0,0
5,0,native,32,2,density-measured,measured,echo,4,16296831,"{""attempts"":""128"",""dispatched"":""128"",""undispatched"":""0"",""received"":""128"",""successful"":""128"",""semantic_mismatches"":""0"",""outcomes"":{""success"":""128""},""first_scheduled_nanos"":""217"",""last_completed_nanos"":""16203030"",""elapsed_nanos"":""16202813"",""throughput"":{""completed_attempts"":""128"",""successful_responses"":""128"",""elapsed_nanos"":""16202813""}}","{""counts"":{""attempts"":""128"",""dispatched"":""128"",""undispatched"":""0"",""received"":""128"",""successful"":""128"",""semantic_mismatches"":""0"",""outcomes"":{""success"":""128""},""first_scheduled_nanos"":""217"",""last_completed_nanos"":""16203030"",""elapsed_nanos"":""16202813"",""throughput"":{""completed_attempts"":""128"",""successful_responses"":""128"",""elapsed_nanos"":""16202813""}},""latency_nanos"":{""count"":""128"",""minimum"":""267749"",""median"":""350290"",""maximum"":""514347"",""p95"":""441686"",""p99"":""512876"",""mean"":""355748.351562"",""median_absolute_deviation"":""26537"",""standard_deviation"":""44818.37051""},""latency_population"":""all-dispatched-including-failures"",""all_dispatched_latency_nanos"":{""count"":""128"",""minimum"":""267749"",""median"":""350290"",""maximum"":""514347"",""p95"":""441686"",""p99"":""512876"",""mean"":""355748.351562"",""median_absolute_deviation"":""26537"",""standard_deviation"":""44818.37051""},""successful_response_latency_nanos"":{""count"":""128"",""minimum"":""267749"",""median"":""350290"",""maximum"":""514347"",""p95"":""441686"",""p99"":""512876"",""mean"":""355748.351562"",""median_absolute_deviation"":""26537"",""standard_deviation"":""44818.37051""},""outcome_latency_nanos"":{""success"":{""count"":""128"",""minimum"":""267749"",""median"":""350290"",""maximum"":""514347"",""p95"":""441686"",""p99"":""512876"",""mean"":""355748.351562"",""median_absolute_deviation"":""26537"",""standard_deviation"":""44818.37051""},""declared-error"":null,""platform-failure"":null,""transport-failure"":null,""client-timeout"":null,""client-overload"":null,""client-deadline-before-dispatch"":null,""invalid-response"":null},""all_offered_elapsed_nanos"":{""count"":""128"",""minimum"":""287237"",""median"":""387785"",""maximum"":""600627"",""p95"":""478048"",""p99"":""595275"",""mean"":""396191.304688"",""median_absolute_deviation"":""26864"",""standard_deviation"":""50390.422392""},""successful_response_fraction"":""1"",""dispatch_lag_nanos"":{""count"":""128"",""minimum"":""6018"",""median"":""37059"",""maximum"":""105335"",""p95"":""77146"",""p99"":""87554"",""mean"":""40442.953125"",""median_absolute_deviation"":""17935"",""standard_deviation"":""21854.898874""},""overshoot_nanos"":{""count"":""128"",""minimum"":""0"",""median"":""0"",""maximum"":""0"",""p95"":""0"",""p99"":""0"",""mean"":""0"",""median_absolute_deviation"":""0"",""standard_deviation"":""0""},""budget_successes"":""128"",""budget_misses"":""0"",""successes_per_second"":""7899.86282"",""attempts_per_second"":""7899.86282""}",7899.86282,7899.86282,1,128,0,7854.287745,7854.287745,267749,350290,441686,512876,514347,267749,350290,441686,512876,514347,287237,387785,478048,595275,600627,6018,37059,77146,87554,105335,0,0,0,0,0
5,1,lsf,32,0,first,first,echo,1,1129455042,"{""attempts"":""32"",""dispatched"":""32"",""undispatched"":""0"",""received"":""32"",""successful"":""32"",""semantic_mismatches"":""0"",""outcomes"":{""success"":""32""},""first_scheduled_nanos"":""317"",""last_completed_nanos"":""1129253859"",""elapsed_nanos"":""1129253542"",""throughput"":{""completed_attempts"":""32"",""successful_responses"":""32"",""elapsed_nanos"":""1129253542""}}","{""counts"":{""attempts"":""32"",""dispatched"":""32"",""undispatched"":""0"",""received"":""32"",""successful"":""32"",""semantic_mismatches"":""0"",""outcomes"":{""success"":""32""},""first_scheduled_nanos"":""317"",""last_completed_nanos"":""1129253859"",""elapsed_nanos"":""1129253542"",""throughput"":{""completed_attempts"":""32"",""successful_responses"":""32"",""elapsed_nanos"":""1129253542""}},""latency_nanos"":{""count"":""32"",""minimum"":""31279150"",""median"":""34684499"",""maximum"":""53105015"",""p95"":""37463196"",""p99"":""53105015"",""mean"":""34957086.0625"",""median_absolute_deviation"":""1529672.5"",""standard_deviation"":""3701100.664219""},""latency_population"":""all-dispatched-including-failures"",""all_dispatched_latency_nanos"":{""count"":""32"",""minimum"":""31279150"",""median"":""34684499"",""maximum"":""53105015"",""p95"":""37463196"",""p99"":""53105015"",""mean"":""34957086.0625"",""median_absolute_deviation"":""1529672.5"",""standard_deviation"":""3701100.664219""},""successful_response_latency_nanos"":{""count"":""32"",""minimum"":""31279150"",""median"":""34684499"",""maximum"":""53105015"",""p95"":""37463196"",""p99"":""53105015"",""mean"":""34957086.0625"",""median_absolute_deviation"":""1529672.5"",""standard_deviation"":""3701100.664219""},""outcome_latency_nanos"":{""success"":{""count"":""32"",""minimum"":""31279150"",""median"":""34684499"",""maximum"":""53105015"",""p95"":""37463196"",""p99"":""53105015"",""mean"":""34957086.0625"",""median_absolute_deviation"":""1529672.5"",""standard_deviation"":""3701100.664219""},""declared-error"":null,""platform-failure"":null,""transport-failure"":null,""client-timeout"":null,""client-overload"":null,""client-deadline-before-dispatch"":null,""invalid-response"":null},""all_offered_elapsed_nanos"":{""count"":""32"",""minimum"":""31359770"",""median"":""34907832"",""maximum"":""53301939"",""p95"":""37587925"",""p99"":""53301939"",""mean"":""35102019"",""median_absolute_deviation"":""1592298"",""standard_deviation"":""3716677.48746""},""successful_response_fraction"":""1"",""dispatch_lag_nanos"":{""count"":""32"",""minimum"":""65390"",""median"":""132874"",""maximum"":""322653"",""p95"":""263061"",""p99"":""322653"",""mean"":""144932.9375"",""median_absolute_deviation"":""43695.5"",""standard_deviation"":""60915.801604""},""overshoot_nanos"":{""count"":""32"",""minimum"":""0"",""median"":""0"",""maximum"":""0"",""p95"":""0"",""p99"":""0"",""mean"":""0"",""median_absolute_deviation"":""0"",""standard_deviation"":""0""},""budget_successes"":""32"",""budget_misses"":""0"",""successes_per_second"":""28.337303"",""attempts_per_second"":""28.337303""}",28.337303,28.337303,1,32,0,28.332248,28.332248,31279150,34684499,37463196,53105015,53105015,31279150,34684499,37463196,53105015,53105015,31359770,34907832,37587925,53301939,53301939,65390,132874,263061,322653,322653,0,0,0,0,0
5,1,lsf,32,1,density-warmup,warmup,echo,4,34255390,"{""attempts"":""128"",""dispatched"":""128"",""undispatched"":""0"",""received"":""128"",""successful"":""128"",""semantic_mismatches"":""0"",""outcomes"":{""success"":""128""},""first_scheduled_nanos"":""316"",""last_completed_nanos"":""34177330"",""elapsed_nanos"":""34177014"",""throughput"":{""completed_attempts"":""128"",""successful_responses"":""128"",""elapsed_nanos"":""34177014""}}","{""counts"":{""attempts"":""128"",""dispatched"":""128"",""undispatched"":""0"",""received"":""128"",""successful"":""128"",""semantic_mismatches"":""0"",""outcomes"":{""success"":""128""},""first_scheduled_nanos"":""316"",""last_completed_nanos"":""34177330"",""elapsed_nanos"":""34177014"",""throughput"":{""completed_attempts"":""128"",""successful_responses"":""128"",""elapsed_nanos"":""34177014""}},""latency_nanos"":{""count"":""128"",""minimum"":""547413"",""median"":""822516"",""maximum"":""2226585"",""p95"":""1423367"",""p99"":""2005223"",""mean"":""904868.070312"",""median_absolute_deviation"":""133590.5"",""standard_deviation"":""280676.935246""},""latency_population"":""all-dispatched-including-failures"",""all_dispatched_latency_nanos"":{""count"":""128"",""minimum"":""547413"",""median"":""822516"",""maximum"":""2226585"",""p95"":""1423367"",""p99"":""2005223"",""mean"":""904868.070312"",""median_absolute_deviation"":""133590.5"",""standard_deviation"":""280676.935246""},""successful_response_latency_nanos"":{""count"":""128"",""minimum"":""547413"",""median"":""822516"",""maximum"":""2226585"",""p95"":""1423367"",""p99"":""2005223"",""mean"":""904868.070312"",""median_absolute_deviation"":""133590.5"",""standard_deviation"":""280676.935246""},""outcome_latency_nanos"":{""success"":{""count"":""128"",""minimum"":""547413"",""median"":""822516"",""maximum"":""2226585"",""p95"":""1423367"",""p99"":""2005223"",""mean"":""904868.070312"",""median_absolute_deviation"":""133590.5"",""standard_deviation"":""280676.935246""},""declared-error"":null,""platform-failure"":null,""transport-failure"":null,""client-timeout"":null,""client-overload"":null,""client-deadline-before-dispatch"":null,""invalid-response"":null},""all_offered_elapsed_nanos"":{""count"":""128"",""minimum"":""565372"",""median"":""888417.5"",""maximum"":""2375593"",""p95"":""1542759"",""p99"":""2176282"",""mean"":""961435.65625"",""median_absolute_deviation"":""133614.5"",""standard_deviation"":""293136.771668""},""successful_response_fraction"":""1"",""dispatch_lag_nanos"":{""count"":""128"",""minimum"":""6334"",""median"":""53095.5"",""maximum"":""234029"",""p95"":""100350"",""p99"":""218528"",""mean"":""56567.585938"",""median_absolute_deviation"":""12524"",""standard_deviation"":""33662.080262""},""overshoot_nanos"":{""count"":""128"",""minimum"":""0"",""median"":""0"",""maximum"":""0"",""p95"":""0"",""p99"":""0"",""mean"":""0"",""median_absolute_deviation"":""0"",""standard_deviation"":""0""},""budget_successes"":""128"",""budget_misses"":""0"",""successes_per_second"":""3745.207232"",""attempts_per_second"":""3745.207232""}",3745.207232,3745.207232,1,128,0,3736.638234,3736.638234,547413,822516,1423367,2005223,2226585,547413,822516,1423367,2005223,2226585,565372,888417.5,1542759,2176282,2375593,6334,53095.5,100350,218528,234029,0,0,0,0,0
5,1,lsf,32,2,density-measured,measured,echo,4,34664117,"{""attempts"":""128"",""dispatched"":""128"",""undispatched"":""0"",""received"":""128"",""successful"":""128"",""semantic_mismatches"":""0"",""outcomes"":{""success"":""128""},""first_scheduled_nanos"":""267"",""last_completed_nanos"":""34579231"",""elapsed_nanos"":""34578964"",""throughput"":{""completed_attempts"":""128"",""successful_responses"":""128"",""elapsed_nanos"":""34578964""}}","{""counts"":{""attempts"":""128"",""dispatched"":""128"",""undispatched"":""0"",""received"":""128"",""successful"":""128"",""semantic_mismatches"":""0"",""outcomes"":{""success"":""128""},""first_scheduled_nanos"":""267"",""last_completed_nanos"":""34579231"",""elapsed_nanos"":""34578964"",""throughput"":{""completed_attempts"":""128"",""successful_responses"":""128"",""elapsed_nanos"":""34578964""}},""latency_nanos"":{""count"":""128"",""minimum"":""511621"",""median"":""824669"",""maximum"":""2584578"",""p95"":""1570734"",""p99"":""2579408"",""mean"":""921141.6875"",""median_absolute_deviation"":""140442.5"",""standard_deviation"":""350341.185658""},""latency_population"":""all-dispatched-including-failures"",""all_dispatched_latency_nanos"":{""count"":""128"",""minimum"":""511621"",""median"":""824669"",""maximum"":""2584578"",""p95"":""1570734"",""p99"":""2579408"",""mean"":""921141.6875"",""median_absolute_deviation"":""140442.5"",""standard_deviation"":""350341.185658""},""successful_response_latency_nanos"":{""count"":""128"",""minimum"":""511621"",""median"":""824669"",""maximum"":""2584578"",""p95"":""1570734"",""p99"":""2579408"",""mean"":""921141.6875"",""median_absolute_deviation"":""140442.5"",""standard_deviation"":""350341.185658""},""outcome_latency_nanos"":{""success"":{""count"":""128"",""minimum"":""511621"",""median"":""824669"",""maximum"":""2584578"",""p95"":""1570734"",""p99"":""2579408"",""mean"":""921141.6875"",""median_absolute_deviation"":""140442.5"",""standard_deviation"":""350341.185658""},""declared-error"":null,""platform-failure"":null,""transport-failure"":null,""client-timeout"":null,""client-overload"":null,""client-deadline-before-dispatch"":null,""invalid-response"":null},""all_offered_elapsed_nanos"":{""count"":""128"",""minimum"":""562357"",""median"":""859509.5"",""maximum"":""2669275"",""p95"":""1603678"",""p99"":""2648176"",""mean"":""970863.609375"",""median_absolute_deviation"":""130919"",""standard_deviation"":""352927.809247""},""successful_response_fraction"":""1"",""dispatch_lag_nanos"":{""count"":""128"",""minimum"":""7210"",""median"":""53951.5"",""maximum"":""120594"",""p95"":""85354"",""p99"":""97272"",""mean"":""49721.921875"",""median_absolute_deviation"":""11534.5"",""standard_deviation"":""21151.976963""},""overshoot_nanos"":{""count"":""128"",""minimum"":""0"",""median"":""0"",""maximum"":""0"",""p95"":""0"",""p99"":""0"",""mean"":""0"",""median_absolute_deviation"":""0"",""standard_deviation"":""0""},""budget_successes"":""128"",""budget_misses"":""0"",""successes_per_second"":""3701.672497"",""attempts_per_second"":""3701.672497""}",3701.672497,3701.672497,1,128,0,3692.579274,3692.579274,511621,824669,1570734,2579408,2584578,511621,824669,1570734,2579408,2584578,562357,859509.5,1603678,2648176,2669275,7210,53951.5,85354,97272,120594,0,0,0,0,0
5,2,lsf,1,0,first,first,echo,1,39340438,"{""attempts"":""1"",""dispatched"":""1"",""undispatched"":""0"",""received"":""1"",""successful"":""1"",""semantic_mismatches"":""0"",""outcomes"":{""success"":""1""},""first_scheduled_nanos"":""378"",""last_completed_nanos"":""38701001"",""elapsed_nanos"":""38700623"",""throughput"":{""completed_attempts"":""1"",""successful_responses"":""1"",""elapsed_nanos"":""38700623""}}","{""counts"":{""attempts"":""1"",""dispatched"":""1"",""undispatched"":""0"",""received"":""1"",""successful"":""1"",""semantic_mismatches"":""0"",""outcomes"":{""success"":""1""},""first_scheduled_nanos"":""378"",""last_completed_nanos"":""38701001"",""elapsed_nanos"":""38700623"",""throughput"":{""completed_attempts"":""1"",""successful_responses"":""1"",""elapsed_nanos"":""38700623""}},""latency_nanos"":{""count"":""1"",""minimum"":""38571793"",""median"":""38571793"",""maximum"":""38571793"",""p95"":""38571793"",""p99"":""38571793"",""mean"":""38571793"",""median_absolute_deviation"":""0"",""standard_deviation"":""0""},""latency_population"":""all-dispatched-including-failures"",""all_dispatched_latency_nanos"":{""count"":""1"",""minimum"":""38571793"",""median"":""38571793"",""maximum"":""38571793"",""p95"":""38571793"",""p99"":""38571793"",""mean"":""38571793"",""median_absolute_deviation"":""0"",""standard_deviation"":""0""},""successful_response_latency_nanos"":{""count"":""1"",""minimum"":""38571793"",""median"":""38571793"",""maximum"":""38571793"",""p95"":""38571793"",""p99"":""38571793"",""mean"":""38571793"",""median_absolute_deviation"":""0"",""standard_deviation"":""0""},""outcome_latency_nanos"":{""success"":{""count"":""1"",""minimum"":""38571793"",""median"":""38571793"",""maximum"":""38571793"",""p95"":""38571793"",""p99"":""38571793"",""mean"":""38571793"",""median_absolute_deviation"":""0"",""standard_deviation"":""0""},""declared-error"":null,""platform-failure"":null,""transport-failure"":null,""client-timeout"":null,""client-overload"":null,""client-deadline-before-dispatch"":null,""invalid-response"":null},""all_offered_elapsed_nanos"":{""count"":""1"",""minimum"":""38700623"",""median"":""38700623"",""maximum"":""38700623"",""p95"":""38700623"",""p99"":""38700623"",""mean"":""38700623"",""median_absolute_deviation"":""0"",""standard_deviation"":""0""},""successful_response_fraction"":""1"",""dispatch_lag_nanos"":{""count"":""1"",""minimum"":""128830"",""median"":""128830"",""maximum"":""128830"",""p95"":""128830"",""p99"":""128830"",""mean"":""128830"",""median_absolute_deviation"":""0"",""standard_deviation"":""0""},""overshoot_nanos"":{""count"":""1"",""minimum"":""0"",""median"":""0"",""maximum"":""0"",""p95"":""0"",""p99"":""0"",""mean"":""0"",""median_absolute_deviation"":""0"",""standard_deviation"":""0""},""budget_successes"":""1"",""budget_misses"":""0"",""successes_per_second"":""25.839377"",""attempts_per_second"":""25.839377""}",25.839377,25.839377,1,1,0,25.419137,25.419137,38571793,38571793,38571793,38571793,38571793,38571793,38571793,38571793,38571793,38571793,38700623,38700623,38700623,38700623,38700623,128830,128830,128830,128830,128830,0,0,0,0,0
5,2,lsf,1,1,density-warmup,warmup,echo,4,2490586,"{""attempts"":""4"",""dispatched"":""4"",""undispatched"":""0"",""received"":""4"",""successful"":""4"",""semantic_mismatches"":""0"",""outcomes"":{""success"":""4""},""first_scheduled_nanos"":""419"",""last_completed_nanos"":""2291024"",""elapsed_nanos"":""2290605"",""throughput"":{""completed_attempts"":""4"",""successful_responses"":""4"",""elapsed_nanos"":""2290605""}}","{""counts"":{""attempts"":""4"",""dispatched"":""4"",""undispatched"":""0"",""received"":""4"",""successful"":""4"",""semantic_mismatches"":""0"",""outcomes"":{""success"":""4""},""first_scheduled_nanos"":""419"",""last_completed_nanos"":""2291024"",""elapsed_nanos"":""2290605"",""throughput"":{""completed_attempts"":""4"",""successful_responses"":""4"",""elapsed_nanos"":""2290605""}},""latency_nanos"":{""count"":""4"",""minimum"":""1733021"",""median"":""1910116"",""maximum"":""2107102"",""p95"":""2107102"",""p99"":""2107102"",""mean"":""1915088.75"",""median_absolute_deviation"":""154894.5"",""standard_deviation"":""162236.405842""},""latency_population"":""all-dispatched-including-failures"",""all_dispatched_latency_nanos"":{""count"":""4"",""minimum"":""1733021"",""median"":""1910116"",""maximum"":""2107102"",""p95"":""2107102"",""p99"":""2107102"",""mean"":""1915088.75"",""median_absolute_deviation"":""154894.5"",""standard_deviation"":""162236.405842""},""successful_response_latency_nanos"":{""count"":""4"",""minimum"":""1733021"",""median"":""1910116"",""maximum"":""2107102"",""p95"":""2107102"",""p99"":""2107102"",""mean"":""1915088.75"",""median_absolute_deviation"":""154894.5"",""standard_deviation"":""162236.405842""},""outcome_latency_nanos"":{""success"":{""count"":""4"",""minimum"":""1733021"",""median"":""1910116"",""maximum"":""2107102"",""p95"":""2107102"",""p99"":""2107102"",""mean"":""1915088.75"",""median_absolute_deviation"":""154894.5"",""standard_deviation"":""162236.405842""},""declared-error"":null,""platform-failure"":null,""transport-failure"":null,""client-timeout"":null,""client-overload"":null,""client-deadline-before-dispatch"":null,""invalid-response"":null},""all_offered_elapsed_nanos"":{""count"":""4"",""minimum"":""1846181"",""median"":""2013216.5"",""maximum"":""2217049"",""p95"":""2217049"",""p99"":""2217049"",""mean"":""2022415.75"",""median_absolute_deviation"":""164690"",""standard_deviation"":""174514.69485""},""successful_response_fraction"":""1"",""dispatch_lag_nanos"":{""count"":""4"",""minimum"":""73450"",""median"":""111553.5"",""maximum"":""132751"",""p95"":""132751"",""p99"":""132751"",""mean"":""107327"",""median_absolute_deviation"":""11402"",""standard_deviation"":""21417.978394""},""overshoot_nanos"":{""count"":""4"",""minimum"":""0"",""median"":""0"",""maximum"":""0"",""p95"":""0"",""p99"":""0"",""mean"":""0"",""median_absolute_deviation"":""0"",""standard_deviation"":""0""},""budget_successes"":""4"",""budget_misses"":""0"",""successes_per_second"":""1746.263542"",""attempts_per_second"":""1746.263542""}",1746.263542,1746.263542,1,4,0,1606.047733,1606.047733,1733021,1910116,2107102,2107102,2107102,1733021,1910116,2107102,2107102,2107102,1846181,2013216.5,2217049,2217049,2217049,73450,111553.5,132751,132751,132751,0,0,0,0,0
5,2,lsf,1,2,density-measured,measured,echo,4,2012227,"{""attempts"":""4"",""dispatched"":""4"",""undispatched"":""0"",""received"":""4"",""successful"":""4"",""semantic_mismatches"":""0"",""outcomes"":{""success"":""4""},""first_scheduled_nanos"":""205"",""last_completed_nanos"":""1948919"",""elapsed_nanos"":""1948714"",""throughput"":{""completed_attempts"":""4"",""successful_responses"":""4"",""elapsed_nanos"":""1948714""}}","{""counts"":{""attempts"":""4"",""dispatched"":""4"",""undispatched"":""0"",""received"":""4"",""successful"":""4"",""semantic_mismatches"":""0"",""outcomes"":{""success"":""4""},""first_scheduled_nanos"":""205"",""last_completed_nanos"":""1948919"",""elapsed_nanos"":""1948714"",""throughput"":{""completed_attempts"":""4"",""successful_responses"":""4"",""elapsed_nanos"":""1948714""}},""latency_nanos"":{""count"":""4"",""minimum"":""1034740"",""median"":""1496315"",""maximum"":""1855723"",""p95"":""1855723"",""p99"":""1855723"",""mean"":""1470773.25"",""median_absolute_deviation"":""187384.5"",""standard_deviation"":""291585.316742""},""latency_population"":""all-dispatched-including-failures"",""all_dispatched_latency_nanos"":{""count"":""4"",""minimum"":""1034740"",""median"":""1496315"",""maximum"":""1855723"",""p95"":""1855723"",""p99"":""1855723"",""mean"":""1470773.25"",""median_absolute_deviation"":""187384.5"",""standard_deviation"":""291585.316742""},""successful_response_latency_nanos"":{""count"":""4"",""minimum"":""1034740"",""median"":""1496315"",""maximum"":""1855723"",""p95"":""1855723"",""p99"":""1855723"",""mean"":""1470773.25"",""median_absolute_deviation"":""187384.5"",""standard_deviation"":""291585.316742""},""outcome_latency_nanos"":{""success"":{""count"":""4"",""minimum"":""1034740"",""median"":""1496315"",""maximum"":""1855723"",""p95"":""1855723"",""p99"":""1855723"",""mean"":""1470773.25"",""median_absolute_deviation"":""187384.5"",""standard_deviation"":""291585.316742""},""declared-error"":null,""platform-failure"":null,""transport-failure"":null,""client-timeout"":null,""client-overload"":null,""client-deadline-before-dispatch"":null,""invalid-response"":null},""all_offered_elapsed_nanos"":{""count"":""4"",""minimum"":""1132815"",""median"":""1576565"",""maximum"":""1948714"",""p95"":""1948714"",""p99"":""1948714"",""mean"":""1558664.75"",""median_absolute_deviation"":""189556"",""standard_deviation"":""289060.647459""},""successful_response_fraction"":""1"",""dispatch_lag_nanos"":{""count"":""4"",""minimum"":""71852"",""median"":""90819.5"",""maximum"":""98075"",""p95"":""98075"",""p99"":""98075"",""mean"":""87891.5"",""median_absolute_deviation"":""4713.5"",""standard_deviation"":""9843.099423""},""overshoot_nanos"":{""count"":""4"",""minimum"":""0"",""median"":""0"",""maximum"":""0"",""p95"":""0"",""p99"":""0"",""mean"":""0"",""median_absolute_deviation"":""0"",""standard_deviation"":""0""},""budget_successes"":""4"",""budget_misses"":""0"",""successes_per_second"":""2052.635738"",""attempts_per_second"":""2052.635738""}",2052.635738,2052.635738,1,4,0,1987.847296,1987.847296,1034740,1496315,1855723,1855723,1855723,1034740,1496315,1855723,1855723,1855723,1132815,1576565,1948714,1948714,1948714,71852,90819.5,98075,98075,98075,0,0,0,0,0
5,2,lsf,1,3,echo-c1-warmup,warmup,echo,1,10156612,"{""attempts"":""8"",""dispatched"":""8"",""undispatched"":""0"",""received"":""8"",""successful"":""8"",""semantic_mismatches"":""0"",""outcomes"":{""success"":""8""},""first_scheduled_nanos"":""1090"",""last_completed_nanos"":""10043469"",""elapsed_nanos"":""10042379"",""throughput"":{""completed_attempts"":""8"",""successful_responses"":""8"",""elapsed_nanos"":""10042379""}}","{""counts"":{""attempts"":""8"",""dispatched"":""8"",""undispatched"":""0"",""received"":""8"",""successful"":""8"",""semantic_mismatches"":""0"",""outcomes"":{""success"":""8""},""first_scheduled_nanos"":""1090"",""last_completed_nanos"":""10043469"",""elapsed_nanos"":""10042379"",""throughput"":{""completed_attempts"":""8"",""successful_responses"":""8"",""elapsed_nanos"":""10042379""}},""latency_nanos"":{""count"":""8"",""minimum"":""800245"",""median"":""1015376.5"",""maximum"":""1392421"",""p95"":""1392421"",""p99"":""1392421"",""mean"":""1037371.125"",""median_absolute_deviation"":""189477"",""standard_deviation"":""214070.516857""},""latency_population"":""all-dispatched-including-failures"",""all_dispatched_latency_nanos"":{""count"":""8"",""minimum"":""800245"",""median"":""1015376.5"",""maximum"":""1392421"",""p95"":""1392421"",""p99"":""1392421"",""mean"":""1037371.125"",""median_absolute_deviation"":""189477"",""standard_deviation"":""214070.516857""},""successful_response_latency_nanos"":{""count"":""8"",""minimum"":""800245"",""median"":""1015376.5"",""maximum"":""1392421"",""p95"":""1392421"",""p99"":""1392421"",""mean"":""1037371.125"",""median_absolute_deviation"":""189477"",""standard_deviation"":""214070.516857""},""outcome_latency_nanos"":{""success"":{""count"":""8"",""minimum"":""800245"",""median"":""1015376.5"",""maximum"":""1392421"",""p95"":""1392421"",""p99"":""1392421"",""mean"":""1037371.125"",""median_absolute_deviation"":""189477"",""standard_deviation"":""214070.516857""},""declared-error"":null,""platform-failure"":null,""transport-failure"":null,""client-timeout"":null,""client-overload"":null,""client-deadline-before-dispatch"":null,""invalid-response"":null},""all_offered_elapsed_nanos"":{""count"":""8"",""minimum"":""874339"",""median"":""1123746.5"",""maximum"":""1452539"",""p95"":""1452539"",""p99"":""1452539"",""mean"":""1139096.125"",""median_absolute_deviation"":""240225.5"",""standard_deviation"":""229573.963772""},""successful_response_fraction"":""1"",""dispatch_lag_nanos"":{""count"":""8"",""minimum"":""60118"",""median"":""66730.5"",""maximum"":""287930"",""p95"":""287930"",""p99"":""287930"",""mean"":""101725"",""median_absolute_deviation"":""5858"",""standard_deviation"":""73561.928186""},""overshoot_nanos"":{""count"":""8"",""minimum"":""0"",""median"":""0"",""maximum"":""0"",""p95"":""0"",""p99"":""0"",""mean"":""0"",""median_absolute_deviation"":""0"",""standard_deviation"":""0""},""budget_successes"":""8"",""budget_misses"":""0"",""successes_per_second"":""796.623987"",""attempts_per_second"":""796.623987""}",796.623987,796.623987,1,8,0,787.664233,787.664233,800245,1015376.5,1392421,1392421,1392421,800245,1015376.5,1392421,1392421,1392421,874339,1123746.5,1452539,1452539,1452539,60118,66730.5,287930,287930,287930,0,0,0,0,0
5,2,lsf,1,4,echo-c1-measured,measured,echo,1,125928269,"{""attempts"":""128"",""dispatched"":""128"",""undispatched"":""0"",""received"":""128"",""successful"":""128"",""semantic_mismatches"":""0"",""outcomes"":{""success"":""128""},""first_scheduled_nanos"":""262"",""last_completed_nanos"":""125843125"",""elapsed_nanos"":""125842863"",""throughput"":{""completed_attempts"":""128"",""successful_responses"":""128"",""elapsed_nanos"":""125842863""}}","{""counts"":{""attempts"":""128"",""dispatched"":""128"",""undispatched"":""0"",""received"":""128"",""successful"":""128"",""semantic_mismatches"":""0"",""outcomes"":{""success"":""128""},""first_scheduled_nanos"":""262"",""last_completed_nanos"":""125843125"",""elapsed_nanos"":""125842863"",""throughput"":{""completed_attempts"":""128"",""successful_responses"":""128"",""elapsed_nanos"":""125842863""}},""latency_nanos"":{""count"":""128"",""minimum"":""551882"",""median"":""740198"",""maximum"":""1423785"",""p95"":""1169334"",""p99"":""1420705"",""mean"":""792697.046875"",""median_absolute_deviation"":""97111"",""standard_deviation"":""183216.288204""},""latency_population"":""all-dispatched-including-failures"",""all_dispatched_latency_nanos"":{""count"":""128"",""minimum"":""551882"",""median"":""740198"",""maximum"":""1423785"",""p95"":""1169334"",""p99"":""1420705"",""mean"":""792697.046875"",""median_absolute_deviation"":""97111"",""standard_deviation"":""183216.288204""},""successful_response_latency_nanos"":{""count"":""128"",""minimum"":""551882"",""median"":""740198"",""maximum"":""1423785"",""p95"":""1169334"",""p99"":""1420705"",""mean"":""792697.046875"",""median_absolute_deviation"":""97111"",""standard_deviation"":""183216.288204""},""outcome_latency_nanos"":{""success"":{""count"":""128"",""minimum"":""551882"",""median"":""740198"",""maximum"":""1423785"",""p95"":""1169334"",""p99"":""1420705"",""mean"":""792697.046875"",""median_absolute_deviation"":""97111"",""standard_deviation"":""183216.288204""},""declared-error"":null,""platform-failure"":null,""transport-failure"":null,""client-timeout"":null,""client-overload"":null,""client-deadline-before-dispatch"":null,""invalid-response"":null},""all_offered_elapsed_nanos"":{""count"":""128"",""minimum"":""596140"",""median"":""803569"",""maximum"":""1562498"",""p95"":""1269004"",""p99"":""1510344"",""mean"":""867424.078125"",""median_absolute_deviation"":""111293"",""standard_deviation"":""196393.266047""},""successful_response_fraction"":""1"",""dispatch_lag_nanos"":{""count"":""128"",""minimum"":""44258"",""median"":""65165"",""maximum"":""155688"",""p95"":""134713"",""p99"":""152018"",""mean"":""74727.03125"",""median_absolute_deviation"":""12409.5"",""standard_deviation"":""26796.991821""},""overshoot_nanos"":{""count"":""128"",""minimum"":""0"",""median"":""0"",""maximum"":""0"",""p95"":""0"",""p99"":""0"",""mean"":""0"",""median_absolute_deviation"":""0"",""standard_deviation"":""0""},""budget_successes"":""128"",""budget_misses"":""0"",""successes_per_second"":""1017.141512"",""attempts_per_second"":""1017.141512""}",1017.141512,1017.141512,1,128,0,1016.451675,1016.451675,551882,740198,1169334,1420705,1423785,551882,740198,1169334,1420705,1423785,596140,803569,1269004,1510344,1562498,44258,65165,134713,152018,155688,0,0,0,0,0
5,2,lsf,1,5,compute-c1-warmup,warmup,compute,1,5579545,"{""attempts"":""4"",""dispatched"":""4"",""undispatched"":""0"",""received"":""4"",""successful"":""4"",""semantic_mismatches"":""0"",""outcomes"":{""success"":""4""},""first_scheduled_nanos"":""214"",""last_completed_nanos"":""5436951"",""elapsed_nanos"":""5436737"",""throughput"":{""completed_attempts"":""4"",""successful_responses"":""4"",""elapsed_nanos"":""5436737""}}","{""counts"":{""attempts"":""4"",""dispatched"":""4"",""undispatched"":""0"",""received"":""4"",""successful"":""4"",""semantic_mismatches"":""0"",""outcomes"":{""success"":""4""},""first_scheduled_nanos"":""214"",""last_completed_nanos"":""5436951"",""elapsed_nanos"":""5436737"",""throughput"":{""completed_attempts"":""4"",""successful_responses"":""4"",""elapsed_nanos"":""5436737""}},""latency_nanos"":{""count"":""4"",""minimum"":""902302"",""median"":""1064583"",""maximum"":""1589205"",""p95"":""1589205"",""p99"":""1589205"",""mean"":""1155168.25"",""median_absolute_deviation"":""90025"",""standard_deviation"":""259505.342188""},""latency_population"":""all-dispatched-including-failures"",""all_dispatched_latency_nanos"":{""count"":""4"",""minimum"":""902302"",""median"":""1064583"",""maximum"":""1589205"",""p95"":""1589205"",""p99"":""1589205"",""mean"":""1155168.25"",""median_absolute_deviation"":""90025"",""standard_deviation"":""259505.342188""},""successful_response_latency_nanos"":{""count"":""4"",""minimum"":""902302"",""median"":""1064583"",""maximum"":""1589205"",""p95"":""1589205"",""p99"":""1589205"",""mean"":""1155168.25"",""median_absolute_deviation"":""90025"",""standard_deviation"":""259505.342188""},""outcome_latency_nanos"":{""success"":{""count"":""4"",""minimum"":""902302"",""median"":""1064583"",""maximum"":""1589205"",""p95"":""1589205"",""p99"":""1589205"",""mean"":""1155168.25"",""median_absolute_deviation"":""90025"",""standard_deviation"":""259505.342188""},""declared-error"":null,""platform-failure"":null,""transport-failure"":null,""client-timeout"":null,""client-overload"":null,""client-deadline-before-dispatch"":null,""invalid-response"":null},""all_offered_elapsed_nanos"":{""count"":""4"",""minimum"":""1002351"",""median"":""1148005.5"",""maximum"":""1677198"",""p95"":""1677198"",""p99"":""1677198"",""mean"":""1243890"",""median_absolute_deviation"":""73397.5"",""standard_deviation"":""257141.589181""},""successful_response_fraction"":""1"",""dispatch_lag_nanos"":{""count"":""4"",""minimum"":""64513"",""median"":""94021"",""maximum"":""102332"",""p95"":""102332"",""p99"":""102332"",""mean"":""88721.75"",""median_absolute_deviation"":""7169.5"",""standard_deviation"":""15001.167877""},""overshoot_nanos"":{""count"":""4"",""minimum"":""0"",""median"":""0"",""maximum"":""0"",""p95"":""0"",""p99"":""0"",""mean"":""0"",""median_absolute_deviation"":""0"",""standard_deviation"":""0""},""budget_successes"":""4"",""budget_misses"":""0"",""successes_per_second"":""735.735424"",""attempts_per_second"":""735.735424""}",735.735424,735.735424,1,4,0,716.904335,716.904335,902302,1064583,1589205,1589205,1589205,902302,1064583,1589205,1589205,1589205,1002351,1148005.5,1677198,1677198,1677198,64513,94021,102332,102332,102332,0,0,0,0,0
5,2,lsf,1,6,compute-c1-measured,measured,compute,1,69003757,"{""attempts"":""64"",""dispatched"":""64"",""undispatched"":""0"",""received"":""64"",""successful"":""64"",""semantic_mismatches"":""0"",""outcomes"":{""success"":""64""},""first_scheduled_nanos"":""189"",""last_completed_nanos"":""68889141"",""elapsed_nanos"":""68888952"",""throughput"":{""completed_attempts"":""64"",""successful_responses"":""64"",""elapsed_nanos"":""68888952""}}","{""counts"":{""attempts"":""64"",""dispatched"":""64"",""undispatched"":""0"",""received"":""64"",""successful"":""64"",""semantic_mismatches"":""0"",""outcomes"":{""success"":""64""},""first_scheduled_nanos"":""189"",""last_completed_nanos"":""68889141"",""elapsed_nanos"":""68888952"",""throughput"":{""completed_attempts"":""64"",""successful_responses"":""64"",""elapsed_nanos"":""68888952""}},""latency_nanos"":{""count"":""64"",""minimum"":""628274"",""median"":""834182.5"",""maximum"":""1677849"",""p95"":""1220922"",""p99"":""1677849"",""mean"":""900857.328125"",""median_absolute_deviation"":""77533.5"",""standard_deviation"":""199213.80122""},""latency_population"":""all-dispatched-including-failures"",""all_dispatched_latency_nanos"":{""count"":""64"",""minimum"":""628274"",""median"":""834182.5"",""maximum"":""1677849"",""p95"":""1220922"",""p99"":""1677849"",""mean"":""900857.328125"",""median_absolute_deviation"":""77533.5"",""standard_deviation"":""199213.80122""},""successful_response_latency_nanos"":{""count"":""64"",""minimum"":""628274"",""median"":""834182.5"",""maximum"":""1677849"",""p95"":""1220922"",""p99"":""1677849"",""mean"":""900857.328125"",""median_absolute_deviation"":""77533.5"",""standard_deviation"":""199213.80122""},""outcome_latency_nanos"":{""success"":{""count"":""64"",""minimum"":""628274"",""median"":""834182.5"",""maximum"":""1677849"",""p95"":""1220922"",""p99"":""1677849"",""mean"":""900857.328125"",""median_absolute_deviation"":""77533.5"",""standard_deviation"":""199213.80122""},""declared-error"":null,""platform-failure"":null,""transport-failure"":null,""client-timeout"":null,""client-overload"":null,""client-deadline-before-dispatch"":null,""invalid-response"":null},""all_offered_elapsed_nanos"":{""count"":""64"",""minimum"":""686143"",""median"":""903450"",""maximum"":""1736987"",""p95"":""1319215"",""p99"":""1736987"",""mean"":""970025.28125"",""median_absolute_deviation"":""86173.5"",""standard_deviation"":""205521.193606""},""successful_response_fraction"":""1"",""dispatch_lag_nanos"":{""count"":""64"",""minimum"":""44526"",""median"":""61259.5"",""maximum"":""147844"",""p95"":""128805"",""p99"":""147844"",""mean"":""69167.953125"",""median_absolute_deviation"":""10432.5"",""standard_deviation"":""22959.323942""},""overshoot_nanos"":{""count"":""64"",""minimum"":""0"",""median"":""0"",""maximum"":""0"",""p95"":""0"",""p99"":""0"",""mean"":""0"",""median_absolute_deviation"":""0"",""standard_deviation"":""0""},""budget_successes"":""64"",""budget_misses"":""0"",""successes_per_second"":""929.031407"",""attempts_per_second"":""929.031407""}",929.031407,929.031407,1,64,0,927.485731,927.485731,628274,834182.5,1220922,1677849,1677849,628274,834182.5,1220922,1677849,1677849,686143,903450,1319215,1736987,1736987,44526,61259.5,128805,147844,147844,0,0,0,0,0
5,2,lsf,1,7,echo-c4-warmup,warmup,echo,4,3574000,"{""attempts"":""8"",""dispatched"":""8"",""undispatched"":""0"",""received"":""8"",""successful"":""8"",""semantic_mismatches"":""0"",""outcomes"":{""success"":""8""},""first_scheduled_nanos"":""472"",""last_completed_nanos"":""3493157"",""elapsed_nanos"":""3492685"",""throughput"":{""completed_attempts"":""8"",""successful_responses"":""8"",""elapsed_nanos"":""3492685""}}","{""counts"":{""attempts"":""8"",""dispatched"":""8"",""undispatched"":""0"",""received"":""8"",""successful"":""8"",""semantic_mismatches"":""0"",""outcomes"":{""success"":""8""},""first_scheduled_nanos"":""472"",""last_completed_nanos"":""3493157"",""elapsed_nanos"":""3492685"",""throughput"":{""completed_attempts"":""8"",""successful_responses"":""8"",""elapsed_nanos"":""3492685""}},""latency_nanos"":{""count"":""8"",""minimum"":""890530"",""median"":""1343139"",""maximum"":""1838475"",""p95"":""1838475"",""p99"":""1838475"",""mean"":""1434178.875"",""median_absolute_deviation"":""282400.5"",""standard_deviation"":""320188.103441""},""latency_population"":""all-dispatched-including-failures"",""all_dispatched_latency_nanos"":{""count"":""8"",""minimum"":""890530"",""median"":""1343139"",""maximum"":""1838475"",""p95"":""1838475"",""p99"":""1838475"",""mean"":""1434178.875"",""median_absolute_deviation"":""282400.5"",""standard_deviation"":""320188.103441""},""successful_response_latency_nanos"":{""count"":""8"",""minimum"":""890530"",""median"":""1343139"",""maximum"":""1838475"",""p95"":""1838475"",""p99"":""1838475"",""mean"":""1434178.875"",""median_absolute_deviation"":""282400.5"",""standard_deviation"":""320188.103441""},""outcome_latency_nanos"":{""success"":{""count"":""8"",""minimum"":""890530"",""median"":""1343139"",""maximum"":""1838475"",""p95"":""1838475"",""p99"":""1838475"",""mean"":""1434178.875"",""median_absolute_deviation"":""282400.5"",""standard_deviation"":""320188.103441""},""declared-error"":null,""platform-failure"":null,""transport-failure"":null,""client-timeout"":null,""client-overload"":null,""client-deadline-before-dispatch"":null,""invalid-response"":null},""all_offered_elapsed_nanos"":{""count"":""8"",""minimum"":""954981"",""median"":""1389387.5"",""maximum"":""1933190"",""p95"":""1933190"",""p99"":""1933190"",""mean"":""1488563.875"",""median_absolute_deviation"":""296180"",""standard_deviation"":""324182.710197""},""successful_response_fraction"":""1"",""dispatch_lag_nanos"":{""count"":""8"",""minimum"":""15326"",""median"":""58105"",""maximum"":""94715"",""p95"":""94715"",""p99"":""94715"",""mean"":""54385"",""median_absolute_deviation"":""19151"",""standard_deviation"":""24557.949848""},""overshoot_nanos"":{""count"":""8"",""minimum"":""0"",""median"":""0"",""maximum"":""0"",""p95"":""0"",""p99"":""0"",""mean"":""0"",""median_absolute_deviation"":""0"",""standard_deviation"":""0""},""budget_successes"":""8"",""budget_misses"":""0"",""successes_per_second"":""2290.501434"",""attempts_per_second"":""2290.501434""}",2290.501434,2290.501434,1,8,0,2238.38836,2238.38836,890530,1343139,1838475,1838475,1838475,890530,1343139,1838475,1838475,1838475,954981,1389387.5,1933190,1933190,1933190,15326,58105,94715,94715,94715,0,0,0,0,0
5,2,lsf,1,8,echo-c4-measured,measured,echo,4,34538160,"{""attempts"":""128"",""dispatched"":""128"",""undispatched"":""0"",""received"":""128"",""successful"":""128"",""semantic_mismatches"":""0"",""outcomes"":{""success"":""128""},""first_scheduled_nanos"":""329"",""last_completed_nanos"":""34447436"",""elapsed_nanos"":""34447107"",""throughput"":{""completed_attempts"":""128"",""successful_responses"":""128"",""elapsed_nanos"":""34447107""}}","{""counts"":{""attempts"":""128"",""dispatched"":""128"",""undispatched"":""0"",""received"":""128"",""successful"":""128"",""semantic_mismatches"":""0"",""outcomes"":{""success"":""128""},""first_scheduled_nanos"":""329"",""last_completed_nanos"":""34447436"",""elapsed_nanos"":""34447107"",""throughput"":{""completed_attempts"":""128"",""successful_responses"":""128"",""elapsed_nanos"":""34447107""}},""latency_nanos"":{""count"":""128"",""minimum"":""544333"",""median"":""846217"",""maximum"":""2108768"",""p95"":""1312683"",""p99"":""2088169"",""mean"":""915990.695312"",""median_absolute_deviation"":""117162.5"",""standard_deviation"":""269626.556932""},""latency_population"":""all-dispatched-including-failures"",""all_dispatched_latency_nanos"":{""count"":""128"",""minimum"":""544333"",""median"":""846217"",""maximum"":""2108768"",""p95"":""1312683"",""p99"":""2088169"",""mean"":""915990.695312"",""median_absolute_deviation"":""117162.5"",""standard_deviation"":""269626.556932""},""successful_response_latency_nanos"":{""count"":""128"",""minimum"":""544333"",""median"":""846217"",""maximum"":""2108768"",""p95"":""1312683"",""p99"":""2088169"",""mean"":""915990.695312"",""median_absolute_deviation"":""117162.5"",""standard_deviation"":""269626.556932""},""outcome_latency_nanos"":{""success"":{""count"":""128"",""minimum"":""544333"",""median"":""846217"",""maximum"":""2108768"",""p95"":""1312683"",""p99"":""2088169"",""mean"":""915990.695312"",""median_absolute_deviation"":""117162.5"",""standard_deviation"":""269626.556932""},""declared-error"":null,""platform-failure"":null,""transport-failure"":null,""client-timeout"":null,""client-overload"":null,""client-deadline-before-dispatch"":null,""invalid-response"":null},""all_offered_elapsed_nanos"":{""count"":""128"",""minimum"":""556837"",""median"":""895537"",""maximum"":""2187974"",""p95"":""1367040"",""p99"":""2179964"",""mean"":""963781.59375"",""median_absolute_deviation"":""127361.5"",""standard_deviation"":""276923.689901""},""successful_response_fraction"":""1"",""dispatch_lag_nanos"":{""count"":""128"",""minimum"":""5001"",""median"":""51906.5"",""maximum"":""269367"",""p95"":""79510"",""p99"":""120398"",""mean"":""47790.898438"",""median_absolute_deviation"":""15558.5"",""standard_deviation"":""29825.117452""},""overshoot_nanos"":{""count"":""128"",""minimum"":""0"",""median"":""0"",""maximum"":""0"",""p95"":""0"",""p99"":""0"",""mean"":""0"",""median_absolute_deviation"":""0"",""standard_deviation"":""0""},""budget_successes"":""128"",""budget_misses"":""0"",""successes_per_second"":""3715.841798"",""attempts_per_second"":""3715.841798""}",3715.841798,3715.841798,1,128,0,3706.045719,3706.045719,544333,846217,1312683,2088169,2108768,544333,846217,1312683,2088169,2108768,556837,895537,1367040,2179964,2187974,5001,51906.5,79510,120398,269367,0,0,0,0,0
5,3,native,1,0,first,first,echo,1,1181806,"{""attempts"":""1"",""dispatched"":""1"",""undispatched"":""0"",""received"":""1"",""successful"":""1"",""semantic_mismatches"":""0"",""outcomes"":{""success"":""1""},""first_scheduled_nanos"":""348"",""last_completed_nanos"":""932586"",""elapsed_nanos"":""932238"",""throughput"":{""completed_attempts"":""1"",""successful_responses"":""1"",""elapsed_nanos"":""932238""}}","{""counts"":{""attempts"":""1"",""dispatched"":""1"",""undispatched"":""0"",""received"":""1"",""successful"":""1"",""semantic_mismatches"":""0"",""outcomes"":{""success"":""1""},""first_scheduled_nanos"":""348"",""last_completed_nanos"":""932586"",""elapsed_nanos"":""932238"",""throughput"":{""completed_attempts"":""1"",""successful_responses"":""1"",""elapsed_nanos"":""932238""}},""latency_nanos"":{""count"":""1"",""minimum"":""836554"",""median"":""836554"",""maximum"":""836554"",""p95"":""836554"",""p99"":""836554"",""mean"":""836554"",""median_absolute_deviation"":""0"",""standard_deviation"":""0""},""latency_population"":""all-dispatched-including-failures"",""all_dispatched_latency_nanos"":{""count"":""1"",""minimum"":""836554"",""median"":""836554"",""maximum"":""836554"",""p95"":""836554"",""p99"":""836554"",""mean"":""836554"",""median_absolute_deviation"":""0"",""standard_deviation"":""0""},""successful_response_latency_nanos"":{""count"":""1"",""minimum"":""836554"",""median"":""836554"",""maximum"":""836554"",""p95"":""836554"",""p99"":""836554"",""mean"":""836554"",""median_absolute_deviation"":""0"",""standard_deviation"":""0""},""outcome_latency_nanos"":{""success"":{""count"":""1"",""minimum"":""836554"",""median"":""836554"",""maximum"":""836554"",""p95"":""836554"",""p99"":""836554"",""mean"":""836554"",""median_absolute_deviation"":""0"",""standard_deviation"":""0""},""declared-error"":null,""platform-failure"":null,""transport-failure"":null,""client-timeout"":null,""client-overload"":null,""client-deadline-before-dispatch"":null,""invalid-response"":null},""all_offered_elapsed_nanos"":{""count"":""1"",""minimum"":""932238"",""median"":""932238"",""maximum"":""932238"",""p95"":""932238"",""p99"":""932238"",""mean"":""932238"",""median_absolute_deviation"":""0"",""standard_deviation"":""0""},""successful_response_fraction"":""1"",""dispatch_lag_nanos"":{""count"":""1"",""minimum"":""95684"",""median"":""95684"",""maximum"":""95684"",""p95"":""95684"",""p99"":""95684"",""mean"":""95684"",""median_absolute_deviation"":""0"",""standard_deviation"":""0""},""overshoot_nanos"":{""count"":""1"",""minimum"":""0"",""median"":""0"",""maximum"":""0"",""p95"":""0"",""p99"":""0"",""mean"":""0"",""median_absolute_deviation"":""0"",""standard_deviation"":""0""},""budget_successes"":""1"",""budget_misses"":""0"",""successes_per_second"":""1072.687447"",""attempts_per_second"":""1072.687447""}",1072.687447,1072.687447,1,1,0,846.162568,846.162568,836554,836554,836554,836554,836554,836554,836554,836554,836554,836554,932238,932238,932238,932238,932238,95684,95684,95684,95684,95684,0,0,0,0,0
5,3,native,1,1,density-warmup,warmup,echo,4,1336714,"{""attempts"":""4"",""dispatched"":""4"",""undispatched"":""0"",""received"":""4"",""successful"":""4"",""semantic_mismatches"":""0"",""outcomes"":{""success"":""4""},""first_scheduled_nanos"":""391"",""last_completed_nanos"":""1134006"",""elapsed_nanos"":""1133615"",""throughput"":{""completed_attempts"":""4"",""successful_responses"":""4"",""elapsed_nanos"":""1133615""}}","{""counts"":{""attempts"":""4"",""dispatched"":""4"",""undispatched"":""0"",""received"":""4"",""successful"":""4"",""semantic_mismatches"":""0"",""outcomes"":{""success"":""4""},""first_scheduled_nanos"":""391"",""last_completed_nanos"":""1134006"",""elapsed_nanos"":""1133615"",""throughput"":{""completed_attempts"":""4"",""successful_responses"":""4"",""elapsed_nanos"":""1133615""}},""latency_nanos"":{""count"":""4"",""minimum"":""928430"",""median"":""956645"",""maximum"":""1032574"",""p95"":""1032574"",""p99"":""1032574"",""mean"":""968573.5"",""median_absolute_deviation"":""22076"",""standard_deviation"":""40311.656983""},""latency_population"":""all-dispatched-including-failures"",""all_dispatched_latency_nanos"":{""count"":""4"",""minimum"":""928430"",""median"":""956645"",""maximum"":""1032574"",""p95"":""1032574"",""p99"":""1032574"",""mean"":""968573.5"",""median_absolute_deviation"":""22076"",""standard_deviation"":""40311.656983""},""successful_response_latency_nanos"":{""count"":""4"",""minimum"":""928430"",""median"":""956645"",""maximum"":""1032574"",""p95"":""1032574"",""p99"":""1032574"",""mean"":""968573.5"",""median_absolute_deviation"":""22076"",""standard_deviation"":""40311.656983""},""outcome_latency_nanos"":{""success"":{""count"":""4"",""minimum"":""928430"",""median"":""956645"",""maximum"":""1032574"",""p95"":""1032574"",""p99"":""1032574"",""mean"":""968573.5"",""median_absolute_deviation"":""22076"",""standard_deviation"":""40311.656983""},""declared-error"":null,""platform-failure"":null,""transport-failure"":null,""client-timeout"":null,""client-overload"":null,""client-deadline-before-dispatch"":null,""invalid-response"":null},""all_offered_elapsed_nanos"":{""count"":""4"",""minimum"":""1041485"",""median"":""1058653.5"",""maximum"":""1133615"",""p95"":""1133615"",""p99"":""1133615"",""mean"":""1073101.75"",""median_absolute_deviation"":""14910"",""standard_deviation"":""36739.274172""},""successful_response_fraction"":""1"",""dispatch_lag_nanos"":{""count"":""4"",""minimum"":""73420"",""median"":""107048"",""maximum"":""130597"",""p95"":""130597"",""p99"":""130597"",""mean"":""104528.25"",""median_absolute_deviation"":""14778"",""standard_deviation"":""20809.669163""},""overshoot_nanos"":{""count"":""4"",""minimum"":""0"",""median"":""0"",""maximum"":""0"",""p95"":""0"",""p99"":""0"",""mean"":""0"",""median_absolute_deviation"":""0"",""standard_deviation"":""0""},""budget_successes"":""4"",""budget_misses"":""0"",""successes_per_second"":""3528.53482"",""attempts_per_second"":""3528.53482""}",3528.53482,3528.53482,1,4,0,2992.412738,2992.412738,928430,956645,1032574,1032574,1032574,928430,956645,1032574,1032574,1032574,1041485,1058653.5,1133615,1133615,1133615,73420,107048,130597,130597,130597,0,0,0,0,0
5,3,native,1,2,density-measured,measured,echo,4,1204457,"{""attempts"":""4"",""dispatched"":""4"",""undispatched"":""0"",""received"":""4"",""successful"":""4"",""semantic_mismatches"":""0"",""outcomes"":{""success"":""4""},""first_scheduled_nanos"":""718"",""last_completed_nanos"":""1119448"",""elapsed_nanos"":""1118730"",""throughput"":{""completed_attempts"":""4"",""successful_responses"":""4"",""elapsed_nanos"":""1118730""}}","{""counts"":{""attempts"":""4"",""dispatched"":""4"",""undispatched"":""0"",""received"":""4"",""successful"":""4"",""semantic_mismatches"":""0"",""outcomes"":{""success"":""4""},""first_scheduled_nanos"":""718"",""last_completed_nanos"":""1119448"",""elapsed_nanos"":""1118730"",""throughput"":{""completed_attempts"":""4"",""successful_responses"":""4"",""elapsed_nanos"":""1118730""}},""latency_nanos"":{""count"":""4"",""minimum"":""842524"",""median"":""876772"",""maximum"":""891265"",""p95"":""891265"",""p99"":""891265"",""mean"":""871833.25"",""median_absolute_deviation"":""8263.5"",""standard_deviation"":""17983.894592""},""latency_population"":""all-dispatched-including-failures"",""all_dispatched_latency_nanos"":{""count"":""4"",""minimum"":""842524"",""median"":""876772"",""maximum"":""891265"",""p95"":""891265"",""p99"":""891265"",""mean"":""871833.25"",""median_absolute_deviation"":""8263.5"",""standard_deviation"":""17983.894592""},""successful_response_latency_nanos"":{""count"":""4"",""minimum"":""842524"",""median"":""876772"",""maximum"":""891265"",""p95"":""891265"",""p99"":""891265"",""mean"":""871833.25"",""median_absolute_deviation"":""8263.5"",""standard_deviation"":""17983.894592""},""outcome_latency_nanos"":{""success"":{""count"":""4"",""minimum"":""842524"",""median"":""876772"",""maximum"":""891265"",""p95"":""891265"",""p99"":""891265"",""mean"":""871833.25"",""median_absolute_deviation"":""8263.5"",""standard_deviation"":""17983.894592""},""declared-error"":null,""platform-failure"":null,""transport-failure"":null,""client-timeout"":null,""client-overload"":null,""client-deadline-before-dispatch"":null,""invalid-response"":null},""all_offered_elapsed_nanos"":{""count"":""4"",""minimum"":""941193"",""median"":""999507.5"",""maximum"":""1026456"",""p95"":""1026456"",""p99"":""1026456"",""mean"":""991666"",""median_absolute_deviation"":""18408"",""standard_deviation"":""31920.139356""},""successful_response_fraction"":""1"",""dispatch_lag_nanos"":{""count"":""4"",""minimum"":""98669"",""median"":""122735.5"",""maximum"":""135191"",""p95"":""135191"",""p99"":""135191"",""mean"":""119832.75"",""median_absolute_deviation"":""10144.5"",""standard_deviation"":""14347.120937""},""overshoot_nanos"":{""count"":""4"",""minimum"":""0"",""median"":""0"",""maximum"":""0"",""p95"":""0"",""p99"":""0"",""mean"":""0"",""median_absolute_deviation"":""0"",""standard_deviation"":""0""},""budget_successes"":""4"",""budget_misses"":""0"",""successes_per_second"":""3575.482914"",""attempts_per_second"":""3575.482914""}",3575.482914,3575.482914,1,4,0,3320.998591,3320.998591,842524,876772,891265,891265,891265,842524,876772,891265,891265,891265,941193,999507.5,1026456,1026456,1026456,98669,122735.5,135191,135191,135191,0,0,0,0,0
5,3,native,1,3,echo-c1-warmup,warmup,echo,1,4695871,"{""attempts"":""8"",""dispatched"":""8"",""undispatched"":""0"",""received"":""8"",""successful"":""8"",""semantic_mismatches"":""0"",""outcomes"":{""success"":""8""},""first_scheduled_nanos"":""211"",""last_completed_nanos"":""4604388"",""elapsed_nanos"":""4604177"",""throughput"":{""completed_attempts"":""8"",""successful_responses"":""8"",""elapsed_nanos"":""4604177""}}","{""counts"":{""attempts"":""8"",""dispatched"":""8"",""undispatched"":""0"",""received"":""8"",""successful"":""8"",""semantic_mismatches"":""0"",""outcomes"":{""success"":""8""},""first_scheduled_nanos"":""211"",""last_completed_nanos"":""4604388"",""elapsed_nanos"":""4604177"",""throughput"":{""completed_attempts"":""8"",""successful_responses"":""8"",""elapsed_nanos"":""4604177""}},""latency_nanos"":{""count"":""8"",""minimum"":""354567"",""median"":""401327.5"",""maximum"":""565142"",""p95"":""565142"",""p99"":""565142"",""mean"":""414966"",""median_absolute_deviation"":""32993.5"",""standard_deviation"":""63863.331271""},""latency_population"":""all-dispatched-including-failures"",""all_dispatched_latency_nanos"":{""count"":""8"",""minimum"":""354567"",""median"":""401327.5"",""maximum"":""565142"",""p95"":""565142"",""p99"":""565142"",""mean"":""414966"",""median_absolute_deviation"":""32993.5"",""standard_deviation"":""63863.331271""},""successful_response_latency_nanos"":{""count"":""8"",""minimum"":""354567"",""median"":""401327.5"",""maximum"":""565142"",""p95"":""565142"",""p99"":""565142"",""mean"":""414966"",""median_absolute_deviation"":""32993.5"",""standard_deviation"":""63863.331271""},""outcome_latency_nanos"":{""success"":{""count"":""8"",""minimum"":""354567"",""median"":""401327.5"",""maximum"":""565142"",""p95"":""565142"",""p99"":""565142"",""mean"":""414966"",""median_absolute_deviation"":""32993.5"",""standard_deviation"":""63863.331271""},""declared-error"":null,""platform-failure"":null,""transport-failure"":null,""client-timeout"":null,""client-overload"":null,""client-deadline-before-dispatch"":null,""invalid-response"":null},""all_offered_elapsed_nanos"":{""count"":""8"",""minimum"":""415185"",""median"":""479679.5"",""maximum"":""696397"",""p95"":""696397"",""p99"":""696397"",""mean"":""492550.375"",""median_absolute_deviation"":""42087"",""standard_deviation"":""84542.140996""},""successful_response_fraction"":""1"",""dispatch_lag_nanos"":{""count"":""8"",""minimum"":""58437"",""median"":""68721.5"",""maximum"":""131255"",""p95"":""131255"",""p99"":""131255"",""mean"":""77584.375"",""median_absolute_deviation"":""9889.5"",""standard_deviation"":""23122.974992""},""overshoot_nanos"":{""count"":""8"",""minimum"":""0"",""median"":""0"",""maximum"":""0"",""p95"":""0"",""p99"":""0"",""mean"":""0"",""median_absolute_deviation"":""0"",""standard_deviation"":""0""},""budget_successes"":""8"",""budget_misses"":""0"",""successes_per_second"":""1737.552661"",""attempts_per_second"":""1737.552661""}",1737.552661,1737.552661,1,8,0,1703.624312,1703.624312,354567,401327.5,565142,565142,565142,354567,401327.5,565142,565142,565142,415185,479679.5,696397,696397,696397,58437,68721.5,131255,131255,131255,0,0,0,0,0
5,3,native,1,4,echo-c1-measured,measured,echo,1,70336506,"{""attempts"":""128"",""dispatched"":""128"",""undispatched"":""0"",""received"":""128"",""successful"":""128"",""semantic_mismatches"":""0"",""outcomes"":{""success"":""128""},""first_scheduled_nanos"":""295"",""last_completed_nanos"":""70132901"",""elapsed_nanos"":""70132606"",""throughput"":{""completed_attempts"":""128"",""successful_responses"":""128"",""elapsed_nanos"":""70132606""}}","{""counts"":{""attempts"":""128"",""dispatched"":""128"",""undispatched"":""0"",""received"":""128"",""successful"":""128"",""semantic_mismatches"":""0"",""outcomes"":{""success"":""128""},""first_scheduled_nanos"":""295"",""last_completed_nanos"":""70132901"",""elapsed_nanos"":""70132606"",""throughput"":{""completed_attempts"":""128"",""successful_responses"":""128"",""elapsed_nanos"":""70132606""}},""latency_nanos"":{""count"":""128"",""minimum"":""236734"",""median"":""355738.5"",""maximum"":""751427"",""p95"":""568908"",""p99"":""702665"",""mean"":""376583.203125"",""median_absolute_deviation"":""56695.5"",""standard_deviation"":""92399.848152""},""latency_population"":""all-dispatched-including-failures"",""all_dispatched_latency_nanos"":{""count"":""128"",""minimum"":""236734"",""median"":""355738.5"",""maximum"":""751427"",""p95"":""568908"",""p99"":""702665"",""mean"":""376583.203125"",""median_absolute_deviation"":""56695.5"",""standard_deviation"":""92399.848152""},""successful_response_latency_nanos"":{""count"":""128"",""minimum"":""236734"",""median"":""355738.5"",""maximum"":""751427"",""p95"":""568908"",""p99"":""702665"",""mean"":""376583.203125"",""median_absolute_deviation"":""56695.5"",""standard_deviation"":""92399.848152""},""outcome_latency_nanos"":{""success"":{""count"":""128"",""minimum"":""236734"",""median"":""355738.5"",""maximum"":""751427"",""p95"":""568908"",""p99"":""702665"",""mean"":""376583.203125"",""median_absolute_deviation"":""56695.5"",""standard_deviation"":""92399.848152""},""declared-error"":null,""platform-failure"":null,""transport-failure"":null,""client-timeout"":null,""client-overload"":null,""client-deadline-before-dispatch"":null,""invalid-response"":null},""all_offered_elapsed_nanos"":{""count"":""128"",""minimum"":""290541"",""median"":""422905.5"",""maximum"":""929026"",""p95"":""663463"",""p99"":""884276"",""mean"":""446710.28125"",""median_absolute_deviation"":""68016"",""standard_deviation"":""113836.860548""},""successful_response_fraction"":""1"",""dispatch_lag_nanos"":{""count"":""128"",""minimum"":""41996"",""median"":""62584.5"",""maximum"":""334558"",""p95"":""107780"",""p99"":""181611"",""mean"":""70127.078125"",""median_absolute_deviation"":""13036"",""standard_deviation"":""33212.143946""},""overshoot_nanos"":{""count"":""128"",""minimum"":""0"",""median"":""0"",""maximum"":""0"",""p95"":""0"",""p99"":""0"",""mean"":""0"",""median_absolute_deviation"":""0"",""standard_deviation"":""0""},""budget_successes"":""128"",""budget_misses"":""0"",""successes_per_second"":""1825.113985"",""attempts_per_second"":""1825.113985""}",1825.113985,1825.113985,1,128,0,1819.823123,1819.823123,236734,355738.5,568908,702665,751427,236734,355738.5,568908,702665,751427,290541,422905.5,663463,884276,929026,41996,62584.5,107780,181611,334558,0,0,0,0,0
5,3,native,1,5,compute-c1-warmup,warmup,compute,1,3857387,"{""attempts"":""4"",""dispatched"":""4"",""undispatched"":""0"",""received"":""4"",""successful"":""4"",""semantic_mismatches"":""0"",""outcomes"":{""success"":""4""},""first_scheduled_nanos"":""571"",""last_completed_nanos"":""3737885"",""elapsed_nanos"":""3737314"",""throughput"":{""completed_attempts"":""4"",""successful_responses"":""4"",""elapsed_nanos"":""3737314""}}","{""counts"":{""attempts"":""4"",""dispatched"":""4"",""undispatched"":""0"",""received"":""4"",""successful"":""4"",""semantic_mismatches"":""0"",""outcomes"":{""success"":""4""},""first_scheduled_nanos"":""571"",""last_completed_nanos"":""3737885"",""elapsed_nanos"":""3737314"",""throughput"":{""completed_attempts"":""4"",""successful_responses"":""4"",""elapsed_nanos"":""3737314""}},""latency_nanos"":{""count"":""4"",""minimum"":""535303"",""median"":""588509"",""maximum"":""1024616"",""p95"":""1024616"",""p99"":""1024616"",""mean"":""684234.25"",""median_absolute_deviation"":""45870.5"",""standard_deviation"":""199585.064812""},""latency_population"":""all-dispatched-including-failures"",""all_dispatched_latency_nanos"":{""count"":""4"",""minimum"":""535303"",""median"":""588509"",""maximum"":""1024616"",""p95"":""1024616"",""p99"":""1024616"",""mean"":""684234.25"",""median_absolute_deviation"":""45870.5"",""standard_deviation"":""199585.064812""},""successful_response_latency_nanos"":{""count"":""4"",""minimum"":""535303"",""median"":""588509"",""maximum"":""1024616"",""p95"":""1024616"",""p99"":""1024616"",""mean"":""684234.25"",""median_absolute_deviation"":""45870.5"",""standard_deviation"":""199585.064812""},""outcome_latency_nanos"":{""success"":{""count"":""4"",""minimum"":""535303"",""median"":""588509"",""maximum"":""1024616"",""p95"":""1024616"",""p99"":""1024616"",""mean"":""684234.25"",""median_absolute_deviation"":""45870.5"",""standard_deviation"":""199585.064812""},""declared-error"":null,""platform-failure"":null,""transport-failure"":null,""client-timeout"":null,""client-overload"":null,""client-deadline-before-dispatch"":null,""invalid-response"":null},""all_offered_elapsed_nanos"":{""count"":""4"",""minimum"":""622169"",""median"":""767056.5"",""maximum"":""1173782"",""p95"":""1173782"",""p99"":""1173782"",""mean"":""832516"",""median_absolute_deviation"":""82583.5"",""standard_deviation"":""206216.361915""},""successful_response_fraction"":""1"",""dispatch_lag_nanos"":{""count"":""4"",""minimum"":""72195"",""median"":""134449.5"",""maximum"":""252033"",""p95"":""252033"",""p99"":""252033"",""mean"":""148281.75"",""median_absolute_deviation"":""38485.5"",""standard_deviation"":""65896.374003""},""overshoot_nanos"":{""count"":""4"",""minimum"":""0"",""median"":""0"",""maximum"":""0"",""p95"":""0"",""p99"":""0"",""mean"":""0"",""median_absolute_deviation"":""0"",""standard_deviation"":""0""},""budget_successes"":""4"",""budget_misses"":""0"",""successes_per_second"":""1070.287378"",""attempts_per_second"":""1070.287378""}",1070.287378,1070.287378,1,4,0,1036.971401,1036.971401,535303,588509,1024616,1024616,1024616,535303,588509,1024616,1024616,1024616,622169,767056.5,1173782,1173782,1173782,72195,134449.5,252033,252033,252033,0,0,0,0,0
5,3,native,1,6,compute-c1-measured,measured,compute,1,36416920,"{""attempts"":""64"",""dispatched"":""64"",""undispatched"":""0"",""received"":""64"",""successful"":""64"",""semantic_mismatches"":""0"",""outcomes"":{""success"":""64""},""first_scheduled_nanos"":""1350"",""last_completed_nanos"":""36330598"",""elapsed_nanos"":""36329248"",""throughput"":{""completed_attempts"":""64"",""successful_responses"":""64"",""elapsed_nanos"":""36329248""}}","{""counts"":{""attempts"":""64"",""dispatched"":""64"",""undispatched"":""0"",""received"":""64"",""successful"":""64"",""semantic_mismatches"":""0"",""outcomes"":{""success"":""64""},""first_scheduled_nanos"":""1350"",""last_completed_nanos"":""36330598"",""elapsed_nanos"":""36329248"",""throughput"":{""completed_attempts"":""64"",""successful_responses"":""64"",""elapsed_nanos"":""36329248""}},""latency_nanos"":{""count"":""64"",""minimum"":""271165"",""median"":""379942.5"",""maximum"":""1159622"",""p95"":""576590"",""p99"":""1159622"",""mean"":""407416.765625"",""median_absolute_deviation"":""70652.5"",""standard_deviation"":""159661.933914""},""latency_population"":""all-dispatched-including-failures"",""all_dispatched_latency_nanos"":{""count"":""64"",""minimum"":""271165"",""median"":""379942.5"",""maximum"":""1159622"",""p95"":""576590"",""p99"":""1159622"",""mean"":""407416.765625"",""median_absolute_deviation"":""70652.5"",""standard_deviation"":""159661.933914""},""successful_response_latency_nanos"":{""count"":""64"",""minimum"":""271165"",""median"":""379942.5"",""maximum"":""1159622"",""p95"":""576590"",""p99"":""1159622"",""mean"":""407416.765625"",""median_absolute_deviation"":""70652.5"",""standard_deviation"":""159661.933914""},""outcome_latency_nanos"":{""success"":{""count"":""64"",""minimum"":""271165"",""median"":""379942.5"",""maximum"":""1159622"",""p95"":""576590"",""p99"":""1159622"",""mean"":""407416.765625"",""median_absolute_deviation"":""70652.5"",""standard_deviation"":""159661.933914""},""declared-error"":null,""platform-failure"":null,""transport-failure"":null,""client-timeout"":null,""client-overload"":null,""client-deadline-before-dispatch"":null,""invalid-response"":null},""all_offered_elapsed_nanos"":{""count"":""64"",""minimum"":""322608"",""median"":""443509.5"",""maximum"":""1302281"",""p95"":""766440"",""p99"":""1302281"",""mean"":""472054.28125"",""median_absolute_deviation"":""78602.5"",""standard_deviation"":""175666.663188""},""successful_response_fraction"":""1"",""dispatch_lag_nanos"":{""count"":""64"",""minimum"":""47884"",""median"":""54309"",""maximum"":""189850"",""p95"":""103765"",""p99"":""189850"",""mean"":""64637.515625"",""median_absolute_deviation"":""4710.5"",""standard_deviation"":""23843.951911""},""overshoot_nanos"":{""count"":""64"",""minimum"":""0"",""median"":""0"",""maximum"":""0"",""p95"":""0"",""p99"":""0"",""mean"":""0"",""median_absolute_deviation"":""0"",""standard_deviation"":""0""},""budget_successes"":""64"",""budget_misses"":""0"",""successes_per_second"":""1761.665972"",""attempts_per_second"":""1761.665972""}",1761.665972,1761.665972,1,64,0,1757.424845,1757.424845,271165,379942.5,576590,1159622,1159622,271165,379942.5,576590,1159622,1159622,322608,443509.5,766440,1302281,1302281,47884,54309,103765,189850,189850,0,0,0,0,0
5,3,native,1,7,echo-c4-warmup,warmup,echo,4,1461638,"{""attempts"":""8"",""dispatched"":""8"",""undispatched"":""0"",""received"":""8"",""successful"":""8"",""semantic_mismatches"":""0"",""outcomes"":{""success"":""8""},""first_scheduled_nanos"":""204"",""last_completed_nanos"":""1316194"",""elapsed_nanos"":""1315990"",""throughput"":{""completed_attempts"":""8"",""successful_responses"":""8"",""elapsed_nanos"":""1315990""}}","{""counts"":{""attempts"":""8"",""dispatched"":""8"",""undispatched"":""0"",""received"":""8"",""successful"":""8"",""semantic_mismatches"":""0"",""outcomes"":{""success"":""8""},""first_scheduled_nanos"":""204"",""last_completed_nanos"":""1316194"",""elapsed_nanos"":""1315990"",""throughput"":{""completed_attempts"":""8"",""successful_responses"":""8"",""elapsed_nanos"":""1315990""}},""latency_nanos"":{""count"":""8"",""minimum"":""461442"",""median"":""565434.5"",""maximum"":""628193"",""p95"":""628193"",""p99"":""628193"",""mean"":""552878.75"",""median_absolute_deviation"":""56800.5"",""standard_deviation"":""63905.723933""},""latency_population"":""all-dispatched-including-failures"",""all_dispatched_latency_nanos"":{""count"":""8"",""minimum"":""461442"",""median"":""565434.5"",""maximum"":""628193"",""p95"":""628193"",""p99"":""628193"",""mean"":""552878.75"",""median_absolute_deviation"":""56800.5"",""standard_deviation"":""63905.723933""},""successful_response_latency_nanos"":{""count"":""8"",""minimum"":""461442"",""median"":""565434.5"",""maximum"":""628193"",""p95"":""628193"",""p99"":""628193"",""mean"":""552878.75"",""median_absolute_deviation"":""56800.5"",""standard_deviation"":""63905.723933""},""outcome_latency_nanos"":{""success"":{""count"":""8"",""minimum"":""461442"",""median"":""565434.5"",""maximum"":""628193"",""p95"":""628193"",""p99"":""628193"",""mean"":""552878.75"",""median_absolute_deviation"":""56800.5"",""standard_deviation"":""63905.723933""},""declared-error"":null,""platform-failure"":null,""transport-failure"":null,""client-timeout"":null,""client-overload"":null,""client-deadline-before-dispatch"":null,""invalid-response"":null},""all_offered_elapsed_nanos"":{""count"":""8"",""minimum"":""488811"",""median"":""596607.5"",""maximum"":""693703"",""p95"":""693703"",""p99"":""693703"",""mean"":""597884"",""median_absolute_deviation"":""79221"",""standard_deviation"":""77047.495354""},""successful_response_fraction"":""1"",""dispatch_lag_nanos"":{""count"":""8"",""minimum"":""10600"",""median"":""45660"",""maximum"":""73927"",""p95"":""73927"",""p99"":""73927"",""mean"":""45005.25"",""median_absolute_deviation"":""21305"",""standard_deviation"":""22271.202307""},""overshoot_nanos"":{""count"":""8"",""minimum"":""0"",""median"":""0"",""maximum"":""0"",""p95"":""0"",""p99"":""0"",""mean"":""0"",""median_absolute_deviation"":""0"",""standard_deviation"":""0""},""budget_successes"":""8"",""budget_misses"":""0"",""successes_per_second"":""6079.073549"",""attempts_per_second"":""6079.073549""}",6079.073549,6079.073549,1,8,0,5473.311449,5473.311449,461442,565434.5,628193,628193,628193,461442,565434.5,628193,628193,628193,488811,596607.5,693703,693703,693703,10600,45660,73927,73927,73927,0,0,0,0,0
5,3,native,1,8,echo-c4-measured,measured,echo,4,18105561,"{""attempts"":""128"",""dispatched"":""128"",""undispatched"":""0"",""received"":""128"",""successful"":""128"",""semantic_mismatches"":""0"",""outcomes"":{""success"":""128""},""first_scheduled_nanos"":""222"",""last_completed_nanos"":""18013459"",""elapsed_nanos"":""18013237"",""throughput"":{""completed_attempts"":""128"",""successful_responses"":""128"",""elapsed_nanos"":""18013237""}}","{""counts"":{""attempts"":""128"",""dispatched"":""128"",""undispatched"":""0"",""received"":""128"",""successful"":""128"",""semantic_mismatches"":""0"",""outcomes"":{""success"":""128""},""first_scheduled_nanos"":""222"",""last_completed_nanos"":""18013459"",""elapsed_nanos"":""18013237"",""throughput"":{""completed_attempts"":""128"",""successful_responses"":""128"",""elapsed_nanos"":""18013237""}},""latency_nanos"":{""count"":""128"",""minimum"":""205081"",""median"":""406867.5"",""maximum"":""889876"",""p95"":""557323"",""p99"":""861006"",""mean"":""412499.023438"",""median_absolute_deviation"":""62213.5"",""standard_deviation"":""105133.162583""},""latency_population"":""all-dispatched-including-failures"",""all_dispatched_latency_nanos"":{""count"":""128"",""minimum"":""205081"",""median"":""406867.5"",""maximum"":""889876"",""p95"":""557323"",""p99"":""861006"",""mean"":""412499.023438"",""median_absolute_deviation"":""62213.5"",""standard_deviation"":""105133.162583""},""successful_response_latency_nanos"":{""count"":""128"",""minimum"":""205081"",""median"":""406867.5"",""maximum"":""889876"",""p95"":""557323"",""p99"":""861006"",""mean"":""412499.023438"",""median_absolute_deviation"":""62213.5"",""standard_deviation"":""105133.162583""},""outcome_latency_nanos"":{""success"":{""count"":""128"",""minimum"":""205081"",""median"":""406867.5"",""maximum"":""889876"",""p95"":""557323"",""p99"":""861006"",""mean"":""412499.023438"",""median_absolute_deviation"":""62213.5"",""standard_deviation"":""105133.162583""},""declared-error"":null,""platform-failure"":null,""transport-failure"":null,""client-timeout"":null,""client-overload"":null,""client-deadline-before-dispatch"":null,""invalid-response"":null},""all_offered_elapsed_nanos"":{""count"":""128"",""minimum"":""225406"",""median"":""449197"",""maximum"":""990559"",""p95"":""640129"",""p99"":""887653"",""mean"":""453111.335938"",""median_absolute_deviation"":""70759"",""standard_deviation"":""114761.906326""},""successful_response_fraction"":""1"",""dispatch_lag_nanos"":{""count"":""128"",""minimum"":""4785"",""median"":""36417"",""maximum"":""100683"",""p95"":""80175"",""p99"":""99366"",""mean"":""40612.3125"",""median_absolute_deviation"":""17596.5"",""standard_deviation"":""22956.549678""},""overshoot_nanos"":{""count"":""128"",""minimum"":""0"",""median"":""0"",""maximum"":""0"",""p95"":""0"",""p99"":""0"",""mean"":""0"",""median_absolute_deviation"":""0"",""standard_deviation"":""0""},""budget_successes"":""128"",""budget_misses"":""0"",""successes_per_second"":""7105.885522"",""attempts_per_second"":""7105.885522""}",7105.885522,7105.885522,1,128,0,7069.651142,7069.651142,205081,406867.5,557323,861006,889876,205081,406867.5,557323,861006,889876,225406,449197,640129,887653,990559,4785,36417,80175,99366,100683,0,0,0,0,0
5,4,native,8,0,first,first,echo,1,6854384,"{""attempts"":""8"",""dispatched"":""8"",""undispatched"":""0"",""received"":""8"",""successful"":""8"",""semantic_mismatches"":""0"",""outcomes"":{""success"":""8""},""first_scheduled_nanos"":""803"",""last_completed_nanos"":""6740919"",""elapsed_nanos"":""6740116"",""throughput"":{""completed_attempts"":""8"",""successful_responses"":""8"",""elapsed_nanos"":""6740116""}}","{""counts"":{""attempts"":""8"",""dispatched"":""8"",""undispatched"":""0"",""received"":""8"",""successful"":""8"",""semantic_mismatches"":""0"",""outcomes"":{""success"":""8""},""first_scheduled_nanos"":""803"",""last_completed_nanos"":""6740919"",""elapsed_nanos"":""6740116"",""throughput"":{""completed_attempts"":""8"",""successful_responses"":""8"",""elapsed_nanos"":""6740116""}},""latency_nanos"":{""count"":""8"",""minimum"":""462795"",""median"":""565847.5"",""maximum"":""1032497"",""p95"":""1032497"",""p99"":""1032497"",""mean"":""623694"",""median_absolute_deviation"":""78220"",""standard_deviation"":""174843.061424""},""latency_population"":""all-dispatched-including-failures"",""all_dispatched_latency_nanos"":{""count"":""8"",""minimum"":""462795"",""median"":""565847.5"",""maximum"":""1032497"",""p95"":""1032497"",""p99"":""1032497"",""mean"":""623694"",""median_absolute_deviation"":""78220"",""standard_deviation"":""174843.061424""},""successful_response_latency_nanos"":{""count"":""8"",""minimum"":""462795"",""median"":""565847.5"",""maximum"":""1032497"",""p95"":""1032497"",""p99"":""1032497"",""mean"":""623694"",""median_absolute_deviation"":""78220"",""standard_deviation"":""174843.061424""},""outcome_latency_nanos"":{""success"":{""count"":""8"",""minimum"":""462795"",""median"":""565847.5"",""maximum"":""1032497"",""p95"":""1032497"",""p99"":""1032497"",""mean"":""623694"",""median_absolute_deviation"":""78220"",""standard_deviation"":""174843.061424""},""declared-error"":null,""platform-failure"":null,""transport-failure"":null,""client-timeout"":null,""client-overload"":null,""client-deadline-before-dispatch"":null,""invalid-response"":null},""all_offered_elapsed_nanos"":{""count"":""8"",""minimum"":""518268"",""median"":""637795.5"",""maximum"":""1346400"",""p95"":""1346400"",""p99"":""1346400"",""mean"":""723342.75"",""median_absolute_deviation"":""81071"",""standard_deviation"":""253764.298081""},""successful_response_fraction"":""1"",""dispatch_lag_nanos"":{""count"":""8"",""minimum"":""50252"",""median"":""60972"",""maximum"":""313903"",""p95"":""313903"",""p99"":""313903"",""mean"":""99648.75"",""median_absolute_deviation"":""8109.5"",""standard_deviation"":""83080.812745""},""overshoot_nanos"":{""count"":""8"",""minimum"":""0"",""median"":""0"",""maximum"":""0"",""p95"":""0"",""p99"":""0"",""mean"":""0"",""median_absolute_deviation"":""0"",""standard_deviation"":""0""},""budget_successes"":""8"",""budget_misses"":""0"",""successes_per_second"":""1186.923192"",""attempts_per_second"":""1186.923192""}",1186.923192,1186.923192,1,8,0,1167.136244,1167.136244,462795,565847.5,1032497,1032497,1032497,462795,565847.5,1032497,1032497,1032497,518268,637795.5,1346400,1346400,1346400,50252,60972,313903,313903,313903,0,0,0,0,0
5,4,native,8,1,density-warmup,warmup,echo,4,5145719,"{""attempts"":""32"",""dispatched"":""32"",""undispatched"":""0"",""received"":""32"",""successful"":""32"",""semantic_mismatches"":""0"",""outcomes"":{""success"":""32""},""first_scheduled_nanos"":""324"",""last_completed_nanos"":""5091171"",""elapsed_nanos"":""5090847"",""throughput"":{""completed_attempts"":""32"",""successful_responses"":""32"",""elapsed_nanos"":""5090847""}}","{""counts"":{""attempts"":""32"",""dispatched"":""32"",""undispatched"":""0"",""received"":""32"",""successful"":""32"",""semantic_mismatches"":""0"",""outcomes"":{""success"":""32""},""first_scheduled_nanos"":""324"",""last_completed_nanos"":""5091171"",""elapsed_nanos"":""5090847"",""throughput"":{""completed_attempts"":""32"",""successful_responses"":""32"",""elapsed_nanos"":""5090847""}},""latency_nanos"":{""count"":""32"",""minimum"":""297941"",""median"":""425347"",""maximum"":""739292"",""p95"":""703312"",""p99"":""739292"",""mean"":""456975.53125"",""median_absolute_deviation"":""64364"",""standard_deviation"":""110622.317963""},""latency_population"":""all-dispatched-including-failures"",""all_dispatched_latency_nanos"":{""count"":""32"",""minimum"":""297941"",""median"":""425347"",""maximum"":""739292"",""p95"":""703312"",""p99"":""739292"",""mean"":""456975.53125"",""median_absolute_deviation"":""64364"",""standard_deviation"":""110622.317963""},""successful_response_latency_nanos"":{""count"":""32"",""minimum"":""297941"",""median"":""425347"",""maximum"":""739292"",""p95"":""703312"",""p99"":""739292"",""mean"":""456975.53125"",""median_absolute_deviation"":""64364"",""standard_deviation"":""110622.317963""},""outcome_latency_nanos"":{""success"":{""count"":""32"",""minimum"":""297941"",""median"":""425347"",""maximum"":""739292"",""p95"":""703312"",""p99"":""739292"",""mean"":""456975.53125"",""median_absolute_deviation"":""64364"",""standard_deviation"":""110622.317963""},""declared-error"":null,""platform-failure"":null,""transport-failure"":null,""client-timeout"":null,""client-overload"":null,""client-deadline-before-dispatch"":null,""invalid-response"":null},""all_offered_elapsed_nanos"":{""count"":""32"",""minimum"":""361812"",""median"":""471476.5"",""maximum"":""837043"",""p95"":""820243"",""p99"":""837043"",""mean"":""505610.1875"",""median_absolute_deviation"":""66176"",""standard_deviation"":""126323.534281""},""successful_response_fraction"":""1"",""dispatch_lag_nanos"":{""count"":""32"",""minimum"":""9658"",""median"":""51416"",""maximum"":""126377"",""p95"":""116931"",""p99"":""126377"",""mean"":""48634.65625"",""median_absolute_deviation"":""22372.5"",""standard_deviation"":""30418.809039""},""overshoot_nanos"":{""count"":""32"",""minimum"":""0"",""median"":""0"",""maximum"":""0"",""p95"":""0"",""p99"":""0"",""mean"":""0"",""median_absolute_deviation"":""0"",""standard_deviation"":""0""},""budget_successes"":""32"",""budget_misses"":""0"",""successes_per_second"":""6285.79095"",""attempts_per_second"":""6285.79095""}",6285.79095,6285.79095,1,32,0,6218.761654,6218.761654,297941,425347,703312,739292,739292,297941,425347,703312,739292,739292,361812,471476.5,820243,837043,837043,9658,51416,116931,126377,126377,0,0,0,0,0
5,4,native,8,2,density-measured,measured,echo,4,4766217,"{""attempts"":""32"",""dispatched"":""32"",""undispatched"":""0"",""received"":""32"",""successful"":""32"",""semantic_mismatches"":""0"",""outcomes"":{""success"":""32""},""first_scheduled_nanos"":""386"",""last_completed_nanos"":""4643542"",""elapsed_nanos"":""4643156"",""throughput"":{""completed_attempts"":""32"",""successful_responses"":""32"",""elapsed_nanos"":""4643156""}}","{""counts"":{""attempts"":""32"",""dispatched"":""32"",""undispatched"":""0"",""received"":""32"",""successful"":""32"",""semantic_mismatches"":""0"",""outcomes"":{""success"":""32""},""first_scheduled_nanos"":""386"",""last_completed_nanos"":""4643542"",""elapsed_nanos"":""4643156"",""throughput"":{""completed_attempts"":""32"",""successful_responses"":""32"",""elapsed_nanos"":""4643156""}},""latency_nanos"":{""count"":""32"",""minimum"":""267091"",""median"":""389884.5"",""maximum"":""632587"",""p95"":""622831"",""p99"":""632587"",""mean"":""411004"",""median_absolute_deviation"":""35429.5"",""standard_deviation"":""88796.160353""},""latency_population"":""all-dispatched-including-failures"",""all_dispatched_latency_nanos"":{""count"":""32"",""minimum"":""267091"",""median"":""389884.5"",""maximum"":""632587"",""p95"":""622831"",""p99"":""632587"",""mean"":""411004"",""median_absolute_deviation"":""35429.5"",""standard_deviation"":""88796.160353""},""successful_response_latency_nanos"":{""count"":""32"",""minimum"":""267091"",""median"":""389884.5"",""maximum"":""632587"",""p95"":""622831"",""p99"":""632587"",""mean"":""411004"",""median_absolute_deviation"":""35429.5"",""standard_deviation"":""88796.160353""},""outcome_latency_nanos"":{""success"":{""count"":""32"",""minimum"":""267091"",""median"":""389884.5"",""maximum"":""632587"",""p95"":""622831"",""p99"":""632587"",""mean"":""411004"",""median_absolute_deviation"":""35429.5"",""standard_deviation"":""88796.160353""},""declared-error"":null,""platform-failure"":null,""transport-failure"":null,""client-timeout"":null,""client-overload"":null,""client-deadline-before-dispatch"":null,""invalid-response"":null},""all_offered_elapsed_nanos"":{""count"":""32"",""minimum"":""305311"",""median"":""424265"",""maximum"":""728847"",""p95"":""705956"",""p99"":""728847"",""mean"":""455104.375"",""median_absolute_deviation"":""50501"",""standard_deviation"":""106725.542548""},""successful_response_fraction"":""1"",""dispatch_lag_nanos"":{""count"":""32"",""minimum"":""10494"",""median"":""39407"",""maximum"":""107446"",""p95"":""96561"",""p99"":""107446"",""mean"":""44100.375"",""median_absolute_deviation"":""17831"",""standard_deviation"":""25463.125527""},""overshoot_nanos"":{""count"":""32"",""minimum"":""0"",""median"":""0"",""maximum"":""0"",""p95"":""0"",""p99"":""0"",""mean"":""0"",""median_absolute_deviation"":""0"",""standard_deviation"":""0""},""budget_successes"":""32"",""budget_misses"":""0"",""successes_per_second"":""6891.864068"",""attempts_per_second"":""6891.864068""}",6891.864068,6891.864068,1,32,0,6713.920075,6713.920075,267091,389884.5,622831,632587,632587,267091,389884.5,622831,632587,632587,305311,424265,705956,728847,728847,10494,39407,96561,107446,107446,0,0,0,0,0
5,5,lsf,8,0,first,first,echo,1,335240183,"{""attempts"":""8"",""dispatched"":""8"",""undispatched"":""0"",""received"":""8"",""successful"":""8"",""semantic_mismatches"":""0"",""outcomes"":{""success"":""8""},""first_scheduled_nanos"":""346"",""last_completed_nanos"":""335054426"",""elapsed_nanos"":""335054080"",""throughput"":{""completed_attempts"":""8"",""successful_responses"":""8"",""elapsed_nanos"":""335054080""}}","{""counts"":{""attempts"":""8"",""dispatched"":""8"",""undispatched"":""0"",""received"":""8"",""successful"":""8"",""semantic_mismatches"":""0"",""outcomes"":{""success"":""8""},""first_scheduled_nanos"":""346"",""last_completed_nanos"":""335054426"",""elapsed_nanos"":""335054080"",""throughput"":{""completed_attempts"":""8"",""successful_responses"":""8"",""elapsed_nanos"":""335054080""}},""latency_nanos"":{""count"":""8"",""minimum"":""38708007"",""median"":""41548610"",""maximum"":""44164093"",""p95"":""44164093"",""p99"":""44164093"",""mean"":""41552934.875"",""median_absolute_deviation"":""1335861.5"",""standard_deviation"":""1764516.511643""},""latency_population"":""all-dispatched-including-failures"",""all_dispatched_latency_nanos"":{""count"":""8"",""minimum"":""38708007"",""median"":""41548610"",""maximum"":""44164093"",""p95"":""44164093"",""p99"":""44164093"",""mean"":""41552934.875"",""median_absolute_deviation"":""1335861.5"",""standard_deviation"":""1764516.511643""},""successful_response_latency_nanos"":{""count"":""8"",""minimum"":""38708007"",""median"":""41548610"",""maximum"":""44164093"",""p95"":""44164093"",""p99"":""44164093"",""mean"":""41552934.875"",""median_absolute_deviation"":""1335861.5"",""standard_deviation"":""1764516.511643""},""outcome_latency_nanos"":{""success"":{""count"":""8"",""minimum"":""38708007"",""median"":""41548610"",""maximum"":""44164093"",""p95"":""44164093"",""p99"":""44164093"",""mean"":""41552934.875"",""median_absolute_deviation"":""1335861.5"",""standard_deviation"":""1764516.511643""},""declared-error"":null,""platform-failure"":null,""transport-failure"":null,""client-timeout"":null,""client-overload"":null,""client-deadline-before-dispatch"":null,""invalid-response"":null},""all_offered_elapsed_nanos"":{""count"":""8"",""minimum"":""38876439"",""median"":""41632149"",""maximum"":""44281588"",""p95"":""44281588"",""p99"":""44281588"",""mean"":""41680076.375"",""median_absolute_deviation"":""1298222"",""standard_deviation"":""1756255.597605""},""successful_response_fraction"":""1"",""dispatch_lag_nanos"":{""count"":""8"",""minimum"":""66398"",""median"":""111575"",""maximum"":""216115"",""p95"":""216115"",""p99"":""216115"",""mean"":""127141.5"",""median_absolute_deviation"":""39945.5"",""standard_deviation"":""48172.987584""},""overshoot_nanos"":{""count"":""8"",""minimum"":""0"",""median"":""0"",""maximum"":""0"",""p95"":""0"",""p99"":""0"",""mean"":""0"",""median_absolute_deviation"":""0"",""standard_deviation"":""0""},""budget_successes"":""8"",""budget_misses"":""0"",""successes_per_second"":""23.876743"",""attempts_per_second"":""23.876743""}",23.876743,23.876743,1,8,0,23.863488,23.863488,38708007,41548610,44164093,44164093,44164093,38708007,41548610,44164093,44164093,44164093,38876439,41632149,44281588,44281588,44281588,66398,111575,216115,216115,216115,0,0,0,0,0
5,5,lsf,8,1,density-warmup,warmup,echo,4,8734137,"{""attempts"":""32"",""dispatched"":""32"",""undispatched"":""0"",""received"":""32"",""successful"":""32"",""semantic_mismatches"":""0"",""outcomes"":{""success"":""32""},""first_scheduled_nanos"":""355"",""last_completed_nanos"":""8650268"",""elapsed_nanos"":""8649913"",""throughput"":{""completed_attempts"":""32"",""successful_responses"":""32"",""elapsed_nanos"":""8649913""}}","{""counts"":{""attempts"":""32"",""dispatched"":""32"",""undispatched"":""0"",""received"":""32"",""successful"":""32"",""semantic_mismatches"":""0"",""outcomes"":{""success"":""32""},""first_scheduled_nanos"":""355"",""last_completed_nanos"":""8650268"",""elapsed_nanos"":""8649913"",""throughput"":{""completed_attempts"":""32"",""successful_responses"":""32"",""elapsed_nanos"":""8649913""}},""latency_nanos"":{""count"":""32"",""minimum"":""585753"",""median"":""781081"",""maximum"":""1772724"",""p95"":""1618178"",""p99"":""1772724"",""mean"":""887903.53125"",""median_absolute_deviation"":""104861"",""standard_deviation"":""283653.081985""},""latency_population"":""all-dispatched-including-failures"",""all_dispatched_latency_nanos"":{""count"":""32"",""minimum"":""585753"",""median"":""781081"",""maximum"":""1772724"",""p95"":""1618178"",""p99"":""1772724"",""mean"":""887903.53125"",""median_absolute_deviation"":""104861"",""standard_deviation"":""283653.081985""},""successful_response_latency_nanos"":{""count"":""32"",""minimum"":""585753"",""median"":""781081"",""maximum"":""1772724"",""p95"":""1618178"",""p99"":""1772724"",""mean"":""887903.53125"",""median_absolute_deviation"":""104861"",""standard_deviation"":""283653.081985""},""outcome_latency_nanos"":{""success"":{""count"":""32"",""minimum"":""585753"",""median"":""781081"",""maximum"":""1772724"",""p95"":""1618178"",""p99"":""1772724"",""mean"":""887903.53125"",""median_absolute_deviation"":""104861"",""standard_deviation"":""283653.081985""},""declared-error"":null,""platform-failure"":null,""transport-failure"":null,""client-timeout"":null,""client-overload"":null,""client-deadline-before-dispatch"":null,""invalid-response"":null},""all_offered_elapsed_nanos"":{""count"":""32"",""minimum"":""632206"",""median"":""828340"",""maximum"":""1899609"",""p95"":""1725906"",""p99"":""1899609"",""mean"":""942616.84375"",""median_absolute_deviation"":""95451.5"",""standard_deviation"":""299349.244905""},""successful_response_fraction"":""1"",""dispatch_lag_nanos"":{""count"":""32"",""minimum"":""9848"",""median"":""53005"",""maximum"":""126885"",""p95"":""113722"",""p99"":""126885"",""mean"":""54713.3125"",""median_absolute_deviation"":""16349"",""standard_deviation"":""28721.760973""},""overshoot_nanos"":{""count"":""32"",""minimum"":""0"",""median"":""0"",""maximum"":""0"",""p95"":""0"",""p99"":""0"",""mean"":""0"",""median_absolute_deviation"":""0"",""standard_deviation"":""0""},""budget_successes"":""32"",""budget_misses"":""0"",""successes_per_second"":""3699.459174"",""attempts_per_second"":""3699.459174""}",3699.459174,3699.459174,1,32,0,3663.784985,3663.784985,585753,781081,1618178,1772724,1772724,585753,781081,1618178,1772724,1772724,632206,828340,1725906,1899609,1899609,9848,53005,113722,126885,126885,0,0,0,0,0
5,5,lsf,8,2,density-measured,measured,echo,4,8353678,"{""attempts"":""32"",""dispatched"":""32"",""undispatched"":""0"",""received"":""32"",""successful"":""32"",""semantic_mismatches"":""0"",""outcomes"":{""success"":""32""},""first_scheduled_nanos"":""227"",""last_completed_nanos"":""8208199"",""elapsed_nanos"":""8207972"",""throughput"":{""completed_attempts"":""32"",""successful_responses"":""32"",""elapsed_nanos"":""8207972""}}","{""counts"":{""attempts"":""32"",""dispatched"":""32"",""undispatched"":""0"",""received"":""32"",""successful"":""32"",""semantic_mismatches"":""0"",""outcomes"":{""success"":""32""},""first_scheduled_nanos"":""227"",""last_completed_nanos"":""8208199"",""elapsed_nanos"":""8207972"",""throughput"":{""completed_attempts"":""32"",""successful_responses"":""32"",""elapsed_nanos"":""8207972""}},""latency_nanos"":{""count"":""32"",""minimum"":""620203"",""median"":""756546.5"",""maximum"":""1522547"",""p95"":""1275684"",""p99"":""1522547"",""mean"":""824786.375"",""median_absolute_deviation"":""89821"",""standard_deviation"":""191299.244157""},""latency_population"":""all-dispatched-including-failures"",""all_dispatched_latency_nanos"":{""count"":""32"",""minimum"":""620203"",""median"":""756546.5"",""maximum"":""1522547"",""p95"":""1275684"",""p99"":""1522547"",""mean"":""824786.375"",""median_absolute_deviation"":""89821"",""standard_deviation"":""191299.244157""},""successful_response_latency_nanos"":{""count"":""32"",""minimum"":""620203"",""median"":""756546.5"",""maximum"":""1522547"",""p95"":""1275684"",""p99"":""1522547"",""mean"":""824786.375"",""median_absolute_deviation"":""89821"",""standard_deviation"":""191299.244157""},""outcome_latency_nanos"":{""success"":{""count"":""32"",""minimum"":""620203"",""median"":""756546.5"",""maximum"":""1522547"",""p95"":""1275684"",""p99"":""1522547"",""mean"":""824786.375"",""median_absolute_deviation"":""89821"",""standard_deviation"":""191299.244157""},""declared-error"":null,""platform-failure"":null,""transport-failure"":null,""client-timeout"":null,""client-overload"":null,""client-deadline-before-dispatch"":null,""invalid-response"":null},""all_offered_elapsed_nanos"":{""count"":""32"",""minimum"":""659604"",""median"":""804879"",""maximum"":""1627770"",""p95"":""1371803"",""p99"":""1627770"",""mean"":""878782.3125"",""median_absolute_deviation"":""79350.5"",""standard_deviation"":""203921.256933""},""successful_response_fraction"":""1"",""dispatch_lag_nanos"":{""count"":""32"",""minimum"":""7451"",""median"":""56897.5"",""maximum"":""105223"",""p95"":""96119"",""p99"":""105223"",""mean"":""53995.9375"",""median_absolute_deviation"":""7309"",""standard_deviation"":""21121.612921""},""overshoot_nanos"":{""count"":""32"",""minimum"":""0"",""median"":""0"",""maximum"":""0"",""p95"":""0"",""p99"":""0"",""mean"":""0"",""median_absolute_deviation"":""0"",""standard_deviation"":""0""},""budget_successes"":""32"",""budget_misses"":""0"",""successes_per_second"":""3898.648777"",""attempts_per_second"":""3898.648777""}",3898.648777,3898.648777,1,32,0,3830.648009,3830.648009,620203,756546.5,1275684,1522547,1522547,620203,756546.5,1275684,1522547,1522547,659604,804879,1371803,1627770,1627770,7451,56897.5,96119,105223,105223,0,0,0,0,0
6,0,lsf,1,0,first,first,echo,1,40625578,"{""attempts"":""1"",""dispatched"":""1"",""undispatched"":""0"",""received"":""1"",""successful"":""1"",""semantic_mismatches"":""0"",""outcomes"":{""success"":""1""},""first_scheduled_nanos"":""461"",""last_completed_nanos"":""40067738"",""elapsed_nanos"":""40067277"",""throughput"":{""completed_attempts"":""1"",""successful_responses"":""1"",""elapsed_nanos"":""40067277""}}","{""counts"":{""attempts"":""1"",""dispatched"":""1"",""undispatched"":""0"",""received"":""1"",""successful"":""1"",""semantic_mismatches"":""0"",""outcomes"":{""success"":""1""},""first_scheduled_nanos"":""461"",""last_completed_nanos"":""40067738"",""elapsed_nanos"":""40067277"",""throughput"":{""completed_attempts"":""1"",""successful_responses"":""1"",""elapsed_nanos"":""40067277""}},""latency_nanos"":{""count"":""1"",""minimum"":""39897674"",""median"":""39897674"",""maximum"":""39897674"",""p95"":""39897674"",""p99"":""39897674"",""mean"":""39897674"",""median_absolute_deviation"":""0"",""standard_deviation"":""0""},""latency_population"":""all-dispatched-including-failures"",""all_dispatched_latency_nanos"":{""count"":""1"",""minimum"":""39897674"",""median"":""39897674"",""maximum"":""39897674"",""p95"":""39897674"",""p99"":""39897674"",""mean"":""39897674"",""median_absolute_deviation"":""0"",""standard_deviation"":""0""},""successful_response_latency_nanos"":{""count"":""1"",""minimum"":""39897674"",""median"":""39897674"",""maximum"":""39897674"",""p95"":""39897674"",""p99"":""39897674"",""mean"":""39897674"",""median_absolute_deviation"":""0"",""standard_deviation"":""0""},""outcome_latency_nanos"":{""success"":{""count"":""1"",""minimum"":""39897674"",""median"":""39897674"",""maximum"":""39897674"",""p95"":""39897674"",""p99"":""39897674"",""mean"":""39897674"",""median_absolute_deviation"":""0"",""standard_deviation"":""0""},""declared-error"":null,""platform-failure"":null,""transport-failure"":null,""client-timeout"":null,""client-overload"":null,""client-deadline-before-dispatch"":null,""invalid-response"":null},""all_offered_elapsed_nanos"":{""count"":""1"",""minimum"":""40067277"",""median"":""40067277"",""maximum"":""40067277"",""p95"":""40067277"",""p99"":""40067277"",""mean"":""40067277"",""median_absolute_deviation"":""0"",""standard_deviation"":""0""},""successful_response_fraction"":""1"",""dispatch_lag_nanos"":{""count"":""1"",""minimum"":""169603"",""median"":""169603"",""maximum"":""169603"",""p95"":""169603"",""p99"":""169603"",""mean"":""169603"",""median_absolute_deviation"":""0"",""standard_deviation"":""0""},""overshoot_nanos"":{""count"":""1"",""minimum"":""0"",""median"":""0"",""maximum"":""0"",""p95"":""0"",""p99"":""0"",""mean"":""0"",""median_absolute_deviation"":""0"",""standard_deviation"":""0""},""budget_successes"":""1"",""budget_misses"":""0"",""successes_per_second"":""24.958022"",""attempts_per_second"":""24.958022""}",24.958022,24.958022,1,1,0,24.615034,24.615034,39897674,39897674,39897674,39897674,39897674,39897674,39897674,39897674,39897674,39897674,40067277,40067277,40067277,40067277,40067277,169603,169603,169603,169603,169603,0,0,0,0,0
6,0,lsf,1,1,density-warmup,warmup,echo,4,2797675,"{""attempts"":""4"",""dispatched"":""4"",""undispatched"":""0"",""received"":""4"",""successful"":""4"",""semantic_mismatches"":""0"",""outcomes"":{""success"":""4""},""first_scheduled_nanos"":""393"",""last_completed_nanos"":""2726974"",""elapsed_nanos"":""2726581"",""throughput"":{""completed_attempts"":""4"",""successful_responses"":""4"",""elapsed_nanos"":""2726581""}}","{""counts"":{""attempts"":""4"",""dispatched"":""4"",""undispatched"":""0"",""received"":""4"",""successful"":""4"",""semantic_mismatches"":""0"",""outcomes"":{""success"":""4""},""first_scheduled_nanos"":""393"",""last_completed_nanos"":""2726974"",""elapsed_nanos"":""2726581"",""throughput"":{""completed_attempts"":""4"",""successful_responses"":""4"",""elapsed_nanos"":""2726581""}},""latency_nanos"":{""count"":""4"",""minimum"":""1302351"",""median"":""2299933.5"",""maximum"":""2588660"",""p95"":""2588660"",""p99"":""2588660"",""mean"":""2122719.5"",""median_absolute_deviation"":""233075.5"",""standard_deviation"":""503952.759523""},""latency_population"":""all-dispatched-including-failures"",""all_dispatched_latency_nanos"":{""count"":""4"",""minimum"":""1302351"",""median"":""2299933.5"",""maximum"":""2588660"",""p95"":""2588660"",""p99"":""2588660"",""mean"":""2122719.5"",""median_absolute_deviation"":""233075.5"",""standard_deviation"":""503952.759523""},""successful_response_latency_nanos"":{""count"":""4"",""minimum"":""1302351"",""median"":""2299933.5"",""maximum"":""2588660"",""p95"":""2588660"",""p99"":""2588660"",""mean"":""2122719.5"",""median_absolute_deviation"":""233075.5"",""standard_deviation"":""503952.759523""},""outcome_latency_nanos"":{""success"":{""count"":""4"",""minimum"":""1302351"",""median"":""2299933.5"",""maximum"":""2588660"",""p95"":""2588660"",""p99"":""2588660"",""mean"":""2122719.5"",""median_absolute_deviation"":""233075.5"",""standard_deviation"":""503952.759523""},""declared-error"":null,""platform-failure"":null,""transport-failure"":null,""client-timeout"":null,""client-overload"":null,""client-deadline-before-dispatch"":null,""invalid-response"":null},""all_offered_elapsed_nanos"":{""count"":""4"",""minimum"":""1521236"",""median"":""2454538.5"",""maximum"":""2726581"",""p95"":""2726581"",""p99"":""2726581"",""mean"":""2289223.5"",""median_absolute_deviation"":""214864.5"",""standard_deviation"":""470498.285326""},""successful_response_fraction"":""1"",""dispatch_lag_nanos"":{""count"":""4"",""minimum"":""134867"",""median"":""156132"",""maximum"":""218885"",""p95"":""218885"",""p99"":""218885"",""mean"":""166504"",""median_absolute_deviation"":""19738"",""standard_deviation"":""33996.715797""},""overshoot_nanos"":{""count"":""4"",""minimum"":""0"",""median"":""0"",""maximum"":""0"",""p95"":""0"",""p99"":""0"",""mean"":""0"",""median_absolute_deviation"":""0"",""standard_deviation"":""0""},""budget_successes"":""4"",""budget_misses"":""0"",""successes_per_second"":""1467.038757"",""attempts_per_second"":""1467.038757""}",1467.038757,1467.038757,1,4,0,1429.758639,1429.758639,1302351,2299933.5,2588660,2588660,2588660,1302351,2299933.5,2588660,2588660,2588660,1521236,2454538.5,2726581,2726581,2726581,134867,156132,218885,218885,218885,0,0,0,0,0
6,0,lsf,1,2,density-measured,measured,echo,4,1675581,"{""attempts"":""4"",""dispatched"":""4"",""undispatched"":""0"",""received"":""4"",""successful"":""4"",""semantic_mismatches"":""0"",""outcomes"":{""success"":""4""},""first_scheduled_nanos"":""205"",""last_completed_nanos"":""1481598"",""elapsed_nanos"":""1481393"",""throughput"":{""completed_attempts"":""4"",""successful_responses"":""4"",""elapsed_nanos"":""1481393""}}","{""counts"":{""attempts"":""4"",""dispatched"":""4"",""undispatched"":""0"",""received"":""4"",""successful"":""4"",""semantic_mismatches"":""0"",""outcomes"":{""success"":""4""},""first_scheduled_nanos"":""205"",""last_completed_nanos"":""1481598"",""elapsed_nanos"":""1481393"",""throughput"":{""completed_attempts"":""4"",""successful_responses"":""4"",""elapsed_nanos"":""1481393""}},""latency_nanos"":{""count"":""4"",""minimum"":""963494"",""median"":""1217418"",""maximum"":""1369329"",""p95"":""1369329"",""p99"":""1369329"",""mean"":""1191914.75"",""median_absolute_deviation"":""148420.5"",""standard_deviation"":""178158.70485""},""latency_population"":""all-dispatched-including-failures"",""all_dispatched_latency_nanos"":{""count"":""4"",""minimum"":""963494"",""median"":""1217418"",""maximum"":""1369329"",""p95"":""1369329"",""p99"":""1369329"",""mean"":""1191914.75"",""median_absolute_deviation"":""148420.5"",""standard_deviation"":""178158.70485""},""successful_response_latency_nanos"":{""count"":""4"",""minimum"":""963494"",""median"":""1217418"",""maximum"":""1369329"",""p95"":""1369329"",""p99"":""1369329"",""mean"":""1191914.75"",""median_absolute_deviation"":""148420.5"",""standard_deviation"":""178158.70485""},""outcome_latency_nanos"":{""success"":{""count"":""4"",""minimum"":""963494"",""median"":""1217418"",""maximum"":""1369329"",""p95"":""1369329"",""p99"":""1369329"",""mean"":""1191914.75"",""median_absolute_deviation"":""148420.5"",""standard_deviation"":""178158.70485""},""declared-error"":null,""platform-failure"":null,""transport-failure"":null,""client-timeout"":null,""client-overload"":null,""client-deadline-before-dispatch"":null,""invalid-response"":null},""all_offered_elapsed_nanos"":{""count"":""4"",""minimum"":""1034451"",""median"":""1289819.5"",""maximum"":""1451681"",""p95"":""1451681"",""p99"":""1451681"",""mean"":""1266442.75"",""median_absolute_deviation"":""156352"",""standard_deviation"":""183530.137733""},""successful_response_fraction"":""1"",""dispatch_lag_nanos"":{""count"":""4"",""minimum"":""66489"",""median"":""74635.5"",""maximum"":""82352"",""p95"":""82352"",""p99"":""82352"",""mean"":""74528"",""median_absolute_deviation"":""5697.5"",""standard_deviation"":""6183.169373""},""overshoot_nanos"":{""count"":""4"",""minimum"":""0"",""median"":""0"",""maximum"":""0"",""p95"":""0"",""p99"":""0"",""mean"":""0"",""median_absolute_deviation"":""0"",""standard_deviation"":""0""},""budget_successes"":""4"",""budget_misses"":""0"",""successes_per_second"":""2700.161267"",""attempts_per_second"":""2700.161267""}",2700.161267,2700.161267,1,4,0,2387.231653,2387.231653,963494,1217418,1369329,1369329,1369329,963494,1217418,1369329,1369329,1369329,1034451,1289819.5,1451681,1451681,1451681,66489,74635.5,82352,82352,82352,0,0,0,0,0
6,0,lsf,1,3,echo-c1-warmup,warmup,echo,1,7784506,"{""attempts"":""8"",""dispatched"":""8"",""undispatched"":""0"",""received"":""8"",""successful"":""8"",""semantic_mismatches"":""0"",""outcomes"":{""success"":""8""},""first_scheduled_nanos"":""192"",""last_completed_nanos"":""7704065"",""elapsed_nanos"":""7703873"",""throughput"":{""completed_attempts"":""8"",""successful_responses"":""8"",""elapsed_nanos"":""7703873""}}","{""counts"":{""attempts"":""8"",""dispatched"":""8"",""undispatched"":""0"",""received"":""8"",""successful"":""8"",""semantic_mismatches"":""0"",""outcomes"":{""success"":""8""},""first_scheduled_nanos"":""192"",""last_completed_nanos"":""7704065"",""elapsed_nanos"":""7703873"",""throughput"":{""completed_attempts"":""8"",""successful_responses"":""8"",""elapsed_nanos"":""7703873""}},""latency_nanos"":{""count"":""8"",""minimum"":""620105"",""median"":""667324"",""maximum"":""1204506"",""p95"":""1204506"",""p99"":""1204506"",""mean"":""802210.25"",""median_absolute_deviation"":""42781"",""standard_deviation"":""220829.773977""},""latency_population"":""all-dispatched-including-failures"",""all_dispatched_latency_nanos"":{""count"":""8"",""minimum"":""620105"",""median"":""667324"",""maximum"":""1204506"",""p95"":""1204506"",""p99"":""1204506"",""mean"":""802210.25"",""median_absolute_deviation"":""42781"",""standard_deviation"":""220829.773977""},""successful_response_latency_nanos"":{""count"":""8"",""minimum"":""620105"",""median"":""667324"",""maximum"":""1204506"",""p95"":""1204506"",""p99"":""1204506"",""mean"":""802210.25"",""median_absolute_deviation"":""42781"",""standard_deviation"":""220829.773977""},""outcome_latency_nanos"":{""success"":{""count"":""8"",""minimum"":""620105"",""median"":""667324"",""maximum"":""1204506"",""p95"":""1204506"",""p99"":""1204506"",""mean"":""802210.25"",""median_absolute_deviation"":""42781"",""standard_deviation"":""220829.773977""},""declared-error"":null,""platform-failure"":null,""transport-failure"":null,""client-timeout"":null,""client-overload"":null,""client-deadline-before-dispatch"":null,""invalid-response"":null},""all_offered_elapsed_nanos"":{""count"":""8"",""minimum"":""676072"",""median"":""725557.5"",""maximum"":""1291708"",""p95"":""1291708"",""p99"":""1291708"",""mean"":""871174.25"",""median_absolute_deviation"":""43385.5"",""standard_deviation"":""231167.150687""},""successful_response_fraction"":""1"",""dispatch_lag_nanos"":{""count"":""8"",""minimum"":""50044"",""median"":""63708"",""maximum"":""105326"",""p95"":""105326"",""p99"":""105326"",""mean"":""68964"",""median_absolute_deviation"":""10249.5"",""standard_deviation"":""17889.068128""},""overshoot_nanos"":{""count"":""8"",""minimum"":""0"",""median"":""0"",""maximum"":""0"",""p95"":""0"",""p99"":""0"",""mean"":""0"",""median_absolute_deviation"":""0"",""standard_deviation"":""0""},""budget_successes"":""8"",""budget_misses"":""0"",""successes_per_second"":""1038.438718"",""attempts_per_second"":""1038.438718""}",1038.438718,1038.438718,1,8,0,1027.682425,1027.682425,620105,667324,1204506,1204506,1204506,620105,667324,1204506,1204506,1204506,676072,725557.5,1291708,1291708,1291708,50044,63708,105326,105326,105326,0,0,0,0,0
6,0,lsf,1,4,echo-c1-measured,measured,echo,1,126135708,"{""attempts"":""128"",""dispatched"":""128"",""undispatched"":""0"",""received"":""128"",""successful"":""128"",""semantic_mismatches"":""0"",""outcomes"":{""success"":""128""},""first_scheduled_nanos"":""520"",""last_completed_nanos"":""126047690"",""elapsed_nanos"":""126047170"",""throughput"":{""completed_attempts"":""128"",""successful_responses"":""128"",""elapsed_nanos"":""126047170""}}","{""counts"":{""attempts"":""128"",""dispatched"":""128"",""undispatched"":""0"",""received"":""128"",""successful"":""128"",""semantic_mismatches"":""0"",""outcomes"":{""success"":""128""},""first_scheduled_nanos"":""520"",""last_completed_nanos"":""126047690"",""elapsed_nanos"":""126047170"",""throughput"":{""completed_attempts"":""128"",""successful_responses"":""128"",""elapsed_nanos"":""126047170""}},""latency_nanos"":{""count"":""128"",""minimum"":""565789"",""median"":""740855"",""maximum"":""1613132"",""p95"":""1223347"",""p99"":""1603010"",""mean"":""805835.367188"",""median_absolute_deviation"":""90473.5"",""standard_deviation"":""216034.848443""},""latency_population"":""all-dispatched-including-failures"",""all_dispatched_latency_nanos"":{""count"":""128"",""minimum"":""565789"",""median"":""740855"",""maximum"":""1613132"",""p95"":""1223347"",""p99"":""1603010"",""mean"":""805835.367188"",""median_absolute_deviation"":""90473.5"",""standard_deviation"":""216034.848443""},""successful_response_latency_nanos"":{""count"":""128"",""minimum"":""565789"",""median"":""740855"",""maximum"":""1613132"",""p95"":""1223347"",""p99"":""1603010"",""mean"":""805835.367188"",""median_absolute_deviation"":""90473.5"",""standard_deviation"":""216034.848443""},""outcome_latency_nanos"":{""success"":{""count"":""128"",""minimum"":""565789"",""median"":""740855"",""maximum"":""1613132"",""p95"":""1223347"",""p99"":""1603010"",""mean"":""805835.367188"",""median_absolute_deviation"":""90473.5"",""standard_deviation"":""216034.848443""},""declared-error"":null,""platform-failure"":null,""transport-failure"":null,""client-timeout"":null,""client-overload"":null,""client-deadline-before-dispatch"":null,""invalid-response"":null},""all_offered_elapsed_nanos"":{""count"":""128"",""minimum"":""616582"",""median"":""801764.5"",""maximum"":""1708334"",""p95"":""1341148"",""p99"":""1706247"",""mean"":""875208.398438"",""median_absolute_deviation"":""93475"",""standard_deviation"":""224942.780104""},""successful_response_fraction"":""1"",""dispatch_lag_nanos"":{""count"":""128"",""minimum"":""44588"",""median"":""60885"",""maximum"":""169122"",""p95"":""117801"",""p99"":""141764"",""mean"":""69373.03125"",""median_absolute_deviation"":""9625"",""standard_deviation"":""22813.725485""},""overshoot_nanos"":{""count"":""128"",""minimum"":""0"",""median"":""0"",""maximum"":""0"",""p95"":""0"",""p99"":""0"",""mean"":""0"",""median_absolute_deviation"":""0"",""standard_deviation"":""0""},""budget_successes"":""128"",""budget_misses"":""0"",""successes_per_second"":""1015.492851"",""attempts_per_second"":""1015.492851""}",1015.492851,1015.492851,1,128,0,1014.780049,1014.780049,565789,740855,1223347,1603010,1613132,565789,740855,1223347,1603010,1613132,616582,801764.5,1341148,1706247,1708334,44588,60885,117801,141764,169122,0,0,0,0,0
6,0,lsf,1,5,compute-c1-warmup,warmup,compute,1,4578780,"{""attempts"":""4"",""dispatched"":""4"",""undispatched"":""0"",""received"":""4"",""successful"":""4"",""semantic_mismatches"":""0"",""outcomes"":{""success"":""4""},""first_scheduled_nanos"":""192"",""last_completed_nanos"":""4489805"",""elapsed_nanos"":""4489613"",""throughput"":{""completed_attempts"":""4"",""successful_responses"":""4"",""elapsed_nanos"":""4489613""}}","{""counts"":{""attempts"":""4"",""dispatched"":""4"",""undispatched"":""0"",""received"":""4"",""successful"":""4"",""semantic_mismatches"":""0"",""outcomes"":{""success"":""4""},""first_scheduled_nanos"":""192"",""last_completed_nanos"":""4489805"",""elapsed_nanos"":""4489613"",""throughput"":{""completed_attempts"":""4"",""successful_responses"":""4"",""elapsed_nanos"":""4489613""}},""latency_nanos"":{""count"":""4"",""minimum"":""841151"",""median"":""873390.5"",""maximum"":""1312684"",""p95"":""1312684"",""p99"":""1312684"",""mean"":""975154"",""median_absolute_deviation"":""17145.5"",""standard_deviation"":""195322.38868""},""latency_population"":""all-dispatched-including-failures"",""all_dispatched_latency_nanos"":{""count"":""4"",""minimum"":""841151"",""median"":""873390.5"",""maximum"":""1312684"",""p95"":""1312684"",""p99"":""1312684"",""mean"":""975154"",""median_absolute_deviation"":""17145.5"",""standard_deviation"":""195322.38868""},""successful_response_latency_nanos"":{""count"":""4"",""minimum"":""841151"",""median"":""873390.5"",""maximum"":""1312684"",""p95"":""1312684"",""p99"":""1312684"",""mean"":""975154"",""median_absolute_deviation"":""17145.5"",""standard_deviation"":""195322.38868""},""outcome_latency_nanos"":{""success"":{""count"":""4"",""minimum"":""841151"",""median"":""873390.5"",""maximum"":""1312684"",""p95"":""1312684"",""p99"":""1312684"",""mean"":""975154"",""median_absolute_deviation"":""17145.5"",""standard_deviation"":""195322.38868""},""declared-error"":null,""platform-failure"":null,""transport-failure"":null,""client-timeout"":null,""client-overload"":null,""client-deadline-before-dispatch"":null,""invalid-response"":null},""all_offered_elapsed_nanos"":{""count"":""4"",""minimum"":""898314"",""median"":""945710"",""maximum"":""1402740"",""p95"":""1402740"",""p99"":""1402740"",""mean"":""1048118.5"",""median_absolute_deviation"":""32442.5"",""standard_deviation"":""206024.59105""},""successful_response_fraction"":""1"",""dispatch_lag_nanos"":{""count"":""4"",""minimum"":""56882"",""median"":""72460"",""maximum"":""90056"",""p95"":""90056"",""p99"":""90056"",""mean"":""72964.5"",""median_absolute_deviation"":""15437.5"",""standard_deviation"":""15963.016922""},""overshoot_nanos"":{""count"":""4"",""minimum"":""0"",""median"":""0"",""maximum"":""0"",""p95"":""0"",""p99"":""0"",""mean"":""0"",""median_absolute_deviation"":""0"",""standard_deviation"":""0""},""budget_successes"":""4"",""budget_misses"":""0"",""successes_per_second"":""890.945389"",""attempts_per_second"":""890.945389""}",890.945389,890.945389,1,4,0,873.59515,873.59515,841151,873390.5,1312684,1312684,1312684,841151,873390.5,1312684,1312684,1312684,898314,945710,1402740,1402740,1402740,56882,72460,90056,90056,90056,0,0,0,0,0
6,0,lsf,1,6,compute-c1-measured,measured,compute,1,69351925,"{""attempts"":""64"",""dispatched"":""64"",""undispatched"":""0"",""received"":""64"",""successful"":""64"",""semantic_mismatches"":""0"",""outcomes"":{""success"":""64""},""first_scheduled_nanos"":""193"",""last_completed_nanos"":""69258171"",""elapsed_nanos"":""69257978"",""throughput"":{""completed_attempts"":""64"",""successful_responses"":""64"",""elapsed_nanos"":""69257978""}}","{""counts"":{""attempts"":""64"",""dispatched"":""64"",""undispatched"":""0"",""received"":""64"",""successful"":""64"",""semantic_mismatches"":""0"",""outcomes"":{""success"":""64""},""first_scheduled_nanos"":""193"",""last_completed_nanos"":""69258171"",""elapsed_nanos"":""69257978"",""throughput"":{""completed_attempts"":""64"",""successful_responses"":""64"",""elapsed_nanos"":""69257978""}},""latency_nanos"":{""count"":""64"",""minimum"":""732772"",""median"":""861873"",""maximum"":""1495281"",""p95"":""1259353"",""p99"":""1495281"",""mean"":""914649.375"",""median_absolute_deviation"":""85545.5"",""standard_deviation"":""174533.81231""},""latency_population"":""all-dispatched-including-failures"",""all_dispatched_latency_nanos"":{""count"":""64"",""minimum"":""732772"",""median"":""861873"",""maximum"":""1495281"",""p95"":""1259353"",""p99"":""1495281"",""mean"":""914649.375"",""median_absolute_deviation"":""85545.5"",""standard_deviation"":""174533.81231""},""successful_response_latency_nanos"":{""count"":""64"",""minimum"":""732772"",""median"":""861873"",""maximum"":""1495281"",""p95"":""1259353"",""p99"":""1495281"",""mean"":""914649.375"",""median_absolute_deviation"":""85545.5"",""standard_deviation"":""174533.81231""},""outcome_latency_nanos"":{""success"":{""count"":""64"",""minimum"":""732772"",""median"":""861873"",""maximum"":""1495281"",""p95"":""1259353"",""p99"":""1495281"",""mean"":""914649.375"",""median_absolute_deviation"":""85545.5"",""standard_deviation"":""174533.81231""},""declared-error"":null,""platform-failure"":null,""transport-failure"":null,""client-timeout"":null,""client-overload"":null,""client-deadline-before-dispatch"":null,""invalid-response"":null},""all_offered_elapsed_nanos"":{""count"":""64"",""minimum"":""780321"",""median"":""925208"",""maximum"":""1604745"",""p95"":""1348329"",""p99"":""1604745"",""mean"":""984520.875"",""median_absolute_deviation"":""96596"",""standard_deviation"":""185071.14384""},""successful_response_fraction"":""1"",""dispatch_lag_nanos"":{""count"":""64"",""minimum"":""45599"",""median"":""62678.5"",""maximum"":""229991"",""p95"":""110134"",""p99"":""229991"",""mean"":""69871.5"",""median_absolute_deviation"":""8831.5"",""standard_deviation"":""26569.715869""},""overshoot_nanos"":{""count"":""64"",""minimum"":""0"",""median"":""0"",""maximum"":""0"",""p95"":""0"",""p99"":""0"",""mean"":""0"",""median_absolute_deviation"":""0"",""standard_deviation"":""0""},""budget_successes"":""64"",""budget_misses"":""0"",""successes_per_second"":""924.081266"",""attempts_per_second"":""924.081266""}",924.081266,924.081266,1,64,0,922.829467,922.829467,732772,861873,1259353,1495281,1495281,732772,861873,1259353,1495281,1495281,780321,925208,1348329,1604745,1604745,45599,62678.5,110134,229991,229991,0,0,0,0,0
6,0,lsf,1,7,echo-c4-warmup,warmup,echo,4,2996110,"{""attempts"":""8"",""dispatched"":""8"",""undispatched"":""0"",""received"":""8"",""successful"":""8"",""semantic_mismatches"":""0"",""outcomes"":{""success"":""8""},""first_scheduled_nanos"":""248"",""last_completed_nanos"":""2953205"",""elapsed_nanos"":""2952957"",""throughput"":{""completed_attempts"":""8"",""successful_responses"":""8"",""elapsed_nanos"":""2952957""}}","{""counts"":{""attempts"":""8"",""dispatched"":""8"",""undispatched"":""0"",""received"":""8"",""successful"":""8"",""semantic_mismatches"":""0"",""outcomes"":{""success"":""8""},""first_scheduled_nanos"":""248"",""last_completed_nanos"":""2953205"",""elapsed_nanos"":""2952957"",""throughput"":{""completed_attempts"":""8"",""successful_responses"":""8"",""elapsed_nanos"":""2952957""}},""latency_nanos"":{""count"":""8"",""minimum"":""791598"",""median"":""1127692"",""maximum"":""1621699"",""p95"":""1621699"",""p99"":""1621699"",""mean"":""1141386.25"",""median_absolute_deviation"":""188712.5"",""standard_deviation"":""256364.809477""},""latency_population"":""all-dispatched-including-failures"",""all_dispatched_latency_nanos"":{""count"":""8"",""minimum"":""791598"",""median"":""1127692"",""maximum"":""1621699"",""p95"":""1621699"",""p99"":""1621699"",""mean"":""1141386.25"",""median_absolute_deviation"":""188712.5"",""standard_deviation"":""256364.809477""},""successful_response_latency_nanos"":{""count"":""8"",""minimum"":""791598"",""median"":""1127692"",""maximum"":""1621699"",""p95"":""1621699"",""p99"":""1621699"",""mean"":""1141386.25"",""median_absolute_deviation"":""188712.5"",""standard_deviation"":""256364.809477""},""outcome_latency_nanos"":{""success"":{""count"":""8"",""minimum"":""791598"",""median"":""1127692"",""maximum"":""1621699"",""p95"":""1621699"",""p99"":""1621699"",""mean"":""1141386.25"",""median_absolute_deviation"":""188712.5"",""standard_deviation"":""256364.809477""},""declared-error"":null,""platform-failure"":null,""transport-failure"":null,""client-timeout"":null,""client-overload"":null,""client-deadline-before-dispatch"":null,""invalid-response"":null},""all_offered_elapsed_nanos"":{""count"":""8"",""minimum"":""857564"",""median"":""1224059"",""maximum"":""1732056"",""p95"":""1732056"",""p99"":""1732056"",""mean"":""1223672.625"",""median_absolute_deviation"":""242307.5"",""standard_deviation"":""279906.129661""},""successful_response_fraction"":""1"",""dispatch_lag_nanos"":{""count"":""8"",""minimum"":""28955"",""median"":""80043"",""maximum"":""136145"",""p95"":""136145"",""p99"":""136145"",""mean"":""82286.375"",""median_absolute_deviation"":""23248"",""standard_deviation"":""31947.119287""},""overshoot_nanos"":{""count"":""8"",""minimum"":""0"",""median"":""0"",""maximum"":""0"",""p95"":""0"",""p99"":""0"",""mean"":""0"",""median_absolute_deviation"":""0"",""standard_deviation"":""0""},""budget_successes"":""8"",""budget_misses"":""0"",""successes_per_second"":""2709.148829"",""attempts_per_second"":""2709.148829""}",2709.148829,2709.148829,1,8,0,2670.128934,2670.128934,791598,1127692,1621699,1621699,1621699,791598,1127692,1621699,1621699,1621699,857564,1224059,1732056,1732056,1732056,28955,80043,136145,136145,136145,0,0,0,0,0
6,0,lsf,1,8,echo-c4-measured,measured,echo,4,38802466,"{""attempts"":""128"",""dispatched"":""128"",""undispatched"":""0"",""received"":""128"",""successful"":""128"",""semantic_mismatches"":""0"",""outcomes"":{""success"":""128""},""first_scheduled_nanos"":""194"",""last_completed_nanos"":""38719889"",""elapsed_nanos"":""38719695"",""throughput"":{""completed_attempts"":""128"",""successful_responses"":""128"",""elapsed_nanos"":""38719695""}}","{""counts"":{""attempts"":""128"",""dispatched"":""128"",""undispatched"":""0"",""received"":""128"",""successful"":""128"",""semantic_mismatches"":""0"",""outcomes"":{""success"":""128""},""first_scheduled_nanos"":""194"",""last_completed_nanos"":""38719889"",""elapsed_nanos"":""38719695"",""throughput"":{""completed_attempts"":""128"",""successful_responses"":""128"",""elapsed_nanos"":""38719695""}},""latency_nanos"":{""count"":""128"",""minimum"":""647338"",""median"":""971661"",""maximum"":""2218670"",""p95"":""1656604"",""p99"":""1995221"",""mean"":""1040994.289062"",""median_absolute_deviation"":""135193"",""standard_deviation"":""278051.987977""},""latency_population"":""all-dispatched-including-failures"",""all_dispatched_latency_nanos"":{""count"":""128"",""minimum"":""647338"",""median"":""971661"",""maximum"":""2218670"",""p95"":""1656604"",""p99"":""1995221"",""mean"":""1040994.289062"",""median_absolute_deviation"":""135193"",""standard_deviation"":""278051.987977""},""successful_response_latency_nanos"":{""count"":""128"",""minimum"":""647338"",""median"":""971661"",""maximum"":""2218670"",""p95"":""1656604"",""p99"":""1995221"",""mean"":""1040994.289062"",""median_absolute_deviation"":""135193"",""standard_deviation"":""278051.987977""},""outcome_latency_nanos"":{""success"":{""count"":""128"",""minimum"":""647338"",""median"":""971661"",""maximum"":""2218670"",""p95"":""1656604"",""p99"":""1995221"",""mean"":""1040994.289062"",""median_absolute_deviation"":""135193"",""standard_deviation"":""278051.987977""},""declared-error"":null,""platform-failure"":null,""transport-failure"":null,""client-timeout"":null,""client-overload"":null,""client-deadline-before-dispatch"":null,""invalid-response"":null},""all_offered_elapsed_nanos"":{""count"":""128"",""minimum"":""668058"",""median"":""1023543.5"",""maximum"":""2276974"",""p95"":""1698333"",""p99"":""2072660"",""mean"":""1097154.804688"",""median_absolute_deviation"":""145720.5"",""standard_deviation"":""282179.012403""},""successful_response_fraction"":""1"",""dispatch_lag_nanos"":{""count"":""128"",""minimum"":""8378"",""median"":""54820.5"",""maximum"":""313245"",""p95"":""98560"",""p99"":""121287"",""mean"":""56160.515625"",""median_absolute_deviation"":""16512"",""standard_deviation"":""33393.000368""},""overshoot_nanos"":{""count"":""128"",""minimum"":""0"",""median"":""0"",""maximum"":""0"",""p95"":""0"",""p99"":""0"",""mean"":""0"",""median_absolute_deviation"":""0"",""standard_deviation"":""0""},""budget_successes"":""128"",""budget_misses"":""0"",""successes_per_second"":""3305.811164"",""attempts_per_second"":""3305.811164""}",3305.811164,3305.811164,1,128,0,3298.759414,3298.759414,647338,971661,1656604,1995221,2218670,647338,971661,1656604,1995221,2218670,668058,1023543.5,1698333,2072660,2276974,8378,54820.5,98560,121287,313245,0,0,0,0,0
6,1,native,1,0,first,first,echo,1,1792459,"{""attempts"":""1"",""dispatched"":""1"",""undispatched"":""0"",""received"":""1"",""successful"":""1"",""semantic_mismatches"":""0"",""outcomes"":{""success"":""1""},""first_scheduled_nanos"":""450"",""last_completed_nanos"":""1584755"",""elapsed_nanos"":""1584305"",""throughput"":{""completed_attempts"":""1"",""successful_responses"":""1"",""elapsed_nanos"":""1584305""}}","{""counts"":{""attempts"":""1"",""dispatched"":""1"",""undispatched"":""0"",""received"":""1"",""successful"":""1"",""semantic_mismatches"":""0"",""outcomes"":{""success"":""1""},""first_scheduled_nanos"":""450"",""last_completed_nanos"":""1584755"",""elapsed_nanos"":""1584305"",""throughput"":{""completed_attempts"":""1"",""successful_responses"":""1"",""elapsed_nanos"":""1584305""}},""latency_nanos"":{""count"":""1"",""minimum"":""1431437"",""median"":""1431437"",""maximum"":""1431437"",""p95"":""1431437"",""p99"":""1431437"",""mean"":""1431437"",""median_absolute_deviation"":""0"",""standard_deviation"":""0""},""latency_population"":""all-dispatched-including-failures"",""all_dispatched_latency_nanos"":{""count"":""1"",""minimum"":""1431437"",""median"":""1431437"",""maximum"":""1431437"",""p95"":""1431437"",""p99"":""1431437"",""mean"":""1431437"",""median_absolute_deviation"":""0"",""standard_deviation"":""0""},""successful_response_latency_nanos"":{""count"":""1"",""minimum"":""1431437"",""median"":""1431437"",""maximum"":""1431437"",""p95"":""1431437"",""p99"":""1431437"",""mean"":""1431437"",""median_absolute_deviation"":""0"",""standard_deviation"":""0""},""outcome_latency_nanos"":{""success"":{""count"":""1"",""minimum"":""1431437"",""median"":""1431437"",""maximum"":""1431437"",""p95"":""1431437"",""p99"":""1431437"",""mean"":""1431437"",""median_absolute_deviation"":""0"",""standard_deviation"":""0""},""declared-error"":null,""platform-failure"":null,""transport-failure"":null,""client-timeout"":null,""client-overload"":null,""client-deadline-before-dispatch"":null,""invalid-response"":null},""all_offered_elapsed_nanos"":{""count"":""1"",""minimum"":""1584305"",""median"":""1584305"",""maximum"":""1584305"",""p95"":""1584305"",""p99"":""1584305"",""mean"":""1584305"",""median_absolute_deviation"":""0"",""standard_deviation"":""0""},""successful_response_fraction"":""1"",""dispatch_lag_nanos"":{""count"":""1"",""minimum"":""152868"",""median"":""152868"",""maximum"":""152868"",""p95"":""152868"",""p99"":""152868"",""mean"":""152868"",""median_absolute_deviation"":""0"",""standard_deviation"":""0""},""overshoot_nanos"":{""count"":""1"",""minimum"":""0"",""median"":""0"",""maximum"":""0"",""p95"":""0"",""p99"":""0"",""mean"":""0"",""median_absolute_deviation"":""0"",""standard_deviation"":""0""},""budget_successes"":""1"",""budget_misses"":""0"",""successes_per_second"":""631.191595"",""attempts_per_second"":""631.191595""}",631.191595,631.191595,1,1,0,557.892817,557.892817,1431437,1431437,1431437,1431437,1431437,1431437,1431437,1431437,1431437,1431437,1584305,1584305,1584305,1584305,1584305,152868,152868,152868,152868,152868,0,0,0,0,0
6,1,native,1,1,density-warmup,warmup,echo,4,1615713,"{""attempts"":""4"",""dispatched"":""4"",""undispatched"":""0"",""received"":""4"",""successful"":""4"",""semantic_mismatches"":""0"",""outcomes"":{""success"":""4""},""first_scheduled_nanos"":""327"",""last_completed_nanos"":""1382990"",""elapsed_nanos"":""1382663"",""throughput"":{""completed_attempts"":""4"",""successful_responses"":""4"",""elapsed_nanos"":""1382663""}}","{""counts"":{""attempts"":""4"",""dispatched"":""4"",""undispatched"":""0"",""received"":""4"",""successful"":""4"",""semantic_mismatches"":""0"",""outcomes"":{""success"":""4""},""first_scheduled_nanos"":""327"",""last_completed_nanos"":""1382990"",""elapsed_nanos"":""1382663"",""throughput"":{""completed_attempts"":""4"",""successful_responses"":""4"",""elapsed_nanos"":""1382663""}},""latency_nanos"":{""count"":""4"",""minimum"":""1091443"",""median"":""1098179"",""maximum"":""1195870"",""p95"":""1195870"",""p99"":""1195870"",""mean"":""1120917.75"",""median_absolute_deviation"":""4624.5"",""standard_deviation"":""43397.386179""},""latency_population"":""all-dispatched-including-failures"",""all_dispatched_latency_nanos"":{""count"":""4"",""minimum"":""1091443"",""median"":""1098179"",""maximum"":""1195870"",""p95"":""1195870"",""p99"":""1195870"",""mean"":""1120917.75"",""median_absolute_deviation"":""4624.5"",""standard_deviation"":""43397.386179""},""successful_response_latency_nanos"":{""count"":""4"",""minimum"":""1091443"",""median"":""1098179"",""maximum"":""1195870"",""p95"":""1195870"",""p99"":""1195870"",""mean"":""1120917.75"",""median_absolute_deviation"":""4624.5"",""standard_deviation"":""43397.386179""},""outcome_latency_nanos"":{""success"":{""count"":""4"",""minimum"":""1091443"",""median"":""1098179"",""maximum"":""1195870"",""p95"":""1195870"",""p99"":""1195870"",""mean"":""1120917.75"",""median_absolute_deviation"":""4624.5"",""standard_deviation"":""43397.386179""},""declared-error"":null,""platform-failure"":null,""transport-failure"":null,""client-timeout"":null,""client-overload"":null,""client-deadline-before-dispatch"":null,""invalid-response"":null},""all_offered_elapsed_nanos"":{""count"":""4"",""minimum"":""1201841"",""median"":""1242790"",""maximum"":""1364419"",""p95"":""1364419"",""p99"":""1364419"",""mean"":""1262960"",""median_absolute_deviation"":""27865.5"",""standard_deviation"":""61806.418943""},""successful_response_fraction"":""1"",""dispatch_lag_nanos"":{""count"":""4"",""minimum"":""101149"",""median"":""149235.5"",""maximum"":""168549"",""p95"":""168549"",""p99"":""168549"",""mean"":""142042.25"",""median_absolute_deviation"":""15992"",""standard_deviation"":""26454.841347""},""overshoot_nanos"":{""count"":""4"",""minimum"":""0"",""median"":""0"",""maximum"":""0"",""p95"":""0"",""p99"":""0"",""mean"":""0"",""median_absolute_deviation"":""0"",""standard_deviation"":""0""},""budget_successes"":""4"",""budget_misses"":""0"",""successes_per_second"":""2892.968135"",""attempts_per_second"":""2892.968135""}",2892.968135,2892.968135,1,4,0,2475.687204,2475.687204,1091443,1098179,1195870,1195870,1195870,1091443,1098179,1195870,1195870,1195870,1201841,1242790,1364419,1364419,1364419,101149,149235.5,168549,168549,168549,0,0,0,0,0
6,1,native,1,2,density-measured,measured,echo,4,792052,"{""attempts"":""4"",""dispatched"":""4"",""undispatched"":""0"",""received"":""4"",""successful"":""4"",""semantic_mismatches"":""0"",""outcomes"":{""success"":""4""},""first_scheduled_nanos"":""275"",""last_completed_nanos"":""634326"",""elapsed_nanos"":""634051"",""throughput"":{""completed_attempts"":""4"",""successful_responses"":""4"",""elapsed_nanos"":""634051""}}","{""counts"":{""attempts"":""4"",""dispatched"":""4"",""undispatched"":""0"",""received"":""4"",""successful"":""4"",""semantic_mismatches"":""0"",""outcomes"":{""success"":""4""},""first_scheduled_nanos"":""275"",""last_completed_nanos"":""634326"",""elapsed_nanos"":""634051"",""throughput"":{""completed_attempts"":""4"",""successful_responses"":""4"",""elapsed_nanos"":""634051""}},""latency_nanos"":{""count"":""4"",""minimum"":""497146"",""median"":""516423.5"",""maximum"":""568954"",""p95"":""568954"",""p99"":""568954"",""mean"":""524736.75"",""median_absolute_deviation"":""12934.5"",""standard_deviation"":""27117.939997""},""latency_population"":""all-dispatched-including-failures"",""all_dispatched_latency_nanos"":{""count"":""4"",""minimum"":""497146"",""median"":""516423.5"",""maximum"":""568954"",""p95"":""568954"",""p99"":""568954"",""mean"":""524736.75"",""median_absolute_deviation"":""12934.5"",""standard_deviation"":""27117.939997""},""successful_response_latency_nanos"":{""count"":""4"",""minimum"":""497146"",""median"":""516423.5"",""maximum"":""568954"",""p95"":""568954"",""p99"":""568954"",""mean"":""524736.75"",""median_absolute_deviation"":""12934.5"",""standard_deviation"":""27117.939997""},""outcome_latency_nanos"":{""success"":{""count"":""4"",""minimum"":""497146"",""median"":""516423.5"",""maximum"":""568954"",""p95"":""568954"",""p99"":""568954"",""mean"":""524736.75"",""median_absolute_deviation"":""12934.5"",""standard_deviation"":""27117.939997""},""declared-error"":null,""platform-failure"":null,""transport-failure"":null,""client-timeout"":null,""client-overload"":null,""client-deadline-before-dispatch"":null,""invalid-response"":null},""all_offered_elapsed_nanos"":{""count"":""4"",""minimum"":""564698"",""median"":""580051.5"",""maximum"":""634051"",""p95"":""634051"",""p99"":""634051"",""mean"":""589713"",""median_absolute_deviation"":""11761.5"",""standard_deviation"":""26980.451692""},""successful_response_fraction"":""1"",""dispatch_lag_nanos"":{""count"":""4"",""minimum"":""48867"",""median"":""66324.5"",""maximum"":""78389"",""p95"":""78389"",""p99"":""78389"",""mean"":""64976.25"",""median_absolute_deviation"":""6646"",""standard_deviation"":""10560.052873""},""overshoot_nanos"":{""count"":""4"",""minimum"":""0"",""median"":""0"",""maximum"":""0"",""p95"":""0"",""p99"":""0"",""mean"":""0"",""median_absolute_deviation"":""0"",""standard_deviation"":""0""},""budget_successes"":""4"",""budget_misses"":""0"",""successes_per_second"":""6308.640788"",""attempts_per_second"":""6308.640788""}",6308.640788,6308.640788,1,4,0,5050.173473,5050.173473,497146,516423.5,568954,568954,568954,497146,516423.5,568954,568954,568954,564698,580051.5,634051,634051,634051,48867,66324.5,78389,78389,78389,0,0,0,0,0
6,1,native,1,3,echo-c1-warmup,warmup,echo,1,4281066,"{""attempts"":""8"",""dispatched"":""8"",""undispatched"":""0"",""received"":""8"",""successful"":""8"",""semantic_mismatches"":""0"",""outcomes"":{""success"":""8""},""first_scheduled_nanos"":""192"",""last_completed_nanos"":""4218940"",""elapsed_nanos"":""4218748"",""throughput"":{""completed_attempts"":""8"",""successful_responses"":""8"",""elapsed_nanos"":""4218748""}}","{""counts"":{""attempts"":""8"",""dispatched"":""8"",""undispatched"":""0"",""received"":""8"",""successful"":""8"",""semantic_mismatches"":""0"",""outcomes"":{""success"":""8""},""first_scheduled_nanos"":""192"",""last_completed_nanos"":""4218940"",""elapsed_nanos"":""4218748"",""throughput"":{""completed_attempts"":""8"",""successful_responses"":""8"",""elapsed_nanos"":""4218748""}},""latency_nanos"":{""count"":""8"",""minimum"":""339713"",""median"":""382585.5"",""maximum"":""461730"",""p95"":""461730"",""p99"":""461730"",""mean"":""388288.25"",""median_absolute_deviation"":""31918"",""standard_deviation"":""38095.111687""},""latency_population"":""all-dispatched-including-failures"",""all_dispatched_latency_nanos"":{""count"":""8"",""minimum"":""339713"",""median"":""382585.5"",""maximum"":""461730"",""p95"":""461730"",""p99"":""461730"",""mean"":""388288.25"",""median_absolute_deviation"":""31918"",""standard_deviation"":""38095.111687""},""successful_response_latency_nanos"":{""count"":""8"",""minimum"":""339713"",""median"":""382585.5"",""maximum"":""461730"",""p95"":""461730"",""p99"":""461730"",""mean"":""388288.25"",""median_absolute_deviation"":""31918"",""standard_deviation"":""38095.111687""},""outcome_latency_nanos"":{""success"":{""count"":""8"",""minimum"":""339713"",""median"":""382585.5"",""maximum"":""461730"",""p95"":""461730"",""p99"":""461730"",""mean"":""388288.25"",""median_absolute_deviation"":""31918"",""standard_deviation"":""38095.111687""},""declared-error"":null,""platform-failure"":null,""transport-failure"":null,""client-timeout"":null,""client-overload"":null,""client-deadline-before-dispatch"":null,""invalid-response"":null},""all_offered_elapsed_nanos"":{""count"":""8"",""minimum"":""399119"",""median"":""448577"",""maximum"":""536176"",""p95"":""536176"",""p99"":""536176"",""mean"":""451840.875"",""median_absolute_deviation"":""24049.5"",""standard_deviation"":""41430.289959""},""successful_response_fraction"":""1"",""dispatch_lag_nanos"":{""count"":""8"",""minimum"":""52756"",""median"":""60292.5"",""maximum"":""79053"",""p95"":""79053"",""p99"":""79053"",""mean"":""63552.625"",""median_absolute_deviation"":""6982"",""standard_deviation"":""9839.074295""},""overshoot_nanos"":{""count"":""8"",""minimum"":""0"",""median"":""0"",""maximum"":""0"",""p95"":""0"",""p99"":""0"",""mean"":""0"",""median_absolute_deviation"":""0"",""standard_deviation"":""0""},""budget_successes"":""8"",""budget_misses"":""0"",""successes_per_second"":""1896.297195"",""attempts_per_second"":""1896.297195""}",1896.297195,1896.297195,1,8,0,1868.693452,1868.693452,339713,382585.5,461730,461730,461730,339713,382585.5,461730,461730,461730,399119,448577,536176,536176,536176,52756,60292.5,79053,79053,79053,0,0,0,0,0
6,1,native,1,4,echo-c1-measured,measured,echo,1,69482169,"{""attempts"":""128"",""dispatched"":""128"",""undispatched"":""0"",""received"":""128"",""successful"":""128"",""semantic_mismatches"":""0"",""outcomes"":{""success"":""128""},""first_scheduled_nanos"":""202"",""last_completed_nanos"":""69397649"",""elapsed_nanos"":""69397447"",""throughput"":{""completed_attempts"":""128"",""successful_responses"":""128"",""elapsed_nanos"":""69397447""}}","{""counts"":{""attempts"":""128"",""dispatched"":""128"",""undispatched"":""0"",""received"":""128"",""successful"":""128"",""semantic_mismatches"":""0"",""outcomes"":{""success"":""128""},""first_scheduled_nanos"":""202"",""last_completed_nanos"":""69397649"",""elapsed_nanos"":""69397447"",""throughput"":{""completed_attempts"":""128"",""successful_responses"":""128"",""elapsed_nanos"":""69397447""}},""latency_nanos"":{""count"":""128"",""minimum"":""239955"",""median"":""364448"",""maximum"":""846099"",""p95"":""507006"",""p99"":""801138"",""mean"":""381478.085938"",""median_absolute_deviation"":""49541.5"",""standard_deviation"":""95649.358048""},""latency_population"":""all-dispatched-including-failures"",""all_dispatched_latency_nanos"":{""count"":""128"",""minimum"":""239955"",""median"":""364448"",""maximum"":""846099"",""p95"":""507006"",""p99"":""801138"",""mean"":""381478.085938"",""median_absolute_deviation"":""49541.5"",""standard_deviation"":""95649.358048""},""successful_response_latency_nanos"":{""count"":""128"",""minimum"":""239955"",""median"":""364448"",""maximum"":""846099"",""p95"":""507006"",""p99"":""801138"",""mean"":""381478.085938"",""median_absolute_deviation"":""49541.5"",""standard_deviation"":""95649.358048""},""outcome_latency_nanos"":{""success"":{""count"":""128"",""minimum"":""239955"",""median"":""364448"",""maximum"":""846099"",""p95"":""507006"",""p99"":""801138"",""mean"":""381478.085938"",""median_absolute_deviation"":""49541.5"",""standard_deviation"":""95649.358048""},""declared-error"":null,""platform-failure"":null,""transport-failure"":null,""client-timeout"":null,""client-overload"":null,""client-deadline-before-dispatch"":null,""invalid-response"":null},""all_offered_elapsed_nanos"":{""count"":""128"",""minimum"":""284615"",""median"":""425314"",""maximum"":""956555"",""p95"":""595461"",""p99"":""943730"",""mean"":""447571.492188"",""median_absolute_deviation"":""58609"",""standard_deviation"":""113884.762971""},""successful_response_fraction"":""1"",""dispatch_lag_nanos"":{""count"":""128"",""minimum"":""43869"",""median"":""61783.5"",""maximum"":""232729"",""p95"":""110020"",""p99"":""185861"",""mean"":""66093.40625"",""median_absolute_deviation"":""9476.5"",""standard_deviation"":""25043.925272""},""overshoot_nanos"":{""count"":""128"",""minimum"":""0"",""median"":""0"",""maximum"":""0"",""p95"":""0"",""p99"":""0"",""mean"":""0"",""median_absolute_deviation"":""0"",""standard_deviation"":""0""},""budget_successes"":""128"",""budget_misses"":""0"",""successes_per_second"":""1844.448255"",""attempts_per_second"":""1844.448255""}",1844.448255,1844.448255,1,128,0,1842.199255,1842.199255,239955,364448,507006,801138,846099,239955,364448,507006,801138,846099,284615,425314,595461,943730,956555,43869,61783.5,110020,185861,232729,0,0,0,0,0
6,1,native,1,5,compute-c1-warmup,warmup,compute,1,2176846,"{""attempts"":""4"",""dispatched"":""4"",""undispatched"":""0"",""received"":""4"",""successful"":""4"",""semantic_mismatches"":""0"",""outcomes"":{""success"":""4""},""first_scheduled_nanos"":""410"",""last_completed_nanos"":""2097531"",""elapsed_nanos"":""2097121"",""throughput"":{""completed_attempts"":""4"",""successful_responses"":""4"",""elapsed_nanos"":""2097121""}}","{""counts"":{""attempts"":""4"",""dispatched"":""4"",""undispatched"":""0"",""received"":""4"",""successful"":""4"",""semantic_mismatches"":""0"",""outcomes"":{""success"":""4""},""first_scheduled_nanos"":""410"",""last_completed_nanos"":""2097531"",""elapsed_nanos"":""2097121"",""throughput"":{""completed_attempts"":""4"",""successful_responses"":""4"",""elapsed_nanos"":""2097121""}},""latency_nanos"":{""count"":""4"",""minimum"":""328411"",""median"":""387544.5"",""maximum"":""477127"",""p95"":""477127"",""p99"":""477127"",""mean"":""395156.75"",""median_absolute_deviation"":""52030"",""standard_deviation"":""61900.707857""},""latency_population"":""all-dispatched-including-failures"",""all_dispatched_latency_nanos"":{""count"":""4"",""minimum"":""328411"",""median"":""387544.5"",""maximum"":""477127"",""p95"":""477127"",""p99"":""477127"",""mean"":""395156.75"",""median_absolute_deviation"":""52030"",""standard_deviation"":""61900.707857""},""successful_response_latency_nanos"":{""count"":""4"",""minimum"":""328411"",""median"":""387544.5"",""maximum"":""477127"",""p95"":""477127"",""p99"":""477127"",""mean"":""395156.75"",""median_absolute_deviation"":""52030"",""standard_deviation"":""61900.707857""},""outcome_latency_nanos"":{""success"":{""count"":""4"",""minimum"":""328411"",""median"":""387544.5"",""maximum"":""477127"",""p95"":""477127"",""p99"":""477127"",""mean"":""395156.75"",""median_absolute_deviation"":""52030"",""standard_deviation"":""61900.707857""},""declared-error"":null,""platform-failure"":null,""transport-failure"":null,""client-timeout"":null,""client-overload"":null,""client-deadline-before-dispatch"":null,""invalid-response"":null},""all_offered_elapsed_nanos"":{""count"":""4"",""minimum"":""384281"",""median"":""458946.5"",""maximum"":""558588"",""p95"":""558588"",""p99"":""558588"",""mean"":""465190.5"",""median_absolute_deviation"":""70073.5"",""standard_deviation"":""77335.420334""},""successful_response_fraction"":""1"",""dispatch_lag_nanos"":{""count"":""4"",""minimum"":""50847"",""median"":""68665.5"",""maximum"":""91957"",""p95"":""91957"",""p99"":""91957"",""mean"":""70033.75"",""median_absolute_deviation"":""15307"",""standard_deviation"":""17175.230149""},""overshoot_nanos"":{""count"":""4"",""minimum"":""0"",""median"":""0"",""maximum"":""0"",""p95"":""0"",""p99"":""0"",""mean"":""0"",""median_absolute_deviation"":""0"",""standard_deviation"":""0""},""budget_successes"":""4"",""budget_misses"":""0"",""successes_per_second"":""1907.376828"",""attempts_per_second"":""1907.376828""}",1907.376828,1907.376828,1,4,0,1837.52089,1837.52089,328411,387544.5,477127,477127,477127,328411,387544.5,477127,477127,477127,384281,458946.5,558588,558588,558588,50847,68665.5,91957,91957,91957,0,0,0,0,0
6,1,native,1,6,compute-c1-measured,measured,compute,1,37052722,"{""attempts"":""64"",""dispatched"":""64"",""undispatched"":""0"",""received"":""64"",""successful"":""64"",""semantic_mismatches"":""0"",""outcomes"":{""success"":""64""},""first_scheduled_nanos"":""188"",""last_completed_nanos"":""36954744"",""elapsed_nanos"":""36954556"",""throughput"":{""completed_attempts"":""64"",""successful_responses"":""64"",""elapsed_nanos"":""36954556""}}","{""counts"":{""attempts"":""64"",""dispatched"":""64"",""undispatched"":""0"",""received"":""64"",""successful"":""64"",""semantic_mismatches"":""0"",""outcomes"":{""success"":""64""},""first_scheduled_nanos"":""188"",""last_completed_nanos"":""36954744"",""elapsed_nanos"":""36954556"",""throughput"":{""completed_attempts"":""64"",""successful_responses"":""64"",""elapsed_nanos"":""36954556""}},""latency_nanos"":{""count"":""64"",""minimum"":""309211"",""median"":""377806"",""maximum"":""714568"",""p95"":""575820"",""p99"":""714568"",""mean"":""402184.265625"",""median_absolute_deviation"":""27317.5"",""standard_deviation"":""86058.923686""},""latency_population"":""all-dispatched-including-failures"",""all_dispatched_latency_nanos"":{""count"":""64"",""minimum"":""309211"",""median"":""377806"",""maximum"":""714568"",""p95"":""575820"",""p99"":""714568"",""mean"":""402184.265625"",""median_absolute_deviation"":""27317.5"",""standard_deviation"":""86058.923686""},""successful_response_latency_nanos"":{""count"":""64"",""minimum"":""309211"",""median"":""377806"",""maximum"":""714568"",""p95"":""575820"",""p99"":""714568"",""mean"":""402184.265625"",""median_absolute_deviation"":""27317.5"",""standard_deviation"":""86058.923686""},""outcome_latency_nanos"":{""success"":{""count"":""64"",""minimum"":""309211"",""median"":""377806"",""maximum"":""714568"",""p95"":""575820"",""p99"":""714568"",""mean"":""402184.265625"",""median_absolute_deviation"":""27317.5"",""standard_deviation"":""86058.923686""},""declared-error"":null,""platform-failure"":null,""transport-failure"":null,""client-timeout"":null,""client-overload"":null,""client-deadline-before-dispatch"":null,""invalid-response"":null},""all_offered_elapsed_nanos"":{""count"":""64"",""minimum"":""365517"",""median"":""441034.5"",""maximum"":""799269"",""p95"":""680229"",""p99"":""799269"",""mean"":""469750.953125"",""median_absolute_deviation"":""29501"",""standard_deviation"":""93154.674743""},""successful_response_fraction"":""1"",""dispatch_lag_nanos"":{""count"":""64"",""minimum"":""48894"",""median"":""61189"",""maximum"":""133255"",""p95"":""104396"",""p99"":""133255"",""mean"":""67566.6875"",""median_absolute_deviation"":""7057.5"",""standard_deviation"":""17387.135582""},""overshoot_nanos"":{""count"":""64"",""minimum"":""0"",""median"":""0"",""maximum"":""0"",""p95"":""0"",""p99"":""0"",""mean"":""0"",""median_absolute_deviation"":""0"",""standard_deviation"":""0""},""budget_successes"":""64"",""budget_misses"":""0"",""successes_per_second"":""1731.856824"",""attempts_per_second"":""1731.856824""}",1731.856824,1731.856824,1,64,0,1727.268512,1727.268512,309211,377806,575820,714568,714568,309211,377806,575820,714568,714568,365517,441034.5,680229,799269,799269,48894,61189,104396,133255,133255,0,0,0,0,0
6,1,native,1,7,echo-c4-warmup,warmup,echo,4,1306421,"{""attempts"":""8"",""dispatched"":""8"",""undispatched"":""0"",""received"":""8"",""successful"":""8"",""semantic_mismatches"":""0"",""outcomes"":{""success"":""8""},""first_scheduled_nanos"":""217"",""last_completed_nanos"":""1228712"",""elapsed_nanos"":""1228495"",""throughput"":{""completed_attempts"":""8"",""successful_responses"":""8"",""elapsed_nanos"":""1228495""}}","{""counts"":{""attempts"":""8"",""dispatched"":""8"",""undispatched"":""0"",""received"":""8"",""successful"":""8"",""semantic_mismatches"":""0"",""outcomes"":{""success"":""8""},""first_scheduled_nanos"":""217"",""last_completed_nanos"":""1228712"",""elapsed_nanos"":""1228495"",""throughput"":{""completed_attempts"":""8"",""successful_responses"":""8"",""elapsed_nanos"":""1228495""}},""latency_nanos"":{""count"":""8"",""minimum"":""410174"",""median"":""507908"",""maximum"":""598497"",""p95"":""598497"",""p99"":""598497"",""mean"":""504942.5"",""median_absolute_deviation"":""49804"",""standard_deviation"":""63553.867614""},""latency_population"":""all-dispatched-including-failures"",""all_dispatched_latency_nanos"":{""count"":""8"",""minimum"":""410174"",""median"":""507908"",""maximum"":""598497"",""p95"":""598497"",""p99"":""598497"",""mean"":""504942.5"",""median_absolute_deviation"":""49804"",""standard_deviation"":""63553.867614""},""successful_response_latency_nanos"":{""count"":""8"",""minimum"":""410174"",""median"":""507908"",""maximum"":""598497"",""p95"":""598497"",""p99"":""598497"",""mean"":""504942.5"",""median_absolute_deviation"":""49804"",""standard_deviation"":""63553.867614""},""outcome_latency_nanos"":{""success"":{""count"":""8"",""minimum"":""410174"",""median"":""507908"",""maximum"":""598497"",""p95"":""598497"",""p99"":""598497"",""mean"":""504942.5"",""median_absolute_deviation"":""49804"",""standard_deviation"":""63553.867614""},""declared-error"":null,""platform-failure"":null,""transport-failure"":null,""client-timeout"":null,""client-overload"":null,""client-deadline-before-dispatch"":null,""invalid-response"":null},""all_offered_elapsed_nanos"":{""count"":""8"",""minimum"":""440003"",""median"":""535147"",""maximum"":""672896"",""p95"":""672896"",""p99"":""672896"",""mean"":""549586.875"",""median_absolute_deviation"":""81105.5"",""standard_deviation"":""81760.646049""},""successful_response_fraction"":""1"",""dispatch_lag_nanos"":{""count"":""8"",""minimum"":""10589"",""median"":""42299.5"",""maximum"":""75241"",""p95"":""75241"",""p99"":""75241"",""mean"":""44644.375"",""median_absolute_deviation"":""28234"",""standard_deviation"":""24845.242059""},""overshoot_nanos"":{""count"":""8"",""minimum"":""0"",""median"":""0"",""maximum"":""0"",""p95"":""0"",""p99"":""0"",""mean"":""0"",""median_absolute_deviation"":""0"",""standard_deviation"":""0""},""budget_successes"":""8"",""budget_misses"":""0"",""successes_per_second"":""6512.033016"",""attempts_per_second"":""6512.033016""}",6512.033016,6512.033016,1,8,0,6123.600279,6123.600279,410174,507908,598497,598497,598497,410174,507908,598497,598497,598497,440003,535147,672896,672896,672896,10589,42299.5,75241,75241,75241,0,0,0,0,0
6,1,native,1,8,echo-c4-measured,measured,echo,4,18282001,"{""attempts"":""128"",""dispatched"":""128"",""undispatched"":""0"",""received"":""128"",""successful"":""128"",""semantic_mismatches"":""0"",""outcomes"":{""success"":""128""},""first_scheduled_nanos"":""243"",""last_completed_nanos"":""18170591"",""elapsed_nanos"":""18170348"",""throughput"":{""completed_attempts"":""128"",""successful_responses"":""128"",""elapsed_nanos"":""18170348""}}","{""counts"":{""attempts"":""128"",""dispatched"":""128"",""undispatched"":""0"",""received"":""128"",""successful"":""128"",""semantic_mismatches"":""0"",""outcomes"":{""success"":""128""},""first_scheduled_nanos"":""243"",""last_completed_nanos"":""18170591"",""elapsed_nanos"":""18170348"",""throughput"":{""completed_attempts"":""128"",""successful_responses"":""128"",""elapsed_nanos"":""18170348""}},""latency_nanos"":{""count"":""128"",""minimum"":""272427"",""median"":""424463"",""maximum"":""704698"",""p95"":""567470"",""p99"":""626551"",""mean"":""432134.304688"",""median_absolute_deviation"":""52653.5"",""standard_deviation"":""83162.393896""},""latency_population"":""all-dispatched-including-failures"",""all_dispatched_latency_nanos"":{""count"":""128"",""minimum"":""272427"",""median"":""424463"",""maximum"":""704698"",""p95"":""567470"",""p99"":""626551"",""mean"":""432134.304688"",""median_absolute_deviation"":""52653.5"",""standard_deviation"":""83162.393896""},""successful_response_latency_nanos"":{""count"":""128"",""minimum"":""272427"",""median"":""424463"",""maximum"":""704698"",""p95"":""567470"",""p99"":""626551"",""mean"":""432134.304688"",""median_absolute_deviation"":""52653.5"",""standard_deviation"":""83162.393896""},""outcome_latency_nanos"":{""success"":{""count"":""128"",""minimum"":""272427"",""median"":""424463"",""maximum"":""704698"",""p95"":""567470"",""p99"":""626551"",""mean"":""432134.304688"",""median_absolute_deviation"":""52653.5"",""standard_deviation"":""83162.393896""},""declared-error"":null,""platform-failure"":null,""transport-failure"":null,""client-timeout"":null,""client-overload"":null,""client-deadline-before-dispatch"":null,""invalid-response"":null},""all_offered_elapsed_nanos"":{""count"":""128"",""minimum"":""292373"",""median"":""465131.5"",""maximum"":""717553"",""p95"":""616130"",""p99"":""686898"",""mean"":""468273.429688"",""median_absolute_deviation"":""53191"",""standard_deviation"":""85661.157087""},""successful_response_fraction"":""1"",""dispatch_lag_nanos"":{""count"":""128"",""minimum"":""5635"",""median"":""34987.5"",""maximum"":""84959"",""p95"":""67663"",""p99"":""75552"",""mean"":""36139.125"",""median_absolute_deviation"":""15514"",""standard_deviation"":""19153.026159""},""overshoot_nanos"":{""count"":""128"",""minimum"":""0"",""median"":""0"",""maximum"":""0"",""p95"":""0"",""p99"":""0"",""mean"":""0"",""median_absolute_deviation"":""0"",""standard_deviation"":""0""},""budget_successes"":""128"",""budget_misses"":""0"",""successes_per_second"":""7044.444058"",""attempts_per_second"":""7044.444058""}",7044.444058,7044.444058,1,128,0,7001.421781,7001.421781,272427,424463,567470,626551,704698,272427,424463,567470,626551,704698,292373,465131.5,616130,686898,717553,5635,34987.5,67663,75552,84959,0,0,0,0,0
6,2,native,8,0,first,first,echo,1,7570279,"{""attempts"":""8"",""dispatched"":""8"",""undispatched"":""0"",""received"":""8"",""successful"":""8"",""semantic_mismatches"":""0"",""outcomes"":{""success"":""8""},""first_scheduled_nanos"":""911"",""last_completed_nanos"":""7247090"",""elapsed_nanos"":""7246179"",""throughput"":{""completed_attempts"":""8"",""successful_responses"":""8"",""elapsed_nanos"":""7246179""}}","{""counts"":{""attempts"":""8"",""dispatched"":""8"",""undispatched"":""0"",""received"":""8"",""successful"":""8"",""semantic_mismatches"":""0"",""outcomes"":{""success"":""8""},""first_scheduled_nanos"":""911"",""last_completed_nanos"":""7247090"",""elapsed_nanos"":""7246179"",""throughput"":{""completed_attempts"":""8"",""successful_responses"":""8"",""elapsed_nanos"":""7246179""}},""latency_nanos"":{""count"":""8"",""minimum"":""428157"",""median"":""623407"",""maximum"":""1046148"",""p95"":""1046148"",""p99"":""1046148"",""mean"":""686436.625"",""median_absolute_deviation"":""113387.5"",""standard_deviation"":""223233.942192""},""latency_population"":""all-dispatched-including-failures"",""all_dispatched_latency_nanos"":{""count"":""8"",""minimum"":""428157"",""median"":""623407"",""maximum"":""1046148"",""p95"":""1046148"",""p99"":""1046148"",""mean"":""686436.625"",""median_absolute_deviation"":""113387.5"",""standard_deviation"":""223233.942192""},""successful_response_latency_nanos"":{""count"":""8"",""minimum"":""428157"",""median"":""623407"",""maximum"":""1046148"",""p95"":""1046148"",""p99"":""1046148"",""mean"":""686436.625"",""median_absolute_deviation"":""113387.5"",""standard_deviation"":""223233.942192""},""outcome_latency_nanos"":{""success"":{""count"":""8"",""minimum"":""428157"",""median"":""623407"",""maximum"":""1046148"",""p95"":""1046148"",""p99"":""1046148"",""mean"":""686436.625"",""median_absolute_deviation"":""113387.5"",""standard_deviation"":""223233.942192""},""declared-error"":null,""platform-failure"":null,""transport-failure"":null,""client-timeout"":null,""client-overload"":null,""client-deadline-before-dispatch"":null,""invalid-response"":null},""all_offered_elapsed_nanos"":{""count"":""8"",""minimum"":""485382"",""median"":""690688"",""maximum"":""1163830"",""p95"":""1163830"",""p99"":""1163830"",""mean"":""762321"",""median_absolute_deviation"":""110971"",""standard_deviation"":""242692.473756""},""successful_response_fraction"":""1"",""dispatch_lag_nanos"":{""count"":""8"",""minimum"":""53084"",""median"":""67281"",""maximum"":""127102"",""p95"":""127102"",""p99"":""127102"",""mean"":""75884.375"",""median_absolute_deviation"":""10909.5"",""standard_deviation"":""23730.92179""},""overshoot_nanos"":{""count"":""8"",""minimum"":""0"",""median"":""0"",""maximum"":""0"",""p95"":""0"",""p99"":""0"",""mean"":""0"",""median_absolute_deviation"":""0"",""standard_deviation"":""0""},""budget_successes"":""8"",""budget_misses"":""0"",""successes_per_second"":""1104.030138"",""attempts_per_second"":""1104.030138""}",1104.030138,1104.030138,1,8,0,1056.764222,1056.764222,428157,623407,1046148,1046148,1046148,428157,623407,1046148,1046148,1046148,485382,690688,1163830,1163830,1163830,53084,67281,127102,127102,127102,0,0,0,0,0
6,2,native,8,1,density-warmup,warmup,echo,4,4626452,"{""attempts"":""32"",""dispatched"":""32"",""undispatched"":""0"",""received"":""32"",""successful"":""32"",""semantic_mismatches"":""0"",""outcomes"":{""success"":""32""},""first_scheduled_nanos"":""404"",""last_completed_nanos"":""4560164"",""elapsed_nanos"":""4559760"",""throughput"":{""completed_attempts"":""32"",""successful_responses"":""32"",""elapsed_nanos"":""4559760""}}","{""counts"":{""attempts"":""32"",""dispatched"":""32"",""undispatched"":""0"",""received"":""32"",""successful"":""32"",""semantic_mismatches"":""0"",""outcomes"":{""success"":""32""},""first_scheduled_nanos"":""404"",""last_completed_nanos"":""4560164"",""elapsed_nanos"":""4559760"",""throughput"":{""completed_attempts"":""32"",""successful_responses"":""32"",""elapsed_nanos"":""4559760""}},""latency_nanos"":{""count"":""32"",""minimum"":""268403"",""median"":""361960"",""maximum"":""773167"",""p95"":""729043"",""p99"":""773167"",""mean"":""413061.84375"",""median_absolute_deviation"":""61901.5"",""standard_deviation"":""135039.211552""},""latency_population"":""all-dispatched-including-failures"",""all_dispatched_latency_nanos"":{""count"":""32"",""minimum"":""268403"",""median"":""361960"",""maximum"":""773167"",""p95"":""729043"",""p99"":""773167"",""mean"":""413061.84375"",""median_absolute_deviation"":""61901.5"",""standard_deviation"":""135039.211552""},""successful_response_latency_nanos"":{""count"":""32"",""minimum"":""268403"",""median"":""361960"",""maximum"":""773167"",""p95"":""729043"",""p99"":""773167"",""mean"":""413061.84375"",""median_absolute_deviation"":""61901.5"",""standard_deviation"":""135039.211552""},""outcome_latency_nanos"":{""success"":{""count"":""32"",""minimum"":""268403"",""median"":""361960"",""maximum"":""773167"",""p95"":""729043"",""p99"":""773167"",""mean"":""413061.84375"",""median_absolute_deviation"":""61901.5"",""standard_deviation"":""135039.211552""},""declared-error"":null,""platform-failure"":null,""transport-failure"":null,""client-timeout"":null,""client-overload"":null,""client-deadline-before-dispatch"":null,""invalid-response"":null},""all_offered_elapsed_nanos"":{""count"":""32"",""minimum"":""302422"",""median"":""399823"",""maximum"":""897177"",""p95"":""857780"",""p99"":""897177"",""mean"":""462271.53125"",""median_absolute_deviation"":""69341"",""standard_deviation"":""164545.709238""},""successful_response_fraction"":""1"",""dispatch_lag_nanos"":{""count"":""32"",""minimum"":""7976"",""median"":""36328"",""maximum"":""168134"",""p95"":""164655"",""p99"":""168134"",""mean"":""49209.6875"",""median_absolute_deviation"":""19607.5"",""standard_deviation"":""42807.731614""},""overshoot_nanos"":{""count"":""32"",""minimum"":""0"",""median"":""0"",""maximum"":""0"",""p95"":""0"",""p99"":""0"",""mean"":""0"",""median_absolute_deviation"":""0"",""standard_deviation"":""0""},""budget_successes"":""32"",""budget_misses"":""0"",""successes_per_second"":""7017.913224"",""attempts_per_second"":""7017.913224""}",7017.913224,7017.913224,1,32,0,6916.747434,6916.747434,268403,361960,729043,773167,773167,268403,361960,729043,773167,773167,302422,399823,857780,897177,897177,7976,36328,164655,168134,168134,0,0,0,0,0
6,2,native,8,2,density-measured,measured,echo,4,4175891,"{""attempts"":""32"",""dispatched"":""32"",""undispatched"":""0"",""received"":""32"",""successful"":""32"",""semantic_mismatches"":""0"",""outcomes"":{""success"":""32""},""first_scheduled_nanos"":""196"",""last_completed_nanos"":""4084747"",""elapsed_nanos"":""4084551"",""throughput"":{""completed_attempts"":""32"",""successful_responses"":""32"",""elapsed_nanos"":""4084551""}}","{""counts"":{""attempts"":""32"",""dispatched"":""32"",""undispatched"":""0"",""received"":""32"",""successful"":""32"",""semantic_mismatches"":""0"",""outcomes"":{""success"":""32""},""first_scheduled_nanos"":""196"",""last_completed_nanos"":""4084747"",""elapsed_nanos"":""4084551"",""throughput"":{""completed_attempts"":""32"",""successful_responses"":""32"",""elapsed_nanos"":""4084551""}},""latency_nanos"":{""count"":""32"",""minimum"":""261084"",""median"":""327167.5"",""maximum"":""620963"",""p95"":""586483"",""p99"":""620963"",""mean"":""362305.03125"",""median_absolute_deviation"":""39906.5"",""standard_deviation"":""96602.396668""},""latency_population"":""all-dispatched-including-failures"",""all_dispatched_latency_nanos"":{""count"":""32"",""minimum"":""261084"",""median"":""327167.5"",""maximum"":""620963"",""p95"":""586483"",""p99"":""620963"",""mean"":""362305.03125"",""median_absolute_deviation"":""39906.5"",""standard_deviation"":""96602.396668""},""successful_response_latency_nanos"":{""count"":""32"",""minimum"":""261084"",""median"":""327167.5"",""maximum"":""620963"",""p95"":""586483"",""p99"":""620963"",""mean"":""362305.03125"",""median_absolute_deviation"":""39906.5"",""standard_deviation"":""96602.396668""},""outcome_latency_nanos"":{""success"":{""count"":""32"",""minimum"":""261084"",""median"":""327167.5"",""maximum"":""620963"",""p95"":""586483"",""p99"":""620963"",""mean"":""362305.03125"",""median_absolute_deviation"":""39906.5"",""standard_deviation"":""96602.396668""},""declared-error"":null,""platform-failure"":null,""transport-failure"":null,""client-timeout"":null,""client-overload"":null,""client-deadline-before-dispatch"":null,""invalid-response"":null},""all_offered_elapsed_nanos"":{""count"":""32"",""minimum"":""268279"",""median"":""354519.5"",""maximum"":""704473"",""p95"":""677979"",""p99"":""704473"",""mean"":""404608.8125"",""median_absolute_deviation"":""52659"",""standard_deviation"":""119241.198469""},""successful_response_fraction"":""1"",""dispatch_lag_nanos"":{""count"":""32"",""minimum"":""7195"",""median"":""29926"",""maximum"":""117947"",""p95"":""102182"",""p99"":""117947"",""mean"":""42303.78125"",""median_absolute_deviation"":""18042"",""standard_deviation"":""30031.50449""},""overshoot_nanos"":{""count"":""32"",""minimum"":""0"",""median"":""0"",""maximum"":""0"",""p95"":""0"",""p99"":""0"",""mean"":""0"",""median_absolute_deviation"":""0"",""standard_deviation"":""0""},""budget_successes"":""32"",""budget_misses"":""0"",""successes_per_second"":""7834.398444"",""attempts_per_second"":""7834.398444""}",7834.398444,7834.398444,1,32,0,7663.035266,7663.035266,261084,327167.5,586483,620963,620963,261084,327167.5,586483,620963,620963,268279,354519.5,677979,704473,704473,7195,29926,102182,117947,117947,0,0,0,0,0
6,3,lsf,8,0,first,first,echo,1,323270580,"{""attempts"":""8"",""dispatched"":""8"",""undispatched"":""0"",""received"":""8"",""successful"":""8"",""semantic_mismatches"":""0"",""outcomes"":{""success"":""8""},""first_scheduled_nanos"":""331"",""last_completed_nanos"":""323115853"",""elapsed_nanos"":""323115522"",""throughput"":{""completed_attempts"":""8"",""successful_responses"":""8"",""elapsed_nanos"":""323115522""}}","{""counts"":{""attempts"":""8"",""dispatched"":""8"",""undispatched"":""0"",""received"":""8"",""successful"":""8"",""semantic_mismatches"":""0"",""outcomes"":{""success"":""8""},""first_scheduled_nanos"":""331"",""last_completed_nanos"":""323115853"",""elapsed_nanos"":""323115522"",""throughput"":{""completed_attempts"":""8"",""successful_responses"":""8"",""elapsed_nanos"":""323115522""}},""latency_nanos"":{""count"":""8"",""minimum"":""36160962"",""median"":""40653660"",""maximum"":""43865588"",""p95"":""43865588"",""p99"":""43865588"",""mean"":""40075012.375"",""median_absolute_deviation"":""1914893"",""standard_deviation"":""2487259.06964""},""latency_population"":""all-dispatched-including-failures"",""all_dispatched_latency_nanos"":{""count"":""8"",""minimum"":""36160962"",""median"":""40653660"",""maximum"":""43865588"",""p95"":""43865588"",""p99"":""43865588"",""mean"":""40075012.375"",""median_absolute_deviation"":""1914893"",""standard_deviation"":""2487259.06964""},""successful_response_latency_nanos"":{""count"":""8"",""minimum"":""36160962"",""median"":""40653660"",""maximum"":""43865588"",""p95"":""43865588"",""p99"":""43865588"",""mean"":""40075012.375"",""median_absolute_deviation"":""1914893"",""standard_deviation"":""2487259.06964""},""outcome_latency_nanos"":{""success"":{""count"":""8"",""minimum"":""36160962"",""median"":""40653660"",""maximum"":""43865588"",""p95"":""43865588"",""p99"":""43865588"",""mean"":""40075012.375"",""median_absolute_deviation"":""1914893"",""standard_deviation"":""2487259.06964""},""declared-error"":null,""platform-failure"":null,""transport-failure"":null,""client-timeout"":null,""client-overload"":null,""client-deadline-before-dispatch"":null,""invalid-response"":null},""all_offered_elapsed_nanos"":{""count"":""8"",""minimum"":""36383500"",""median"":""40768288"",""maximum"":""43957059"",""p95"":""43957059"",""p99"":""43957059"",""mean"":""40193106.375"",""median_absolute_deviation"":""1925745.5"",""standard_deviation"":""2462961.46474""},""successful_response_fraction"":""1"",""dispatch_lag_nanos"":{""count"":""8"",""minimum"":""86507"",""median"":""98817"",""maximum"":""222538"",""p95"":""222538"",""p99"":""222538"",""mean"":""118094"",""median_absolute_deviation"":""10698"",""standard_deviation"":""43110.762679""},""overshoot_nanos"":{""count"":""8"",""minimum"":""0"",""median"":""0"",""maximum"":""0"",""p95"":""0"",""p99"":""0"",""mean"":""0"",""median_absolute_deviation"":""0"",""standard_deviation"":""0""},""budget_successes"":""8"",""budget_misses"":""0"",""successes_per_second"":""24.758947"",""attempts_per_second"":""24.758947""}",24.758947,24.758947,1,8,0,24.747071,24.747071,36160962,40653660,43865588,43865588,43865588,36160962,40653660,43865588,43865588,43865588,36383500,40768288,43957059,43957059,43957059,86507,98817,222538,222538,222538,0,0,0,0,0
6,3,lsf,8,1,density-warmup,warmup,echo,4,10932425,"{""attempts"":""32"",""dispatched"":""32"",""undispatched"":""0"",""received"":""32"",""successful"":""32"",""semantic_mismatches"":""0"",""outcomes"":{""success"":""32""},""first_scheduled_nanos"":""335"",""last_completed_nanos"":""10836361"",""elapsed_nanos"":""10836026"",""throughput"":{""completed_attempts"":""32"",""successful_responses"":""32"",""elapsed_nanos"":""10836026""}}","{""counts"":{""attempts"":""32"",""dispatched"":""32"",""undispatched"":""0"",""received"":""32"",""successful"":""32"",""semantic_mismatches"":""0"",""outcomes"":{""success"":""32""},""first_scheduled_nanos"":""335"",""last_completed_nanos"":""10836361"",""elapsed_nanos"":""10836026"",""throughput"":{""completed_attempts"":""32"",""successful_responses"":""32"",""elapsed_nanos"":""10836026""}},""latency_nanos"":{""count"":""32"",""minimum"":""603532"",""median"":""876926.5"",""maximum"":""3244856"",""p95"":""2547664"",""p99"":""3244856"",""mean"":""1103368.21875"",""median_absolute_deviation"":""151046.5"",""standard_deviation"":""564679.297187""},""latency_population"":""all-dispatched-including-failures"",""all_dispatched_latency_nanos"":{""count"":""32"",""minimum"":""603532"",""median"":""876926.5"",""maximum"":""3244856"",""p95"":""2547664"",""p99"":""3244856"",""mean"":""1103368.21875"",""median_absolute_deviation"":""151046.5"",""standard_deviation"":""564679.297187""},""successful_response_latency_nanos"":{""count"":""32"",""minimum"":""603532"",""median"":""876926.5"",""maximum"":""3244856"",""p95"":""2547664"",""p99"":""3244856"",""mean"":""1103368.21875"",""median_absolute_deviation"":""151046.5"",""standard_deviation"":""564679.297187""},""outcome_latency_nanos"":{""success"":{""count"":""32"",""minimum"":""603532"",""median"":""876926.5"",""maximum"":""3244856"",""p95"":""2547664"",""p99"":""3244856"",""mean"":""1103368.21875"",""median_absolute_deviation"":""151046.5"",""standard_deviation"":""564679.297187""},""declared-error"":null,""platform-failure"":null,""transport-failure"":null,""client-timeout"":null,""client-overload"":null,""client-deadline-before-dispatch"":null,""invalid-response"":null},""all_offered_elapsed_nanos"":{""count"":""32"",""minimum"":""680544"",""median"":""941594.5"",""maximum"":""3428197"",""p95"":""2858288"",""p99"":""3428197"",""mean"":""1193209.90625"",""median_absolute_deviation"":""148826.5"",""standard_deviation"":""617344.513422""},""successful_response_fraction"":""1"",""dispatch_lag_nanos"":{""count"":""32"",""minimum"":""12763"",""median"":""66798.5"",""maximum"":""310624"",""p95"":""295955"",""p99"":""310624"",""mean"":""89841.6875"",""median_absolute_deviation"":""15404.5"",""standard_deviation"":""72586.54049""},""overshoot_nanos"":{""count"":""32"",""minimum"":""0"",""median"":""0"",""maximum"":""0"",""p95"":""0"",""p99"":""0"",""mean"":""0"",""median_absolute_deviation"":""0"",""standard_deviation"":""0""},""budget_successes"":""32"",""budget_misses"":""0"",""successes_per_second"":""2953.112146"",""attempts_per_second"":""2953.112146""}",2953.112146,2953.112146,1,32,0,2927.072447,2927.072447,603532,876926.5,2547664,3244856,3244856,603532,876926.5,2547664,3244856,3244856,680544,941594.5,2858288,3428197,3428197,12763,66798.5,295955,310624,310624,0,0,0,0,0
6,3,lsf,8,2,density-measured,measured,echo,4,11717443,"{""attempts"":""32"",""dispatched"":""32"",""undispatched"":""0"",""received"":""32"",""successful"":""32"",""semantic_mismatches"":""0"",""outcomes"":{""success"":""32""},""first_scheduled_nanos"":""264"",""last_completed_nanos"":""11647780"",""elapsed_nanos"":""11647516"",""throughput"":{""completed_attempts"":""32"",""successful_responses"":""32"",""elapsed_nanos"":""11647516""}}","{""counts"":{""attempts"":""32"",""dispatched"":""32"",""undispatched"":""0"",""received"":""32"",""successful"":""32"",""semantic_mismatches"":""0"",""outcomes"":{""success"":""32""},""first_scheduled_nanos"":""264"",""last_completed_nanos"":""11647780"",""elapsed_nanos"":""11647516"",""throughput"":{""completed_attempts"":""32"",""successful_responses"":""32"",""elapsed_nanos"":""11647516""}},""latency_nanos"":{""count"":""32"",""minimum"":""765356"",""median"":""1162616.5"",""maximum"":""2222778"",""p95"":""1834856"",""p99"":""2222778"",""mean"":""1205281.625"",""median_absolute_deviation"":""203503"",""standard_deviation"":""320463.394028""},""latency_population"":""all-dispatched-including-failures"",""all_dispatched_latency_nanos"":{""count"":""32"",""minimum"":""765356"",""median"":""1162616.5"",""maximum"":""2222778"",""p95"":""1834856"",""p99"":""2222778"",""mean"":""1205281.625"",""median_absolute_deviation"":""203503"",""standard_deviation"":""320463.394028""},""successful_response_latency_nanos"":{""count"":""32"",""minimum"":""765356"",""median"":""1162616.5"",""maximum"":""2222778"",""p95"":""1834856"",""p99"":""2222778"",""mean"":""1205281.625"",""median_absolute_deviation"":""203503"",""standard_deviation"":""320463.394028""},""outcome_latency_nanos"":{""success"":{""count"":""32"",""minimum"":""765356"",""median"":""1162616.5"",""maximum"":""2222778"",""p95"":""1834856"",""p99"":""2222778"",""mean"":""1205281.625"",""median_absolute_deviation"":""203503"",""standard_deviation"":""320463.394028""},""declared-error"":null,""platform-failure"":null,""transport-failure"":null,""client-timeout"":null,""client-overload"":null,""client-deadline-before-dispatch"":null,""invalid-response"":null},""all_offered_elapsed_nanos"":{""count"":""32"",""minimum"":""808792"",""median"":""1235564.5"",""maximum"":""2609552"",""p95"":""2145638"",""p99"":""2609552"",""mean"":""1301774.71875"",""median_absolute_deviation"":""193024"",""standard_deviation"":""394524.046865""},""successful_response_fraction"":""1"",""dispatch_lag_nanos"":{""count"":""32"",""minimum"":""17139"",""median"":""66469"",""maximum"":""386774"",""p95"":""359968"",""p99"":""386774"",""mean"":""96493.09375"",""median_absolute_deviation"":""18967.5"",""standard_deviation"":""93061.393736""},""overshoot_nanos"":{""count"":""32"",""minimum"":""0"",""median"":""0"",""maximum"":""0"",""p95"":""0"",""p99"":""0"",""mean"":""0"",""median_absolute_deviation"":""0"",""standard_deviation"":""0""},""budget_successes"":""32"",""budget_misses"":""0"",""successes_per_second"":""2747.366906"",""attempts_per_second"":""2747.366906""}",2747.366906,2747.366906,1,32,0,2730.971254,2730.971254,765356,1162616.5,1834856,2222778,2222778,765356,1162616.5,1834856,2222778,2222778,808792,1235564.5,2145638,2609552,2609552,17139,66469,359968,386774,386774,0,0,0,0,0
6,4,lsf,32,0,first,first,echo,1,1188753940,"{""attempts"":""32"",""dispatched"":""32"",""undispatched"":""0"",""received"":""32"",""successful"":""32"",""semantic_mismatches"":""0"",""outcomes"":{""success"":""32""},""first_scheduled_nanos"":""265"",""last_completed_nanos"":""1188328708"",""elapsed_nanos"":""1188328443"",""throughput"":{""completed_attempts"":""32"",""successful_responses"":""32"",""elapsed_nanos"":""1188328443""}}","{""counts"":{""attempts"":""32"",""dispatched"":""32"",""undispatched"":""0"",""received"":""32"",""successful"":""32"",""semantic_mismatches"":""0"",""outcomes"":{""success"":""32""},""first_scheduled_nanos"":""265"",""last_completed_nanos"":""1188328708"",""elapsed_nanos"":""1188328443"",""throughput"":{""completed_attempts"":""32"",""successful_responses"":""32"",""elapsed_nanos"":""1188328443""}},""latency_nanos"":{""count"":""32"",""minimum"":""32012763"",""median"":""35475554"",""maximum"":""66389308"",""p95"":""40101885"",""p99"":""66389308"",""mean"":""36823814.25"",""median_absolute_deviation"":""1261338.5"",""standard_deviation"":""5659981.147796""},""latency_population"":""all-dispatched-including-failures"",""all_dispatched_latency_nanos"":{""count"":""32"",""minimum"":""32012763"",""median"":""35475554"",""maximum"":""66389308"",""p95"":""40101885"",""p99"":""66389308"",""mean"":""36823814.25"",""median_absolute_deviation"":""1261338.5"",""standard_deviation"":""5659981.147796""},""successful_response_latency_nanos"":{""count"":""32"",""minimum"":""32012763"",""median"":""35475554"",""maximum"":""66389308"",""p95"":""40101885"",""p99"":""66389308"",""mean"":""36823814.25"",""median_absolute_deviation"":""1261338.5"",""standard_deviation"":""5659981.147796""},""outcome_latency_nanos"":{""success"":{""count"":""32"",""minimum"":""32012763"",""median"":""35475554"",""maximum"":""66389308"",""p95"":""40101885"",""p99"":""66389308"",""mean"":""36823814.25"",""median_absolute_deviation"":""1261338.5"",""standard_deviation"":""5659981.147796""},""declared-error"":null,""platform-failure"":null,""transport-failure"":null,""client-timeout"":null,""client-overload"":null,""client-deadline-before-dispatch"":null,""invalid-response"":null},""all_offered_elapsed_nanos"":{""count"":""32"",""minimum"":""32109297"",""median"":""35582674.5"",""maximum"":""66516871"",""p95"":""40182866"",""p99"":""66516871"",""mean"":""36942314.53125"",""median_absolute_deviation"":""1260555"",""standard_deviation"":""5666608.019955""},""successful_response_fraction"":""1"",""dispatch_lag_nanos"":{""count"":""32"",""minimum"":""69611"",""median"":""99662"",""maximum"":""226119"",""p95"":""221647"",""p99"":""226119"",""mean"":""118500.28125"",""median_absolute_deviation"":""22655"",""standard_deviation"":""44122.219794""},""overshoot_nanos"":{""count"":""32"",""minimum"":""0"",""median"":""0"",""maximum"":""0"",""p95"":""0"",""p99"":""0"",""mean"":""0"",""median_absolute_deviation"":""0"",""standard_deviation"":""0""},""budget_successes"":""32"",""budget_misses"":""0"",""successes_per_second"":""26.928582"",""attempts_per_second"":""26.928582""}",26.928582,26.928582,1,32,0,26.918943,26.918943,32012763,35475554,40101885,66389308,66389308,32012763,35475554,40101885,66389308,66389308,32109297,35582674.5,40182866,66516871,66516871,69611,99662,221647,226119,226119,0,0,0,0,0
6,4,lsf,32,1,density-warmup,warmup,echo,4,34131259,"{""attempts"":""128"",""dispatched"":""128"",""undispatched"":""0"",""received"":""128"",""successful"":""128"",""semantic_mismatches"":""0"",""outcomes"":{""success"":""128""},""first_scheduled_nanos"":""422"",""last_completed_nanos"":""34078828"",""elapsed_nanos"":""34078406"",""throughput"":{""completed_attempts"":""128"",""successful_responses"":""128"",""elapsed_nanos"":""34078406""}}","{""counts"":{""attempts"":""128"",""dispatched"":""128"",""undispatched"":""0"",""received"":""128"",""successful"":""128"",""semantic_mismatches"":""0"",""outcomes"":{""success"":""128""},""first_scheduled_nanos"":""422"",""last_completed_nanos"":""34078828"",""elapsed_nanos"":""34078406"",""throughput"":{""completed_attempts"":""128"",""successful_responses"":""128"",""elapsed_nanos"":""34078406""}},""latency_nanos"":{""count"":""128"",""minimum"":""574540"",""median"":""831536"",""maximum"":""2109192"",""p95"":""1317093"",""p99"":""1766125"",""mean"":""902898.742188"",""median_absolute_deviation"":""112300.5"",""standard_deviation"":""233862.85702""},""latency_population"":""all-dispatched-including-failures"",""all_dispatched_latency_nanos"":{""count"":""128"",""minimum"":""574540"",""median"":""831536"",""maximum"":""2109192"",""p95"":""1317093"",""p99"":""1766125"",""mean"":""902898.742188"",""median_absolute_deviation"":""112300.5"",""standard_deviation"":""233862.85702""},""successful_response_latency_nanos"":{""count"":""128"",""minimum"":""574540"",""median"":""831536"",""maximum"":""2109192"",""p95"":""1317093"",""p99"":""1766125"",""mean"":""902898.742188"",""median_absolute_deviation"":""112300.5"",""standard_deviation"":""233862.85702""},""outcome_latency_nanos"":{""success"":{""count"":""128"",""minimum"":""574540"",""median"":""831536"",""maximum"":""2109192"",""p95"":""1317093"",""p99"":""1766125"",""mean"":""902898.742188"",""median_absolute_deviation"":""112300.5"",""standard_deviation"":""233862.85702""},""declared-error"":null,""platform-failure"":null,""transport-failure"":null,""client-timeout"":null,""client-overload"":null,""client-deadline-before-dispatch"":null,""invalid-response"":null},""all_offered_elapsed_nanos"":{""count"":""128"",""minimum"":""597339"",""median"":""886086.5"",""maximum"":""2283579"",""p95"":""1384706"",""p99"":""2059033"",""mean"":""958755.34375"",""median_absolute_deviation"":""113768.5"",""standard_deviation"":""258741.92125""},""successful_response_fraction"":""1"",""dispatch_lag_nanos"":{""count"":""128"",""minimum"":""6456"",""median"":""51977.5"",""maximum"":""370053"",""p95"":""102332"",""p99"":""292908"",""mean"":""55856.601562"",""median_absolute_deviation"":""14498.5"",""standard_deviation"":""47367.609224""},""overshoot_nanos"":{""count"":""128"",""minimum"":""0"",""median"":""0"",""maximum"":""0"",""p95"":""0"",""p99"":""0"",""mean"":""0"",""median_absolute_deviation"":""0"",""standard_deviation"":""0""},""budget_successes"":""128"",""budget_misses"":""0"",""successes_per_second"":""3756.044223"",""attempts_per_second"":""3756.044223""}",3756.044223,3756.044223,1,128,0,3750.227907,3750.227907,574540,831536,1317093,1766125,2109192,574540,831536,1317093,1766125,2109192,597339,886086.5,1384706,2059033,2283579,6456,51977.5,102332,292908,370053,0,0,0,0,0
6,4,lsf,32,2,density-measured,measured,echo,4,37064484,"{""attempts"":""128"",""dispatched"":""128"",""undispatched"":""0"",""received"":""128"",""successful"":""128"",""semantic_mismatches"":""0"",""outcomes"":{""success"":""128""},""first_scheduled_nanos"":""278"",""last_completed_nanos"":""36971709"",""elapsed_nanos"":""36971431"",""throughput"":{""completed_attempts"":""128"",""successful_responses"":""128"",""elapsed_nanos"":""36971431""}}","{""counts"":{""attempts"":""128"",""dispatched"":""128"",""undispatched"":""0"",""received"":""128"",""successful"":""128"",""semantic_mismatches"":""0"",""outcomes"":{""success"":""128""},""first_scheduled_nanos"":""278"",""last_completed_nanos"":""36971709"",""elapsed_nanos"":""36971431"",""throughput"":{""completed_attempts"":""128"",""successful_responses"":""128"",""elapsed_nanos"":""36971431""}},""latency_nanos"":{""count"":""128"",""minimum"":""592331"",""median"":""921450"",""maximum"":""2369630"",""p95"":""1612409"",""p99"":""1893468"",""mean"":""991903.671875"",""median_absolute_deviation"":""153689"",""standard_deviation"":""304803.604922""},""latency_population"":""all-dispatched-including-failures"",""all_dispatched_latency_nanos"":{""count"":""128"",""minimum"":""592331"",""median"":""921450"",""maximum"":""2369630"",""p95"":""1612409"",""p99"":""1893468"",""mean"":""991903.671875"",""median_absolute_deviation"":""153689"",""standard_deviation"":""304803.604922""},""successful_response_latency_nanos"":{""count"":""128"",""minimum"":""592331"",""median"":""921450"",""maximum"":""2369630"",""p95"":""1612409"",""p99"":""1893468"",""mean"":""991903.671875"",""median_absolute_deviation"":""153689"",""standard_deviation"":""304803.604922""},""outcome_latency_nanos"":{""success"":{""count"":""128"",""minimum"":""592331"",""median"":""921450"",""maximum"":""2369630"",""p95"":""1612409"",""p99"":""1893468"",""mean"":""991903.671875"",""median_absolute_deviation"":""153689"",""standard_deviation"":""304803.604922""},""declared-error"":null,""platform-failure"":null,""transport-failure"":null,""client-timeout"":null,""client-overload"":null,""client-deadline-before-dispatch"":null,""invalid-response"":null},""all_offered_elapsed_nanos"":{""count"":""128"",""minimum"":""616222"",""median"":""973284"",""maximum"":""2462807"",""p95"":""1659295"",""p99"":""1943789"",""mean"":""1043574.84375"",""median_absolute_deviation"":""161382.5"",""standard_deviation"":""304702.325125""},""successful_response_fraction"":""1"",""dispatch_lag_nanos"":{""count"":""128"",""minimum"":""9407"",""median"":""54156.5"",""maximum"":""147960"",""p95"":""86701"",""p99"":""119880"",""mean"":""51671.171875"",""median_absolute_deviation"":""10997.5"",""standard_deviation"":""22340.287231""},""overshoot_nanos"":{""count"":""128"",""minimum"":""0"",""median"":""0"",""maximum"":""0"",""p95"":""0"",""p99"":""0"",""mean"":""0"",""median_absolute_deviation"":""0"",""standard_deviation"":""0""},""budget_successes"":""128"",""budget_misses"":""0"",""successes_per_second"":""3462.132694"",""attempts_per_second"":""3462.132694""}",3462.132694,3462.132694,1,128,0,3453.440766,3453.440766,592331,921450,1612409,1893468,2369630,592331,921450,1612409,1893468,2369630,616222,973284,1659295,1943789,2462807,9407,54156.5,86701,119880,147960,0,0,0,0,0
6,5,native,32,0,first,first,echo,1,24727178,"{""attempts"":""32"",""dispatched"":""32"",""undispatched"":""0"",""received"":""32"",""successful"":""32"",""semantic_mismatches"":""0"",""outcomes"":{""success"":""32""},""first_scheduled_nanos"":""315"",""last_completed_nanos"":""24597183"",""elapsed_nanos"":""24596868"",""throughput"":{""completed_attempts"":""32"",""successful_responses"":""32"",""elapsed_nanos"":""24596868""}}","{""counts"":{""attempts"":""32"",""dispatched"":""32"",""undispatched"":""0"",""received"":""32"",""successful"":""32"",""semantic_mismatches"":""0"",""outcomes"":{""success"":""32""},""first_scheduled_nanos"":""315"",""last_completed_nanos"":""24597183"",""elapsed_nanos"":""24596868"",""throughput"":{""completed_attempts"":""32"",""successful_responses"":""32"",""elapsed_nanos"":""24596868""}},""latency_nanos"":{""count"":""32"",""minimum"":""403287"",""median"":""519463"",""maximum"":""1039148"",""p95"":""974637"",""p99"":""1039148"",""mean"":""574472.28125"",""median_absolute_deviation"":""73161.5"",""standard_deviation"":""150460.192084""},""latency_population"":""all-dispatched-including-failures"",""all_dispatched_latency_nanos"":{""count"":""32"",""minimum"":""403287"",""median"":""519463"",""maximum"":""1039148"",""p95"":""974637"",""p99"":""1039148"",""mean"":""574472.28125"",""median_absolute_deviation"":""73161.5"",""standard_deviation"":""150460.192084""},""successful_response_latency_nanos"":{""count"":""32"",""minimum"":""403287"",""median"":""519463"",""maximum"":""1039148"",""p95"":""974637"",""p99"":""1039148"",""mean"":""574472.28125"",""median_absolute_deviation"":""73161.5"",""standard_deviation"":""150460.192084""},""outcome_latency_nanos"":{""success"":{""count"":""32"",""minimum"":""403287"",""median"":""519463"",""maximum"":""1039148"",""p95"":""974637"",""p99"":""1039148"",""mean"":""574472.28125"",""median_absolute_deviation"":""73161.5"",""standard_deviation"":""150460.192084""},""declared-error"":null,""platform-failure"":null,""transport-failure"":null,""client-timeout"":null,""client-overload"":null,""client-deadline-before-dispatch"":null,""invalid-response"":null},""all_offered_elapsed_nanos"":{""count"":""32"",""minimum"":""461167"",""median"":""585946"",""maximum"":""1447663"",""p95"":""1108560"",""p99"":""1447663"",""mean"":""659262.90625"",""median_absolute_deviation"":""68614.5"",""standard_deviation"":""204018.442656""},""successful_response_fraction"":""1"",""dispatch_lag_nanos"":{""count"":""32"",""minimum"":""45804"",""median"":""60287"",""maximum"":""408515"",""p95"":""288048"",""p99"":""408515"",""mean"":""84790.625"",""median_absolute_deviation"":""7817"",""standard_deviation"":""72540.140707""},""overshoot_nanos"":{""count"":""32"",""minimum"":""0"",""median"":""0"",""maximum"":""0"",""p95"":""0"",""p99"":""0"",""mean"":""0"",""median_absolute_deviation"":""0"",""standard_deviation"":""0""},""budget_successes"":""32"",""budget_misses"":""0"",""successes_per_second"":""1300.978645"",""attempts_per_second"":""1300.978645""}",1300.978645,1300.978645,1,32,0,1294.122605,1294.122605,403287,519463,974637,1039148,1039148,403287,519463,974637,1039148,1039148,461167,585946,1108560,1447663,1447663,45804,60287,288048,408515,408515,0,0,0,0,0
6,5,native,32,1,density-warmup,warmup,echo,4,17802898,"{""attempts"":""128"",""dispatched"":""128"",""undispatched"":""0"",""received"":""128"",""successful"":""128"",""semantic_mismatches"":""0"",""outcomes"":{""success"":""128""},""first_scheduled_nanos"":""901"",""last_completed_nanos"":""17639043"",""elapsed_nanos"":""17638142"",""throughput"":{""completed_attempts"":""128"",""successful_responses"":""128"",""elapsed_nanos"":""17638142""}}","{""counts"":{""attempts"":""128"",""dispatched"":""128"",""undispatched"":""0"",""received"":""128"",""successful"":""128"",""semantic_mismatches"":""0"",""outcomes"":{""success"":""128""},""first_scheduled_nanos"":""901"",""last_completed_nanos"":""17639043"",""elapsed_nanos"":""17638142"",""throughput"":{""completed_attempts"":""128"",""successful_responses"":""128"",""elapsed_nanos"":""17638142""}},""latency_nanos"":{""count"":""128"",""minimum"":""238167"",""median"":""385825"",""maximum"":""793570"",""p95"":""621090"",""p99"":""766864"",""mean"":""402749.710938"",""median_absolute_deviation"":""49849"",""standard_deviation"":""97446.712253""},""latency_population"":""all-dispatched-including-failures"",""all_dispatched_latency_nanos"":{""count"":""128"",""minimum"":""238167"",""median"":""385825"",""maximum"":""793570"",""p95"":""621090"",""p99"":""766864"",""mean"":""402749.710938"",""median_absolute_deviation"":""49849"",""standard_deviation"":""97446.712253""},""successful_response_latency_nanos"":{""count"":""128"",""minimum"":""238167"",""median"":""385825"",""maximum"":""793570"",""p95"":""621090"",""p99"":""766864"",""mean"":""402749.710938"",""median_absolute_deviation"":""49849"",""standard_deviation"":""97446.712253""},""outcome_latency_nanos"":{""success"":{""count"":""128"",""minimum"":""238167"",""median"":""385825"",""maximum"":""793570"",""p95"":""621090"",""p99"":""766864"",""mean"":""402749.710938"",""median_absolute_deviation"":""49849"",""standard_deviation"":""97446.712253""},""declared-error"":null,""platform-failure"":null,""transport-failure"":null,""client-timeout"":null,""client-overload"":null,""client-deadline-before-dispatch"":null,""invalid-response"":null},""all_offered_elapsed_nanos"":{""count"":""128"",""minimum"":""274725"",""median"":""431689.5"",""maximum"":""948226"",""p95"":""671362"",""p99"":""896312"",""mean"":""446217.664062"",""median_absolute_deviation"":""54631.5"",""standard_deviation"":""111330.173096""},""successful_response_fraction"":""1"",""dispatch_lag_nanos"":{""count"":""128"",""minimum"":""7273"",""median"":""36973.5"",""maximum"":""154656"",""p95"":""95153"",""p99"":""145994"",""mean"":""43467.953125"",""median_absolute_deviation"":""16397"",""standard_deviation"":""29398.617841""},""overshoot_nanos"":{""count"":""128"",""minimum"":""0"",""median"":""0"",""maximum"":""0"",""p95"":""0"",""p99"":""0"",""mean"":""0"",""median_absolute_deviation"":""0"",""standard_deviation"":""0""},""budget_successes"":""128"",""budget_misses"":""0"",""successes_per_second"":""7257.000199"",""attempts_per_second"":""7257.000199""}",7257.000199,7257.000199,1,128,0,7189.840665,7189.840665,238167,385825,621090,766864,793570,238167,385825,621090,766864,793570,274725,431689.5,671362,896312,948226,7273,36973.5,95153,145994,154656,0,0,0,0,0
6,5,native,32,2,density-measured,measured,echo,4,16102958,"{""attempts"":""128"",""dispatched"":""128"",""undispatched"":""0"",""received"":""128"",""successful"":""128"",""semantic_mismatches"":""0"",""outcomes"":{""success"":""128""},""first_scheduled_nanos"":""228"",""last_completed_nanos"":""16020154"",""elapsed_nanos"":""16019926"",""throughput"":{""completed_attempts"":""128"",""successful_responses"":""128"",""elapsed_nanos"":""16019926""}}","{""counts"":{""attempts"":""128"",""dispatched"":""128"",""undispatched"":""0"",""received"":""128"",""successful"":""128"",""semantic_mismatches"":""0"",""outcomes"":{""success"":""128""},""first_scheduled_nanos"":""228"",""last_completed_nanos"":""16020154"",""elapsed_nanos"":""16019926"",""throughput"":{""completed_attempts"":""128"",""successful_responses"":""128"",""elapsed_nanos"":""16019926""}},""latency_nanos"":{""count"":""128"",""minimum"":""276923"",""median"":""349025"",""maximum"":""577797"",""p95"":""433568"",""p99"":""473713"",""mean"":""355123.1875"",""median_absolute_deviation"":""34150"",""standard_deviation"":""50311.945165""},""latency_population"":""all-dispatched-including-failures"",""all_dispatched_latency_nanos"":{""count"":""128"",""minimum"":""276923"",""median"":""349025"",""maximum"":""577797"",""p95"":""433568"",""p99"":""473713"",""mean"":""355123.1875"",""median_absolute_deviation"":""34150"",""standard_deviation"":""50311.945165""},""successful_response_latency_nanos"":{""count"":""128"",""minimum"":""276923"",""median"":""349025"",""maximum"":""577797"",""p95"":""433568"",""p99"":""473713"",""mean"":""355123.1875"",""median_absolute_deviation"":""34150"",""standard_deviation"":""50311.945165""},""outcome_latency_nanos"":{""success"":{""count"":""128"",""minimum"":""276923"",""median"":""349025"",""maximum"":""577797"",""p95"":""433568"",""p99"":""473713"",""mean"":""355123.1875"",""median_absolute_deviation"":""34150"",""standard_deviation"":""50311.945165""},""declared-error"":null,""platform-failure"":null,""transport-failure"":null,""client-timeout"":null,""client-overload"":null,""client-deadline-before-dispatch"":null,""invalid-response"":null},""all_offered_elapsed_nanos"":{""count"":""128"",""minimum"":""292631"",""median"":""389403.5"",""maximum"":""617648"",""p95"":""497315"",""p99"":""554677"",""mean"":""393756.898438"",""median_absolute_deviation"":""38375.5"",""standard_deviation"":""58106.231145""},""successful_response_fraction"":""1"",""dispatch_lag_nanos"":{""count"":""128"",""minimum"":""5687"",""median"":""34143"",""maximum"":""107514"",""p95"":""76455"",""p99"":""94345"",""mean"":""38633.710938"",""median_absolute_deviation"":""14873.5"",""standard_deviation"":""22204.466856""},""overshoot_nanos"":{""count"":""128"",""minimum"":""0"",""median"":""0"",""maximum"":""0"",""p95"":""0"",""p99"":""0"",""mean"":""0"",""median_absolute_deviation"":""0"",""standard_deviation"":""0""},""budget_successes"":""128"",""budget_misses"":""0"",""successes_per_second"":""7990.049392"",""attempts_per_second"":""7990.049392""}",7990.049392,7990.049392,1,128,0,7948.850143,7948.850143,276923,349025,433568,473713,577797,276923,349025,433568,473713,577797,292631,389403.5,497315,554677,617648,5687,34143,76455,94345,107514,0,0,0,0,0
