density,stage,point,metric,unit,pairs,pair_count,available_pairs,unavailable_pairs,native,lsf,paired_difference,lower,equal,higher,order_strata
1,final,after,child.rss_bytes,bytes,"[{""pair"":0,""first_arm"":""lsf"",""native_group"":1,""lsf_group"":0,""native"":""4849664"",""lsf"":""24956928"",""lsf_minus_native"":""20107264"",""percent_of_native"":""414.611486""},{""pair"":1,""first_arm"":""native"",""native_group"":4,""lsf_group"":5,""native"":""4718592"",""lsf"":""25161728"",""lsf_minus_native"":""20443136"",""percent_of_native"":""433.246528""},{""pair"":2,""first_arm"":""native"",""native_group"":2,""lsf_group"":3,""native"":""4980736"",""lsf"":""25239552"",""lsf_minus_native"":""20258816"",""percent_of_native"":""406.743421""},{""pair"":3,""first_arm"":""native"",""native_group"":0,""lsf_group"":1,""native"":""4849664"",""lsf"":""24875008"",""lsf_minus_native"":""20025344"",""percent_of_native"":""412.922297""},{""pair"":4,""first_arm"":""lsf"",""native_group"":5,""lsf_group"":4,""native"":""4718592"",""lsf"":""24879104"",""lsf_minus_native"":""20160512"",""percent_of_native"":""427.256944""},{""pair"":5,""first_arm"":""lsf"",""native_group"":3,""lsf_group"":2,""native"":""4718592"",""lsf"":""25296896"",""lsf_minus_native"":""20578304"",""percent_of_native"":""436.111111""},{""pair"":6,""first_arm"":""lsf"",""native_group"":1,""lsf_group"":0,""native"":""4718592"",""lsf"":""24625152"",""lsf_minus_native"":""19906560"",""percent_of_native"":""421.875""}]",7,7,0,"{""count"":""7"",""minimum"":""4718592"",""median"":""4718592"",""maximum"":""4980736"",""median_absolute_deviation"":""0""}","{""count"":""7"",""minimum"":""24625152"",""median"":""24956928"",""maximum"":""25296896"",""median_absolute_deviation"":""204800""}","{""count"":""7"",""minimum"":""19906560"",""median"":""20160512"",""maximum"":""20578304"",""median_absolute_deviation"":""135168""}",0,0,7,"{""lsf"":{""pair_count"":4,""available_pairs"":4,""unavailable_pairs"":0,""native"":{""count"":""4"",""minimum"":""4718592"",""median"":""4718592"",""maximum"":""4849664"",""median_absolute_deviation"":""0""},""lsf"":{""count"":""4"",""minimum"":""24625152"",""median"":""24918016"",""maximum"":""25296896"",""median_absolute_deviation"":""165888""},""paired_difference"":{""count"":""4"",""minimum"":""19906560"",""median"":""20133888"",""maximum"":""20578304"",""median_absolute_deviation"":""126976""},""lower"":0,""equal"":0,""higher"":4},""native"":{""pair_count"":3,""available_pairs"":3,""unavailable_pairs"":0,""native"":{""count"":""3"",""minimum"":""4718592"",""median"":""4849664"",""maximum"":""4980736"",""median_absolute_deviation"":""131072""},""lsf"":{""count"":""3"",""minimum"":""24875008"",""median"":""25161728"",""maximum"":""25239552"",""median_absolute_deviation"":""77824""},""paired_difference"":{""count"":""3"",""minimum"":""20025344"",""median"":""20258816"",""maximum"":""20443136"",""median_absolute_deviation"":""184320""},""lower"":0,""equal"":0,""higher"":3}}"
1,final,after,child.threads,count,"[{""pair"":0,""first_arm"":""lsf"",""native_group"":1,""lsf_group"":0,""native"":""3"",""lsf"":""7"",""lsf_minus_native"":""4"",""percent_of_native"":""133.333333""},{""pair"":1,""first_arm"":""native"",""native_group"":4,""lsf_group"":5,""native"":""3"",""lsf"":""7"",""lsf_minus_native"":""4"",""percent_of_native"":""133.333333""},{""pair"":2,""first_arm"":""native"",""native_group"":2,""lsf_group"":3,""native"":""3"",""lsf"":""7"",""lsf_minus_native"":""4"",""percent_of_native"":""133.333333""},{""pair"":3,""first_arm"":""native"",""native_group"":0,""lsf_group"":1,""native"":""3"",""lsf"":""7"",""lsf_minus_native"":""4"",""percent_of_native"":""133.333333""},{""pair"":4,""first_arm"":""lsf"",""native_group"":5,""lsf_group"":4,""native"":""3"",""lsf"":""7"",""lsf_minus_native"":""4"",""percent_of_native"":""133.333333""},{""pair"":5,""first_arm"":""lsf"",""native_group"":3,""lsf_group"":2,""native"":""3"",""lsf"":""7"",""lsf_minus_native"":""4"",""percent_of_native"":""133.333333""},{""pair"":6,""first_arm"":""lsf"",""native_group"":1,""lsf_group"":0,""native"":""3"",""lsf"":""7"",""lsf_minus_native"":""4"",""percent_of_native"":""133.333333""}]",7,7,0,"{""count"":""7"",""minimum"":""3"",""median"":""3"",""maximum"":""3"",""median_absolute_deviation"":""0""}","{""count"":""7"",""minimum"":""7"",""median"":""7"",""maximum"":""7"",""median_absolute_deviation"":""0""}","{""count"":""7"",""minimum"":""4"",""median"":""4"",""maximum"":""4"",""median_absolute_deviation"":""0""}",0,0,7,"{""lsf"":{""pair_count"":4,""available_pairs"":4,""unavailable_pairs"":0,""native"":{""count"":""4"",""minimum"":""3"",""median"":""3"",""maximum"":""3"",""median_absolute_deviation"":""0""},""lsf"":{""count"":""4"",""minimum"":""7"",""median"":""7"",""maximum"":""7"",""median_absolute_deviation"":""0""},""paired_difference"":{""count"":""4"",""minimum"":""4"",""median"":""4"",""maximum"":""4"",""median_absolute_deviation"":""0""},""lower"":0,""equal"":0,""higher"":4},""native"":{""pair_count"":3,""available_pairs"":3,""unavailable_pairs"":0,""native"":{""count"":""3"",""minimum"":""3"",""median"":""3"",""maximum"":""3"",""median_absolute_deviation"":""0""},""lsf"":{""count"":""3"",""minimum"":""7"",""median"":""7"",""maximum"":""7"",""median_absolute_deviation"":""0""},""paired_difference"":{""count"":""3"",""minimum"":""4"",""median"":""4"",""maximum"":""4"",""median_absolute_deviation"":""0""},""lower"":0,""equal"":0,""higher"":3}}"
1,final,after,child.fd_count,count,"[{""pair"":0,""first_arm"":""lsf"",""native_group"":1,""lsf_group"":0,""native"":""11"",""lsf"":""18"",""lsf_minus_native"":""7"",""percent_of_native"":""63.636364""},{""pair"":1,""first_arm"":""native"",""native_group"":4,""lsf_group"":5,""native"":""11"",""lsf"":""18"",""lsf_minus_native"":""7"",""percent_of_native"":""63.636364""},{""pair"":2,""first_arm"":""native"",""native_group"":2,""lsf_group"":3,""native"":""11"",""lsf"":""18"",""lsf_minus_native"":""7"",""percent_of_native"":""63.636364""},{""pair"":3,""first_arm"":""native"",""native_group"":0,""lsf_group"":1,""native"":""11"",""lsf"":""18"",""lsf_minus_native"":""7"",""percent_of_native"":""63.636364""},{""pair"":4,""first_arm"":""lsf"",""native_group"":5,""lsf_group"":4,""native"":""11"",""lsf"":""18"",""lsf_minus_native"":""7"",""percent_of_native"":""63.636364""},{""pair"":5,""first_arm"":""lsf"",""native_group"":3,""lsf_group"":2,""native"":""11"",""lsf"":""18"",""lsf_minus_native"":""7"",""percent_of_native"":""63.636364""},{""pair"":6,""first_arm"":""lsf"",""native_group"":1,""lsf_group"":0,""native"":""11"",""lsf"":""18"",""lsf_minus_native"":""7"",""percent_of_native"":""63.636364""}]",7,7,0,"{""count"":""7"",""minimum"":""11"",""median"":""11"",""maximum"":""11"",""median_absolute_deviation"":""0""}","{""count"":""7"",""minimum"":""18"",""median"":""18"",""maximum"":""18"",""median_absolute_deviation"":""0""}","{""count"":""7"",""minimum"":""7"",""median"":""7"",""maximum"":""7"",""median_absolute_deviation"":""0""}",0,0,7,"{""lsf"":{""pair_count"":4,""available_pairs"":4,""unavailable_pairs"":0,""native"":{""count"":""4"",""minimum"":""11"",""median"":""11"",""maximum"":""11"",""median_absolute_deviation"":""0""},""lsf"":{""count"":""4"",""minimum"":""18"",""median"":""18"",""maximum"":""18"",""median_absolute_deviation"":""0""},""paired_difference"":{""count"":""4"",""minimum"":""7"",""median"":""7"",""maximum"":""7"",""median_absolute_deviation"":""0""},""lower"":0,""equal"":0,""higher"":4},""native"":{""pair_count"":3,""available_pairs"":3,""unavailable_pairs"":0,""native"":{""count"":""3"",""minimum"":""11"",""median"":""11"",""maximum"":""11"",""median_absolute_deviation"":""0""},""lsf"":{""count"":""3"",""minimum"":""18"",""median"":""18"",""maximum"":""18"",""median_absolute_deviation"":""0""},""paired_difference"":{""count"":""3"",""minimum"":""7"",""median"":""7"",""maximum"":""7"",""median_absolute_deviation"":""0""},""lower"":0,""equal"":0,""higher"":3}}"
1,final,after,child.listener_count,count,"[{""pair"":0,""first_arm"":""lsf"",""native_group"":1,""lsf_group"":0,""native"":""1"",""lsf"":""1"",""lsf_minus_native"":""0"",""percent_of_native"":""0""},{""pair"":1,""first_arm"":""native"",""native_group"":4,""lsf_group"":5,""native"":""1"",""lsf"":""1"",""lsf_minus_native"":""0"",""percent_of_native"":""0""},{""pair"":2,""first_arm"":""native"",""native_group"":2,""lsf_group"":3,""native"":""1"",""lsf"":""1"",""lsf_minus_native"":""0"",""percent_of_native"":""0""},{""pair"":3,""first_arm"":""native"",""native_group"":0,""lsf_group"":1,""native"":""1"",""lsf"":""1"",""lsf_minus_native"":""0"",""percent_of_native"":""0""},{""pair"":4,""first_arm"":""lsf"",""native_group"":5,""lsf_group"":4,""native"":""1"",""lsf"":""1"",""lsf_minus_native"":""0"",""percent_of_native"":""0""},{""pair"":5,""first_arm"":""lsf"",""native_group"":3,""lsf_group"":2,""native"":""1"",""lsf"":""1"",""lsf_minus_native"":""0"",""percent_of_native"":""0""},{""pair"":6,""first_arm"":""lsf"",""native_group"":1,""lsf_group"":0,""native"":""1"",""lsf"":""1"",""lsf_minus_native"":""0"",""percent_of_native"":""0""}]",7,7,0,"{""count"":""7"",""minimum"":""1"",""median"":""1"",""maximum"":""1"",""median_absolute_deviation"":""0""}","{""count"":""7"",""minimum"":""1"",""median"":""1"",""maximum"":""1"",""median_absolute_deviation"":""0""}","{""count"":""7"",""minimum"":""0"",""median"":""0"",""maximum"":""0"",""median_absolute_deviation"":""0""}",0,7,0,"{""lsf"":{""pair_count"":4,""available_pairs"":4,""unavailable_pairs"":0,""native"":{""count"":""4"",""minimum"":""1"",""median"":""1"",""maximum"":""1"",""median_absolute_deviation"":""0""},""lsf"":{""count"":""4"",""minimum"":""1"",""median"":""1"",""maximum"":""1"",""median_absolute_deviation"":""0""},""paired_difference"":{""count"":""4"",""minimum"":""0"",""median"":""0"",""maximum"":""0"",""median_absolute_deviation"":""0""},""lower"":0,""equal"":4,""higher"":0},""native"":{""pair_count"":3,""available_pairs"":3,""unavailable_pairs"":0,""native"":{""count"":""3"",""minimum"":""1"",""median"":""1"",""maximum"":""1"",""median_absolute_deviation"":""0""},""lsf"":{""count"":""3"",""minimum"":""1"",""median"":""1"",""maximum"":""1"",""median_absolute_deviation"":""0""},""paired_difference"":{""count"":""3"",""minimum"":""0"",""median"":""0"",""maximum"":""0"",""median_absolute_deviation"":""0""},""lower"":0,""equal"":3,""higher"":0}}"
1,final,after,wrapper.rss_bytes,bytes,"[{""pair"":0,""first_arm"":""lsf"",""native_group"":1,""lsf_group"":0,""native"":""3932160"",""lsf"":""3932160"",""lsf_minus_native"":""0"",""percent_of_native"":""0""},{""pair"":1,""first_arm"":""native"",""native_group"":4,""lsf_group"":5,""native"":""3670016"",""lsf"":""3932160"",""lsf_minus_native"":""262144"",""percent_of_native"":""7.142857""},{""pair"":2,""first_arm"":""native"",""native_group"":2,""lsf_group"":3,""native"":""3932160"",""lsf"":""3932160"",""lsf_minus_native"":""0"",""percent_of_native"":""0""},{""pair"":3,""first_arm"":""native"",""native_group"":0,""lsf_group"":1,""native"":""3932160"",""lsf"":""3670016"",""lsf_minus_native"":""-262144"",""percent_of_native"":""-6.666667""},{""pair"":4,""first_arm"":""lsf"",""native_group"":5,""lsf_group"":4,""native"":""3801088"",""lsf"":""3801088"",""lsf_minus_native"":""0"",""percent_of_native"":""0""},{""pair"":5,""first_arm"":""lsf"",""native_group"":3,""lsf_group"":2,""native"":""3670016"",""lsf"":""3932160"",""lsf_minus_native"":""262144"",""percent_of_native"":""7.142857""},{""pair"":6,""first_arm"":""lsf"",""native_group"":1,""lsf_group"":0,""native"":""3932160"",""lsf"":""3801088"",""lsf_minus_native"":""-131072"",""percent_of_native"":""-3.333333""}]",7,7,0,"{""count"":""7"",""minimum"":""3670016"",""median"":""3932160"",""maximum"":""3932160"",""median_absolute_deviation"":""0""}","{""count"":""7"",""minimum"":""3670016"",""median"":""3932160"",""maximum"":""3932160"",""median_absolute_deviation"":""0""}","{""count"":""7"",""minimum"":""-262144"",""median"":""0"",""maximum"":""262144"",""median_absolute_deviation"":""131072""}",2,3,2,"{""lsf"":{""pair_count"":4,""available_pairs"":4,""unavailable_pairs"":0,""native"":{""count"":""4"",""minimum"":""3670016"",""median"":""3866624"",""maximum"":""3932160"",""median_absolute_deviation"":""65536""},""lsf"":{""count"":""4"",""minimum"":""3801088"",""median"":""3866624"",""maximum"":""3932160"",""median_absolute_deviation"":""65536""},""paired_difference"":{""count"":""4"",""minimum"":""-131072"",""median"":""0"",""maximum"":""262144"",""median_absolute_deviation"":""65536""},""lower"":1,""equal"":2,""higher"":1},""native"":{""pair_count"":3,""available_pairs"":3,""unavailable_pairs"":0,""native"":{""count"":""3"",""minimum"":""3670016"",""median"":""3932160"",""maximum"":""3932160"",""median_absolute_deviation"":""0""},""lsf"":{""count"":""3"",""minimum"":""3670016"",""median"":""3932160"",""maximum"":""3932160"",""median_absolute_deviation"":""0""},""paired_difference"":{""count"":""3"",""minimum"":""-262144"",""median"":""0"",""maximum"":""262144"",""median_absolute_deviation"":""262144""},""lower"":1,""equal"":1,""higher"":1}}"
1,final,after,wrapper.threads,count,"[{""pair"":0,""first_arm"":""lsf"",""native_group"":1,""lsf_group"":0,""native"":""3"",""lsf"":""3"",""lsf_minus_native"":""0"",""percent_of_native"":""0""},{""pair"":1,""first_arm"":""native"",""native_group"":4,""lsf_group"":5,""native"":""3"",""lsf"":""3"",""lsf_minus_native"":""0"",""percent_of_native"":""0""},{""pair"":2,""first_arm"":""native"",""native_group"":2,""lsf_group"":3,""native"":""3"",""lsf"":""3"",""lsf_minus_native"":""0"",""percent_of_native"":""0""},{""pair"":3,""first_arm"":""native"",""native_group"":0,""lsf_group"":1,""native"":""3"",""lsf"":""3"",""lsf_minus_native"":""0"",""percent_of_native"":""0""},{""pair"":4,""first_arm"":""lsf"",""native_group"":5,""lsf_group"":4,""native"":""3"",""lsf"":""3"",""lsf_minus_native"":""0"",""percent_of_native"":""0""},{""pair"":5,""first_arm"":""lsf"",""native_group"":3,""lsf_group"":2,""native"":""3"",""lsf"":""3"",""lsf_minus_native"":""0"",""percent_of_native"":""0""},{""pair"":6,""first_arm"":""lsf"",""native_group"":1,""lsf_group"":0,""native"":""3"",""lsf"":""3"",""lsf_minus_native"":""0"",""percent_of_native"":""0""}]",7,7,0,"{""count"":""7"",""minimum"":""3"",""median"":""3"",""maximum"":""3"",""median_absolute_deviation"":""0""}","{""count"":""7"",""minimum"":""3"",""median"":""3"",""maximum"":""3"",""median_absolute_deviation"":""0""}","{""count"":""7"",""minimum"":""0"",""median"":""0"",""maximum"":""0"",""median_absolute_deviation"":""0""}",0,7,0,"{""lsf"":{""pair_count"":4,""available_pairs"":4,""unavailable_pairs"":0,""native"":{""count"":""4"",""minimum"":""3"",""median"":""3"",""maximum"":""3"",""median_absolute_deviation"":""0""},""lsf"":{""count"":""4"",""minimum"":""3"",""median"":""3"",""maximum"":""3"",""median_absolute_deviation"":""0""},""paired_difference"":{""count"":""4"",""minimum"":""0"",""median"":""0"",""maximum"":""0"",""median_absolute_deviation"":""0""},""lower"":0,""equal"":4,""higher"":0},""native"":{""pair_count"":3,""available_pairs"":3,""unavailable_pairs"":0,""native"":{""count"":""3"",""minimum"":""3"",""median"":""3"",""maximum"":""3"",""median_absolute_deviation"":""0""},""lsf"":{""count"":""3"",""minimum"":""3"",""median"":""3"",""maximum"":""3"",""median_absolute_deviation"":""0""},""paired_difference"":{""count"":""3"",""minimum"":""0"",""median"":""0"",""maximum"":""0"",""median_absolute_deviation"":""0""},""lower"":0,""equal"":3,""higher"":0}}"
1,final,after,wrapper.fd_count,count,"[{""pair"":0,""first_arm"":""lsf"",""native_group"":1,""lsf_group"":0,""native"":""19"",""lsf"":""19"",""lsf_minus_native"":""0"",""percent_of_native"":""0""},{""pair"":1,""first_arm"":""native"",""native_group"":4,""lsf_group"":5,""native"":""19"",""lsf"":""19"",""lsf_minus_native"":""0"",""percent_of_native"":""0""},{""pair"":2,""first_arm"":""native"",""native_group"":2,""lsf_group"":3,""native"":""19"",""lsf"":""19"",""lsf_minus_native"":""0"",""percent_of_native"":""0""},{""pair"":3,""first_arm"":""native"",""native_group"":0,""lsf_group"":1,""native"":""19"",""lsf"":""19"",""lsf_minus_native"":""0"",""percent_of_native"":""0""},{""pair"":4,""first_arm"":""lsf"",""native_group"":5,""lsf_group"":4,""native"":""19"",""lsf"":""19"",""lsf_minus_native"":""0"",""percent_of_native"":""0""},{""pair"":5,""first_arm"":""lsf"",""native_group"":3,""lsf_group"":2,""native"":""19"",""lsf"":""19"",""lsf_minus_native"":""0"",""percent_of_native"":""0""},{""pair"":6,""first_arm"":""lsf"",""native_group"":1,""lsf_group"":0,""native"":""19"",""lsf"":""19"",""lsf_minus_native"":""0"",""percent_of_native"":""0""}]",7,7,0,"{""count"":""7"",""minimum"":""19"",""median"":""19"",""maximum"":""19"",""median_absolute_deviation"":""0""}","{""count"":""7"",""minimum"":""19"",""median"":""19"",""maximum"":""19"",""median_absolute_deviation"":""0""}","{""count"":""7"",""minimum"":""0"",""median"":""0"",""maximum"":""0"",""median_absolute_deviation"":""0""}",0,7,0,"{""lsf"":{""pair_count"":4,""available_pairs"":4,""unavailable_pairs"":0,""native"":{""count"":""4"",""minimum"":""19"",""median"":""19"",""maximum"":""19"",""median_absolute_deviation"":""0""},""lsf"":{""count"":""4"",""minimum"":""19"",""median"":""19"",""maximum"":""19"",""median_absolute_deviation"":""0""},""paired_difference"":{""count"":""4"",""minimum"":""0"",""median"":""0"",""maximum"":""0"",""median_absolute_deviation"":""0""},""lower"":0,""equal"":4,""higher"":0},""native"":{""pair_count"":3,""available_pairs"":3,""unavailable_pairs"":0,""native"":{""count"":""3"",""minimum"":""19"",""median"":""19"",""maximum"":""19"",""median_absolute_deviation"":""0""},""lsf"":{""count"":""3"",""minimum"":""19"",""median"":""19"",""maximum"":""19"",""median_absolute_deviation"":""0""},""paired_difference"":{""count"":""3"",""minimum"":""0"",""median"":""0"",""maximum"":""0"",""median_absolute_deviation"":""0""},""lower"":0,""equal"":3,""higher"":0}}"
1,final,after,wrapper.listener_count,count,"[{""pair"":0,""first_arm"":""lsf"",""native_group"":1,""lsf_group"":0,""native"":""1"",""lsf"":""1"",""lsf_minus_native"":""0"",""percent_of_native"":""0""},{""pair"":1,""first_arm"":""native"",""native_group"":4,""lsf_group"":5,""native"":""1"",""lsf"":""1"",""lsf_minus_native"":""0"",""percent_of_native"":""0""},{""pair"":2,""first_arm"":""native"",""native_group"":2,""lsf_group"":3,""native"":""1"",""lsf"":""1"",""lsf_minus_native"":""0"",""percent_of_native"":""0""},{""pair"":3,""first_arm"":""native"",""native_group"":0,""lsf_group"":1,""native"":""1"",""lsf"":""1"",""lsf_minus_native"":""0"",""percent_of_native"":""0""},{""pair"":4,""first_arm"":""lsf"",""native_group"":5,""lsf_group"":4,""native"":""1"",""lsf"":""1"",""lsf_minus_native"":""0"",""percent_of_native"":""0""},{""pair"":5,""first_arm"":""lsf"",""native_group"":3,""lsf_group"":2,""native"":""1"",""lsf"":""1"",""lsf_minus_native"":""0"",""percent_of_native"":""0""},{""pair"":6,""first_arm"":""lsf"",""native_group"":1,""lsf_group"":0,""native"":""1"",""lsf"":""1"",""lsf_minus_native"":""0"",""percent_of_native"":""0""}]",7,7,0,"{""count"":""7"",""minimum"":""1"",""median"":""1"",""maximum"":""1"",""median_absolute_deviation"":""0""}","{""count"":""7"",""minimum"":""1"",""median"":""1"",""maximum"":""1"",""median_absolute_deviation"":""0""}","{""count"":""7"",""minimum"":""0"",""median"":""0"",""maximum"":""0"",""median_absolute_deviation"":""0""}",0,7,0,"{""lsf"":{""pair_count"":4,""available_pairs"":4,""unavailable_pairs"":0,""native"":{""count"":""4"",""minimum"":""1"",""median"":""1"",""maximum"":""1"",""median_absolute_deviation"":""0""},""lsf"":{""count"":""4"",""minimum"":""1"",""median"":""1"",""maximum"":""1"",""median_absolute_deviation"":""0""},""paired_difference"":{""count"":""4"",""minimum"":""0"",""median"":""0"",""maximum"":""0"",""median_absolute_deviation"":""0""},""lower"":0,""equal"":4,""higher"":0},""native"":{""pair_count"":3,""available_pairs"":3,""unavailable_pairs"":0,""native"":{""count"":""3"",""minimum"":""1"",""median"":""1"",""maximum"":""1"",""median_absolute_deviation"":""0""},""lsf"":{""count"":""3"",""minimum"":""1"",""median"":""1"",""maximum"":""1"",""median_absolute_deviation"":""0""},""paired_difference"":{""count"":""3"",""minimum"":""0"",""median"":""0"",""maximum"":""0"",""median_absolute_deviation"":""0""},""lower"":0,""equal"":3,""higher"":0}}"
1,final,after,cgroup.memory_current_bytes,bytes,"[{""pair"":0,""first_arm"":""lsf"",""native_group"":1,""lsf_group"":0,""native"":""2007040"",""lsf"":""8753152"",""lsf_minus_native"":""6746112"",""percent_of_native"":""336.122449""},{""pair"":1,""first_arm"":""native"",""native_group"":4,""lsf_group"":5,""native"":""2019328"",""lsf"":""8568832"",""lsf_minus_native"":""6549504"",""percent_of_native"":""324.340771""},{""pair"":2,""first_arm"":""native"",""native_group"":2,""lsf_group"":3,""native"":""2035712"",""lsf"":""8564736"",""lsf_minus_native"":""6529024"",""percent_of_native"":""320.724346""},{""pair"":3,""first_arm"":""native"",""native_group"":0,""lsf_group"":1,""native"":""2023424"",""lsf"":""8515584"",""lsf_minus_native"":""6492160"",""percent_of_native"":""320.850202""},{""pair"":4,""first_arm"":""lsf"",""native_group"":5,""lsf_group"":4,""native"":""2011136"",""lsf"":""8536064"",""lsf_minus_native"":""6524928"",""percent_of_native"":""324.439919""},{""pair"":5,""first_arm"":""lsf"",""native_group"":3,""lsf_group"":2,""native"":""1986560"",""lsf"":""8454144"",""lsf_minus_native"":""6467584"",""percent_of_native"":""325.56701""},{""pair"":6,""first_arm"":""lsf"",""native_group"":1,""lsf_group"":0,""native"":""2007040"",""lsf"":""8568832"",""lsf_minus_native"":""6561792"",""percent_of_native"":""326.938776""}]",7,7,0,"{""count"":""7"",""minimum"":""1986560"",""median"":""2011136"",""maximum"":""2035712"",""median_absolute_deviation"":""8192""}","{""count"":""7"",""minimum"":""8454144"",""median"":""8564736"",""maximum"":""8753152"",""median_absolute_deviation"":""28672""}","{""count"":""7"",""minimum"":""6467584"",""median"":""6529024"",""maximum"":""6746112"",""median_absolute_deviation"":""32768""}",0,0,7,"{""lsf"":{""pair_count"":4,""available_pairs"":4,""unavailable_pairs"":0,""native"":{""count"":""4"",""minimum"":""1986560"",""median"":""2007040"",""maximum"":""2011136"",""median_absolute_deviation"":""2048""},""lsf"":{""count"":""4"",""minimum"":""8454144"",""median"":""8552448"",""maximum"":""8753152"",""median_absolute_deviation"":""57344""},""paired_difference"":{""count"":""4"",""minimum"":""6467584"",""median"":""6543360"",""maximum"":""6746112"",""median_absolute_deviation"":""47104""},""lower"":0,""equal"":0,""higher"":4},""native"":{""pair_count"":3,""available_pairs"":3,""unavailable_pairs"":0,""native"":{""count"":""3"",""minimum"":""2019328"",""median"":""2023424"",""maximum"":""2035712"",""median_absolute_deviation"":""4096""},""lsf"":{""count"":""3"",""minimum"":""8515584"",""median"":""8564736"",""maximum"":""8568832"",""median_absolute_deviation"":""4096""},""paired_difference"":{""count"":""3"",""minimum"":""6492160"",""median"":""6529024"",""maximum"":""6549504"",""median_absolute_deviation"":""20480""},""lower"":0,""equal"":0,""higher"":3}}"
1,final,after,cgroup.sum_leaf_lifetime_memory_peak_bytes,bytes,"[{""pair"":0,""first_arm"":""lsf"",""native_group"":1,""lsf_group"":0,""native"":""6516736"",""lsf"":""11161600"",""lsf_minus_native"":""4644864"",""percent_of_native"":""71.275927""},{""pair"":1,""first_arm"":""native"",""native_group"":4,""lsf_group"":5,""native"":""5984256"",""lsf"":""10543104"",""lsf_minus_native"":""4558848"",""percent_of_native"":""76.180698""},{""pair"":2,""first_arm"":""native"",""native_group"":2,""lsf_group"":3,""native"":""6053888"",""lsf"":""10936320"",""lsf_minus_native"":""4882432"",""percent_of_native"":""80.649526""},{""pair"":3,""first_arm"":""native"",""native_group"":0,""lsf_group"":1,""native"":""6103040"",""lsf"":""10813440"",""lsf_minus_native"":""4710400"",""percent_of_native"":""77.181208""},{""pair"":4,""first_arm"":""lsf"",""native_group"":5,""lsf_group"":4,""native"":""5922816"",""lsf"":""10661888"",""lsf_minus_native"":""4739072"",""percent_of_native"":""80.013831""},{""pair"":5,""first_arm"":""lsf"",""native_group"":3,""lsf_group"":2,""native"":""6426624"",""lsf"":""11059200"",""lsf_minus_native"":""4632576"",""percent_of_native"":""72.08413""},{""pair"":6,""first_arm"":""lsf"",""native_group"":1,""lsf_group"":0,""native"":""6025216"",""lsf"":""11120640"",""lsf_minus_native"":""5095424"",""percent_of_native"":""84.568321""}]",7,7,0,"{""count"":""7"",""minimum"":""5922816"",""median"":""6053888"",""maximum"":""6516736"",""median_absolute_deviation"":""69632""}","{""count"":""7"",""minimum"":""10543104"",""median"":""10936320"",""maximum"":""11161600"",""median_absolute_deviation"":""184320""}","{""count"":""7"",""minimum"":""4558848"",""median"":""4710400"",""maximum"":""5095424"",""median_absolute_deviation"":""77824""}",0,0,7,"{""lsf"":{""pair_count"":4,""available_pairs"":4,""unavailable_pairs"":0,""native"":{""count"":""4"",""minimum"":""5922816"",""median"":""6225920"",""maximum"":""6516736"",""median_absolute_deviation"":""245760""},""lsf"":{""count"":""4"",""minimum"":""10661888"",""median"":""11089920"",""maximum"":""11161600"",""median_absolute_deviation"":""51200""},""paired_difference"":{""count"":""4"",""minimum"":""4632576"",""median"":""4691968"",""maximum"":""5095424"",""median_absolute_deviation"":""53248""},""lower"":0,""equal"":0,""higher"":4},""native"":{""pair_count"":3,""available_pairs"":3,""unavailable_pairs"":0,""native"":{""count"":""3"",""minimum"":""5984256"",""median"":""6053888"",""maximum"":""6103040"",""median_absolute_deviation"":""49152""},""lsf"":{""count"":""3"",""minimum"":""10543104"",""median"":""10813440"",""maximum"":""10936320"",""median_absolute_deviation"":""122880""},""paired_difference"":{""count"":""3"",""minimum"":""4558848"",""median"":""4710400"",""maximum"":""4882432"",""median_absolute_deviation"":""151552""},""lower"":0,""equal"":0,""higher"":3}}"
1,final,after,cgroup.memory_swap_current_bytes,bytes,"[{""pair"":0,""first_arm"":""lsf"",""native_group"":1,""lsf_group"":0,""native"":""0"",""lsf"":""0"",""lsf_minus_native"":""0"",""percent_of_native"":null},{""pair"":1,""first_arm"":""native"",""native_group"":4,""lsf_group"":5,""native"":""0"",""lsf"":""0"",""lsf_minus_native"":""0"",""percent_of_native"":null},{""pair"":2,""first_arm"":""native"",""native_group"":2,""lsf_group"":3,""native"":""0"",""lsf"":""0"",""lsf_minus_native"":""0"",""percent_of_native"":null},{""pair"":3,""first_arm"":""native"",""native_group"":0,""lsf_group"":1,""native"":""0"",""lsf"":""0"",""lsf_minus_native"":""0"",""percent_of_native"":null},{""pair"":4,""first_arm"":""lsf"",""native_group"":5,""lsf_group"":4,""native"":""0"",""lsf"":""0"",""lsf_minus_native"":""0"",""percent_of_native"":null},{""pair"":5,""first_arm"":""lsf"",""native_group"":3,""lsf_group"":2,""native"":""0"",""lsf"":""0"",""lsf_minus_native"":""0"",""percent_of_native"":null},{""pair"":6,""first_arm"":""lsf"",""native_group"":1,""lsf_group"":0,""native"":""0"",""lsf"":""0"",""lsf_minus_native"":""0"",""percent_of_native"":null}]",7,7,0,"{""count"":""7"",""minimum"":""0"",""median"":""0"",""maximum"":""0"",""median_absolute_deviation"":""0""}","{""count"":""7"",""minimum"":""0"",""median"":""0"",""maximum"":""0"",""median_absolute_deviation"":""0""}","{""count"":""7"",""minimum"":""0"",""median"":""0"",""maximum"":""0"",""median_absolute_deviation"":""0""}",0,7,0,"{""lsf"":{""pair_count"":4,""available_pairs"":4,""unavailable_pairs"":0,""native"":{""count"":""4"",""minimum"":""0"",""median"":""0"",""maximum"":""0"",""median_absolute_deviation"":""0""},""lsf"":{""count"":""4"",""minimum"":""0"",""median"":""0"",""maximum"":""0"",""median_absolute_deviation"":""0""},""paired_difference"":{""count"":""4"",""minimum"":""0"",""median"":""0"",""maximum"":""0"",""median_absolute_deviation"":""0""},""lower"":0,""equal"":4,""higher"":0},""native"":{""pair_count"":3,""available_pairs"":3,""unavailable_pairs"":0,""native"":{""count"":""3"",""minimum"":""0"",""median"":""0"",""maximum"":""0"",""median_absolute_deviation"":""0""},""lsf"":{""count"":""3"",""minimum"":""0"",""median"":""0"",""maximum"":""0"",""median_absolute_deviation"":""0""},""paired_difference"":{""count"":""3"",""minimum"":""0"",""median"":""0"",""maximum"":""0"",""median_absolute_deviation"":""0""},""lower"":0,""equal"":3,""higher"":0}}"
1,final,after,cgroup.pids_current,count,"[{""pair"":0,""first_arm"":""lsf"",""native_group"":1,""lsf_group"":0,""native"":""6"",""lsf"":""10"",""lsf_minus_native"":""4"",""percent_of_native"":""66.666667""},{""pair"":1,""first_arm"":""native"",""native_group"":4,""lsf_group"":5,""native"":""6"",""lsf"":""10"",""lsf_minus_native"":""4"",""percent_of_native"":""66.666667""},{""pair"":2,""first_arm"":""native"",""native_group"":2,""lsf_group"":3,""native"":""6"",""lsf"":""10"",""lsf_minus_native"":""4"",""percent_of_native"":""66.666667""},{""pair"":3,""first_arm"":""native"",""native_group"":0,""lsf_group"":1,""native"":""6"",""lsf"":""10"",""lsf_minus_native"":""4"",""percent_of_native"":""66.666667""},{""pair"":4,""first_arm"":""lsf"",""native_group"":5,""lsf_group"":4,""native"":""6"",""lsf"":""10"",""lsf_minus_native"":""4"",""percent_of_native"":""66.666667""},{""pair"":5,""first_arm"":""lsf"",""native_group"":3,""lsf_group"":2,""native"":""6"",""lsf"":""10"",""lsf_minus_native"":""4"",""percent_of_native"":""66.666667""},{""pair"":6,""first_arm"":""lsf"",""native_group"":1,""lsf_group"":0,""native"":""6"",""lsf"":""10"",""lsf_minus_native"":""4"",""percent_of_native"":""66.666667""}]",7,7,0,"{""count"":""7"",""minimum"":""6"",""median"":""6"",""maximum"":""6"",""median_absolute_deviation"":""0""}","{""count"":""7"",""minimum"":""10"",""median"":""10"",""maximum"":""10"",""median_absolute_deviation"":""0""}","{""count"":""7"",""minimum"":""4"",""median"":""4"",""maximum"":""4"",""median_absolute_deviation"":""0""}",0,0,7,"{""lsf"":{""pair_count"":4,""available_pairs"":4,""unavailable_pairs"":0,""native"":{""count"":""4"",""minimum"":""6"",""median"":""6"",""maximum"":""6"",""median_absolute_deviation"":""0""},""lsf"":{""count"":""4"",""minimum"":""10"",""median"":""10"",""maximum"":""10"",""median_absolute_deviation"":""0""},""paired_difference"":{""count"":""4"",""minimum"":""4"",""median"":""4"",""maximum"":""4"",""median_absolute_deviation"":""0""},""lower"":0,""equal"":0,""higher"":4},""native"":{""pair_count"":3,""available_pairs"":3,""unavailable_pairs"":0,""native"":{""count"":""3"",""minimum"":""6"",""median"":""6"",""maximum"":""6"",""median_absolute_deviation"":""0""},""lsf"":{""count"":""3"",""minimum"":""10"",""median"":""10"",""maximum"":""10"",""median_absolute_deviation"":""0""},""paired_difference"":{""count"":""3"",""minimum"":""4"",""median"":""4"",""maximum"":""4"",""median_absolute_deviation"":""0""},""lower"":0,""equal"":0,""higher"":3}}"
1,final,after,cgroup.cpu.usage_usec,us,"[{""pair"":0,""first_arm"":""lsf"",""native_group"":1,""lsf_group"":0,""native"":""180351"",""lsf"":""389203"",""lsf_minus_native"":""208852"",""percent_of_native"":""115.803073""},{""pair"":1,""first_arm"":""native"",""native_group"":4,""lsf_group"":5,""native"":""167832"",""lsf"":""415193"",""lsf_minus_native"":""247361"",""percent_of_native"":""147.386077""},{""pair"":2,""first_arm"":""native"",""native_group"":2,""lsf_group"":3,""native"":""173960"",""lsf"":""391323"",""lsf_minus_native"":""217363"",""percent_of_native"":""124.949989""},{""pair"":3,""first_arm"":""native"",""native_group"":0,""lsf_group"":1,""native"":""175720"",""lsf"":""401487"",""lsf_minus_native"":""225767"",""percent_of_native"":""128.481106""},{""pair"":4,""first_arm"":""lsf"",""native_group"":5,""lsf_group"":4,""native"":""163748"",""lsf"":""387916"",""lsf_minus_native"":""224168"",""percent_of_native"":""136.898161""},{""pair"":5,""first_arm"":""lsf"",""native_group"":3,""lsf_group"":2,""native"":""169540"",""lsf"":""404870"",""lsf_minus_native"":""235330"",""percent_of_native"":""138.805002""},{""pair"":6,""first_arm"":""lsf"",""native_group"":1,""lsf_group"":0,""native"":""176306"",""lsf"":""431221"",""lsf_minus_native"":""254915"",""percent_of_native"":""144.586685""}]",7,7,0,"{""count"":""7"",""minimum"":""163748"",""median"":""173960"",""maximum"":""180351"",""median_absolute_deviation"":""4420""}","{""count"":""7"",""minimum"":""387916"",""median"":""401487"",""maximum"":""431221"",""median_absolute_deviation"":""12284""}","{""count"":""7"",""minimum"":""208852"",""median"":""225767"",""maximum"":""254915"",""median_absolute_deviation"":""9563""}",0,0,7,"{""lsf"":{""pair_count"":4,""available_pairs"":4,""unavailable_pairs"":0,""native"":{""count"":""4"",""minimum"":""163748"",""median"":""172923"",""maximum"":""180351"",""median_absolute_deviation"":""5405.5""},""lsf"":{""count"":""4"",""minimum"":""387916"",""median"":""397036.5"",""maximum"":""431221"",""median_absolute_deviation"":""8477""},""paired_difference"":{""count"":""4"",""minimum"":""208852"",""median"":""229749"",""maximum"":""254915"",""median_absolute_deviation"":""13239""},""lower"":0,""equal"":0,""higher"":4},""native"":{""pair_count"":3,""available_pairs"":3,""unavailable_pairs"":0,""native"":{""count"":""3"",""minimum"":""167832"",""median"":""173960"",""maximum"":""175720"",""median_absolute_deviation"":""1760""},""lsf"":{""count"":""3"",""minimum"":""391323"",""median"":""401487"",""maximum"":""415193"",""median_absolute_deviation"":""10164""},""paired_difference"":{""count"":""3"",""minimum"":""217363"",""median"":""225767"",""maximum"":""247361"",""median_absolute_deviation"":""8404""},""lower"":0,""equal"":0,""higher"":3}}"
1,final,after,cgroup.cpu.user_usec,us,"[{""pair"":0,""first_arm"":""lsf"",""native_group"":1,""lsf_group"":0,""native"":""30791"",""lsf"":""219444"",""lsf_minus_native"":""188653"",""percent_of_native"":""612.688773""},{""pair"":1,""first_arm"":""native"",""native_group"":4,""lsf_group"":5,""native"":""46421"",""lsf"":""232210"",""lsf_minus_native"":""185789"",""percent_of_native"":""400.226191""},{""pair"":2,""first_arm"":""native"",""native_group"":2,""lsf_group"":3,""native"":""36241"",""lsf"":""204084"",""lsf_minus_native"":""167843"",""percent_of_native"":""463.130156""},{""pair"":3,""first_arm"":""native"",""native_group"":0,""lsf_group"":1,""native"":""23496"",""lsf"":""199463"",""lsf_minus_native"":""175967"",""percent_of_native"":""748.923221""},{""pair"":4,""first_arm"":""lsf"",""native_group"":5,""lsf_group"":4,""native"":""34734"",""lsf"":""198174"",""lsf_minus_native"":""163440"",""percent_of_native"":""470.54759""},{""pair"":5,""first_arm"":""lsf"",""native_group"":3,""lsf_group"":2,""native"":""40229"",""lsf"":""215447"",""lsf_minus_native"":""175218"",""percent_of_native"":""435.551468""},{""pair"":6,""first_arm"":""lsf"",""native_group"":1,""lsf_group"":0,""native"":""22169"",""lsf"":""209330"",""lsf_minus_native"":""187161"",""percent_of_native"":""844.24647""}]",7,7,0,"{""count"":""7"",""minimum"":""22169"",""median"":""34734"",""maximum"":""46421"",""median_absolute_deviation"":""5495""}","{""count"":""7"",""minimum"":""198174"",""median"":""209330"",""maximum"":""232210"",""median_absolute_deviation"":""9867""}","{""count"":""7"",""minimum"":""163440"",""median"":""175967"",""maximum"":""188653"",""median_absolute_deviation"":""9822""}",0,0,7,"{""lsf"":{""pair_count"":4,""available_pairs"":4,""unavailable_pairs"":0,""native"":{""count"":""4"",""minimum"":""22169"",""median"":""32762.5"",""maximum"":""40229"",""median_absolute_deviation"":""4719""},""lsf"":{""count"":""4"",""minimum"":""198174"",""median"":""212388.5"",""maximum"":""219444"",""median_absolute_deviation"":""5057""},""paired_difference"":{""count"":""4"",""minimum"":""163440"",""median"":""181189.5"",""maximum"":""188653"",""median_absolute_deviation"":""6717.5""},""lower"":0,""equal"":0,""higher"":4},""native"":{""pair_count"":3,""available_pairs"":3,""unavailable_pairs"":0,""native"":{""count"":""3"",""minimum"":""23496"",""median"":""36241"",""maximum"":""46421"",""median_absolute_deviation"":""10180""},""lsf"":{""count"":""3"",""minimum"":""199463"",""median"":""204084"",""maximum"":""232210"",""median_absolute_deviation"":""4621""},""paired_difference"":{""count"":""3"",""minimum"":""167843"",""median"":""175967"",""maximum"":""185789"",""median_absolute_deviation"":""8124""},""lower"":0,""equal"":0,""higher"":3}}"
1,final,after,cgroup.cpu.system_usec,us,"[{""pair"":0,""first_arm"":""lsf"",""native_group"":1,""lsf_group"":0,""native"":""149559"",""lsf"":""169758"",""lsf_minus_native"":""20199"",""percent_of_native"":""13.505707""},{""pair"":1,""first_arm"":""native"",""native_group"":4,""lsf_group"":5,""native"":""121410"",""lsf"":""182983"",""lsf_minus_native"":""61573"",""percent_of_native"":""50.714933""},{""pair"":2,""first_arm"":""native"",""native_group"":2,""lsf_group"":3,""native"":""137718"",""lsf"":""187238"",""lsf_minus_native"":""49520"",""percent_of_native"":""35.957536""},{""pair"":3,""first_arm"":""native"",""native_group"":0,""lsf_group"":1,""native"":""152223"",""lsf"":""202023"",""lsf_minus_native"":""49800"",""percent_of_native"":""32.715161""},{""pair"":4,""first_arm"":""lsf"",""native_group"":5,""lsf_group"":4,""native"":""129013"",""lsf"":""189741"",""lsf_minus_native"":""60728"",""percent_of_native"":""47.071225""},{""pair"":5,""first_arm"":""lsf"",""native_group"":3,""lsf_group"":2,""native"":""129310"",""lsf"":""189422"",""lsf_minus_native"":""60112"",""percent_of_native"":""46.486737""},{""pair"":6,""first_arm"":""lsf"",""native_group"":1,""lsf_group"":0,""native"":""154136"",""lsf"":""221890"",""lsf_minus_native"":""67754"",""percent_of_native"":""43.957284""}]",7,7,0,"{""count"":""7"",""minimum"":""121410"",""median"":""137718"",""maximum"":""154136"",""median_absolute_deviation"":""11841""}","{""count"":""7"",""minimum"":""169758"",""median"":""189422"",""maximum"":""221890"",""median_absolute_deviation"":""6439""}","{""count"":""7"",""minimum"":""20199"",""median"":""60112"",""maximum"":""67754"",""median_absolute_deviation"":""7642""}",0,0,7,"{""lsf"":{""pair_count"":4,""available_pairs"":4,""unavailable_pairs"":0,""native"":{""count"":""4"",""minimum"":""129013"",""median"":""139434.5"",""maximum"":""154136"",""median_absolute_deviation"":""10273""},""lsf"":{""count"":""4"",""minimum"":""169758"",""median"":""189581.5"",""maximum"":""221890"",""median_absolute_deviation"":""9991.5""},""paired_difference"":{""count"":""4"",""minimum"":""20199"",""median"":""60420"",""maximum"":""67754"",""median_absolute_deviation"":""3821""},""lower"":0,""equal"":0,""higher"":4},""native"":{""pair_count"":3,""available_pairs"":3,""unavailable_pairs"":0,""native"":{""count"":""3"",""minimum"":""121410"",""median"":""137718"",""maximum"":""152223"",""median_absolute_deviation"":""14505""},""lsf"":{""count"":""3"",""minimum"":""182983"",""median"":""187238"",""maximum"":""202023"",""median_absolute_deviation"":""4255""},""paired_difference"":{""count"":""3"",""minimum"":""49520"",""median"":""49800"",""maximum"":""61573"",""median_absolute_deviation"":""280""},""lower"":0,""equal"":0,""higher"":3}}"
1,final,after,cgroup.cpu.nr_periods,count,"[{""pair"":0,""first_arm"":""lsf"",""native_group"":1,""lsf_group"":0,""native"":""18"",""lsf"":""47"",""lsf_minus_native"":""29"",""percent_of_native"":""161.111111""},{""pair"":1,""first_arm"":""native"",""native_group"":4,""lsf_group"":5,""native"":""19"",""lsf"":""45"",""lsf_minus_native"":""26"",""percent_of_native"":""136.842105""},{""pair"":2,""first_arm"":""native"",""native_group"":2,""lsf_group"":3,""native"":""18"",""lsf"":""45"",""lsf_minus_native"":""27"",""percent_of_native"":""150""},{""pair"":3,""first_arm"":""native"",""native_group"":0,""lsf_group"":1,""native"":""17"",""lsf"":""44"",""lsf_minus_native"":""27"",""percent_of_native"":""158.823529""},{""pair"":4,""first_arm"":""lsf"",""native_group"":5,""lsf_group"":4,""native"":""17"",""lsf"":""41"",""lsf_minus_native"":""24"",""percent_of_native"":""141.176471""},{""pair"":5,""first_arm"":""lsf"",""native_group"":3,""lsf_group"":2,""native"":""18"",""lsf"":""39"",""lsf_minus_native"":""21"",""percent_of_native"":""116.666667""},{""pair"":6,""first_arm"":""lsf"",""native_group"":1,""lsf_group"":0,""native"":""17"",""lsf"":""46"",""lsf_minus_native"":""29"",""percent_of_native"":""170.588235""}]",7,7,0,"{""count"":""7"",""minimum"":""17"",""median"":""18"",""maximum"":""19"",""median_absolute_deviation"":""1""}","{""count"":""7"",""minimum"":""39"",""median"":""45"",""maximum"":""47"",""median_absolute_deviation"":""1""}","{""count"":""7"",""minimum"":""21"",""median"":""27"",""maximum"":""29"",""median_absolute_deviation"":""2""}",0,0,7,"{""lsf"":{""pair_count"":4,""available_pairs"":4,""unavailable_pairs"":0,""native"":{""count"":""4"",""minimum"":""17"",""median"":""17.5"",""maximum"":""18"",""median_absolute_deviation"":""0.5""},""lsf"":{""count"":""4"",""minimum"":""39"",""median"":""43.5"",""maximum"":""47"",""median_absolute_deviation"":""3""},""paired_difference"":{""count"":""4"",""minimum"":""21"",""median"":""26.5"",""maximum"":""29"",""median_absolute_deviation"":""2.5""},""lower"":0,""equal"":0,""higher"":4},""native"":{""pair_count"":3,""available_pairs"":3,""unavailable_pairs"":0,""native"":{""count"":""3"",""minimum"":""17"",""median"":""18"",""maximum"":""19"",""median_absolute_deviation"":""1""},""lsf"":{""count"":""3"",""minimum"":""44"",""median"":""45"",""maximum"":""45"",""median_absolute_deviation"":""0""},""paired_difference"":{""count"":""3"",""minimum"":""26"",""median"":""27"",""maximum"":""27"",""median_absolute_deviation"":""0""},""lower"":0,""equal"":0,""higher"":3}}"
1,final,after,cgroup.cpu.nr_throttled,count,"[{""pair"":0,""first_arm"":""lsf"",""native_group"":1,""lsf_group"":0,""native"":""0"",""lsf"":""0"",""lsf_minus_native"":""0"",""percent_of_native"":null},{""pair"":1,""first_arm"":""native"",""native_group"":4,""lsf_group"":5,""native"":""0"",""lsf"":""0"",""lsf_minus_native"":""0"",""percent_of_native"":null},{""pair"":2,""first_arm"":""native"",""native_group"":2,""lsf_group"":3,""native"":""0"",""lsf"":""0"",""lsf_minus_native"":""0"",""percent_of_native"":null},{""pair"":3,""first_arm"":""native"",""native_group"":0,""lsf_group"":1,""native"":""0"",""lsf"":""0"",""lsf_minus_native"":""0"",""percent_of_native"":null},{""pair"":4,""first_arm"":""lsf"",""native_group"":5,""lsf_group"":4,""native"":""0"",""lsf"":""0"",""lsf_minus_native"":""0"",""percent_of_native"":null},{""pair"":5,""first_arm"":""lsf"",""native_group"":3,""lsf_group"":2,""native"":""0"",""lsf"":""0"",""lsf_minus_native"":""0"",""percent_of_native"":null},{""pair"":6,""first_arm"":""lsf"",""native_group"":1,""lsf_group"":0,""native"":""0"",""lsf"":""0"",""lsf_minus_native"":""0"",""percent_of_native"":null}]",7,7,0,"{""count"":""7"",""minimum"":""0"",""median"":""0"",""maximum"":""0"",""median_absolute_deviation"":""0""}","{""count"":""7"",""minimum"":""0"",""median"":""0"",""maximum"":""0"",""median_absolute_deviation"":""0""}","{""count"":""7"",""minimum"":""0"",""median"":""0"",""maximum"":""0"",""median_absolute_deviation"":""0""}",0,7,0,"{""lsf"":{""pair_count"":4,""available_pairs"":4,""unavailable_pairs"":0,""native"":{""count"":""4"",""minimum"":""0"",""median"":""0"",""maximum"":""0"",""median_absolute_deviation"":""0""},""lsf"":{""count"":""4"",""minimum"":""0"",""median"":""0"",""maximum"":""0"",""median_absolute_deviation"":""0""},""paired_difference"":{""count"":""4"",""minimum"":""0"",""median"":""0"",""maximum"":""0"",""median_absolute_deviation"":""0""},""lower"":0,""equal"":4,""higher"":0},""native"":{""pair_count"":3,""available_pairs"":3,""unavailable_pairs"":0,""native"":{""count"":""3"",""minimum"":""0"",""median"":""0"",""maximum"":""0"",""median_absolute_deviation"":""0""},""lsf"":{""count"":""3"",""minimum"":""0"",""median"":""0"",""maximum"":""0"",""median_absolute_deviation"":""0""},""paired_difference"":{""count"":""3"",""minimum"":""0"",""median"":""0"",""maximum"":""0"",""median_absolute_deviation"":""0""},""lower"":0,""equal"":3,""higher"":0}}"
1,final,after,cgroup.cpu.throttled_usec,us,"[{""pair"":0,""first_arm"":""lsf"",""native_group"":1,""lsf_group"":0,""native"":""0"",""lsf"":""0"",""lsf_minus_native"":""0"",""percent_of_native"":null},{""pair"":1,""first_arm"":""native"",""native_group"":4,""lsf_group"":5,""native"":""0"",""lsf"":""0"",""lsf_minus_native"":""0"",""percent_of_native"":null},{""pair"":2,""first_arm"":""native"",""native_group"":2,""lsf_group"":3,""native"":""0"",""lsf"":""0"",""lsf_minus_native"":""0"",""percent_of_native"":null},{""pair"":3,""first_arm"":""native"",""native_group"":0,""lsf_group"":1,""native"":""0"",""lsf"":""0"",""lsf_minus_native"":""0"",""percent_of_native"":null},{""pair"":4,""first_arm"":""lsf"",""native_group"":5,""lsf_group"":4,""native"":""0"",""lsf"":""0"",""lsf_minus_native"":""0"",""percent_of_native"":null},{""pair"":5,""first_arm"":""lsf"",""native_group"":3,""lsf_group"":2,""native"":""0"",""lsf"":""0"",""lsf_minus_native"":""0"",""percent_of_native"":null},{""pair"":6,""first_arm"":""lsf"",""native_group"":1,""lsf_group"":0,""native"":""0"",""lsf"":""0"",""lsf_minus_native"":""0"",""percent_of_native"":null}]",7,7,0,"{""count"":""7"",""minimum"":""0"",""median"":""0"",""maximum"":""0"",""median_absolute_deviation"":""0""}","{""count"":""7"",""minimum"":""0"",""median"":""0"",""maximum"":""0"",""median_absolute_deviation"":""0""}","{""count"":""7"",""minimum"":""0"",""median"":""0"",""maximum"":""0"",""median_absolute_deviation"":""0""}",0,7,0,"{""lsf"":{""pair_count"":4,""available_pairs"":4,""unavailable_pairs"":0,""native"":{""count"":""4"",""minimum"":""0"",""median"":""0"",""maximum"":""0"",""median_absolute_deviation"":""0""},""lsf"":{""count"":""4"",""minimum"":""0"",""median"":""0"",""maximum"":""0"",""median_absolute_deviation"":""0""},""paired_difference"":{""count"":""4"",""minimum"":""0"",""median"":""0"",""maximum"":""0"",""median_absolute_deviation"":""0""},""lower"":0,""equal"":4,""higher"":0},""native"":{""pair_count"":3,""available_pairs"":3,""unavailable_pairs"":0,""native"":{""count"":""3"",""minimum"":""0"",""median"":""0"",""maximum"":""0"",""median_absolute_deviation"":""0""},""lsf"":{""count"":""3"",""minimum"":""0"",""median"":""0"",""maximum"":""0"",""median_absolute_deviation"":""0""},""paired_difference"":{""count"":""3"",""minimum"":""0"",""median"":""0"",""maximum"":""0"",""median_absolute_deviation"":""0""},""lower"":0,""equal"":3,""higher"":0}}"
1,final,before,child.rss_bytes,bytes,"[{""pair"":0,""first_arm"":""lsf"",""native_group"":1,""lsf_group"":0,""native"":""4849664"",""lsf"":""24956928"",""lsf_minus_native"":""20107264"",""percent_of_native"":""414.611486""},{""pair"":1,""first_arm"":""native"",""native_group"":4,""lsf_group"":5,""native"":""4718592"",""lsf"":""25161728"",""lsf_minus_native"":""20443136"",""percent_of_native"":""433.246528""},{""pair"":2,""first_arm"":""native"",""native_group"":2,""lsf_group"":3,""native"":""4980736"",""lsf"":""25239552"",""lsf_minus_native"":""20258816"",""percent_of_native"":""406.743421""},{""pair"":3,""first_arm"":""native"",""native_group"":0,""lsf_group"":1,""native"":""4849664"",""lsf"":""24875008"",""lsf_minus_native"":""20025344"",""percent_of_native"":""412.922297""},{""pair"":4,""first_arm"":""lsf"",""native_group"":5,""lsf_group"":4,""native"":""4718592"",""lsf"":""24879104"",""lsf_minus_native"":""20160512"",""percent_of_native"":""427.256944""},{""pair"":5,""first_arm"":""lsf"",""native_group"":3,""lsf_group"":2,""native"":""4718592"",""lsf"":""25296896"",""lsf_minus_native"":""20578304"",""percent_of_native"":""436.111111""},{""pair"":6,""first_arm"":""lsf"",""native_group"":1,""lsf_group"":0,""native"":""4718592"",""lsf"":""24625152"",""lsf_minus_native"":""19906560"",""percent_of_native"":""421.875""}]",7,7,0,"{""count"":""7"",""minimum"":""4718592"",""median"":""4718592"",""maximum"":""4980736"",""median_absolute_deviation"":""0""}","{""count"":""7"",""minimum"":""24625152"",""median"":""24956928"",""maximum"":""25296896"",""median_absolute_deviation"":""204800""}","{""count"":""7"",""minimum"":""19906560"",""median"":""20160512"",""maximum"":""20578304"",""median_absolute_deviation"":""135168""}",0,0,7,"{""lsf"":{""pair_count"":4,""available_pairs"":4,""unavailable_pairs"":0,""native"":{""count"":""4"",""minimum"":""4718592"",""median"":""4718592"",""maximum"":""4849664"",""median_absolute_deviation"":""0""},""lsf"":{""count"":""4"",""minimum"":""24625152"",""median"":""24918016"",""maximum"":""25296896"",""median_absolute_deviation"":""165888""},""paired_difference"":{""count"":""4"",""minimum"":""19906560"",""median"":""20133888"",""maximum"":""20578304"",""median_absolute_deviation"":""126976""},""lower"":0,""equal"":0,""higher"":4},""native"":{""pair_count"":3,""available_pairs"":3,""unavailable_pairs"":0,""native"":{""count"":""3"",""minimum"":""4718592"",""median"":""4849664"",""maximum"":""4980736"",""median_absolute_deviation"":""131072""},""lsf"":{""count"":""3"",""minimum"":""24875008"",""median"":""25161728"",""maximum"":""25239552"",""median_absolute_deviation"":""77824""},""paired_difference"":{""count"":""3"",""minimum"":""20025344"",""median"":""20258816"",""maximum"":""20443136"",""median_absolute_deviation"":""184320""},""lower"":0,""equal"":0,""higher"":3}}"
1,final,before,child.threads,count,"[{""pair"":0,""first_arm"":""lsf"",""native_group"":1,""lsf_group"":0,""native"":""3"",""lsf"":""7"",""lsf_minus_native"":""4"",""percent_of_native"":""133.333333""},{""pair"":1,""first_arm"":""native"",""native_group"":4,""lsf_group"":5,""native"":""3"",""lsf"":""7"",""lsf_minus_native"":""4"",""percent_of_native"":""133.333333""},{""pair"":2,""first_arm"":""native"",""native_group"":2,""lsf_group"":3,""native"":""3"",""lsf"":""7"",""lsf_minus_native"":""4"",""percent_of_native"":""133.333333""},{""pair"":3,""first_arm"":""native"",""native_group"":0,""lsf_group"":1,""native"":""3"",""lsf"":""7"",""lsf_minus_native"":""4"",""percent_of_native"":""133.333333""},{""pair"":4,""first_arm"":""lsf"",""native_group"":5,""lsf_group"":4,""native"":""3"",""lsf"":""7"",""lsf_minus_native"":""4"",""percent_of_native"":""133.333333""},{""pair"":5,""first_arm"":""lsf"",""native_group"":3,""lsf_group"":2,""native"":""3"",""lsf"":""7"",""lsf_minus_native"":""4"",""percent_of_native"":""133.333333""},{""pair"":6,""first_arm"":""lsf"",""native_group"":1,""lsf_group"":0,""native"":""3"",""lsf"":""7"",""lsf_minus_native"":""4"",""percent_of_native"":""133.333333""}]",7,7,0,"{""count"":""7"",""minimum"":""3"",""median"":""3"",""maximum"":""3"",""median_absolute_deviation"":""0""}","{""count"":""7"",""minimum"":""7"",""median"":""7"",""maximum"":""7"",""median_absolute_deviation"":""0""}","{""count"":""7"",""minimum"":""4"",""median"":""4"",""maximum"":""4"",""median_absolute_deviation"":""0""}",0,0,7,"{""lsf"":{""pair_count"":4,""available_pairs"":4,""unavailable_pairs"":0,""native"":{""count"":""4"",""minimum"":""3"",""median"":""3"",""maximum"":""3"",""median_absolute_deviation"":""0""},""lsf"":{""count"":""4"",""minimum"":""7"",""median"":""7"",""maximum"":""7"",""median_absolute_deviation"":""0""},""paired_difference"":{""count"":""4"",""minimum"":""4"",""median"":""4"",""maximum"":""4"",""median_absolute_deviation"":""0""},""lower"":0,""equal"":0,""higher"":4},""native"":{""pair_count"":3,""available_pairs"":3,""unavailable_pairs"":0,""native"":{""count"":""3"",""minimum"":""3"",""median"":""3"",""maximum"":""3"",""median_absolute_deviation"":""0""},""lsf"":{""count"":""3"",""minimum"":""7"",""median"":""7"",""maximum"":""7"",""median_absolute_deviation"":""0""},""paired_difference"":{""count"":""3"",""minimum"":""4"",""median"":""4"",""maximum"":""4"",""median_absolute_deviation"":""0""},""lower"":0,""equal"":0,""higher"":3}}"
1,final,before,child.fd_count,count,"[{""pair"":0,""first_arm"":""lsf"",""native_group"":1,""lsf_group"":0,""native"":""11"",""lsf"":""18"",""lsf_minus_native"":""7"",""percent_of_native"":""63.636364""},{""pair"":1,""first_arm"":""native"",""native_group"":4,""lsf_group"":5,""native"":""11"",""lsf"":""18"",""lsf_minus_native"":""7"",""percent_of_native"":""63.636364""},{""pair"":2,""first_arm"":""native"",""native_group"":2,""lsf_group"":3,""native"":""11"",""lsf"":""18"",""lsf_minus_native"":""7"",""percent_of_native"":""63.636364""},{""pair"":3,""first_arm"":""native"",""native_group"":0,""lsf_group"":1,""native"":""11"",""lsf"":""18"",""lsf_minus_native"":""7"",""percent_of_native"":""63.636364""},{""pair"":4,""first_arm"":""lsf"",""native_group"":5,""lsf_group"":4,""native"":""11"",""lsf"":""18"",""lsf_minus_native"":""7"",""percent_of_native"":""63.636364""},{""pair"":5,""first_arm"":""lsf"",""native_group"":3,""lsf_group"":2,""native"":""11"",""lsf"":""18"",""lsf_minus_native"":""7"",""percent_of_native"":""63.636364""},{""pair"":6,""first_arm"":""lsf"",""native_group"":1,""lsf_group"":0,""native"":""11"",""lsf"":""18"",""lsf_minus_native"":""7"",""percent_of_native"":""63.636364""}]",7,7,0,"{""count"":""7"",""minimum"":""11"",""median"":""11"",""maximum"":""11"",""median_absolute_deviation"":""0""}","{""count"":""7"",""minimum"":""18"",""median"":""18"",""maximum"":""18"",""median_absolute_deviation"":""0""}","{""count"":""7"",""minimum"":""7"",""median"":""7"",""maximum"":""7"",""median_absolute_deviation"":""0""}",0,0,7,"{""lsf"":{""pair_count"":4,""available_pairs"":4,""unavailable_pairs"":0,""native"":{""count"":""4"",""minimum"":""11"",""median"":""11"",""maximum"":""11"",""median_absolute_deviation"":""0""},""lsf"":{""count"":""4"",""minimum"":""18"",""median"":""18"",""maximum"":""18"",""median_absolute_deviation"":""0""},""paired_difference"":{""count"":""4"",""minimum"":""7"",""median"":""7"",""maximum"":""7"",""median_absolute_deviation"":""0""},""lower"":0,""equal"":0,""higher"":4},""native"":{""pair_count"":3,""available_pairs"":3,""unavailable_pairs"":0,""native"":{""count"":""3"",""minimum"":""11"",""median"":""11"",""maximum"":""11"",""median_absolute_deviation"":""0""},""lsf"":{""count"":""3"",""minimum"":""18"",""median"":""18"",""maximum"":""18"",""median_absolute_deviation"":""0""},""paired_difference"":{""count"":""3"",""minimum"":""7"",""median"":""7"",""maximum"":""7"",""median_absolute_deviation"":""0""},""lower"":0,""equal"":0,""higher"":3}}"
1,final,before,child.listener_count,count,"[{""pair"":0,""first_arm"":""lsf"",""native_group"":1,""lsf_group"":0,""native"":""1"",""lsf"":""1"",""lsf_minus_native"":""0"",""percent_of_native"":""0""},{""pair"":1,""first_arm"":""native"",""native_group"":4,""lsf_group"":5,""native"":""1"",""lsf"":""1"",""lsf_minus_native"":""0"",""percent_of_native"":""0""},{""pair"":2,""first_arm"":""native"",""native_group"":2,""lsf_group"":3,""native"":""1"",""lsf"":""1"",""lsf_minus_native"":""0"",""percent_of_native"":""0""},{""pair"":3,""first_arm"":""native"",""native_group"":0,""lsf_group"":1,""native"":""1"",""lsf"":""1"",""lsf_minus_native"":""0"",""percent_of_native"":""0""},{""pair"":4,""first_arm"":""lsf"",""native_group"":5,""lsf_group"":4,""native"":""1"",""lsf"":""1"",""lsf_minus_native"":""0"",""percent_of_native"":""0""},{""pair"":5,""first_arm"":""lsf"",""native_group"":3,""lsf_group"":2,""native"":""1"",""lsf"":""1"",""lsf_minus_native"":""0"",""percent_of_native"":""0""},{""pair"":6,""first_arm"":""lsf"",""native_group"":1,""lsf_group"":0,""native"":""1"",""lsf"":""1"",""lsf_minus_native"":""0"",""percent_of_native"":""0""}]",7,7,0,"{""count"":""7"",""minimum"":""1"",""median"":""1"",""maximum"":""1"",""median_absolute_deviation"":""0""}","{""count"":""7"",""minimum"":""1"",""median"":""1"",""maximum"":""1"",""median_absolute_deviation"":""0""}","{""count"":""7"",""minimum"":""0"",""median"":""0"",""maximum"":""0"",""median_absolute_deviation"":""0""}",0,7,0,"{""lsf"":{""pair_count"":4,""available_pairs"":4,""unavailable_pairs"":0,""native"":{""count"":""4"",""minimum"":""1"",""median"":""1"",""maximum"":""1"",""median_absolute_deviation"":""0""},""lsf"":{""count"":""4"",""minimum"":""1"",""median"":""1"",""maximum"":""1"",""median_absolute_deviation"":""0""},""paired_difference"":{""count"":""4"",""minimum"":""0"",""median"":""0"",""maximum"":""0"",""median_absolute_deviation"":""0""},""lower"":0,""equal"":4,""higher"":0},""native"":{""pair_count"":3,""available_pairs"":3,""unavailable_pairs"":0,""native"":{""count"":""3"",""minimum"":""1"",""median"":""1"",""maximum"":""1"",""median_absolute_deviation"":""0""},""lsf"":{""count"":""3"",""minimum"":""1"",""median"":""1"",""maximum"":""1"",""median_absolute_deviation"":""0""},""paired_difference"":{""count"":""3"",""minimum"":""0"",""median"":""0"",""maximum"":""0"",""median_absolute_deviation"":""0""},""lower"":0,""equal"":3,""higher"":0}}"
1,final,before,wrapper.rss_bytes,bytes,"[{""pair"":0,""first_arm"":""lsf"",""native_group"":1,""lsf_group"":0,""native"":""3932160"",""lsf"":""3932160"",""lsf_minus_native"":""0"",""percent_of_native"":""0""},{""pair"":1,""first_arm"":""native"",""native_group"":4,""lsf_group"":5,""native"":""3670016"",""lsf"":""3932160"",""lsf_minus_native"":""262144"",""percent_of_native"":""7.142857""},{""pair"":2,""first_arm"":""native"",""native_group"":2,""lsf_group"":3,""native"":""3932160"",""lsf"":""3932160"",""lsf_minus_native"":""0"",""percent_of_native"":""0""},{""pair"":3,""first_arm"":""native"",""native_group"":0,""lsf_group"":1,""native"":""3932160"",""lsf"":""3670016"",""lsf_minus_native"":""-262144"",""percent_of_native"":""-6.666667""},{""pair"":4,""first_arm"":""lsf"",""native_group"":5,""lsf_group"":4,""native"":""3801088"",""lsf"":""3801088"",""lsf_minus_native"":""0"",""percent_of_native"":""0""},{""pair"":5,""first_arm"":""lsf"",""native_group"":3,""lsf_group"":2,""native"":""3670016"",""lsf"":""3932160"",""lsf_minus_native"":""262144"",""percent_of_native"":""7.142857""},{""pair"":6,""first_arm"":""lsf"",""native_group"":1,""lsf_group"":0,""native"":""3932160"",""lsf"":""3801088"",""lsf_minus_native"":""-131072"",""percent_of_native"":""-3.333333""}]",7,7,0,"{""count"":""7"",""minimum"":""3670016"",""median"":""3932160"",""maximum"":""3932160"",""median_absolute_deviation"":""0""}","{""count"":""7"",""minimum"":""3670016"",""median"":""3932160"",""maximum"":""3932160"",""median_absolute_deviation"":""0""}","{""count"":""7"",""minimum"":""-262144"",""median"":""0"",""maximum"":""262144"",""median_absolute_deviation"":""131072""}",2,3,2,"{""lsf"":{""pair_count"":4,""available_pairs"":4,""unavailable_pairs"":0,""native"":{""count"":""4"",""minimum"":""3670016"",""median"":""3866624"",""maximum"":""3932160"",""median_absolute_deviation"":""65536""},""lsf"":{""count"":""4"",""minimum"":""3801088"",""median"":""3866624"",""maximum"":""3932160"",""median_absolute_deviation"":""65536""},""paired_difference"":{""count"":""4"",""minimum"":""-131072"",""median"":""0"",""maximum"":""262144"",""median_absolute_deviation"":""65536""},""lower"":1,""equal"":2,""higher"":1},""native"":{""pair_count"":3,""available_pairs"":3,""unavailable_pairs"":0,""native"":{""count"":""3"",""minimum"":""3670016"",""median"":""3932160"",""maximum"":""3932160"",""median_absolute_deviation"":""0""},""lsf"":{""count"":""3"",""minimum"":""3670016"",""median"":""3932160"",""maximum"":""3932160"",""median_absolute_deviation"":""0""},""paired_difference"":{""count"":""3"",""minimum"":""-262144"",""median"":""0"",""maximum"":""262144"",""median_absolute_deviation"":""262144""},""lower"":1,""equal"":1,""higher"":1}}"
1,final,before,wrapper.threads,count,"[{""pair"":0,""first_arm"":""lsf"",""native_group"":1,""lsf_group"":0,""native"":""3"",""lsf"":""3"",""lsf_minus_native"":""0"",""percent_of_native"":""0""},{""pair"":1,""first_arm"":""native"",""native_group"":4,""lsf_group"":5,""native"":""3"",""lsf"":""3"",""lsf_minus_native"":""0"",""percent_of_native"":""0""},{""pair"":2,""first_arm"":""native"",""native_group"":2,""lsf_group"":3,""native"":""3"",""lsf"":""3"",""lsf_minus_native"":""0"",""percent_of_native"":""0""},{""pair"":3,""first_arm"":""native"",""native_group"":0,""lsf_group"":1,""native"":""3"",""lsf"":""3"",""lsf_minus_native"":""0"",""percent_of_native"":""0""},{""pair"":4,""first_arm"":""lsf"",""native_group"":5,""lsf_group"":4,""native"":""3"",""lsf"":""3"",""lsf_minus_native"":""0"",""percent_of_native"":""0""},{""pair"":5,""first_arm"":""lsf"",""native_group"":3,""lsf_group"":2,""native"":""3"",""lsf"":""3"",""lsf_minus_native"":""0"",""percent_of_native"":""0""},{""pair"":6,""first_arm"":""lsf"",""native_group"":1,""lsf_group"":0,""native"":""3"",""lsf"":""3"",""lsf_minus_native"":""0"",""percent_of_native"":""0""}]",7,7,0,"{""count"":""7"",""minimum"":""3"",""median"":""3"",""maximum"":""3"",""median_absolute_deviation"":""0""}","{""count"":""7"",""minimum"":""3"",""median"":""3"",""maximum"":""3"",""median_absolute_deviation"":""0""}","{""count"":""7"",""minimum"":""0"",""median"":""0"",""maximum"":""0"",""median_absolute_deviation"":""0""}",0,7,0,"{""lsf"":{""pair_count"":4,""available_pairs"":4,""unavailable_pairs"":0,""native"":{""count"":""4"",""minimum"":""3"",""median"":""3"",""maximum"":""3"",""median_absolute_deviation"":""0""},""lsf"":{""count"":""4"",""minimum"":""3"",""median"":""3"",""maximum"":""3"",""median_absolute_deviation"":""0""},""paired_difference"":{""count"":""4"",""minimum"":""0"",""median"":""0"",""maximum"":""0"",""median_absolute_deviation"":""0""},""lower"":0,""equal"":4,""higher"":0},""native"":{""pair_count"":3,""available_pairs"":3,""unavailable_pairs"":0,""native"":{""count"":""3"",""minimum"":""3"",""median"":""3"",""maximum"":""3"",""median_absolute_deviation"":""0""},""lsf"":{""count"":""3"",""minimum"":""3"",""median"":""3"",""maximum"":""3"",""median_absolute_deviation"":""0""},""paired_difference"":{""count"":""3"",""minimum"":""0"",""median"":""0"",""maximum"":""0"",""median_absolute_deviation"":""0""},""lower"":0,""equal"":3,""higher"":0}}"
1,final,before,wrapper.fd_count,count,"[{""pair"":0,""first_arm"":""lsf"",""native_group"":1,""lsf_group"":0,""native"":""19"",""lsf"":""19"",""lsf_minus_native"":""0"",""percent_of_native"":""0""},{""pair"":1,""first_arm"":""native"",""native_group"":4,""lsf_group"":5,""native"":""19"",""lsf"":""19"",""lsf_minus_native"":""0"",""percent_of_native"":""0""},{""pair"":2,""first_arm"":""native"",""native_group"":2,""lsf_group"":3,""native"":""19"",""lsf"":""19"",""lsf_minus_native"":""0"",""percent_of_native"":""0""},{""pair"":3,""first_arm"":""native"",""native_group"":0,""lsf_group"":1,""native"":""19"",""lsf"":""19"",""lsf_minus_native"":""0"",""percent_of_native"":""0""},{""pair"":4,""first_arm"":""lsf"",""native_group"":5,""lsf_group"":4,""native"":""19"",""lsf"":""19"",""lsf_minus_native"":""0"",""percent_of_native"":""0""},{""pair"":5,""first_arm"":""lsf"",""native_group"":3,""lsf_group"":2,""native"":""19"",""lsf"":""19"",""lsf_minus_native"":""0"",""percent_of_native"":""0""},{""pair"":6,""first_arm"":""lsf"",""native_group"":1,""lsf_group"":0,""native"":""19"",""lsf"":""19"",""lsf_minus_native"":""0"",""percent_of_native"":""0""}]",7,7,0,"{""count"":""7"",""minimum"":""19"",""median"":""19"",""maximum"":""19"",""median_absolute_deviation"":""0""}","{""count"":""7"",""minimum"":""19"",""median"":""19"",""maximum"":""19"",""median_absolute_deviation"":""0""}","{""count"":""7"",""minimum"":""0"",""median"":""0"",""maximum"":""0"",""median_absolute_deviation"":""0""}",0,7,0,"{""lsf"":{""pair_count"":4,""available_pairs"":4,""unavailable_pairs"":0,""native"":{""count"":""4"",""minimum"":""19"",""median"":""19"",""maximum"":""19"",""median_absolute_deviation"":""0""},""lsf"":{""count"":""4"",""minimum"":""19"",""median"":""19"",""maximum"":""19"",""median_absolute_deviation"":""0""},""paired_difference"":{""count"":""4"",""minimum"":""0"",""median"":""0"",""maximum"":""0"",""median_absolute_deviation"":""0""},""lower"":0,""equal"":4,""higher"":0},""native"":{""pair_count"":3,""available_pairs"":3,""unavailable_pairs"":0,""native"":{""count"":""3"",""minimum"":""19"",""median"":""19"",""maximum"":""19"",""median_absolute_deviation"":""0""},""lsf"":{""count"":""3"",""minimum"":""19"",""median"":""19"",""maximum"":""19"",""median_absolute_deviation"":""0""},""paired_difference"":{""count"":""3"",""minimum"":""0"",""median"":""0"",""maximum"":""0"",""median_absolute_deviation"":""0""},""lower"":0,""equal"":3,""higher"":0}}"
1,final,before,wrapper.listener_count,count,"[{""pair"":0,""first_arm"":""lsf"",""native_group"":1,""lsf_group"":0,""native"":""1"",""lsf"":""1"",""lsf_minus_native"":""0"",""percent_of_native"":""0""},{""pair"":1,""first_arm"":""native"",""native_group"":4,""lsf_group"":5,""native"":""1"",""lsf"":""1"",""lsf_minus_native"":""0"",""percent_of_native"":""0""},{""pair"":2,""first_arm"":""native"",""native_group"":2,""lsf_group"":3,""native"":""1"",""lsf"":""1"",""lsf_minus_native"":""0"",""percent_of_native"":""0""},{""pair"":3,""first_arm"":""native"",""native_group"":0,""lsf_group"":1,""native"":""1"",""lsf"":""1"",""lsf_minus_native"":""0"",""percent_of_native"":""0""},{""pair"":4,""first_arm"":""lsf"",""native_group"":5,""lsf_group"":4,""native"":""1"",""lsf"":""1"",""lsf_minus_native"":""0"",""percent_of_native"":""0""},{""pair"":5,""first_arm"":""lsf"",""native_group"":3,""lsf_group"":2,""native"":""1"",""lsf"":""1"",""lsf_minus_native"":""0"",""percent_of_native"":""0""},{""pair"":6,""first_arm"":""lsf"",""native_group"":1,""lsf_group"":0,""native"":""1"",""lsf"":""1"",""lsf_minus_native"":""0"",""percent_of_native"":""0""}]",7,7,0,"{""count"":""7"",""minimum"":""1"",""median"":""1"",""maximum"":""1"",""median_absolute_deviation"":""0""}","{""count"":""7"",""minimum"":""1"",""median"":""1"",""maximum"":""1"",""median_absolute_deviation"":""0""}","{""count"":""7"",""minimum"":""0"",""median"":""0"",""maximum"":""0"",""median_absolute_deviation"":""0""}",0,7,0,"{""lsf"":{""pair_count"":4,""available_pairs"":4,""unavailable_pairs"":0,""native"":{""count"":""4"",""minimum"":""1"",""median"":""1"",""maximum"":""1"",""median_absolute_deviation"":""0""},""lsf"":{""count"":""4"",""minimum"":""1"",""median"":""1"",""maximum"":""1"",""median_absolute_deviation"":""0""},""paired_difference"":{""count"":""4"",""minimum"":""0"",""median"":""0"",""maximum"":""0"",""median_absolute_deviation"":""0""},""lower"":0,""equal"":4,""higher"":0},""native"":{""pair_count"":3,""available_pairs"":3,""unavailable_pairs"":0,""native"":{""count"":""3"",""minimum"":""1"",""median"":""1"",""maximum"":""1"",""median_absolute_deviation"":""0""},""lsf"":{""count"":""3"",""minimum"":""1"",""median"":""1"",""maximum"":""1"",""median_absolute_deviation"":""0""},""paired_difference"":{""count"":""3"",""minimum"":""0"",""median"":""0"",""maximum"":""0"",""median_absolute_deviation"":""0""},""lower"":0,""equal"":3,""higher"":0}}"
1,final,before,cgroup.memory_current_bytes,bytes,"[{""pair"":0,""first_arm"":""lsf"",""native_group"":1,""lsf_group"":0,""native"":""1990656"",""lsf"":""8474624"",""lsf_minus_native"":""6483968"",""percent_of_native"":""325.720165""},{""pair"":1,""first_arm"":""native"",""native_group"":4,""lsf_group"":5,""native"":""2002944"",""lsf"":""8552448"",""lsf_minus_native"":""6549504"",""percent_of_native"":""326.993865""},{""pair"":2,""first_arm"":""native"",""native_group"":2,""lsf_group"":3,""native"":""2019328"",""lsf"":""8548352"",""lsf_minus_native"":""6529024"",""percent_of_native"":""323.326572""},{""pair"":3,""first_arm"":""native"",""native_group"":0,""lsf_group"":1,""native"":""2019328"",""lsf"":""8503296"",""lsf_minus_native"":""6483968"",""percent_of_native"":""321.095335""},{""pair"":4,""first_arm"":""lsf"",""native_group"":5,""lsf_group"":4,""native"":""1998848"",""lsf"":""8785920"",""lsf_minus_native"":""6787072"",""percent_of_native"":""339.54918""},{""pair"":5,""first_arm"":""lsf"",""native_group"":3,""lsf_group"":2,""native"":""1974272"",""lsf"":""8441856"",""lsf_minus_native"":""6467584"",""percent_of_native"":""327.593361""},{""pair"":6,""first_arm"":""lsf"",""native_group"":1,""lsf_group"":0,""native"":""2252800"",""lsf"":""8568832"",""lsf_minus_native"":""6316032"",""percent_of_native"":""280.363636""}]",7,7,0,"{""count"":""7"",""minimum"":""1974272"",""median"":""2002944"",""maximum"":""2252800"",""median_absolute_deviation"":""16384""}","{""count"":""7"",""minimum"":""8441856"",""median"":""8548352"",""maximum"":""8785920"",""median_absolute_deviation"":""45056""}","{""count"":""7"",""minimum"":""6316032"",""median"":""6483968"",""maximum"":""6787072"",""median_absolute_deviation"":""45056""}",0,0,7,"{""lsf"":{""pair_count"":4,""available_pairs"":4,""unavailable_pairs"":0,""native"":{""count"":""4"",""minimum"":""1974272"",""median"":""1994752"",""maximum"":""2252800"",""median_absolute_deviation"":""12288""},""lsf"":{""count"":""4"",""minimum"":""8441856"",""median"":""8521728"",""maximum"":""8785920"",""median_absolute_deviation"":""63488""},""paired_difference"":{""count"":""4"",""minimum"":""6316032"",""median"":""6475776"",""maximum"":""6787072"",""median_absolute_deviation"":""83968""},""lower"":0,""equal"":0,""higher"":4},""native"":{""pair_count"":3,""available_pairs"":3,""unavailable_pairs"":0,""native"":{""count"":""3"",""minimum"":""2002944"",""median"":""2019328"",""maximum"":""2019328"",""median_absolute_deviation"":""0""},""lsf"":{""count"":""3"",""minimum"":""8503296"",""median"":""8548352"",""maximum"":""8552448"",""median_absolute_deviation"":""4096""},""paired_difference"":{""count"":""3"",""minimum"":""6483968"",""median"":""6529024"",""maximum"":""6549504"",""median_absolute_deviation"":""20480""},""lower"":0,""equal"":0,""higher"":3}}"
1,final,before,cgroup.sum_leaf_lifetime_memory_peak_bytes,bytes,"[{""pair"":0,""first_arm"":""lsf"",""native_group"":1,""lsf_group"":0,""native"":""6516736"",""lsf"":""11161600"",""lsf_minus_native"":""4644864"",""percent_of_native"":""71.275927""},{""pair"":1,""first_arm"":""native"",""native_group"":4,""lsf_group"":5,""native"":""5984256"",""lsf"":""10543104"",""lsf_minus_native"":""4558848"",""percent_of_native"":""76.180698""},{""pair"":2,""first_arm"":""native"",""native_group"":2,""lsf_group"":3,""native"":""6053888"",""lsf"":""10936320"",""lsf_minus_native"":""4882432"",""percent_of_native"":""80.649526""},{""pair"":3,""first_arm"":""native"",""native_group"":0,""lsf_group"":1,""native"":""6103040"",""lsf"":""10813440"",""lsf_minus_native"":""4710400"",""percent_of_native"":""77.181208""},{""pair"":4,""first_arm"":""lsf"",""native_group"":5,""lsf_group"":4,""native"":""5922816"",""lsf"":""10661888"",""lsf_minus_native"":""4739072"",""percent_of_native"":""80.013831""},{""pair"":5,""first_arm"":""lsf"",""native_group"":3,""lsf_group"":2,""native"":""6426624"",""lsf"":""11059200"",""lsf_minus_native"":""4632576"",""percent_of_native"":""72.08413""},{""pair"":6,""first_arm"":""lsf"",""native_group"":1,""lsf_group"":0,""native"":""6025216"",""lsf"":""11120640"",""lsf_minus_native"":""5095424"",""percent_of_native"":""84.568321""}]",7,7,0,"{""count"":""7"",""minimum"":""5922816"",""median"":""6053888"",""maximum"":""6516736"",""median_absolute_deviation"":""69632""}","{""count"":""7"",""minimum"":""10543104"",""median"":""10936320"",""maximum"":""11161600"",""median_absolute_deviation"":""184320""}","{""count"":""7"",""minimum"":""4558848"",""median"":""4710400"",""maximum"":""5095424"",""median_absolute_deviation"":""77824""}",0,0,7,"{""lsf"":{""pair_count"":4,""available_pairs"":4,""unavailable_pairs"":0,""native"":{""count"":""4"",""minimum"":""5922816"",""median"":""6225920"",""maximum"":""6516736"",""median_absolute_deviation"":""245760""},""lsf"":{""count"":""4"",""minimum"":""10661888"",""median"":""11089920"",""maximum"":""11161600"",""median_absolute_deviation"":""51200""},""paired_difference"":{""count"":""4"",""minimum"":""4632576"",""median"":""4691968"",""maximum"":""5095424"",""median_absolute_deviation"":""53248""},""lower"":0,""equal"":0,""higher"":4},""native"":{""pair_count"":3,""available_pairs"":3,""unavailable_pairs"":0,""native"":{""count"":""3"",""minimum"":""5984256"",""median"":""6053888"",""maximum"":""6103040"",""median_absolute_deviation"":""49152""},""lsf"":{""count"":""3"",""minimum"":""10543104"",""median"":""10813440"",""maximum"":""10936320"",""median_absolute_deviation"":""122880""},""paired_difference"":{""count"":""3"",""minimum"":""4558848"",""median"":""4710400"",""maximum"":""4882432"",""median_absolute_deviation"":""151552""},""lower"":0,""equal"":0,""higher"":3}}"
1,final,before,cgroup.memory_swap_current_bytes,bytes,"[{""pair"":0,""first_arm"":""lsf"",""native_group"":1,""lsf_group"":0,""native"":""0"",""lsf"":""0"",""lsf_minus_native"":""0"",""percent_of_native"":null},{""pair"":1,""first_arm"":""native"",""native_group"":4,""lsf_group"":5,""native"":""0"",""lsf"":""0"",""lsf_minus_native"":""0"",""percent_of_native"":null},{""pair"":2,""first_arm"":""native"",""native_group"":2,""lsf_group"":3,""native"":""0"",""lsf"":""0"",""lsf_minus_native"":""0"",""percent_of_native"":null},{""pair"":3,""first_arm"":""native"",""native_group"":0,""lsf_group"":1,""native"":""0"",""lsf"":""0"",""lsf_minus_native"":""0"",""percent_of_native"":null},{""pair"":4,""first_arm"":""lsf"",""native_group"":5,""lsf_group"":4,""native"":""0"",""lsf"":""0"",""lsf_minus_native"":""0"",""percent_of_native"":null},{""pair"":5,""first_arm"":""lsf"",""native_group"":3,""lsf_group"":2,""native"":""0"",""lsf"":""0"",""lsf_minus_native"":""0"",""percent_of_native"":null},{""pair"":6,""first_arm"":""lsf"",""native_group"":1,""lsf_group"":0,""native"":""0"",""lsf"":""0"",""lsf_minus_native"":""0"",""percent_of_native"":null}]",7,7,0,"{""count"":""7"",""minimum"":""0"",""median"":""0"",""maximum"":""0"",""median_absolute_deviation"":""0""}","{""count"":""7"",""minimum"":""0"",""median"":""0"",""maximum"":""0"",""median_absolute_deviation"":""0""}","{""count"":""7"",""minimum"":""0"",""median"":""0"",""maximum"":""0"",""median_absolute_deviation"":""0""}",0,7,0,"{""lsf"":{""pair_count"":4,""available_pairs"":4,""unavailable_pairs"":0,""native"":{""count"":""4"",""minimum"":""0"",""median"":""0"",""maximum"":""0"",""median_absolute_deviation"":""0""},""lsf"":{""count"":""4"",""minimum"":""0"",""median"":""0"",""maximum"":""0"",""median_absolute_deviation"":""0""},""paired_difference"":{""count"":""4"",""minimum"":""0"",""median"":""0"",""maximum"":""0"",""median_absolute_deviation"":""0""},""lower"":0,""equal"":4,""higher"":0},""native"":{""pair_count"":3,""available_pairs"":3,""unavailable_pairs"":0,""native"":{""count"":""3"",""minimum"":""0"",""median"":""0"",""maximum"":""0"",""median_absolute_deviation"":""0""},""lsf"":{""count"":""3"",""minimum"":""0"",""median"":""0"",""maximum"":""0"",""median_absolute_deviation"":""0""},""paired_difference"":{""count"":""3"",""minimum"":""0"",""median"":""0"",""maximum"":""0"",""median_absolute_deviation"":""0""},""lower"":0,""equal"":3,""higher"":0}}"
1,final,before,cgroup.pids_current,count,"[{""pair"":0,""first_arm"":""lsf"",""native_group"":1,""lsf_group"":0,""native"":""6"",""lsf"":""10"",""lsf_minus_native"":""4"",""percent_of_native"":""66.666667""},{""pair"":1,""first_arm"":""native"",""native_group"":4,""lsf_group"":5,""native"":""6"",""lsf"":""10"",""lsf_minus_native"":""4"",""percent_of_native"":""66.666667""},{""pair"":2,""first_arm"":""native"",""native_group"":2,""lsf_group"":3,""native"":""6"",""lsf"":""10"",""lsf_minus_native"":""4"",""percent_of_native"":""66.666667""},{""pair"":3,""first_arm"":""native"",""native_group"":0,""lsf_group"":1,""native"":""6"",""lsf"":""10"",""lsf_minus_native"":""4"",""percent_of_native"":""66.666667""},{""pair"":4,""first_arm"":""lsf"",""native_group"":5,""lsf_group"":4,""native"":""6"",""lsf"":""10"",""lsf_minus_native"":""4"",""percent_of_native"":""66.666667""},{""pair"":5,""first_arm"":""lsf"",""native_group"":3,""lsf_group"":2,""native"":""6"",""lsf"":""10"",""lsf_minus_native"":""4"",""percent_of_native"":""66.666667""},{""pair"":6,""first_arm"":""lsf"",""native_group"":1,""lsf_group"":0,""native"":""6"",""lsf"":""10"",""lsf_minus_native"":""4"",""percent_of_native"":""66.666667""}]",7,7,0,"{""count"":""7"",""minimum"":""6"",""median"":""6"",""maximum"":""6"",""median_absolute_deviation"":""0""}","{""count"":""7"",""minimum"":""10"",""median"":""10"",""maximum"":""10"",""median_absolute_deviation"":""0""}","{""count"":""7"",""minimum"":""4"",""median"":""4"",""maximum"":""4"",""median_absolute_deviation"":""0""}",0,0,7,"{""lsf"":{""pair_count"":4,""available_pairs"":4,""unavailable_pairs"":0,""native"":{""count"":""4"",""minimum"":""6"",""median"":""6"",""maximum"":""6"",""median_absolute_deviation"":""0""},""lsf"":{""count"":""4"",""minimum"":""10"",""median"":""10"",""maximum"":""10"",""median_absolute_deviation"":""0""},""paired_difference"":{""count"":""4"",""minimum"":""4"",""median"":""4"",""maximum"":""4"",""median_absolute_deviation"":""0""},""lower"":0,""equal"":0,""higher"":4},""native"":{""pair_count"":3,""available_pairs"":3,""unavailable_pairs"":0,""native"":{""count"":""3"",""minimum"":""6"",""median"":""6"",""maximum"":""6"",""median_absolute_deviation"":""0""},""lsf"":{""count"":""3"",""minimum"":""10"",""median"":""10"",""maximum"":""10"",""median_absolute_deviation"":""0""},""paired_difference"":{""count"":""3"",""minimum"":""4"",""median"":""4"",""maximum"":""4"",""median_absolute_deviation"":""0""},""lower"":0,""equal"":0,""higher"":3}}"
1,final,before,cgroup.cpu.usage_usec,us,"[{""pair"":0,""first_arm"":""lsf"",""native_group"":1,""lsf_group"":0,""native"":""169264"",""lsf"":""378851"",""lsf_minus_native"":""209587"",""percent_of_native"":""123.822549""},{""pair"":1,""first_arm"":""native"",""native_group"":4,""lsf_group"":5,""native"":""156376"",""lsf"":""402581"",""lsf_minus_native"":""246205"",""percent_of_native"":""157.444237""},{""pair"":2,""first_arm"":""native"",""native_group"":2,""lsf_group"":3,""native"":""162386"",""lsf"":""381231"",""lsf_minus_native"":""218845"",""percent_of_native"":""134.768391""},{""pair"":3,""first_arm"":""native"",""native_group"":0,""lsf_group"":1,""native"":""166891"",""lsf"":""390062"",""lsf_minus_native"":""223171"",""percent_of_native"":""133.722609""},{""pair"":4,""first_arm"":""lsf"",""native_group"":5,""lsf_group"":4,""native"":""154397"",""lsf"":""376031"",""lsf_minus_native"":""221634"",""percent_of_native"":""143.548126""},{""pair"":5,""first_arm"":""lsf"",""native_group"":3,""lsf_group"":2,""native"":""157992"",""lsf"":""392772"",""lsf_minus_native"":""234780"",""percent_of_native"":""148.602461""},{""pair"":6,""first_arm"":""lsf"",""native_group"":1,""lsf_group"":0,""native"":""168971"",""lsf"":""417287"",""lsf_minus_native"":""248316"",""percent_of_native"":""146.957762""}]",7,7,0,"{""count"":""7"",""minimum"":""154397"",""median"":""162386"",""maximum"":""169264"",""median_absolute_deviation"":""6010""}","{""count"":""7"",""minimum"":""376031"",""median"":""390062"",""maximum"":""417287"",""median_absolute_deviation"":""11211""}","{""count"":""7"",""minimum"":""209587"",""median"":""223171"",""maximum"":""248316"",""median_absolute_deviation"":""11609""}",0,0,7,"{""lsf"":{""pair_count"":4,""available_pairs"":4,""unavailable_pairs"":0,""native"":{""count"":""4"",""minimum"":""154397"",""median"":""163481.5"",""maximum"":""169264"",""median_absolute_deviation"":""5636""},""lsf"":{""count"":""4"",""minimum"":""376031"",""median"":""385811.5"",""maximum"":""417287"",""median_absolute_deviation"":""8370.5""},""paired_difference"":{""count"":""4"",""minimum"":""209587"",""median"":""228207"",""maximum"":""248316"",""median_absolute_deviation"":""12596.5""},""lower"":0,""equal"":0,""higher"":4},""native"":{""pair_count"":3,""available_pairs"":3,""unavailable_pairs"":0,""native"":{""count"":""3"",""minimum"":""156376"",""median"":""162386"",""maximum"":""166891"",""median_absolute_deviation"":""4505""},""lsf"":{""count"":""3"",""minimum"":""381231"",""median"":""390062"",""maximum"":""402581"",""median_absolute_deviation"":""8831""},""paired_difference"":{""count"":""3"",""minimum"":""218845"",""median"":""223171"",""maximum"":""246205"",""median_absolute_deviation"":""4326""},""lower"":0,""equal"":0,""higher"":3}}"
1,final,before,cgroup.cpu.user_usec,us,"[{""pair"":0,""first_arm"":""lsf"",""native_group"":1,""lsf_group"":0,""native"":""30380"",""lsf"":""218251"",""lsf_minus_native"":""187871"",""percent_of_native"":""618.403555""},{""pair"":1,""first_arm"":""native"",""native_group"":4,""lsf_group"":5,""native"":""42648"",""lsf"":""232210"",""lsf_minus_native"":""189562"",""percent_of_native"":""444.480398""},{""pair"":2,""first_arm"":""native"",""native_group"":2,""lsf_group"":3,""native"":""36085"",""lsf"":""203046"",""lsf_minus_native"":""166961"",""percent_of_native"":""462.688098""},{""pair"":3,""first_arm"":""native"",""native_group"":0,""lsf_group"":1,""native"":""23287"",""lsf"":""199463"",""lsf_minus_native"":""176176"",""percent_of_native"":""756.542277""},{""pair"":4,""first_arm"":""lsf"",""native_group"":5,""lsf_group"":4,""native"":""34310"",""lsf"":""194353"",""lsf_minus_native"":""160043"",""percent_of_native"":""466.461673""},{""pair"":5,""first_arm"":""lsf"",""native_group"":3,""lsf_group"":2,""native"":""39498"",""lsf"":""214239"",""lsf_minus_native"":""174741"",""percent_of_native"":""442.404679""},{""pair"":6,""first_arm"":""lsf"",""native_group"":1,""lsf_group"":0,""native"":""22169"",""lsf"":""204470"",""lsf_minus_native"":""182301"",""percent_of_native"":""822.323966""}]",7,7,0,"{""count"":""7"",""minimum"":""22169"",""median"":""34310"",""maximum"":""42648"",""median_absolute_deviation"":""5188""}","{""count"":""7"",""minimum"":""194353"",""median"":""204470"",""maximum"":""232210"",""median_absolute_deviation"":""9769""}","{""count"":""7"",""minimum"":""160043"",""median"":""176176"",""maximum"":""189562"",""median_absolute_deviation"":""9215""}",0,0,7,"{""lsf"":{""pair_count"":4,""available_pairs"":4,""unavailable_pairs"":0,""native"":{""count"":""4"",""minimum"":""22169"",""median"":""32345"",""maximum"":""39498"",""median_absolute_deviation"":""4559""},""lsf"":{""count"":""4"",""minimum"":""194353"",""median"":""209354.5"",""maximum"":""218251"",""median_absolute_deviation"":""6890.5""},""paired_difference"":{""count"":""4"",""minimum"":""160043"",""median"":""178521"",""maximum"":""187871"",""median_absolute_deviation"":""6565""},""lower"":0,""equal"":0,""higher"":4},""native"":{""pair_count"":3,""available_pairs"":3,""unavailable_pairs"":0,""native"":{""count"":""3"",""minimum"":""23287"",""median"":""36085"",""maximum"":""42648"",""median_absolute_deviation"":""6563""},""lsf"":{""count"":""3"",""minimum"":""199463"",""median"":""203046"",""maximum"":""232210"",""median_absolute_deviation"":""3583""},""paired_difference"":{""count"":""3"",""minimum"":""166961"",""median"":""176176"",""maximum"":""189562"",""median_absolute_deviation"":""9215""},""lower"":0,""equal"":0,""higher"":3}}"
1,final,before,cgroup.cpu.system_usec,us,"[{""pair"":0,""first_arm"":""lsf"",""native_group"":1,""lsf_group"":0,""native"":""138883"",""lsf"":""160600"",""lsf_minus_native"":""21717"",""percent_of_native"":""15.636903""},{""pair"":1,""first_arm"":""native"",""native_group"":4,""lsf_group"":5,""native"":""113728"",""lsf"":""170371"",""lsf_minus_native"":""56643"",""percent_of_native"":""49.805677""},{""pair"":2,""first_arm"":""native"",""native_group"":2,""lsf_group"":3,""native"":""126300"",""lsf"":""178184"",""lsf_minus_native"":""51884"",""percent_of_native"":""41.079968""},{""pair"":3,""first_arm"":""native"",""native_group"":0,""lsf_group"":1,""native"":""143604"",""lsf"":""190598"",""lsf_minus_native"":""46994"",""percent_of_native"":""32.724715""},{""pair"":4,""first_arm"":""lsf"",""native_group"":5,""lsf_group"":4,""native"":""120087"",""lsf"":""181678"",""lsf_minus_native"":""61591"",""percent_of_native"":""51.288649""},{""pair"":5,""first_arm"":""lsf"",""native_group"":3,""lsf_group"":2,""native"":""118494"",""lsf"":""178532"",""lsf_minus_native"":""60038"",""percent_of_native"":""50.667544""},{""pair"":6,""first_arm"":""lsf"",""native_group"":1,""lsf_group"":0,""native"":""146802"",""lsf"":""212816"",""lsf_minus_native"":""66014"",""percent_of_native"":""44.968052""}]",7,7,0,"{""count"":""7"",""minimum"":""113728"",""median"":""126300"",""maximum"":""146802"",""median_absolute_deviation"":""12572""}","{""count"":""7"",""minimum"":""160600"",""median"":""178532"",""maximum"":""212816"",""median_absolute_deviation"":""8161""}","{""count"":""7"",""minimum"":""21717"",""median"":""56643"",""maximum"":""66014"",""median_absolute_deviation"":""4948""}",0,0,7,"{""lsf"":{""pair_count"":4,""available_pairs"":4,""unavailable_pairs"":0,""native"":{""count"":""4"",""minimum"":""118494"",""median"":""129485"",""maximum"":""146802"",""median_absolute_deviation"":""10194.5""},""lsf"":{""count"":""4"",""minimum"":""160600"",""median"":""180105"",""maximum"":""212816"",""median_absolute_deviation"":""10539""},""paired_difference"":{""count"":""4"",""minimum"":""21717"",""median"":""60814.5"",""maximum"":""66014"",""median_absolute_deviation"":""2988""},""lower"":0,""equal"":0,""higher"":4},""native"":{""pair_count"":3,""available_pairs"":3,""unavailable_pairs"":0,""native"":{""count"":""3"",""minimum"":""113728"",""median"":""126300"",""maximum"":""143604"",""median_absolute_deviation"":""12572""},""lsf"":{""count"":""3"",""minimum"":""170371"",""median"":""178184"",""maximum"":""190598"",""median_absolute_deviation"":""7813""},""paired_difference"":{""count"":""3"",""minimum"":""46994"",""median"":""51884"",""maximum"":""56643"",""median_absolute_deviation"":""4759""},""lower"":0,""equal"":0,""higher"":3}}"
1,final,before,cgroup.cpu.nr_periods,count,"[{""pair"":0,""first_arm"":""lsf"",""native_group"":1,""lsf_group"":0,""native"":""16"",""lsf"":""42"",""lsf_minus_native"":""26"",""percent_of_native"":""162.5""},{""pair"":1,""first_arm"":""native"",""native_group"":4,""lsf_group"":5,""native"":""17"",""lsf"":""40"",""lsf_minus_native"":""23"",""percent_of_native"":""135.294118""},{""pair"":2,""first_arm"":""native"",""native_group"":2,""lsf_group"":3,""native"":""16"",""lsf"":""41"",""lsf_minus_native"":""25"",""percent_of_native"":""156.25""},{""pair"":3,""first_arm"":""native"",""native_group"":0,""lsf_group"":1,""native"":""15"",""lsf"":""38"",""lsf_minus_native"":""23"",""percent_of_native"":""153.333333""},{""pair"":4,""first_arm"":""lsf"",""native_group"":5,""lsf_group"":4,""native"":""15"",""lsf"":""36"",""lsf_minus_native"":""21"",""percent_of_native"":""140""},{""pair"":5,""first_arm"":""lsf"",""native_group"":3,""lsf_group"":2,""native"":""16"",""lsf"":""34"",""lsf_minus_native"":""18"",""percent_of_native"":""112.5""},{""pair"":6,""first_arm"":""lsf"",""native_group"":1,""lsf_group"":0,""native"":""15"",""lsf"":""41"",""lsf_minus_native"":""26"",""percent_of_native"":""173.333333""}]",7,7,0,"{""count"":""7"",""minimum"":""15"",""median"":""16"",""maximum"":""17"",""median_absolute_deviation"":""1""}","{""count"":""7"",""minimum"":""34"",""median"":""40"",""maximum"":""42"",""median_absolute_deviation"":""2""}","{""count"":""7"",""minimum"":""18"",""median"":""23"",""maximum"":""26"",""median_absolute_deviation"":""2""}",0,0,7,"{""lsf"":{""pair_count"":4,""available_pairs"":4,""unavailable_pairs"":0,""native"":{""count"":""4"",""minimum"":""15"",""median"":""15.5"",""maximum"":""16"",""median_absolute_deviation"":""0.5""},""lsf"":{""count"":""4"",""minimum"":""34"",""median"":""38.5"",""maximum"":""42"",""median_absolute_deviation"":""3""},""paired_difference"":{""count"":""4"",""minimum"":""18"",""median"":""23.5"",""maximum"":""26"",""median_absolute_deviation"":""2.5""},""lower"":0,""equal"":0,""higher"":4},""native"":{""pair_count"":3,""available_pairs"":3,""unavailable_pairs"":0,""native"":{""count"":""3"",""minimum"":""15"",""median"":""16"",""maximum"":""17"",""median_absolute_deviation"":""1""},""lsf"":{""count"":""3"",""minimum"":""38"",""median"":""40"",""maximum"":""41"",""median_absolute_deviation"":""1""},""paired_difference"":{""count"":""3"",""minimum"":""23"",""median"":""23"",""maximum"":""25"",""median_absolute_deviation"":""0""},""lower"":0,""equal"":0,""higher"":3}}"
1,final,before,cgroup.cpu.nr_throttled,count,"[{""pair"":0,""first_arm"":""lsf"",""native_group"":1,""lsf_group"":0,""native"":""0"",""lsf"":""0"",""lsf_minus_native"":""0"",""percent_of_native"":null},{""pair"":1,""first_arm"":""native"",""native_group"":4,""lsf_group"":5,""native"":""0"",""lsf"":""0"",""lsf_minus_native"":""0"",""percent_of_native"":null},{""pair"":2,""first_arm"":""native"",""native_group"":2,""lsf_group"":3,""native"":""0"",""lsf"":""0"",""lsf_minus_native"":""0"",""percent_of_native"":null},{""pair"":3,""first_arm"":""native"",""native_group"":0,""lsf_group"":1,""native"":""0"",""lsf"":""0"",""lsf_minus_native"":""0"",""percent_of_native"":null},{""pair"":4,""first_arm"":""lsf"",""native_group"":5,""lsf_group"":4,""native"":""0"",""lsf"":""0"",""lsf_minus_native"":""0"",""percent_of_native"":null},{""pair"":5,""first_arm"":""lsf"",""native_group"":3,""lsf_group"":2,""native"":""0"",""lsf"":""0"",""lsf_minus_native"":""0"",""percent_of_native"":null},{""pair"":6,""first_arm"":""lsf"",""native_group"":1,""lsf_group"":0,""native"":""0"",""lsf"":""0"",""lsf_minus_native"":""0"",""percent_of_native"":null}]",7,7,0,"{""count"":""7"",""minimum"":""0"",""median"":""0"",""maximum"":""0"",""median_absolute_deviation"":""0""}","{""count"":""7"",""minimum"":""0"",""median"":""0"",""maximum"":""0"",""median_absolute_deviation"":""0""}","{""count"":""7"",""minimum"":""0"",""median"":""0"",""maximum"":""0"",""median_absolute_deviation"":""0""}",0,7,0,"{""lsf"":{""pair_count"":4,""available_pairs"":4,""unavailable_pairs"":0,""native"":{""count"":""4"",""minimum"":""0"",""median"":""0"",""maximum"":""0"",""median_absolute_deviation"":""0""},""lsf"":{""count"":""4"",""minimum"":""0"",""median"":""0"",""maximum"":""0"",""median_absolute_deviation"":""0""},""paired_difference"":{""count"":""4"",""minimum"":""0"",""median"":""0"",""maximum"":""0"",""median_absolute_deviation"":""0""},""lower"":0,""equal"":4,""higher"":0},""native"":{""pair_count"":3,""available_pairs"":3,""unavailable_pairs"":0,""native"":{""count"":""3"",""minimum"":""0"",""median"":""0"",""maximum"":""0"",""median_absolute_deviation"":""0""},""lsf"":{""count"":""3"",""minimum"":""0"",""median"":""0"",""maximum"":""0"",""median_absolute_deviation"":""0""},""paired_difference"":{""count"":""3"",""minimum"":""0"",""median"":""0"",""maximum"":""0"",""median_absolute_deviation"":""0""},""lower"":0,""equal"":3,""higher"":0}}"
1,final,before,cgroup.cpu.throttled_usec,us,"[{""pair"":0,""first_arm"":""lsf"",""native_group"":1,""lsf_group"":0,""native"":""0"",""lsf"":""0"",""lsf_minus_native"":""0"",""percent_of_native"":null},{""pair"":1,""first_arm"":""native"",""native_group"":4,""lsf_group"":5,""native"":""0"",""lsf"":""0"",""lsf_minus_native"":""0"",""percent_of_native"":null},{""pair"":2,""first_arm"":""native"",""native_group"":2,""lsf_group"":3,""native"":""0"",""lsf"":""0"",""lsf_minus_native"":""0"",""percent_of_native"":null},{""pair"":3,""first_arm"":""native"",""native_group"":0,""lsf_group"":1,""native"":""0"",""lsf"":""0"",""lsf_minus_native"":""0"",""percent_of_native"":null},{""pair"":4,""first_arm"":""lsf"",""native_group"":5,""lsf_group"":4,""native"":""0"",""lsf"":""0"",""lsf_minus_native"":""0"",""percent_of_native"":null},{""pair"":5,""first_arm"":""lsf"",""native_group"":3,""lsf_group"":2,""native"":""0"",""lsf"":""0"",""lsf_minus_native"":""0"",""percent_of_native"":null},{""pair"":6,""first_arm"":""lsf"",""native_group"":1,""lsf_group"":0,""native"":""0"",""lsf"":""0"",""lsf_minus_native"":""0"",""percent_of_native"":null}]",7,7,0,"{""count"":""7"",""minimum"":""0"",""median"":""0"",""maximum"":""0"",""median_absolute_deviation"":""0""}","{""count"":""7"",""minimum"":""0"",""median"":""0"",""maximum"":""0"",""median_absolute_deviation"":""0""}","{""count"":""7"",""minimum"":""0"",""median"":""0"",""maximum"":""0"",""median_absolute_deviation"":""0""}",0,7,0,"{""lsf"":{""pair_count"":4,""available_pairs"":4,""unavailable_pairs"":0,""native"":{""count"":""4"",""minimum"":""0"",""median"":""0"",""maximum"":""0"",""median_absolute_deviation"":""0""},""lsf"":{""count"":""4"",""minimum"":""0"",""median"":""0"",""maximum"":""0"",""median_absolute_deviation"":""0""},""paired_difference"":{""count"":""4"",""minimum"":""0"",""median"":""0"",""maximum"":""0"",""median_absolute_deviation"":""0""},""lower"":0,""equal"":4,""higher"":0},""native"":{""pair_count"":3,""available_pairs"":3,""unavailable_pairs"":0,""native"":{""count"":""3"",""minimum"":""0"",""median"":""0"",""maximum"":""0"",""median_absolute_deviation"":""0""},""lsf"":{""count"":""3"",""minimum"":""0"",""median"":""0"",""maximum"":""0"",""median_absolute_deviation"":""0""},""paired_difference"":{""count"":""3"",""minimum"":""0"",""median"":""0"",""maximum"":""0"",""median_absolute_deviation"":""0""},""lower"":0,""equal"":3,""higher"":0}}"
1,ready,after,child.rss_bytes,bytes,"[{""pair"":0,""first_arm"":""lsf"",""native_group"":1,""lsf_group"":0,""native"":""4849664"",""lsf"":""12189696"",""lsf_minus_native"":""7340032"",""percent_of_native"":""151.351351""},{""pair"":1,""first_arm"":""native"",""native_group"":4,""lsf_group"":5,""native"":""4718592"",""lsf"":""12189696"",""lsf_minus_native"":""7471104"",""percent_of_native"":""158.333333""},{""pair"":2,""first_arm"":""native"",""native_group"":2,""lsf_group"":3,""native"":""4718592"",""lsf"":""12320768"",""lsf_minus_native"":""7602176"",""percent_of_native"":""161.111111""},{""pair"":3,""first_arm"":""native"",""native_group"":0,""lsf_group"":1,""native"":""4718592"",""lsf"":""12189696"",""lsf_minus_native"":""7471104"",""percent_of_native"":""158.333333""},{""pair"":4,""first_arm"":""lsf"",""native_group"":5,""lsf_group"":4,""native"":""4587520"",""lsf"":""12320768"",""lsf_minus_native"":""7733248"",""percent_of_native"":""168.571429""},{""pair"":5,""first_arm"":""lsf"",""native_group"":3,""lsf_group"":2,""native"":""4718592"",""lsf"":""12320768"",""lsf_minus_native"":""7602176"",""percent_of_native"":""161.111111""},{""pair"":6,""first_arm"":""lsf"",""native_group"":1,""lsf_group"":0,""native"":""4587520"",""lsf"":""12320768"",""lsf_minus_native"":""7733248"",""percent_of_native"":""168.571429""}]",7,7,0,"{""count"":""7"",""minimum"":""4587520"",""median"":""4718592"",""maximum"":""4849664"",""median_absolute_deviation"":""0""}","{""count"":""7"",""minimum"":""12189696"",""median"":""12320768"",""maximum"":""12320768"",""median_absolute_deviation"":""0""}","{""count"":""7"",""minimum"":""7340032"",""median"":""7602176"",""maximum"":""7733248"",""median_absolute_deviation"":""131072""}",0,0,7,"{""lsf"":{""pair_count"":4,""available_pairs"":4,""unavailable_pairs"":0,""native"":{""count"":""4"",""minimum"":""4587520"",""median"":""4653056"",""maximum"":""4849664"",""median_absolute_deviation"":""65536""},""lsf"":{""count"":""4"",""minimum"":""12189696"",""median"":""12320768"",""maximum"":""12320768"",""median_absolute_deviation"":""0""},""paired_difference"":{""count"":""4"",""minimum"":""7340032"",""median"":""7667712"",""maximum"":""7733248"",""median_absolute_deviation"":""65536""},""lower"":0,""equal"":0,""higher"":4},""native"":{""pair_count"":3,""available_pairs"":3,""unavailable_pairs"":0,""native"":{""count"":""3"",""minimum"":""4718592"",""median"":""4718592"",""maximum"":""4718592"",""median_absolute_deviation"":""0""},""lsf"":{""count"":""3"",""minimum"":""12189696"",""median"":""12189696"",""maximum"":""12320768"",""median_absolute_deviation"":""0""},""paired_difference"":{""count"":""3"",""minimum"":""7471104"",""median"":""7471104"",""maximum"":""7602176"",""median_absolute_deviation"":""0""},""lower"":0,""equal"":0,""higher"":3}}"
1,ready,after,child.threads,count,"[{""pair"":0,""first_arm"":""lsf"",""native_group"":1,""lsf_group"":0,""native"":""3"",""lsf"":""7"",""lsf_minus_native"":""4"",""percent_of_native"":""133.333333""},{""pair"":1,""first_arm"":""native"",""native_group"":4,""lsf_group"":5,""native"":""3"",""lsf"":""7"",""lsf_minus_native"":""4"",""percent_of_native"":""133.333333""},{""pair"":2,""first_arm"":""native"",""native_group"":2,""lsf_group"":3,""native"":""3"",""lsf"":""7"",""lsf_minus_native"":""4"",""percent_of_native"":""133.333333""},{""pair"":3,""first_arm"":""native"",""native_group"":0,""lsf_group"":1,""native"":""3"",""lsf"":""7"",""lsf_minus_native"":""4"",""percent_of_native"":""133.333333""},{""pair"":4,""first_arm"":""lsf"",""native_group"":5,""lsf_group"":4,""native"":""3"",""lsf"":""7"",""lsf_minus_native"":""4"",""percent_of_native"":""133.333333""},{""pair"":5,""first_arm"":""lsf"",""native_group"":3,""lsf_group"":2,""native"":""3"",""lsf"":""7"",""lsf_minus_native"":""4"",""percent_of_native"":""133.333333""},{""pair"":6,""first_arm"":""lsf"",""native_group"":1,""lsf_group"":0,""native"":""3"",""lsf"":""7"",""lsf_minus_native"":""4"",""percent_of_native"":""133.333333""}]",7,7,0,"{""count"":""7"",""minimum"":""3"",""median"":""3"",""maximum"":""3"",""median_absolute_deviation"":""0""}","{""count"":""7"",""minimum"":""7"",""median"":""7"",""maximum"":""7"",""median_absolute_deviation"":""0""}","{""count"":""7"",""minimum"":""4"",""median"":""4"",""maximum"":""4"",""median_absolute_deviation"":""0""}",0,0,7,"{""lsf"":{""pair_count"":4,""available_pairs"":4,""unavailable_pairs"":0,""native"":{""count"":""4"",""minimum"":""3"",""median"":""3"",""maximum"":""3"",""median_absolute_deviation"":""0""},""lsf"":{""count"":""4"",""minimum"":""7"",""median"":""7"",""maximum"":""7"",""median_absolute_deviation"":""0""},""paired_difference"":{""count"":""4"",""minimum"":""4"",""median"":""4"",""maximum"":""4"",""median_absolute_deviation"":""0""},""lower"":0,""equal"":0,""higher"":4},""native"":{""pair_count"":3,""available_pairs"":3,""unavailable_pairs"":0,""native"":{""count"":""3"",""minimum"":""3"",""median"":""3"",""maximum"":""3"",""median_absolute_deviation"":""0""},""lsf"":{""count"":""3"",""minimum"":""7"",""median"":""7"",""maximum"":""7"",""median_absolute_deviation"":""0""},""paired_difference"":{""count"":""3"",""minimum"":""4"",""median"":""4"",""maximum"":""4"",""median_absolute_deviation"":""0""},""lower"":0,""equal"":0,""higher"":3}}"
1,ready,after,child.fd_count,count,"[{""pair"":0,""first_arm"":""lsf"",""native_group"":1,""lsf_group"":0,""native"":""11"",""lsf"":""17"",""lsf_minus_native"":""6"",""percent_of_native"":""54.545455""},{""pair"":1,""first_arm"":""native"",""native_group"":4,""lsf_group"":5,""native"":""11"",""lsf"":""17"",""lsf_minus_native"":""6"",""percent_of_native"":""54.545455""},{""pair"":2,""first_arm"":""native"",""native_group"":2,""lsf_group"":3,""native"":""11"",""lsf"":""17"",""lsf_minus_native"":""6"",""percent_of_native"":""54.545455""},{""pair"":3,""first_arm"":""native"",""native_group"":0,""lsf_group"":1,""native"":""11"",""lsf"":""17"",""lsf_minus_native"":""6"",""percent_of_native"":""54.545455""},{""pair"":4,""first_arm"":""lsf"",""native_group"":5,""lsf_group"":4,""native"":""11"",""lsf"":""17"",""lsf_minus_native"":""6"",""percent_of_native"":""54.545455""},{""pair"":5,""first_arm"":""lsf"",""native_group"":3,""lsf_group"":2,""native"":""11"",""lsf"":""17"",""lsf_minus_native"":""6"",""percent_of_native"":""54.545455""},{""pair"":6,""first_arm"":""lsf"",""native_group"":1,""lsf_group"":0,""native"":""11"",""lsf"":""17"",""lsf_minus_native"":""6"",""percent_of_native"":""54.545455""}]",7,7,0,"{""count"":""7"",""minimum"":""11"",""median"":""11"",""maximum"":""11"",""median_absolute_deviation"":""0""}","{""count"":""7"",""minimum"":""17"",""median"":""17"",""maximum"":""17"",""median_absolute_deviation"":""0""}","{""count"":""7"",""minimum"":""6"",""median"":""6"",""maximum"":""6"",""median_absolute_deviation"":""0""}",0,0,7,"{""lsf"":{""pair_count"":4,""available_pairs"":4,""unavailable_pairs"":0,""native"":{""count"":""4"",""minimum"":""11"",""median"":""11"",""maximum"":""11"",""median_absolute_deviation"":""0""},""lsf"":{""count"":""4"",""minimum"":""17"",""median"":""17"",""maximum"":""17"",""median_absolute_deviation"":""0""},""paired_difference"":{""count"":""4"",""minimum"":""6"",""median"":""6"",""maximum"":""6"",""median_absolute_deviation"":""0""},""lower"":0,""equal"":0,""higher"":4},""native"":{""pair_count"":3,""available_pairs"":3,""unavailable_pairs"":0,""native"":{""count"":""3"",""minimum"":""11"",""median"":""11"",""maximum"":""11"",""median_absolute_deviation"":""0""},""lsf"":{""count"":""3"",""minimum"":""17"",""median"":""17"",""maximum"":""17"",""median_absolute_deviation"":""0""},""paired_difference"":{""count"":""3"",""minimum"":""6"",""median"":""6"",""maximum"":""6"",""median_absolute_deviation"":""0""},""lower"":0,""equal"":0,""higher"":3}}"
1,ready,after,child.listener_count,count,"[{""pair"":0,""first_arm"":""lsf"",""native_group"":1,""lsf_group"":0,""native"":""1"",""lsf"":""1"",""lsf_minus_native"":""0"",""percent_of_native"":""0""},{""pair"":1,""first_arm"":""native"",""native_group"":4,""lsf_group"":5,""native"":""1"",""lsf"":""1"",""lsf_minus_native"":""0"",""percent_of_native"":""0""},{""pair"":2,""first_arm"":""native"",""native_group"":2,""lsf_group"":3,""native"":""1"",""lsf"":""1"",""lsf_minus_native"":""0"",""percent_of_native"":""0""},{""pair"":3,""first_arm"":""native"",""native_group"":0,""lsf_group"":1,""native"":""1"",""lsf"":""1"",""lsf_minus_native"":""0"",""percent_of_native"":""0""},{""pair"":4,""first_arm"":""lsf"",""native_group"":5,""lsf_group"":4,""native"":""1"",""lsf"":""1"",""lsf_minus_native"":""0"",""percent_of_native"":""0""},{""pair"":5,""first_arm"":""lsf"",""native_group"":3,""lsf_group"":2,""native"":""1"",""lsf"":""1"",""lsf_minus_native"":""0"",""percent_of_native"":""0""},{""pair"":6,""first_arm"":""lsf"",""native_group"":1,""lsf_group"":0,""native"":""1"",""lsf"":""1"",""lsf_minus_native"":""0"",""percent_of_native"":""0""}]",7,7,0,"{""count"":""7"",""minimum"":""1"",""median"":""1"",""maximum"":""1"",""median_absolute_deviation"":""0""}","{""count"":""7"",""minimum"":""1"",""median"":""1"",""maximum"":""1"",""median_absolute_deviation"":""0""}","{""count"":""7"",""minimum"":""0"",""median"":""0"",""maximum"":""0"",""median_absolute_deviation"":""0""}",0,7,0,"{""lsf"":{""pair_count"":4,""available_pairs"":4,""unavailable_pairs"":0,""native"":{""count"":""4"",""minimum"":""1"",""median"":""1"",""maximum"":""1"",""median_absolute_deviation"":""0""},""lsf"":{""count"":""4"",""minimum"":""1"",""median"":""1"",""maximum"":""1"",""median_absolute_deviation"":""0""},""paired_difference"":{""count"":""4"",""minimum"":""0"",""median"":""0"",""maximum"":""0"",""median_absolute_deviation"":""0""},""lower"":0,""equal"":4,""higher"":0},""native"":{""pair_count"":3,""available_pairs"":3,""unavailable_pairs"":0,""native"":{""count"":""3"",""minimum"":""1"",""median"":""1"",""maximum"":""1"",""median_absolute_deviation"":""0""},""lsf"":{""count"":""3"",""minimum"":""1"",""median"":""1"",""maximum"":""1"",""median_absolute_deviation"":""0""},""paired_difference"":{""count"":""3"",""minimum"":""0"",""median"":""0"",""maximum"":""0"",""median_absolute_deviation"":""0""},""lower"":0,""equal"":3,""higher"":0}}"
1,ready,after,wrapper.rss_bytes,bytes,"[{""pair"":0,""first_arm"":""lsf"",""native_group"":1,""lsf_group"":0,""native"":""3932160"",""lsf"":""3932160"",""lsf_minus_native"":""0"",""percent_of_native"":""0""},{""pair"":1,""first_arm"":""native"",""native_group"":4,""lsf_group"":5,""native"":""3670016"",""lsf"":""3932160"",""lsf_minus_native"":""262144"",""percent_of_native"":""7.142857""},{""pair"":2,""first_arm"":""native"",""native_group"":2,""lsf_group"":3,""native"":""3932160"",""lsf"":""3932160"",""lsf_minus_native"":""0"",""percent_of_native"":""0""},{""pair"":3,""first_arm"":""native"",""native_group"":0,""lsf_group"":1,""native"":""3932160"",""lsf"":""3670016"",""lsf_minus_native"":""-262144"",""percent_of_native"":""-6.666667""},{""pair"":4,""first_arm"":""lsf"",""native_group"":5,""lsf_group"":4,""native"":""3801088"",""lsf"":""3801088"",""lsf_minus_native"":""0"",""percent_of_native"":""0""},{""pair"":5,""first_arm"":""lsf"",""native_group"":3,""lsf_group"":2,""native"":""3670016"",""lsf"":""3932160"",""lsf_minus_native"":""262144"",""percent_of_native"":""7.142857""},{""pair"":6,""first_arm"":""lsf"",""native_group"":1,""lsf_group"":0,""native"":""3932160"",""lsf"":""3801088"",""lsf_minus_native"":""-131072"",""percent_of_native"":""-3.333333""}]",7,7,0,"{""count"":""7"",""minimum"":""3670016"",""median"":""3932160"",""maximum"":""3932160"",""median_absolute_deviation"":""0""}","{""count"":""7"",""minimum"":""3670016"",""median"":""3932160"",""maximum"":""3932160"",""median_absolute_deviation"":""0""}","{""count"":""7"",""minimum"":""-262144"",""median"":""0"",""maximum"":""262144"",""median_absolute_deviation"":""131072""}",2,3,2,"{""lsf"":{""pair_count"":4,""available_pairs"":4,""unavailable_pairs"":0,""native"":{""count"":""4"",""minimum"":""3670016"",""median"":""3866624"",""maximum"":""3932160"",""median_absolute_deviation"":""65536""},""lsf"":{""count"":""4"",""minimum"":""3801088"",""median"":""3866624"",""maximum"":""3932160"",""median_absolute_deviation"":""65536""},""paired_difference"":{""count"":""4"",""minimum"":""-131072"",""median"":""0"",""maximum"":""262144"",""median_absolute_deviation"":""65536""},""lower"":1,""equal"":2,""higher"":1},""native"":{""pair_count"":3,""available_pairs"":3,""unavailable_pairs"":0,""native"":{""count"":""3"",""minimum"":""3670016"",""median"":""3932160"",""maximum"":""3932160"",""median_absolute_deviation"":""0""},""lsf"":{""count"":""3"",""minimum"":""3670016"",""median"":""3932160"",""maximum"":""3932160"",""median_absolute_deviation"":""0""},""paired_difference"":{""count"":""3"",""minimum"":""-262144"",""median"":""0"",""maximum"":""262144"",""median_absolute_deviation"":""262144""},""lower"":1,""equal"":1,""higher"":1}}"
1,ready,after,wrapper.threads,count,"[{""pair"":0,""first_arm"":""lsf"",""native_group"":1,""lsf_group"":0,""native"":""3"",""lsf"":""3"",""lsf_minus_native"":""0"",""percent_of_native"":""0""},{""pair"":1,""first_arm"":""native"",""native_group"":4,""lsf_group"":5,""native"":""3"",""lsf"":""3"",""lsf_minus_native"":""0"",""percent_of_native"":""0""},{""pair"":2,""first_arm"":""native"",""native_group"":2,""lsf_group"":3,""native"":""3"",""lsf"":""3"",""lsf_minus_native"":""0"",""percent_of_native"":""0""},{""pair"":3,""first_arm"":""native"",""native_group"":0,""lsf_group"":1,""native"":""3"",""lsf"":""3"",""lsf_minus_native"":""0"",""percent_of_native"":""0""},{""pair"":4,""first_arm"":""lsf"",""native_group"":5,""lsf_group"":4,""native"":""3"",""lsf"":""3"",""lsf_minus_native"":""0"",""percent_of_native"":""0""},{""pair"":5,""first_arm"":""lsf"",""native_group"":3,""lsf_group"":2,""native"":""3"",""lsf"":""3"",""lsf_minus_native"":""0"",""percent_of_native"":""0""},{""pair"":6,""first_arm"":""lsf"",""native_group"":1,""lsf_group"":0,""native"":""3"",""lsf"":""3"",""lsf_minus_native"":""0"",""percent_of_native"":""0""}]",7,7,0,"{""count"":""7"",""minimum"":""3"",""median"":""3"",""maximum"":""3"",""median_absolute_deviation"":""0""}","{""count"":""7"",""minimum"":""3"",""median"":""3"",""maximum"":""3"",""median_absolute_deviation"":""0""}","{""count"":""7"",""minimum"":""0"",""median"":""0"",""maximum"":""0"",""median_absolute_deviation"":""0""}",0,7,0,"{""lsf"":{""pair_count"":4,""available_pairs"":4,""unavailable_pairs"":0,""native"":{""count"":""4"",""minimum"":""3"",""median"":""3"",""maximum"":""3"",""median_absolute_deviation"":""0""},""lsf"":{""count"":""4"",""minimum"":""3"",""median"":""3"",""maximum"":""3"",""median_absolute_deviation"":""0""},""paired_difference"":{""count"":""4"",""minimum"":""0"",""median"":""0"",""maximum"":""0"",""median_absolute_deviation"":""0""},""lower"":0,""equal"":4,""higher"":0},""native"":{""pair_count"":3,""available_pairs"":3,""unavailable_pairs"":0,""native"":{""count"":""3"",""minimum"":""3"",""median"":""3"",""maximum"":""3"",""median_absolute_deviation"":""0""},""lsf"":{""count"":""3"",""minimum"":""3"",""median"":""3"",""maximum"":""3"",""median_absolute_deviation"":""0""},""paired_difference"":{""count"":""3"",""minimum"":""0"",""median"":""0"",""maximum"":""0"",""median_absolute_deviation"":""0""},""lower"":0,""equal"":3,""higher"":0}}"
1,ready,after,wrapper.fd_count,count,"[{""pair"":0,""first_arm"":""lsf"",""native_group"":1,""lsf_group"":0,""native"":""19"",""lsf"":""19"",""lsf_minus_native"":""0"",""percent_of_native"":""0""},{""pair"":1,""first_arm"":""native"",""native_group"":4,""lsf_group"":5,""native"":""19"",""lsf"":""19"",""lsf_minus_native"":""0"",""percent_of_native"":""0""},{""pair"":2,""first_arm"":""native"",""native_group"":2,""lsf_group"":3,""native"":""19"",""lsf"":""19"",""lsf_minus_native"":""0"",""percent_of_native"":""0""},{""pair"":3,""first_arm"":""native"",""native_group"":0,""lsf_group"":1,""native"":""19"",""lsf"":""19"",""lsf_minus_native"":""0"",""percent_of_native"":""0""},{""pair"":4,""first_arm"":""lsf"",""native_group"":5,""lsf_group"":4,""native"":""19"",""lsf"":""19"",""lsf_minus_native"":""0"",""percent_of_native"":""0""},{""pair"":5,""first_arm"":""lsf"",""native_group"":3,""lsf_group"":2,""native"":""19"",""lsf"":""19"",""lsf_minus_native"":""0"",""percent_of_native"":""0""},{""pair"":6,""first_arm"":""lsf"",""native_group"":1,""lsf_group"":0,""native"":""19"",""lsf"":""19"",""lsf_minus_native"":""0"",""percent_of_native"":""0""}]",7,7,0,"{""count"":""7"",""minimum"":""19"",""median"":""19"",""maximum"":""19"",""median_absolute_deviation"":""0""}","{""count"":""7"",""minimum"":""19"",""median"":""19"",""maximum"":""19"",""median_absolute_deviation"":""0""}","{""count"":""7"",""minimum"":""0"",""median"":""0"",""maximum"":""0"",""median_absolute_deviation"":""0""}",0,7,0,"{""lsf"":{""pair_count"":4,""available_pairs"":4,""unavailable_pairs"":0,""native"":{""count"":""4"",""minimum"":""19"",""median"":""19"",""maximum"":""19"",""median_absolute_deviation"":""0""},""lsf"":{""count"":""4"",""minimum"":""19"",""median"":""19"",""maximum"":""19"",""median_absolute_deviation"":""0""},""paired_difference"":{""count"":""4"",""minimum"":""0"",""median"":""0"",""maximum"":""0"",""median_absolute_deviation"":""0""},""lower"":0,""equal"":4,""higher"":0},""native"":{""pair_count"":3,""available_pairs"":3,""unavailable_pairs"":0,""native"":{""count"":""3"",""minimum"":""19"",""median"":""19"",""maximum"":""19"",""median_absolute_deviation"":""0""},""lsf"":{""count"":""3"",""minimum"":""19"",""median"":""19"",""maximum"":""19"",""median_absolute_deviation"":""0""},""paired_difference"":{""count"":""3"",""minimum"":""0"",""median"":""0"",""maximum"":""0"",""median_absolute_deviation"":""0""},""lower"":0,""equal"":3,""higher"":0}}"
1,ready,after,wrapper.listener_count,count,"[{""pair"":0,""first_arm"":""lsf"",""native_group"":1,""lsf_group"":0,""native"":""1"",""lsf"":""1"",""lsf_minus_native"":""0"",""percent_of_native"":""0""},{""pair"":1,""first_arm"":""native"",""native_group"":4,""lsf_group"":5,""native"":""1"",""lsf"":""1"",""lsf_minus_native"":""0"",""percent_of_native"":""0""},{""pair"":2,""first_arm"":""native"",""native_group"":2,""lsf_group"":3,""native"":""1"",""lsf"":""1"",""lsf_minus_native"":""0"",""percent_of_native"":""0""},{""pair"":3,""first_arm"":""native"",""native_group"":0,""lsf_group"":1,""native"":""1"",""lsf"":""1"",""lsf_minus_native"":""0"",""percent_of_native"":""0""},{""pair"":4,""first_arm"":""lsf"",""native_group"":5,""lsf_group"":4,""native"":""1"",""lsf"":""1"",""lsf_minus_native"":""0"",""percent_of_native"":""0""},{""pair"":5,""first_arm"":""lsf"",""native_group"":3,""lsf_group"":2,""native"":""1"",""lsf"":""1"",""lsf_minus_native"":""0"",""percent_of_native"":""0""},{""pair"":6,""first_arm"":""lsf"",""native_group"":1,""lsf_group"":0,""native"":""1"",""lsf"":""1"",""lsf_minus_native"":""0"",""percent_of_native"":""0""}]",7,7,0,"{""count"":""7"",""minimum"":""1"",""median"":""1"",""maximum"":""1"",""median_absolute_deviation"":""0""}","{""count"":""7"",""minimum"":""1"",""median"":""1"",""maximum"":""1"",""median_absolute_deviation"":""0""}","{""count"":""7"",""minimum"":""0"",""median"":""0"",""maximum"":""0"",""median_absolute_deviation"":""0""}",0,7,0,"{""lsf"":{""pair_count"":4,""available_pairs"":4,""unavailable_pairs"":0,""native"":{""count"":""4"",""minimum"":""1"",""median"":""1"",""maximum"":""1"",""median_absolute_deviation"":""0""},""lsf"":{""count"":""4"",""minimum"":""1"",""median"":""1"",""maximum"":""1"",""median_absolute_deviation"":""0""},""paired_difference"":{""count"":""4"",""minimum"":""0"",""median"":""0"",""maximum"":""0"",""median_absolute_deviation"":""0""},""lower"":0,""equal"":4,""higher"":0},""native"":{""pair_count"":3,""available_pairs"":3,""unavailable_pairs"":0,""native"":{""count"":""3"",""minimum"":""1"",""median"":""1"",""maximum"":""1"",""median_absolute_deviation"":""0""},""lsf"":{""count"":""3"",""minimum"":""1"",""median"":""1"",""maximum"":""1"",""median_absolute_deviation"":""0""},""paired_difference"":{""count"":""3"",""minimum"":""0"",""median"":""0"",""maximum"":""0"",""median_absolute_deviation"":""0""},""lower"":0,""equal"":3,""higher"":0}}"
1,ready,after,cgroup.memory_current_bytes,bytes,"[{""pair"":0,""first_arm"":""lsf"",""native_group"":1,""lsf_group"":0,""native"":""1769472"",""lsf"":""2859008"",""lsf_minus_native"":""1089536"",""percent_of_native"":""61.574074""},{""pair"":1,""first_arm"":""native"",""native_group"":4,""lsf_group"":5,""native"":""1769472"",""lsf"":""2854912"",""lsf_minus_native"":""1085440"",""percent_of_native"":""61.342593""},{""pair"":2,""first_arm"":""native"",""native_group"":2,""lsf_group"":3,""native"":""1777664"",""lsf"":""2842624"",""lsf_minus_native"":""1064960"",""percent_of_native"":""59.907834""},{""pair"":3,""first_arm"":""native"",""native_group"":0,""lsf_group"":1,""native"":""1785856"",""lsf"":""2859008"",""lsf_minus_native"":""1073152"",""percent_of_native"":""60.091743""},{""pair"":4,""first_arm"":""lsf"",""native_group"":5,""lsf_group"":4,""native"":""1773568"",""lsf"":""2838528"",""lsf_minus_native"":""1064960"",""percent_of_native"":""60.046189""},{""pair"":5,""first_arm"":""lsf"",""native_group"":3,""lsf_group"":2,""native"":""1773568"",""lsf"":""3096576"",""lsf_minus_native"":""1323008"",""percent_of_native"":""74.595843""},{""pair"":6,""first_arm"":""lsf"",""native_group"":1,""lsf_group"":0,""native"":""1769472"",""lsf"":""2854912"",""lsf_minus_native"":""1085440"",""percent_of_native"":""61.342593""}]",7,7,0,"{""count"":""7"",""minimum"":""1769472"",""median"":""1773568"",""maximum"":""1785856"",""median_absolute_deviation"":""4096""}","{""count"":""7"",""minimum"":""2838528"",""median"":""2854912"",""maximum"":""3096576"",""median_absolute_deviation"":""4096""}","{""count"":""7"",""minimum"":""1064960"",""median"":""1085440"",""maximum"":""1323008"",""median_absolute_deviation"":""12288""}",0,0,7,"{""lsf"":{""pair_count"":4,""available_pairs"":4,""unavailable_pairs"":0,""native"":{""count"":""4"",""minimum"":""1769472"",""median"":""1771520"",""maximum"":""1773568"",""median_absolute_deviation"":""2048""},""lsf"":{""count"":""4"",""minimum"":""2838528"",""median"":""2856960"",""maximum"":""3096576"",""median_absolute_deviation"":""10240""},""paired_difference"":{""count"":""4"",""minimum"":""1064960"",""median"":""1087488"",""maximum"":""1323008"",""median_absolute_deviation"":""12288""},""lower"":0,""equal"":0,""higher"":4},""native"":{""pair_count"":3,""available_pairs"":3,""unavailable_pairs"":0,""native"":{""count"":""3"",""minimum"":""1769472"",""median"":""1777664"",""maximum"":""1785856"",""median_absolute_deviation"":""8192""},""lsf"":{""count"":""3"",""minimum"":""2842624"",""median"":""2854912"",""maximum"":""2859008"",""median_absolute_deviation"":""4096""},""paired_difference"":{""count"":""3"",""minimum"":""1064960"",""median"":""1073152"",""maximum"":""1085440"",""median_absolute_deviation"":""8192""},""lower"":0,""equal"":0,""higher"":3}}"
1,ready,after,cgroup.sum_leaf_lifetime_memory_peak_bytes,bytes,"[{""pair"":0,""first_arm"":""lsf"",""native_group"":1,""lsf_group"":0,""native"":""6516736"",""lsf"":""7073792"",""lsf_minus_native"":""557056"",""percent_of_native"":""8.548083""},{""pair"":1,""first_arm"":""native"",""native_group"":4,""lsf_group"":5,""native"":""5984256"",""lsf"":""6873088"",""lsf_minus_native"":""888832"",""percent_of_native"":""14.852841""},{""pair"":2,""first_arm"":""native"",""native_group"":2,""lsf_group"":3,""native"":""6053888"",""lsf"":""7213056"",""lsf_minus_native"":""1159168"",""percent_of_native"":""19.147497""},{""pair"":3,""first_arm"":""native"",""native_group"":0,""lsf_group"":1,""native"":""6103040"",""lsf"":""6881280"",""lsf_minus_native"":""778240"",""percent_of_native"":""12.751678""},{""pair"":4,""first_arm"":""lsf"",""native_group"":5,""lsf_group"":4,""native"":""5922816"",""lsf"":""7204864"",""lsf_minus_native"":""1282048"",""percent_of_native"":""21.64592""},{""pair"":5,""first_arm"":""lsf"",""native_group"":3,""lsf_group"":2,""native"":""6426624"",""lsf"":""7286784"",""lsf_minus_native"":""860160"",""percent_of_native"":""13.384321""},{""pair"":6,""first_arm"":""lsf"",""native_group"":1,""lsf_group"":0,""native"":""6025216"",""lsf"":""6909952"",""lsf_minus_native"":""884736"",""percent_of_native"":""14.683889""}]",7,7,0,"{""count"":""7"",""minimum"":""5922816"",""median"":""6053888"",""maximum"":""6516736"",""median_absolute_deviation"":""69632""}","{""count"":""7"",""minimum"":""6873088"",""median"":""7073792"",""maximum"":""7286784"",""median_absolute_deviation"":""163840""}","{""count"":""7"",""minimum"":""557056"",""median"":""884736"",""maximum"":""1282048"",""median_absolute_deviation"":""106496""}",0,0,7,"{""lsf"":{""pair_count"":4,""available_pairs"":4,""unavailable_pairs"":0,""native"":{""count"":""4"",""minimum"":""5922816"",""median"":""6225920"",""maximum"":""6516736"",""median_absolute_deviation"":""245760""},""lsf"":{""count"":""4"",""minimum"":""6909952"",""median"":""7139328"",""maximum"":""7286784"",""median_absolute_deviation"":""106496""},""paired_difference"":{""count"":""4"",""minimum"":""557056"",""median"":""872448"",""maximum"":""1282048"",""median_absolute_deviation"":""163840""},""lower"":0,""equal"":0,""higher"":4},""native"":{""pair_count"":3,""available_pairs"":3,""unavailable_pairs"":0,""native"":{""count"":""3"",""minimum"":""5984256"",""median"":""6053888"",""maximum"":""6103040"",""median_absolute_deviation"":""49152""},""lsf"":{""count"":""3"",""minimum"":""6873088"",""median"":""6881280"",""maximum"":""7213056"",""median_absolute_deviation"":""8192""},""paired_difference"":{""count"":""3"",""minimum"":""778240"",""median"":""888832"",""maximum"":""1159168"",""median_absolute_deviation"":""110592""},""lower"":0,""equal"":0,""higher"":3}}"
1,ready,after,cgroup.memory_swap_current_bytes,bytes,"[{""pair"":0,""first_arm"":""lsf"",""native_group"":1,""lsf_group"":0,""native"":""0"",""lsf"":""0"",""lsf_minus_native"":""0"",""percent_of_native"":null},{""pair"":1,""first_arm"":""native"",""native_group"":4,""lsf_group"":5,""native"":""0"",""lsf"":""0"",""lsf_minus_native"":""0"",""percent_of_native"":null},{""pair"":2,""first_arm"":""native"",""native_group"":2,""lsf_group"":3,""native"":""0"",""lsf"":""0"",""lsf_minus_native"":""0"",""percent_of_native"":null},{""pair"":3,""first_arm"":""native"",""native_group"":0,""lsf_group"":1,""native"":""0"",""lsf"":""0"",""lsf_minus_native"":""0"",""percent_of_native"":null},{""pair"":4,""first_arm"":""lsf"",""native_group"":5,""lsf_group"":4,""native"":""0"",""lsf"":""0"",""lsf_minus_native"":""0"",""percent_of_native"":null},{""pair"":5,""first_arm"":""lsf"",""native_group"":3,""lsf_group"":2,""native"":""0"",""lsf"":""0"",""lsf_minus_native"":""0"",""percent_of_native"":null},{""pair"":6,""first_arm"":""lsf"",""native_group"":1,""lsf_group"":0,""native"":""0"",""lsf"":""0"",""lsf_minus_native"":""0"",""percent_of_native"":null}]",7,7,0,"{""count"":""7"",""minimum"":""0"",""median"":""0"",""maximum"":""0"",""median_absolute_deviation"":""0""}","{""count"":""7"",""minimum"":""0"",""median"":""0"",""maximum"":""0"",""median_absolute_deviation"":""0""}","{""count"":""7"",""minimum"":""0"",""median"":""0"",""maximum"":""0"",""median_absolute_deviation"":""0""}",0,7,0,"{""lsf"":{""pair_count"":4,""available_pairs"":4,""unavailable_pairs"":0,""native"":{""count"":""4"",""minimum"":""0"",""median"":""0"",""maximum"":""0"",""median_absolute_deviation"":""0""},""lsf"":{""count"":""4"",""minimum"":""0"",""median"":""0"",""maximum"":""0"",""median_absolute_deviation"":""0""},""paired_difference"":{""count"":""4"",""minimum"":""0"",""median"":""0"",""maximum"":""0"",""median_absolute_deviation"":""0""},""lower"":0,""equal"":4,""higher"":0},""native"":{""pair_count"":3,""available_pairs"":3,""unavailable_pairs"":0,""native"":{""count"":""3"",""minimum"":""0"",""median"":""0"",""maximum"":""0"",""median_absolute_deviation"":""0""},""lsf"":{""count"":""3"",""minimum"":""0"",""median"":""0"",""maximum"":""0"",""median_absolute_deviation"":""0""},""paired_difference"":{""count"":""3"",""minimum"":""0"",""median"":""0"",""maximum"":""0"",""median_absolute_deviation"":""0""},""lower"":0,""equal"":3,""higher"":0}}"
1,ready,after,cgroup.pids_current,count,"[{""pair"":0,""first_arm"":""lsf"",""native_group"":1,""lsf_group"":0,""native"":""6"",""lsf"":""10"",""lsf_minus_native"":""4"",""percent_of_native"":""66.666667""},{""pair"":1,""first_arm"":""native"",""native_group"":4,""lsf_group"":5,""native"":""6"",""lsf"":""10"",""lsf_minus_native"":""4"",""percent_of_native"":""66.666667""},{""pair"":2,""first_arm"":""native"",""native_group"":2,""lsf_group"":3,""native"":""6"",""lsf"":""10"",""lsf_minus_native"":""4"",""percent_of_native"":""66.666667""},{""pair"":3,""first_arm"":""native"",""native_group"":0,""lsf_group"":1,""native"":""6"",""lsf"":""10"",""lsf_minus_native"":""4"",""percent_of_native"":""66.666667""},{""pair"":4,""first_arm"":""lsf"",""native_group"":5,""lsf_group"":4,""native"":""6"",""lsf"":""10"",""lsf_minus_native"":""4"",""percent_of_native"":""66.666667""},{""pair"":5,""first_arm"":""lsf"",""native_group"":3,""lsf_group"":2,""native"":""6"",""lsf"":""10"",""lsf_minus_native"":""4"",""percent_of_native"":""66.666667""},{""pair"":6,""first_arm"":""lsf"",""native_group"":1,""lsf_group"":0,""native"":""6"",""lsf"":""10"",""lsf_minus_native"":""4"",""percent_of_native"":""66.666667""}]",7,7,0,"{""count"":""7"",""minimum"":""6"",""median"":""6"",""maximum"":""6"",""median_absolute_deviation"":""0""}","{""count"":""7"",""minimum"":""10"",""median"":""10"",""maximum"":""10"",""median_absolute_deviation"":""0""}","{""count"":""7"",""minimum"":""4"",""median"":""4"",""maximum"":""4"",""median_absolute_deviation"":""0""}",0,0,7,"{""lsf"":{""pair_count"":4,""available_pairs"":4,""unavailable_pairs"":0,""native"":{""count"":""4"",""minimum"":""6"",""median"":""6"",""maximum"":""6"",""median_absolute_deviation"":""0""},""lsf"":{""count"":""4"",""minimum"":""10"",""median"":""10"",""maximum"":""10"",""median_absolute_deviation"":""0""},""paired_difference"":{""count"":""4"",""minimum"":""4"",""median"":""4"",""maximum"":""4"",""median_absolute_deviation"":""0""},""lower"":0,""equal"":0,""higher"":4},""native"":{""pair_count"":3,""available_pairs"":3,""unavailable_pairs"":0,""native"":{""count"":""3"",""minimum"":""6"",""median"":""6"",""maximum"":""6"",""median_absolute_deviation"":""0""},""lsf"":{""count"":""3"",""minimum"":""10"",""median"":""10"",""maximum"":""10"",""median_absolute_deviation"":""0""},""paired_difference"":{""count"":""3"",""minimum"":""4"",""median"":""4"",""maximum"":""4"",""median_absolute_deviation"":""0""},""lower"":0,""equal"":0,""higher"":3}}"
1,ready,after,cgroup.cpu.usage_usec,us,"[{""pair"":0,""first_arm"":""lsf"",""native_group"":1,""lsf_group"":0,""native"":""61049"",""lsf"":""84726"",""lsf_minus_native"":""23677"",""percent_of_native"":""38.7836""},{""pair"":1,""first_arm"":""native"",""native_group"":4,""lsf_group"":5,""native"":""59896"",""lsf"":""87519"",""lsf_minus_native"":""27623"",""percent_of_native"":""46.118272""},{""pair"":2,""first_arm"":""native"",""native_group"":2,""lsf_group"":3,""native"":""60902"",""lsf"":""74343"",""lsf_minus_native"":""13441"",""percent_of_native"":""22.069883""},{""pair"":3,""first_arm"":""native"",""native_group"":0,""lsf_group"":1,""native"":""61780"",""lsf"":""81178"",""lsf_minus_native"":""19398"",""percent_of_native"":""31.398511""},{""pair"":4,""first_arm"":""lsf"",""native_group"":5,""lsf_group"":4,""native"":""57771"",""lsf"":""72297"",""lsf_minus_native"":""14526"",""percent_of_native"":""25.144103""},{""pair"":5,""first_arm"":""lsf"",""native_group"":3,""lsf_group"":2,""native"":""57324"",""lsf"":""84055"",""lsf_minus_native"":""26731"",""percent_of_native"":""46.631428""},{""pair"":6,""first_arm"":""lsf"",""native_group"":1,""lsf_group"":0,""native"":""60798"",""lsf"":""79405"",""lsf_minus_native"":""18607"",""percent_of_native"":""30.604625""}]",7,7,0,"{""count"":""7"",""minimum"":""57324"",""median"":""60798"",""maximum"":""61780"",""median_absolute_deviation"":""902""}","{""count"":""7"",""minimum"":""72297"",""median"":""81178"",""maximum"":""87519"",""median_absolute_deviation"":""3548""}","{""count"":""7"",""minimum"":""13441"",""median"":""19398"",""maximum"":""27623"",""median_absolute_deviation"":""4872""}",0,0,7,"{""lsf"":{""pair_count"":4,""available_pairs"":4,""unavailable_pairs"":0,""native"":{""count"":""4"",""minimum"":""57324"",""median"":""59284.5"",""maximum"":""61049"",""median_absolute_deviation"":""1639""},""lsf"":{""count"":""4"",""minimum"":""72297"",""median"":""81730"",""maximum"":""84726"",""median_absolute_deviation"":""2660.5""},""paired_difference"":{""count"":""4"",""minimum"":""14526"",""median"":""21142"",""maximum"":""26731"",""median_absolute_deviation"":""4062""},""lower"":0,""equal"":0,""higher"":4},""native"":{""pair_count"":3,""available_pairs"":3,""unavailable_pairs"":0,""native"":{""count"":""3"",""minimum"":""59896"",""median"":""60902"",""maximum"":""61780"",""median_absolute_deviation"":""878""},""lsf"":{""count"":""3"",""minimum"":""74343"",""median"":""81178"",""maximum"":""87519"",""median_absolute_deviation"":""6341""},""paired_difference"":{""count"":""3"",""minimum"":""13441"",""median"":""19398"",""maximum"":""27623"",""median_absolute_deviation"":""5957""},""lower"":0,""equal"":0,""higher"":3}}"
1,ready,after,cgroup.cpu.user_usec,us,"[{""pair"":0,""first_arm"":""lsf"",""native_group"":1,""lsf_group"":0,""native"":""8781"",""lsf"":""17832"",""lsf_minus_native"":""9051"",""percent_of_native"":""103.074821""},{""pair"":1,""first_arm"":""native"",""native_group"":4,""lsf_group"":5,""native"":""20094"",""lsf"":""25526"",""lsf_minus_native"":""5432"",""percent_of_native"":""27.032945""},{""pair"":2,""first_arm"":""native"",""native_group"":2,""lsf_group"":3,""native"":""4016"",""lsf"":""16111"",""lsf_minus_native"":""12095"",""percent_of_native"":""301.170319""},{""pair"":3,""first_arm"":""native"",""native_group"":0,""lsf_group"":1,""native"":""0"",""lsf"":""22143"",""lsf_minus_native"":""22143"",""percent_of_native"":null},{""pair"":4,""first_arm"":""lsf"",""native_group"":5,""lsf_group"":4,""native"":""5016"",""lsf"":""17720"",""lsf_minus_native"":""12704"",""percent_of_native"":""253.269537""},{""pair"":5,""first_arm"":""lsf"",""native_group"":3,""lsf_group"":2,""native"":""3844"",""lsf"":""27791"",""lsf_minus_native"":""23947"",""percent_of_native"":""622.970864""},{""pair"":6,""first_arm"":""lsf"",""native_group"":1,""lsf_group"":0,""native"":""10522"",""lsf"":""18683"",""lsf_minus_native"":""8161"",""percent_of_native"":""77.5613""}]",7,7,0,"{""count"":""7"",""minimum"":""0"",""median"":""5016"",""maximum"":""20094"",""median_absolute_deviation"":""3765""}","{""count"":""7"",""minimum"":""16111"",""median"":""18683"",""maximum"":""27791"",""median_absolute_deviation"":""2572""}","{""count"":""7"",""minimum"":""5432"",""median"":""12095"",""maximum"":""23947"",""median_absolute_deviation"":""3934""}",0,0,7,"{""lsf"":{""pair_count"":4,""available_pairs"":4,""unavailable_pairs"":0,""native"":{""count"":""4"",""minimum"":""3844"",""median"":""6898.5"",""maximum"":""10522"",""median_absolute_deviation"":""2468.5""},""lsf"":{""count"":""4"",""minimum"":""17720"",""median"":""18257.5"",""maximum"":""27791"",""median_absolute_deviation"":""481.5""},""paired_difference"":{""count"":""4"",""minimum"":""8161"",""median"":""10877.5"",""maximum"":""23947"",""median_absolute_deviation"":""2271.5""},""lower"":0,""equal"":0,""higher"":4},""native"":{""pair_count"":3,""available_pairs"":3,""unavailable_pairs"":0,""native"":{""count"":""3"",""minimum"":""0"",""median"":""4016"",""maximum"":""20094"",""median_absolute_deviation"":""4016""},""lsf"":{""count"":""3"",""minimum"":""16111"",""median"":""22143"",""maximum"":""25526"",""median_absolute_deviation"":""3383""},""paired_difference"":{""count"":""3"",""minimum"":""5432"",""median"":""12095"",""maximum"":""22143"",""median_absolute_deviation"":""6663""},""lower"":0,""equal"":0,""higher"":3}}"
1,ready,after,cgroup.cpu.system_usec,us,"[{""pair"":0,""first_arm"":""lsf"",""native_group"":1,""lsf_group"":0,""native"":""52268"",""lsf"":""66893"",""lsf_minus_native"":""14625"",""percent_of_native"":""27.980791""},{""pair"":1,""first_arm"":""native"",""native_group"":4,""lsf_group"":5,""native"":""39801"",""lsf"":""61992"",""lsf_minus_native"":""22191"",""percent_of_native"":""55.754881""},{""pair"":2,""first_arm"":""native"",""native_group"":2,""lsf_group"":3,""native"":""56885"",""lsf"":""58231"",""lsf_minus_native"":""1346"",""percent_of_native"":""2.366177""},{""pair"":3,""first_arm"":""native"",""native_group"":0,""lsf_group"":1,""native"":""61780"",""lsf"":""59035"",""lsf_minus_native"":""-2745"",""percent_of_native"":""-4.443185""},{""pair"":4,""first_arm"":""lsf"",""native_group"":5,""lsf_group"":4,""native"":""52755"",""lsf"":""54576"",""lsf_minus_native"":""1821"",""percent_of_native"":""3.451806""},{""pair"":5,""first_arm"":""lsf"",""native_group"":3,""lsf_group"":2,""native"":""53480"",""lsf"":""56263"",""lsf_minus_native"":""2783"",""percent_of_native"":""5.203815""},{""pair"":6,""first_arm"":""lsf"",""native_group"":1,""lsf_group"":0,""native"":""50276"",""lsf"":""60722"",""lsf_minus_native"":""10446"",""percent_of_native"":""20.777309""}]",7,7,0,"{""count"":""7"",""minimum"":""39801"",""median"":""52755"",""maximum"":""61780"",""median_absolute_deviation"":""2479""}","{""count"":""7"",""minimum"":""54576"",""median"":""59035"",""maximum"":""66893"",""median_absolute_deviation"":""2772""}","{""count"":""7"",""minimum"":""-2745"",""median"":""2783"",""maximum"":""22191"",""median_absolute_deviation"":""5528""}",1,0,6,"{""lsf"":{""pair_count"":4,""available_pairs"":4,""unavailable_pairs"":0,""native"":{""count"":""4"",""minimum"":""50276"",""median"":""52511.5"",""maximum"":""53480"",""median_absolute_deviation"":""606""},""lsf"":{""count"":""4"",""minimum"":""54576"",""median"":""58492.5"",""maximum"":""66893"",""median_absolute_deviation"":""3073""},""paired_difference"":{""count"":""4"",""minimum"":""1821"",""median"":""6614.5"",""maximum"":""14625"",""median_absolute_deviation"":""4312.5""},""lower"":0,""equal"":0,""higher"":4},""native"":{""pair_count"":3,""available_pairs"":3,""unavailable_pairs"":0,""native"":{""count"":""3"",""minimum"":""39801"",""median"":""56885"",""maximum"":""61780"",""median_absolute_deviation"":""4895""},""lsf"":{""count"":""3"",""minimum"":""58231"",""median"":""59035"",""maximum"":""61992"",""median_absolute_deviation"":""804""},""paired_difference"":{""count"":""3"",""minimum"":""-2745"",""median"":""1346"",""maximum"":""22191"",""median_absolute_deviation"":""4091""},""lower"":1,""equal"":0,""higher"":2}}"
1,ready,after,cgroup.cpu.nr_periods,count,"[{""pair"":0,""first_arm"":""lsf"",""native_group"":1,""lsf_group"":0,""native"":""6"",""lsf"":""26"",""lsf_minus_native"":""20"",""percent_of_native"":""333.333333""},{""pair"":1,""first_arm"":""native"",""native_group"":4,""lsf_group"":5,""native"":""8"",""lsf"":""23"",""lsf_minus_native"":""15"",""percent_of_native"":""187.5""},{""pair"":2,""first_arm"":""native"",""native_group"":2,""lsf_group"":3,""native"":""7"",""lsf"":""25"",""lsf_minus_native"":""18"",""percent_of_native"":""257.142857""},{""pair"":3,""first_arm"":""native"",""native_group"":0,""lsf_group"":1,""native"":""7"",""lsf"":""22"",""lsf_minus_native"":""15"",""percent_of_native"":""214.285714""},{""pair"":4,""first_arm"":""lsf"",""native_group"":5,""lsf_group"":4,""native"":""6"",""lsf"":""20"",""lsf_minus_native"":""14"",""percent_of_native"":""233.333333""},{""pair"":5,""first_arm"":""lsf"",""native_group"":3,""lsf_group"":2,""native"":""8"",""lsf"":""21"",""lsf_minus_native"":""13"",""percent_of_native"":""162.5""},{""pair"":6,""first_arm"":""lsf"",""native_group"":1,""lsf_group"":0,""native"":""7"",""lsf"":""22"",""lsf_minus_native"":""15"",""percent_of_native"":""214.285714""}]",7,7,0,"{""count"":""7"",""minimum"":""6"",""median"":""7"",""maximum"":""8"",""median_absolute_deviation"":""1""}","{""count"":""7"",""minimum"":""20"",""median"":""22"",""maximum"":""26"",""median_absolute_deviation"":""1""}","{""count"":""7"",""minimum"":""13"",""median"":""15"",""maximum"":""20"",""median_absolute_deviation"":""1""}",0,0,7,"{""lsf"":{""pair_count"":4,""available_pairs"":4,""unavailable_pairs"":0,""native"":{""count"":""4"",""minimum"":""6"",""median"":""6.5"",""maximum"":""8"",""median_absolute_deviation"":""0.5""},""lsf"":{""count"":""4"",""minimum"":""20"",""median"":""21.5"",""maximum"":""26"",""median_absolute_deviation"":""1""},""paired_difference"":{""count"":""4"",""minimum"":""13"",""median"":""14.5"",""maximum"":""20"",""median_absolute_deviation"":""1""},""lower"":0,""equal"":0,""higher"":4},""native"":{""pair_count"":3,""available_pairs"":3,""unavailable_pairs"":0,""native"":{""count"":""3"",""minimum"":""7"",""median"":""7"",""maximum"":""8"",""median_absolute_deviation"":""0""},""lsf"":{""count"":""3"",""minimum"":""22"",""median"":""23"",""maximum"":""25"",""median_absolute_deviation"":""1""},""paired_difference"":{""count"":""3"",""minimum"":""15"",""median"":""15"",""maximum"":""18"",""median_absolute_deviation"":""0""},""lower"":0,""equal"":0,""higher"":3}}"
1,ready,after,cgroup.cpu.nr_throttled,count,"[{""pair"":0,""first_arm"":""lsf"",""native_group"":1,""lsf_group"":0,""native"":""0"",""lsf"":""0"",""lsf_minus_native"":""0"",""percent_of_native"":null},{""pair"":1,""first_arm"":""native"",""native_group"":4,""lsf_group"":5,""native"":""0"",""lsf"":""0"",""lsf_minus_native"":""0"",""percent_of_native"":null},{""pair"":2,""first_arm"":""native"",""native_group"":2,""lsf_group"":3,""native"":""0"",""lsf"":""0"",""lsf_minus_native"":""0"",""percent_of_native"":null},{""pair"":3,""first_arm"":""native"",""native_group"":0,""lsf_group"":1,""native"":""0"",""lsf"":""0"",""lsf_minus_native"":""0"",""percent_of_native"":null},{""pair"":4,""first_arm"":""lsf"",""native_group"":5,""lsf_group"":4,""native"":""0"",""lsf"":""0"",""lsf_minus_native"":""0"",""percent_of_native"":null},{""pair"":5,""first_arm"":""lsf"",""native_group"":3,""lsf_group"":2,""native"":""0"",""lsf"":""0"",""lsf_minus_native"":""0"",""percent_of_native"":null},{""pair"":6,""first_arm"":""lsf"",""native_group"":1,""lsf_group"":0,""native"":""0"",""lsf"":""0"",""lsf_minus_native"":""0"",""percent_of_native"":null}]",7,7,0,"{""count"":""7"",""minimum"":""0"",""median"":""0"",""maximum"":""0"",""median_absolute_deviation"":""0""}","{""count"":""7"",""minimum"":""0"",""median"":""0"",""maximum"":""0"",""median_absolute_deviation"":""0""}","{""count"":""7"",""minimum"":""0"",""median"":""0"",""maximum"":""0"",""median_absolute_deviation"":""0""}",0,7,0,"{""lsf"":{""pair_count"":4,""available_pairs"":4,""unavailable_pairs"":0,""native"":{""count"":""4"",""minimum"":""0"",""median"":""0"",""maximum"":""0"",""median_absolute_deviation"":""0""},""lsf"":{""count"":""4"",""minimum"":""0"",""median"":""0"",""maximum"":""0"",""median_absolute_deviation"":""0""},""paired_difference"":{""count"":""4"",""minimum"":""0"",""median"":""0"",""maximum"":""0"",""median_absolute_deviation"":""0""},""lower"":0,""equal"":4,""higher"":0},""native"":{""pair_count"":3,""available_pairs"":3,""unavailable_pairs"":0,""native"":{""count"":""3"",""minimum"":""0"",""median"":""0"",""maximum"":""0"",""median_absolute_deviation"":""0""},""lsf"":{""count"":""3"",""minimum"":""0"",""median"":""0"",""maximum"":""0"",""median_absolute_deviation"":""0""},""paired_difference"":{""count"":""3"",""minimum"":""0"",""median"":""0"",""maximum"":""0"",""median_absolute_deviation"":""0""},""lower"":0,""equal"":3,""higher"":0}}"
1,ready,after,cgroup.cpu.throttled_usec,us,"[{""pair"":0,""first_arm"":""lsf"",""native_group"":1,""lsf_group"":0,""native"":""0"",""lsf"":""0"",""lsf_minus_native"":""0"",""percent_of_native"":null},{""pair"":1,""first_arm"":""native"",""native_group"":4,""lsf_group"":5,""native"":""0"",""lsf"":""0"",""lsf_minus_native"":""0"",""percent_of_native"":null},{""pair"":2,""first_arm"":""native"",""native_group"":2,""lsf_group"":3,""native"":""0"",""lsf"":""0"",""lsf_minus_native"":""0"",""percent_of_native"":null},{""pair"":3,""first_arm"":""native"",""native_group"":0,""lsf_group"":1,""native"":""0"",""lsf"":""0"",""lsf_minus_native"":""0"",""percent_of_native"":null},{""pair"":4,""first_arm"":""lsf"",""native_group"":5,""lsf_group"":4,""native"":""0"",""lsf"":""0"",""lsf_minus_native"":""0"",""percent_of_native"":null},{""pair"":5,""first_arm"":""lsf"",""native_group"":3,""lsf_group"":2,""native"":""0"",""lsf"":""0"",""lsf_minus_native"":""0"",""percent_of_native"":null},{""pair"":6,""first_arm"":""lsf"",""native_group"":1,""lsf_group"":0,""native"":""0"",""lsf"":""0"",""lsf_minus_native"":""0"",""percent_of_native"":null}]",7,7,0,"{""count"":""7"",""minimum"":""0"",""median"":""0"",""maximum"":""0"",""median_absolute_deviation"":""0""}","{""count"":""7"",""minimum"":""0"",""median"":""0"",""maximum"":""0"",""median_absolute_deviation"":""0""}","{""count"":""7"",""minimum"":""0"",""median"":""0"",""maximum"":""0"",""median_absolute_deviation"":""0""}",0,7,0,"{""lsf"":{""pair_count"":4,""available_pairs"":4,""unavailable_pairs"":0,""native"":{""count"":""4"",""minimum"":""0"",""median"":""0"",""maximum"":""0"",""median_absolute_deviation"":""0""},""lsf"":{""count"":""4"",""minimum"":""0"",""median"":""0"",""maximum"":""0"",""median_absolute_deviation"":""0""},""paired_difference"":{""count"":""4"",""minimum"":""0"",""median"":""0"",""maximum"":""0"",""median_absolute_deviation"":""0""},""lower"":0,""equal"":4,""higher"":0},""native"":{""pair_count"":3,""available_pairs"":3,""unavailable_pairs"":0,""native"":{""count"":""3"",""minimum"":""0"",""median"":""0"",""maximum"":""0"",""median_absolute_deviation"":""0""},""lsf"":{""count"":""3"",""minimum"":""0"",""median"":""0"",""maximum"":""0"",""median_absolute_deviation"":""0""},""paired_difference"":{""count"":""3"",""minimum"":""0"",""median"":""0"",""maximum"":""0"",""median_absolute_deviation"":""0""},""lower"":0,""equal"":3,""higher"":0}}"
1,ready,before,child.rss_bytes,bytes,"[{""pair"":0,""first_arm"":""lsf"",""native_group"":1,""lsf_group"":0,""native"":""4849664"",""lsf"":""12189696"",""lsf_minus_native"":""7340032"",""percent_of_native"":""151.351351""},{""pair"":1,""first_arm"":""native"",""native_group"":4,""lsf_group"":5,""native"":""4718592"",""lsf"":""12189696"",""lsf_minus_native"":""7471104"",""percent_of_native"":""158.333333""},{""pair"":2,""first_arm"":""native"",""native_group"":2,""lsf_group"":3,""native"":""4718592"",""lsf"":""12320768"",""lsf_minus_native"":""7602176"",""percent_of_native"":""161.111111""},{""pair"":3,""first_arm"":""native"",""native_group"":0,""lsf_group"":1,""native"":""4718592"",""lsf"":""12189696"",""lsf_minus_native"":""7471104"",""percent_of_native"":""158.333333""},{""pair"":4,""first_arm"":""lsf"",""native_group"":5,""lsf_group"":4,""native"":""4587520"",""lsf"":""12320768"",""lsf_minus_native"":""7733248"",""percent_of_native"":""168.571429""},{""pair"":5,""first_arm"":""lsf"",""native_group"":3,""lsf_group"":2,""native"":""4718592"",""lsf"":""12320768"",""lsf_minus_native"":""7602176"",""percent_of_native"":""161.111111""},{""pair"":6,""first_arm"":""lsf"",""native_group"":1,""lsf_group"":0,""native"":""4587520"",""lsf"":""12320768"",""lsf_minus_native"":""7733248"",""percent_of_native"":""168.571429""}]",7,7,0,"{""count"":""7"",""minimum"":""4587520"",""median"":""4718592"",""maximum"":""4849664"",""median_absolute_deviation"":""0""}","{""count"":""7"",""minimum"":""12189696"",""median"":""12320768"",""maximum"":""12320768"",""median_absolute_deviation"":""0""}","{""count"":""7"",""minimum"":""7340032"",""median"":""7602176"",""maximum"":""7733248"",""median_absolute_deviation"":""131072""}",0,0,7,"{""lsf"":{""pair_count"":4,""available_pairs"":4,""unavailable_pairs"":0,""native"":{""count"":""4"",""minimum"":""4587520"",""median"":""4653056"",""maximum"":""4849664"",""median_absolute_deviation"":""65536""},""lsf"":{""count"":""4"",""minimum"":""12189696"",""median"":""12320768"",""maximum"":""12320768"",""median_absolute_deviation"":""0""},""paired_difference"":{""count"":""4"",""minimum"":""7340032"",""median"":""7667712"",""maximum"":""7733248"",""median_absolute_deviation"":""65536""},""lower"":0,""equal"":0,""higher"":4},""native"":{""pair_count"":3,""available_pairs"":3,""unavailable_pairs"":0,""native"":{""count"":""3"",""minimum"":""4718592"",""median"":""4718592"",""maximum"":""4718592"",""median_absolute_deviation"":""0""},""lsf"":{""count"":""3"",""minimum"":""12189696"",""median"":""12189696"",""maximum"":""12320768"",""median_absolute_deviation"":""0""},""paired_difference"":{""count"":""3"",""minimum"":""7471104"",""median"":""7471104"",""maximum"":""7602176"",""median_absolute_deviation"":""0""},""lower"":0,""equal"":0,""higher"":3}}"
1,ready,before,child.threads,count,"[{""pair"":0,""first_arm"":""lsf"",""native_group"":1,""lsf_group"":0,""native"":""3"",""lsf"":""7"",""lsf_minus_native"":""4"",""percent_of_native"":""133.333333""},{""pair"":1,""first_arm"":""native"",""native_group"":4,""lsf_group"":5,""native"":""3"",""lsf"":""7"",""lsf_minus_native"":""4"",""percent_of_native"":""133.333333""},{""pair"":2,""first_arm"":""native"",""native_group"":2,""lsf_group"":3,""native"":""3"",""lsf"":""7"",""lsf_minus_native"":""4"",""percent_of_native"":""133.333333""},{""pair"":3,""first_arm"":""native"",""native_group"":0,""lsf_group"":1,""native"":""3"",""lsf"":""7"",""lsf_minus_native"":""4"",""percent_of_native"":""133.333333""},{""pair"":4,""first_arm"":""lsf"",""native_group"":5,""lsf_group"":4,""native"":""3"",""lsf"":""7"",""lsf_minus_native"":""4"",""percent_of_native"":""133.333333""},{""pair"":5,""first_arm"":""lsf"",""native_group"":3,""lsf_group"":2,""native"":""3"",""lsf"":""7"",""lsf_minus_native"":""4"",""percent_of_native"":""133.333333""},{""pair"":6,""first_arm"":""lsf"",""native_group"":1,""lsf_group"":0,""native"":""3"",""lsf"":""7"",""lsf_minus_native"":""4"",""percent_of_native"":""133.333333""}]",7,7,0,"{""count"":""7"",""minimum"":""3"",""median"":""3"",""maximum"":""3"",""median_absolute_deviation"":""0""}","{""count"":""7"",""minimum"":""7"",""median"":""7"",""maximum"":""7"",""median_absolute_deviation"":""0""}","{""count"":""7"",""minimum"":""4"",""median"":""4"",""maximum"":""4"",""median_absolute_deviation"":""0""}",0,0,7,"{""lsf"":{""pair_count"":4,""available_pairs"":4,""unavailable_pairs"":0,""native"":{""count"":""4"",""minimum"":""3"",""median"":""3"",""maximum"":""3"",""median_absolute_deviation"":""0""},""lsf"":{""count"":""4"",""minimum"":""7"",""median"":""7"",""maximum"":""7"",""median_absolute_deviation"":""0""},""paired_difference"":{""count"":""4"",""minimum"":""4"",""median"":""4"",""maximum"":""4"",""median_absolute_deviation"":""0""},""lower"":0,""equal"":0,""higher"":4},""native"":{""pair_count"":3,""available_pairs"":3,""unavailable_pairs"":0,""native"":{""count"":""3"",""minimum"":""3"",""median"":""3"",""maximum"":""3"",""median_absolute_deviation"":""0""},""lsf"":{""count"":""3"",""minimum"":""7"",""median"":""7"",""maximum"":""7"",""median_absolute_deviation"":""0""},""paired_difference"":{""count"":""3"",""minimum"":""4"",""median"":""4"",""maximum"":""4"",""median_absolute_deviation"":""0""},""lower"":0,""equal"":0,""higher"":3}}"
1,ready,before,child.fd_count,count,"[{""pair"":0,""first_arm"":""lsf"",""native_group"":1,""lsf_group"":0,""native"":""11"",""lsf"":""17"",""lsf_minus_native"":""6"",""percent_of_native"":""54.545455""},{""pair"":1,""first_arm"":""native"",""native_group"":4,""lsf_group"":5,""native"":""11"",""lsf"":""17"",""lsf_minus_native"":""6"",""percent_of_native"":""54.545455""},{""pair"":2,""first_arm"":""native"",""native_group"":2,""lsf_group"":3,""native"":""11"",""lsf"":""17"",""lsf_minus_native"":""6"",""percent_of_native"":""54.545455""},{""pair"":3,""first_arm"":""native"",""native_group"":0,""lsf_group"":1,""native"":""11"",""lsf"":""17"",""lsf_minus_native"":""6"",""percent_of_native"":""54.545455""},{""pair"":4,""first_arm"":""lsf"",""native_group"":5,""lsf_group"":4,""native"":""11"",""lsf"":""17"",""lsf_minus_native"":""6"",""percent_of_native"":""54.545455""},{""pair"":5,""first_arm"":""lsf"",""native_group"":3,""lsf_group"":2,""native"":""11"",""lsf"":""17"",""lsf_minus_native"":""6"",""percent_of_native"":""54.545455""},{""pair"":6,""first_arm"":""lsf"",""native_group"":1,""lsf_group"":0,""native"":""11"",""lsf"":""17"",""lsf_minus_native"":""6"",""percent_of_native"":""54.545455""}]",7,7,0,"{""count"":""7"",""minimum"":""11"",""median"":""11"",""maximum"":""11"",""median_absolute_deviation"":""0""}","{""count"":""7"",""minimum"":""17"",""median"":""17"",""maximum"":""17"",""median_absolute_deviation"":""0""}","{""count"":""7"",""minimum"":""6"",""median"":""6"",""maximum"":""6"",""median_absolute_deviation"":""0""}",0,0,7,"{""lsf"":{""pair_count"":4,""available_pairs"":4,""unavailable_pairs"":0,""native"":{""count"":""4"",""minimum"":""11"",""median"":""11"",""maximum"":""11"",""median_absolute_deviation"":""0""},""lsf"":{""count"":""4"",""minimum"":""17"",""median"":""17"",""maximum"":""17"",""median_absolute_deviation"":""0""},""paired_difference"":{""count"":""4"",""minimum"":""6"",""median"":""6"",""maximum"":""6"",""median_absolute_deviation"":""0""},""lower"":0,""equal"":0,""higher"":4},""native"":{""pair_count"":3,""available_pairs"":3,""unavailable_pairs"":0,""native"":{""count"":""3"",""minimum"":""11"",""median"":""11"",""maximum"":""11"",""median_absolute_deviation"":""0""},""lsf"":{""count"":""3"",""minimum"":""17"",""median"":""17"",""maximum"":""17"",""median_absolute_deviation"":""0""},""paired_difference"":{""count"":""3"",""minimum"":""6"",""median"":""6"",""maximum"":""6"",""median_absolute_deviation"":""0""},""lower"":0,""equal"":0,""higher"":3}}"
1,ready,before,child.listener_count,count,"[{""pair"":0,""first_arm"":""lsf"",""native_group"":1,""lsf_group"":0,""native"":""1"",""lsf"":""1"",""lsf_minus_native"":""0"",""percent_of_native"":""0""},{""pair"":1,""first_arm"":""native"",""native_group"":4,""lsf_group"":5,""native"":""1"",""lsf"":""1"",""lsf_minus_native"":""0"",""percent_of_native"":""0""},{""pair"":2,""first_arm"":""native"",""native_group"":2,""lsf_group"":3,""native"":""1"",""lsf"":""1"",""lsf_minus_native"":""0"",""percent_of_native"":""0""},{""pair"":3,""first_arm"":""native"",""native_group"":0,""lsf_group"":1,""native"":""1"",""lsf"":""1"",""lsf_minus_native"":""0"",""percent_of_native"":""0""},{""pair"":4,""first_arm"":""lsf"",""native_group"":5,""lsf_group"":4,""native"":""1"",""lsf"":""1"",""lsf_minus_native"":""0"",""percent_of_native"":""0""},{""pair"":5,""first_arm"":""lsf"",""native_group"":3,""lsf_group"":2,""native"":""1"",""lsf"":""1"",""lsf_minus_native"":""0"",""percent_of_native"":""0""},{""pair"":6,""first_arm"":""lsf"",""native_group"":1,""lsf_group"":0,""native"":""1"",""lsf"":""1"",""lsf_minus_native"":""0"",""percent_of_native"":""0""}]",7,7,0,"{""count"":""7"",""minimum"":""1"",""median"":""1"",""maximum"":""1"",""median_absolute_deviation"":""0""}","{""count"":""7"",""minimum"":""1"",""median"":""1"",""maximum"":""1"",""median_absolute_deviation"":""0""}","{""count"":""7"",""minimum"":""0"",""median"":""0"",""maximum"":""0"",""median_absolute_deviation"":""0""}",0,7,0,"{""lsf"":{""pair_count"":4,""available_pairs"":4,""unavailable_pairs"":0,""native"":{""count"":""4"",""minimum"":""1"",""median"":""1"",""maximum"":""1"",""median_absolute_deviation"":""0""},""lsf"":{""count"":""4"",""minimum"":""1"",""median"":""1"",""maximum"":""1"",""median_absolute_deviation"":""0""},""paired_difference"":{""count"":""4"",""minimum"":""0"",""median"":""0"",""maximum"":""0"",""median_absolute_deviation"":""0""},""lower"":0,""equal"":4,""higher"":0},""native"":{""pair_count"":3,""available_pairs"":3,""unavailable_pairs"":0,""native"":{""count"":""3"",""minimum"":""1"",""median"":""1"",""maximum"":""1"",""median_absolute_deviation"":""0""},""lsf"":{""count"":""3"",""minimum"":""1"",""median"":""1"",""maximum"":""1"",""median_absolute_deviation"":""0""},""paired_difference"":{""count"":""3"",""minimum"":""0"",""median"":""0"",""maximum"":""0"",""median_absolute_deviation"":""0""},""lower"":0,""equal"":3,""higher"":0}}"
1,ready,before,wrapper.rss_bytes,bytes,"[{""pair"":0,""first_arm"":""lsf"",""native_group"":1,""lsf_group"":0,""native"":""3801088"",""lsf"":""3801088"",""lsf_minus_native"":""0"",""percent_of_native"":""0""},{""pair"":1,""first_arm"":""native"",""native_group"":4,""lsf_group"":5,""native"":""3538944"",""lsf"":""3801088"",""lsf_minus_native"":""262144"",""percent_of_native"":""7.407407""},{""pair"":2,""first_arm"":""native"",""native_group"":2,""lsf_group"":3,""native"":""3801088"",""lsf"":""3801088"",""lsf_minus_native"":""0"",""percent_of_native"":""0""},{""pair"":3,""first_arm"":""native"",""native_group"":0,""lsf_group"":1,""native"":""3801088"",""lsf"":""3538944"",""lsf_minus_native"":""-262144"",""percent_of_native"":""-6.896552""},{""pair"":4,""first_arm"":""lsf"",""native_group"":5,""lsf_group"":4,""native"":""3670016"",""lsf"":""3670016"",""lsf_minus_native"":""0"",""percent_of_native"":""0""},{""pair"":5,""first_arm"":""lsf"",""native_group"":3,""lsf_group"":2,""native"":""3538944"",""lsf"":""3801088"",""lsf_minus_native"":""262144"",""percent_of_native"":""7.407407""},{""pair"":6,""first_arm"":""lsf"",""native_group"":1,""lsf_group"":0,""native"":""3801088"",""lsf"":""3670016"",""lsf_minus_native"":""-131072"",""percent_of_native"":""-3.448276""}]",7,7,0,"{""count"":""7"",""minimum"":""3538944"",""median"":""3801088"",""maximum"":""3801088"",""median_absolute_deviation"":""0""}","{""count"":""7"",""minimum"":""3538944"",""median"":""3801088"",""maximum"":""3801088"",""median_absolute_deviation"":""0""}","{""count"":""7"",""minimum"":""-262144"",""median"":""0"",""maximum"":""262144"",""median_absolute_deviation"":""131072""}",2,3,2,"{""lsf"":{""pair_count"":4,""available_pairs"":4,""unavailable_pairs"":0,""native"":{""count"":""4"",""minimum"":""3538944"",""median"":""3735552"",""maximum"":""3801088"",""median_absolute_deviation"":""65536""},""lsf"":{""count"":""4"",""minimum"":""3670016"",""median"":""3735552"",""maximum"":""3801088"",""median_absolute_deviation"":""65536""},""paired_difference"":{""count"":""4"",""minimum"":""-131072"",""median"":""0"",""maximum"":""262144"",""median_absolute_deviation"":""65536""},""lower"":1,""equal"":2,""higher"":1},""native"":{""pair_count"":3,""available_pairs"":3,""unavailable_pairs"":0,""native"":{""count"":""3"",""minimum"":""3538944"",""median"":""3801088"",""maximum"":""3801088"",""median_absolute_deviation"":""0""},""lsf"":{""count"":""3"",""minimum"":""3538944"",""median"":""3801088"",""maximum"":""3801088"",""median_absolute_deviation"":""0""},""paired_difference"":{""count"":""3"",""minimum"":""-262144"",""median"":""0"",""maximum"":""262144"",""median_absolute_deviation"":""262144""},""lower"":1,""equal"":1,""higher"":1}}"
1,ready,before,wrapper.threads,count,"[{""pair"":0,""first_arm"":""lsf"",""native_group"":1,""lsf_group"":0,""native"":""3"",""lsf"":""3"",""lsf_minus_native"":""0"",""percent_of_native"":""0""},{""pair"":1,""first_arm"":""native"",""native_group"":4,""lsf_group"":5,""native"":""3"",""lsf"":""3"",""lsf_minus_native"":""0"",""percent_of_native"":""0""},{""pair"":2,""first_arm"":""native"",""native_group"":2,""lsf_group"":3,""native"":""3"",""lsf"":""3"",""lsf_minus_native"":""0"",""percent_of_native"":""0""},{""pair"":3,""first_arm"":""native"",""native_group"":0,""lsf_group"":1,""native"":""3"",""lsf"":""3"",""lsf_minus_native"":""0"",""percent_of_native"":""0""},{""pair"":4,""first_arm"":""lsf"",""native_group"":5,""lsf_group"":4,""native"":""3"",""lsf"":""3"",""lsf_minus_native"":""0"",""percent_of_native"":""0""},{""pair"":5,""first_arm"":""lsf"",""native_group"":3,""lsf_group"":2,""native"":""3"",""lsf"":""3"",""lsf_minus_native"":""0"",""percent_of_native"":""0""},{""pair"":6,""first_arm"":""lsf"",""native_group"":1,""lsf_group"":0,""native"":""3"",""lsf"":""3"",""lsf_minus_native"":""0"",""percent_of_native"":""0""}]",7,7,0,"{""count"":""7"",""minimum"":""3"",""median"":""3"",""maximum"":""3"",""median_absolute_deviation"":""0""}","{""count"":""7"",""minimum"":""3"",""median"":""3"",""maximum"":""3"",""median_absolute_deviation"":""0""}","{""count"":""7"",""minimum"":""0"",""median"":""0"",""maximum"":""0"",""median_absolute_deviation"":""0""}",0,7,0,"{""lsf"":{""pair_count"":4,""available_pairs"":4,""unavailable_pairs"":0,""native"":{""count"":""4"",""minimum"":""3"",""median"":""3"",""maximum"":""3"",""median_absolute_deviation"":""0""},""lsf"":{""count"":""4"",""minimum"":""3"",""median"":""3"",""maximum"":""3"",""median_absolute_deviation"":""0""},""paired_difference"":{""count"":""4"",""minimum"":""0"",""median"":""0"",""maximum"":""0"",""median_absolute_deviation"":""0""},""lower"":0,""equal"":4,""higher"":0},""native"":{""pair_count"":3,""available_pairs"":3,""unavailable_pairs"":0,""native"":{""count"":""3"",""minimum"":""3"",""median"":""3"",""maximum"":""3"",""median_absolute_deviation"":""0""},""lsf"":{""count"":""3"",""minimum"":""3"",""median"":""3"",""maximum"":""3"",""median_absolute_deviation"":""0""},""paired_difference"":{""count"":""3"",""minimum"":""0"",""median"":""0"",""maximum"":""0"",""median_absolute_deviation"":""0""},""lower"":0,""equal"":3,""higher"":0}}"
1,ready,before,wrapper.fd_count,count,"[{""pair"":0,""first_arm"":""lsf"",""native_group"":1,""lsf_group"":0,""native"":""19"",""lsf"":""19"",""lsf_minus_native"":""0"",""percent_of_native"":""0""},{""pair"":1,""first_arm"":""native"",""native_group"":4,""lsf_group"":5,""native"":""19"",""lsf"":""19"",""lsf_minus_native"":""0"",""percent_of_native"":""0""},{""pair"":2,""first_arm"":""native"",""native_group"":2,""lsf_group"":3,""native"":""19"",""lsf"":""19"",""lsf_minus_native"":""0"",""percent_of_native"":""0""},{""pair"":3,""first_arm"":""native"",""native_group"":0,""lsf_group"":1,""native"":""19"",""lsf"":""19"",""lsf_minus_native"":""0"",""percent_of_native"":""0""},{""pair"":4,""first_arm"":""lsf"",""native_group"":5,""lsf_group"":4,""native"":""19"",""lsf"":""19"",""lsf_minus_native"":""0"",""percent_of_native"":""0""},{""pair"":5,""first_arm"":""lsf"",""native_group"":3,""lsf_group"":2,""native"":""19"",""lsf"":""19"",""lsf_minus_native"":""0"",""percent_of_native"":""0""},{""pair"":6,""first_arm"":""lsf"",""native_group"":1,""lsf_group"":0,""native"":""19"",""lsf"":""19"",""lsf_minus_native"":""0"",""percent_of_native"":""0""}]",7,7,0,"{""count"":""7"",""minimum"":""19"",""median"":""19"",""maximum"":""19"",""median_absolute_deviation"":""0""}","{""count"":""7"",""minimum"":""19"",""median"":""19"",""maximum"":""19"",""median_absolute_deviation"":""0""}","{""count"":""7"",""minimum"":""0"",""median"":""0"",""maximum"":""0"",""median_absolute_deviation"":""0""}",0,7,0,"{""lsf"":{""pair_count"":4,""available_pairs"":4,""unavailable_pairs"":0,""native"":{""count"":""4"",""minimum"":""19"",""median"":""19"",""maximum"":""19"",""median_absolute_deviation"":""0""},""lsf"":{""count"":""4"",""minimum"":""19"",""median"":""19"",""maximum"":""19"",""median_absolute_deviation"":""0""},""paired_difference"":{""count"":""4"",""minimum"":""0"",""median"":""0"",""maximum"":""0"",""median_absolute_deviation"":""0""},""lower"":0,""equal"":4,""higher"":0},""native"":{""pair_count"":3,""available_pairs"":3,""unavailable_pairs"":0,""native"":{""count"":""3"",""minimum"":""19"",""median"":""19"",""maximum"":""19"",""median_absolute_deviation"":""0""},""lsf"":{""count"":""3"",""minimum"":""19"",""median"":""19"",""maximum"":""19"",""median_absolute_deviation"":""0""},""paired_difference"":{""count"":""3"",""minimum"":""0"",""median"":""0"",""maximum"":""0"",""median_absolute_deviation"":""0""},""lower"":0,""equal"":3,""higher"":0}}"
1,ready,before,wrapper.listener_count,count,"[{""pair"":0,""first_arm"":""lsf"",""native_group"":1,""lsf_group"":0,""native"":""1"",""lsf"":""1"",""lsf_minus_native"":""0"",""percent_of_native"":""0""},{""pair"":1,""first_arm"":""native"",""native_group"":4,""lsf_group"":5,""native"":""1"",""lsf"":""1"",""lsf_minus_native"":""0"",""percent_of_native"":""0""},{""pair"":2,""first_arm"":""native"",""native_group"":2,""lsf_group"":3,""native"":""1"",""lsf"":""1"",""lsf_minus_native"":""0"",""percent_of_native"":""0""},{""pair"":3,""first_arm"":""native"",""native_group"":0,""lsf_group"":1,""native"":""1"",""lsf"":""1"",""lsf_minus_native"":""0"",""percent_of_native"":""0""},{""pair"":4,""first_arm"":""lsf"",""native_group"":5,""lsf_group"":4,""native"":""1"",""lsf"":""1"",""lsf_minus_native"":""0"",""percent_of_native"":""0""},{""pair"":5,""first_arm"":""lsf"",""native_group"":3,""lsf_group"":2,""native"":""1"",""lsf"":""1"",""lsf_minus_native"":""0"",""percent_of_native"":""0""},{""pair"":6,""first_arm"":""lsf"",""native_group"":1,""lsf_group"":0,""native"":""1"",""lsf"":""1"",""lsf_minus_native"":""0"",""percent_of_native"":""0""}]",7,7,0,"{""count"":""7"",""minimum"":""1"",""median"":""1"",""maximum"":""1"",""median_absolute_deviation"":""0""}","{""count"":""7"",""minimum"":""1"",""median"":""1"",""maximum"":""1"",""median_absolute_deviation"":""0""}","{""count"":""7"",""minimum"":""0"",""median"":""0"",""maximum"":""0"",""median_absolute_deviation"":""0""}",0,7,0,"{""lsf"":{""pair_count"":4,""available_pairs"":4,""unavailable_pairs"":0,""native"":{""count"":""4"",""minimum"":""1"",""median"":""1"",""maximum"":""1"",""median_absolute_deviation"":""0""},""lsf"":{""count"":""4"",""minimum"":""1"",""median"":""1"",""maximum"":""1"",""median_absolute_deviation"":""0""},""paired_difference"":{""count"":""4"",""minimum"":""0"",""median"":""0"",""maximum"":""0"",""median_absolute_deviation"":""0""},""lower"":0,""equal"":4,""higher"":0},""native"":{""pair_count"":3,""available_pairs"":3,""unavailable_pairs"":0,""native"":{""count"":""3"",""minimum"":""1"",""median"":""1"",""maximum"":""1"",""median_absolute_deviation"":""0""},""lsf"":{""count"":""3"",""minimum"":""1"",""median"":""1"",""maximum"":""1"",""median_absolute_deviation"":""0""},""paired_difference"":{""count"":""3"",""minimum"":""0"",""median"":""0"",""maximum"":""0"",""median_absolute_deviation"":""0""},""lower"":0,""equal"":3,""higher"":0}}"
1,ready,before,cgroup.memory_current_bytes,bytes,"[{""pair"":0,""first_arm"":""lsf"",""native_group"":1,""lsf_group"":0,""native"":""1581056"",""lsf"":""2666496"",""lsf_minus_native"":""1085440"",""percent_of_native"":""68.65285""},{""pair"":1,""first_arm"":""native"",""native_group"":4,""lsf_group"":5,""native"":""1585152"",""lsf"":""2658304"",""lsf_minus_native"":""1073152"",""percent_of_native"":""67.700258""},{""pair"":2,""first_arm"":""native"",""native_group"":2,""lsf_group"":3,""native"":""1609728"",""lsf"":""2650112"",""lsf_minus_native"":""1040384"",""percent_of_native"":""64.631043""},{""pair"":3,""first_arm"":""native"",""native_group"":0,""lsf_group"":1,""native"":""1601536"",""lsf"":""2666496"",""lsf_minus_native"":""1064960"",""percent_of_native"":""66.496164""},{""pair"":4,""first_arm"":""lsf"",""native_group"":5,""lsf_group"":4,""native"":""1589248"",""lsf"":""2899968"",""lsf_minus_native"":""1310720"",""percent_of_native"":""82.474227""},{""pair"":5,""first_arm"":""lsf"",""native_group"":3,""lsf_group"":2,""native"":""1589248"",""lsf"":""2641920"",""lsf_minus_native"":""1052672"",""percent_of_native"":""66.237113""},{""pair"":6,""first_arm"":""lsf"",""native_group"":1,""lsf_group"":0,""native"":""1585152"",""lsf"":""2670592"",""lsf_minus_native"":""1085440"",""percent_of_native"":""68.475452""}]",7,7,0,"{""count"":""7"",""minimum"":""1581056"",""median"":""1589248"",""maximum"":""1609728"",""median_absolute_deviation"":""4096""}","{""count"":""7"",""minimum"":""2641920"",""median"":""2666496"",""maximum"":""2899968"",""median_absolute_deviation"":""8192""}","{""count"":""7"",""minimum"":""1040384"",""median"":""1073152"",""maximum"":""1310720"",""median_absolute_deviation"":""12288""}",0,0,7,"{""lsf"":{""pair_count"":4,""available_pairs"":4,""unavailable_pairs"":0,""native"":{""count"":""4"",""minimum"":""1581056"",""median"":""1587200"",""maximum"":""1589248"",""median_absolute_deviation"":""2048""},""lsf"":{""count"":""4"",""minimum"":""2641920"",""median"":""2668544"",""maximum"":""2899968"",""median_absolute_deviation"":""14336""},""paired_difference"":{""count"":""4"",""minimum"":""1052672"",""median"":""1085440"",""maximum"":""1310720"",""median_absolute_deviation"":""16384""},""lower"":0,""equal"":0,""higher"":4},""native"":{""pair_count"":3,""available_pairs"":3,""unavailable_pairs"":0,""native"":{""count"":""3"",""minimum"":""1585152"",""median"":""1601536"",""maximum"":""1609728"",""median_absolute_deviation"":""8192""},""lsf"":{""count"":""3"",""minimum"":""2650112"",""median"":""2658304"",""maximum"":""2666496"",""median_absolute_deviation"":""8192""},""paired_difference"":{""count"":""3"",""minimum"":""1040384"",""median"":""1064960"",""maximum"":""1073152"",""median_absolute_deviation"":""8192""},""lower"":0,""equal"":0,""higher"":3}}"
1,ready,before,cgroup.sum_leaf_lifetime_memory_peak_bytes,bytes,"[{""pair"":0,""first_arm"":""lsf"",""native_group"":1,""lsf_group"":0,""native"":""6516736"",""lsf"":""7073792"",""lsf_minus_native"":""557056"",""percent_of_native"":""8.548083""},{""pair"":1,""first_arm"":""native"",""native_group"":4,""lsf_group"":5,""native"":""5984256"",""lsf"":""6873088"",""lsf_minus_native"":""888832"",""percent_of_native"":""14.852841""},{""pair"":2,""first_arm"":""native"",""native_group"":2,""lsf_group"":3,""native"":""6053888"",""lsf"":""7213056"",""lsf_minus_native"":""1159168"",""percent_of_native"":""19.147497""},{""pair"":3,""first_arm"":""native"",""native_group"":0,""lsf_group"":1,""native"":""6103040"",""lsf"":""6881280"",""lsf_minus_native"":""778240"",""percent_of_native"":""12.751678""},{""pair"":4,""first_arm"":""lsf"",""native_group"":5,""lsf_group"":4,""native"":""5922816"",""lsf"":""7204864"",""lsf_minus_native"":""1282048"",""percent_of_native"":""21.64592""},{""pair"":5,""first_arm"":""lsf"",""native_group"":3,""lsf_group"":2,""native"":""6426624"",""lsf"":""7286784"",""lsf_minus_native"":""860160"",""percent_of_native"":""13.384321""},{""pair"":6,""first_arm"":""lsf"",""native_group"":1,""lsf_group"":0,""native"":""6025216"",""lsf"":""6909952"",""lsf_minus_native"":""884736"",""percent_of_native"":""14.683889""}]",7,7,0,"{""count"":""7"",""minimum"":""5922816"",""median"":""6053888"",""maximum"":""6516736"",""median_absolute_deviation"":""69632""}","{""count"":""7"",""minimum"":""6873088"",""median"":""7073792"",""maximum"":""7286784"",""median_absolute_deviation"":""163840""}","{""count"":""7"",""minimum"":""557056"",""median"":""884736"",""maximum"":""1282048"",""median_absolute_deviation"":""106496""}",0,0,7,"{""lsf"":{""pair_count"":4,""available_pairs"":4,""unavailable_pairs"":0,""native"":{""count"":""4"",""minimum"":""5922816"",""median"":""6225920"",""maximum"":""6516736"",""median_absolute_deviation"":""245760""},""lsf"":{""count"":""4"",""minimum"":""6909952"",""median"":""7139328"",""maximum"":""7286784"",""median_absolute_deviation"":""106496""},""paired_difference"":{""count"":""4"",""minimum"":""557056"",""median"":""872448"",""maximum"":""1282048"",""median_absolute_deviation"":""163840""},""lower"":0,""equal"":0,""higher"":4},""native"":{""pair_count"":3,""available_pairs"":3,""unavailable_pairs"":0,""native"":{""count"":""3"",""minimum"":""5984256"",""median"":""6053888"",""maximum"":""6103040"",""median_absolute_deviation"":""49152""},""lsf"":{""count"":""3"",""minimum"":""6873088"",""median"":""6881280"",""maximum"":""7213056"",""median_absolute_deviation"":""8192""},""paired_difference"":{""count"":""3"",""minimum"":""778240"",""median"":""888832"",""maximum"":""1159168"",""median_absolute_deviation"":""110592""},""lower"":0,""equal"":0,""higher"":3}}"
1,ready,before,cgroup.memory_swap_current_bytes,bytes,"[{""pair"":0,""first_arm"":""lsf"",""native_group"":1,""lsf_group"":0,""native"":""0"",""lsf"":""0"",""lsf_minus_native"":""0"",""percent_of_native"":null},{""pair"":1,""first_arm"":""native"",""native_group"":4,""lsf_group"":5,""native"":""0"",""lsf"":""0"",""lsf_minus_native"":""0"",""percent_of_native"":null},{""pair"":2,""first_arm"":""native"",""native_group"":2,""lsf_group"":3,""native"":""0"",""lsf"":""0"",""lsf_minus_native"":""0"",""percent_of_native"":null},{""pair"":3,""first_arm"":""native"",""native_group"":0,""lsf_group"":1,""native"":""0"",""lsf"":""0"",""lsf_minus_native"":""0"",""percent_of_native"":null},{""pair"":4,""first_arm"":""lsf"",""native_group"":5,""lsf_group"":4,""native"":""0"",""lsf"":""0"",""lsf_minus_native"":""0"",""percent_of_native"":null},{""pair"":5,""first_arm"":""lsf"",""native_group"":3,""lsf_group"":2,""native"":""0"",""lsf"":""0"",""lsf_minus_native"":""0"",""percent_of_native"":null},{""pair"":6,""first_arm"":""lsf"",""native_group"":1,""lsf_group"":0,""native"":""0"",""lsf"":""0"",""lsf_minus_native"":""0"",""percent_of_native"":null}]",7,7,0,"{""count"":""7"",""minimum"":""0"",""median"":""0"",""maximum"":""0"",""median_absolute_deviation"":""0""}","{""count"":""7"",""minimum"":""0"",""median"":""0"",""maximum"":""0"",""median_absolute_deviation"":""0""}","{""count"":""7"",""minimum"":""0"",""median"":""0"",""maximum"":""0"",""median_absolute_deviation"":""0""}",0,7,0,"{""lsf"":{""pair_count"":4,""available_pairs"":4,""unavailable_pairs"":0,""native"":{""count"":""4"",""minimum"":""0"",""median"":""0"",""maximum"":""0"",""median_absolute_deviation"":""0""},""lsf"":{""count"":""4"",""minimum"":""0"",""median"":""0"",""maximum"":""0"",""median_absolute_deviation"":""0""},""paired_difference"":{""count"":""4"",""minimum"":""0"",""median"":""0"",""maximum"":""0"",""median_absolute_deviation"":""0""},""lower"":0,""equal"":4,""higher"":0},""native"":{""pair_count"":3,""available_pairs"":3,""unavailable_pairs"":0,""native"":{""count"":""3"",""minimum"":""0"",""median"":""0"",""maximum"":""0"",""median_absolute_deviation"":""0""},""lsf"":{""count"":""3"",""minimum"":""0"",""median"":""0"",""maximum"":""0"",""median_absolute_deviation"":""0""},""paired_difference"":{""count"":""3"",""minimum"":""0"",""median"":""0"",""maximum"":""0"",""median_absolute_deviation"":""0""},""lower"":0,""equal"":3,""higher"":0}}"
1,ready,before,cgroup.pids_current,count,"[{""pair"":0,""first_arm"":""lsf"",""native_group"":1,""lsf_group"":0,""native"":""6"",""lsf"":""10"",""lsf_minus_native"":""4"",""percent_of_native"":""66.666667""},{""pair"":1,""first_arm"":""native"",""native_group"":4,""lsf_group"":5,""native"":""6"",""lsf"":""10"",""lsf_minus_native"":""4"",""percent_of_native"":""66.666667""},{""pair"":2,""first_arm"":""native"",""native_group"":2,""lsf_group"":3,""native"":""6"",""lsf"":""10"",""lsf_minus_native"":""4"",""percent_of_native"":""66.666667""},{""pair"":3,""first_arm"":""native"",""native_group"":0,""lsf_group"":1,""native"":""6"",""lsf"":""10"",""lsf_minus_native"":""4"",""percent_of_native"":""66.666667""},{""pair"":4,""first_arm"":""lsf"",""native_group"":5,""lsf_group"":4,""native"":""6"",""lsf"":""10"",""lsf_minus_native"":""4"",""percent_of_native"":""66.666667""},{""pair"":5,""first_arm"":""lsf"",""native_group"":3,""lsf_group"":2,""native"":""6"",""lsf"":""10"",""lsf_minus_native"":""4"",""percent_of_native"":""66.666667""},{""pair"":6,""first_arm"":""lsf"",""native_group"":1,""lsf_group"":0,""native"":""6"",""lsf"":""10"",""lsf_minus_native"":""4"",""percent_of_native"":""66.666667""}]",7,7,0,"{""count"":""7"",""minimum"":""6"",""median"":""6"",""maximum"":""6"",""median_absolute_deviation"":""0""}","{""count"":""7"",""minimum"":""10"",""median"":""10"",""maximum"":""10"",""median_absolute_deviation"":""0""}","{""count"":""7"",""minimum"":""4"",""median"":""4"",""maximum"":""4"",""median_absolute_deviation"":""0""}",0,0,7,"{""lsf"":{""pair_count"":4,""available_pairs"":4,""unavailable_pairs"":0,""native"":{""count"":""4"",""minimum"":""6"",""median"":""6"",""maximum"":""6"",""median_absolute_deviation"":""0""},""lsf"":{""count"":""4"",""minimum"":""10"",""median"":""10"",""maximum"":""10"",""median_absolute_deviation"":""0""},""paired_difference"":{""count"":""4"",""minimum"":""4"",""median"":""4"",""maximum"":""4"",""median_absolute_deviation"":""0""},""lower"":0,""equal"":0,""higher"":4},""native"":{""pair_count"":3,""available_pairs"":3,""unavailable_pairs"":0,""native"":{""count"":""3"",""minimum"":""6"",""median"":""6"",""maximum"":""6"",""median_absolute_deviation"":""0""},""lsf"":{""count"":""3"",""minimum"":""10"",""median"":""10"",""maximum"":""10"",""median_absolute_deviation"":""0""},""paired_difference"":{""count"":""3"",""minimum"":""4"",""median"":""4"",""maximum"":""4"",""median_absolute_deviation"":""0""},""lower"":0,""equal"":0,""higher"":3}}"
1,ready,before,cgroup.cpu.usage_usec,us,"[{""pair"":0,""first_arm"":""lsf"",""native_group"":1,""lsf_group"":0,""native"":""52325"",""lsf"":""71187"",""lsf_minus_native"":""18862"",""percent_of_native"":""36.047778""},{""pair"":1,""first_arm"":""native"",""native_group"":4,""lsf_group"":5,""native"":""49769"",""lsf"":""75789"",""lsf_minus_native"":""26020"",""percent_of_native"":""52.281541""},{""pair"":2,""first_arm"":""native"",""native_group"":2,""lsf_group"":3,""native"":""52585"",""lsf"":""62231"",""lsf_minus_native"":""9646"",""percent_of_native"":""18.343634""},{""pair"":3,""first_arm"":""native"",""native_group"":0,""lsf_group"":1,""native"":""52640"",""lsf"":""68656"",""lsf_minus_native"":""16016"",""percent_of_native"":""30.425532""},{""pair"":4,""first_arm"":""lsf"",""native_group"":5,""lsf_group"":4,""native"":""46749"",""lsf"":""61974"",""lsf_minus_native"":""15225"",""percent_of_native"":""32.567542""},{""pair"":5,""first_arm"":""lsf"",""native_group"":3,""lsf_group"":2,""native"":""50524"",""lsf"":""71708"",""lsf_minus_native"":""21184"",""percent_of_native"":""41.928588""},{""pair"":6,""first_arm"":""lsf"",""native_group"":1,""lsf_group"":0,""native"":""51802"",""lsf"":""69402"",""lsf_minus_native"":""17600"",""percent_of_native"":""33.975522""}]",7,7,0,"{""count"":""7"",""minimum"":""46749"",""median"":""51802"",""maximum"":""52640"",""median_absolute_deviation"":""838""}","{""count"":""7"",""minimum"":""61974"",""median"":""69402"",""maximum"":""75789"",""median_absolute_deviation"":""2306""}","{""count"":""7"",""minimum"":""9646"",""median"":""17600"",""maximum"":""26020"",""median_absolute_deviation"":""2375""}",0,0,7,"{""lsf"":{""pair_count"":4,""available_pairs"":4,""unavailable_pairs"":0,""native"":{""count"":""4"",""minimum"":""46749"",""median"":""51163"",""maximum"":""52325"",""median_absolute_deviation"":""900.5""},""lsf"":{""count"":""4"",""minimum"":""61974"",""median"":""70294.5"",""maximum"":""71708"",""median_absolute_deviation"":""1153""},""paired_difference"":{""count"":""4"",""minimum"":""15225"",""median"":""18231"",""maximum"":""21184"",""median_absolute_deviation"":""1792""},""lower"":0,""equal"":0,""higher"":4},""native"":{""pair_count"":3,""available_pairs"":3,""unavailable_pairs"":0,""native"":{""count"":""3"",""minimum"":""49769"",""median"":""52585"",""maximum"":""52640"",""median_absolute_deviation"":""55""},""lsf"":{""count"":""3"",""minimum"":""62231"",""median"":""68656"",""maximum"":""75789"",""median_absolute_deviation"":""6425""},""paired_difference"":{""count"":""3"",""minimum"":""9646"",""median"":""16016"",""maximum"":""26020"",""median_absolute_deviation"":""6370""},""lower"":0,""equal"":0,""higher"":3}}"
1,ready,before,cgroup.cpu.user_usec,us,"[{""pair"":0,""first_arm"":""lsf"",""native_group"":1,""lsf_group"":0,""native"":""8781"",""lsf"":""17512"",""lsf_minus_native"":""8731"",""percent_of_native"":""99.430589""},{""pair"":1,""first_arm"":""native"",""native_group"":4,""lsf_group"":5,""native"":""19142"",""lsf"":""22736"",""lsf_minus_native"":""3594"",""percent_of_native"":""18.775468""},{""pair"":2,""first_arm"":""native"",""native_group"":2,""lsf_group"":3,""native"":""4016"",""lsf"":""15557"",""lsf_minus_native"":""11541"",""percent_of_native"":""287.375498""},{""pair"":3,""first_arm"":""native"",""native_group"":0,""lsf_group"":1,""native"":""0"",""lsf"":""21125"",""lsf_minus_native"":""21125"",""percent_of_native"":null},{""pair"":4,""first_arm"":""lsf"",""native_group"":5,""lsf_group"":4,""native"":""5016"",""lsf"":""16526"",""lsf_minus_native"":""11510"",""percent_of_native"":""229.46571""},{""pair"":5,""first_arm"":""lsf"",""native_group"":3,""lsf_group"":2,""native"":""3844"",""lsf"":""26890"",""lsf_minus_native"":""23046"",""percent_of_native"":""599.531738""},{""pair"":6,""first_arm"":""lsf"",""native_group"":1,""lsf_group"":0,""native"":""10522"",""lsf"":""16077"",""lsf_minus_native"":""5555"",""percent_of_native"":""52.794146""}]",7,7,0,"{""count"":""7"",""minimum"":""0"",""median"":""5016"",""maximum"":""19142"",""median_absolute_deviation"":""3765""}","{""count"":""7"",""minimum"":""15557"",""median"":""17512"",""maximum"":""26890"",""median_absolute_deviation"":""1955""}","{""count"":""7"",""minimum"":""3594"",""median"":""11510"",""maximum"":""23046"",""median_absolute_deviation"":""5955""}",0,0,7,"{""lsf"":{""pair_count"":4,""available_pairs"":4,""unavailable_pairs"":0,""native"":{""count"":""4"",""minimum"":""3844"",""median"":""6898.5"",""maximum"":""10522"",""median_absolute_deviation"":""2468.5""},""lsf"":{""count"":""4"",""minimum"":""16077"",""median"":""17019"",""maximum"":""26890"",""median_absolute_deviation"":""717.5""},""paired_difference"":{""count"":""4"",""minimum"":""5555"",""median"":""10120.5"",""maximum"":""23046"",""median_absolute_deviation"":""2977.5""},""lower"":0,""equal"":0,""higher"":4},""native"":{""pair_count"":3,""available_pairs"":3,""unavailable_pairs"":0,""native"":{""count"":""3"",""minimum"":""0"",""median"":""4016"",""maximum"":""19142"",""median_absolute_deviation"":""4016""},""lsf"":{""count"":""3"",""minimum"":""15557"",""median"":""21125"",""maximum"":""22736"",""median_absolute_deviation"":""1611""},""paired_difference"":{""count"":""3"",""minimum"":""3594"",""median"":""11541"",""maximum"":""21125"",""median_absolute_deviation"":""7947""},""lower"":0,""equal"":0,""higher"":3}}"
1,ready,before,cgroup.cpu.system_usec,us,"[{""pair"":0,""first_arm"":""lsf"",""native_group"":1,""lsf_group"":0,""native"":""43544"",""lsf"":""53674"",""lsf_minus_native"":""10130"",""percent_of_native"":""23.263825""},{""pair"":1,""first_arm"":""native"",""native_group"":4,""lsf_group"":5,""native"":""30627"",""lsf"":""53052"",""lsf_minus_native"":""22425"",""percent_of_native"":""73.219708""},{""pair"":2,""first_arm"":""native"",""native_group"":2,""lsf_group"":3,""native"":""48568"",""lsf"":""46673"",""lsf_minus_native"":""-1895"",""percent_of_native"":""-3.901746""},{""pair"":3,""first_arm"":""native"",""native_group"":0,""lsf_group"":1,""native"":""52640"",""lsf"":""47531"",""lsf_minus_native"":""-5109"",""percent_of_native"":""-9.705547""},{""pair"":4,""first_arm"":""lsf"",""native_group"":5,""lsf_group"":4,""native"":""41733"",""lsf"":""45448"",""lsf_minus_native"":""3715"",""percent_of_native"":""8.901828""},{""pair"":5,""first_arm"":""lsf"",""native_group"":3,""lsf_group"":2,""native"":""46679"",""lsf"":""44818"",""lsf_minus_native"":""-1861"",""percent_of_native"":""-3.986803""},{""pair"":6,""first_arm"":""lsf"",""native_group"":1,""lsf_group"":0,""native"":""41280"",""lsf"":""53325"",""lsf_minus_native"":""12045"",""percent_of_native"":""29.178779""}]",7,7,0,"{""count"":""7"",""minimum"":""30627"",""median"":""43544"",""maximum"":""52640"",""median_absolute_deviation"":""3135""}","{""count"":""7"",""minimum"":""44818"",""median"":""47531"",""maximum"":""53674"",""median_absolute_deviation"":""2713""}","{""count"":""7"",""minimum"":""-5109"",""median"":""3715"",""maximum"":""22425"",""median_absolute_deviation"":""6415""}",3,0,4,"{""lsf"":{""pair_count"":4,""available_pairs"":4,""unavailable_pairs"":0,""native"":{""count"":""4"",""minimum"":""41280"",""median"":""42638.5"",""maximum"":""46679"",""median_absolute_deviation"":""1132""},""lsf"":{""count"":""4"",""minimum"":""44818"",""median"":""49386.5"",""maximum"":""53674"",""median_absolute_deviation"":""4113""},""paired_difference"":{""count"":""4"",""minimum"":""-1861"",""median"":""6922.5"",""maximum"":""12045"",""median_absolute_deviation"":""4165""},""lower"":1,""equal"":0,""higher"":3},""native"":{""pair_count"":3,""available_pairs"":3,""unavailable_pairs"":0,""native"":{""count"":""3"",""minimum"":""30627"",""median"":""48568"",""maximum"":""52640"",""median_absolute_deviation"":""4072""},""lsf"":{""count"":""3"",""minimum"":""46673"",""median"":""47531"",""maximum"":""53052"",""median_absolute_deviation"":""858""},""paired_difference"":{""count"":""3"",""minimum"":""-5109"",""median"":""-1895"",""maximum"":""22425"",""median_absolute_deviation"":""3214""},""lower"":2,""equal"":0,""higher"":1}}"
1,ready,before,cgroup.cpu.nr_periods,count,"[{""pair"":0,""first_arm"":""lsf"",""native_group"":1,""lsf_group"":0,""native"":""4"",""lsf"":""20"",""lsf_minus_native"":""16"",""percent_of_native"":""400""},{""pair"":1,""first_arm"":""native"",""native_group"":4,""lsf_group"":5,""native"":""6"",""lsf"":""19"",""lsf_minus_native"":""13"",""percent_of_native"":""216.666667""},{""pair"":2,""first_arm"":""native"",""native_group"":2,""lsf_group"":3,""native"":""5"",""lsf"":""20"",""lsf_minus_native"":""15"",""percent_of_native"":""300""},{""pair"":3,""first_arm"":""native"",""native_group"":0,""lsf_group"":1,""native"":""5"",""lsf"":""17"",""lsf_minus_native"":""12"",""percent_of_native"":""240""},{""pair"":4,""first_arm"":""lsf"",""native_group"":5,""lsf_group"":4,""native"":""4"",""lsf"":""15"",""lsf_minus_native"":""11"",""percent_of_native"":""275""},{""pair"":5,""first_arm"":""lsf"",""native_group"":3,""lsf_group"":2,""native"":""6"",""lsf"":""19"",""lsf_minus_native"":""13"",""percent_of_native"":""216.666667""},{""pair"":6,""first_arm"":""lsf"",""native_group"":1,""lsf_group"":0,""native"":""5"",""lsf"":""17"",""lsf_minus_native"":""12"",""percent_of_native"":""240""}]",7,7,0,"{""count"":""7"",""minimum"":""4"",""median"":""5"",""maximum"":""6"",""median_absolute_deviation"":""1""}","{""count"":""7"",""minimum"":""15"",""median"":""19"",""maximum"":""20"",""median_absolute_deviation"":""1""}","{""count"":""7"",""minimum"":""11"",""median"":""13"",""maximum"":""16"",""median_absolute_deviation"":""1""}",0,0,7,"{""lsf"":{""pair_count"":4,""available_pairs"":4,""unavailable_pairs"":0,""native"":{""count"":""4"",""minimum"":""4"",""median"":""4.5"",""maximum"":""6"",""median_absolute_deviation"":""0.5""},""lsf"":{""count"":""4"",""minimum"":""15"",""median"":""18"",""maximum"":""20"",""median_absolute_deviation"":""1.5""},""paired_difference"":{""count"":""4"",""minimum"":""11"",""median"":""12.5"",""maximum"":""16"",""median_absolute_deviation"":""1""},""lower"":0,""equal"":0,""higher"":4},""native"":{""pair_count"":3,""available_pairs"":3,""unavailable_pairs"":0,""native"":{""count"":""3"",""minimum"":""5"",""median"":""5"",""maximum"":""6"",""median_absolute_deviation"":""0""},""lsf"":{""count"":""3"",""minimum"":""17"",""median"":""19"",""maximum"":""20"",""median_absolute_deviation"":""1""},""paired_difference"":{""count"":""3"",""minimum"":""12"",""median"":""13"",""maximum"":""15"",""median_absolute_deviation"":""1""},""lower"":0,""equal"":0,""higher"":3}}"
1,ready,before,cgroup.cpu.nr_throttled,count,"[{""pair"":0,""first_arm"":""lsf"",""native_group"":1,""lsf_group"":0,""native"":""0"",""lsf"":""0"",""lsf_minus_native"":""0"",""percent_of_native"":null},{""pair"":1,""first_arm"":""native"",""native_group"":4,""lsf_group"":5,""native"":""0"",""lsf"":""0"",""lsf_minus_native"":""0"",""percent_of_native"":null},{""pair"":2,""first_arm"":""native"",""native_group"":2,""lsf_group"":3,""native"":""0"",""lsf"":""0"",""lsf_minus_native"":""0"",""percent_of_native"":null},{""pair"":3,""first_arm"":""native"",""native_group"":0,""lsf_group"":1,""native"":""0"",""lsf"":""0"",""lsf_minus_native"":""0"",""percent_of_native"":null},{""pair"":4,""first_arm"":""lsf"",""native_group"":5,""lsf_group"":4,""native"":""0"",""lsf"":""0"",""lsf_minus_native"":""0"",""percent_of_native"":null},{""pair"":5,""first_arm"":""lsf"",""native_group"":3,""lsf_group"":2,""native"":""0"",""lsf"":""0"",""lsf_minus_native"":""0"",""percent_of_native"":null},{""pair"":6,""first_arm"":""lsf"",""native_group"":1,""lsf_group"":0,""native"":""0"",""lsf"":""0"",""lsf_minus_native"":""0"",""percent_of_native"":null}]",7,7,0,"{""count"":""7"",""minimum"":""0"",""median"":""0"",""maximum"":""0"",""median_absolute_deviation"":""0""}","{""count"":""7"",""minimum"":""0"",""median"":""0"",""maximum"":""0"",""median_absolute_deviation"":""0""}","{""count"":""7"",""minimum"":""0"",""median"":""0"",""maximum"":""0"",""median_absolute_deviation"":""0""}",0,7,0,"{""lsf"":{""pair_count"":4,""available_pairs"":4,""unavailable_pairs"":0,""native"":{""count"":""4"",""minimum"":""0"",""median"":""0"",""maximum"":""0"",""median_absolute_deviation"":""0""},""lsf"":{""count"":""4"",""minimum"":""0"",""median"":""0"",""maximum"":""0"",""median_absolute_deviation"":""0""},""paired_difference"":{""count"":""4"",""minimum"":""0"",""median"":""0"",""maximum"":""0"",""median_absolute_deviation"":""0""},""lower"":0,""equal"":4,""higher"":0},""native"":{""pair_count"":3,""available_pairs"":3,""unavailable_pairs"":0,""native"":{""count"":""3"",""minimum"":""0"",""median"":""0"",""maximum"":""0"",""median_absolute_deviation"":""0""},""lsf"":{""count"":""3"",""minimum"":""0"",""median"":""0"",""maximum"":""0"",""median_absolute_deviation"":""0""},""paired_difference"":{""count"":""3"",""minimum"":""0"",""median"":""0"",""maximum"":""0"",""median_absolute_deviation"":""0""},""lower"":0,""equal"":3,""higher"":0}}"
1,ready,before,cgroup.cpu.throttled_usec,us,"[{""pair"":0,""first_arm"":""lsf"",""native_group"":1,""lsf_group"":0,""native"":""0"",""lsf"":""0"",""lsf_minus_native"":""0"",""percent_of_native"":null},{""pair"":1,""first_arm"":""native"",""native_group"":4,""lsf_group"":5,""native"":""0"",""lsf"":""0"",""lsf_minus_native"":""0"",""percent_of_native"":null},{""pair"":2,""first_arm"":""native"",""native_group"":2,""lsf_group"":3,""native"":""0"",""lsf"":""0"",""lsf_minus_native"":""0"",""percent_of_native"":null},{""pair"":3,""first_arm"":""native"",""native_group"":0,""lsf_group"":1,""native"":""0"",""lsf"":""0"",""lsf_minus_native"":""0"",""percent_of_native"":null},{""pair"":4,""first_arm"":""lsf"",""native_group"":5,""lsf_group"":4,""native"":""0"",""lsf"":""0"",""lsf_minus_native"":""0"",""percent_of_native"":null},{""pair"":5,""first_arm"":""lsf"",""native_group"":3,""lsf_group"":2,""native"":""0"",""lsf"":""0"",""lsf_minus_native"":""0"",""percent_of_native"":null},{""pair"":6,""first_arm"":""lsf"",""native_group"":1,""lsf_group"":0,""native"":""0"",""lsf"":""0"",""lsf_minus_native"":""0"",""percent_of_native"":null}]",7,7,0,"{""count"":""7"",""minimum"":""0"",""median"":""0"",""maximum"":""0"",""median_absolute_deviation"":""0""}","{""count"":""7"",""minimum"":""0"",""median"":""0"",""maximum"":""0"",""median_absolute_deviation"":""0""}","{""count"":""7"",""minimum"":""0"",""median"":""0"",""maximum"":""0"",""median_absolute_deviation"":""0""}",0,7,0,"{""lsf"":{""pair_count"":4,""available_pairs"":4,""unavailable_pairs"":0,""native"":{""count"":""4"",""minimum"":""0"",""median"":""0"",""maximum"":""0"",""median_absolute_deviation"":""0""},""lsf"":{""count"":""4"",""minimum"":""0"",""median"":""0"",""maximum"":""0"",""median_absolute_deviation"":""0""},""paired_difference"":{""count"":""4"",""minimum"":""0"",""median"":""0"",""maximum"":""0"",""median_absolute_deviation"":""0""},""lower"":0,""equal"":4,""higher"":0},""native"":{""pair_count"":3,""available_pairs"":3,""unavailable_pairs"":0,""native"":{""count"":""3"",""minimum"":""0"",""median"":""0"",""maximum"":""0"",""median_absolute_deviation"":""0""},""lsf"":{""count"":""3"",""minimum"":""0"",""median"":""0"",""maximum"":""0"",""median_absolute_deviation"":""0""},""paired_difference"":{""count"":""3"",""minimum"":""0"",""median"":""0"",""maximum"":""0"",""median_absolute_deviation"":""0""},""lower"":0,""equal"":3,""higher"":0}}"
1,served,after,child.rss_bytes,bytes,"[{""pair"":0,""first_arm"":""lsf"",""native_group"":1,""lsf_group"":0,""native"":""4849664"",""lsf"":""21942272"",""lsf_minus_native"":""17092608"",""percent_of_native"":""352.449324""},{""pair"":1,""first_arm"":""native"",""native_group"":4,""lsf_group"":5,""native"":""4718592"",""lsf"":""22147072"",""lsf_minus_native"":""17428480"",""percent_of_native"":""369.357639""},{""pair"":2,""first_arm"":""native"",""native_group"":2,""lsf_group"":3,""native"":""4718592"",""lsf"":""22093824"",""lsf_minus_native"":""17375232"",""percent_of_native"":""368.229167""},{""pair"":3,""first_arm"":""native"",""native_group"":0,""lsf_group"":1,""native"":""4718592"",""lsf"":""21729280"",""lsf_minus_native"":""17010688"",""percent_of_native"":""360.503472""},{""pair"":4,""first_arm"":""lsf"",""native_group"":5,""lsf_group"":4,""native"":""4587520"",""lsf"":""21864448"",""lsf_minus_native"":""17276928"",""percent_of_native"":""376.607143""},{""pair"":5,""first_arm"":""lsf"",""native_group"":3,""lsf_group"":2,""native"":""4718592"",""lsf"":""22020096"",""lsf_minus_native"":""17301504"",""percent_of_native"":""366.666667""},{""pair"":6,""first_arm"":""lsf"",""native_group"":1,""lsf_group"":0,""native"":""4587520"",""lsf"":""21610496"",""lsf_minus_native"":""17022976"",""percent_of_native"":""371.071429""}]",7,7,0,"{""count"":""7"",""minimum"":""4587520"",""median"":""4718592"",""maximum"":""4849664"",""median_absolute_deviation"":""0""}","{""count"":""7"",""minimum"":""21610496"",""median"":""21942272"",""maximum"":""22147072"",""median_absolute_deviation"":""151552""}","{""count"":""7"",""minimum"":""17010688"",""median"":""17276928"",""maximum"":""17428480"",""median_absolute_deviation"":""151552""}",0,0,7,"{""lsf"":{""pair_count"":4,""available_pairs"":4,""unavailable_pairs"":0,""native"":{""count"":""4"",""minimum"":""4587520"",""median"":""4653056"",""maximum"":""4849664"",""median_absolute_deviation"":""65536""},""lsf"":{""count"":""4"",""minimum"":""21610496"",""median"":""21903360"",""maximum"":""22020096"",""median_absolute_deviation"":""77824""},""paired_difference"":{""count"":""4"",""minimum"":""17022976"",""median"":""17184768"",""maximum"":""17301504"",""median_absolute_deviation"":""104448""},""lower"":0,""equal"":0,""higher"":4},""native"":{""pair_count"":3,""available_pairs"":3,""unavailable_pairs"":0,""native"":{""count"":""3"",""minimum"":""4718592"",""median"":""4718592"",""maximum"":""4718592"",""median_absolute_deviation"":""0""},""lsf"":{""count"":""3"",""minimum"":""21729280"",""median"":""22093824"",""maximum"":""22147072"",""median_absolute_deviation"":""53248""},""paired_difference"":{""count"":""3"",""minimum"":""17010688"",""median"":""17375232"",""maximum"":""17428480"",""median_absolute_deviation"":""53248""},""lower"":0,""equal"":0,""higher"":3}}"
1,served,after,child.threads,count,"[{""pair"":0,""first_arm"":""lsf"",""native_group"":1,""lsf_group"":0,""native"":""3"",""lsf"":""7"",""lsf_minus_native"":""4"",""percent_of_native"":""133.333333""},{""pair"":1,""first_arm"":""native"",""native_group"":4,""lsf_group"":5,""native"":""3"",""lsf"":""7"",""lsf_minus_native"":""4"",""percent_of_native"":""133.333333""},{""pair"":2,""first_arm"":""native"",""native_group"":2,""lsf_group"":3,""native"":""3"",""lsf"":""7"",""lsf_minus_native"":""4"",""percent_of_native"":""133.333333""},{""pair"":3,""first_arm"":""native"",""native_group"":0,""lsf_group"":1,""native"":""3"",""lsf"":""7"",""lsf_minus_native"":""4"",""percent_of_native"":""133.333333""},{""pair"":4,""first_arm"":""lsf"",""native_group"":5,""lsf_group"":4,""native"":""3"",""lsf"":""7"",""lsf_minus_native"":""4"",""percent_of_native"":""133.333333""},{""pair"":5,""first_arm"":""lsf"",""native_group"":3,""lsf_group"":2,""native"":""3"",""lsf"":""7"",""lsf_minus_native"":""4"",""percent_of_native"":""133.333333""},{""pair"":6,""first_arm"":""lsf"",""native_group"":1,""lsf_group"":0,""native"":""3"",""lsf"":""7"",""lsf_minus_native"":""4"",""percent_of_native"":""133.333333""}]",7,7,0,"{""count"":""7"",""minimum"":""3"",""median"":""3"",""maximum"":""3"",""median_absolute_deviation"":""0""}","{""count"":""7"",""minimum"":""7"",""median"":""7"",""maximum"":""7"",""median_absolute_deviation"":""0""}","{""count"":""7"",""minimum"":""4"",""median"":""4"",""maximum"":""4"",""median_absolute_deviation"":""0""}",0,0,7,"{""lsf"":{""pair_count"":4,""available_pairs"":4,""unavailable_pairs"":0,""native"":{""count"":""4"",""minimum"":""3"",""median"":""3"",""maximum"":""3"",""median_absolute_deviation"":""0""},""lsf"":{""count"":""4"",""minimum"":""7"",""median"":""7"",""maximum"":""7"",""median_absolute_deviation"":""0""},""paired_difference"":{""count"":""4"",""minimum"":""4"",""median"":""4"",""maximum"":""4"",""median_absolute_deviation"":""0""},""lower"":0,""equal"":0,""higher"":4},""native"":{""pair_count"":3,""available_pairs"":3,""unavailable_pairs"":0,""native"":{""count"":""3"",""minimum"":""3"",""median"":""3"",""maximum"":""3"",""median_absolute_deviation"":""0""},""lsf"":{""count"":""3"",""minimum"":""7"",""median"":""7"",""maximum"":""7"",""median_absolute_deviation"":""0""},""paired_difference"":{""count"":""3"",""minimum"":""4"",""median"":""4"",""maximum"":""4"",""median_absolute_deviation"":""0""},""lower"":0,""equal"":0,""higher"":3}}"
1,served,after,child.fd_count,count,"[{""pair"":0,""first_arm"":""lsf"",""native_group"":1,""lsf_group"":0,""native"":""11"",""lsf"":""18"",""lsf_minus_native"":""7"",""percent_of_native"":""63.636364""},{""pair"":1,""first_arm"":""native"",""native_group"":4,""lsf_group"":5,""native"":""11"",""lsf"":""18"",""lsf_minus_native"":""7"",""percent_of_native"":""63.636364""},{""pair"":2,""first_arm"":""native"",""native_group"":2,""lsf_group"":3,""native"":""11"",""lsf"":""18"",""lsf_minus_native"":""7"",""percent_of_native"":""63.636364""},{""pair"":3,""first_arm"":""native"",""native_group"":0,""lsf_group"":1,""native"":""11"",""lsf"":""18"",""lsf_minus_native"":""7"",""percent_of_native"":""63.636364""},{""pair"":4,""first_arm"":""lsf"",""native_group"":5,""lsf_group"":4,""native"":""11"",""lsf"":""18"",""lsf_minus_native"":""7"",""percent_of_native"":""63.636364""},{""pair"":5,""first_arm"":""lsf"",""native_group"":3,""lsf_group"":2,""native"":""11"",""lsf"":""18"",""lsf_minus_native"":""7"",""percent_of_native"":""63.636364""},{""pair"":6,""first_arm"":""lsf"",""native_group"":1,""lsf_group"":0,""native"":""11"",""lsf"":""18"",""lsf_minus_native"":""7"",""percent_of_native"":""63.636364""}]",7,7,0,"{""count"":""7"",""minimum"":""11"",""median"":""11"",""maximum"":""11"",""median_absolute_deviation"":""0""}","{""count"":""7"",""minimum"":""18"",""median"":""18"",""maximum"":""18"",""median_absolute_deviation"":""0""}","{""count"":""7"",""minimum"":""7"",""median"":""7"",""maximum"":""7"",""median_absolute_deviation"":""0""}",0,0,7,"{""lsf"":{""pair_count"":4,""available_pairs"":4,""unavailable_pairs"":0,""native"":{""count"":""4"",""minimum"":""11"",""median"":""11"",""maximum"":""11"",""median_absolute_deviation"":""0""},""lsf"":{""count"":""4"",""minimum"":""18"",""median"":""18"",""maximum"":""18"",""median_absolute_deviation"":""0""},""paired_difference"":{""count"":""4"",""minimum"":""7"",""median"":""7"",""maximum"":""7"",""median_absolute_deviation"":""0""},""lower"":0,""equal"":0,""higher"":4},""native"":{""pair_count"":3,""available_pairs"":3,""unavailable_pairs"":0,""native"":{""count"":""3"",""minimum"":""11"",""median"":""11"",""maximum"":""11"",""median_absolute_deviation"":""0""},""lsf"":{""count"":""3"",""minimum"":""18"",""median"":""18"",""maximum"":""18"",""median_absolute_deviation"":""0""},""paired_difference"":{""count"":""3"",""minimum"":""7"",""median"":""7"",""maximum"":""7"",""median_absolute_deviation"":""0""},""lower"":0,""equal"":0,""higher"":3}}"
1,served,after,child.listener_count,count,"[{""pair"":0,""first_arm"":""lsf"",""native_group"":1,""lsf_group"":0,""native"":""1"",""lsf"":""1"",""lsf_minus_native"":""0"",""percent_of_native"":""0""},{""pair"":1,""first_arm"":""native"",""native_group"":4,""lsf_group"":5,""native"":""1"",""lsf"":""1"",""lsf_minus_native"":""0"",""percent_of_native"":""0""},{""pair"":2,""first_arm"":""native"",""native_group"":2,""lsf_group"":3,""native"":""1"",""lsf"":""1"",""lsf_minus_native"":""0"",""percent_of_native"":""0""},{""pair"":3,""first_arm"":""native"",""native_group"":0,""lsf_group"":1,""native"":""1"",""lsf"":""1"",""lsf_minus_native"":""0"",""percent_of_native"":""0""},{""pair"":4,""first_arm"":""lsf"",""native_group"":5,""lsf_group"":4,""native"":""1"",""lsf"":""1"",""lsf_minus_native"":""0"",""percent_of_native"":""0""},{""pair"":5,""first_arm"":""lsf"",""native_group"":3,""lsf_group"":2,""native"":""1"",""lsf"":""1"",""lsf_minus_native"":""0"",""percent_of_native"":""0""},{""pair"":6,""first_arm"":""lsf"",""native_group"":1,""lsf_group"":0,""native"":""1"",""lsf"":""1"",""lsf_minus_native"":""0"",""percent_of_native"":""0""}]",7,7,0,"{""count"":""7"",""minimum"":""1"",""median"":""1"",""maximum"":""1"",""median_absolute_deviation"":""0""}","{""count"":""7"",""minimum"":""1"",""median"":""1"",""maximum"":""1"",""median_absolute_deviation"":""0""}","{""count"":""7"",""minimum"":""0"",""median"":""0"",""maximum"":""0"",""median_absolute_deviation"":""0""}",0,7,0,"{""lsf"":{""pair_count"":4,""available_pairs"":4,""unavailable_pairs"":0,""native"":{""count"":""4"",""minimum"":""1"",""median"":""1"",""maximum"":""1"",""median_absolute_deviation"":""0""},""lsf"":{""count"":""4"",""minimum"":""1"",""median"":""1"",""maximum"":""1"",""median_absolute_deviation"":""0""},""paired_difference"":{""count"":""4"",""minimum"":""0"",""median"":""0"",""maximum"":""0"",""median_absolute_deviation"":""0""},""lower"":0,""equal"":4,""higher"":0},""native"":{""pair_count"":3,""available_pairs"":3,""unavailable_pairs"":0,""native"":{""count"":""3"",""minimum"":""1"",""median"":""1"",""maximum"":""1"",""median_absolute_deviation"":""0""},""lsf"":{""count"":""3"",""minimum"":""1"",""median"":""1"",""maximum"":""1"",""median_absolute_deviation"":""0""},""paired_difference"":{""count"":""3"",""minimum"":""0"",""median"":""0"",""maximum"":""0"",""median_absolute_deviation"":""0""},""lower"":0,""equal"":3,""higher"":0}}"
1,served,after,wrapper.rss_bytes,bytes,"[{""pair"":0,""first_arm"":""lsf"",""native_group"":1,""lsf_group"":0,""native"":""3932160"",""lsf"":""3932160"",""lsf_minus_native"":""0"",""percent_of_native"":""0""},{""pair"":1,""first_arm"":""native"",""native_group"":4,""lsf_group"":5,""native"":""3670016"",""lsf"":""3932160"",""lsf_minus_native"":""262144"",""percent_of_native"":""7.142857""},{""pair"":2,""first_arm"":""native"",""native_group"":2,""lsf_group"":3,""native"":""3932160"",""lsf"":""3932160"",""lsf_minus_native"":""0"",""percent_of_native"":""0""},{""pair"":3,""first_arm"":""native"",""native_group"":0,""lsf_group"":1,""native"":""3932160"",""lsf"":""3670016"",""lsf_minus_native"":""-262144"",""percent_of_native"":""-6.666667""},{""pair"":4,""first_arm"":""lsf"",""native_group"":5,""lsf_group"":4,""native"":""3801088"",""lsf"":""3801088"",""lsf_minus_native"":""0"",""percent_of_native"":""0""},{""pair"":5,""first_arm"":""lsf"",""native_group"":3,""lsf_group"":2,""native"":""3670016"",""lsf"":""3932160"",""lsf_minus_native"":""262144"",""percent_of_native"":""7.142857""},{""pair"":6,""first_arm"":""lsf"",""native_group"":1,""lsf_group"":0,""native"":""3932160"",""lsf"":""3801088"",""lsf_minus_native"":""-131072"",""percent_of_native"":""-3.333333""}]",7,7,0,"{""count"":""7"",""minimum"":""3670016"",""median"":""3932160"",""maximum"":""3932160"",""median_absolute_deviation"":""0""}","{""count"":""7"",""minimum"":""3670016"",""median"":""3932160"",""maximum"":""3932160"",""median_absolute_deviation"":""0""}","{""count"":""7"",""minimum"":""-262144"",""median"":""0"",""maximum"":""262144"",""median_absolute_deviation"":""131072""}",2,3,2,"{""lsf"":{""pair_count"":4,""available_pairs"":4,""unavailable_pairs"":0,""native"":{""count"":""4"",""minimum"":""3670016"",""median"":""3866624"",""maximum"":""3932160"",""median_absolute_deviation"":""65536""},""lsf"":{""count"":""4"",""minimum"":""3801088"",""median"":""3866624"",""maximum"":""3932160"",""median_absolute_deviation"":""65536""},""paired_difference"":{""count"":""4"",""minimum"":""-131072"",""median"":""0"",""maximum"":""262144"",""median_absolute_deviation"":""65536""},""lower"":1,""equal"":2,""higher"":1},""native"":{""pair_count"":3,""available_pairs"":3,""unavailable_pairs"":0,""native"":{""count"":""3"",""minimum"":""3670016"",""median"":""3932160"",""maximum"":""3932160"",""median_absolute_deviation"":""0""},""lsf"":{""count"":""3"",""minimum"":""3670016"",""median"":""3932160"",""maximum"":""3932160"",""median_absolute_deviation"":""0""},""paired_difference"":{""count"":""3"",""minimum"":""-262144"",""median"":""0"",""maximum"":""262144"",""median_absolute_deviation"":""262144""},""lower"":1,""equal"":1,""higher"":1}}"
1,served,after,wrapper.threads,count,"[{""pair"":0,""first_arm"":""lsf"",""native_group"":1,""lsf_group"":0,""native"":""3"",""lsf"":""3"",""lsf_minus_native"":""0"",""percent_of_native"":""0""},{""pair"":1,""first_arm"":""native"",""native_group"":4,""lsf_group"":5,""native"":""3"",""lsf"":""3"",""lsf_minus_native"":""0"",""percent_of_native"":""0""},{""pair"":2,""first_arm"":""native"",""native_group"":2,""lsf_group"":3,""native"":""3"",""lsf"":""3"",""lsf_minus_native"":""0"",""percent_of_native"":""0""},{""pair"":3,""first_arm"":""native"",""native_group"":0,""lsf_group"":1,""native"":""3"",""lsf"":""3"",""lsf_minus_native"":""0"",""percent_of_native"":""0""},{""pair"":4,""first_arm"":""lsf"",""native_group"":5,""lsf_group"":4,""native"":""3"",""lsf"":""3"",""lsf_minus_native"":""0"",""percent_of_native"":""0""},{""pair"":5,""first_arm"":""lsf"",""native_group"":3,""lsf_group"":2,""native"":""3"",""lsf"":""3"",""lsf_minus_native"":""0"",""percent_of_native"":""0""},{""pair"":6,""first_arm"":""lsf"",""native_group"":1,""lsf_group"":0,""native"":""3"",""lsf"":""3"",""lsf_minus_native"":""0"",""percent_of_native"":""0""}]",7,7,0,"{""count"":""7"",""minimum"":""3"",""median"":""3"",""maximum"":""3"",""median_absolute_deviation"":""0""}","{""count"":""7"",""minimum"":""3"",""median"":""3"",""maximum"":""3"",""median_absolute_deviation"":""0""}","{""count"":""7"",""minimum"":""0"",""median"":""0"",""maximum"":""0"",""median_absolute_deviation"":""0""}",0,7,0,"{""lsf"":{""pair_count"":4,""available_pairs"":4,""unavailable_pairs"":0,""native"":{""count"":""4"",""minimum"":""3"",""median"":""3"",""maximum"":""3"",""median_absolute_deviation"":""0""},""lsf"":{""count"":""4"",""minimum"":""3"",""median"":""3"",""maximum"":""3"",""median_absolute_deviation"":""0""},""paired_difference"":{""count"":""4"",""minimum"":""0"",""median"":""0"",""maximum"":""0"",""median_absolute_deviation"":""0""},""lower"":0,""equal"":4,""higher"":0},""native"":{""pair_count"":3,""available_pairs"":3,""unavailable_pairs"":0,""native"":{""count"":""3"",""minimum"":""3"",""median"":""3"",""maximum"":""3"",""median_absolute_deviation"":""0""},""lsf"":{""count"":""3"",""minimum"":""3"",""median"":""3"",""maximum"":""3"",""median_absolute_deviation"":""0""},""paired_difference"":{""count"":""3"",""minimum"":""0"",""median"":""0"",""maximum"":""0"",""median_absolute_deviation"":""0""},""lower"":0,""equal"":3,""higher"":0}}"
1,served,after,wrapper.fd_count,count,"[{""pair"":0,""first_arm"":""lsf"",""native_group"":1,""lsf_group"":0,""native"":""19"",""lsf"":""19"",""lsf_minus_native"":""0"",""percent_of_native"":""0""},{""pair"":1,""first_arm"":""native"",""native_group"":4,""lsf_group"":5,""native"":""19"",""lsf"":""19"",""lsf_minus_native"":""0"",""percent_of_native"":""0""},{""pair"":2,""first_arm"":""native"",""native_group"":2,""lsf_group"":3,""native"":""19"",""lsf"":""19"",""lsf_minus_native"":""0"",""percent_of_native"":""0""},{""pair"":3,""first_arm"":""native"",""native_group"":0,""lsf_group"":1,""native"":""19"",""lsf"":""19"",""lsf_minus_native"":""0"",""percent_of_native"":""0""},{""pair"":4,""first_arm"":""lsf"",""native_group"":5,""lsf_group"":4,""native"":""19"",""lsf"":""19"",""lsf_minus_native"":""0"",""percent_of_native"":""0""},{""pair"":5,""first_arm"":""lsf"",""native_group"":3,""lsf_group"":2,""native"":""19"",""lsf"":""19"",""lsf_minus_native"":""0"",""percent_of_native"":""0""},{""pair"":6,""first_arm"":""lsf"",""native_group"":1,""lsf_group"":0,""native"":""19"",""lsf"":""19"",""lsf_minus_native"":""0"",""percent_of_native"":""0""}]",7,7,0,"{""count"":""7"",""minimum"":""19"",""median"":""19"",""maximum"":""19"",""median_absolute_deviation"":""0""}","{""count"":""7"",""minimum"":""19"",""median"":""19"",""maximum"":""19"",""median_absolute_deviation"":""0""}","{""count"":""7"",""minimum"":""0"",""median"":""0"",""maximum"":""0"",""median_absolute_deviation"":""0""}",0,7,0,"{""lsf"":{""pair_count"":4,""available_pairs"":4,""unavailable_pairs"":0,""native"":{""count"":""4"",""minimum"":""19"",""median"":""19"",""maximum"":""19"",""median_absolute_deviation"":""0""},""lsf"":{""count"":""4"",""minimum"":""19"",""median"":""19"",""maximum"":""19"",""median_absolute_deviation"":""0""},""paired_difference"":{""count"":""4"",""minimum"":""0"",""median"":""0"",""maximum"":""0"",""median_absolute_deviation"":""0""},""lower"":0,""equal"":4,""higher"":0},""native"":{""pair_count"":3,""available_pairs"":3,""unavailable_pairs"":0,""native"":{""count"":""3"",""minimum"":""19"",""median"":""19"",""maximum"":""19"",""median_absolute_deviation"":""0""},""lsf"":{""count"":""3"",""minimum"":""19"",""median"":""19"",""maximum"":""19"",""median_absolute_deviation"":""0""},""paired_difference"":{""count"":""3"",""minimum"":""0"",""median"":""0"",""maximum"":""0"",""median_absolute_deviation"":""0""},""lower"":0,""equal"":3,""higher"":0}}"
1,served,after,wrapper.listener_count,count,"[{""pair"":0,""first_arm"":""lsf"",""native_group"":1,""lsf_group"":0,""native"":""1"",""lsf"":""1"",""lsf_minus_native"":""0"",""percent_of_native"":""0""},{""pair"":1,""first_arm"":""native"",""native_group"":4,""lsf_group"":5,""native"":""1"",""lsf"":""1"",""lsf_minus_native"":""0"",""percent_of_native"":""0""},{""pair"":2,""first_arm"":""native"",""native_group"":2,""lsf_group"":3,""native"":""1"",""lsf"":""1"",""lsf_minus_native"":""0"",""percent_of_native"":""0""},{""pair"":3,""first_arm"":""native"",""native_group"":0,""lsf_group"":1,""native"":""1"",""lsf"":""1"",""lsf_minus_native"":""0"",""percent_of_native"":""0""},{""pair"":4,""first_arm"":""lsf"",""native_group"":5,""lsf_group"":4,""native"":""1"",""lsf"":""1"",""lsf_minus_native"":""0"",""percent_of_native"":""0""},{""pair"":5,""first_arm"":""lsf"",""native_group"":3,""lsf_group"":2,""native"":""1"",""lsf"":""1"",""lsf_minus_native"":""0"",""percent_of_native"":""0""},{""pair"":6,""first_arm"":""lsf"",""native_group"":1,""lsf_group"":0,""native"":""1"",""lsf"":""1"",""lsf_minus_native"":""0"",""percent_of_native"":""0""}]",7,7,0,"{""count"":""7"",""minimum"":""1"",""median"":""1"",""maximum"":""1"",""median_absolute_deviation"":""0""}","{""count"":""7"",""minimum"":""1"",""median"":""1"",""maximum"":""1"",""median_absolute_deviation"":""0""}","{""count"":""7"",""minimum"":""0"",""median"":""0"",""maximum"":""0"",""median_absolute_deviation"":""0""}",0,7,0,"{""lsf"":{""pair_count"":4,""available_pairs"":4,""unavailable_pairs"":0,""native"":{""count"":""4"",""minimum"":""1"",""median"":""1"",""maximum"":""1"",""median_absolute_deviation"":""0""},""lsf"":{""count"":""4"",""minimum"":""1"",""median"":""1"",""maximum"":""1"",""median_absolute_deviation"":""0""},""paired_difference"":{""count"":""4"",""minimum"":""0"",""median"":""0"",""maximum"":""0"",""median_absolute_deviation"":""0""},""lower"":0,""equal"":4,""higher"":0},""native"":{""pair_count"":3,""available_pairs"":3,""unavailable_pairs"":0,""native"":{""count"":""3"",""minimum"":""1"",""median"":""1"",""maximum"":""1"",""median_absolute_deviation"":""0""},""lsf"":{""count"":""3"",""minimum"":""1"",""median"":""1"",""maximum"":""1"",""median_absolute_deviation"":""0""},""paired_difference"":{""count"":""3"",""minimum"":""0"",""median"":""0"",""maximum"":""0"",""median_absolute_deviation"":""0""},""lower"":0,""equal"":3,""higher"":0}}"
1,served,after,cgroup.memory_current_bytes,bytes,"[{""pair"":0,""first_arm"":""lsf"",""native_group"":1,""lsf_group"":0,""native"":""1826816"",""lsf"":""5390336"",""lsf_minus_native"":""3563520"",""percent_of_native"":""195.067265""},{""pair"":1,""first_arm"":""native"",""native_group"":4,""lsf_group"":5,""native"":""1830912"",""lsf"":""5468160"",""lsf_minus_native"":""3637248"",""percent_of_native"":""198.657718""},{""pair"":2,""first_arm"":""native"",""native_group"":2,""lsf_group"":3,""native"":""1843200"",""lsf"":""5636096"",""lsf_minus_native"":""3792896"",""percent_of_native"":""205.777778""},{""pair"":3,""first_arm"":""native"",""native_group"":0,""lsf_group"":1,""native"":""1851392"",""lsf"":""5468160"",""lsf_minus_native"":""3616768"",""percent_of_native"":""195.353982""},{""pair"":4,""first_arm"":""lsf"",""native_group"":5,""lsf_group"":4,""native"":""1835008"",""lsf"":""5443584"",""lsf_minus_native"":""3608576"",""percent_of_native"":""196.651786""},{""pair"":5,""first_arm"":""lsf"",""native_group"":3,""lsf_group"":2,""native"":""1839104"",""lsf"":""5365760"",""lsf_minus_native"":""3526656"",""percent_of_native"":""191.759465""},{""pair"":6,""first_arm"":""lsf"",""native_group"":1,""lsf_group"":0,""native"":""1830912"",""lsf"":""5476352"",""lsf_minus_native"":""3645440"",""percent_of_native"":""199.105145""}]",7,7,0,"{""count"":""7"",""minimum"":""1826816"",""median"":""1835008"",""maximum"":""1851392"",""median_absolute_deviation"":""4096""}","{""count"":""7"",""minimum"":""5365760"",""median"":""5468160"",""maximum"":""5636096"",""median_absolute_deviation"":""24576""}","{""count"":""7"",""minimum"":""3526656"",""median"":""3616768"",""maximum"":""3792896"",""median_absolute_deviation"":""28672""}",0,0,7,"{""lsf"":{""pair_count"":4,""available_pairs"":4,""unavailable_pairs"":0,""native"":{""count"":""4"",""minimum"":""1826816"",""median"":""1832960"",""maximum"":""1839104"",""median_absolute_deviation"":""4096""},""lsf"":{""count"":""4"",""minimum"":""5365760"",""median"":""5416960"",""maximum"":""5476352"",""median_absolute_deviation"":""38912""},""paired_difference"":{""count"":""4"",""minimum"":""3526656"",""median"":""3586048"",""maximum"":""3645440"",""median_absolute_deviation"":""40960""},""lower"":0,""equal"":0,""higher"":4},""native"":{""pair_count"":3,""available_pairs"":3,""unavailable_pairs"":0,""native"":{""count"":""3"",""minimum"":""1830912"",""median"":""1843200"",""maximum"":""1851392"",""median_absolute_deviation"":""8192""},""lsf"":{""count"":""3"",""minimum"":""5468160"",""median"":""5468160"",""maximum"":""5636096"",""median_absolute_deviation"":""0""},""paired_difference"":{""count"":""3"",""minimum"":""3616768"",""median"":""3637248"",""maximum"":""3792896"",""median_absolute_deviation"":""20480""},""lower"":0,""equal"":0,""higher"":3}}"
1,served,after,cgroup.sum_leaf_lifetime_memory_peak_bytes,bytes,"[{""pair"":0,""first_arm"":""lsf"",""native_group"":1,""lsf_group"":0,""native"":""6516736"",""lsf"":""7073792"",""lsf_minus_native"":""557056"",""percent_of_native"":""8.548083""},{""pair"":1,""first_arm"":""native"",""native_group"":4,""lsf_group"":5,""native"":""5984256"",""lsf"":""6873088"",""lsf_minus_native"":""888832"",""percent_of_native"":""14.852841""},{""pair"":2,""first_arm"":""native"",""native_group"":2,""lsf_group"":3,""native"":""6053888"",""lsf"":""7213056"",""lsf_minus_native"":""1159168"",""percent_of_native"":""19.147497""},{""pair"":3,""first_arm"":""native"",""native_group"":0,""lsf_group"":1,""native"":""6103040"",""lsf"":""6881280"",""lsf_minus_native"":""778240"",""percent_of_native"":""12.751678""},{""pair"":4,""first_arm"":""lsf"",""native_group"":5,""lsf_group"":4,""native"":""5922816"",""lsf"":""7204864"",""lsf_minus_native"":""1282048"",""percent_of_native"":""21.64592""},{""pair"":5,""first_arm"":""lsf"",""native_group"":3,""lsf_group"":2,""native"":""6426624"",""lsf"":""7286784"",""lsf_minus_native"":""860160"",""percent_of_native"":""13.384321""},{""pair"":6,""first_arm"":""lsf"",""native_group"":1,""lsf_group"":0,""native"":""6025216"",""lsf"":""6909952"",""lsf_minus_native"":""884736"",""percent_of_native"":""14.683889""}]",7,7,0,"{""count"":""7"",""minimum"":""5922816"",""median"":""6053888"",""maximum"":""6516736"",""median_absolute_deviation"":""69632""}","{""count"":""7"",""minimum"":""6873088"",""median"":""7073792"",""maximum"":""7286784"",""median_absolute_deviation"":""163840""}","{""count"":""7"",""minimum"":""557056"",""median"":""884736"",""maximum"":""1282048"",""median_absolute_deviation"":""106496""}",0,0,7,"{""lsf"":{""pair_count"":4,""available_pairs"":4,""unavailable_pairs"":0,""native"":{""count"":""4"",""minimum"":""5922816"",""median"":""6225920"",""maximum"":""6516736"",""median_absolute_deviation"":""245760""},""lsf"":{""count"":""4"",""minimum"":""6909952"",""median"":""7139328"",""maximum"":""7286784"",""median_absolute_deviation"":""106496""},""paired_difference"":{""count"":""4"",""minimum"":""557056"",""median"":""872448"",""maximum"":""1282048"",""median_absolute_deviation"":""163840""},""lower"":0,""equal"":0,""higher"":4},""native"":{""pair_count"":3,""available_pairs"":3,""unavailable_pairs"":0,""native"":{""count"":""3"",""minimum"":""5984256"",""median"":""6053888"",""maximum"":""6103040"",""median_absolute_deviation"":""49152""},""lsf"":{""count"":""3"",""minimum"":""6873088"",""median"":""6881280"",""maximum"":""7213056"",""median_absolute_deviation"":""8192""},""paired_difference"":{""count"":""3"",""minimum"":""778240"",""median"":""888832"",""maximum"":""1159168"",""median_absolute_deviation"":""110592""},""lower"":0,""equal"":0,""higher"":3}}"
1,served,after,cgroup.memory_swap_current_bytes,bytes,"[{""pair"":0,""first_arm"":""lsf"",""native_group"":1,""lsf_group"":0,""native"":""0"",""lsf"":""0"",""lsf_minus_native"":""0"",""percent_of_native"":null},{""pair"":1,""first_arm"":""native"",""native_group"":4,""lsf_group"":5,""native"":""0"",""lsf"":""0"",""lsf_minus_native"":""0"",""percent_of_native"":null},{""pair"":2,""first_arm"":""native"",""native_group"":2,""lsf_group"":3,""native"":""0"",""lsf"":""0"",""lsf_minus_native"":""0"",""percent_of_native"":null},{""pair"":3,""first_arm"":""native"",""native_group"":0,""lsf_group"":1,""native"":""0"",""lsf"":""0"",""lsf_minus_native"":""0"",""percent_of_native"":null},{""pair"":4,""first_arm"":""lsf"",""native_group"":5,""lsf_group"":4,""native"":""0"",""lsf"":""0"",""lsf_minus_native"":""0"",""percent_of_native"":null},{""pair"":5,""first_arm"":""lsf"",""native_group"":3,""lsf_group"":2,""native"":""0"",""lsf"":""0"",""lsf_minus_native"":""0"",""percent_of_native"":null},{""pair"":6,""first_arm"":""lsf"",""native_group"":1,""lsf_group"":0,""native"":""0"",""lsf"":""0"",""lsf_minus_native"":""0"",""percent_of_native"":null}]",7,7,0,"{""count"":""7"",""minimum"":""0"",""median"":""0"",""maximum"":""0"",""median_absolute_deviation"":""0""}","{""count"":""7"",""minimum"":""0"",""median"":""0"",""maximum"":""0"",""median_absolute_deviation"":""0""}","{""count"":""7"",""minimum"":""0"",""median"":""0"",""maximum"":""0"",""median_absolute_deviation"":""0""}",0,7,0,"{""lsf"":{""pair_count"":4,""available_pairs"":4,""unavailable_pairs"":0,""native"":{""count"":""4"",""minimum"":""0"",""median"":""0"",""maximum"":""0"",""median_absolute_deviation"":""0""},""lsf"":{""count"":""4"",""minimum"":""0"",""median"":""0"",""maximum"":""0"",""median_absolute_deviation"":""0""},""paired_difference"":{""count"":""4"",""minimum"":""0"",""median"":""0"",""maximum"":""0"",""median_absolute_deviation"":""0""},""lower"":0,""equal"":4,""higher"":0},""native"":{""pair_count"":3,""available_pairs"":3,""unavailable_pairs"":0,""native"":{""count"":""3"",""minimum"":""0"",""median"":""0"",""maximum"":""0"",""median_absolute_deviation"":""0""},""lsf"":{""count"":""3"",""minimum"":""0"",""median"":""0"",""maximum"":""0"",""median_absolute_deviation"":""0""},""paired_difference"":{""count"":""3"",""minimum"":""0"",""median"":""0"",""maximum"":""0"",""median_absolute_deviation"":""0""},""lower"":0,""equal"":3,""higher"":0}}"
1,served,after,cgroup.pids_current,count,"[{""pair"":0,""first_arm"":""lsf"",""native_group"":1,""lsf_group"":0,""native"":""6"",""lsf"":""10"",""lsf_minus_native"":""4"",""percent_of_native"":""66.666667""},{""pair"":1,""first_arm"":""native"",""native_group"":4,""lsf_group"":5,""native"":""6"",""lsf"":""10"",""lsf_minus_native"":""4"",""percent_of_native"":""66.666667""},{""pair"":2,""first_arm"":""native"",""native_group"":2,""lsf_group"":3,""native"":""6"",""lsf"":""10"",""lsf_minus_native"":""4"",""percent_of_native"":""66.666667""},{""pair"":3,""first_arm"":""native"",""native_group"":0,""lsf_group"":1,""native"":""6"",""lsf"":""10"",""lsf_minus_native"":""4"",""percent_of_native"":""66.666667""},{""pair"":4,""first_arm"":""lsf"",""native_group"":5,""lsf_group"":4,""native"":""6"",""lsf"":""10"",""lsf_minus_native"":""4"",""percent_of_native"":""66.666667""},{""pair"":5,""first_arm"":""lsf"",""native_group"":3,""lsf_group"":2,""native"":""6"",""lsf"":""10"",""lsf_minus_native"":""4"",""percent_of_native"":""66.666667""},{""pair"":6,""first_arm"":""lsf"",""native_group"":1,""lsf_group"":0,""native"":""6"",""lsf"":""10"",""lsf_minus_native"":""4"",""percent_of_native"":""66.666667""}]",7,7,0,"{""count"":""7"",""minimum"":""6"",""median"":""6"",""maximum"":""6"",""median_absolute_deviation"":""0""}","{""count"":""7"",""minimum"":""10"",""median"":""10"",""maximum"":""10"",""median_absolute_deviation"":""0""}","{""count"":""7"",""minimum"":""4"",""median"":""4"",""maximum"":""4"",""median_absolute_deviation"":""0""}",0,0,7,"{""lsf"":{""pair_count"":4,""available_pairs"":4,""unavailable_pairs"":0,""native"":{""count"":""4"",""minimum"":""6"",""median"":""6"",""maximum"":""6"",""median_absolute_deviation"":""0""},""lsf"":{""count"":""4"",""minimum"":""10"",""median"":""10"",""maximum"":""10"",""median_absolute_deviation"":""0""},""paired_difference"":{""count"":""4"",""minimum"":""4"",""median"":""4"",""maximum"":""4"",""median_absolute_deviation"":""0""},""lower"":0,""equal"":0,""higher"":4},""native"":{""pair_count"":3,""available_pairs"":3,""unavailable_pairs"":0,""native"":{""count"":""3"",""minimum"":""6"",""median"":""6"",""maximum"":""6"",""median_absolute_deviation"":""0""},""lsf"":{""count"":""3"",""minimum"":""10"",""median"":""10"",""maximum"":""10"",""median_absolute_deviation"":""0""},""paired_difference"":{""count"":""3"",""minimum"":""4"",""median"":""4"",""maximum"":""4"",""median_absolute_deviation"":""0""},""lower"":0,""equal"":0,""higher"":3}}"
1,served,after,cgroup.cpu.usage_usec,us,"[{""pair"":0,""first_arm"":""lsf"",""native_group"":1,""lsf_group"":0,""native"":""80487"",""lsf"":""143472"",""lsf_minus_native"":""62985"",""percent_of_native"":""78.254873""},{""pair"":1,""first_arm"":""native"",""native_group"":4,""lsf_group"":5,""native"":""75974"",""lsf"":""145803"",""lsf_minus_native"":""69829"",""percent_of_native"":""91.911707""},{""pair"":2,""first_arm"":""native"",""native_group"":2,""lsf_group"":3,""native"":""78362"",""lsf"":""137252"",""lsf_minus_native"":""58890"",""percent_of_native"":""75.151221""},{""pair"":3,""first_arm"":""native"",""native_group"":0,""lsf_group"":1,""native"":""82676"",""lsf"":""144862"",""lsf_minus_native"":""62186"",""percent_of_native"":""75.216508""},{""pair"":4,""first_arm"":""lsf"",""native_group"":5,""lsf_group"":4,""native"":""75553"",""lsf"":""133463"",""lsf_minus_native"":""57910"",""percent_of_native"":""76.648181""},{""pair"":5,""first_arm"":""lsf"",""native_group"":3,""lsf_group"":2,""native"":""75623"",""lsf"":""148851"",""lsf_minus_native"":""73228"",""percent_of_native"":""96.832974""},{""pair"":6,""first_arm"":""lsf"",""native_group"":1,""lsf_group"":0,""native"":""81783"",""lsf"":""159469"",""lsf_minus_native"":""77686"",""percent_of_native"":""94.990401""}]",7,7,0,"{""count"":""7"",""minimum"":""75553"",""median"":""78362"",""maximum"":""82676"",""median_absolute_deviation"":""2739""}","{""count"":""7"",""minimum"":""133463"",""median"":""144862"",""maximum"":""159469"",""median_absolute_deviation"":""3989""}","{""count"":""7"",""minimum"":""57910"",""median"":""62985"",""maximum"":""77686"",""median_absolute_deviation"":""5075""}",0,0,7,"{""lsf"":{""pair_count"":4,""available_pairs"":4,""unavailable_pairs"":0,""native"":{""count"":""4"",""minimum"":""75553"",""median"":""78055"",""maximum"":""81783"",""median_absolute_deviation"":""2467""},""lsf"":{""count"":""4"",""minimum"":""133463"",""median"":""146161.5"",""maximum"":""159469"",""median_absolute_deviation"":""7694""},""paired_difference"":{""count"":""4"",""minimum"":""57910"",""median"":""68106.5"",""maximum"":""77686"",""median_absolute_deviation"":""7350.5""},""lower"":0,""equal"":0,""higher"":4},""native"":{""pair_count"":3,""available_pairs"":3,""unavailable_pairs"":0,""native"":{""count"":""3"",""minimum"":""75974"",""median"":""78362"",""maximum"":""82676"",""median_absolute_deviation"":""2388""},""lsf"":{""count"":""3"",""minimum"":""137252"",""median"":""144862"",""maximum"":""145803"",""median_absolute_deviation"":""941""},""paired_difference"":{""count"":""3"",""minimum"":""58890"",""median"":""62186"",""maximum"":""69829"",""median_absolute_deviation"":""3296""},""lower"":0,""equal"":0,""higher"":3}}"
1,served,after,cgroup.cpu.user_usec,us,"[{""pair"":0,""first_arm"":""lsf"",""native_group"":1,""lsf_group"":0,""native"":""8781"",""lsf"":""61228"",""lsf_minus_native"":""52447"",""percent_of_native"":""597.278214""},{""pair"":1,""first_arm"":""native"",""native_group"":4,""lsf_group"":5,""native"":""21104"",""lsf"":""61585"",""lsf_minus_native"":""40481"",""percent_of_native"":""191.816717""},{""pair"":2,""first_arm"":""native"",""native_group"":2,""lsf_group"":3,""native"":""4016"",""lsf"":""59348"",""lsf_minus_native"":""55332"",""percent_of_native"":""1377.788845""},{""pair"":3,""first_arm"":""native"",""native_group"":0,""lsf_group"":1,""native"":""0"",""lsf"":""65670"",""lsf_minus_native"":""65670"",""percent_of_native"":null},{""pair"":4,""first_arm"":""lsf"",""native_group"":5,""lsf_group"":4,""native"":""5016"",""lsf"":""57067"",""lsf_minus_native"":""52051"",""percent_of_native"":""1037.699362""},{""pair"":5,""first_arm"":""lsf"",""native_group"":3,""lsf_group"":2,""native"":""7202"",""lsf"":""72783"",""lsf_minus_native"":""65581"",""percent_of_native"":""910.594279""},{""pair"":6,""first_arm"":""lsf"",""native_group"":1,""lsf_group"":0,""native"":""10522"",""lsf"":""62821"",""lsf_minus_native"":""52299"",""percent_of_native"":""497.044288""}]",7,7,0,"{""count"":""7"",""minimum"":""0"",""median"":""7202"",""maximum"":""21104"",""median_absolute_deviation"":""3186""}","{""count"":""7"",""minimum"":""57067"",""median"":""61585"",""maximum"":""72783"",""median_absolute_deviation"":""2237""}","{""count"":""7"",""minimum"":""40481"",""median"":""52447"",""maximum"":""65670"",""median_absolute_deviation"":""2885""}",0,0,7,"{""lsf"":{""pair_count"":4,""available_pairs"":4,""unavailable_pairs"":0,""native"":{""count"":""4"",""minimum"":""5016"",""median"":""7991.5"",""maximum"":""10522"",""median_absolute_deviation"":""1660""},""lsf"":{""count"":""4"",""minimum"":""57067"",""median"":""62024.5"",""maximum"":""72783"",""median_absolute_deviation"":""2877""},""paired_difference"":{""count"":""4"",""minimum"":""52051"",""median"":""52373"",""maximum"":""65581"",""median_absolute_deviation"":""198""},""lower"":0,""equal"":0,""higher"":4},""native"":{""pair_count"":3,""available_pairs"":3,""unavailable_pairs"":0,""native"":{""count"":""3"",""minimum"":""0"",""median"":""4016"",""maximum"":""21104"",""median_absolute_deviation"":""4016""},""lsf"":{""count"":""3"",""minimum"":""59348"",""median"":""61585"",""maximum"":""65670"",""median_absolute_deviation"":""2237""},""paired_difference"":{""count"":""3"",""minimum"":""40481"",""median"":""55332"",""maximum"":""65670"",""median_absolute_deviation"":""10338""},""lower"":0,""equal"":0,""higher"":3}}"
1,served,after,cgroup.cpu.system_usec,us,"[{""pair"":0,""first_arm"":""lsf"",""native_group"":1,""lsf_group"":0,""native"":""71706"",""lsf"":""82244"",""lsf_minus_native"":""10538"",""percent_of_native"":""14.69612""},{""pair"":1,""first_arm"":""native"",""native_group"":4,""lsf_group"":5,""native"":""54870"",""lsf"":""84217"",""lsf_minus_native"":""29347"",""percent_of_native"":""53.4846""},{""pair"":2,""first_arm"":""native"",""native_group"":2,""lsf_group"":3,""native"":""74345"",""lsf"":""77904"",""lsf_minus_native"":""3559"",""percent_of_native"":""4.787141""},{""pair"":3,""first_arm"":""native"",""native_group"":0,""lsf_group"":1,""native"":""82676"",""lsf"":""79192"",""lsf_minus_native"":""-3484"",""percent_of_native"":""-4.21404""},{""pair"":4,""first_arm"":""lsf"",""native_group"":5,""lsf_group"":4,""native"":""70537"",""lsf"":""76396"",""lsf_minus_native"":""5859"",""percent_of_native"":""8.306279""},{""pair"":5,""first_arm"":""lsf"",""native_group"":3,""lsf_group"":2,""native"":""68421"",""lsf"":""76068"",""lsf_minus_native"":""7647"",""percent_of_native"":""11.176393""},{""pair"":6,""first_arm"":""lsf"",""native_group"":1,""lsf_group"":0,""native"":""71261"",""lsf"":""96648"",""lsf_minus_native"":""25387"",""percent_of_native"":""35.625377""}]",7,7,0,"{""count"":""7"",""minimum"":""54870"",""median"":""71261"",""maximum"":""82676"",""median_absolute_deviation"":""2840""}","{""count"":""7"",""minimum"":""76068"",""median"":""79192"",""maximum"":""96648"",""median_absolute_deviation"":""3052""}","{""count"":""7"",""minimum"":""-3484"",""median"":""7647"",""maximum"":""29347"",""median_absolute_deviation"":""4088""}",1,0,6,"{""lsf"":{""pair_count"":4,""available_pairs"":4,""unavailable_pairs"":0,""native"":{""count"":""4"",""minimum"":""68421"",""median"":""70899"",""maximum"":""71706"",""median_absolute_deviation"":""584.5""},""lsf"":{""count"":""4"",""minimum"":""76068"",""median"":""79320"",""maximum"":""96648"",""median_absolute_deviation"":""3088""},""paired_difference"":{""count"":""4"",""minimum"":""5859"",""median"":""9092.5"",""maximum"":""25387"",""median_absolute_deviation"":""2339.5""},""lower"":0,""equal"":0,""higher"":4},""native"":{""pair_count"":3,""available_pairs"":3,""unavailable_pairs"":0,""native"":{""count"":""3"",""minimum"":""54870"",""median"":""74345"",""maximum"":""82676"",""median_absolute_deviation"":""8331""},""lsf"":{""count"":""3"",""minimum"":""77904"",""median"":""79192"",""maximum"":""84217"",""median_absolute_deviation"":""1288""},""paired_difference"":{""count"":""3"",""minimum"":""-3484"",""median"":""3559"",""maximum"":""29347"",""median_absolute_deviation"":""7043""},""lower"":1,""equal"":0,""higher"":2}}"
1,served,after,cgroup.cpu.nr_periods,count,"[{""pair"":0,""first_arm"":""lsf"",""native_group"":1,""lsf_group"":0,""native"":""11"",""lsf"":""36"",""lsf_minus_native"":""25"",""percent_of_native"":""227.272727""},{""pair"":1,""first_arm"":""native"",""native_group"":4,""lsf_group"":5,""native"":""13"",""lsf"":""32"",""lsf_minus_native"":""19"",""percent_of_native"":""146.153846""},{""pair"":2,""first_arm"":""native"",""native_group"":2,""lsf_group"":3,""native"":""11"",""lsf"":""34"",""lsf_minus_native"":""23"",""percent_of_native"":""209.090909""},{""pair"":3,""first_arm"":""native"",""native_group"":0,""lsf_group"":1,""native"":""11"",""lsf"":""31"",""lsf_minus_native"":""20"",""percent_of_native"":""181.818182""},{""pair"":4,""first_arm"":""lsf"",""native_group"":5,""lsf_group"":4,""native"":""10"",""lsf"":""29"",""lsf_minus_native"":""19"",""percent_of_native"":""190""},{""pair"":5,""first_arm"":""lsf"",""native_group"":3,""lsf_group"":2,""native"":""12"",""lsf"":""28"",""lsf_minus_native"":""16"",""percent_of_native"":""133.333333""},{""pair"":6,""first_arm"":""lsf"",""native_group"":1,""lsf_group"":0,""native"":""11"",""lsf"":""34"",""lsf_minus_native"":""23"",""percent_of_native"":""209.090909""}]",7,7,0,"{""count"":""7"",""minimum"":""10"",""median"":""11"",""maximum"":""13"",""median_absolute_deviation"":""0""}","{""count"":""7"",""minimum"":""28"",""median"":""32"",""maximum"":""36"",""median_absolute_deviation"":""2""}","{""count"":""7"",""minimum"":""16"",""median"":""20"",""maximum"":""25"",""median_absolute_deviation"":""3""}",0,0,7,"{""lsf"":{""pair_count"":4,""available_pairs"":4,""unavailable_pairs"":0,""native"":{""count"":""4"",""minimum"":""10"",""median"":""11"",""maximum"":""12"",""median_absolute_deviation"":""0.5""},""lsf"":{""count"":""4"",""minimum"":""28"",""median"":""31.5"",""maximum"":""36"",""median_absolute_deviation"":""3""},""paired_difference"":{""count"":""4"",""minimum"":""16"",""median"":""21"",""maximum"":""25"",""median_absolute_deviation"":""3""},""lower"":0,""equal"":0,""higher"":4},""native"":{""pair_count"":3,""available_pairs"":3,""unavailable_pairs"":0,""native"":{""count"":""3"",""minimum"":""11"",""median"":""11"",""maximum"":""13"",""median_absolute_deviation"":""0""},""lsf"":{""count"":""3"",""minimum"":""31"",""median"":""32"",""maximum"":""34"",""median_absolute_deviation"":""1""},""paired_difference"":{""count"":""3"",""minimum"":""19"",""median"":""20"",""maximum"":""23"",""median_absolute_deviation"":""1""},""lower"":0,""equal"":0,""higher"":3}}"
1,served,after,cgroup.cpu.nr_throttled,count,"[{""pair"":0,""first_arm"":""lsf"",""native_group"":1,""lsf_group"":0,""native"":""0"",""lsf"":""0"",""lsf_minus_native"":""0"",""percent_of_native"":null},{""pair"":1,""first_arm"":""native"",""native_group"":4,""lsf_group"":5,""native"":""0"",""lsf"":""0"",""lsf_minus_native"":""0"",""percent_of_native"":null},{""pair"":2,""first_arm"":""native"",""native_group"":2,""lsf_group"":3,""native"":""0"",""lsf"":""0"",""lsf_minus_native"":""0"",""percent_of_native"":null},{""pair"":3,""first_arm"":""native"",""native_group"":0,""lsf_group"":1,""native"":""0"",""lsf"":""0"",""lsf_minus_native"":""0"",""percent_of_native"":null},{""pair"":4,""first_arm"":""lsf"",""native_group"":5,""lsf_group"":4,""native"":""0"",""lsf"":""0"",""lsf_minus_native"":""0"",""percent_of_native"":null},{""pair"":5,""first_arm"":""lsf"",""native_group"":3,""lsf_group"":2,""native"":""0"",""lsf"":""0"",""lsf_minus_native"":""0"",""percent_of_native"":null},{""pair"":6,""first_arm"":""lsf"",""native_group"":1,""lsf_group"":0,""native"":""0"",""lsf"":""0"",""lsf_minus_native"":""0"",""percent_of_native"":null}]",7,7,0,"{""count"":""7"",""minimum"":""0"",""median"":""0"",""maximum"":""0"",""median_absolute_deviation"":""0""}","{""count"":""7"",""minimum"":""0"",""median"":""0"",""maximum"":""0"",""median_absolute_deviation"":""0""}","{""count"":""7"",""minimum"":""0"",""median"":""0"",""maximum"":""0"",""median_absolute_deviation"":""0""}",0,7,0,"{""lsf"":{""pair_count"":4,""available_pairs"":4,""unavailable_pairs"":0,""native"":{""count"":""4"",""minimum"":""0"",""median"":""0"",""maximum"":""0"",""median_absolute_deviation"":""0""},""lsf"":{""count"":""4"",""minimum"":""0"",""median"":""0"",""maximum"":""0"",""median_absolute_deviation"":""0""},""paired_difference"":{""count"":""4"",""minimum"":""0"",""median"":""0"",""maximum"":""0"",""median_absolute_deviation"":""0""},""lower"":0,""equal"":4,""higher"":0},""native"":{""pair_count"":3,""available_pairs"":3,""unavailable_pairs"":0,""native"":{""count"":""3"",""minimum"":""0"",""median"":""0"",""maximum"":""0"",""median_absolute_deviation"":""0""},""lsf"":{""count"":""3"",""minimum"":""0"",""median"":""0"",""maximum"":""0"",""median_absolute_deviation"":""0""},""paired_difference"":{""count"":""3"",""minimum"":""0"",""median"":""0"",""maximum"":""0"",""median_absolute_deviation"":""0""},""lower"":0,""equal"":3,""higher"":0}}"
1,served,after,cgroup.cpu.throttled_usec,us,"[{""pair"":0,""first_arm"":""lsf"",""native_group"":1,""lsf_group"":0,""native"":""0"",""lsf"":""0"",""lsf_minus_native"":""0"",""percent_of_native"":null},{""pair"":1,""first_arm"":""native"",""native_group"":4,""lsf_group"":5,""native"":""0"",""lsf"":""0"",""lsf_minus_native"":""0"",""percent_of_native"":null},{""pair"":2,""first_arm"":""native"",""native_group"":2,""lsf_group"":3,""native"":""0"",""lsf"":""0"",""lsf_minus_native"":""0"",""percent_of_native"":null},{""pair"":3,""first_arm"":""native"",""native_group"":0,""lsf_group"":1,""native"":""0"",""lsf"":""0"",""lsf_minus_native"":""0"",""percent_of_native"":null},{""pair"":4,""first_arm"":""lsf"",""native_group"":5,""lsf_group"":4,""native"":""0"",""lsf"":""0"",""lsf_minus_native"":""0"",""percent_of_native"":null},{""pair"":5,""first_arm"":""lsf"",""native_group"":3,""lsf_group"":2,""native"":""0"",""lsf"":""0"",""lsf_minus_native"":""0"",""percent_of_native"":null},{""pair"":6,""first_arm"":""lsf"",""native_group"":1,""lsf_group"":0,""native"":""0"",""lsf"":""0"",""lsf_minus_native"":""0"",""percent_of_native"":null}]",7,7,0,"{""count"":""7"",""minimum"":""0"",""median"":""0"",""maximum"":""0"",""median_absolute_deviation"":""0""}","{""count"":""7"",""minimum"":""0"",""median"":""0"",""maximum"":""0"",""median_absolute_deviation"":""0""}","{""count"":""7"",""minimum"":""0"",""median"":""0"",""maximum"":""0"",""median_absolute_deviation"":""0""}",0,7,0,"{""lsf"":{""pair_count"":4,""available_pairs"":4,""unavailable_pairs"":0,""native"":{""count"":""4"",""minimum"":""0"",""median"":""0"",""maximum"":""0"",""median_absolute_deviation"":""0""},""lsf"":{""count"":""4"",""minimum"":""0"",""median"":""0"",""maximum"":""0"",""median_absolute_deviation"":""0""},""paired_difference"":{""count"":""4"",""minimum"":""0"",""median"":""0"",""maximum"":""0"",""median_absolute_deviation"":""0""},""lower"":0,""equal"":4,""higher"":0},""native"":{""pair_count"":3,""available_pairs"":3,""unavailable_pairs"":0,""native"":{""count"":""3"",""minimum"":""0"",""median"":""0"",""maximum"":""0"",""median_absolute_deviation"":""0""},""lsf"":{""count"":""3"",""minimum"":""0"",""median"":""0"",""maximum"":""0"",""median_absolute_deviation"":""0""},""paired_difference"":{""count"":""3"",""minimum"":""0"",""median"":""0"",""maximum"":""0"",""median_absolute_deviation"":""0""},""lower"":0,""equal"":3,""higher"":0}}"
1,served,before,child.rss_bytes,bytes,"[{""pair"":0,""first_arm"":""lsf"",""native_group"":1,""lsf_group"":0,""native"":""4849664"",""lsf"":""21942272"",""lsf_minus_native"":""17092608"",""percent_of_native"":""352.449324""},{""pair"":1,""first_arm"":""native"",""native_group"":4,""lsf_group"":5,""native"":""4718592"",""lsf"":""22147072"",""lsf_minus_native"":""17428480"",""percent_of_native"":""369.357639""},{""pair"":2,""first_arm"":""native"",""native_group"":2,""lsf_group"":3,""native"":""4718592"",""lsf"":""22093824"",""lsf_minus_native"":""17375232"",""percent_of_native"":""368.229167""},{""pair"":3,""first_arm"":""native"",""native_group"":0,""lsf_group"":1,""native"":""4718592"",""lsf"":""21729280"",""lsf_minus_native"":""17010688"",""percent_of_native"":""360.503472""},{""pair"":4,""first_arm"":""lsf"",""native_group"":5,""lsf_group"":4,""native"":""4587520"",""lsf"":""21864448"",""lsf_minus_native"":""17276928"",""percent_of_native"":""376.607143""},{""pair"":5,""first_arm"":""lsf"",""native_group"":3,""lsf_group"":2,""native"":""4718592"",""lsf"":""22020096"",""lsf_minus_native"":""17301504"",""percent_of_native"":""366.666667""},{""pair"":6,""first_arm"":""lsf"",""native_group"":1,""lsf_group"":0,""native"":""4587520"",""lsf"":""21610496"",""lsf_minus_native"":""17022976"",""percent_of_native"":""371.071429""}]",7,7,0,"{""count"":""7"",""minimum"":""4587520"",""median"":""4718592"",""maximum"":""4849664"",""median_absolute_deviation"":""0""}","{""count"":""7"",""minimum"":""21610496"",""median"":""21942272"",""maximum"":""22147072"",""median_absolute_deviation"":""151552""}","{""count"":""7"",""minimum"":""17010688"",""median"":""17276928"",""maximum"":""17428480"",""median_absolute_deviation"":""151552""}",0,0,7,"{""lsf"":{""pair_count"":4,""available_pairs"":4,""unavailable_pairs"":0,""native"":{""count"":""4"",""minimum"":""4587520"",""median"":""4653056"",""maximum"":""4849664"",""median_absolute_deviation"":""65536""},""lsf"":{""count"":""4"",""minimum"":""21610496"",""median"":""21903360"",""maximum"":""22020096"",""median_absolute_deviation"":""77824""},""paired_difference"":{""count"":""4"",""minimum"":""17022976"",""median"":""17184768"",""maximum"":""17301504"",""median_absolute_deviation"":""104448""},""lower"":0,""equal"":0,""higher"":4},""native"":{""pair_count"":3,""available_pairs"":3,""unavailable_pairs"":0,""native"":{""count"":""3"",""minimum"":""4718592"",""median"":""4718592"",""maximum"":""4718592"",""median_absolute_deviation"":""0""},""lsf"":{""count"":""3"",""minimum"":""21729280"",""median"":""22093824"",""maximum"":""22147072"",""median_absolute_deviation"":""53248""},""paired_difference"":{""count"":""3"",""minimum"":""17010688"",""median"":""17375232"",""maximum"":""17428480"",""median_absolute_deviation"":""53248""},""lower"":0,""equal"":0,""higher"":3}}"
1,served,before,child.threads,count,"[{""pair"":0,""first_arm"":""lsf"",""native_group"":1,""lsf_group"":0,""native"":""3"",""lsf"":""7"",""lsf_minus_native"":""4"",""percent_of_native"":""133.333333""},{""pair"":1,""first_arm"":""native"",""native_group"":4,""lsf_group"":5,""native"":""3"",""lsf"":""7"",""lsf_minus_native"":""4"",""percent_of_native"":""133.333333""},{""pair"":2,""first_arm"":""native"",""native_group"":2,""lsf_group"":3,""native"":""3"",""lsf"":""7"",""lsf_minus_native"":""4"",""percent_of_native"":""133.333333""},{""pair"":3,""first_arm"":""native"",""native_group"":0,""lsf_group"":1,""native"":""3"",""lsf"":""7"",""lsf_minus_native"":""4"",""percent_of_native"":""133.333333""},{""pair"":4,""first_arm"":""lsf"",""native_group"":5,""lsf_group"":4,""native"":""3"",""lsf"":""7"",""lsf_minus_native"":""4"",""percent_of_native"":""133.333333""},{""pair"":5,""first_arm"":""lsf"",""native_group"":3,""lsf_group"":2,""native"":""3"",""lsf"":""7"",""lsf_minus_native"":""4"",""percent_of_native"":""133.333333""},{""pair"":6,""first_arm"":""lsf"",""native_group"":1,""lsf_group"":0,""native"":""3"",""lsf"":""7"",""lsf_minus_native"":""4"",""percent_of_native"":""133.333333""}]",7,7,0,"{""count"":""7"",""minimum"":""3"",""median"":""3"",""maximum"":""3"",""median_absolute_deviation"":""0""}","{""count"":""7"",""minimum"":""7"",""median"":""7"",""maximum"":""7"",""median_absolute_deviation"":""0""}","{""count"":""7"",""minimum"":""4"",""median"":""4"",""maximum"":""4"",""median_absolute_deviation"":""0""}",0,0,7,"{""lsf"":{""pair_count"":4,""available_pairs"":4,""unavailable_pairs"":0,""native"":{""count"":""4"",""minimum"":""3"",""median"":""3"",""maximum"":""3"",""median_absolute_deviation"":""0""},""lsf"":{""count"":""4"",""minimum"":""7"",""median"":""7"",""maximum"":""7"",""median_absolute_deviation"":""0""},""paired_difference"":{""count"":""4"",""minimum"":""4"",""median"":""4"",""maximum"":""4"",""median_absolute_deviation"":""0""},""lower"":0,""equal"":0,""higher"":4},""native"":{""pair_count"":3,""available_pairs"":3,""unavailable_pairs"":0,""native"":{""count"":""3"",""minimum"":""3"",""median"":""3"",""maximum"":""3"",""median_absolute_deviation"":""0""},""lsf"":{""count"":""3"",""minimum"":""7"",""median"":""7"",""maximum"":""7"",""median_absolute_deviation"":""0""},""paired_difference"":{""count"":""3"",""minimum"":""4"",""median"":""4"",""maximum"":""4"",""median_absolute_deviation"":""0""},""lower"":0,""equal"":0,""higher"":3}}"
1,served,before,child.fd_count,count,"[{""pair"":0,""first_arm"":""lsf"",""native_group"":1,""lsf_group"":0,""native"":""11"",""lsf"":""18"",""lsf_minus_native"":""7"",""percent_of_native"":""63.636364""},{""pair"":1,""first_arm"":""native"",""native_group"":4,""lsf_group"":5,""native"":""11"",""lsf"":""18"",""lsf_minus_native"":""7"",""percent_of_native"":""63.636364""},{""pair"":2,""first_arm"":""native"",""native_group"":2,""lsf_group"":3,""native"":""11"",""lsf"":""18"",""lsf_minus_native"":""7"",""percent_of_native"":""63.636364""},{""pair"":3,""first_arm"":""native"",""native_group"":0,""lsf_group"":1,""native"":""11"",""lsf"":""18"",""lsf_minus_native"":""7"",""percent_of_native"":""63.636364""},{""pair"":4,""first_arm"":""lsf"",""native_group"":5,""lsf_group"":4,""native"":""11"",""lsf"":""18"",""lsf_minus_native"":""7"",""percent_of_native"":""63.636364""},{""pair"":5,""first_arm"":""lsf"",""native_group"":3,""lsf_group"":2,""native"":""11"",""lsf"":""18"",""lsf_minus_native"":""7"",""percent_of_native"":""63.636364""},{""pair"":6,""first_arm"":""lsf"",""native_group"":1,""lsf_group"":0,""native"":""11"",""lsf"":""18"",""lsf_minus_native"":""7"",""percent_of_native"":""63.636364""}]",7,7,0,"{""count"":""7"",""minimum"":""11"",""median"":""11"",""maximum"":""11"",""median_absolute_deviation"":""0""}","{""count"":""7"",""minimum"":""18"",""median"":""18"",""maximum"":""18"",""median_absolute_deviation"":""0""}","{""count"":""7"",""minimum"":""7"",""median"":""7"",""maximum"":""7"",""median_absolute_deviation"":""0""}",0,0,7,"{""lsf"":{""pair_count"":4,""available_pairs"":4,""unavailable_pairs"":0,""native"":{""count"":""4"",""minimum"":""11"",""median"":""11"",""maximum"":""11"",""median_absolute_deviation"":""0""},""lsf"":{""count"":""4"",""minimum"":""18"",""median"":""18"",""maximum"":""18"",""median_absolute_deviation"":""0""},""paired_difference"":{""count"":""4"",""minimum"":""7"",""median"":""7"",""maximum"":""7"",""median_absolute_deviation"":""0""},""lower"":0,""equal"":0,""higher"":4},""native"":{""pair_count"":3,""available_pairs"":3,""unavailable_pairs"":0,""native"":{""count"":""3"",""minimum"":""11"",""median"":""11"",""maximum"":""11"",""median_absolute_deviation"":""0""},""lsf"":{""count"":""3"",""minimum"":""18"",""median"":""18"",""maximum"":""18"",""median_absolute_deviation"":""0""},""paired_difference"":{""count"":""3"",""minimum"":""7"",""median"":""7"",""maximum"":""7"",""median_absolute_deviation"":""0""},""lower"":0,""equal"":0,""higher"":3}}"
1,served,before,child.listener_count,count,"[{""pair"":0,""first_arm"":""lsf"",""native_group"":1,""lsf_group"":0,""native"":""1"",""lsf"":""1"",""lsf_minus_native"":""0"",""percent_of_native"":""0""},{""pair"":1,""first_arm"":""native"",""native_group"":4,""lsf_group"":5,""native"":""1"",""lsf"":""1"",""lsf_minus_native"":""0"",""percent_of_native"":""0""},{""pair"":2,""first_arm"":""native"",""native_group"":2,""lsf_group"":3,""native"":""1"",""lsf"":""1"",""lsf_minus_native"":""0"",""percent_of_native"":""0""},{""pair"":3,""first_arm"":""native"",""native_group"":0,""lsf_group"":1,""native"":""1"",""lsf"":""1"",""lsf_minus_native"":""0"",""percent_of_native"":""0""},{""pair"":4,""first_arm"":""lsf"",""native_group"":5,""lsf_group"":4,""native"":""1"",""lsf"":""1"",""lsf_minus_native"":""0"",""percent_of_native"":""0""},{""pair"":5,""first_arm"":""lsf"",""native_group"":3,""lsf_group"":2,""native"":""1"",""lsf"":""1"",""lsf_minus_native"":""0"",""percent_of_native"":""0""},{""pair"":6,""first_arm"":""lsf"",""native_group"":1,""lsf_group"":0,""native"":""1"",""lsf"":""1"",""lsf_minus_native"":""0"",""percent_of_native"":""0""}]",7,7,0,"{""count"":""7"",""minimum"":""1"",""median"":""1"",""maximum"":""1"",""median_absolute_deviation"":""0""}","{""count"":""7"",""minimum"":""1"",""median"":""1"",""maximum"":""1"",""median_absolute_deviation"":""0""}","{""count"":""7"",""minimum"":""0"",""median"":""0"",""maximum"":""0"",""median_absolute_deviation"":""0""}",0,7,0,"{""lsf"":{""pair_count"":4,""available_pairs"":4,""unavailable_pairs"":0,""native"":{""count"":""4"",""minimum"":""1"",""median"":""1"",""maximum"":""1"",""median_absolute_deviation"":""0""},""lsf"":{""count"":""4"",""minimum"":""1"",""median"":""1"",""maximum"":""1"",""median_absolute_deviation"":""0""},""paired_difference"":{""count"":""4"",""minimum"":""0"",""median"":""0"",""maximum"":""0"",""median_absolute_deviation"":""0""},""lower"":0,""equal"":4,""higher"":0},""native"":{""pair_count"":3,""available_pairs"":3,""unavailable_pairs"":0,""native"":{""count"":""3"",""minimum"":""1"",""median"":""1"",""maximum"":""1"",""median_absolute_deviation"":""0""},""lsf"":{""count"":""3"",""minimum"":""1"",""median"":""1"",""maximum"":""1"",""median_absolute_deviation"":""0""},""paired_difference"":{""count"":""3"",""minimum"":""0"",""median"":""0"",""maximum"":""0"",""median_absolute_deviation"":""0""},""lower"":0,""equal"":3,""higher"":0}}"
1,served,before,wrapper.rss_bytes,bytes,"[{""pair"":0,""first_arm"":""lsf"",""native_group"":1,""lsf_group"":0,""native"":""3932160"",""lsf"":""3932160"",""lsf_minus_native"":""0"",""percent_of_native"":""0""},{""pair"":1,""first_arm"":""native"",""native_group"":4,""lsf_group"":5,""native"":""3670016"",""lsf"":""3932160"",""lsf_minus_native"":""262144"",""percent_of_native"":""7.142857""},{""pair"":2,""first_arm"":""native"",""native_group"":2,""lsf_group"":3,""native"":""3932160"",""lsf"":""3932160"",""lsf_minus_native"":""0"",""percent_of_native"":""0""},{""pair"":3,""first_arm"":""native"",""native_group"":0,""lsf_group"":1,""native"":""3932160"",""lsf"":""3670016"",""lsf_minus_native"":""-262144"",""percent_of_native"":""-6.666667""},{""pair"":4,""first_arm"":""lsf"",""native_group"":5,""lsf_group"":4,""native"":""3801088"",""lsf"":""3801088"",""lsf_minus_native"":""0"",""percent_of_native"":""0""},{""pair"":5,""first_arm"":""lsf"",""native_group"":3,""lsf_group"":2,""native"":""3670016"",""lsf"":""3932160"",""lsf_minus_native"":""262144"",""percent_of_native"":""7.142857""},{""pair"":6,""first_arm"":""lsf"",""native_group"":1,""lsf_group"":0,""native"":""3932160"",""lsf"":""3801088"",""lsf_minus_native"":""-131072"",""percent_of_native"":""-3.333333""}]",7,7,0,"{""count"":""7"",""minimum"":""3670016"",""median"":""3932160"",""maximum"":""3932160"",""median_absolute_deviation"":""0""}","{""count"":""7"",""minimum"":""3670016"",""median"":""3932160"",""maximum"":""3932160"",""median_absolute_deviation"":""0""}","{""count"":""7"",""minimum"":""-262144"",""median"":""0"",""maximum"":""262144"",""median_absolute_deviation"":""131072""}",2,3,2,"{""lsf"":{""pair_count"":4,""available_pairs"":4,""unavailable_pairs"":0,""native"":{""count"":""4"",""minimum"":""3670016"",""median"":""3866624"",""maximum"":""3932160"",""median_absolute_deviation"":""65536""},""lsf"":{""count"":""4"",""minimum"":""3801088"",""median"":""3866624"",""maximum"":""3932160"",""median_absolute_deviation"":""65536""},""paired_difference"":{""count"":""4"",""minimum"":""-131072"",""median"":""0"",""maximum"":""262144"",""median_absolute_deviation"":""65536""},""lower"":1,""equal"":2,""higher"":1},""native"":{""pair_count"":3,""available_pairs"":3,""unavailable_pairs"":0,""native"":{""count"":""3"",""minimum"":""3670016"",""median"":""3932160"",""maximum"":""3932160"",""median_absolute_deviation"":""0""},""lsf"":{""count"":""3"",""minimum"":""3670016"",""median"":""3932160"",""maximum"":""3932160"",""median_absolute_deviation"":""0""},""paired_difference"":{""count"":""3"",""minimum"":""-262144"",""median"":""0"",""maximum"":""262144"",""median_absolute_deviation"":""262144""},""lower"":1,""equal"":1,""higher"":1}}"
1,served,before,wrapper.threads,count,"[{""pair"":0,""first_arm"":""lsf"",""native_group"":1,""lsf_group"":0,""native"":""3"",""lsf"":""3"",""lsf_minus_native"":""0"",""percent_of_native"":""0""},{""pair"":1,""first_arm"":""native"",""native_group"":4,""lsf_group"":5,""native"":""3"",""lsf"":""3"",""lsf_minus_native"":""0"",""percent_of_native"":""0""},{""pair"":2,""first_arm"":""native"",""native_group"":2,""lsf_group"":3,""native"":""3"",""lsf"":""3"",""lsf_minus_native"":""0"",""percent_of_native"":""0""},{""pair"":3,""first_arm"":""native"",""native_group"":0,""lsf_group"":1,""native"":""3"",""lsf"":""3"",""lsf_minus_native"":""0"",""percent_of_native"":""0""},{""pair"":4,""first_arm"":""lsf"",""native_group"":5,""lsf_group"":4,""native"":""3"",""lsf"":""3"",""lsf_minus_native"":""0"",""percent_of_native"":""0""},{""pair"":5,""first_arm"":""lsf"",""native_group"":3,""lsf_group"":2,""native"":""3"",""lsf"":""3"",""lsf_minus_native"":""0"",""percent_of_native"":""0""},{""pair"":6,""first_arm"":""lsf"",""native_group"":1,""lsf_group"":0,""native"":""3"",""lsf"":""3"",""lsf_minus_native"":""0"",""percent_of_native"":""0""}]",7,7,0,"{""count"":""7"",""minimum"":""3"",""median"":""3"",""maximum"":""3"",""median_absolute_deviation"":""0""}","{""count"":""7"",""minimum"":""3"",""median"":""3"",""maximum"":""3"",""median_absolute_deviation"":""0""}","{""count"":""7"",""minimum"":""0"",""median"":""0"",""maximum"":""0"",""median_absolute_deviation"":""0""}",0,7,0,"{""lsf"":{""pair_count"":4,""available_pairs"":4,""unavailable_pairs"":0,""native"":{""count"":""4"",""minimum"":""3"",""median"":""3"",""maximum"":""3"",""median_absolute_deviation"":""0""},""lsf"":{""count"":""4"",""minimum"":""3"",""median"":""3"",""maximum"":""3"",""median_absolute_deviation"":""0""},""paired_difference"":{""count"":""4"",""minimum"":""0"",""median"":""0"",""maximum"":""0"",""median_absolute_deviation"":""0""},""lower"":0,""equal"":4,""higher"":0},""native"":{""pair_count"":3,""available_pairs"":3,""unavailable_pairs"":0,""native"":{""count"":""3"",""minimum"":""3"",""median"":""3"",""maximum"":""3"",""median_absolute_deviation"":""0""},""lsf"":{""count"":""3"",""minimum"":""3"",""median"":""3"",""maximum"":""3"",""median_absolute_deviation"":""0""},""paired_difference"":{""count"":""3"",""minimum"":""0"",""median"":""0"",""maximum"":""0"",""median_absolute_deviation"":""0""},""lower"":0,""equal"":3,""higher"":0}}"
1,served,before,wrapper.fd_count,count,"[{""pair"":0,""first_arm"":""lsf"",""native_group"":1,""lsf_group"":0,""native"":""19"",""lsf"":""19"",""lsf_minus_native"":""0"",""percent_of_native"":""0""},{""pair"":1,""first_arm"":""native"",""native_group"":4,""lsf_group"":5,""native"":""19"",""lsf"":""19"",""lsf_minus_native"":""0"",""percent_of_native"":""0""},{""pair"":2,""first_arm"":""native"",""native_group"":2,""lsf_group"":3,""native"":""19"",""lsf"":""19"",""lsf_minus_native"":""0"",""percent_of_native"":""0""},{""pair"":3,""first_arm"":""native"",""native_group"":0,""lsf_group"":1,""native"":""19"",""lsf"":""19"",""lsf_minus_native"":""0"",""percent_of_native"":""0""},{""pair"":4,""first_arm"":""lsf"",""native_group"":5,""lsf_group"":4,""native"":""19"",""lsf"":""19"",""lsf_minus_native"":""0"",""percent_of_native"":""0""},{""pair"":5,""first_arm"":""lsf"",""native_group"":3,""lsf_group"":2,""native"":""19"",""lsf"":""19"",""lsf_minus_native"":""0"",""percent_of_native"":""0""},{""pair"":6,""first_arm"":""lsf"",""native_group"":1,""lsf_group"":0,""native"":""19"",""lsf"":""19"",""lsf_minus_native"":""0"",""percent_of_native"":""0""}]",7,7,0,"{""count"":""7"",""minimum"":""19"",""median"":""19"",""maximum"":""19"",""median_absolute_deviation"":""0""}","{""count"":""7"",""minimum"":""19"",""median"":""19"",""maximum"":""19"",""median_absolute_deviation"":""0""}","{""count"":""7"",""minimum"":""0"",""median"":""0"",""maximum"":""0"",""median_absolute_deviation"":""0""}",0,7,0,"{""lsf"":{""pair_count"":4,""available_pairs"":4,""unavailable_pairs"":0,""native"":{""count"":""4"",""minimum"":""19"",""median"":""19"",""maximum"":""19"",""median_absolute_deviation"":""0""},""lsf"":{""count"":""4"",""minimum"":""19"",""median"":""19"",""maximum"":""19"",""median_absolute_deviation"":""0""},""paired_difference"":{""count"":""4"",""minimum"":""0"",""median"":""0"",""maximum"":""0"",""median_absolute_deviation"":""0""},""lower"":0,""equal"":4,""higher"":0},""native"":{""pair_count"":3,""available_pairs"":3,""unavailable_pairs"":0,""native"":{""count"":""3"",""minimum"":""19"",""median"":""19"",""maximum"":""19"",""median_absolute_deviation"":""0""},""lsf"":{""count"":""3"",""minimum"":""19"",""median"":""19"",""maximum"":""19"",""median_absolute_deviation"":""0""},""paired_difference"":{""count"":""3"",""minimum"":""0"",""median"":""0"",""maximum"":""0"",""median_absolute_deviation"":""0""},""lower"":0,""equal"":3,""higher"":0}}"
1,served,before,wrapper.listener_count,count,"[{""pair"":0,""first_arm"":""lsf"",""native_group"":1,""lsf_group"":0,""native"":""1"",""lsf"":""1"",""lsf_minus_native"":""0"",""percent_of_native"":""0""},{""pair"":1,""first_arm"":""native"",""native_group"":4,""lsf_group"":5,""native"":""1"",""lsf"":""1"",""lsf_minus_native"":""0"",""percent_of_native"":""0""},{""pair"":2,""first_arm"":""native"",""native_group"":2,""lsf_group"":3,""native"":""1"",""lsf"":""1"",""lsf_minus_native"":""0"",""percent_of_native"":""0""},{""pair"":3,""first_arm"":""native"",""native_group"":0,""lsf_group"":1,""native"":""1"",""lsf"":""1"",""lsf_minus_native"":""0"",""percent_of_native"":""0""},{""pair"":4,""first_arm"":""lsf"",""native_group"":5,""lsf_group"":4,""native"":""1"",""lsf"":""1"",""lsf_minus_native"":""0"",""percent_of_native"":""0""},{""pair"":5,""first_arm"":""lsf"",""native_group"":3,""lsf_group"":2,""native"":""1"",""lsf"":""1"",""lsf_minus_native"":""0"",""percent_of_native"":""0""},{""pair"":6,""first_arm"":""lsf"",""native_group"":1,""lsf_group"":0,""native"":""1"",""lsf"":""1"",""lsf_minus_native"":""0"",""percent_of_native"":""0""}]",7,7,0,"{""count"":""7"",""minimum"":""1"",""median"":""1"",""maximum"":""1"",""median_absolute_deviation"":""0""}","{""count"":""7"",""minimum"":""1"",""median"":""1"",""maximum"":""1"",""median_absolute_deviation"":""0""}","{""count"":""7"",""minimum"":""0"",""median"":""0"",""maximum"":""0"",""median_absolute_deviation"":""0""}",0,7,0,"{""lsf"":{""pair_count"":4,""available_pairs"":4,""unavailable_pairs"":0,""native"":{""count"":""4"",""minimum"":""1"",""median"":""1"",""maximum"":""1"",""median_absolute_deviation"":""0""},""lsf"":{""count"":""4"",""minimum"":""1"",""median"":""1"",""maximum"":""1"",""median_absolute_deviation"":""0""},""paired_difference"":{""count"":""4"",""minimum"":""0"",""median"":""0"",""maximum"":""0"",""median_absolute_deviation"":""0""},""lower"":0,""equal"":4,""higher"":0},""native"":{""pair_count"":3,""available_pairs"":3,""unavailable_pairs"":0,""native"":{""count"":""3"",""minimum"":""1"",""median"":""1"",""maximum"":""1"",""median_absolute_deviation"":""0""},""lsf"":{""count"":""3"",""minimum"":""1"",""median"":""1"",""maximum"":""1"",""median_absolute_deviation"":""0""},""paired_difference"":{""count"":""3"",""minimum"":""0"",""median"":""0"",""maximum"":""0"",""median_absolute_deviation"":""0""},""lower"":0,""equal"":3,""higher"":0}}"
1,served,before,cgroup.memory_current_bytes,bytes,"[{""pair"":0,""first_arm"":""lsf"",""native_group"":1,""lsf_group"":0,""native"":""1822720"",""lsf"":""5373952"",""lsf_minus_native"":""3551232"",""percent_of_native"":""194.831461""},{""pair"":1,""first_arm"":""native"",""native_group"":4,""lsf_group"":5,""native"":""1818624"",""lsf"":""5455872"",""lsf_minus_native"":""3637248"",""percent_of_native"":""200""},{""pair"":2,""first_arm"":""native"",""native_group"":2,""lsf_group"":3,""native"":""1830912"",""lsf"":""5361664"",""lsf_minus_native"":""3530752"",""percent_of_native"":""192.841163""},{""pair"":3,""first_arm"":""native"",""native_group"":0,""lsf_group"":1,""native"":""1835008"",""lsf"":""5455872"",""lsf_minus_native"":""3620864"",""percent_of_native"":""197.321429""},{""pair"":4,""first_arm"":""lsf"",""native_group"":5,""lsf_group"":4,""native"":""1818624"",""lsf"":""5431296"",""lsf_minus_native"":""3612672"",""percent_of_native"":""198.648649""},{""pair"":5,""first_arm"":""lsf"",""native_group"":3,""lsf_group"":2,""native"":""1826816"",""lsf"":""5349376"",""lsf_minus_native"":""3522560"",""percent_of_native"":""192.825112""},{""pair"":6,""first_arm"":""lsf"",""native_group"":1,""lsf_group"":0,""native"":""1818624"",""lsf"":""5459968"",""lsf_minus_native"":""3641344"",""percent_of_native"":""200.225225""}]",7,7,0,"{""count"":""7"",""minimum"":""1818624"",""median"":""1822720"",""maximum"":""1835008"",""median_absolute_deviation"":""4096""}","{""count"":""7"",""minimum"":""5349376"",""median"":""5431296"",""maximum"":""5459968"",""median_absolute_deviation"":""28672""}","{""count"":""7"",""minimum"":""3522560"",""median"":""3612672"",""maximum"":""3641344"",""median_absolute_deviation"":""28672""}",0,0,7,"{""lsf"":{""pair_count"":4,""available_pairs"":4,""unavailable_pairs"":0,""native"":{""count"":""4"",""minimum"":""1818624"",""median"":""1820672"",""maximum"":""1826816"",""median_absolute_deviation"":""2048""},""lsf"":{""count"":""4"",""minimum"":""5349376"",""median"":""5402624"",""maximum"":""5459968"",""median_absolute_deviation"":""40960""},""paired_difference"":{""count"":""4"",""minimum"":""3522560"",""median"":""3581952"",""maximum"":""3641344"",""median_absolute_deviation"":""45056""},""lower"":0,""equal"":0,""higher"":4},""native"":{""pair_count"":3,""available_pairs"":3,""unavailable_pairs"":0,""native"":{""count"":""3"",""minimum"":""1818624"",""median"":""1830912"",""maximum"":""1835008"",""median_absolute_deviation"":""4096""},""lsf"":{""count"":""3"",""minimum"":""5361664"",""median"":""5455872"",""maximum"":""5455872"",""median_absolute_deviation"":""0""},""paired_difference"":{""count"":""3"",""minimum"":""3530752"",""median"":""3620864"",""maximum"":""3637248"",""median_absolute_deviation"":""16384""},""lower"":0,""equal"":0,""higher"":3}}"
1,served,before,cgroup.sum_leaf_lifetime_memory_peak_bytes,bytes,"[{""pair"":0,""first_arm"":""lsf"",""native_group"":1,""lsf_group"":0,""native"":""6516736"",""lsf"":""7073792"",""lsf_minus_native"":""557056"",""percent_of_native"":""8.548083""},{""pair"":1,""first_arm"":""native"",""native_group"":4,""lsf_group"":5,""native"":""5984256"",""lsf"":""6873088"",""lsf_minus_native"":""888832"",""percent_of_native"":""14.852841""},{""pair"":2,""first_arm"":""native"",""native_group"":2,""lsf_group"":3,""native"":""6053888"",""lsf"":""7213056"",""lsf_minus_native"":""1159168"",""percent_of_native"":""19.147497""},{""pair"":3,""first_arm"":""native"",""native_group"":0,""lsf_group"":1,""native"":""6103040"",""lsf"":""6881280"",""lsf_minus_native"":""778240"",""percent_of_native"":""12.751678""},{""pair"":4,""first_arm"":""lsf"",""native_group"":5,""lsf_group"":4,""native"":""5922816"",""lsf"":""7204864"",""lsf_minus_native"":""1282048"",""percent_of_native"":""21.64592""},{""pair"":5,""first_arm"":""lsf"",""native_group"":3,""lsf_group"":2,""native"":""6426624"",""lsf"":""7286784"",""lsf_minus_native"":""860160"",""percent_of_native"":""13.384321""},{""pair"":6,""first_arm"":""lsf"",""native_group"":1,""lsf_group"":0,""native"":""6025216"",""lsf"":""6909952"",""lsf_minus_native"":""884736"",""percent_of_native"":""14.683889""}]",7,7,0,"{""count"":""7"",""minimum"":""5922816"",""median"":""6053888"",""maximum"":""6516736"",""median_absolute_deviation"":""69632""}","{""count"":""7"",""minimum"":""6873088"",""median"":""7073792"",""maximum"":""7286784"",""median_absolute_deviation"":""163840""}","{""count"":""7"",""minimum"":""557056"",""median"":""884736"",""maximum"":""1282048"",""median_absolute_deviation"":""106496""}",0,0,7,"{""lsf"":{""pair_count"":4,""available_pairs"":4,""unavailable_pairs"":0,""native"":{""count"":""4"",""minimum"":""5922816"",""median"":""6225920"",""maximum"":""6516736"",""median_absolute_deviation"":""245760""},""lsf"":{""count"":""4"",""minimum"":""6909952"",""median"":""7139328"",""maximum"":""7286784"",""median_absolute_deviation"":""106496""},""paired_difference"":{""count"":""4"",""minimum"":""557056"",""median"":""872448"",""maximum"":""1282048"",""median_absolute_deviation"":""163840""},""lower"":0,""equal"":0,""higher"":4},""native"":{""pair_count"":3,""available_pairs"":3,""unavailable_pairs"":0,""native"":{""count"":""3"",""minimum"":""5984256"",""median"":""6053888"",""maximum"":""6103040"",""median_absolute_deviation"":""49152""},""lsf"":{""count"":""3"",""minimum"":""6873088"",""median"":""6881280"",""maximum"":""7213056"",""median_absolute_deviation"":""8192""},""paired_difference"":{""count"":""3"",""minimum"":""778240"",""median"":""888832"",""maximum"":""1159168"",""median_absolute_deviation"":""110592""},""lower"":0,""equal"":0,""higher"":3}}"
1,served,before,cgroup.memory_swap_current_bytes,bytes,"[{""pair"":0,""first_arm"":""lsf"",""native_group"":1,""lsf_group"":0,""native"":""0"",""lsf"":""0"",""lsf_minus_native"":""0"",""percent_of_native"":null},{""pair"":1,""first_arm"":""native"",""native_group"":4,""lsf_group"":5,""native"":""0"",""lsf"":""0"",""lsf_minus_native"":""0"",""percent_of_native"":null},{""pair"":2,""first_arm"":""native"",""native_group"":2,""lsf_group"":3,""native"":""0"",""lsf"":""0"",""lsf_minus_native"":""0"",""percent_of_native"":null},{""pair"":3,""first_arm"":""native"",""native_group"":0,""lsf_group"":1,""native"":""0"",""lsf"":""0"",""lsf_minus_native"":""0"",""percent_of_native"":null},{""pair"":4,""first_arm"":""lsf"",""native_group"":5,""lsf_group"":4,""native"":""0"",""lsf"":""0"",""lsf_minus_native"":""0"",""percent_of_native"":null},{""pair"":5,""first_arm"":""lsf"",""native_group"":3,""lsf_group"":2,""native"":""0"",""lsf"":""0"",""lsf_minus_native"":""0"",""percent_of_native"":null},{""pair"":6,""first_arm"":""lsf"",""native_group"":1,""lsf_group"":0,""native"":""0"",""lsf"":""0"",""lsf_minus_native"":""0"",""percent_of_native"":null}]",7,7,0,"{""count"":""7"",""minimum"":""0"",""median"":""0"",""maximum"":""0"",""median_absolute_deviation"":""0""}","{""count"":""7"",""minimum"":""0"",""median"":""0"",""maximum"":""0"",""median_absolute_deviation"":""0""}","{""count"":""7"",""minimum"":""0"",""median"":""0"",""maximum"":""0"",""median_absolute_deviation"":""0""}",0,7,0,"{""lsf"":{""pair_count"":4,""available_pairs"":4,""unavailable_pairs"":0,""native"":{""count"":""4"",""minimum"":""0"",""median"":""0"",""maximum"":""0"",""median_absolute_deviation"":""0""},""lsf"":{""count"":""4"",""minimum"":""0"",""median"":""0"",""maximum"":""0"",""median_absolute_deviation"":""0""},""paired_difference"":{""count"":""4"",""minimum"":""0"",""median"":""0"",""maximum"":""0"",""median_absolute_deviation"":""0""},""lower"":0,""equal"":4,""higher"":0},""native"":{""pair_count"":3,""available_pairs"":3,""unavailable_pairs"":0,""native"":{""count"":""3"",""minimum"":""0"",""median"":""0"",""maximum"":""0"",""median_absolute_deviation"":""0""},""lsf"":{""count"":""3"",""minimum"":""0"",""median"":""0"",""maximum"":""0"",""median_absolute_deviation"":""0""},""paired_difference"":{""count"":""3"",""minimum"":""0"",""median"":""0"",""maximum"":""0"",""median_absolute_deviation"":""0""},""lower"":0,""equal"":3,""higher"":0}}"
1,served,before,cgroup.pids_current,count,"[{""pair"":0,""first_arm"":""lsf"",""native_group"":1,""lsf_group"":0,""native"":""6"",""lsf"":""10"",""lsf_minus_native"":""4"",""percent_of_native"":""66.666667""},{""pair"":1,""first_arm"":""native"",""native_group"":4,""lsf_group"":5,""native"":""6"",""lsf"":""10"",""lsf_minus_native"":""4"",""percent_of_native"":""66.666667""},{""pair"":2,""first_arm"":""native"",""native_group"":2,""lsf_group"":3,""native"":""6"",""lsf"":""10"",""lsf_minus_native"":""4"",""percent_of_native"":""66.666667""},{""pair"":3,""first_arm"":""native"",""native_group"":0,""lsf_group"":1,""native"":""6"",""lsf"":""10"",""lsf_minus_native"":""4"",""percent_of_native"":""66.666667""},{""pair"":4,""first_arm"":""lsf"",""native_group"":5,""lsf_group"":4,""native"":""6"",""lsf"":""10"",""lsf_minus_native"":""4"",""percent_of_native"":""66.666667""},{""pair"":5,""first_arm"":""lsf"",""native_group"":3,""lsf_group"":2,""native"":""6"",""lsf"":""10"",""lsf_minus_native"":""4"",""percent_of_native"":""66.666667""},{""pair"":6,""first_arm"":""lsf"",""native_group"":1,""lsf_group"":0,""native"":""6"",""lsf"":""10"",""lsf_minus_native"":""4"",""percent_of_native"":""66.666667""}]",7,7,0,"{""count"":""7"",""minimum"":""6"",""median"":""6"",""maximum"":""6"",""median_absolute_deviation"":""0""}","{""count"":""7"",""minimum"":""10"",""median"":""10"",""maximum"":""10"",""median_absolute_deviation"":""0""}","{""count"":""7"",""minimum"":""4"",""median"":""4"",""maximum"":""4"",""median_absolute_deviation"":""0""}",0,0,7,"{""lsf"":{""pair_count"":4,""available_pairs"":4,""unavailable_pairs"":0,""native"":{""count"":""4"",""minimum"":""6"",""median"":""6"",""maximum"":""6"",""median_absolute_deviation"":""0""},""lsf"":{""count"":""4"",""minimum"":""10"",""median"":""10"",""maximum"":""10"",""median_absolute_deviation"":""0""},""paired_difference"":{""count"":""4"",""minimum"":""4"",""median"":""4"",""maximum"":""4"",""median_absolute_deviation"":""0""},""lower"":0,""equal"":0,""higher"":4},""native"":{""pair_count"":3,""available_pairs"":3,""unavailable_pairs"":0,""native"":{""count"":""3"",""minimum"":""6"",""median"":""6"",""maximum"":""6"",""median_absolute_deviation"":""0""},""lsf"":{""count"":""3"",""minimum"":""10"",""median"":""10"",""maximum"":""10"",""median_absolute_deviation"":""0""},""paired_difference"":{""count"":""3"",""minimum"":""4"",""median"":""4"",""maximum"":""4"",""median_absolute_deviation"":""0""},""lower"":0,""equal"":0,""higher"":3}}"
1,served,before,cgroup.cpu.usage_usec,us,"[{""pair"":0,""first_arm"":""lsf"",""native_group"":1,""lsf_group"":0,""native"":""71157"",""lsf"":""131875"",""lsf_minus_native"":""60718"",""percent_of_native"":""85.329623""},{""pair"":1,""first_arm"":""native"",""native_group"":4,""lsf_group"":5,""native"":""65135"",""lsf"":""136126"",""lsf_minus_native"":""70991"",""percent_of_native"":""108.990558""},{""pair"":2,""first_arm"":""native"",""native_group"":2,""lsf_group"":3,""native"":""70895"",""lsf"":""128556"",""lsf_minus_native"":""57661"",""percent_of_native"":""81.332957""},{""pair"":3,""first_arm"":""native"",""native_group"":0,""lsf_group"":1,""native"":""73697"",""lsf"":""132394"",""lsf_minus_native"":""58697"",""percent_of_native"":""79.64639""},{""pair"":4,""first_arm"":""lsf"",""native_group"":5,""lsf_group"":4,""native"":""65370"",""lsf"":""122465"",""lsf_minus_native"":""57095"",""percent_of_native"":""87.341288""},{""pair"":5,""first_arm"":""lsf"",""native_group"":3,""lsf_group"":2,""native"":""64410"",""lsf"":""136484"",""lsf_minus_native"":""72074"",""percent_of_native"":""111.898773""},{""pair"":6,""first_arm"":""lsf"",""native_group"":1,""lsf_group"":0,""native"":""69756"",""lsf"":""142847"",""lsf_minus_native"":""73091"",""percent_of_native"":""104.780951""}]",7,7,0,"{""count"":""7"",""minimum"":""64410"",""median"":""69756"",""maximum"":""73697"",""median_absolute_deviation"":""3941""}","{""count"":""7"",""minimum"":""122465"",""median"":""132394"",""maximum"":""142847"",""median_absolute_deviation"":""3838""}","{""count"":""7"",""minimum"":""57095"",""median"":""60718"",""maximum"":""73091"",""median_absolute_deviation"":""3623""}",0,0,7,"{""lsf"":{""pair_count"":4,""available_pairs"":4,""unavailable_pairs"":0,""native"":{""count"":""4"",""minimum"":""64410"",""median"":""67563"",""maximum"":""71157"",""median_absolute_deviation"":""2673""},""lsf"":{""count"":""4"",""minimum"":""122465"",""median"":""134179.5"",""maximum"":""142847"",""median_absolute_deviation"":""5486""},""paired_difference"":{""count"":""4"",""minimum"":""57095"",""median"":""66396"",""maximum"":""73091"",""median_absolute_deviation"":""6186.5""},""lower"":0,""equal"":0,""higher"":4},""native"":{""pair_count"":3,""available_pairs"":3,""unavailable_pairs"":0,""native"":{""count"":""3"",""minimum"":""65135"",""median"":""70895"",""maximum"":""73697"",""median_absolute_deviation"":""2802""},""lsf"":{""count"":""3"",""minimum"":""128556"",""median"":""132394"",""maximum"":""136126"",""median_absolute_deviation"":""3732""},""paired_difference"":{""count"":""3"",""minimum"":""57661"",""median"":""58697"",""maximum"":""70991"",""median_absolute_deviation"":""1036""},""lower"":0,""equal"":0,""higher"":3}}"
1,served,before,cgroup.cpu.user_usec,us,"[{""pair"":0,""first_arm"":""lsf"",""native_group"":1,""lsf_group"":0,""native"":""8781"",""lsf"":""61228"",""lsf_minus_native"":""52447"",""percent_of_native"":""597.278214""},{""pair"":1,""first_arm"":""native"",""native_group"":4,""lsf_group"":5,""native"":""20354"",""lsf"":""60500"",""lsf_minus_native"":""40146"",""percent_of_native"":""197.238872""},{""pair"":2,""first_arm"":""native"",""native_group"":2,""lsf_group"":3,""native"":""4016"",""lsf"":""58057"",""lsf_minus_native"":""54041"",""percent_of_native"":""1345.64243""},{""pair"":3,""first_arm"":""native"",""native_group"":0,""lsf_group"":1,""native"":""0"",""lsf"":""63914"",""lsf_minus_native"":""63914"",""percent_of_native"":null},{""pair"":4,""first_arm"":""lsf"",""native_group"":5,""lsf_group"":4,""native"":""5016"",""lsf"":""52485"",""lsf_minus_native"":""47469"",""percent_of_native"":""946.351675""},{""pair"":5,""first_arm"":""lsf"",""native_group"":3,""lsf_group"":2,""native"":""6780"",""lsf"":""72507"",""lsf_minus_native"":""65727"",""percent_of_native"":""969.424779""},{""pair"":6,""first_arm"":""lsf"",""native_group"":1,""lsf_group"":0,""native"":""10522"",""lsf"":""57138"",""lsf_minus_native"":""46616"",""percent_of_native"":""443.033644""}]",7,7,0,"{""count"":""7"",""minimum"":""0"",""median"":""6780"",""maximum"":""20354"",""median_absolute_deviation"":""2764""}","{""count"":""7"",""minimum"":""52485"",""median"":""60500"",""maximum"":""72507"",""median_absolute_deviation"":""3362""}","{""count"":""7"",""minimum"":""40146"",""median"":""52447"",""maximum"":""65727"",""median_absolute_deviation"":""5831""}",0,0,7,"{""lsf"":{""pair_count"":4,""available_pairs"":4,""unavailable_pairs"":0,""native"":{""count"":""4"",""minimum"":""5016"",""median"":""7780.5"",""maximum"":""10522"",""median_absolute_deviation"":""1871""},""lsf"":{""count"":""4"",""minimum"":""52485"",""median"":""59183"",""maximum"":""72507"",""median_absolute_deviation"":""4371.5""},""paired_difference"":{""count"":""4"",""minimum"":""46616"",""median"":""49958"",""maximum"":""65727"",""median_absolute_deviation"":""2915.5""},""lower"":0,""equal"":0,""higher"":4},""native"":{""pair_count"":3,""available_pairs"":3,""unavailable_pairs"":0,""native"":{""count"":""3"",""minimum"":""0"",""median"":""4016"",""maximum"":""20354"",""median_absolute_deviation"":""4016""},""lsf"":{""count"":""3"",""minimum"":""58057"",""median"":""60500"",""maximum"":""63914"",""median_absolute_deviation"":""2443""},""paired_difference"":{""count"":""3"",""minimum"":""40146"",""median"":""54041"",""maximum"":""63914"",""median_absolute_deviation"":""9873""},""lower"":0,""equal"":0,""higher"":3}}"
1,served,before,cgroup.cpu.system_usec,us,"[{""pair"":0,""first_arm"":""lsf"",""native_group"":1,""lsf_group"":0,""native"":""62376"",""lsf"":""70647"",""lsf_minus_native"":""8271"",""percent_of_native"":""13.259908""},{""pair"":1,""first_arm"":""native"",""native_group"":4,""lsf_group"":5,""native"":""44780"",""lsf"":""75625"",""lsf_minus_native"":""30845"",""percent_of_native"":""68.881197""},{""pair"":2,""first_arm"":""native"",""native_group"":2,""lsf_group"":3,""native"":""66878"",""lsf"":""70498"",""lsf_minus_native"":""3620"",""percent_of_native"":""5.412841""},{""pair"":3,""first_arm"":""native"",""native_group"":0,""lsf_group"":1,""native"":""73697"",""lsf"":""68479"",""lsf_minus_native"":""-5218"",""percent_of_native"":""-7.080342""},{""pair"":4,""first_arm"":""lsf"",""native_group"":5,""lsf_group"":4,""native"":""60354"",""lsf"":""69980"",""lsf_minus_native"":""9626"",""percent_of_native"":""15.949233""},{""pair"":5,""first_arm"":""lsf"",""native_group"":3,""lsf_group"":2,""native"":""57630"",""lsf"":""63977"",""lsf_minus_native"":""6347"",""percent_of_native"":""11.013361""},{""pair"":6,""first_arm"":""lsf"",""native_group"":1,""lsf_group"":0,""native"":""59233"",""lsf"":""85708"",""lsf_minus_native"":""26475"",""percent_of_native"":""44.696369""}]",7,7,0,"{""count"":""7"",""minimum"":""44780"",""median"":""60354"",""maximum"":""73697"",""median_absolute_deviation"":""2724""}","{""count"":""7"",""minimum"":""63977"",""median"":""70498"",""maximum"":""85708"",""median_absolute_deviation"":""2019""}","{""count"":""7"",""minimum"":""-5218"",""median"":""8271"",""maximum"":""30845"",""median_absolute_deviation"":""4651""}",1,0,6,"{""lsf"":{""pair_count"":4,""available_pairs"":4,""unavailable_pairs"":0,""native"":{""count"":""4"",""minimum"":""57630"",""median"":""59793.5"",""maximum"":""62376"",""median_absolute_deviation"":""1362""},""lsf"":{""count"":""4"",""minimum"":""63977"",""median"":""70313.5"",""maximum"":""85708"",""median_absolute_deviation"":""3335""},""paired_difference"":{""count"":""4"",""minimum"":""6347"",""median"":""8948.5"",""maximum"":""26475"",""median_absolute_deviation"":""1639.5""},""lower"":0,""equal"":0,""higher"":4},""native"":{""pair_count"":3,""available_pairs"":3,""unavailable_pairs"":0,""native"":{""count"":""3"",""minimum"":""44780"",""median"":""66878"",""maximum"":""73697"",""median_absolute_deviation"":""6819""},""lsf"":{""count"":""3"",""minimum"":""68479"",""median"":""70498"",""maximum"":""75625"",""median_absolute_deviation"":""2019""},""paired_difference"":{""count"":""3"",""minimum"":""-5218"",""median"":""3620"",""maximum"":""30845"",""median_absolute_deviation"":""8838""},""lower"":1,""equal"":0,""higher"":2}}"
1,served,before,cgroup.cpu.nr_periods,count,"[{""pair"":0,""first_arm"":""lsf"",""native_group"":1,""lsf_group"":0,""native"":""9"",""lsf"":""30"",""lsf_minus_native"":""21"",""percent_of_native"":""233.333333""},{""pair"":1,""first_arm"":""native"",""native_group"":4,""lsf_group"":5,""native"":""11"",""lsf"":""27"",""lsf_minus_native"":""16"",""percent_of_native"":""145.454545""},{""pair"":2,""first_arm"":""native"",""native_group"":2,""lsf_group"":3,""native"":""9"",""lsf"":""30"",""lsf_minus_native"":""21"",""percent_of_native"":""233.333333""},{""pair"":3,""first_arm"":""native"",""native_group"":0,""lsf_group"":1,""native"":""9"",""lsf"":""26"",""lsf_minus_native"":""17"",""percent_of_native"":""188.888889""},{""pair"":4,""first_arm"":""lsf"",""native_group"":5,""lsf_group"":4,""native"":""8"",""lsf"":""24"",""lsf_minus_native"":""16"",""percent_of_native"":""200""},{""pair"":5,""first_arm"":""lsf"",""native_group"":3,""lsf_group"":2,""native"":""10"",""lsf"":""25"",""lsf_minus_native"":""15"",""percent_of_native"":""150""},{""pair"":6,""first_arm"":""lsf"",""native_group"":1,""lsf_group"":0,""native"":""9"",""lsf"":""27"",""lsf_minus_native"":""18"",""percent_of_native"":""200""}]",7,7,0,"{""count"":""7"",""minimum"":""8"",""median"":""9"",""maximum"":""11"",""median_absolute_deviation"":""0""}","{""count"":""7"",""minimum"":""24"",""median"":""27"",""maximum"":""30"",""median_absolute_deviation"":""2""}","{""count"":""7"",""minimum"":""15"",""median"":""17"",""maximum"":""21"",""median_absolute_deviation"":""1""}",0,0,7,"{""lsf"":{""pair_count"":4,""available_pairs"":4,""unavailable_pairs"":0,""native"":{""count"":""4"",""minimum"":""8"",""median"":""9"",""maximum"":""10"",""median_absolute_deviation"":""0.5""},""lsf"":{""count"":""4"",""minimum"":""24"",""median"":""26"",""maximum"":""30"",""median_absolute_deviation"":""1.5""},""paired_difference"":{""count"":""4"",""minimum"":""15"",""median"":""17"",""maximum"":""21"",""median_absolute_deviation"":""1.5""},""lower"":0,""equal"":0,""higher"":4},""native"":{""pair_count"":3,""available_pairs"":3,""unavailable_pairs"":0,""native"":{""count"":""3"",""minimum"":""9"",""median"":""9"",""maximum"":""11"",""median_absolute_deviation"":""0""},""lsf"":{""count"":""3"",""minimum"":""26"",""median"":""27"",""maximum"":""30"",""median_absolute_deviation"":""1""},""paired_difference"":{""count"":""3"",""minimum"":""16"",""median"":""17"",""maximum"":""21"",""median_absolute_deviation"":""1""},""lower"":0,""equal"":0,""higher"":3}}"
1,served,before,cgroup.cpu.nr_throttled,count,"[{""pair"":0,""first_arm"":""lsf"",""native_group"":1,""lsf_group"":0,""native"":""0"",""lsf"":""0"",""lsf_minus_native"":""0"",""percent_of_native"":null},{""pair"":1,""first_arm"":""native"",""native_group"":4,""lsf_group"":5,""native"":""0"",""lsf"":""0"",""lsf_minus_native"":""0"",""percent_of_native"":null},{""pair"":2,""first_arm"":""native"",""native_group"":2,""lsf_group"":3,""native"":""0"",""lsf"":""0"",""lsf_minus_native"":""0"",""percent_of_native"":null},{""pair"":3,""first_arm"":""native"",""native_group"":0,""lsf_group"":1,""native"":""0"",""lsf"":""0"",""lsf_minus_native"":""0"",""percent_of_native"":null},{""pair"":4,""first_arm"":""lsf"",""native_group"":5,""lsf_group"":4,""native"":""0"",""lsf"":""0"",""lsf_minus_native"":""0"",""percent_of_native"":null},{""pair"":5,""first_arm"":""lsf"",""native_group"":3,""lsf_group"":2,""native"":""0"",""lsf"":""0"",""lsf_minus_native"":""0"",""percent_of_native"":null},{""pair"":6,""first_arm"":""lsf"",""native_group"":1,""lsf_group"":0,""native"":""0"",""lsf"":""0"",""lsf_minus_native"":""0"",""percent_of_native"":null}]",7,7,0,"{""count"":""7"",""minimum"":""0"",""median"":""0"",""maximum"":""0"",""median_absolute_deviation"":""0""}","{""count"":""7"",""minimum"":""0"",""median"":""0"",""maximum"":""0"",""median_absolute_deviation"":""0""}","{""count"":""7"",""minimum"":""0"",""median"":""0"",""maximum"":""0"",""median_absolute_deviation"":""0""}",0,7,0,"{""lsf"":{""pair_count"":4,""available_pairs"":4,""unavailable_pairs"":0,""native"":{""count"":""4"",""minimum"":""0"",""median"":""0"",""maximum"":""0"",""median_absolute_deviation"":""0""},""lsf"":{""count"":""4"",""minimum"":""0"",""median"":""0"",""maximum"":""0"",""median_absolute_deviation"":""0""},""paired_difference"":{""count"":""4"",""minimum"":""0"",""median"":""0"",""maximum"":""0"",""median_absolute_deviation"":""0""},""lower"":0,""equal"":4,""higher"":0},""native"":{""pair_count"":3,""available_pairs"":3,""unavailable_pairs"":0,""native"":{""count"":""3"",""minimum"":""0"",""median"":""0"",""maximum"":""0"",""median_absolute_deviation"":""0""},""lsf"":{""count"":""3"",""minimum"":""0"",""median"":""0"",""maximum"":""0"",""median_absolute_deviation"":""0""},""paired_difference"":{""count"":""3"",""minimum"":""0"",""median"":""0"",""maximum"":""0"",""median_absolute_deviation"":""0""},""lower"":0,""equal"":3,""higher"":0}}"
1,served,before,cgroup.cpu.throttled_usec,us,"[{""pair"":0,""first_arm"":""lsf"",""native_group"":1,""lsf_group"":0,""native"":""0"",""lsf"":""0"",""lsf_minus_native"":""0"",""percent_of_native"":null},{""pair"":1,""first_arm"":""native"",""native_group"":4,""lsf_group"":5,""native"":""0"",""lsf"":""0"",""lsf_minus_native"":""0"",""percent_of_native"":null},{""pair"":2,""first_arm"":""native"",""native_group"":2,""lsf_group"":3,""native"":""0"",""lsf"":""0"",""lsf_minus_native"":""0"",""percent_of_native"":null},{""pair"":3,""first_arm"":""native"",""native_group"":0,""lsf_group"":1,""native"":""0"",""lsf"":""0"",""lsf_minus_native"":""0"",""percent_of_native"":null},{""pair"":4,""first_arm"":""lsf"",""native_group"":5,""lsf_group"":4,""native"":""0"",""lsf"":""0"",""lsf_minus_native"":""0"",""percent_of_native"":null},{""pair"":5,""first_arm"":""lsf"",""native_group"":3,""lsf_group"":2,""native"":""0"",""lsf"":""0"",""lsf_minus_native"":""0"",""percent_of_native"":null},{""pair"":6,""first_arm"":""lsf"",""native_group"":1,""lsf_group"":0,""native"":""0"",""lsf"":""0"",""lsf_minus_native"":""0"",""percent_of_native"":null}]",7,7,0,"{""count"":""7"",""minimum"":""0"",""median"":""0"",""maximum"":""0"",""median_absolute_deviation"":""0""}","{""count"":""7"",""minimum"":""0"",""median"":""0"",""maximum"":""0"",""median_absolute_deviation"":""0""}","{""count"":""7"",""minimum"":""0"",""median"":""0"",""maximum"":""0"",""median_absolute_deviation"":""0""}",0,7,0,"{""lsf"":{""pair_count"":4,""available_pairs"":4,""unavailable_pairs"":0,""native"":{""count"":""4"",""minimum"":""0"",""median"":""0"",""maximum"":""0"",""median_absolute_deviation"":""0""},""lsf"":{""count"":""4"",""minimum"":""0"",""median"":""0"",""maximum"":""0"",""median_absolute_deviation"":""0""},""paired_difference"":{""count"":""4"",""minimum"":""0"",""median"":""0"",""maximum"":""0"",""median_absolute_deviation"":""0""},""lower"":0,""equal"":4,""higher"":0},""native"":{""pair_count"":3,""available_pairs"":3,""unavailable_pairs"":0,""native"":{""count"":""3"",""minimum"":""0"",""median"":""0"",""maximum"":""0"",""median_absolute_deviation"":""0""},""lsf"":{""count"":""3"",""minimum"":""0"",""median"":""0"",""maximum"":""0"",""median_absolute_deviation"":""0""},""paired_difference"":{""count"":""3"",""minimum"":""0"",""median"":""0"",""maximum"":""0"",""median_absolute_deviation"":""0""},""lower"":0,""equal"":3,""higher"":0}}"
8,final,after,child.rss_bytes,bytes,"[{""pair"":0,""first_arm"":""native"",""native_group"":2,""lsf_group"":3,""native"":""37486592"",""lsf"":""25042944"",""lsf_minus_native"":""-12443648"",""percent_of_native"":""-33.19493""},{""pair"":1,""first_arm"":""native"",""native_group"":0,""lsf_group"":1,""native"":""37093376"",""lsf"":""24870912"",""lsf_minus_native"":""-12222464"",""percent_of_native"":""-32.95053""},{""pair"":2,""first_arm"":""lsf"",""native_group"":5,""lsf_group"":4,""native"":""37093376"",""lsf"":""25206784"",""lsf_minus_native"":""-11886592"",""percent_of_native"":""-32.045053""},{""pair"":3,""first_arm"":""lsf"",""native_group"":3,""lsf_group"":2,""native"":""37355520"",""lsf"":""24866816"",""lsf_minus_native"":""-12488704"",""percent_of_native"":""-33.432018""},{""pair"":4,""first_arm"":""lsf"",""native_group"":1,""lsf_group"":0,""native"":""36962304"",""lsf"":""24965120"",""lsf_minus_native"":""-11997184"",""percent_of_native"":""-32.45789""},{""pair"":5,""first_arm"":""native"",""native_group"":4,""lsf_group"":5,""native"":""37093376"",""lsf"":""25112576"",""lsf_minus_native"":""-11980800"",""percent_of_native"":""-32.299028""},{""pair"":6,""first_arm"":""native"",""native_group"":2,""lsf_group"":3,""native"":""36962304"",""lsf"":""24858624"",""lsf_minus_native"":""-12103680"",""percent_of_native"":""-32.746011""}]",7,7,0,"{""count"":""7"",""minimum"":""36962304"",""median"":""37093376"",""maximum"":""37486592"",""median_absolute_deviation"":""131072""}","{""count"":""7"",""minimum"":""24858624"",""median"":""24965120"",""maximum"":""25206784"",""median_absolute_deviation"":""98304""}","{""count"":""7"",""minimum"":""-12488704"",""median"":""-12103680"",""maximum"":""-11886592"",""median_absolute_deviation"":""122880""}",7,0,0,"{""lsf"":{""pair_count"":3,""available_pairs"":3,""unavailable_pairs"":0,""native"":{""count"":""3"",""minimum"":""36962304"",""median"":""37093376"",""maximum"":""37355520"",""median_absolute_deviation"":""131072""},""lsf"":{""count"":""3"",""minimum"":""24866816"",""median"":""24965120"",""maximum"":""25206784"",""median_absolute_deviation"":""98304""},""paired_difference"":{""count"":""3"",""minimum"":""-12488704"",""median"":""-11997184"",""maximum"":""-11886592"",""median_absolute_deviation"":""110592""},""lower"":3,""equal"":0,""higher"":0},""native"":{""pair_count"":4,""available_pairs"":4,""unavailable_pairs"":0,""native"":{""count"":""4"",""minimum"":""36962304"",""median"":""37093376"",""maximum"":""37486592"",""median_absolute_deviation"":""65536""},""lsf"":{""count"":""4"",""minimum"":""24858624"",""median"":""24956928"",""maximum"":""25112576"",""median_absolute_deviation"":""92160""},""paired_difference"":{""count"":""4"",""minimum"":""-12443648"",""median"":""-12163072"",""maximum"":""-11980800"",""median_absolute_deviation"":""120832""},""lower"":4,""equal"":0,""higher"":0}}"
8,final,after,child.threads,count,"[{""pair"":0,""first_arm"":""native"",""native_group"":2,""lsf_group"":3,""native"":""24"",""lsf"":""7"",""lsf_minus_native"":""-17"",""percent_of_native"":""-70.833333""},{""pair"":1,""first_arm"":""native"",""native_group"":0,""lsf_group"":1,""native"":""24"",""lsf"":""7"",""lsf_minus_native"":""-17"",""percent_of_native"":""-70.833333""},{""pair"":2,""first_arm"":""lsf"",""native_group"":5,""lsf_group"":4,""native"":""24"",""lsf"":""7"",""lsf_minus_native"":""-17"",""percent_of_native"":""-70.833333""},{""pair"":3,""first_arm"":""lsf"",""native_group"":3,""lsf_group"":2,""native"":""24"",""lsf"":""7"",""lsf_minus_native"":""-17"",""percent_of_native"":""-70.833333""},{""pair"":4,""first_arm"":""lsf"",""native_group"":1,""lsf_group"":0,""native"":""24"",""lsf"":""7"",""lsf_minus_native"":""-17"",""percent_of_native"":""-70.833333""},{""pair"":5,""first_arm"":""native"",""native_group"":4,""lsf_group"":5,""native"":""24"",""lsf"":""7"",""lsf_minus_native"":""-17"",""percent_of_native"":""-70.833333""},{""pair"":6,""first_arm"":""native"",""native_group"":2,""lsf_group"":3,""native"":""24"",""lsf"":""7"",""lsf_minus_native"":""-17"",""percent_of_native"":""-70.833333""}]",7,7,0,"{""count"":""7"",""minimum"":""24"",""median"":""24"",""maximum"":""24"",""median_absolute_deviation"":""0""}","{""count"":""7"",""minimum"":""7"",""median"":""7"",""maximum"":""7"",""median_absolute_deviation"":""0""}","{""count"":""7"",""minimum"":""-17"",""median"":""-17"",""maximum"":""-17"",""median_absolute_deviation"":""0""}",7,0,0,"{""lsf"":{""pair_count"":3,""available_pairs"":3,""unavailable_pairs"":0,""native"":{""count"":""3"",""minimum"":""24"",""median"":""24"",""maximum"":""24"",""median_absolute_deviation"":""0""},""lsf"":{""count"":""3"",""minimum"":""7"",""median"":""7"",""maximum"":""7"",""median_absolute_deviation"":""0""},""paired_difference"":{""count"":""3"",""minimum"":""-17"",""median"":""-17"",""maximum"":""-17"",""median_absolute_deviation"":""0""},""lower"":3,""equal"":0,""higher"":0},""native"":{""pair_count"":4,""available_pairs"":4,""unavailable_pairs"":0,""native"":{""count"":""4"",""minimum"":""24"",""median"":""24"",""maximum"":""24"",""median_absolute_deviation"":""0""},""lsf"":{""count"":""4"",""minimum"":""7"",""median"":""7"",""maximum"":""7"",""median_absolute_deviation"":""0""},""paired_difference"":{""count"":""4"",""minimum"":""-17"",""median"":""-17"",""maximum"":""-17"",""median_absolute_deviation"":""0""},""lower"":4,""equal"":0,""higher"":0}}"
8,final,after,child.fd_count,count,"[{""pair"":0,""first_arm"":""native"",""native_group"":2,""lsf_group"":3,""native"":""88"",""lsf"":""32"",""lsf_minus_native"":""-56"",""percent_of_native"":""-63.636364""},{""pair"":1,""first_arm"":""native"",""native_group"":0,""lsf_group"":1,""native"":""88"",""lsf"":""32"",""lsf_minus_native"":""-56"",""percent_of_native"":""-63.636364""},{""pair"":2,""first_arm"":""lsf"",""native_group"":5,""lsf_group"":4,""native"":""88"",""lsf"":""32"",""lsf_minus_native"":""-56"",""percent_of_native"":""-63.636364""},{""pair"":3,""first_arm"":""lsf"",""native_group"":3,""lsf_group"":2,""native"":""88"",""lsf"":""32"",""lsf_minus_native"":""-56"",""percent_of_native"":""-63.636364""},{""pair"":4,""first_arm"":""lsf"",""native_group"":1,""lsf_group"":0,""native"":""88"",""lsf"":""32"",""lsf_minus_native"":""-56"",""percent_of_native"":""-63.636364""},{""pair"":5,""first_arm"":""native"",""native_group"":4,""lsf_group"":5,""native"":""88"",""lsf"":""32"",""lsf_minus_native"":""-56"",""percent_of_native"":""-63.636364""},{""pair"":6,""first_arm"":""native"",""native_group"":2,""lsf_group"":3,""native"":""88"",""lsf"":""32"",""lsf_minus_native"":""-56"",""percent_of_native"":""-63.636364""}]",7,7,0,"{""count"":""7"",""minimum"":""88"",""median"":""88"",""maximum"":""88"",""median_absolute_deviation"":""0""}","{""count"":""7"",""minimum"":""32"",""median"":""32"",""maximum"":""32"",""median_absolute_deviation"":""0""}","{""count"":""7"",""minimum"":""-56"",""median"":""-56"",""maximum"":""-56"",""median_absolute_deviation"":""0""}",7,0,0,"{""lsf"":{""pair_count"":3,""available_pairs"":3,""unavailable_pairs"":0,""native"":{""count"":""3"",""minimum"":""88"",""median"":""88"",""maximum"":""88"",""median_absolute_deviation"":""0""},""lsf"":{""count"":""3"",""minimum"":""32"",""median"":""32"",""maximum"":""32"",""median_absolute_deviation"":""0""},""paired_difference"":{""count"":""3"",""minimum"":""-56"",""median"":""-56"",""maximum"":""-56"",""median_absolute_deviation"":""0""},""lower"":3,""equal"":0,""higher"":0},""native"":{""pair_count"":4,""available_pairs"":4,""unavailable_pairs"":0,""native"":{""count"":""4"",""minimum"":""88"",""median"":""88"",""maximum"":""88"",""median_absolute_deviation"":""0""},""lsf"":{""count"":""4"",""minimum"":""32"",""median"":""32"",""maximum"":""32"",""median_absolute_deviation"":""0""},""paired_difference"":{""count"":""4"",""minimum"":""-56"",""median"":""-56"",""maximum"":""-56"",""median_absolute_deviation"":""0""},""lower"":4,""equal"":0,""higher"":0}}"
8,final,after,child.listener_count,count,"[{""pair"":0,""first_arm"":""native"",""native_group"":2,""lsf_group"":3,""native"":""8"",""lsf"":""1"",""lsf_minus_native"":""-7"",""percent_of_native"":""-87.5""},{""pair"":1,""first_arm"":""native"",""native_group"":0,""lsf_group"":1,""native"":""8"",""lsf"":""1"",""lsf_minus_native"":""-7"",""percent_of_native"":""-87.5""},{""pair"":2,""first_arm"":""lsf"",""native_group"":5,""lsf_group"":4,""native"":""8"",""lsf"":""1"",""lsf_minus_native"":""-7"",""percent_of_native"":""-87.5""},{""pair"":3,""first_arm"":""lsf"",""native_group"":3,""lsf_group"":2,""native"":""8"",""lsf"":""1"",""lsf_minus_native"":""-7"",""percent_of_native"":""-87.5""},{""pair"":4,""first_arm"":""lsf"",""native_group"":1,""lsf_group"":0,""native"":""8"",""lsf"":""1"",""lsf_minus_native"":""-7"",""percent_of_native"":""-87.5""},{""pair"":5,""first_arm"":""native"",""native_group"":4,""lsf_group"":5,""native"":""8"",""lsf"":""1"",""lsf_minus_native"":""-7"",""percent_of_native"":""-87.5""},{""pair"":6,""first_arm"":""native"",""native_group"":2,""lsf_group"":3,""native"":""8"",""lsf"":""1"",""lsf_minus_native"":""-7"",""percent_of_native"":""-87.5""}]",7,7,0,"{""count"":""7"",""minimum"":""8"",""median"":""8"",""maximum"":""8"",""median_absolute_deviation"":""0""}","{""count"":""7"",""minimum"":""1"",""median"":""1"",""maximum"":""1"",""median_absolute_deviation"":""0""}","{""count"":""7"",""minimum"":""-7"",""median"":""-7"",""maximum"":""-7"",""median_absolute_deviation"":""0""}",7,0,0,"{""lsf"":{""pair_count"":3,""available_pairs"":3,""unavailable_pairs"":0,""native"":{""count"":""3"",""minimum"":""8"",""median"":""8"",""maximum"":""8"",""median_absolute_deviation"":""0""},""lsf"":{""count"":""3"",""minimum"":""1"",""median"":""1"",""maximum"":""1"",""median_absolute_deviation"":""0""},""paired_difference"":{""count"":""3"",""minimum"":""-7"",""median"":""-7"",""maximum"":""-7"",""median_absolute_deviation"":""0""},""lower"":3,""equal"":0,""higher"":0},""native"":{""pair_count"":4,""available_pairs"":4,""unavailable_pairs"":0,""native"":{""count"":""4"",""minimum"":""8"",""median"":""8"",""maximum"":""8"",""median_absolute_deviation"":""0""},""lsf"":{""count"":""4"",""minimum"":""1"",""median"":""1"",""maximum"":""1"",""median_absolute_deviation"":""0""},""paired_difference"":{""count"":""4"",""minimum"":""-7"",""median"":""-7"",""maximum"":""-7"",""median_absolute_deviation"":""0""},""lower"":4,""equal"":0,""higher"":0}}"
8,final,after,wrapper.rss_bytes,bytes,"[{""pair"":0,""first_arm"":""native"",""native_group"":2,""lsf_group"":3,""native"":""30408704"",""lsf"":""4063232"",""lsf_minus_native"":""-26345472"",""percent_of_native"":""-86.637931""},{""pair"":1,""first_arm"":""native"",""native_group"":0,""lsf_group"":1,""native"":""30539776"",""lsf"":""3932160"",""lsf_minus_native"":""-26607616"",""percent_of_native"":""-87.124464""},{""pair"":2,""first_arm"":""lsf"",""native_group"":5,""lsf_group"":4,""native"":""29884416"",""lsf"":""3932160"",""lsf_minus_native"":""-25952256"",""percent_of_native"":""-86.842105""},{""pair"":3,""first_arm"":""lsf"",""native_group"":3,""lsf_group"":2,""native"":""30277632"",""lsf"":""3932160"",""lsf_minus_native"":""-26345472"",""percent_of_native"":""-87.012987""},{""pair"":4,""first_arm"":""lsf"",""native_group"":1,""lsf_group"":0,""native"":""30670848"",""lsf"":""4063232"",""lsf_minus_native"":""-26607616"",""percent_of_native"":""-86.752137""},{""pair"":5,""first_arm"":""native"",""native_group"":4,""lsf_group"":5,""native"":""30539776"",""lsf"":""4194304"",""lsf_minus_native"":""-26345472"",""percent_of_native"":""-86.266094""},{""pair"":6,""first_arm"":""native"",""native_group"":2,""lsf_group"":3,""native"":""30539776"",""lsf"":""4194304"",""lsf_minus_native"":""-26345472"",""percent_of_native"":""-86.266094""}]",7,7,0,"{""count"":""7"",""minimum"":""29884416"",""median"":""30539776"",""maximum"":""30670848"",""median_absolute_deviation"":""131072""}","{""count"":""7"",""minimum"":""3932160"",""median"":""4063232"",""maximum"":""4194304"",""median_absolute_deviation"":""131072""}","{""count"":""7"",""minimum"":""-26607616"",""median"":""-26345472"",""maximum"":""-25952256"",""median_absolute_deviation"":""0""}",7,0,0,"{""lsf"":{""pair_count"":3,""available_pairs"":3,""unavailable_pairs"":0,""native"":{""count"":""3"",""minimum"":""29884416"",""median"":""30277632"",""maximum"":""30670848"",""median_absolute_deviation"":""393216""},""lsf"":{""count"":""3"",""minimum"":""3932160"",""median"":""3932160"",""maximum"":""4063232"",""median_absolute_deviation"":""0""},""paired_difference"":{""count"":""3"",""minimum"":""-26607616"",""median"":""-26345472"",""maximum"":""-25952256"",""median_absolute_deviation"":""262144""},""lower"":3,""equal"":0,""higher"":0},""native"":{""pair_count"":4,""available_pairs"":4,""unavailable_pairs"":0,""native"":{""count"":""4"",""minimum"":""30408704"",""median"":""30539776"",""maximum"":""30539776"",""median_absolute_deviation"":""0""},""lsf"":{""count"":""4"",""minimum"":""3932160"",""median"":""4128768"",""maximum"":""4194304"",""median_absolute_deviation"":""65536""},""paired_difference"":{""count"":""4"",""minimum"":""-26607616"",""median"":""-26345472"",""maximum"":""-26345472"",""median_absolute_deviation"":""0""},""lower"":4,""equal"":0,""higher"":0}}"
8,final,after,wrapper.threads,count,"[{""pair"":0,""first_arm"":""native"",""native_group"":2,""lsf_group"":3,""native"":""24"",""lsf"":""3"",""lsf_minus_native"":""-21"",""percent_of_native"":""-87.5""},{""pair"":1,""first_arm"":""native"",""native_group"":0,""lsf_group"":1,""native"":""24"",""lsf"":""3"",""lsf_minus_native"":""-21"",""percent_of_native"":""-87.5""},{""pair"":2,""first_arm"":""lsf"",""native_group"":5,""lsf_group"":4,""native"":""24"",""lsf"":""3"",""lsf_minus_native"":""-21"",""percent_of_native"":""-87.5""},{""pair"":3,""first_arm"":""lsf"",""native_group"":3,""lsf_group"":2,""native"":""24"",""lsf"":""3"",""lsf_minus_native"":""-21"",""percent_of_native"":""-87.5""},{""pair"":4,""first_arm"":""lsf"",""native_group"":1,""lsf_group"":0,""native"":""24"",""lsf"":""3"",""lsf_minus_native"":""-21"",""percent_of_native"":""-87.5""},{""pair"":5,""first_arm"":""native"",""native_group"":4,""lsf_group"":5,""native"":""24"",""lsf"":""3"",""lsf_minus_native"":""-21"",""percent_of_native"":""-87.5""},{""pair"":6,""first_arm"":""native"",""native_group"":2,""lsf_group"":3,""native"":""24"",""lsf"":""3"",""lsf_minus_native"":""-21"",""percent_of_native"":""-87.5""}]",7,7,0,"{""count"":""7"",""minimum"":""24"",""median"":""24"",""maximum"":""24"",""median_absolute_deviation"":""0""}","{""count"":""7"",""minimum"":""3"",""median"":""3"",""maximum"":""3"",""median_absolute_deviation"":""0""}","{""count"":""7"",""minimum"":""-21"",""median"":""-21"",""maximum"":""-21"",""median_absolute_deviation"":""0""}",7,0,0,"{""lsf"":{""pair_count"":3,""available_pairs"":3,""unavailable_pairs"":0,""native"":{""count"":""3"",""minimum"":""24"",""median"":""24"",""maximum"":""24"",""median_absolute_deviation"":""0""},""lsf"":{""count"":""3"",""minimum"":""3"",""median"":""3"",""maximum"":""3"",""median_absolute_deviation"":""0""},""paired_difference"":{""count"":""3"",""minimum"":""-21"",""median"":""-21"",""maximum"":""-21"",""median_absolute_deviation"":""0""},""lower"":3,""equal"":0,""higher"":0},""native"":{""pair_count"":4,""available_pairs"":4,""unavailable_pairs"":0,""native"":{""count"":""4"",""minimum"":""24"",""median"":""24"",""maximum"":""24"",""median_absolute_deviation"":""0""},""lsf"":{""count"":""4"",""minimum"":""3"",""median"":""3"",""maximum"":""3"",""median_absolute_deviation"":""0""},""paired_difference"":{""count"":""4"",""minimum"":""-21"",""median"":""-21"",""maximum"":""-21"",""median_absolute_deviation"":""0""},""lower"":4,""equal"":0,""higher"":0}}"
8,final,after,wrapper.fd_count,count,"[{""pair"":0,""first_arm"":""native"",""native_group"":2,""lsf_group"":3,""native"":""152"",""lsf"":""33"",""lsf_minus_native"":""-119"",""percent_of_native"":""-78.289474""},{""pair"":1,""first_arm"":""native"",""native_group"":0,""lsf_group"":1,""native"":""152"",""lsf"":""33"",""lsf_minus_native"":""-119"",""percent_of_native"":""-78.289474""},{""pair"":2,""first_arm"":""lsf"",""native_group"":5,""lsf_group"":4,""native"":""152"",""lsf"":""33"",""lsf_minus_native"":""-119"",""percent_of_native"":""-78.289474""},{""pair"":3,""first_arm"":""lsf"",""native_group"":3,""lsf_group"":2,""native"":""152"",""lsf"":""33"",""lsf_minus_native"":""-119"",""percent_of_native"":""-78.289474""},{""pair"":4,""first_arm"":""lsf"",""native_group"":1,""lsf_group"":0,""native"":""152"",""lsf"":""33"",""lsf_minus_native"":""-119"",""percent_of_native"":""-78.289474""},{""pair"":5,""first_arm"":""native"",""native_group"":4,""lsf_group"":5,""native"":""152"",""lsf"":""33"",""lsf_minus_native"":""-119"",""percent_of_native"":""-78.289474""},{""pair"":6,""first_arm"":""native"",""native_group"":2,""lsf_group"":3,""native"":""152"",""lsf"":""33"",""lsf_minus_native"":""-119"",""percent_of_native"":""-78.289474""}]",7,7,0,"{""count"":""7"",""minimum"":""152"",""median"":""152"",""maximum"":""152"",""median_absolute_deviation"":""0""}","{""count"":""7"",""minimum"":""33"",""median"":""33"",""maximum"":""33"",""median_absolute_deviation"":""0""}","{""count"":""7"",""minimum"":""-119"",""median"":""-119"",""maximum"":""-119"",""median_absolute_deviation"":""0""}",7,0,0,"{""lsf"":{""pair_count"":3,""available_pairs"":3,""unavailable_pairs"":0,""native"":{""count"":""3"",""minimum"":""152"",""median"":""152"",""maximum"":""152"",""median_absolute_deviation"":""0""},""lsf"":{""count"":""3"",""minimum"":""33"",""median"":""33"",""maximum"":""33"",""median_absolute_deviation"":""0""},""paired_difference"":{""count"":""3"",""minimum"":""-119"",""median"":""-119"",""maximum"":""-119"",""median_absolute_deviation"":""0""},""lower"":3,""equal"":0,""higher"":0},""native"":{""pair_count"":4,""available_pairs"":4,""unavailable_pairs"":0,""native"":{""count"":""4"",""minimum"":""152"",""median"":""152"",""maximum"":""152"",""median_absolute_deviation"":""0""},""lsf"":{""count"":""4"",""minimum"":""33"",""median"":""33"",""maximum"":""33"",""median_absolute_deviation"":""0""},""paired_difference"":{""count"":""4"",""minimum"":""-119"",""median"":""-119"",""maximum"":""-119"",""median_absolute_deviation"":""0""},""lower"":4,""equal"":0,""higher"":0}}"
8,final,after,wrapper.listener_count,count,"[{""pair"":0,""first_arm"":""native"",""native_group"":2,""lsf_group"":3,""native"":""8"",""lsf"":""1"",""lsf_minus_native"":""-7"",""percent_of_native"":""-87.5""},{""pair"":1,""first_arm"":""native"",""native_group"":0,""lsf_group"":1,""native"":""8"",""lsf"":""1"",""lsf_minus_native"":""-7"",""percent_of_native"":""-87.5""},{""pair"":2,""first_arm"":""lsf"",""native_group"":5,""lsf_group"":4,""native"":""8"",""lsf"":""1"",""lsf_minus_native"":""-7"",""percent_of_native"":""-87.5""},{""pair"":3,""first_arm"":""lsf"",""native_group"":3,""lsf_group"":2,""native"":""8"",""lsf"":""1"",""lsf_minus_native"":""-7"",""percent_of_native"":""-87.5""},{""pair"":4,""first_arm"":""lsf"",""native_group"":1,""lsf_group"":0,""native"":""8"",""lsf"":""1"",""lsf_minus_native"":""-7"",""percent_of_native"":""-87.5""},{""pair"":5,""first_arm"":""native"",""native_group"":4,""lsf_group"":5,""native"":""8"",""lsf"":""1"",""lsf_minus_native"":""-7"",""percent_of_native"":""-87.5""},{""pair"":6,""first_arm"":""native"",""native_group"":2,""lsf_group"":3,""native"":""8"",""lsf"":""1"",""lsf_minus_native"":""-7"",""percent_of_native"":""-87.5""}]",7,7,0,"{""count"":""7"",""minimum"":""8"",""median"":""8"",""maximum"":""8"",""median_absolute_deviation"":""0""}","{""count"":""7"",""minimum"":""1"",""median"":""1"",""maximum"":""1"",""median_absolute_deviation"":""0""}","{""count"":""7"",""minimum"":""-7"",""median"":""-7"",""maximum"":""-7"",""median_absolute_deviation"":""0""}",7,0,0,"{""lsf"":{""pair_count"":3,""available_pairs"":3,""unavailable_pairs"":0,""native"":{""count"":""3"",""minimum"":""8"",""median"":""8"",""maximum"":""8"",""median_absolute_deviation"":""0""},""lsf"":{""count"":""3"",""minimum"":""1"",""median"":""1"",""maximum"":""1"",""median_absolute_deviation"":""0""},""paired_difference"":{""count"":""3"",""minimum"":""-7"",""median"":""-7"",""maximum"":""-7"",""median_absolute_deviation"":""0""},""lower"":3,""equal"":0,""higher"":0},""native"":{""pair_count"":4,""available_pairs"":4,""unavailable_pairs"":0,""native"":{""count"":""4"",""minimum"":""8"",""median"":""8"",""maximum"":""8"",""median_absolute_deviation"":""0""},""lsf"":{""count"":""4"",""minimum"":""1"",""median"":""1"",""maximum"":""1"",""median_absolute_deviation"":""0""},""paired_difference"":{""count"":""4"",""minimum"":""-7"",""median"":""-7"",""maximum"":""-7"",""median_absolute_deviation"":""0""},""lower"":4,""equal"":0,""higher"":0}}"
8,final,after,cgroup.memory_current_bytes,bytes,"[{""pair"":0,""first_arm"":""native"",""native_group"":2,""lsf_group"":3,""native"":""15155200"",""lsf"":""9158656"",""lsf_minus_native"":""-5996544"",""percent_of_native"":""-39.567568""},{""pair"":1,""first_arm"":""native"",""native_group"":0,""lsf_group"":1,""native"":""15085568"",""lsf"":""8949760"",""lsf_minus_native"":""-6135808"",""percent_of_native"":""-40.673364""},{""pair"":2,""first_arm"":""lsf"",""native_group"":5,""lsf_group"":4,""native"":""15126528"",""lsf"":""9121792"",""lsf_minus_native"":""-6004736"",""percent_of_native"":""-39.696724""},{""pair"":3,""first_arm"":""lsf"",""native_group"":3,""lsf_group"":2,""native"":""15360000"",""lsf"":""8953856"",""lsf_minus_native"":""-6406144"",""percent_of_native"":""-41.706667""},{""pair"":4,""first_arm"":""lsf"",""native_group"":1,""lsf_group"":0,""native"":""15089664"",""lsf"":""8986624"",""lsf_minus_native"":""-6103040"",""percent_of_native"":""-40.445168""},{""pair"":5,""first_arm"":""native"",""native_group"":4,""lsf_group"":5,""native"":""15118336"",""lsf"":""9084928"",""lsf_minus_native"":""-6033408"",""percent_of_native"":""-39.907884""},{""pair"":6,""first_arm"":""native"",""native_group"":2,""lsf_group"":3,""native"":""15118336"",""lsf"":""9052160"",""lsf_minus_native"":""-6066176"",""percent_of_native"":""-40.124627""}]",7,7,0,"{""count"":""7"",""minimum"":""15085568"",""median"":""15118336"",""maximum"":""15360000"",""median_absolute_deviation"":""28672""}","{""count"":""7"",""minimum"":""8949760"",""median"":""9052160"",""maximum"":""9158656"",""median_absolute_deviation"":""69632""}","{""count"":""7"",""minimum"":""-6406144"",""median"":""-6066176"",""maximum"":""-5996544"",""median_absolute_deviation"":""61440""}",7,0,0,"{""lsf"":{""pair_count"":3,""available_pairs"":3,""unavailable_pairs"":0,""native"":{""count"":""3"",""minimum"":""15089664"",""median"":""15126528"",""maximum"":""15360000"",""median_absolute_deviation"":""36864""},""lsf"":{""count"":""3"",""minimum"":""8953856"",""median"":""8986624"",""maximum"":""9121792"",""median_absolute_deviation"":""32768""},""paired_difference"":{""count"":""3"",""minimum"":""-6406144"",""median"":""-6103040"",""maximum"":""-6004736"",""median_absolute_deviation"":""98304""},""lower"":3,""equal"":0,""higher"":0},""native"":{""pair_count"":4,""available_pairs"":4,""unavailable_pairs"":0,""native"":{""count"":""4"",""minimum"":""15085568"",""median"":""15118336"",""maximum"":""15155200"",""median_absolute_deviation"":""16384""},""lsf"":{""count"":""4"",""minimum"":""8949760"",""median"":""9068544"",""maximum"":""9158656"",""median_absolute_deviation"":""53248""},""paired_difference"":{""count"":""4"",""minimum"":""-6135808"",""median"":""-6049792"",""maximum"":""-5996544"",""median_absolute_deviation"":""34816""},""lower"":4,""equal"":0,""higher"":0}}"
8,final,after,cgroup.sum_leaf_lifetime_memory_peak_bytes,bytes,"[{""pair"":0,""first_arm"":""native"",""native_group"":2,""lsf_group"":3,""native"":""49389568"",""lsf"":""10727424"",""lsf_minus_native"":""-38662144"",""percent_of_native"":""-78.27998""},{""pair"":1,""first_arm"":""native"",""native_group"":0,""lsf_group"":1,""native"":""50491392"",""lsf"":""10506240"",""lsf_minus_native"":""-39985152"",""percent_of_native"":""-79.192018""},{""pair"":2,""first_arm"":""lsf"",""native_group"":5,""lsf_group"":4,""native"":""48455680"",""lsf"":""10665984"",""lsf_minus_native"":""-37789696"",""percent_of_native"":""-77.988166""},{""pair"":3,""first_arm"":""lsf"",""native_group"":3,""lsf_group"":2,""native"":""50155520"",""lsf"":""10231808"",""lsf_minus_native"":""-39923712"",""percent_of_native"":""-79.599837""},{""pair"":4,""first_arm"":""lsf"",""native_group"":1,""lsf_group"":0,""native"":""49991680"",""lsf"":""10403840"",""lsf_minus_native"":""-39587840"",""percent_of_native"":""-79.188857""},{""pair"":5,""first_arm"":""native"",""native_group"":4,""lsf_group"":5,""native"":""49799168"",""lsf"":""10440704"",""lsf_minus_native"":""-39358464"",""percent_of_native"":""-79.034381""},{""pair"":6,""first_arm"":""native"",""native_group"":2,""lsf_group"":3,""native"":""49201152"",""lsf"":""10280960"",""lsf_minus_native"":""-38920192"",""percent_of_native"":""-79.104229""}]",7,7,0,"{""count"":""7"",""minimum"":""48455680"",""median"":""49799168"",""maximum"":""50491392"",""median_absolute_deviation"":""409600""}","{""count"":""7"",""minimum"":""10231808"",""median"":""10440704"",""maximum"":""10727424"",""median_absolute_deviation"":""159744""}","{""count"":""7"",""minimum"":""-39985152"",""median"":""-39358464"",""maximum"":""-37789696"",""median_absolute_deviation"":""565248""}",7,0,0,"{""lsf"":{""pair_count"":3,""available_pairs"":3,""unavailable_pairs"":0,""native"":{""count"":""3"",""minimum"":""48455680"",""median"":""49991680"",""maximum"":""50155520"",""median_absolute_deviation"":""163840""},""lsf"":{""count"":""3"",""minimum"":""10231808"",""median"":""10403840"",""maximum"":""10665984"",""median_absolute_deviation"":""172032""},""paired_difference"":{""count"":""3"",""minimum"":""-39923712"",""median"":""-39587840"",""maximum"":""-37789696"",""median_absolute_deviation"":""335872""},""lower"":3,""equal"":0,""higher"":0},""native"":{""pair_count"":4,""available_pairs"":4,""unavailable_pairs"":0,""native"":{""count"":""4"",""minimum"":""49201152"",""median"":""49594368"",""maximum"":""50491392"",""median_absolute_deviation"":""299008""},""lsf"":{""count"":""4"",""minimum"":""10280960"",""median"":""10473472"",""maximum"":""10727424"",""median_absolute_deviation"":""112640""},""paired_difference"":{""count"":""4"",""minimum"":""-39985152"",""median"":""-39139328"",""maximum"":""-38662144"",""median_absolute_deviation"":""348160""},""lower"":4,""equal"":0,""higher"":0}}"
8,final,after,cgroup.memory_swap_current_bytes,bytes,"[{""pair"":0,""first_arm"":""native"",""native_group"":2,""lsf_group"":3,""native"":""0"",""lsf"":""0"",""lsf_minus_native"":""0"",""percent_of_native"":null},{""pair"":1,""first_arm"":""native"",""native_group"":0,""lsf_group"":1,""native"":""0"",""lsf"":""0"",""lsf_minus_native"":""0"",""percent_of_native"":null},{""pair"":2,""first_arm"":""lsf"",""native_group"":5,""lsf_group"":4,""native"":""0"",""lsf"":""0"",""lsf_minus_native"":""0"",""percent_of_native"":null},{""pair"":3,""first_arm"":""lsf"",""native_group"":3,""lsf_group"":2,""native"":""0"",""lsf"":""0"",""lsf_minus_native"":""0"",""percent_of_native"":null},{""pair"":4,""first_arm"":""lsf"",""native_group"":1,""lsf_group"":0,""native"":""0"",""lsf"":""0"",""lsf_minus_native"":""0"",""percent_of_native"":null},{""pair"":5,""first_arm"":""native"",""native_group"":4,""lsf_group"":5,""native"":""0"",""lsf"":""0"",""lsf_minus_native"":""0"",""percent_of_native"":null},{""pair"":6,""first_arm"":""native"",""native_group"":2,""lsf_group"":3,""native"":""0"",""lsf"":""0"",""lsf_minus_native"":""0"",""percent_of_native"":null}]",7,7,0,"{""count"":""7"",""minimum"":""0"",""median"":""0"",""maximum"":""0"",""median_absolute_deviation"":""0""}","{""count"":""7"",""minimum"":""0"",""median"":""0"",""maximum"":""0"",""median_absolute_deviation"":""0""}","{""count"":""7"",""minimum"":""0"",""median"":""0"",""maximum"":""0"",""median_absolute_deviation"":""0""}",0,7,0,"{""lsf"":{""pair_count"":3,""available_pairs"":3,""unavailable_pairs"":0,""native"":{""count"":""3"",""minimum"":""0"",""median"":""0"",""maximum"":""0"",""median_absolute_deviation"":""0""},""lsf"":{""count"":""3"",""minimum"":""0"",""median"":""0"",""maximum"":""0"",""median_absolute_deviation"":""0""},""paired_difference"":{""count"":""3"",""minimum"":""0"",""median"":""0"",""maximum"":""0"",""median_absolute_deviation"":""0""},""lower"":0,""equal"":3,""higher"":0},""native"":{""pair_count"":4,""available_pairs"":4,""unavailable_pairs"":0,""native"":{""count"":""4"",""minimum"":""0"",""median"":""0"",""maximum"":""0"",""median_absolute_deviation"":""0""},""lsf"":{""count"":""4"",""minimum"":""0"",""median"":""0"",""maximum"":""0"",""median_absolute_deviation"":""0""},""paired_difference"":{""count"":""4"",""minimum"":""0"",""median"":""0"",""maximum"":""0"",""median_absolute_deviation"":""0""},""lower"":0,""equal"":4,""higher"":0}}"
8,final,after,cgroup.pids_current,count,"[{""pair"":0,""first_arm"":""native"",""native_group"":2,""lsf_group"":3,""native"":""48"",""lsf"":""10"",""lsf_minus_native"":""-38"",""percent_of_native"":""-79.166667""},{""pair"":1,""first_arm"":""native"",""native_group"":0,""lsf_group"":1,""native"":""48"",""lsf"":""10"",""lsf_minus_native"":""-38"",""percent_of_native"":""-79.166667""},{""pair"":2,""first_arm"":""lsf"",""native_group"":5,""lsf_group"":4,""native"":""48"",""lsf"":""10"",""lsf_minus_native"":""-38"",""percent_of_native"":""-79.166667""},{""pair"":3,""first_arm"":""lsf"",""native_group"":3,""lsf_group"":2,""native"":""48"",""lsf"":""10"",""lsf_minus_native"":""-38"",""percent_of_native"":""-79.166667""},{""pair"":4,""first_arm"":""lsf"",""native_group"":1,""lsf_group"":0,""native"":""48"",""lsf"":""10"",""lsf_minus_native"":""-38"",""percent_of_native"":""-79.166667""},{""pair"":5,""first_arm"":""native"",""native_group"":4,""lsf_group"":5,""native"":""48"",""lsf"":""10"",""lsf_minus_native"":""-38"",""percent_of_native"":""-79.166667""},{""pair"":6,""first_arm"":""native"",""native_group"":2,""lsf_group"":3,""native"":""48"",""lsf"":""10"",""lsf_minus_native"":""-38"",""percent_of_native"":""-79.166667""}]",7,7,0,"{""count"":""7"",""minimum"":""48"",""median"":""48"",""maximum"":""48"",""median_absolute_deviation"":""0""}","{""count"":""7"",""minimum"":""10"",""median"":""10"",""maximum"":""10"",""median_absolute_deviation"":""0""}","{""count"":""7"",""minimum"":""-38"",""median"":""-38"",""maximum"":""-38"",""median_absolute_deviation"":""0""}",7,0,0,"{""lsf"":{""pair_count"":3,""available_pairs"":3,""unavailable_pairs"":0,""native"":{""count"":""3"",""minimum"":""48"",""median"":""48"",""maximum"":""48"",""median_absolute_deviation"":""0""},""lsf"":{""count"":""3"",""minimum"":""10"",""median"":""10"",""maximum"":""10"",""median_absolute_deviation"":""0""},""paired_difference"":{""count"":""3"",""minimum"":""-38"",""median"":""-38"",""maximum"":""-38"",""median_absolute_deviation"":""0""},""lower"":3,""equal"":0,""higher"":0},""native"":{""pair_count"":4,""available_pairs"":4,""unavailable_pairs"":0,""native"":{""count"":""4"",""minimum"":""48"",""median"":""48"",""maximum"":""48"",""median_absolute_deviation"":""0""},""lsf"":{""count"":""4"",""minimum"":""10"",""median"":""10"",""maximum"":""10"",""median_absolute_deviation"":""0""},""paired_difference"":{""count"":""4"",""minimum"":""-38"",""median"":""-38"",""maximum"":""-38"",""median_absolute_deviation"":""0""},""lower"":4,""equal"":0,""higher"":0}}"
8,final,after,cgroup.cpu.usage_usec,us,"[{""pair"":0,""first_arm"":""native"",""native_group"":2,""lsf_group"":3,""native"":""868667"",""lsf"":""503518"",""lsf_minus_native"":""-365149"",""percent_of_native"":""-42.035556""},{""pair"":1,""first_arm"":""native"",""native_group"":0,""lsf_group"":1,""native"":""998439"",""lsf"":""479708"",""lsf_minus_native"":""-518731"",""percent_of_native"":""-51.954201""},{""pair"":2,""first_arm"":""lsf"",""native_group"":5,""lsf_group"":4,""native"":""844067"",""lsf"":""469084"",""lsf_minus_native"":""-374983"",""percent_of_native"":""-44.425739""},{""pair"":3,""first_arm"":""lsf"",""native_group"":3,""lsf_group"":2,""native"":""864364"",""lsf"":""483106"",""lsf_minus_native"":""-381258"",""percent_of_native"":""-44.108501""},{""pair"":4,""first_arm"":""lsf"",""native_group"":1,""lsf_group"":0,""native"":""853987"",""lsf"":""456702"",""lsf_minus_native"":""-397285"",""percent_of_native"":""-46.5212""},{""pair"":5,""first_arm"":""native"",""native_group"":4,""lsf_group"":5,""native"":""839732"",""lsf"":""513411"",""lsf_minus_native"":""-326321"",""percent_of_native"":""-38.860136""},{""pair"":6,""first_arm"":""native"",""native_group"":2,""lsf_group"":3,""native"":""859872"",""lsf"":""515352"",""lsf_minus_native"":""-344520"",""percent_of_native"":""-40.066428""}]",7,7,0,"{""count"":""7"",""minimum"":""839732"",""median"":""859872"",""maximum"":""998439"",""median_absolute_deviation"":""8795""}","{""count"":""7"",""minimum"":""456702"",""median"":""483106"",""maximum"":""515352"",""median_absolute_deviation"":""20412""}","{""count"":""7"",""minimum"":""-518731"",""median"":""-374983"",""maximum"":""-326321"",""median_absolute_deviation"":""22302""}",7,0,0,"{""lsf"":{""pair_count"":3,""available_pairs"":3,""unavailable_pairs"":0,""native"":{""count"":""3"",""minimum"":""844067"",""median"":""853987"",""maximum"":""864364"",""median_absolute_deviation"":""9920""},""lsf"":{""count"":""3"",""minimum"":""456702"",""median"":""469084"",""maximum"":""483106"",""median_absolute_deviation"":""12382""},""paired_difference"":{""count"":""3"",""minimum"":""-397285"",""median"":""-381258"",""maximum"":""-374983"",""median_absolute_deviation"":""6275""},""lower"":3,""equal"":0,""higher"":0},""native"":{""pair_count"":4,""available_pairs"":4,""unavailable_pairs"":0,""native"":{""count"":""4"",""minimum"":""839732"",""median"":""864269.5"",""maximum"":""998439"",""median_absolute_deviation"":""14467.5""},""lsf"":{""count"":""4"",""minimum"":""479708"",""median"":""508464.5"",""maximum"":""515352"",""median_absolute_deviation"":""5917""},""paired_difference"":{""count"":""4"",""minimum"":""-518731"",""median"":""-354834.5"",""maximum"":""-326321"",""median_absolute_deviation"":""19414""},""lower"":4,""equal"":0,""higher"":0}}"
8,final,after,cgroup.cpu.user_usec,us,"[{""pair"":0,""first_arm"":""native"",""native_group"":2,""lsf_group"":3,""native"":""145557"",""lsf"":""381960"",""lsf_minus_native"":""236403"",""percent_of_native"":""162.412663""},{""pair"":1,""first_arm"":""native"",""native_group"":0,""lsf_group"":1,""native"":""216836"",""lsf"":""350420"",""lsf_minus_native"":""133584"",""percent_of_native"":""61.606006""},{""pair"":2,""first_arm"":""lsf"",""native_group"":5,""lsf_group"":4,""native"":""122614"",""lsf"":""346260"",""lsf_minus_native"":""223646"",""percent_of_native"":""182.398421""},{""pair"":3,""first_arm"":""lsf"",""native_group"":3,""lsf_group"":2,""native"":""149716"",""lsf"":""348677"",""lsf_minus_native"":""198961"",""percent_of_native"":""132.892276""},{""pair"":4,""first_arm"":""lsf"",""native_group"":1,""lsf_group"":0,""native"":""129888"",""lsf"":""327995"",""lsf_minus_native"":""198107"",""percent_of_native"":""152.521403""},{""pair"":5,""first_arm"":""native"",""native_group"":4,""lsf_group"":5,""native"":""124731"",""lsf"":""388129"",""lsf_minus_native"":""263398"",""percent_of_native"":""211.172844""},{""pair"":6,""first_arm"":""native"",""native_group"":2,""lsf_group"":3,""native"":""121846"",""lsf"":""382358"",""lsf_minus_native"":""260512"",""percent_of_native"":""213.80431""}]",7,7,0,"{""count"":""7"",""minimum"":""121846"",""median"":""129888"",""maximum"":""216836"",""median_absolute_deviation"":""8042""}","{""count"":""7"",""minimum"":""327995"",""median"":""350420"",""maximum"":""388129"",""median_absolute_deviation"":""22425""}","{""count"":""7"",""minimum"":""133584"",""median"":""223646"",""maximum"":""263398"",""median_absolute_deviation"":""25539""}",0,0,7,"{""lsf"":{""pair_count"":3,""available_pairs"":3,""unavailable_pairs"":0,""native"":{""count"":""3"",""minimum"":""122614"",""median"":""129888"",""maximum"":""149716"",""median_absolute_deviation"":""7274""},""lsf"":{""count"":""3"",""minimum"":""327995"",""median"":""346260"",""maximum"":""348677"",""median_absolute_deviation"":""2417""},""paired_difference"":{""count"":""3"",""minimum"":""198107"",""median"":""198961"",""maximum"":""223646"",""median_absolute_deviation"":""854""},""lower"":0,""equal"":0,""higher"":3},""native"":{""pair_count"":4,""available_pairs"":4,""unavailable_pairs"":0,""native"":{""count"":""4"",""minimum"":""121846"",""median"":""135144"",""maximum"":""216836"",""median_absolute_deviation"":""11855.5""},""lsf"":{""count"":""4"",""minimum"":""350420"",""median"":""382159"",""maximum"":""388129"",""median_absolute_deviation"":""3084.5""},""paired_difference"":{""count"":""4"",""minimum"":""133584"",""median"":""248457.5"",""maximum"":""263398"",""median_absolute_deviation"":""13497.5""},""lower"":0,""equal"":0,""higher"":4}}"
8,final,after,cgroup.cpu.system_usec,us,"[{""pair"":0,""first_arm"":""native"",""native_group"":2,""lsf_group"":3,""native"":""723106"",""lsf"":""121557"",""lsf_minus_native"":""-601549"",""percent_of_native"":""-83.189602""},{""pair"":1,""first_arm"":""native"",""native_group"":0,""lsf_group"":1,""native"":""781599"",""lsf"":""129288"",""lsf_minus_native"":""-652311"",""percent_of_native"":""-83.458525""},{""pair"":2,""first_arm"":""lsf"",""native_group"":5,""lsf_group"":4,""native"":""721451"",""lsf"":""122823"",""lsf_minus_native"":""-598628"",""percent_of_native"":""-82.975559""},{""pair"":3,""first_arm"":""lsf"",""native_group"":3,""lsf_group"":2,""native"":""714643"",""lsf"":""134429"",""lsf_minus_native"":""-580214"",""percent_of_native"":""-81.189349""},{""pair"":4,""first_arm"":""lsf"",""native_group"":1,""lsf_group"":0,""native"":""724094"",""lsf"":""128706"",""lsf_minus_native"":""-595388"",""percent_of_native"":""-82.225236""},{""pair"":5,""first_arm"":""native"",""native_group"":4,""lsf_group"":5,""native"":""714996"",""lsf"":""125281"",""lsf_minus_native"":""-589715"",""percent_of_native"":""-82.478084""},{""pair"":6,""first_arm"":""native"",""native_group"":2,""lsf_group"":3,""native"":""738020"",""lsf"":""132994"",""lsf_minus_native"":""-605026"",""percent_of_native"":""-81.979621""}]",7,7,0,"{""count"":""7"",""minimum"":""714643"",""median"":""723106"",""maximum"":""781599"",""median_absolute_deviation"":""8110""}","{""count"":""7"",""minimum"":""121557"",""median"":""128706"",""maximum"":""134429"",""median_absolute_deviation"":""4288""}","{""count"":""7"",""minimum"":""-652311"",""median"":""-598628"",""maximum"":""-580214"",""median_absolute_deviation"":""6398""}",7,0,0,"{""lsf"":{""pair_count"":3,""available_pairs"":3,""unavailable_pairs"":0,""native"":{""count"":""3"",""minimum"":""714643"",""median"":""721451"",""maximum"":""724094"",""median_absolute_deviation"":""2643""},""lsf"":{""count"":""3"",""minimum"":""122823"",""median"":""128706"",""maximum"":""134429"",""median_absolute_deviation"":""5723""},""paired_difference"":{""count"":""3"",""minimum"":""-598628"",""median"":""-595388"",""maximum"":""-580214"",""median_absolute_deviation"":""3240""},""lower"":3,""equal"":0,""higher"":0},""native"":{""pair_count"":4,""available_pairs"":4,""unavailable_pairs"":0,""native"":{""count"":""4"",""minimum"":""714996"",""median"":""730563"",""maximum"":""781599"",""median_absolute_deviation"":""11512""},""lsf"":{""count"":""4"",""minimum"":""121557"",""median"":""127284.5"",""maximum"":""132994"",""median_absolute_deviation"":""3856.5""},""paired_difference"":{""count"":""4"",""minimum"":""-652311"",""median"":""-603287.5"",""maximum"":""-589715"",""median_absolute_deviation"":""7655.5""},""lower"":4,""equal"":0,""higher"":0}}"
8,final,after,cgroup.cpu.nr_periods,count,"[{""pair"":0,""first_arm"":""native"",""native_group"":2,""lsf_group"":3,""native"":""131"",""lsf"":""46"",""lsf_minus_native"":""-85"",""percent_of_native"":""-64.885496""},{""pair"":1,""first_arm"":""native"",""native_group"":0,""lsf_group"":1,""native"":""149"",""lsf"":""43"",""lsf_minus_native"":""-106"",""percent_of_native"":""-71.14094""},{""pair"":2,""first_arm"":""lsf"",""native_group"":5,""lsf_group"":4,""native"":""145"",""lsf"":""41"",""lsf_minus_native"":""-104"",""percent_of_native"":""-71.724138""},{""pair"":3,""first_arm"":""lsf"",""native_group"":3,""lsf_group"":2,""native"":""140"",""lsf"":""40"",""lsf_minus_native"":""-100"",""percent_of_native"":""-71.428571""},{""pair"":4,""first_arm"":""lsf"",""native_group"":1,""lsf_group"":0,""native"":""146"",""lsf"":""39"",""lsf_minus_native"":""-107"",""percent_of_native"":""-73.287671""},{""pair"":5,""first_arm"":""native"",""native_group"":4,""lsf_group"":5,""native"":""144"",""lsf"":""47"",""lsf_minus_native"":""-97"",""percent_of_native"":""-67.361111""},{""pair"":6,""first_arm"":""native"",""native_group"":2,""lsf_group"":3,""native"":""144"",""lsf"":""45"",""lsf_minus_native"":""-99"",""percent_of_native"":""-68.75""}]",7,7,0,"{""count"":""7"",""minimum"":""131"",""median"":""144"",""maximum"":""149"",""median_absolute_deviation"":""2""}","{""count"":""7"",""minimum"":""39"",""median"":""43"",""maximum"":""47"",""median_absolute_deviation"":""3""}","{""count"":""7"",""minimum"":""-107"",""median"":""-100"",""maximum"":""-85"",""median_absolute_deviation"":""4""}",7,0,0,"{""lsf"":{""pair_count"":3,""available_pairs"":3,""unavailable_pairs"":0,""native"":{""count"":""3"",""minimum"":""140"",""median"":""145"",""maximum"":""146"",""median_absolute_deviation"":""1""},""lsf"":{""count"":""3"",""minimum"":""39"",""median"":""40"",""maximum"":""41"",""median_absolute_deviation"":""1""},""paired_difference"":{""count"":""3"",""minimum"":""-107"",""median"":""-104"",""maximum"":""-100"",""median_absolute_deviation"":""3""},""lower"":3,""equal"":0,""higher"":0},""native"":{""pair_count"":4,""available_pairs"":4,""unavailable_pairs"":0,""native"":{""count"":""4"",""minimum"":""131"",""median"":""144"",""maximum"":""149"",""median_absolute_deviation"":""2.5""},""lsf"":{""count"":""4"",""minimum"":""43"",""median"":""45.5"",""maximum"":""47"",""median_absolute_deviation"":""1""},""paired_difference"":{""count"":""4"",""minimum"":""-106"",""median"":""-98"",""maximum"":""-85"",""median_absolute_deviation"":""4.5""},""lower"":4,""equal"":0,""higher"":0}}"
8,final,after,cgroup.cpu.nr_throttled,count,"[{""pair"":0,""first_arm"":""native"",""native_group"":2,""lsf_group"":3,""native"":""0"",""lsf"":""0"",""lsf_minus_native"":""0"",""percent_of_native"":null},{""pair"":1,""first_arm"":""native"",""native_group"":0,""lsf_group"":1,""native"":""0"",""lsf"":""0"",""lsf_minus_native"":""0"",""percent_of_native"":null},{""pair"":2,""first_arm"":""lsf"",""native_group"":5,""lsf_group"":4,""native"":""0"",""lsf"":""0"",""lsf_minus_native"":""0"",""percent_of_native"":null},{""pair"":3,""first_arm"":""lsf"",""native_group"":3,""lsf_group"":2,""native"":""0"",""lsf"":""0"",""lsf_minus_native"":""0"",""percent_of_native"":null},{""pair"":4,""first_arm"":""lsf"",""native_group"":1,""lsf_group"":0,""native"":""0"",""lsf"":""0"",""lsf_minus_native"":""0"",""percent_of_native"":null},{""pair"":5,""first_arm"":""native"",""native_group"":4,""lsf_group"":5,""native"":""0"",""lsf"":""0"",""lsf_minus_native"":""0"",""percent_of_native"":null},{""pair"":6,""first_arm"":""native"",""native_group"":2,""lsf_group"":3,""native"":""0"",""lsf"":""0"",""lsf_minus_native"":""0"",""percent_of_native"":null}]",7,7,0,"{""count"":""7"",""minimum"":""0"",""median"":""0"",""maximum"":""0"",""median_absolute_deviation"":""0""}","{""count"":""7"",""minimum"":""0"",""median"":""0"",""maximum"":""0"",""median_absolute_deviation"":""0""}","{""count"":""7"",""minimum"":""0"",""median"":""0"",""maximum"":""0"",""median_absolute_deviation"":""0""}",0,7,0,"{""lsf"":{""pair_count"":3,""available_pairs"":3,""unavailable_pairs"":0,""native"":{""count"":""3"",""minimum"":""0"",""median"":""0"",""maximum"":""0"",""median_absolute_deviation"":""0""},""lsf"":{""count"":""3"",""minimum"":""0"",""median"":""0"",""maximum"":""0"",""median_absolute_deviation"":""0""},""paired_difference"":{""count"":""3"",""minimum"":""0"",""median"":""0"",""maximum"":""0"",""median_absolute_deviation"":""0""},""lower"":0,""equal"":3,""higher"":0},""native"":{""pair_count"":4,""available_pairs"":4,""unavailable_pairs"":0,""native"":{""count"":""4"",""minimum"":""0"",""median"":""0"",""maximum"":""0"",""median_absolute_deviation"":""0""},""lsf"":{""count"":""4"",""minimum"":""0"",""median"":""0"",""maximum"":""0"",""median_absolute_deviation"":""0""},""paired_difference"":{""count"":""4"",""minimum"":""0"",""median"":""0"",""maximum"":""0"",""median_absolute_deviation"":""0""},""lower"":0,""equal"":4,""higher"":0}}"
8,final,after,cgroup.cpu.throttled_usec,us,"[{""pair"":0,""first_arm"":""native"",""native_group"":2,""lsf_group"":3,""native"":""0"",""lsf"":""0"",""lsf_minus_native"":""0"",""percent_of_native"":null},{""pair"":1,""first_arm"":""native"",""native_group"":0,""lsf_group"":1,""native"":""0"",""lsf"":""0"",""lsf_minus_native"":""0"",""percent_of_native"":null},{""pair"":2,""first_arm"":""lsf"",""native_group"":5,""lsf_group"":4,""native"":""0"",""lsf"":""0"",""lsf_minus_native"":""0"",""percent_of_native"":null},{""pair"":3,""first_arm"":""lsf"",""native_group"":3,""lsf_group"":2,""native"":""0"",""lsf"":""0"",""lsf_minus_native"":""0"",""percent_of_native"":null},{""pair"":4,""first_arm"":""lsf"",""native_group"":1,""lsf_group"":0,""native"":""0"",""lsf"":""0"",""lsf_minus_native"":""0"",""percent_of_native"":null},{""pair"":5,""first_arm"":""native"",""native_group"":4,""lsf_group"":5,""native"":""0"",""lsf"":""0"",""lsf_minus_native"":""0"",""percent_of_native"":null},{""pair"":6,""first_arm"":""native"",""native_group"":2,""lsf_group"":3,""native"":""0"",""lsf"":""0"",""lsf_minus_native"":""0"",""percent_of_native"":null}]",7,7,0,"{""count"":""7"",""minimum"":""0"",""median"":""0"",""maximum"":""0"",""median_absolute_deviation"":""0""}","{""count"":""7"",""minimum"":""0"",""median"":""0"",""maximum"":""0"",""median_absolute_deviation"":""0""}","{""count"":""7"",""minimum"":""0"",""median"":""0"",""maximum"":""0"",""median_absolute_deviation"":""0""}",0,7,0,"{""lsf"":{""pair_count"":3,""available_pairs"":3,""unavailable_pairs"":0,""native"":{""count"":""3"",""minimum"":""0"",""median"":""0"",""maximum"":""0"",""median_absolute_deviation"":""0""},""lsf"":{""count"":""3"",""minimum"":""0"",""median"":""0"",""maximum"":""0"",""median_absolute_deviation"":""0""},""paired_difference"":{""count"":""3"",""minimum"":""0"",""median"":""0"",""maximum"":""0"",""median_absolute_deviation"":""0""},""lower"":0,""equal"":3,""higher"":0},""native"":{""pair_count"":4,""available_pairs"":4,""unavailable_pairs"":0,""native"":{""count"":""4"",""minimum"":""0"",""median"":""0"",""maximum"":""0"",""median_absolute_deviation"":""0""},""lsf"":{""count"":""4"",""minimum"":""0"",""median"":""0"",""maximum"":""0"",""median_absolute_deviation"":""0""},""paired_difference"":{""count"":""4"",""minimum"":""0"",""median"":""0"",""maximum"":""0"",""median_absolute_deviation"":""0""},""lower"":0,""equal"":4,""higher"":0}}"
8,final,before,child.rss_bytes,bytes,"[{""pair"":0,""first_arm"":""native"",""native_group"":2,""lsf_group"":3,""native"":""37486592"",""lsf"":""25042944"",""lsf_minus_native"":""-12443648"",""percent_of_native"":""-33.19493""},{""pair"":1,""first_arm"":""native"",""native_group"":0,""lsf_group"":1,""native"":""37093376"",""lsf"":""24870912"",""lsf_minus_native"":""-12222464"",""percent_of_native"":""-32.95053""},{""pair"":2,""first_arm"":""lsf"",""native_group"":5,""lsf_group"":4,""native"":""37093376"",""lsf"":""25206784"",""lsf_minus_native"":""-11886592"",""percent_of_native"":""-32.045053""},{""pair"":3,""first_arm"":""lsf"",""native_group"":3,""lsf_group"":2,""native"":""37355520"",""lsf"":""24866816"",""lsf_minus_native"":""-12488704"",""percent_of_native"":""-33.432018""},{""pair"":4,""first_arm"":""lsf"",""native_group"":1,""lsf_group"":0,""native"":""36962304"",""lsf"":""24965120"",""lsf_minus_native"":""-11997184"",""percent_of_native"":""-32.45789""},{""pair"":5,""first_arm"":""native"",""native_group"":4,""lsf_group"":5,""native"":""37093376"",""lsf"":""25112576"",""lsf_minus_native"":""-11980800"",""percent_of_native"":""-32.299028""},{""pair"":6,""first_arm"":""native"",""native_group"":2,""lsf_group"":3,""native"":""36962304"",""lsf"":""24858624"",""lsf_minus_native"":""-12103680"",""percent_of_native"":""-32.746011""}]",7,7,0,"{""count"":""7"",""minimum"":""36962304"",""median"":""37093376"",""maximum"":""37486592"",""median_absolute_deviation"":""131072""}","{""count"":""7"",""minimum"":""24858624"",""median"":""24965120"",""maximum"":""25206784"",""median_absolute_deviation"":""98304""}","{""count"":""7"",""minimum"":""-12488704"",""median"":""-12103680"",""maximum"":""-11886592"",""median_absolute_deviation"":""122880""}",7,0,0,"{""lsf"":{""pair_count"":3,""available_pairs"":3,""unavailable_pairs"":0,""native"":{""count"":""3"",""minimum"":""36962304"",""median"":""37093376"",""maximum"":""37355520"",""median_absolute_deviation"":""131072""},""lsf"":{""count"":""3"",""minimum"":""24866816"",""median"":""24965120"",""maximum"":""25206784"",""median_absolute_deviation"":""98304""},""paired_difference"":{""count"":""3"",""minimum"":""-12488704"",""median"":""-11997184"",""maximum"":""-11886592"",""median_absolute_deviation"":""110592""},""lower"":3,""equal"":0,""higher"":0},""native"":{""pair_count"":4,""available_pairs"":4,""unavailable_pairs"":0,""native"":{""count"":""4"",""minimum"":""36962304"",""median"":""37093376"",""maximum"":""37486592"",""median_absolute_deviation"":""65536""},""lsf"":{""count"":""4"",""minimum"":""24858624"",""median"":""24956928"",""maximum"":""25112576"",""median_absolute_deviation"":""92160""},""paired_difference"":{""count"":""4"",""minimum"":""-12443648"",""median"":""-12163072"",""maximum"":""-11980800"",""median_absolute_deviation"":""120832""},""lower"":4,""equal"":0,""higher"":0}}"
8,final,before,child.threads,count,"[{""pair"":0,""first_arm"":""native"",""native_group"":2,""lsf_group"":3,""native"":""24"",""lsf"":""7"",""lsf_minus_native"":""-17"",""percent_of_native"":""-70.833333""},{""pair"":1,""first_arm"":""native"",""native_group"":0,""lsf_group"":1,""native"":""24"",""lsf"":""7"",""lsf_minus_native"":""-17"",""percent_of_native"":""-70.833333""},{""pair"":2,""first_arm"":""lsf"",""native_group"":5,""lsf_group"":4,""native"":""24"",""lsf"":""7"",""lsf_minus_native"":""-17"",""percent_of_native"":""-70.833333""},{""pair"":3,""first_arm"":""lsf"",""native_group"":3,""lsf_group"":2,""native"":""24"",""lsf"":""7"",""lsf_minus_native"":""-17"",""percent_of_native"":""-70.833333""},{""pair"":4,""first_arm"":""lsf"",""native_group"":1,""lsf_group"":0,""native"":""24"",""lsf"":""7"",""lsf_minus_native"":""-17"",""percent_of_native"":""-70.833333""},{""pair"":5,""first_arm"":""native"",""native_group"":4,""lsf_group"":5,""native"":""24"",""lsf"":""7"",""lsf_minus_native"":""-17"",""percent_of_native"":""-70.833333""},{""pair"":6,""first_arm"":""native"",""native_group"":2,""lsf_group"":3,""native"":""24"",""lsf"":""7"",""lsf_minus_native"":""-17"",""percent_of_native"":""-70.833333""}]",7,7,0,"{""count"":""7"",""minimum"":""24"",""median"":""24"",""maximum"":""24"",""median_absolute_deviation"":""0""}","{""count"":""7"",""minimum"":""7"",""median"":""7"",""maximum"":""7"",""median_absolute_deviation"":""0""}","{""count"":""7"",""minimum"":""-17"",""median"":""-17"",""maximum"":""-17"",""median_absolute_deviation"":""0""}",7,0,0,"{""lsf"":{""pair_count"":3,""available_pairs"":3,""unavailable_pairs"":0,""native"":{""count"":""3"",""minimum"":""24"",""median"":""24"",""maximum"":""24"",""median_absolute_deviation"":""0""},""lsf"":{""count"":""3"",""minimum"":""7"",""median"":""7"",""maximum"":""7"",""median_absolute_deviation"":""0""},""paired_difference"":{""count"":""3"",""minimum"":""-17"",""median"":""-17"",""maximum"":""-17"",""median_absolute_deviation"":""0""},""lower"":3,""equal"":0,""higher"":0},""native"":{""pair_count"":4,""available_pairs"":4,""unavailable_pairs"":0,""native"":{""count"":""4"",""minimum"":""24"",""median"":""24"",""maximum"":""24"",""median_absolute_deviation"":""0""},""lsf"":{""count"":""4"",""minimum"":""7"",""median"":""7"",""maximum"":""7"",""median_absolute_deviation"":""0""},""paired_difference"":{""count"":""4"",""minimum"":""-17"",""median"":""-17"",""maximum"":""-17"",""median_absolute_deviation"":""0""},""lower"":4,""equal"":0,""higher"":0}}"
8,final,before,child.fd_count,count,"[{""pair"":0,""first_arm"":""native"",""native_group"":2,""lsf_group"":3,""native"":""88"",""lsf"":""32"",""lsf_minus_native"":""-56"",""percent_of_native"":""-63.636364""},{""pair"":1,""first_arm"":""native"",""native_group"":0,""lsf_group"":1,""native"":""88"",""lsf"":""32"",""lsf_minus_native"":""-56"",""percent_of_native"":""-63.636364""},{""pair"":2,""first_arm"":""lsf"",""native_group"":5,""lsf_group"":4,""native"":""88"",""lsf"":""32"",""lsf_minus_native"":""-56"",""percent_of_native"":""-63.636364""},{""pair"":3,""first_arm"":""lsf"",""native_group"":3,""lsf_group"":2,""native"":""88"",""lsf"":""32"",""lsf_minus_native"":""-56"",""percent_of_native"":""-63.636364""},{""pair"":4,""first_arm"":""lsf"",""native_group"":1,""lsf_group"":0,""native"":""88"",""lsf"":""32"",""lsf_minus_native"":""-56"",""percent_of_native"":""-63.636364""},{""pair"":5,""first_arm"":""native"",""native_group"":4,""lsf_group"":5,""native"":""88"",""lsf"":""32"",""lsf_minus_native"":""-56"",""percent_of_native"":""-63.636364""},{""pair"":6,""first_arm"":""native"",""native_group"":2,""lsf_group"":3,""native"":""88"",""lsf"":""32"",""lsf_minus_native"":""-56"",""percent_of_native"":""-63.636364""}]",7,7,0,"{""count"":""7"",""minimum"":""88"",""median"":""88"",""maximum"":""88"",""median_absolute_deviation"":""0""}","{""count"":""7"",""minimum"":""32"",""median"":""32"",""maximum"":""32"",""median_absolute_deviation"":""0""}","{""count"":""7"",""minimum"":""-56"",""median"":""-56"",""maximum"":""-56"",""median_absolute_deviation"":""0""}",7,0,0,"{""lsf"":{""pair_count"":3,""available_pairs"":3,""unavailable_pairs"":0,""native"":{""count"":""3"",""minimum"":""88"",""median"":""88"",""maximum"":""88"",""median_absolute_deviation"":""0""},""lsf"":{""count"":""3"",""minimum"":""32"",""median"":""32"",""maximum"":""32"",""median_absolute_deviation"":""0""},""paired_difference"":{""count"":""3"",""minimum"":""-56"",""median"":""-56"",""maximum"":""-56"",""median_absolute_deviation"":""0""},""lower"":3,""equal"":0,""higher"":0},""native"":{""pair_count"":4,""available_pairs"":4,""unavailable_pairs"":0,""native"":{""count"":""4"",""minimum"":""88"",""median"":""88"",""maximum"":""88"",""median_absolute_deviation"":""0""},""lsf"":{""count"":""4"",""minimum"":""32"",""median"":""32"",""maximum"":""32"",""median_absolute_deviation"":""0""},""paired_difference"":{""count"":""4"",""minimum"":""-56"",""median"":""-56"",""maximum"":""-56"",""median_absolute_deviation"":""0""},""lower"":4,""equal"":0,""higher"":0}}"
8,final,before,child.listener_count,count,"[{""pair"":0,""first_arm"":""native"",""native_group"":2,""lsf_group"":3,""native"":""8"",""lsf"":""1"",""lsf_minus_native"":""-7"",""percent_of_native"":""-87.5""},{""pair"":1,""first_arm"":""native"",""native_group"":0,""lsf_group"":1,""native"":""8"",""lsf"":""1"",""lsf_minus_native"":""-7"",""percent_of_native"":""-87.5""},{""pair"":2,""first_arm"":""lsf"",""native_group"":5,""lsf_group"":4,""native"":""8"",""lsf"":""1"",""lsf_minus_native"":""-7"",""percent_of_native"":""-87.5""},{""pair"":3,""first_arm"":""lsf"",""native_group"":3,""lsf_group"":2,""native"":""8"",""lsf"":""1"",""lsf_minus_native"":""-7"",""percent_of_native"":""-87.5""},{""pair"":4,""first_arm"":""lsf"",""native_group"":1,""lsf_group"":0,""native"":""8"",""lsf"":""1"",""lsf_minus_native"":""-7"",""percent_of_native"":""-87.5""},{""pair"":5,""first_arm"":""native"",""native_group"":4,""lsf_group"":5,""native"":""8"",""lsf"":""1"",""lsf_minus_native"":""-7"",""percent_of_native"":""-87.5""},{""pair"":6,""first_arm"":""native"",""native_group"":2,""lsf_group"":3,""native"":""8"",""lsf"":""1"",""lsf_minus_native"":""-7"",""percent_of_native"":""-87.5""}]",7,7,0,"{""count"":""7"",""minimum"":""8"",""median"":""8"",""maximum"":""8"",""median_absolute_deviation"":""0""}","{""count"":""7"",""minimum"":""1"",""median"":""1"",""maximum"":""1"",""median_absolute_deviation"":""0""}","{""count"":""7"",""minimum"":""-7"",""median"":""-7"",""maximum"":""-7"",""median_absolute_deviation"":""0""}",7,0,0,"{""lsf"":{""pair_count"":3,""available_pairs"":3,""unavailable_pairs"":0,""native"":{""count"":""3"",""minimum"":""8"",""median"":""8"",""maximum"":""8"",""median_absolute_deviation"":""0""},""lsf"":{""count"":""3"",""minimum"":""1"",""median"":""1"",""maximum"":""1"",""median_absolute_deviation"":""0""},""paired_difference"":{""count"":""3"",""minimum"":""-7"",""median"":""-7"",""maximum"":""-7"",""median_absolute_deviation"":""0""},""lower"":3,""equal"":0,""higher"":0},""native"":{""pair_count"":4,""available_pairs"":4,""unavailable_pairs"":0,""native"":{""count"":""4"",""minimum"":""8"",""median"":""8"",""maximum"":""8"",""median_absolute_deviation"":""0""},""lsf"":{""count"":""4"",""minimum"":""1"",""median"":""1"",""maximum"":""1"",""median_absolute_deviation"":""0""},""paired_difference"":{""count"":""4"",""minimum"":""-7"",""median"":""-7"",""maximum"":""-7"",""median_absolute_deviation"":""0""},""lower"":4,""equal"":0,""higher"":0}}"
8,final,before,wrapper.rss_bytes,bytes,"[{""pair"":0,""first_arm"":""native"",""native_group"":2,""lsf_group"":3,""native"":""30277632"",""lsf"":""4063232"",""lsf_minus_native"":""-26214400"",""percent_of_native"":""-86.580087""},{""pair"":1,""first_arm"":""native"",""native_group"":0,""lsf_group"":1,""native"":""30539776"",""lsf"":""3932160"",""lsf_minus_native"":""-26607616"",""percent_of_native"":""-87.124464""},{""pair"":2,""first_arm"":""lsf"",""native_group"":5,""lsf_group"":4,""native"":""29884416"",""lsf"":""3932160"",""lsf_minus_native"":""-25952256"",""percent_of_native"":""-86.842105""},{""pair"":3,""first_arm"":""lsf"",""native_group"":3,""lsf_group"":2,""native"":""30277632"",""lsf"":""3932160"",""lsf_minus_native"":""-26345472"",""percent_of_native"":""-87.012987""},{""pair"":4,""first_arm"":""lsf"",""native_group"":1,""lsf_group"":0,""native"":""30670848"",""lsf"":""4063232"",""lsf_minus_native"":""-26607616"",""percent_of_native"":""-86.752137""},{""pair"":5,""first_arm"":""native"",""native_group"":4,""lsf_group"":5,""native"":""30539776"",""lsf"":""4194304"",""lsf_minus_native"":""-26345472"",""percent_of_native"":""-86.266094""},{""pair"":6,""first_arm"":""native"",""native_group"":2,""lsf_group"":3,""native"":""30539776"",""lsf"":""4194304"",""lsf_minus_native"":""-26345472"",""percent_of_native"":""-86.266094""}]",7,7,0,"{""count"":""7"",""minimum"":""29884416"",""median"":""30539776"",""maximum"":""30670848"",""median_absolute_deviation"":""131072""}","{""count"":""7"",""minimum"":""3932160"",""median"":""4063232"",""maximum"":""4194304"",""median_absolute_deviation"":""131072""}","{""count"":""7"",""minimum"":""-26607616"",""median"":""-26345472"",""maximum"":""-25952256"",""median_absolute_deviation"":""131072""}",7,0,0,"{""lsf"":{""pair_count"":3,""available_pairs"":3,""unavailable_pairs"":0,""native"":{""count"":""3"",""minimum"":""29884416"",""median"":""30277632"",""maximum"":""30670848"",""median_absolute_deviation"":""393216""},""lsf"":{""count"":""3"",""minimum"":""3932160"",""median"":""3932160"",""maximum"":""4063232"",""median_absolute_deviation"":""0""},""paired_difference"":{""count"":""3"",""minimum"":""-26607616"",""median"":""-26345472"",""maximum"":""-25952256"",""median_absolute_deviation"":""262144""},""lower"":3,""equal"":0,""higher"":0},""native"":{""pair_count"":4,""available_pairs"":4,""unavailable_pairs"":0,""native"":{""count"":""4"",""minimum"":""30277632"",""median"":""30539776"",""maximum"":""30539776"",""median_absolute_deviation"":""0""},""lsf"":{""count"":""4"",""minimum"":""3932160"",""median"":""4128768"",""maximum"":""4194304"",""median_absolute_deviation"":""65536""},""paired_difference"":{""count"":""4"",""minimum"":""-26607616"",""median"":""-26345472"",""maximum"":""-26214400"",""median_absolute_deviation"":""65536""},""lower"":4,""equal"":0,""higher"":0}}"
8,final,before,wrapper.threads,count,"[{""pair"":0,""first_arm"":""native"",""native_group"":2,""lsf_group"":3,""native"":""24"",""lsf"":""3"",""lsf_minus_native"":""-21"",""percent_of_native"":""-87.5""},{""pair"":1,""first_arm"":""native"",""native_group"":0,""lsf_group"":1,""native"":""24"",""lsf"":""3"",""lsf_minus_native"":""-21"",""percent_of_native"":""-87.5""},{""pair"":2,""first_arm"":""lsf"",""native_group"":5,""lsf_group"":4,""native"":""24"",""lsf"":""3"",""lsf_minus_native"":""-21"",""percent_of_native"":""-87.5""},{""pair"":3,""first_arm"":""lsf"",""native_group"":3,""lsf_group"":2,""native"":""24"",""lsf"":""3"",""lsf_minus_native"":""-21"",""percent_of_native"":""-87.5""},{""pair"":4,""first_arm"":""lsf"",""native_group"":1,""lsf_group"":0,""native"":""24"",""lsf"":""3"",""lsf_minus_native"":""-21"",""percent_of_native"":""-87.5""},{""pair"":5,""first_arm"":""native"",""native_group"":4,""lsf_group"":5,""native"":""24"",""lsf"":""3"",""lsf_minus_native"":""-21"",""percent_of_native"":""-87.5""},{""pair"":6,""first_arm"":""native"",""native_group"":2,""lsf_group"":3,""native"":""24"",""lsf"":""3"",""lsf_minus_native"":""-21"",""percent_of_native"":""-87.5""}]",7,7,0,"{""count"":""7"",""minimum"":""24"",""median"":""24"",""maximum"":""24"",""median_absolute_deviation"":""0""}","{""count"":""7"",""minimum"":""3"",""median"":""3"",""maximum"":""3"",""median_absolute_deviation"":""0""}","{""count"":""7"",""minimum"":""-21"",""median"":""-21"",""maximum"":""-21"",""median_absolute_deviation"":""0""}",7,0,0,"{""lsf"":{""pair_count"":3,""available_pairs"":3,""unavailable_pairs"":0,""native"":{""count"":""3"",""minimum"":""24"",""median"":""24"",""maximum"":""24"",""median_absolute_deviation"":""0""},""lsf"":{""count"":""3"",""minimum"":""3"",""median"":""3"",""maximum"":""3"",""median_absolute_deviation"":""0""},""paired_difference"":{""count"":""3"",""minimum"":""-21"",""median"":""-21"",""maximum"":""-21"",""median_absolute_deviation"":""0""},""lower"":3,""equal"":0,""higher"":0},""native"":{""pair_count"":4,""available_pairs"":4,""unavailable_pairs"":0,""native"":{""count"":""4"",""minimum"":""24"",""median"":""24"",""maximum"":""24"",""median_absolute_deviation"":""0""},""lsf"":{""count"":""4"",""minimum"":""3"",""median"":""3"",""maximum"":""3"",""median_absolute_deviation"":""0""},""paired_difference"":{""count"":""4"",""minimum"":""-21"",""median"":""-21"",""maximum"":""-21"",""median_absolute_deviation"":""0""},""lower"":4,""equal"":0,""higher"":0}}"
8,final,before,wrapper.fd_count,count,"[{""pair"":0,""first_arm"":""native"",""native_group"":2,""lsf_group"":3,""native"":""152"",""lsf"":""33"",""lsf_minus_native"":""-119"",""percent_of_native"":""-78.289474""},{""pair"":1,""first_arm"":""native"",""native_group"":0,""lsf_group"":1,""native"":""152"",""lsf"":""33"",""lsf_minus_native"":""-119"",""percent_of_native"":""-78.289474""},{""pair"":2,""first_arm"":""lsf"",""native_group"":5,""lsf_group"":4,""native"":""152"",""lsf"":""33"",""lsf_minus_native"":""-119"",""percent_of_native"":""-78.289474""},{""pair"":3,""first_arm"":""lsf"",""native_group"":3,""lsf_group"":2,""native"":""152"",""lsf"":""33"",""lsf_minus_native"":""-119"",""percent_of_native"":""-78.289474""},{""pair"":4,""first_arm"":""lsf"",""native_group"":1,""lsf_group"":0,""native"":""152"",""lsf"":""33"",""lsf_minus_native"":""-119"",""percent_of_native"":""-78.289474""},{""pair"":5,""first_arm"":""native"",""native_group"":4,""lsf_group"":5,""native"":""152"",""lsf"":""33"",""lsf_minus_native"":""-119"",""percent_of_native"":""-78.289474""},{""pair"":6,""first_arm"":""native"",""native_group"":2,""lsf_group"":3,""native"":""152"",""lsf"":""33"",""lsf_minus_native"":""-119"",""percent_of_native"":""-78.289474""}]",7,7,0,"{""count"":""7"",""minimum"":""152"",""median"":""152"",""maximum"":""152"",""median_absolute_deviation"":""0""}","{""count"":""7"",""minimum"":""33"",""median"":""33"",""maximum"":""33"",""median_absolute_deviation"":""0""}","{""count"":""7"",""minimum"":""-119"",""median"":""-119"",""maximum"":""-119"",""median_absolute_deviation"":""0""}",7,0,0,"{""lsf"":{""pair_count"":3,""available_pairs"":3,""unavailable_pairs"":0,""native"":{""count"":""3"",""minimum"":""152"",""median"":""152"",""maximum"":""152"",""median_absolute_deviation"":""0""},""lsf"":{""count"":""3"",""minimum"":""33"",""median"":""33"",""maximum"":""33"",""median_absolute_deviation"":""0""},""paired_difference"":{""count"":""3"",""minimum"":""-119"",""median"":""-119"",""maximum"":""-119"",""median_absolute_deviation"":""0""},""lower"":3,""equal"":0,""higher"":0},""native"":{""pair_count"":4,""available_pairs"":4,""unavailable_pairs"":0,""native"":{""count"":""4"",""minimum"":""152"",""median"":""152"",""maximum"":""152"",""median_absolute_deviation"":""0""},""lsf"":{""count"":""4"",""minimum"":""33"",""median"":""33"",""maximum"":""33"",""median_absolute_deviation"":""0""},""paired_difference"":{""count"":""4"",""minimum"":""-119"",""median"":""-119"",""maximum"":""-119"",""median_absolute_deviation"":""0""},""lower"":4,""equal"":0,""higher"":0}}"
8,final,before,wrapper.listener_count,count,"[{""pair"":0,""first_arm"":""native"",""native_group"":2,""lsf_group"":3,""native"":""8"",""lsf"":""1"",""lsf_minus_native"":""-7"",""percent_of_native"":""-87.5""},{""pair"":1,""first_arm"":""native"",""native_group"":0,""lsf_group"":1,""native"":""8"",""lsf"":""1"",""lsf_minus_native"":""-7"",""percent_of_native"":""-87.5""},{""pair"":2,""first_arm"":""lsf"",""native_group"":5,""lsf_group"":4,""native"":""8"",""lsf"":""1"",""lsf_minus_native"":""-7"",""percent_of_native"":""-87.5""},{""pair"":3,""first_arm"":""lsf"",""native_group"":3,""lsf_group"":2,""native"":""8"",""lsf"":""1"",""lsf_minus_native"":""-7"",""percent_of_native"":""-87.5""},{""pair"":4,""first_arm"":""lsf"",""native_group"":1,""lsf_group"":0,""native"":""8"",""lsf"":""1"",""lsf_minus_native"":""-7"",""percent_of_native"":""-87.5""},{""pair"":5,""first_arm"":""native"",""native_group"":4,""lsf_group"":5,""native"":""8"",""lsf"":""1"",""lsf_minus_native"":""-7"",""percent_of_native"":""-87.5""},{""pair"":6,""first_arm"":""native"",""native_group"":2,""lsf_group"":3,""native"":""8"",""lsf"":""1"",""lsf_minus_native"":""-7"",""percent_of_native"":""-87.5""}]",7,7,0,"{""count"":""7"",""minimum"":""8"",""median"":""8"",""maximum"":""8"",""median_absolute_deviation"":""0""}","{""count"":""7"",""minimum"":""1"",""median"":""1"",""maximum"":""1"",""median_absolute_deviation"":""0""}","{""count"":""7"",""minimum"":""-7"",""median"":""-7"",""maximum"":""-7"",""median_absolute_deviation"":""0""}",7,0,0,"{""lsf"":{""pair_count"":3,""available_pairs"":3,""unavailable_pairs"":0,""native"":{""count"":""3"",""minimum"":""8"",""median"":""8"",""maximum"":""8"",""median_absolute_deviation"":""0""},""lsf"":{""count"":""3"",""minimum"":""1"",""median"":""1"",""maximum"":""1"",""median_absolute_deviation"":""0""},""paired_difference"":{""count"":""3"",""minimum"":""-7"",""median"":""-7"",""maximum"":""-7"",""median_absolute_deviation"":""0""},""lower"":3,""equal"":0,""higher"":0},""native"":{""pair_count"":4,""available_pairs"":4,""unavailable_pairs"":0,""native"":{""count"":""4"",""minimum"":""8"",""median"":""8"",""maximum"":""8"",""median_absolute_deviation"":""0""},""lsf"":{""count"":""4"",""minimum"":""1"",""median"":""1"",""maximum"":""1"",""median_absolute_deviation"":""0""},""paired_difference"":{""count"":""4"",""minimum"":""-7"",""median"":""-7"",""maximum"":""-7"",""median_absolute_deviation"":""0""},""lower"":4,""equal"":0,""higher"":0}}"
8,final,before,cgroup.memory_current_bytes,bytes,"[{""pair"":0,""first_arm"":""native"",""native_group"":2,""lsf_group"":3,""native"":""15024128"",""lsf"":""9129984"",""lsf_minus_native"":""-5894144"",""percent_of_native"":""-39.231189""},{""pair"":1,""first_arm"":""native"",""native_group"":0,""lsf_group"":1,""native"":""14970880"",""lsf"":""8925184"",""lsf_minus_native"":""-6045696"",""percent_of_native"":""-40.383037""},{""pair"":2,""first_arm"":""lsf"",""native_group"":5,""lsf_group"":4,""native"":""15011840"",""lsf"":""9150464"",""lsf_minus_native"":""-5861376"",""percent_of_native"":""-39.04502""},{""pair"":3,""first_arm"":""lsf"",""native_group"":3,""lsf_group"":2,""native"":""14970880"",""lsf"":""8925184"",""lsf_minus_native"":""-6045696"",""percent_of_native"":""-40.383037""},{""pair"":4,""first_arm"":""lsf"",""native_group"":1,""lsf_group"":0,""native"":""15241216"",""lsf"":""8962048"",""lsf_minus_native"":""-6279168"",""percent_of_native"":""-41.198603""},{""pair"":5,""first_arm"":""native"",""native_group"":4,""lsf_group"":5,""native"":""15011840"",""lsf"":""9314304"",""lsf_minus_native"":""-5697536"",""percent_of_native"":""-37.953615""},{""pair"":6,""first_arm"":""native"",""native_group"":2,""lsf_group"":3,""native"":""15020032"",""lsf"":""9015296"",""lsf_minus_native"":""-6004736"",""percent_of_native"":""-39.978184""}]",7,7,0,"{""count"":""7"",""minimum"":""14970880"",""median"":""15011840"",""maximum"":""15241216"",""median_absolute_deviation"":""12288""}","{""count"":""7"",""minimum"":""8925184"",""median"":""9015296"",""maximum"":""9314304"",""median_absolute_deviation"":""90112""}","{""count"":""7"",""minimum"":""-6279168"",""median"":""-6004736"",""maximum"":""-5697536"",""median_absolute_deviation"":""110592""}",7,0,0,"{""lsf"":{""pair_count"":3,""available_pairs"":3,""unavailable_pairs"":0,""native"":{""count"":""3"",""minimum"":""14970880"",""median"":""15011840"",""maximum"":""15241216"",""median_absolute_deviation"":""40960""},""lsf"":{""count"":""3"",""minimum"":""8925184"",""median"":""8962048"",""maximum"":""9150464"",""median_absolute_deviation"":""36864""},""paired_difference"":{""count"":""3"",""minimum"":""-6279168"",""median"":""-6045696"",""maximum"":""-5861376"",""median_absolute_deviation"":""184320""},""lower"":3,""equal"":0,""higher"":0},""native"":{""pair_count"":4,""available_pairs"":4,""unavailable_pairs"":0,""native"":{""count"":""4"",""minimum"":""14970880"",""median"":""15015936"",""maximum"":""15024128"",""median_absolute_deviation"":""6144""},""lsf"":{""count"":""4"",""minimum"":""8925184"",""median"":""9072640"",""maximum"":""9314304"",""median_absolute_deviation"":""102400""},""paired_difference"":{""count"":""4"",""minimum"":""-6045696"",""median"":""-5949440"",""maximum"":""-5697536"",""median_absolute_deviation"":""75776""},""lower"":4,""equal"":0,""higher"":0}}"
8,final,before,cgroup.sum_leaf_lifetime_memory_peak_bytes,bytes,"[{""pair"":0,""first_arm"":""native"",""native_group"":2,""lsf_group"":3,""native"":""49389568"",""lsf"":""10727424"",""lsf_minus_native"":""-38662144"",""percent_of_native"":""-78.27998""},{""pair"":1,""first_arm"":""native"",""native_group"":0,""lsf_group"":1,""native"":""50491392"",""lsf"":""10506240"",""lsf_minus_native"":""-39985152"",""percent_of_native"":""-79.192018""},{""pair"":2,""first_arm"":""lsf"",""native_group"":5,""lsf_group"":4,""native"":""48455680"",""lsf"":""10665984"",""lsf_minus_native"":""-37789696"",""percent_of_native"":""-77.988166""},{""pair"":3,""first_arm"":""lsf"",""native_group"":3,""lsf_group"":2,""native"":""50155520"",""lsf"":""10231808"",""lsf_minus_native"":""-39923712"",""percent_of_native"":""-79.599837""},{""pair"":4,""first_arm"":""lsf"",""native_group"":1,""lsf_group"":0,""native"":""49991680"",""lsf"":""10403840"",""lsf_minus_native"":""-39587840"",""percent_of_native"":""-79.188857""},{""pair"":5,""first_arm"":""native"",""native_group"":4,""lsf_group"":5,""native"":""49799168"",""lsf"":""10440704"",""lsf_minus_native"":""-39358464"",""percent_of_native"":""-79.034381""},{""pair"":6,""first_arm"":""native"",""native_group"":2,""lsf_group"":3,""native"":""49201152"",""lsf"":""10280960"",""lsf_minus_native"":""-38920192"",""percent_of_native"":""-79.104229""}]",7,7,0,"{""count"":""7"",""minimum"":""48455680"",""median"":""49799168"",""maximum"":""50491392"",""median_absolute_deviation"":""409600""}","{""count"":""7"",""minimum"":""10231808"",""median"":""10440704"",""maximum"":""10727424"",""median_absolute_deviation"":""159744""}","{""count"":""7"",""minimum"":""-39985152"",""median"":""-39358464"",""maximum"":""-37789696"",""median_absolute_deviation"":""565248""}",7,0,0,"{""lsf"":{""pair_count"":3,""available_pairs"":3,""unavailable_pairs"":0,""native"":{""count"":""3"",""minimum"":""48455680"",""median"":""49991680"",""maximum"":""50155520"",""median_absolute_deviation"":""163840""},""lsf"":{""count"":""3"",""minimum"":""10231808"",""median"":""10403840"",""maximum"":""10665984"",""median_absolute_deviation"":""172032""},""paired_difference"":{""count"":""3"",""minimum"":""-39923712"",""median"":""-39587840"",""maximum"":""-37789696"",""median_absolute_deviation"":""335872""},""lower"":3,""equal"":0,""higher"":0},""native"":{""pair_count"":4,""available_pairs"":4,""unavailable_pairs"":0,""native"":{""count"":""4"",""minimum"":""49201152"",""median"":""49594368"",""maximum"":""50491392"",""median_absolute_deviation"":""299008""},""lsf"":{""count"":""4"",""minimum"":""10280960"",""median"":""10473472"",""maximum"":""10727424"",""median_absolute_deviation"":""112640""},""paired_difference"":{""count"":""4"",""minimum"":""-39985152"",""median"":""-39139328"",""maximum"":""-38662144"",""median_absolute_deviation"":""348160""},""lower"":4,""equal"":0,""higher"":0}}"
8,final,before,cgroup.memory_swap_current_bytes,bytes,"[{""pair"":0,""first_arm"":""native"",""native_group"":2,""lsf_group"":3,""native"":""0"",""lsf"":""0"",""lsf_minus_native"":""0"",""percent_of_native"":null},{""pair"":1,""first_arm"":""native"",""native_group"":0,""lsf_group"":1,""native"":""0"",""lsf"":""0"",""lsf_minus_native"":""0"",""percent_of_native"":null},{""pair"":2,""first_arm"":""lsf"",""native_group"":5,""lsf_group"":4,""native"":""0"",""lsf"":""0"",""lsf_minus_native"":""0"",""percent_of_native"":null},{""pair"":3,""first_arm"":""lsf"",""native_group"":3,""lsf_group"":2,""native"":""0"",""lsf"":""0"",""lsf_minus_native"":""0"",""percent_of_native"":null},{""pair"":4,""first_arm"":""lsf"",""native_group"":1,""lsf_group"":0,""native"":""0"",""lsf"":""0"",""lsf_minus_native"":""0"",""percent_of_native"":null},{""pair"":5,""first_arm"":""native"",""native_group"":4,""lsf_group"":5,""native"":""0"",""lsf"":""0"",""lsf_minus_native"":""0"",""percent_of_native"":null},{""pair"":6,""first_arm"":""native"",""native_group"":2,""lsf_group"":3,""native"":""0"",""lsf"":""0"",""lsf_minus_native"":""0"",""percent_of_native"":null}]",7,7,0,"{""count"":""7"",""minimum"":""0"",""median"":""0"",""maximum"":""0"",""median_absolute_deviation"":""0""}","{""count"":""7"",""minimum"":""0"",""median"":""0"",""maximum"":""0"",""median_absolute_deviation"":""0""}","{""count"":""7"",""minimum"":""0"",""median"":""0"",""maximum"":""0"",""median_absolute_deviation"":""0""}",0,7,0,"{""lsf"":{""pair_count"":3,""available_pairs"":3,""unavailable_pairs"":0,""native"":{""count"":""3"",""minimum"":""0"",""median"":""0"",""maximum"":""0"",""median_absolute_deviation"":""0""},""lsf"":{""count"":""3"",""minimum"":""0"",""median"":""0"",""maximum"":""0"",""median_absolute_deviation"":""0""},""paired_difference"":{""count"":""3"",""minimum"":""0"",""median"":""0"",""maximum"":""0"",""median_absolute_deviation"":""0""},""lower"":0,""equal"":3,""higher"":0},""native"":{""pair_count"":4,""available_pairs"":4,""unavailable_pairs"":0,""native"":{""count"":""4"",""minimum"":""0"",""median"":""0"",""maximum"":""0"",""median_absolute_deviation"":""0""},""lsf"":{""count"":""4"",""minimum"":""0"",""median"":""0"",""maximum"":""0"",""median_absolute_deviation"":""0""},""paired_difference"":{""count"":""4"",""minimum"":""0"",""median"":""0"",""maximum"":""0"",""median_absolute_deviation"":""0""},""lower"":0,""equal"":4,""higher"":0}}"
8,final,before,cgroup.pids_current,count,"[{""pair"":0,""first_arm"":""native"",""native_group"":2,""lsf_group"":3,""native"":""48"",""lsf"":""10"",""lsf_minus_native"":""-38"",""percent_of_native"":""-79.166667""},{""pair"":1,""first_arm"":""native"",""native_group"":0,""lsf_group"":1,""native"":""48"",""lsf"":""10"",""lsf_minus_native"":""-38"",""percent_of_native"":""-79.166667""},{""pair"":2,""first_arm"":""lsf"",""native_group"":5,""lsf_group"":4,""native"":""48"",""lsf"":""10"",""lsf_minus_native"":""-38"",""percent_of_native"":""-79.166667""},{""pair"":3,""first_arm"":""lsf"",""native_group"":3,""lsf_group"":2,""native"":""48"",""lsf"":""10"",""lsf_minus_native"":""-38"",""percent_of_native"":""-79.166667""},{""pair"":4,""first_arm"":""lsf"",""native_group"":1,""lsf_group"":0,""native"":""48"",""lsf"":""10"",""lsf_minus_native"":""-38"",""percent_of_native"":""-79.166667""},{""pair"":5,""first_arm"":""native"",""native_group"":4,""lsf_group"":5,""native"":""48"",""lsf"":""10"",""lsf_minus_native"":""-38"",""percent_of_native"":""-79.166667""},{""pair"":6,""first_arm"":""native"",""native_group"":2,""lsf_group"":3,""native"":""48"",""lsf"":""10"",""lsf_minus_native"":""-38"",""percent_of_native"":""-79.166667""}]",7,7,0,"{""count"":""7"",""minimum"":""48"",""median"":""48"",""maximum"":""48"",""median_absolute_deviation"":""0""}","{""count"":""7"",""minimum"":""10"",""median"":""10"",""maximum"":""10"",""median_absolute_deviation"":""0""}","{""count"":""7"",""minimum"":""-38"",""median"":""-38"",""maximum"":""-38"",""median_absolute_deviation"":""0""}",7,0,0,"{""lsf"":{""pair_count"":3,""available_pairs"":3,""unavailable_pairs"":0,""native"":{""count"":""3"",""minimum"":""48"",""median"":""48"",""maximum"":""48"",""median_absolute_deviation"":""0""},""lsf"":{""count"":""3"",""minimum"":""10"",""median"":""10"",""maximum"":""10"",""median_absolute_deviation"":""0""},""paired_difference"":{""count"":""3"",""minimum"":""-38"",""median"":""-38"",""maximum"":""-38"",""median_absolute_deviation"":""0""},""lower"":3,""equal"":0,""higher"":0},""native"":{""pair_count"":4,""available_pairs"":4,""unavailable_pairs"":0,""native"":{""count"":""4"",""minimum"":""48"",""median"":""48"",""maximum"":""48"",""median_absolute_deviation"":""0""},""lsf"":{""count"":""4"",""minimum"":""10"",""median"":""10"",""maximum"":""10"",""median_absolute_deviation"":""0""},""paired_difference"":{""count"":""4"",""minimum"":""-38"",""median"":""-38"",""maximum"":""-38"",""median_absolute_deviation"":""0""},""lower"":4,""equal"":0,""higher"":0}}"
8,final,before,cgroup.cpu.usage_usec,us,"[{""pair"":0,""first_arm"":""native"",""native_group"":2,""lsf_group"":3,""native"":""799710"",""lsf"":""491719"",""lsf_minus_native"":""-307991"",""percent_of_native"":""-38.512836""},{""pair"":1,""first_arm"":""native"",""native_group"":0,""lsf_group"":1,""native"":""930123"",""lsf"":""466130"",""lsf_minus_native"":""-463993"",""percent_of_native"":""-49.885123""},{""pair"":2,""first_arm"":""lsf"",""native_group"":5,""lsf_group"":4,""native"":""778497"",""lsf"":""455812"",""lsf_minus_native"":""-322685"",""percent_of_native"":""-41.449742""},{""pair"":3,""first_arm"":""lsf"",""native_group"":3,""lsf_group"":2,""native"":""791483"",""lsf"":""470457"",""lsf_minus_native"":""-321026"",""percent_of_native"":""-40.560063""},{""pair"":4,""first_arm"":""lsf"",""native_group"":1,""lsf_group"":0,""native"":""781596"",""lsf"":""445635"",""lsf_minus_native"":""-335961"",""percent_of_native"":""-42.983971""},{""pair"":5,""first_arm"":""native"",""native_group"":4,""lsf_group"":5,""native"":""761371"",""lsf"":""501334"",""lsf_minus_native"":""-260037"",""percent_of_native"":""-34.153783""},{""pair"":6,""first_arm"":""native"",""native_group"":2,""lsf_group"":3,""native"":""790141"",""lsf"":""501033"",""lsf_minus_native"":""-289108"",""percent_of_native"":""-36.589419""}]",7,7,0,"{""count"":""7"",""minimum"":""761371"",""median"":""790141"",""maximum"":""930123"",""median_absolute_deviation"":""9569""}","{""count"":""7"",""minimum"":""445635"",""median"":""470457"",""maximum"":""501334"",""median_absolute_deviation"":""21262""}","{""count"":""7"",""minimum"":""-463993"",""median"":""-321026"",""maximum"":""-260037"",""median_absolute_deviation"":""14935""}",7,0,0,"{""lsf"":{""pair_count"":3,""available_pairs"":3,""unavailable_pairs"":0,""native"":{""count"":""3"",""minimum"":""778497"",""median"":""781596"",""maximum"":""791483"",""median_absolute_deviation"":""3099""},""lsf"":{""count"":""3"",""minimum"":""445635"",""median"":""455812"",""maximum"":""470457"",""median_absolute_deviation"":""10177""},""paired_difference"":{""count"":""3"",""minimum"":""-335961"",""median"":""-322685"",""maximum"":""-321026"",""median_absolute_deviation"":""1659""},""lower"":3,""equal"":0,""higher"":0},""native"":{""pair_count"":4,""available_pairs"":4,""unavailable_pairs"":0,""native"":{""count"":""4"",""minimum"":""761371"",""median"":""794925.5"",""maximum"":""930123"",""median_absolute_deviation"":""19169.5""},""lsf"":{""count"":""4"",""minimum"":""466130"",""median"":""496376"",""maximum"":""501334"",""median_absolute_deviation"":""4807.5""},""paired_difference"":{""count"":""4"",""minimum"":""-463993"",""median"":""-298549.5"",""maximum"":""-260037"",""median_absolute_deviation"":""23977""},""lower"":4,""equal"":0,""higher"":0}}"
8,final,before,cgroup.cpu.user_usec,us,"[{""pair"":0,""first_arm"":""native"",""native_group"":2,""lsf_group"":3,""native"":""140939"",""lsf"":""381960"",""lsf_minus_native"":""241021"",""percent_of_native"":""171.010863""},{""pair"":1,""first_arm"":""native"",""native_group"":0,""lsf_group"":1,""native"":""215407"",""lsf"":""344531"",""lsf_minus_native"":""129124"",""percent_of_native"":""59.944199""},{""pair"":2,""first_arm"":""lsf"",""native_group"":5,""lsf_group"":4,""native"":""121739"",""lsf"":""341859"",""lsf_minus_native"":""220120"",""percent_of_native"":""180.813051""},{""pair"":3,""first_arm"":""lsf"",""native_group"":3,""lsf_group"":2,""native"":""148198"",""lsf"":""348642"",""lsf_minus_native"":""200444"",""percent_of_native"":""135.254187""},{""pair"":4,""first_arm"":""lsf"",""native_group"":1,""lsf_group"":0,""native"":""124861"",""lsf"":""325974"",""lsf_minus_native"":""201113"",""percent_of_native"":""161.069509""},{""pair"":5,""first_arm"":""native"",""native_group"":4,""lsf_group"":5,""native"":""119995"",""lsf"":""388129"",""lsf_minus_native"":""268134"",""percent_of_native"":""223.454311""},{""pair"":6,""first_arm"":""native"",""native_group"":2,""lsf_group"":3,""native"":""114066"",""lsf"":""377828"",""lsf_minus_native"":""263762"",""percent_of_native"":""231.236302""}]",7,7,0,"{""count"":""7"",""minimum"":""114066"",""median"":""124861"",""maximum"":""215407"",""median_absolute_deviation"":""10795""}","{""count"":""7"",""minimum"":""325974"",""median"":""348642"",""maximum"":""388129"",""median_absolute_deviation"":""22668""}","{""count"":""7"",""minimum"":""129124"",""median"":""220120"",""maximum"":""268134"",""median_absolute_deviation"":""20901""}",0,0,7,"{""lsf"":{""pair_count"":3,""available_pairs"":3,""unavailable_pairs"":0,""native"":{""count"":""3"",""minimum"":""121739"",""median"":""124861"",""maximum"":""148198"",""median_absolute_deviation"":""3122""},""lsf"":{""count"":""3"",""minimum"":""325974"",""median"":""341859"",""maximum"":""348642"",""median_absolute_deviation"":""6783""},""paired_difference"":{""count"":""3"",""minimum"":""200444"",""median"":""201113"",""maximum"":""220120"",""median_absolute_deviation"":""669""},""lower"":0,""equal"":0,""higher"":3},""native"":{""pair_count"":4,""available_pairs"":4,""unavailable_pairs"":0,""native"":{""count"":""4"",""minimum"":""114066"",""median"":""130467"",""maximum"":""215407"",""median_absolute_deviation"":""13436.5""},""lsf"":{""count"":""4"",""minimum"":""344531"",""median"":""379894"",""maximum"":""388129"",""median_absolute_deviation"":""5150.5""},""paired_difference"":{""count"":""4"",""minimum"":""129124"",""median"":""252391.5"",""maximum"":""268134"",""median_absolute_deviation"":""13556.5""},""lower"":0,""equal"":0,""higher"":4}}"
8,final,before,cgroup.cpu.system_usec,us,"[{""pair"":0,""first_arm"":""native"",""native_group"":2,""lsf_group"":3,""native"":""658768"",""lsf"":""109758"",""lsf_minus_native"":""-549010"",""percent_of_native"":""-83.338899""},{""pair"":1,""first_arm"":""native"",""native_group"":0,""lsf_group"":1,""native"":""714713"",""lsf"":""121599"",""lsf_minus_native"":""-593114"",""percent_of_native"":""-82.986318""},{""pair"":2,""first_arm"":""lsf"",""native_group"":5,""lsf_group"":4,""native"":""656757"",""lsf"":""113953"",""lsf_minus_native"":""-542804"",""percent_of_native"":""-82.649138""},{""pair"":3,""first_arm"":""lsf"",""native_group"":3,""lsf_group"":2,""native"":""643281"",""lsf"":""121814"",""lsf_minus_native"":""-521467"",""percent_of_native"":""-81.063641""},{""pair"":4,""first_arm"":""lsf"",""native_group"":1,""lsf_group"":0,""native"":""656731"",""lsf"":""119661"",""lsf_minus_native"":""-537070"",""percent_of_native"":""-81.779298""},{""pair"":5,""first_arm"":""native"",""native_group"":4,""lsf_group"":5,""native"":""641372"",""lsf"":""113204"",""lsf_minus_native"":""-528168"",""percent_of_native"":""-82.349713""},{""pair"":6,""first_arm"":""native"",""native_group"":2,""lsf_group"":3,""native"":""676069"",""lsf"":""123204"",""lsf_minus_native"":""-552865"",""percent_of_native"":""-81.776416""}]",7,7,0,"{""count"":""7"",""minimum"":""641372"",""median"":""656757"",""maximum"":""714713"",""median_absolute_deviation"":""13476""}","{""count"":""7"",""minimum"":""109758"",""median"":""119661"",""maximum"":""123204"",""median_absolute_deviation"":""3543""}","{""count"":""7"",""minimum"":""-593114"",""median"":""-542804"",""maximum"":""-521467"",""median_absolute_deviation"":""10061""}",7,0,0,"{""lsf"":{""pair_count"":3,""available_pairs"":3,""unavailable_pairs"":0,""native"":{""count"":""3"",""minimum"":""643281"",""median"":""656731"",""maximum"":""656757"",""median_absolute_deviation"":""26""},""lsf"":{""count"":""3"",""minimum"":""113953"",""median"":""119661"",""maximum"":""121814"",""median_absolute_deviation"":""2153""},""paired_difference"":{""count"":""3"",""minimum"":""-542804"",""median"":""-537070"",""maximum"":""-521467"",""median_absolute_deviation"":""5734""},""lower"":3,""equal"":0,""higher"":0},""native"":{""pair_count"":4,""available_pairs"":4,""unavailable_pairs"":0,""native"":{""count"":""4"",""minimum"":""641372"",""median"":""667418.5"",""maximum"":""714713"",""median_absolute_deviation"":""17348.5""},""lsf"":{""count"":""4"",""minimum"":""109758"",""median"":""117401.5"",""maximum"":""123204"",""median_absolute_deviation"":""5000""},""paired_difference"":{""count"":""4"",""minimum"":""-593114"",""median"":""-550937.5"",""maximum"":""-528168"",""median_absolute_deviation"":""12348.5""},""lower"":4,""equal"":0,""higher"":0}}"
8,final,before,cgroup.cpu.nr_periods,count,"[{""pair"":0,""first_arm"":""native"",""native_group"":2,""lsf_group"":3,""native"":""115"",""lsf"":""41"",""lsf_minus_native"":""-74"",""percent_of_native"":""-64.347826""},{""pair"":1,""first_arm"":""native"",""native_group"":0,""lsf_group"":1,""native"":""133"",""lsf"":""38"",""lsf_minus_native"":""-95"",""percent_of_native"":""-71.428571""},{""pair"":2,""first_arm"":""lsf"",""native_group"":5,""lsf_group"":4,""native"":""128"",""lsf"":""38"",""lsf_minus_native"":""-90"",""percent_of_native"":""-70.3125""},{""pair"":3,""first_arm"":""lsf"",""native_group"":3,""lsf_group"":2,""native"":""123"",""lsf"":""36"",""lsf_minus_native"":""-87"",""percent_of_native"":""-70.731707""},{""pair"":4,""first_arm"":""lsf"",""native_group"":1,""lsf_group"":0,""native"":""130"",""lsf"":""34"",""lsf_minus_native"":""-96"",""percent_of_native"":""-73.846154""},{""pair"":5,""first_arm"":""native"",""native_group"":4,""lsf_group"":5,""native"":""127"",""lsf"":""41"",""lsf_minus_native"":""-86"",""percent_of_native"":""-67.716535""},{""pair"":6,""first_arm"":""native"",""native_group"":2,""lsf_group"":3,""native"":""126"",""lsf"":""39"",""lsf_minus_native"":""-87"",""percent_of_native"":""-69.047619""}]",7,7,0,"{""count"":""7"",""minimum"":""115"",""median"":""127"",""maximum"":""133"",""median_absolute_deviation"":""3""}","{""count"":""7"",""minimum"":""34"",""median"":""38"",""maximum"":""41"",""median_absolute_deviation"":""2""}","{""count"":""7"",""minimum"":""-96"",""median"":""-87"",""maximum"":""-74"",""median_absolute_deviation"":""3""}",7,0,0,"{""lsf"":{""pair_count"":3,""available_pairs"":3,""unavailable_pairs"":0,""native"":{""count"":""3"",""minimum"":""123"",""median"":""128"",""maximum"":""130"",""median_absolute_deviation"":""2""},""lsf"":{""count"":""3"",""minimum"":""34"",""median"":""36"",""maximum"":""38"",""median_absolute_deviation"":""2""},""paired_difference"":{""count"":""3"",""minimum"":""-96"",""median"":""-90"",""maximum"":""-87"",""median_absolute_deviation"":""3""},""lower"":3,""equal"":0,""higher"":0},""native"":{""pair_count"":4,""available_pairs"":4,""unavailable_pairs"":0,""native"":{""count"":""4"",""minimum"":""115"",""median"":""126.5"",""maximum"":""133"",""median_absolute_deviation"":""3.5""},""lsf"":{""count"":""4"",""minimum"":""38"",""median"":""40"",""maximum"":""41"",""median_absolute_deviation"":""1""},""paired_difference"":{""count"":""4"",""minimum"":""-95"",""median"":""-86.5"",""maximum"":""-74"",""median_absolute_deviation"":""4.5""},""lower"":4,""equal"":0,""higher"":0}}"
8,final,before,cgroup.cpu.nr_throttled,count,"[{""pair"":0,""first_arm"":""native"",""native_group"":2,""lsf_group"":3,""native"":""0"",""lsf"":""0"",""lsf_minus_native"":""0"",""percent_of_native"":null},{""pair"":1,""first_arm"":""native"",""native_group"":0,""lsf_group"":1,""native"":""0"",""lsf"":""0"",""lsf_minus_native"":""0"",""percent_of_native"":null},{""pair"":2,""first_arm"":""lsf"",""native_group"":5,""lsf_group"":4,""native"":""0"",""lsf"":""0"",""lsf_minus_native"":""0"",""percent_of_native"":null},{""pair"":3,""first_arm"":""lsf"",""native_group"":3,""lsf_group"":2,""native"":""0"",""lsf"":""0"",""lsf_minus_native"":""0"",""percent_of_native"":null},{""pair"":4,""first_arm"":""lsf"",""native_group"":1,""lsf_group"":0,""native"":""0"",""lsf"":""0"",""lsf_minus_native"":""0"",""percent_of_native"":null},{""pair"":5,""first_arm"":""native"",""native_group"":4,""lsf_group"":5,""native"":""0"",""lsf"":""0"",""lsf_minus_native"":""0"",""percent_of_native"":null},{""pair"":6,""first_arm"":""native"",""native_group"":2,""lsf_group"":3,""native"":""0"",""lsf"":""0"",""lsf_minus_native"":""0"",""percent_of_native"":null}]",7,7,0,"{""count"":""7"",""minimum"":""0"",""median"":""0"",""maximum"":""0"",""median_absolute_deviation"":""0""}","{""count"":""7"",""minimum"":""0"",""median"":""0"",""maximum"":""0"",""median_absolute_deviation"":""0""}","{""count"":""7"",""minimum"":""0"",""median"":""0"",""maximum"":""0"",""median_absolute_deviation"":""0""}",0,7,0,"{""lsf"":{""pair_count"":3,""available_pairs"":3,""unavailable_pairs"":0,""native"":{""count"":""3"",""minimum"":""0"",""median"":""0"",""maximum"":""0"",""median_absolute_deviation"":""0""},""lsf"":{""count"":""3"",""minimum"":""0"",""median"":""0"",""maximum"":""0"",""median_absolute_deviation"":""0""},""paired_difference"":{""count"":""3"",""minimum"":""0"",""median"":""0"",""maximum"":""0"",""median_absolute_deviation"":""0""},""lower"":0,""equal"":3,""higher"":0},""native"":{""pair_count"":4,""available_pairs"":4,""unavailable_pairs"":0,""native"":{""count"":""4"",""minimum"":""0"",""median"":""0"",""maximum"":""0"",""median_absolute_deviation"":""0""},""lsf"":{""count"":""4"",""minimum"":""0"",""median"":""0"",""maximum"":""0"",""median_absolute_deviation"":""0""},""paired_difference"":{""count"":""4"",""minimum"":""0"",""median"":""0"",""maximum"":""0"",""median_absolute_deviation"":""0""},""lower"":0,""equal"":4,""higher"":0}}"
8,final,before,cgroup.cpu.throttled_usec,us,"[{""pair"":0,""first_arm"":""native"",""native_group"":2,""lsf_group"":3,""native"":""0"",""lsf"":""0"",""lsf_minus_native"":""0"",""percent_of_native"":null},{""pair"":1,""first_arm"":""native"",""native_group"":0,""lsf_group"":1,""native"":""0"",""lsf"":""0"",""lsf_minus_native"":""0"",""percent_of_native"":null},{""pair"":2,""first_arm"":""lsf"",""native_group"":5,""lsf_group"":4,""native"":""0"",""lsf"":""0"",""lsf_minus_native"":""0"",""percent_of_native"":null},{""pair"":3,""first_arm"":""lsf"",""native_group"":3,""lsf_group"":2,""native"":""0"",""lsf"":""0"",""lsf_minus_native"":""0"",""percent_of_native"":null},{""pair"":4,""first_arm"":""lsf"",""native_group"":1,""lsf_group"":0,""native"":""0"",""lsf"":""0"",""lsf_minus_native"":""0"",""percent_of_native"":null},{""pair"":5,""first_arm"":""native"",""native_group"":4,""lsf_group"":5,""native"":""0"",""lsf"":""0"",""lsf_minus_native"":""0"",""percent_of_native"":null},{""pair"":6,""first_arm"":""native"",""native_group"":2,""lsf_group"":3,""native"":""0"",""lsf"":""0"",""lsf_minus_native"":""0"",""percent_of_native"":null}]",7,7,0,"{""count"":""7"",""minimum"":""0"",""median"":""0"",""maximum"":""0"",""median_absolute_deviation"":""0""}","{""count"":""7"",""minimum"":""0"",""median"":""0"",""maximum"":""0"",""median_absolute_deviation"":""0""}","{""count"":""7"",""minimum"":""0"",""median"":""0"",""maximum"":""0"",""median_absolute_deviation"":""0""}",0,7,0,"{""lsf"":{""pair_count"":3,""available_pairs"":3,""unavailable_pairs"":0,""native"":{""count"":""3"",""minimum"":""0"",""median"":""0"",""maximum"":""0"",""median_absolute_deviation"":""0""},""lsf"":{""count"":""3"",""minimum"":""0"",""median"":""0"",""maximum"":""0"",""median_absolute_deviation"":""0""},""paired_difference"":{""count"":""3"",""minimum"":""0"",""median"":""0"",""maximum"":""0"",""median_absolute_deviation"":""0""},""lower"":0,""equal"":3,""higher"":0},""native"":{""pair_count"":4,""available_pairs"":4,""unavailable_pairs"":0,""native"":{""count"":""4"",""minimum"":""0"",""median"":""0"",""maximum"":""0"",""median_absolute_deviation"":""0""},""lsf"":{""count"":""4"",""minimum"":""0"",""median"":""0"",""maximum"":""0"",""median_absolute_deviation"":""0""},""paired_difference"":{""count"":""4"",""minimum"":""0"",""median"":""0"",""maximum"":""0"",""median_absolute_deviation"":""0""},""lower"":0,""equal"":4,""higher"":0}}"
8,ready,after,child.rss_bytes,bytes,"[{""pair"":0,""first_arm"":""native"",""native_group"":2,""lsf_group"":3,""native"":""36700160"",""lsf"":""12582912"",""lsf_minus_native"":""-24117248"",""percent_of_native"":""-65.714286""},{""pair"":1,""first_arm"":""native"",""native_group"":0,""lsf_group"":1,""native"":""36700160"",""lsf"":""12451840"",""lsf_minus_native"":""-24248320"",""percent_of_native"":""-66.071429""},{""pair"":2,""first_arm"":""lsf"",""native_group"":5,""lsf_group"":4,""native"":""36700160"",""lsf"":""12582912"",""lsf_minus_native"":""-24117248"",""percent_of_native"":""-65.714286""},{""pair"":3,""first_arm"":""lsf"",""native_group"":3,""lsf_group"":2,""native"":""36962304"",""lsf"":""12713984"",""lsf_minus_native"":""-24248320"",""percent_of_native"":""-65.602837""},{""pair"":4,""first_arm"":""lsf"",""native_group"":1,""lsf_group"":0,""native"":""36306944"",""lsf"":""12189696"",""lsf_minus_native"":""-24117248"",""percent_of_native"":""-66.425993""},{""pair"":5,""first_arm"":""native"",""native_group"":4,""lsf_group"":5,""native"":""36831232"",""lsf"":""12582912"",""lsf_minus_native"":""-24248320"",""percent_of_native"":""-65.836299""},{""pair"":6,""first_arm"":""native"",""native_group"":2,""lsf_group"":3,""native"":""36569088"",""lsf"":""12582912"",""lsf_minus_native"":""-23986176"",""percent_of_native"":""-65.591398""}]",7,7,0,"{""count"":""7"",""minimum"":""36306944"",""median"":""36700160"",""maximum"":""36962304"",""median_absolute_deviation"":""131072""}","{""count"":""7"",""minimum"":""12189696"",""median"":""12582912"",""maximum"":""12713984"",""median_absolute_deviation"":""0""}","{""count"":""7"",""minimum"":""-24248320"",""median"":""-24117248"",""maximum"":""-23986176"",""median_absolute_deviation"":""131072""}",7,0,0,"{""lsf"":{""pair_count"":3,""available_pairs"":3,""unavailable_pairs"":0,""native"":{""count"":""3"",""minimum"":""36306944"",""median"":""36700160"",""maximum"":""36962304"",""median_absolute_deviation"":""262144""},""lsf"":{""count"":""3"",""minimum"":""12189696"",""median"":""12582912"",""maximum"":""12713984"",""median_absolute_deviation"":""131072""},""paired_difference"":{""count"":""3"",""minimum"":""-24248320"",""median"":""-24117248"",""maximum"":""-24117248"",""median_absolute_deviation"":""0""},""lower"":3,""equal"":0,""higher"":0},""native"":{""pair_count"":4,""available_pairs"":4,""unavailable_pairs"":0,""native"":{""count"":""4"",""minimum"":""36569088"",""median"":""36700160"",""maximum"":""36831232"",""median_absolute_deviation"":""65536""},""lsf"":{""count"":""4"",""minimum"":""12451840"",""median"":""12582912"",""maximum"":""12582912"",""median_absolute_deviation"":""0""},""paired_difference"":{""count"":""4"",""minimum"":""-24248320"",""median"":""-24182784"",""maximum"":""-23986176"",""median_absolute_deviation"":""65536""},""lower"":4,""equal"":0,""higher"":0}}"
8,ready,after,child.threads,count,"[{""pair"":0,""first_arm"":""native"",""native_group"":2,""lsf_group"":3,""native"":""24"",""lsf"":""7"",""lsf_minus_native"":""-17"",""percent_of_native"":""-70.833333""},{""pair"":1,""first_arm"":""native"",""native_group"":0,""lsf_group"":1,""native"":""24"",""lsf"":""7"",""lsf_minus_native"":""-17"",""percent_of_native"":""-70.833333""},{""pair"":2,""first_arm"":""lsf"",""native_group"":5,""lsf_group"":4,""native"":""24"",""lsf"":""7"",""lsf_minus_native"":""-17"",""percent_of_native"":""-70.833333""},{""pair"":3,""first_arm"":""lsf"",""native_group"":3,""lsf_group"":2,""native"":""24"",""lsf"":""7"",""lsf_minus_native"":""-17"",""percent_of_native"":""-70.833333""},{""pair"":4,""first_arm"":""lsf"",""native_group"":1,""lsf_group"":0,""native"":""24"",""lsf"":""7"",""lsf_minus_native"":""-17"",""percent_of_native"":""-70.833333""},{""pair"":5,""first_arm"":""native"",""native_group"":4,""lsf_group"":5,""native"":""24"",""lsf"":""7"",""lsf_minus_native"":""-17"",""percent_of_native"":""-70.833333""},{""pair"":6,""first_arm"":""native"",""native_group"":2,""lsf_group"":3,""native"":""24"",""lsf"":""7"",""lsf_minus_native"":""-17"",""percent_of_native"":""-70.833333""}]",7,7,0,"{""count"":""7"",""minimum"":""24"",""median"":""24"",""maximum"":""24"",""median_absolute_deviation"":""0""}","{""count"":""7"",""minimum"":""7"",""median"":""7"",""maximum"":""7"",""median_absolute_deviation"":""0""}","{""count"":""7"",""minimum"":""-17"",""median"":""-17"",""maximum"":""-17"",""median_absolute_deviation"":""0""}",7,0,0,"{""lsf"":{""pair_count"":3,""available_pairs"":3,""unavailable_pairs"":0,""native"":{""count"":""3"",""minimum"":""24"",""median"":""24"",""maximum"":""24"",""median_absolute_deviation"":""0""},""lsf"":{""count"":""3"",""minimum"":""7"",""median"":""7"",""maximum"":""7"",""median_absolute_deviation"":""0""},""paired_difference"":{""count"":""3"",""minimum"":""-17"",""median"":""-17"",""maximum"":""-17"",""median_absolute_deviation"":""0""},""lower"":3,""equal"":0,""higher"":0},""native"":{""pair_count"":4,""available_pairs"":4,""unavailable_pairs"":0,""native"":{""count"":""4"",""minimum"":""24"",""median"":""24"",""maximum"":""24"",""median_absolute_deviation"":""0""},""lsf"":{""count"":""4"",""minimum"":""7"",""median"":""7"",""maximum"":""7"",""median_absolute_deviation"":""0""},""paired_difference"":{""count"":""4"",""minimum"":""-17"",""median"":""-17"",""maximum"":""-17"",""median_absolute_deviation"":""0""},""lower"":4,""equal"":0,""higher"":0}}"
8,ready,after,child.fd_count,count,"[{""pair"":0,""first_arm"":""native"",""native_group"":2,""lsf_group"":3,""native"":""88"",""lsf"":""24"",""lsf_minus_native"":""-64"",""percent_of_native"":""-72.727273""},{""pair"":1,""first_arm"":""native"",""native_group"":0,""lsf_group"":1,""native"":""88"",""lsf"":""24"",""lsf_minus_native"":""-64"",""percent_of_native"":""-72.727273""},{""pair"":2,""first_arm"":""lsf"",""native_group"":5,""lsf_group"":4,""native"":""88"",""lsf"":""24"",""lsf_minus_native"":""-64"",""percent_of_native"":""-72.727273""},{""pair"":3,""first_arm"":""lsf"",""native_group"":3,""lsf_group"":2,""native"":""88"",""lsf"":""24"",""lsf_minus_native"":""-64"",""percent_of_native"":""-72.727273""},{""pair"":4,""first_arm"":""lsf"",""native_group"":1,""lsf_group"":0,""native"":""88"",""lsf"":""24"",""lsf_minus_native"":""-64"",""percent_of_native"":""-72.727273""},{""pair"":5,""first_arm"":""native"",""native_group"":4,""lsf_group"":5,""native"":""88"",""lsf"":""24"",""lsf_minus_native"":""-64"",""percent_of_native"":""-72.727273""},{""pair"":6,""first_arm"":""native"",""native_group"":2,""lsf_group"":3,""native"":""88"",""lsf"":""24"",""lsf_minus_native"":""-64"",""percent_of_native"":""-72.727273""}]",7,7,0,"{""count"":""7"",""minimum"":""88"",""median"":""88"",""maximum"":""88"",""median_absolute_deviation"":""0""}","{""count"":""7"",""minimum"":""24"",""median"":""24"",""maximum"":""24"",""median_absolute_deviation"":""0""}","{""count"":""7"",""minimum"":""-64"",""median"":""-64"",""maximum"":""-64"",""median_absolute_deviation"":""0""}",7,0,0,"{""lsf"":{""pair_count"":3,""available_pairs"":3,""unavailable_pairs"":0,""native"":{""count"":""3"",""minimum"":""88"",""median"":""88"",""maximum"":""88"",""median_absolute_deviation"":""0""},""lsf"":{""count"":""3"",""minimum"":""24"",""median"":""24"",""maximum"":""24"",""median_absolute_deviation"":""0""},""paired_difference"":{""count"":""3"",""minimum"":""-64"",""median"":""-64"",""maximum"":""-64"",""median_absolute_deviation"":""0""},""lower"":3,""equal"":0,""higher"":0},""native"":{""pair_count"":4,""available_pairs"":4,""unavailable_pairs"":0,""native"":{""count"":""4"",""minimum"":""88"",""median"":""88"",""maximum"":""88"",""median_absolute_deviation"":""0""},""lsf"":{""count"":""4"",""minimum"":""24"",""median"":""24"",""maximum"":""24"",""median_absolute_deviation"":""0""},""paired_difference"":{""count"":""4"",""minimum"":""-64"",""median"":""-64"",""maximum"":""-64"",""median_absolute_deviation"":""0""},""lower"":4,""equal"":0,""higher"":0}}"
8,ready,after,child.listener_count,count,"[{""pair"":0,""first_arm"":""native"",""native_group"":2,""lsf_group"":3,""native"":""8"",""lsf"":""1"",""lsf_minus_native"":""-7"",""percent_of_native"":""-87.5""},{""pair"":1,""first_arm"":""native"",""native_group"":0,""lsf_group"":1,""native"":""8"",""lsf"":""1"",""lsf_minus_native"":""-7"",""percent_of_native"":""-87.5""},{""pair"":2,""first_arm"":""lsf"",""native_group"":5,""lsf_group"":4,""native"":""8"",""lsf"":""1"",""lsf_minus_native"":""-7"",""percent_of_native"":""-87.5""},{""pair"":3,""first_arm"":""lsf"",""native_group"":3,""lsf_group"":2,""native"":""8"",""lsf"":""1"",""lsf_minus_native"":""-7"",""percent_of_native"":""-87.5""},{""pair"":4,""first_arm"":""lsf"",""native_group"":1,""lsf_group"":0,""native"":""8"",""lsf"":""1"",""lsf_minus_native"":""-7"",""percent_of_native"":""-87.5""},{""pair"":5,""first_arm"":""native"",""native_group"":4,""lsf_group"":5,""native"":""8"",""lsf"":""1"",""lsf_minus_native"":""-7"",""percent_of_native"":""-87.5""},{""pair"":6,""first_arm"":""native"",""native_group"":2,""lsf_group"":3,""native"":""8"",""lsf"":""1"",""lsf_minus_native"":""-7"",""percent_of_native"":""-87.5""}]",7,7,0,"{""count"":""7"",""minimum"":""8"",""median"":""8"",""maximum"":""8"",""median_absolute_deviation"":""0""}","{""count"":""7"",""minimum"":""1"",""median"":""1"",""maximum"":""1"",""median_absolute_deviation"":""0""}","{""count"":""7"",""minimum"":""-7"",""median"":""-7"",""maximum"":""-7"",""median_absolute_deviation"":""0""}",7,0,0,"{""lsf"":{""pair_count"":3,""available_pairs"":3,""unavailable_pairs"":0,""native"":{""count"":""3"",""minimum"":""8"",""median"":""8"",""maximum"":""8"",""median_absolute_deviation"":""0""},""lsf"":{""count"":""3"",""minimum"":""1"",""median"":""1"",""maximum"":""1"",""median_absolute_deviation"":""0""},""paired_difference"":{""count"":""3"",""minimum"":""-7"",""median"":""-7"",""maximum"":""-7"",""median_absolute_deviation"":""0""},""lower"":3,""equal"":0,""higher"":0},""native"":{""pair_count"":4,""available_pairs"":4,""unavailable_pairs"":0,""native"":{""count"":""4"",""minimum"":""8"",""median"":""8"",""maximum"":""8"",""median_absolute_deviation"":""0""},""lsf"":{""count"":""4"",""minimum"":""1"",""median"":""1"",""maximum"":""1"",""median_absolute_deviation"":""0""},""paired_difference"":{""count"":""4"",""minimum"":""-7"",""median"":""-7"",""maximum"":""-7"",""median_absolute_deviation"":""0""},""lower"":4,""equal"":0,""higher"":0}}"
8,ready,after,wrapper.rss_bytes,bytes,"[{""pair"":0,""first_arm"":""native"",""native_group"":2,""lsf_group"":3,""native"":""30146560"",""lsf"":""4063232"",""lsf_minus_native"":""-26083328"",""percent_of_native"":""-86.521739""},{""pair"":1,""first_arm"":""native"",""native_group"":0,""lsf_group"":1,""native"":""30408704"",""lsf"":""3932160"",""lsf_minus_native"":""-26476544"",""percent_of_native"":""-87.068966""},{""pair"":2,""first_arm"":""lsf"",""native_group"":5,""lsf_group"":4,""native"":""29753344"",""lsf"":""3932160"",""lsf_minus_native"":""-25821184"",""percent_of_native"":""-86.784141""},{""pair"":3,""first_arm"":""lsf"",""native_group"":3,""lsf_group"":2,""native"":""30277632"",""lsf"":""3932160"",""lsf_minus_native"":""-26345472"",""percent_of_native"":""-87.012987""},{""pair"":4,""first_arm"":""lsf"",""native_group"":1,""lsf_group"":0,""native"":""30670848"",""lsf"":""4063232"",""lsf_minus_native"":""-26607616"",""percent_of_native"":""-86.752137""},{""pair"":5,""first_arm"":""native"",""native_group"":4,""lsf_group"":5,""native"":""30539776"",""lsf"":""4194304"",""lsf_minus_native"":""-26345472"",""percent_of_native"":""-86.266094""},{""pair"":6,""first_arm"":""native"",""native_group"":2,""lsf_group"":3,""native"":""30146560"",""lsf"":""4194304"",""lsf_minus_native"":""-25952256"",""percent_of_native"":""-86.086957""}]",7,7,0,"{""count"":""7"",""minimum"":""29753344"",""median"":""30277632"",""maximum"":""30670848"",""median_absolute_deviation"":""131072""}","{""count"":""7"",""minimum"":""3932160"",""median"":""4063232"",""maximum"":""4194304"",""median_absolute_deviation"":""131072""}","{""count"":""7"",""minimum"":""-26607616"",""median"":""-26345472"",""maximum"":""-25821184"",""median_absolute_deviation"":""262144""}",7,0,0,"{""lsf"":{""pair_count"":3,""available_pairs"":3,""unavailable_pairs"":0,""native"":{""count"":""3"",""minimum"":""29753344"",""median"":""30277632"",""maximum"":""30670848"",""median_absolute_deviation"":""393216""},""lsf"":{""count"":""3"",""minimum"":""3932160"",""median"":""3932160"",""maximum"":""4063232"",""median_absolute_deviation"":""0""},""paired_difference"":{""count"":""3"",""minimum"":""-26607616"",""median"":""-26345472"",""maximum"":""-25821184"",""median_absolute_deviation"":""262144""},""lower"":3,""equal"":0,""higher"":0},""native"":{""pair_count"":4,""available_pairs"":4,""unavailable_pairs"":0,""native"":{""count"":""4"",""minimum"":""30146560"",""median"":""30277632"",""maximum"":""30539776"",""median_absolute_deviation"":""131072""},""lsf"":{""count"":""4"",""minimum"":""3932160"",""median"":""4128768"",""maximum"":""4194304"",""median_absolute_deviation"":""65536""},""paired_difference"":{""count"":""4"",""minimum"":""-26476544"",""median"":""-26214400"",""maximum"":""-25952256"",""median_absolute_deviation"":""196608""},""lower"":4,""equal"":0,""higher"":0}}"
8,ready,after,wrapper.threads,count,"[{""pair"":0,""first_arm"":""native"",""native_group"":2,""lsf_group"":3,""native"":""24"",""lsf"":""3"",""lsf_minus_native"":""-21"",""percent_of_native"":""-87.5""},{""pair"":1,""first_arm"":""native"",""native_group"":0,""lsf_group"":1,""native"":""24"",""lsf"":""3"",""lsf_minus_native"":""-21"",""percent_of_native"":""-87.5""},{""pair"":2,""first_arm"":""lsf"",""native_group"":5,""lsf_group"":4,""native"":""24"",""lsf"":""3"",""lsf_minus_native"":""-21"",""percent_of_native"":""-87.5""},{""pair"":3,""first_arm"":""lsf"",""native_group"":3,""lsf_group"":2,""native"":""24"",""lsf"":""3"",""lsf_minus_native"":""-21"",""percent_of_native"":""-87.5""},{""pair"":4,""first_arm"":""lsf"",""native_group"":1,""lsf_group"":0,""native"":""24"",""lsf"":""3"",""lsf_minus_native"":""-21"",""percent_of_native"":""-87.5""},{""pair"":5,""first_arm"":""native"",""native_group"":4,""lsf_group"":5,""native"":""24"",""lsf"":""3"",""lsf_minus_native"":""-21"",""percent_of_native"":""-87.5""},{""pair"":6,""first_arm"":""native"",""native_group"":2,""lsf_group"":3,""native"":""24"",""lsf"":""3"",""lsf_minus_native"":""-21"",""percent_of_native"":""-87.5""}]",7,7,0,"{""count"":""7"",""minimum"":""24"",""median"":""24"",""maximum"":""24"",""median_absolute_deviation"":""0""}","{""count"":""7"",""minimum"":""3"",""median"":""3"",""maximum"":""3"",""median_absolute_deviation"":""0""}","{""count"":""7"",""minimum"":""-21"",""median"":""-21"",""maximum"":""-21"",""median_absolute_deviation"":""0""}",7,0,0,"{""lsf"":{""pair_count"":3,""available_pairs"":3,""unavailable_pairs"":0,""native"":{""count"":""3"",""minimum"":""24"",""median"":""24"",""maximum"":""24"",""median_absolute_deviation"":""0""},""lsf"":{""count"":""3"",""minimum"":""3"",""median"":""3"",""maximum"":""3"",""median_absolute_deviation"":""0""},""paired_difference"":{""count"":""3"",""minimum"":""-21"",""median"":""-21"",""maximum"":""-21"",""median_absolute_deviation"":""0""},""lower"":3,""equal"":0,""higher"":0},""native"":{""pair_count"":4,""available_pairs"":4,""unavailable_pairs"":0,""native"":{""count"":""4"",""minimum"":""24"",""median"":""24"",""maximum"":""24"",""median_absolute_deviation"":""0""},""lsf"":{""count"":""4"",""minimum"":""3"",""median"":""3"",""maximum"":""3"",""median_absolute_deviation"":""0""},""paired_difference"":{""count"":""4"",""minimum"":""-21"",""median"":""-21"",""maximum"":""-21"",""median_absolute_deviation"":""0""},""lower"":4,""equal"":0,""higher"":0}}"
8,ready,after,wrapper.fd_count,count,"[{""pair"":0,""first_arm"":""native"",""native_group"":2,""lsf_group"":3,""native"":""152"",""lsf"":""33"",""lsf_minus_native"":""-119"",""percent_of_native"":""-78.289474""},{""pair"":1,""first_arm"":""native"",""native_group"":0,""lsf_group"":1,""native"":""152"",""lsf"":""33"",""lsf_minus_native"":""-119"",""percent_of_native"":""-78.289474""},{""pair"":2,""first_arm"":""lsf"",""native_group"":5,""lsf_group"":4,""native"":""152"",""lsf"":""33"",""lsf_minus_native"":""-119"",""percent_of_native"":""-78.289474""},{""pair"":3,""first_arm"":""lsf"",""native_group"":3,""lsf_group"":2,""native"":""152"",""lsf"":""33"",""lsf_minus_native"":""-119"",""percent_of_native"":""-78.289474""},{""pair"":4,""first_arm"":""lsf"",""native_group"":1,""lsf_group"":0,""native"":""152"",""lsf"":""33"",""lsf_minus_native"":""-119"",""percent_of_native"":""-78.289474""},{""pair"":5,""first_arm"":""native"",""native_group"":4,""lsf_group"":5,""native"":""152"",""lsf"":""33"",""lsf_minus_native"":""-119"",""percent_of_native"":""-78.289474""},{""pair"":6,""first_arm"":""native"",""native_group"":2,""lsf_group"":3,""native"":""152"",""lsf"":""33"",""lsf_minus_native"":""-119"",""percent_of_native"":""-78.289474""}]",7,7,0,"{""count"":""7"",""minimum"":""152"",""median"":""152"",""maximum"":""152"",""median_absolute_deviation"":""0""}","{""count"":""7"",""minimum"":""33"",""median"":""33"",""maximum"":""33"",""median_absolute_deviation"":""0""}","{""count"":""7"",""minimum"":""-119"",""median"":""-119"",""maximum"":""-119"",""median_absolute_deviation"":""0""}",7,0,0,"{""lsf"":{""pair_count"":3,""available_pairs"":3,""unavailable_pairs"":0,""native"":{""count"":""3"",""minimum"":""152"",""median"":""152"",""maximum"":""152"",""median_absolute_deviation"":""0""},""lsf"":{""count"":""3"",""minimum"":""33"",""median"":""33"",""maximum"":""33"",""median_absolute_deviation"":""0""},""paired_difference"":{""count"":""3"",""minimum"":""-119"",""median"":""-119"",""maximum"":""-119"",""median_absolute_deviation"":""0""},""lower"":3,""equal"":0,""higher"":0},""native"":{""pair_count"":4,""available_pairs"":4,""unavailable_pairs"":0,""native"":{""count"":""4"",""minimum"":""152"",""median"":""152"",""maximum"":""152"",""median_absolute_deviation"":""0""},""lsf"":{""count"":""4"",""minimum"":""33"",""median"":""33"",""maximum"":""33"",""median_absolute_deviation"":""0""},""paired_difference"":{""count"":""4"",""minimum"":""-119"",""median"":""-119"",""maximum"":""-119"",""median_absolute_deviation"":""0""},""lower"":4,""equal"":0,""higher"":0}}"
8,ready,after,wrapper.listener_count,count,"[{""pair"":0,""first_arm"":""native"",""native_group"":2,""lsf_group"":3,""native"":""8"",""lsf"":""1"",""lsf_minus_native"":""-7"",""percent_of_native"":""-87.5""},{""pair"":1,""first_arm"":""native"",""native_group"":0,""lsf_group"":1,""native"":""8"",""lsf"":""1"",""lsf_minus_native"":""-7"",""percent_of_native"":""-87.5""},{""pair"":2,""first_arm"":""lsf"",""native_group"":5,""lsf_group"":4,""native"":""8"",""lsf"":""1"",""lsf_minus_native"":""-7"",""percent_of_native"":""-87.5""},{""pair"":3,""first_arm"":""lsf"",""native_group"":3,""lsf_group"":2,""native"":""8"",""lsf"":""1"",""lsf_minus_native"":""-7"",""percent_of_native"":""-87.5""},{""pair"":4,""first_arm"":""lsf"",""native_group"":1,""lsf_group"":0,""native"":""8"",""lsf"":""1"",""lsf_minus_native"":""-7"",""percent_of_native"":""-87.5""},{""pair"":5,""first_arm"":""native"",""native_group"":4,""lsf_group"":5,""native"":""8"",""lsf"":""1"",""lsf_minus_native"":""-7"",""percent_of_native"":""-87.5""},{""pair"":6,""first_arm"":""native"",""native_group"":2,""lsf_group"":3,""native"":""8"",""lsf"":""1"",""lsf_minus_native"":""-7"",""percent_of_native"":""-87.5""}]",7,7,0,"{""count"":""7"",""minimum"":""8"",""median"":""8"",""maximum"":""8"",""median_absolute_deviation"":""0""}","{""count"":""7"",""minimum"":""1"",""median"":""1"",""maximum"":""1"",""median_absolute_deviation"":""0""}","{""count"":""7"",""minimum"":""-7"",""median"":""-7"",""maximum"":""-7"",""median_absolute_deviation"":""0""}",7,0,0,"{""lsf"":{""pair_count"":3,""available_pairs"":3,""unavailable_pairs"":0,""native"":{""count"":""3"",""minimum"":""8"",""median"":""8"",""maximum"":""8"",""median_absolute_deviation"":""0""},""lsf"":{""count"":""3"",""minimum"":""1"",""median"":""1"",""maximum"":""1"",""median_absolute_deviation"":""0""},""paired_difference"":{""count"":""3"",""minimum"":""-7"",""median"":""-7"",""maximum"":""-7"",""median_absolute_deviation"":""0""},""lower"":3,""equal"":0,""higher"":0},""native"":{""pair_count"":4,""available_pairs"":4,""unavailable_pairs"":0,""native"":{""count"":""4"",""minimum"":""8"",""median"":""8"",""maximum"":""8"",""median_absolute_deviation"":""0""},""lsf"":{""count"":""4"",""minimum"":""1"",""median"":""1"",""maximum"":""1"",""median_absolute_deviation"":""0""},""paired_difference"":{""count"":""4"",""minimum"":""-7"",""median"":""-7"",""maximum"":""-7"",""median_absolute_deviation"":""0""},""lower"":4,""equal"":0,""higher"":0}}"
8,ready,after,cgroup.memory_current_bytes,bytes,"[{""pair"":0,""first_arm"":""native"",""native_group"":2,""lsf_group"":3,""native"":""14233600"",""lsf"":""3514368"",""lsf_minus_native"":""-10719232"",""percent_of_native"":""-75.309353""},{""pair"":1,""first_arm"":""native"",""native_group"":0,""lsf_group"":1,""native"":""14192640"",""lsf"":""3473408"",""lsf_minus_native"":""-10719232"",""percent_of_native"":""-75.526696""},{""pair"":2,""first_arm"":""lsf"",""native_group"":5,""lsf_group"":4,""native"":""14225408"",""lsf"":""3510272"",""lsf_minus_native"":""-10715136"",""percent_of_native"":""-75.323927""},{""pair"":3,""first_arm"":""lsf"",""native_group"":3,""lsf_group"":2,""native"":""14221312"",""lsf"":""3489792"",""lsf_minus_native"":""-10731520"",""percent_of_native"":""-75.460829""},{""pair"":4,""first_arm"":""lsf"",""native_group"":1,""lsf_group"":0,""native"":""14180352"",""lsf"":""3489792"",""lsf_minus_native"":""-10690560"",""percent_of_native"":""-75.389948""},{""pair"":5,""first_arm"":""native"",""native_group"":4,""lsf_group"":5,""native"":""14229504"",""lsf"":""3514368"",""lsf_minus_native"":""-10715136"",""percent_of_native"":""-75.302245""},{""pair"":6,""first_arm"":""native"",""native_group"":2,""lsf_group"":3,""native"":""14209024"",""lsf"":""3514368"",""lsf_minus_native"":""-10694656"",""percent_of_native"":""-75.266647""}]",7,7,0,"{""count"":""7"",""minimum"":""14180352"",""median"":""14221312"",""maximum"":""14233600"",""median_absolute_deviation"":""12288""}","{""count"":""7"",""minimum"":""3473408"",""median"":""3510272"",""maximum"":""3514368"",""median_absolute_deviation"":""4096""}","{""count"":""7"",""minimum"":""-10731520"",""median"":""-10715136"",""maximum"":""-10690560"",""median_absolute_deviation"":""4096""}",7,0,0,"{""lsf"":{""pair_count"":3,""available_pairs"":3,""unavailable_pairs"":0,""native"":{""count"":""3"",""minimum"":""14180352"",""median"":""14221312"",""maximum"":""14225408"",""median_absolute_deviation"":""4096""},""lsf"":{""count"":""3"",""minimum"":""3489792"",""median"":""3489792"",""maximum"":""3510272"",""median_absolute_deviation"":""0""},""paired_difference"":{""count"":""3"",""minimum"":""-10731520"",""median"":""-10715136"",""maximum"":""-10690560"",""median_absolute_deviation"":""16384""},""lower"":3,""equal"":0,""higher"":0},""native"":{""pair_count"":4,""available_pairs"":4,""unavailable_pairs"":0,""native"":{""count"":""4"",""minimum"":""14192640"",""median"":""14219264"",""maximum"":""14233600"",""median_absolute_deviation"":""12288""},""lsf"":{""count"":""4"",""minimum"":""3473408"",""median"":""3514368"",""maximum"":""3514368"",""median_absolute_deviation"":""0""},""paired_difference"":{""count"":""4"",""minimum"":""-10719232"",""median"":""-10717184"",""maximum"":""-10694656"",""median_absolute_deviation"":""2048""},""lower"":4,""equal"":0,""higher"":0}}"
8,ready,after,cgroup.sum_leaf_lifetime_memory_peak_bytes,bytes,"[{""pair"":0,""first_arm"":""native"",""native_group"":2,""lsf_group"":3,""native"":""49389568"",""lsf"":""6819840"",""lsf_minus_native"":""-42569728"",""percent_of_native"":""-86.19174""},{""pair"":1,""first_arm"":""native"",""native_group"":0,""lsf_group"":1,""native"":""50491392"",""lsf"":""6955008"",""lsf_minus_native"":""-43536384"",""percent_of_native"":""-86.225359""},{""pair"":2,""first_arm"":""lsf"",""native_group"":5,""lsf_group"":4,""native"":""48455680"",""lsf"":""7450624"",""lsf_minus_native"":""-41005056"",""percent_of_native"":""-84.623838""},{""pair"":3,""first_arm"":""lsf"",""native_group"":3,""lsf_group"":2,""native"":""50155520"",""lsf"":""6828032"",""lsf_minus_native"":""-43327488"",""percent_of_native"":""-86.38628""},{""pair"":4,""first_arm"":""lsf"",""native_group"":1,""lsf_group"":0,""native"":""49991680"",""lsf"":""7188480"",""lsf_minus_native"":""-42803200"",""percent_of_native"":""-85.620647""},{""pair"":5,""first_arm"":""native"",""native_group"":4,""lsf_group"":5,""native"":""49799168"",""lsf"":""6959104"",""lsf_minus_native"":""-42840064"",""percent_of_native"":""-86.025662""},{""pair"":6,""first_arm"":""native"",""native_group"":2,""lsf_group"":3,""native"":""49201152"",""lsf"":""7921664"",""lsf_minus_native"":""-41279488"",""percent_of_native"":""-83.899434""}]",7,7,0,"{""count"":""7"",""minimum"":""48455680"",""median"":""49799168"",""maximum"":""50491392"",""median_absolute_deviation"":""409600""}","{""count"":""7"",""minimum"":""6819840"",""median"":""6959104"",""maximum"":""7921664"",""median_absolute_deviation"":""139264""}","{""count"":""7"",""minimum"":""-43536384"",""median"":""-42803200"",""maximum"":""-41005056"",""median_absolute_deviation"":""524288""}",7,0,0,"{""lsf"":{""pair_count"":3,""available_pairs"":3,""unavailable_pairs"":0,""native"":{""count"":""3"",""minimum"":""48455680"",""median"":""49991680"",""maximum"":""50155520"",""median_absolute_deviation"":""163840""},""lsf"":{""count"":""3"",""minimum"":""6828032"",""median"":""7188480"",""maximum"":""7450624"",""median_absolute_deviation"":""262144""},""paired_difference"":{""count"":""3"",""minimum"":""-43327488"",""median"":""-42803200"",""maximum"":""-41005056"",""median_absolute_deviation"":""524288""},""lower"":3,""equal"":0,""higher"":0},""native"":{""pair_count"":4,""available_pairs"":4,""unavailable_pairs"":0,""native"":{""count"":""4"",""minimum"":""49201152"",""median"":""49594368"",""maximum"":""50491392"",""median_absolute_deviation"":""299008""},""lsf"":{""count"":""4"",""minimum"":""6819840"",""median"":""6957056"",""maximum"":""7921664"",""median_absolute_deviation"":""69632""},""paired_difference"":{""count"":""4"",""minimum"":""-43536384"",""median"":""-42704896"",""maximum"":""-41279488"",""median_absolute_deviation"":""483328""},""lower"":4,""equal"":0,""higher"":0}}"
8,ready,after,cgroup.memory_swap_current_bytes,bytes,"[{""pair"":0,""first_arm"":""native"",""native_group"":2,""lsf_group"":3,""native"":""0"",""lsf"":""0"",""lsf_minus_native"":""0"",""percent_of_native"":null},{""pair"":1,""first_arm"":""native"",""native_group"":0,""lsf_group"":1,""native"":""0"",""lsf"":""0"",""lsf_minus_native"":""0"",""percent_of_native"":null},{""pair"":2,""first_arm"":""lsf"",""native_group"":5,""lsf_group"":4,""native"":""0"",""lsf"":""0"",""lsf_minus_native"":""0"",""percent_of_native"":null},{""pair"":3,""first_arm"":""lsf"",""native_group"":3,""lsf_group"":2,""native"":""0"",""lsf"":""0"",""lsf_minus_native"":""0"",""percent_of_native"":null},{""pair"":4,""first_arm"":""lsf"",""native_group"":1,""lsf_group"":0,""native"":""0"",""lsf"":""0"",""lsf_minus_native"":""0"",""percent_of_native"":null},{""pair"":5,""first_arm"":""native"",""native_group"":4,""lsf_group"":5,""native"":""0"",""lsf"":""0"",""lsf_minus_native"":""0"",""percent_of_native"":null},{""pair"":6,""first_arm"":""native"",""native_group"":2,""lsf_group"":3,""native"":""0"",""lsf"":""0"",""lsf_minus_native"":""0"",""percent_of_native"":null}]",7,7,0,"{""count"":""7"",""minimum"":""0"",""median"":""0"",""maximum"":""0"",""median_absolute_deviation"":""0""}","{""count"":""7"",""minimum"":""0"",""median"":""0"",""maximum"":""0"",""median_absolute_deviation"":""0""}","{""count"":""7"",""minimum"":""0"",""median"":""0"",""maximum"":""0"",""median_absolute_deviation"":""0""}",0,7,0,"{""lsf"":{""pair_count"":3,""available_pairs"":3,""unavailable_pairs"":0,""native"":{""count"":""3"",""minimum"":""0"",""median"":""0"",""maximum"":""0"",""median_absolute_deviation"":""0""},""lsf"":{""count"":""3"",""minimum"":""0"",""median"":""0"",""maximum"":""0"",""median_absolute_deviation"":""0""},""paired_difference"":{""count"":""3"",""minimum"":""0"",""median"":""0"",""maximum"":""0"",""median_absolute_deviation"":""0""},""lower"":0,""equal"":3,""higher"":0},""native"":{""pair_count"":4,""available_pairs"":4,""unavailable_pairs"":0,""native"":{""count"":""4"",""minimum"":""0"",""median"":""0"",""maximum"":""0"",""median_absolute_deviation"":""0""},""lsf"":{""count"":""4"",""minimum"":""0"",""median"":""0"",""maximum"":""0"",""median_absolute_deviation"":""0""},""paired_difference"":{""count"":""4"",""minimum"":""0"",""median"":""0"",""maximum"":""0"",""median_absolute_deviation"":""0""},""lower"":0,""equal"":4,""higher"":0}}"
8,ready,after,cgroup.pids_current,count,"[{""pair"":0,""first_arm"":""native"",""native_group"":2,""lsf_group"":3,""native"":""48"",""lsf"":""10"",""lsf_minus_native"":""-38"",""percent_of_native"":""-79.166667""},{""pair"":1,""first_arm"":""native"",""native_group"":0,""lsf_group"":1,""native"":""48"",""lsf"":""10"",""lsf_minus_native"":""-38"",""percent_of_native"":""-79.166667""},{""pair"":2,""first_arm"":""lsf"",""native_group"":5,""lsf_group"":4,""native"":""48"",""lsf"":""10"",""lsf_minus_native"":""-38"",""percent_of_native"":""-79.166667""},{""pair"":3,""first_arm"":""lsf"",""native_group"":3,""lsf_group"":2,""native"":""48"",""lsf"":""10"",""lsf_minus_native"":""-38"",""percent_of_native"":""-79.166667""},{""pair"":4,""first_arm"":""lsf"",""native_group"":1,""lsf_group"":0,""native"":""48"",""lsf"":""10"",""lsf_minus_native"":""-38"",""percent_of_native"":""-79.166667""},{""pair"":5,""first_arm"":""native"",""native_group"":4,""lsf_group"":5,""native"":""48"",""lsf"":""10"",""lsf_minus_native"":""-38"",""percent_of_native"":""-79.166667""},{""pair"":6,""first_arm"":""native"",""native_group"":2,""lsf_group"":3,""native"":""48"",""lsf"":""10"",""lsf_minus_native"":""-38"",""percent_of_native"":""-79.166667""}]",7,7,0,"{""count"":""7"",""minimum"":""48"",""median"":""48"",""maximum"":""48"",""median_absolute_deviation"":""0""}","{""count"":""7"",""minimum"":""10"",""median"":""10"",""maximum"":""10"",""median_absolute_deviation"":""0""}","{""count"":""7"",""minimum"":""-38"",""median"":""-38"",""maximum"":""-38"",""median_absolute_deviation"":""0""}",7,0,0,"{""lsf"":{""pair_count"":3,""available_pairs"":3,""unavailable_pairs"":0,""native"":{""count"":""3"",""minimum"":""48"",""median"":""48"",""maximum"":""48"",""median_absolute_deviation"":""0""},""lsf"":{""count"":""3"",""minimum"":""10"",""median"":""10"",""maximum"":""10"",""median_absolute_deviation"":""0""},""paired_difference"":{""count"":""3"",""minimum"":""-38"",""median"":""-38"",""maximum"":""-38"",""median_absolute_deviation"":""0""},""lower"":3,""equal"":0,""higher"":0},""native"":{""pair_count"":4,""available_pairs"":4,""unavailable_pairs"":0,""native"":{""count"":""4"",""minimum"":""48"",""median"":""48"",""maximum"":""48"",""median_absolute_deviation"":""0""},""lsf"":{""count"":""4"",""minimum"":""10"",""median"":""10"",""maximum"":""10"",""median_absolute_deviation"":""0""},""paired_difference"":{""count"":""4"",""minimum"":""-38"",""median"":""-38"",""maximum"":""-38"",""median_absolute_deviation"":""0""},""lower"":4,""equal"":0,""higher"":0}}"
8,ready,after,cgroup.cpu.usage_usec,us,"[{""pair"":0,""first_arm"":""native"",""native_group"":2,""lsf_group"":3,""native"":""552588"",""lsf"":""94008"",""lsf_minus_native"":""-458580"",""percent_of_native"":""-82.987687""},{""pair"":1,""first_arm"":""native"",""native_group"":0,""lsf_group"":1,""native"":""678270"",""lsf"":""93586"",""lsf_minus_native"":""-584684"",""percent_of_native"":""-86.20225""},{""pair"":2,""first_arm"":""lsf"",""native_group"":5,""lsf_group"":4,""native"":""544853"",""lsf"":""86277"",""lsf_minus_native"":""-458576"",""percent_of_native"":""-84.165087""},{""pair"":3,""first_arm"":""lsf"",""native_group"":3,""lsf_group"":2,""native"":""548989"",""lsf"":""94530"",""lsf_minus_native"":""-454459"",""percent_of_native"":""-82.781076""},{""pair"":4,""first_arm"":""lsf"",""native_group"":1,""lsf_group"":0,""native"":""542295"",""lsf"":""87389"",""lsf_minus_native"":""-454906"",""percent_of_native"":""-83.885339""},{""pair"":5,""first_arm"":""native"",""native_group"":4,""lsf_group"":5,""native"":""533335"",""lsf"":""93440"",""lsf_minus_native"":""-439895"",""percent_of_native"":""-82.480055""},{""pair"":6,""first_arm"":""native"",""native_group"":2,""lsf_group"":3,""native"":""555715"",""lsf"":""92703"",""lsf_minus_native"":""-463012"",""percent_of_native"":""-83.318248""}]",7,7,0,"{""count"":""7"",""minimum"":""533335"",""median"":""548989"",""maximum"":""678270"",""median_absolute_deviation"":""6694""}","{""count"":""7"",""minimum"":""86277"",""median"":""93440"",""maximum"":""94530"",""median_absolute_deviation"":""737""}","{""count"":""7"",""minimum"":""-584684"",""median"":""-458576"",""maximum"":""-439895"",""median_absolute_deviation"":""4117""}",7,0,0,"{""lsf"":{""pair_count"":3,""available_pairs"":3,""unavailable_pairs"":0,""native"":{""count"":""3"",""minimum"":""542295"",""median"":""544853"",""maximum"":""548989"",""median_absolute_deviation"":""2558""},""lsf"":{""count"":""3"",""minimum"":""86277"",""median"":""87389"",""maximum"":""94530"",""median_absolute_deviation"":""1112""},""paired_difference"":{""count"":""3"",""minimum"":""-458576"",""median"":""-454906"",""maximum"":""-454459"",""median_absolute_deviation"":""447""},""lower"":3,""equal"":0,""higher"":0},""native"":{""pair_count"":4,""available_pairs"":4,""unavailable_pairs"":0,""native"":{""count"":""4"",""minimum"":""533335"",""median"":""554151.5"",""maximum"":""678270"",""median_absolute_deviation"":""11190""},""lsf"":{""count"":""4"",""minimum"":""92703"",""median"":""93513"",""maximum"":""94008"",""median_absolute_deviation"":""284""},""paired_difference"":{""count"":""4"",""minimum"":""-584684"",""median"":""-460796"",""maximum"":""-439895"",""median_absolute_deviation"":""11558.5""},""lower"":4,""equal"":0,""higher"":0}}"
8,ready,after,cgroup.cpu.user_usec,us,"[{""pair"":0,""first_arm"":""native"",""native_group"":2,""lsf_group"":3,""native"":""127424"",""lsf"":""22693"",""lsf_minus_native"":""-104731"",""percent_of_native"":""-82.190953""},{""pair"":1,""first_arm"":""native"",""native_group"":0,""lsf_group"":1,""native"":""192366"",""lsf"":""35094"",""lsf_minus_native"":""-157272"",""percent_of_native"":""-81.756651""},{""pair"":2,""first_arm"":""lsf"",""native_group"":5,""lsf_group"":4,""native"":""115266"",""lsf"":""27245"",""lsf_minus_native"":""-88021"",""percent_of_native"":""-76.363368""},{""pair"":3,""first_arm"":""lsf"",""native_group"":3,""lsf_group"":2,""native"":""122178"",""lsf"":""33739"",""lsf_minus_native"":""-88439"",""percent_of_native"":""-72.385372""},{""pair"":4,""first_arm"":""lsf"",""native_group"":1,""lsf_group"":0,""native"":""109030"",""lsf"":""22579"",""lsf_minus_native"":""-86451"",""percent_of_native"":""-79.291021""},{""pair"":5,""first_arm"":""native"",""native_group"":4,""lsf_group"":5,""native"":""89741"",""lsf"":""33638"",""lsf_minus_native"":""-56103"",""percent_of_native"":""-62.516575""},{""pair"":6,""first_arm"":""native"",""native_group"":2,""lsf_group"":3,""native"":""95663"",""lsf"":""26992"",""lsf_minus_native"":""-68671"",""percent_of_native"":""-71.784284""}]",7,7,0,"{""count"":""7"",""minimum"":""89741"",""median"":""115266"",""maximum"":""192366"",""median_absolute_deviation"":""12158""}","{""count"":""7"",""minimum"":""22579"",""median"":""27245"",""maximum"":""35094"",""median_absolute_deviation"":""4666""}","{""count"":""7"",""minimum"":""-157272"",""median"":""-88021"",""maximum"":""-56103"",""median_absolute_deviation"":""16710""}",7,0,0,"{""lsf"":{""pair_count"":3,""available_pairs"":3,""unavailable_pairs"":0,""native"":{""count"":""3"",""minimum"":""109030"",""median"":""115266"",""maximum"":""122178"",""median_absolute_deviation"":""6236""},""lsf"":{""count"":""3"",""minimum"":""22579"",""median"":""27245"",""maximum"":""33739"",""median_absolute_deviation"":""4666""},""paired_difference"":{""count"":""3"",""minimum"":""-88439"",""median"":""-88021"",""maximum"":""-86451"",""median_absolute_deviation"":""418""},""lower"":3,""equal"":0,""higher"":0},""native"":{""pair_count"":4,""available_pairs"":4,""unavailable_pairs"":0,""native"":{""count"":""4"",""minimum"":""89741"",""median"":""111543.5"",""maximum"":""192366"",""median_absolute_deviation"":""18841.5""},""lsf"":{""count"":""4"",""minimum"":""22693"",""median"":""30315"",""maximum"":""35094"",""median_absolute_deviation"":""4051""},""paired_difference"":{""count"":""4"",""minimum"":""-157272"",""median"":""-86701"",""maximum"":""-56103"",""median_absolute_deviation"":""24314""},""lower"":4,""equal"":0,""higher"":0}}"
8,ready,after,cgroup.cpu.system_usec,us,"[{""pair"":0,""first_arm"":""native"",""native_group"":2,""lsf_group"":3,""native"":""425160"",""lsf"":""71314"",""lsf_minus_native"":""-353846"",""percent_of_native"":""-83.22655""},{""pair"":1,""first_arm"":""native"",""native_group"":0,""lsf_group"":1,""native"":""485901"",""lsf"":""58491"",""lsf_minus_native"":""-427410"",""percent_of_native"":""-87.962363""},{""pair"":2,""first_arm"":""lsf"",""native_group"":5,""lsf_group"":4,""native"":""429583"",""lsf"":""59031"",""lsf_minus_native"":""-370552"",""percent_of_native"":""-86.258534""},{""pair"":3,""first_arm"":""lsf"",""native_group"":3,""lsf_group"":2,""native"":""426804"",""lsf"":""60790"",""lsf_minus_native"":""-366014"",""percent_of_native"":""-85.756928""},{""pair"":4,""first_arm"":""lsf"",""native_group"":1,""lsf_group"":0,""native"":""433260"",""lsf"":""64810"",""lsf_minus_native"":""-368450"",""percent_of_native"":""-85.041315""},{""pair"":5,""first_arm"":""native"",""native_group"":4,""lsf_group"":5,""native"":""443591"",""lsf"":""59801"",""lsf_minus_native"":""-383790"",""percent_of_native"":""-86.518888""},{""pair"":6,""first_arm"":""native"",""native_group"":2,""lsf_group"":3,""native"":""460047"",""lsf"":""65711"",""lsf_minus_native"":""-394336"",""percent_of_native"":""-85.716459""}]",7,7,0,"{""count"":""7"",""minimum"":""425160"",""median"":""433260"",""maximum"":""485901"",""median_absolute_deviation"":""8100""}","{""count"":""7"",""minimum"":""58491"",""median"":""60790"",""maximum"":""71314"",""median_absolute_deviation"":""2299""}","{""count"":""7"",""minimum"":""-427410"",""median"":""-370552"",""maximum"":""-353846"",""median_absolute_deviation"":""13238""}",7,0,0,"{""lsf"":{""pair_count"":3,""available_pairs"":3,""unavailable_pairs"":0,""native"":{""count"":""3"",""minimum"":""426804"",""median"":""429583"",""maximum"":""433260"",""median_absolute_deviation"":""2779""},""lsf"":{""count"":""3"",""minimum"":""59031"",""median"":""60790"",""maximum"":""64810"",""median_absolute_deviation"":""1759""},""paired_difference"":{""count"":""3"",""minimum"":""-370552"",""median"":""-368450"",""maximum"":""-366014"",""median_absolute_deviation"":""2102""},""lower"":3,""equal"":0,""higher"":0},""native"":{""pair_count"":4,""available_pairs"":4,""unavailable_pairs"":0,""native"":{""count"":""4"",""minimum"":""425160"",""median"":""451819"",""maximum"":""485901"",""median_absolute_deviation"":""17443.5""},""lsf"":{""count"":""4"",""minimum"":""58491"",""median"":""62756"",""maximum"":""71314"",""median_absolute_deviation"":""3610""},""paired_difference"":{""count"":""4"",""minimum"":""-427410"",""median"":""-389063"",""maximum"":""-353846"",""median_absolute_deviation"":""20245""},""lower"":4,""equal"":0,""higher"":0}}"
8,ready,after,cgroup.cpu.nr_periods,count,"[{""pair"":0,""first_arm"":""native"",""native_group"":2,""lsf_group"":3,""native"":""54"",""lsf"":""22"",""lsf_minus_native"":""-32"",""percent_of_native"":""-59.259259""},{""pair"":1,""first_arm"":""native"",""native_group"":0,""lsf_group"":1,""native"":""65"",""lsf"":""20"",""lsf_minus_native"":""-45"",""percent_of_native"":""-69.230769""},{""pair"":2,""first_arm"":""lsf"",""native_group"":5,""lsf_group"":4,""native"":""57"",""lsf"":""21"",""lsf_minus_native"":""-36"",""percent_of_native"":""-63.157895""},{""pair"":3,""first_arm"":""lsf"",""native_group"":3,""lsf_group"":2,""native"":""60"",""lsf"":""19"",""lsf_minus_native"":""-41"",""percent_of_native"":""-68.333333""},{""pair"":4,""first_arm"":""lsf"",""native_group"":1,""lsf_group"":0,""native"":""62"",""lsf"":""19"",""lsf_minus_native"":""-43"",""percent_of_native"":""-69.354839""},{""pair"":5,""first_arm"":""native"",""native_group"":4,""lsf_group"":5,""native"":""59"",""lsf"":""24"",""lsf_minus_native"":""-35"",""percent_of_native"":""-59.322034""},{""pair"":6,""first_arm"":""native"",""native_group"":2,""lsf_group"":3,""native"":""61"",""lsf"":""22"",""lsf_minus_native"":""-39"",""percent_of_native"":""-63.934426""}]",7,7,0,"{""count"":""7"",""minimum"":""54"",""median"":""60"",""maximum"":""65"",""median_absolute_deviation"":""2""}","{""count"":""7"",""minimum"":""19"",""median"":""21"",""maximum"":""24"",""median_absolute_deviation"":""1""}","{""count"":""7"",""minimum"":""-45"",""median"":""-39"",""maximum"":""-32"",""median_absolute_deviation"":""4""}",7,0,0,"{""lsf"":{""pair_count"":3,""available_pairs"":3,""unavailable_pairs"":0,""native"":{""count"":""3"",""minimum"":""57"",""median"":""60"",""maximum"":""62"",""median_absolute_deviation"":""2""},""lsf"":{""count"":""3"",""minimum"":""19"",""median"":""19"",""maximum"":""21"",""median_absolute_deviation"":""0""},""paired_difference"":{""count"":""3"",""minimum"":""-43"",""median"":""-41"",""maximum"":""-36"",""median_absolute_deviation"":""2""},""lower"":3,""equal"":0,""higher"":0},""native"":{""pair_count"":4,""available_pairs"":4,""unavailable_pairs"":0,""native"":{""count"":""4"",""minimum"":""54"",""median"":""60"",""maximum"":""65"",""median_absolute_deviation"":""3""},""lsf"":{""count"":""4"",""minimum"":""20"",""median"":""22"",""maximum"":""24"",""median_absolute_deviation"":""1""},""paired_difference"":{""count"":""4"",""minimum"":""-45"",""median"":""-37"",""maximum"":""-32"",""median_absolute_deviation"":""3.5""},""lower"":4,""equal"":0,""higher"":0}}"
8,ready,after,cgroup.cpu.nr_throttled,count,"[{""pair"":0,""first_arm"":""native"",""native_group"":2,""lsf_group"":3,""native"":""0"",""lsf"":""0"",""lsf_minus_native"":""0"",""percent_of_native"":null},{""pair"":1,""first_arm"":""native"",""native_group"":0,""lsf_group"":1,""native"":""0"",""lsf"":""0"",""lsf_minus_native"":""0"",""percent_of_native"":null},{""pair"":2,""first_arm"":""lsf"",""native_group"":5,""lsf_group"":4,""native"":""0"",""lsf"":""0"",""lsf_minus_native"":""0"",""percent_of_native"":null},{""pair"":3,""first_arm"":""lsf"",""native_group"":3,""lsf_group"":2,""native"":""0"",""lsf"":""0"",""lsf_minus_native"":""0"",""percent_of_native"":null},{""pair"":4,""first_arm"":""lsf"",""native_group"":1,""lsf_group"":0,""native"":""0"",""lsf"":""0"",""lsf_minus_native"":""0"",""percent_of_native"":null},{""pair"":5,""first_arm"":""native"",""native_group"":4,""lsf_group"":5,""native"":""0"",""lsf"":""0"",""lsf_minus_native"":""0"",""percent_of_native"":null},{""pair"":6,""first_arm"":""native"",""native_group"":2,""lsf_group"":3,""native"":""0"",""lsf"":""0"",""lsf_minus_native"":""0"",""percent_of_native"":null}]",7,7,0,"{""count"":""7"",""minimum"":""0"",""median"":""0"",""maximum"":""0"",""median_absolute_deviation"":""0""}","{""count"":""7"",""minimum"":""0"",""median"":""0"",""maximum"":""0"",""median_absolute_deviation"":""0""}","{""count"":""7"",""minimum"":""0"",""median"":""0"",""maximum"":""0"",""median_absolute_deviation"":""0""}",0,7,0,"{""lsf"":{""pair_count"":3,""available_pairs"":3,""unavailable_pairs"":0,""native"":{""count"":""3"",""minimum"":""0"",""median"":""0"",""maximum"":""0"",""median_absolute_deviation"":""0""},""lsf"":{""count"":""3"",""minimum"":""0"",""median"":""0"",""maximum"":""0"",""median_absolute_deviation"":""0""},""paired_difference"":{""count"":""3"",""minimum"":""0"",""median"":""0"",""maximum"":""0"",""median_absolute_deviation"":""0""},""lower"":0,""equal"":3,""higher"":0},""native"":{""pair_count"":4,""available_pairs"":4,""unavailable_pairs"":0,""native"":{""count"":""4"",""minimum"":""0"",""median"":""0"",""maximum"":""0"",""median_absolute_deviation"":""0""},""lsf"":{""count"":""4"",""minimum"":""0"",""median"":""0"",""maximum"":""0"",""median_absolute_deviation"":""0""},""paired_difference"":{""count"":""4"",""minimum"":""0"",""median"":""0"",""maximum"":""0"",""median_absolute_deviation"":""0""},""lower"":0,""equal"":4,""higher"":0}}"
8,ready,after,cgroup.cpu.throttled_usec,us,"[{""pair"":0,""first_arm"":""native"",""native_group"":2,""lsf_group"":3,""native"":""0"",""lsf"":""0"",""lsf_minus_native"":""0"",""percent_of_native"":null},{""pair"":1,""first_arm"":""native"",""native_group"":0,""lsf_group"":1,""native"":""0"",""lsf"":""0"",""lsf_minus_native"":""0"",""percent_of_native"":null},{""pair"":2,""first_arm"":""lsf"",""native_group"":5,""lsf_group"":4,""native"":""0"",""lsf"":""0"",""lsf_minus_native"":""0"",""percent_of_native"":null},{""pair"":3,""first_arm"":""lsf"",""native_group"":3,""lsf_group"":2,""native"":""0"",""lsf"":""0"",""lsf_minus_native"":""0"",""percent_of_native"":null},{""pair"":4,""first_arm"":""lsf"",""native_group"":1,""lsf_group"":0,""native"":""0"",""lsf"":""0"",""lsf_minus_native"":""0"",""percent_of_native"":null},{""pair"":5,""first_arm"":""native"",""native_group"":4,""lsf_group"":5,""native"":""0"",""lsf"":""0"",""lsf_minus_native"":""0"",""percent_of_native"":null},{""pair"":6,""first_arm"":""native"",""native_group"":2,""lsf_group"":3,""native"":""0"",""lsf"":""0"",""lsf_minus_native"":""0"",""percent_of_native"":null}]",7,7,0,"{""count"":""7"",""minimum"":""0"",""median"":""0"",""maximum"":""0"",""median_absolute_deviation"":""0""}","{""count"":""7"",""minimum"":""0"",""median"":""0"",""maximum"":""0"",""median_absolute_deviation"":""0""}","{""count"":""7"",""minimum"":""0"",""median"":""0"",""maximum"":""0"",""median_absolute_deviation"":""0""}",0,7,0,"{""lsf"":{""pair_count"":3,""available_pairs"":3,""unavailable_pairs"":0,""native"":{""count"":""3"",""minimum"":""0"",""median"":""0"",""maximum"":""0"",""median_absolute_deviation"":""0""},""lsf"":{""count"":""3"",""minimum"":""0"",""median"":""0"",""maximum"":""0"",""median_absolute_deviation"":""0""},""paired_difference"":{""count"":""3"",""minimum"":""0"",""median"":""0"",""maximum"":""0"",""median_absolute_deviation"":""0""},""lower"":0,""equal"":3,""higher"":0},""native"":{""pair_count"":4,""available_pairs"":4,""unavailable_pairs"":0,""native"":{""count"":""4"",""minimum"":""0"",""median"":""0"",""maximum"":""0"",""median_absolute_deviation"":""0""},""lsf"":{""count"":""4"",""minimum"":""0"",""median"":""0"",""maximum"":""0"",""median_absolute_deviation"":""0""},""paired_difference"":{""count"":""4"",""minimum"":""0"",""median"":""0"",""maximum"":""0"",""median_absolute_deviation"":""0""},""lower"":0,""equal"":4,""higher"":0}}"
8,ready,before,child.rss_bytes,bytes,"[{""pair"":0,""first_arm"":""native"",""native_group"":2,""lsf_group"":3,""native"":""36700160"",""lsf"":""12582912"",""lsf_minus_native"":""-24117248"",""percent_of_native"":""-65.714286""},{""pair"":1,""first_arm"":""native"",""native_group"":0,""lsf_group"":1,""native"":""36700160"",""lsf"":""12451840"",""lsf_minus_native"":""-24248320"",""percent_of_native"":""-66.071429""},{""pair"":2,""first_arm"":""lsf"",""native_group"":5,""lsf_group"":4,""native"":""36700160"",""lsf"":""12582912"",""lsf_minus_native"":""-24117248"",""percent_of_native"":""-65.714286""},{""pair"":3,""first_arm"":""lsf"",""native_group"":3,""lsf_group"":2,""native"":""36962304"",""lsf"":""12713984"",""lsf_minus_native"":""-24248320"",""percent_of_native"":""-65.602837""},{""pair"":4,""first_arm"":""lsf"",""native_group"":1,""lsf_group"":0,""native"":""36306944"",""lsf"":""12189696"",""lsf_minus_native"":""-24117248"",""percent_of_native"":""-66.425993""},{""pair"":5,""first_arm"":""native"",""native_group"":4,""lsf_group"":5,""native"":""36831232"",""lsf"":""12582912"",""lsf_minus_native"":""-24248320"",""percent_of_native"":""-65.836299""},{""pair"":6,""first_arm"":""native"",""native_group"":2,""lsf_group"":3,""native"":""36569088"",""lsf"":""12582912"",""lsf_minus_native"":""-23986176"",""percent_of_native"":""-65.591398""}]",7,7,0,"{""count"":""7"",""minimum"":""36306944"",""median"":""36700160"",""maximum"":""36962304"",""median_absolute_deviation"":""131072""}","{""count"":""7"",""minimum"":""12189696"",""median"":""12582912"",""maximum"":""12713984"",""median_absolute_deviation"":""0""}","{""count"":""7"",""minimum"":""-24248320"",""median"":""-24117248"",""maximum"":""-23986176"",""median_absolute_deviation"":""131072""}",7,0,0,"{""lsf"":{""pair_count"":3,""available_pairs"":3,""unavailable_pairs"":0,""native"":{""count"":""3"",""minimum"":""36306944"",""median"":""36700160"",""maximum"":""36962304"",""median_absolute_deviation"":""262144""},""lsf"":{""count"":""3"",""minimum"":""12189696"",""median"":""12582912"",""maximum"":""12713984"",""median_absolute_deviation"":""131072""},""paired_difference"":{""count"":""3"",""minimum"":""-24248320"",""median"":""-24117248"",""maximum"":""-24117248"",""median_absolute_deviation"":""0""},""lower"":3,""equal"":0,""higher"":0},""native"":{""pair_count"":4,""available_pairs"":4,""unavailable_pairs"":0,""native"":{""count"":""4"",""minimum"":""36569088"",""median"":""36700160"",""maximum"":""36831232"",""median_absolute_deviation"":""65536""},""lsf"":{""count"":""4"",""minimum"":""12451840"",""median"":""12582912"",""maximum"":""12582912"",""median_absolute_deviation"":""0""},""paired_difference"":{""count"":""4"",""minimum"":""-24248320"",""median"":""-24182784"",""maximum"":""-23986176"",""median_absolute_deviation"":""65536""},""lower"":4,""equal"":0,""higher"":0}}"
8,ready,before,child.threads,count,"[{""pair"":0,""first_arm"":""native"",""native_group"":2,""lsf_group"":3,""native"":""24"",""lsf"":""7"",""lsf_minus_native"":""-17"",""percent_of_native"":""-70.833333""},{""pair"":1,""first_arm"":""native"",""native_group"":0,""lsf_group"":1,""native"":""24"",""lsf"":""7"",""lsf_minus_native"":""-17"",""percent_of_native"":""-70.833333""},{""pair"":2,""first_arm"":""lsf"",""native_group"":5,""lsf_group"":4,""native"":""24"",""lsf"":""7"",""lsf_minus_native"":""-17"",""percent_of_native"":""-70.833333""},{""pair"":3,""first_arm"":""lsf"",""native_group"":3,""lsf_group"":2,""native"":""24"",""lsf"":""7"",""lsf_minus_native"":""-17"",""percent_of_native"":""-70.833333""},{""pair"":4,""first_arm"":""lsf"",""native_group"":1,""lsf_group"":0,""native"":""24"",""lsf"":""7"",""lsf_minus_native"":""-17"",""percent_of_native"":""-70.833333""},{""pair"":5,""first_arm"":""native"",""native_group"":4,""lsf_group"":5,""native"":""24"",""lsf"":""7"",""lsf_minus_native"":""-17"",""percent_of_native"":""-70.833333""},{""pair"":6,""first_arm"":""native"",""native_group"":2,""lsf_group"":3,""native"":""24"",""lsf"":""7"",""lsf_minus_native"":""-17"",""percent_of_native"":""-70.833333""}]",7,7,0,"{""count"":""7"",""minimum"":""24"",""median"":""24"",""maximum"":""24"",""median_absolute_deviation"":""0""}","{""count"":""7"",""minimum"":""7"",""median"":""7"",""maximum"":""7"",""median_absolute_deviation"":""0""}","{""count"":""7"",""minimum"":""-17"",""median"":""-17"",""maximum"":""-17"",""median_absolute_deviation"":""0""}",7,0,0,"{""lsf"":{""pair_count"":3,""available_pairs"":3,""unavailable_pairs"":0,""native"":{""count"":""3"",""minimum"":""24"",""median"":""24"",""maximum"":""24"",""median_absolute_deviation"":""0""},""lsf"":{""count"":""3"",""minimum"":""7"",""median"":""7"",""maximum"":""7"",""median_absolute_deviation"":""0""},""paired_difference"":{""count"":""3"",""minimum"":""-17"",""median"":""-17"",""maximum"":""-17"",""median_absolute_deviation"":""0""},""lower"":3,""equal"":0,""higher"":0},""native"":{""pair_count"":4,""available_pairs"":4,""unavailable_pairs"":0,""native"":{""count"":""4"",""minimum"":""24"",""median"":""24"",""maximum"":""24"",""median_absolute_deviation"":""0""},""lsf"":{""count"":""4"",""minimum"":""7"",""median"":""7"",""maximum"":""7"",""median_absolute_deviation"":""0""},""paired_difference"":{""count"":""4"",""minimum"":""-17"",""median"":""-17"",""maximum"":""-17"",""median_absolute_deviation"":""0""},""lower"":4,""equal"":0,""higher"":0}}"
8,ready,before,child.fd_count,count,"[{""pair"":0,""first_arm"":""native"",""native_group"":2,""lsf_group"":3,""native"":""88"",""lsf"":""24"",""lsf_minus_native"":""-64"",""percent_of_native"":""-72.727273""},{""pair"":1,""first_arm"":""native"",""native_group"":0,""lsf_group"":1,""native"":""88"",""lsf"":""24"",""lsf_minus_native"":""-64"",""percent_of_native"":""-72.727273""},{""pair"":2,""first_arm"":""lsf"",""native_group"":5,""lsf_group"":4,""native"":""88"",""lsf"":""24"",""lsf_minus_native"":""-64"",""percent_of_native"":""-72.727273""},{""pair"":3,""first_arm"":""lsf"",""native_group"":3,""lsf_group"":2,""native"":""88"",""lsf"":""24"",""lsf_minus_native"":""-64"",""percent_of_native"":""-72.727273""},{""pair"":4,""first_arm"":""lsf"",""native_group"":1,""lsf_group"":0,""native"":""88"",""lsf"":""24"",""lsf_minus_native"":""-64"",""percent_of_native"":""-72.727273""},{""pair"":5,""first_arm"":""native"",""native_group"":4,""lsf_group"":5,""native"":""88"",""lsf"":""24"",""lsf_minus_native"":""-64"",""percent_of_native"":""-72.727273""},{""pair"":6,""first_arm"":""native"",""native_group"":2,""lsf_group"":3,""native"":""88"",""lsf"":""24"",""lsf_minus_native"":""-64"",""percent_of_native"":""-72.727273""}]",7,7,0,"{""count"":""7"",""minimum"":""88"",""median"":""88"",""maximum"":""88"",""median_absolute_deviation"":""0""}","{""count"":""7"",""minimum"":""24"",""median"":""24"",""maximum"":""24"",""median_absolute_deviation"":""0""}","{""count"":""7"",""minimum"":""-64"",""median"":""-64"",""maximum"":""-64"",""median_absolute_deviation"":""0""}",7,0,0,"{""lsf"":{""pair_count"":3,""available_pairs"":3,""unavailable_pairs"":0,""native"":{""count"":""3"",""minimum"":""88"",""median"":""88"",""maximum"":""88"",""median_absolute_deviation"":""0""},""lsf"":{""count"":""3"",""minimum"":""24"",""median"":""24"",""maximum"":""24"",""median_absolute_deviation"":""0""},""paired_difference"":{""count"":""3"",""minimum"":""-64"",""median"":""-64"",""maximum"":""-64"",""median_absolute_deviation"":""0""},""lower"":3,""equal"":0,""higher"":0},""native"":{""pair_count"":4,""available_pairs"":4,""unavailable_pairs"":0,""native"":{""count"":""4"",""minimum"":""88"",""median"":""88"",""maximum"":""88"",""median_absolute_deviation"":""0""},""lsf"":{""count"":""4"",""minimum"":""24"",""median"":""24"",""maximum"":""24"",""median_absolute_deviation"":""0""},""paired_difference"":{""count"":""4"",""minimum"":""-64"",""median"":""-64"",""maximum"":""-64"",""median_absolute_deviation"":""0""},""lower"":4,""equal"":0,""higher"":0}}"
8,ready,before,child.listener_count,count,"[{""pair"":0,""first_arm"":""native"",""native_group"":2,""lsf_group"":3,""native"":""8"",""lsf"":""1"",""lsf_minus_native"":""-7"",""percent_of_native"":""-87.5""},{""pair"":1,""first_arm"":""native"",""native_group"":0,""lsf_group"":1,""native"":""8"",""lsf"":""1"",""lsf_minus_native"":""-7"",""percent_of_native"":""-87.5""},{""pair"":2,""first_arm"":""lsf"",""native_group"":5,""lsf_group"":4,""native"":""8"",""lsf"":""1"",""lsf_minus_native"":""-7"",""percent_of_native"":""-87.5""},{""pair"":3,""first_arm"":""lsf"",""native_group"":3,""lsf_group"":2,""native"":""8"",""lsf"":""1"",""lsf_minus_native"":""-7"",""percent_of_native"":""-87.5""},{""pair"":4,""first_arm"":""lsf"",""native_group"":1,""lsf_group"":0,""native"":""8"",""lsf"":""1"",""lsf_minus_native"":""-7"",""percent_of_native"":""-87.5""},{""pair"":5,""first_arm"":""native"",""native_group"":4,""lsf_group"":5,""native"":""8"",""lsf"":""1"",""lsf_minus_native"":""-7"",""percent_of_native"":""-87.5""},{""pair"":6,""first_arm"":""native"",""native_group"":2,""lsf_group"":3,""native"":""8"",""lsf"":""1"",""lsf_minus_native"":""-7"",""percent_of_native"":""-87.5""}]",7,7,0,"{""count"":""7"",""minimum"":""8"",""median"":""8"",""maximum"":""8"",""median_absolute_deviation"":""0""}","{""count"":""7"",""minimum"":""1"",""median"":""1"",""maximum"":""1"",""median_absolute_deviation"":""0""}","{""count"":""7"",""minimum"":""-7"",""median"":""-7"",""maximum"":""-7"",""median_absolute_deviation"":""0""}",7,0,0,"{""lsf"":{""pair_count"":3,""available_pairs"":3,""unavailable_pairs"":0,""native"":{""count"":""3"",""minimum"":""8"",""median"":""8"",""maximum"":""8"",""median_absolute_deviation"":""0""},""lsf"":{""count"":""3"",""minimum"":""1"",""median"":""1"",""maximum"":""1"",""median_absolute_deviation"":""0""},""paired_difference"":{""count"":""3"",""minimum"":""-7"",""median"":""-7"",""maximum"":""-7"",""median_absolute_deviation"":""0""},""lower"":3,""equal"":0,""higher"":0},""native"":{""pair_count"":4,""available_pairs"":4,""unavailable_pairs"":0,""native"":{""count"":""4"",""minimum"":""8"",""median"":""8"",""maximum"":""8"",""median_absolute_deviation"":""0""},""lsf"":{""count"":""4"",""minimum"":""1"",""median"":""1"",""maximum"":""1"",""median_absolute_deviation"":""0""},""paired_difference"":{""count"":""4"",""minimum"":""-7"",""median"":""-7"",""maximum"":""-7"",""median_absolute_deviation"":""0""},""lower"":4,""equal"":0,""higher"":0}}"
8,ready,before,wrapper.rss_bytes,bytes,"[{""pair"":0,""first_arm"":""native"",""native_group"":2,""lsf_group"":3,""native"":""29229056"",""lsf"":""3932160"",""lsf_minus_native"":""-25296896"",""percent_of_native"":""-86.547085""},{""pair"":1,""first_arm"":""native"",""native_group"":0,""lsf_group"":1,""native"":""29491200"",""lsf"":""3801088"",""lsf_minus_native"":""-25690112"",""percent_of_native"":""-87.111111""},{""pair"":2,""first_arm"":""lsf"",""native_group"":5,""lsf_group"":4,""native"":""28835840"",""lsf"":""3801088"",""lsf_minus_native"":""-25034752"",""percent_of_native"":""-86.818182""},{""pair"":3,""first_arm"":""lsf"",""native_group"":3,""lsf_group"":2,""native"":""29229056"",""lsf"":""3801088"",""lsf_minus_native"":""-25427968"",""percent_of_native"":""-86.995516""},{""pair"":4,""first_arm"":""lsf"",""native_group"":1,""lsf_group"":0,""native"":""29622272"",""lsf"":""3932160"",""lsf_minus_native"":""-25690112"",""percent_of_native"":""-86.725664""},{""pair"":5,""first_arm"":""native"",""native_group"":4,""lsf_group"":5,""native"":""29622272"",""lsf"":""4063232"",""lsf_minus_native"":""-25559040"",""percent_of_native"":""-86.283186""},{""pair"":6,""first_arm"":""native"",""native_group"":2,""lsf_group"":3,""native"":""29491200"",""lsf"":""4063232"",""lsf_minus_native"":""-25427968"",""percent_of_native"":""-86.222222""}]",7,7,0,"{""count"":""7"",""minimum"":""28835840"",""median"":""29491200"",""maximum"":""29622272"",""median_absolute_deviation"":""131072""}","{""count"":""7"",""minimum"":""3801088"",""median"":""3932160"",""maximum"":""4063232"",""median_absolute_deviation"":""131072""}","{""count"":""7"",""minimum"":""-25690112"",""median"":""-25427968"",""maximum"":""-25034752"",""median_absolute_deviation"":""131072""}",7,0,0,"{""lsf"":{""pair_count"":3,""available_pairs"":3,""unavailable_pairs"":0,""native"":{""count"":""3"",""minimum"":""28835840"",""median"":""29229056"",""maximum"":""29622272"",""median_absolute_deviation"":""393216""},""lsf"":{""count"":""3"",""minimum"":""3801088"",""median"":""3801088"",""maximum"":""3932160"",""median_absolute_deviation"":""0""},""paired_difference"":{""count"":""3"",""minimum"":""-25690112"",""median"":""-25427968"",""maximum"":""-25034752"",""median_absolute_deviation"":""262144""},""lower"":3,""equal"":0,""higher"":0},""native"":{""pair_count"":4,""available_pairs"":4,""unavailable_pairs"":0,""native"":{""count"":""4"",""minimum"":""29229056"",""median"":""29491200"",""maximum"":""29622272"",""median_absolute_deviation"":""65536""},""lsf"":{""count"":""4"",""minimum"":""3801088"",""median"":""3997696"",""maximum"":""4063232"",""median_absolute_deviation"":""65536""},""paired_difference"":{""count"":""4"",""minimum"":""-25690112"",""median"":""-25493504"",""maximum"":""-25296896"",""median_absolute_deviation"":""131072""},""lower"":4,""equal"":0,""higher"":0}}"
8,ready,before,wrapper.threads,count,"[{""pair"":0,""first_arm"":""native"",""native_group"":2,""lsf_group"":3,""native"":""24"",""lsf"":""3"",""lsf_minus_native"":""-21"",""percent_of_native"":""-87.5""},{""pair"":1,""first_arm"":""native"",""native_group"":0,""lsf_group"":1,""native"":""24"",""lsf"":""3"",""lsf_minus_native"":""-21"",""percent_of_native"":""-87.5""},{""pair"":2,""first_arm"":""lsf"",""native_group"":5,""lsf_group"":4,""native"":""24"",""lsf"":""3"",""lsf_minus_native"":""-21"",""percent_of_native"":""-87.5""},{""pair"":3,""first_arm"":""lsf"",""native_group"":3,""lsf_group"":2,""native"":""24"",""lsf"":""3"",""lsf_minus_native"":""-21"",""percent_of_native"":""-87.5""},{""pair"":4,""first_arm"":""lsf"",""native_group"":1,""lsf_group"":0,""native"":""24"",""lsf"":""3"",""lsf_minus_native"":""-21"",""percent_of_native"":""-87.5""},{""pair"":5,""first_arm"":""native"",""native_group"":4,""lsf_group"":5,""native"":""24"",""lsf"":""3"",""lsf_minus_native"":""-21"",""percent_of_native"":""-87.5""},{""pair"":6,""first_arm"":""native"",""native_group"":2,""lsf_group"":3,""native"":""24"",""lsf"":""3"",""lsf_minus_native"":""-21"",""percent_of_native"":""-87.5""}]",7,7,0,"{""count"":""7"",""minimum"":""24"",""median"":""24"",""maximum"":""24"",""median_absolute_deviation"":""0""}","{""count"":""7"",""minimum"":""3"",""median"":""3"",""maximum"":""3"",""median_absolute_deviation"":""0""}","{""count"":""7"",""minimum"":""-21"",""median"":""-21"",""maximum"":""-21"",""median_absolute_deviation"":""0""}",7,0,0,"{""lsf"":{""pair_count"":3,""available_pairs"":3,""unavailable_pairs"":0,""native"":{""count"":""3"",""minimum"":""24"",""median"":""24"",""maximum"":""24"",""median_absolute_deviation"":""0""},""lsf"":{""count"":""3"",""minimum"":""3"",""median"":""3"",""maximum"":""3"",""median_absolute_deviation"":""0""},""paired_difference"":{""count"":""3"",""minimum"":""-21"",""median"":""-21"",""maximum"":""-21"",""median_absolute_deviation"":""0""},""lower"":3,""equal"":0,""higher"":0},""native"":{""pair_count"":4,""available_pairs"":4,""unavailable_pairs"":0,""native"":{""count"":""4"",""minimum"":""24"",""median"":""24"",""maximum"":""24"",""median_absolute_deviation"":""0""},""lsf"":{""count"":""4"",""minimum"":""3"",""median"":""3"",""maximum"":""3"",""median_absolute_deviation"":""0""},""paired_difference"":{""count"":""4"",""minimum"":""-21"",""median"":""-21"",""maximum"":""-21"",""median_absolute_deviation"":""0""},""lower"":4,""equal"":0,""higher"":0}}"
8,ready,before,wrapper.fd_count,count,"[{""pair"":0,""first_arm"":""native"",""native_group"":2,""lsf_group"":3,""native"":""152"",""lsf"":""33"",""lsf_minus_native"":""-119"",""percent_of_native"":""-78.289474""},{""pair"":1,""first_arm"":""native"",""native_group"":0,""lsf_group"":1,""native"":""152"",""lsf"":""33"",""lsf_minus_native"":""-119"",""percent_of_native"":""-78.289474""},{""pair"":2,""first_arm"":""lsf"",""native_group"":5,""lsf_group"":4,""native"":""152"",""lsf"":""33"",""lsf_minus_native"":""-119"",""percent_of_native"":""-78.289474""},{""pair"":3,""first_arm"":""lsf"",""native_group"":3,""lsf_group"":2,""native"":""152"",""lsf"":""33"",""lsf_minus_native"":""-119"",""percent_of_native"":""-78.289474""},{""pair"":4,""first_arm"":""lsf"",""native_group"":1,""lsf_group"":0,""native"":""152"",""lsf"":""33"",""lsf_minus_native"":""-119"",""percent_of_native"":""-78.289474""},{""pair"":5,""first_arm"":""native"",""native_group"":4,""lsf_group"":5,""native"":""152"",""lsf"":""33"",""lsf_minus_native"":""-119"",""percent_of_native"":""-78.289474""},{""pair"":6,""first_arm"":""native"",""native_group"":2,""lsf_group"":3,""native"":""152"",""lsf"":""33"",""lsf_minus_native"":""-119"",""percent_of_native"":""-78.289474""}]",7,7,0,"{""count"":""7"",""minimum"":""152"",""median"":""152"",""maximum"":""152"",""median_absolute_deviation"":""0""}","{""count"":""7"",""minimum"":""33"",""median"":""33"",""maximum"":""33"",""median_absolute_deviation"":""0""}","{""count"":""7"",""minimum"":""-119"",""median"":""-119"",""maximum"":""-119"",""median_absolute_deviation"":""0""}",7,0,0,"{""lsf"":{""pair_count"":3,""available_pairs"":3,""unavailable_pairs"":0,""native"":{""count"":""3"",""minimum"":""152"",""median"":""152"",""maximum"":""152"",""median_absolute_deviation"":""0""},""lsf"":{""count"":""3"",""minimum"":""33"",""median"":""33"",""maximum"":""33"",""median_absolute_deviation"":""0""},""paired_difference"":{""count"":""3"",""minimum"":""-119"",""median"":""-119"",""maximum"":""-119"",""median_absolute_deviation"":""0""},""lower"":3,""equal"":0,""higher"":0},""native"":{""pair_count"":4,""available_pairs"":4,""unavailable_pairs"":0,""native"":{""count"":""4"",""minimum"":""152"",""median"":""152"",""maximum"":""152"",""median_absolute_deviation"":""0""},""lsf"":{""count"":""4"",""minimum"":""33"",""median"":""33"",""maximum"":""33"",""median_absolute_deviation"":""0""},""paired_difference"":{""count"":""4"",""minimum"":""-119"",""median"":""-119"",""maximum"":""-119"",""median_absolute_deviation"":""0""},""lower"":4,""equal"":0,""higher"":0}}"
8,ready,before,wrapper.listener_count,count,"[{""pair"":0,""first_arm"":""native"",""native_group"":2,""lsf_group"":3,""native"":""8"",""lsf"":""1"",""lsf_minus_native"":""-7"",""percent_of_native"":""-87.5""},{""pair"":1,""first_arm"":""native"",""native_group"":0,""lsf_group"":1,""native"":""8"",""lsf"":""1"",""lsf_minus_native"":""-7"",""percent_of_native"":""-87.5""},{""pair"":2,""first_arm"":""lsf"",""native_group"":5,""lsf_group"":4,""native"":""8"",""lsf"":""1"",""lsf_minus_native"":""-7"",""percent_of_native"":""-87.5""},{""pair"":3,""first_arm"":""lsf"",""native_group"":3,""lsf_group"":2,""native"":""8"",""lsf"":""1"",""lsf_minus_native"":""-7"",""percent_of_native"":""-87.5""},{""pair"":4,""first_arm"":""lsf"",""native_group"":1,""lsf_group"":0,""native"":""8"",""lsf"":""1"",""lsf_minus_native"":""-7"",""percent_of_native"":""-87.5""},{""pair"":5,""first_arm"":""native"",""native_group"":4,""lsf_group"":5,""native"":""8"",""lsf"":""1"",""lsf_minus_native"":""-7"",""percent_of_native"":""-87.5""},{""pair"":6,""first_arm"":""native"",""native_group"":2,""lsf_group"":3,""native"":""8"",""lsf"":""1"",""lsf_minus_native"":""-7"",""percent_of_native"":""-87.5""}]",7,7,0,"{""count"":""7"",""minimum"":""8"",""median"":""8"",""maximum"":""8"",""median_absolute_deviation"":""0""}","{""count"":""7"",""minimum"":""1"",""median"":""1"",""maximum"":""1"",""median_absolute_deviation"":""0""}","{""count"":""7"",""minimum"":""-7"",""median"":""-7"",""maximum"":""-7"",""median_absolute_deviation"":""0""}",7,0,0,"{""lsf"":{""pair_count"":3,""available_pairs"":3,""unavailable_pairs"":0,""native"":{""count"":""3"",""minimum"":""8"",""median"":""8"",""maximum"":""8"",""median_absolute_deviation"":""0""},""lsf"":{""count"":""3"",""minimum"":""1"",""median"":""1"",""maximum"":""1"",""median_absolute_deviation"":""0""},""paired_difference"":{""count"":""3"",""minimum"":""-7"",""median"":""-7"",""maximum"":""-7"",""median_absolute_deviation"":""0""},""lower"":3,""equal"":0,""higher"":0},""native"":{""pair_count"":4,""available_pairs"":4,""unavailable_pairs"":0,""native"":{""count"":""4"",""minimum"":""8"",""median"":""8"",""maximum"":""8"",""median_absolute_deviation"":""0""},""lsf"":{""count"":""4"",""minimum"":""1"",""median"":""1"",""maximum"":""1"",""median_absolute_deviation"":""0""},""paired_difference"":{""count"":""4"",""minimum"":""-7"",""median"":""-7"",""maximum"":""-7"",""median_absolute_deviation"":""0""},""lower"":4,""equal"":0,""higher"":0}}"
8,ready,before,cgroup.memory_current_bytes,bytes,"[{""pair"":0,""first_arm"":""native"",""native_group"":2,""lsf_group"":3,""native"":""13029376"",""lsf"":""3272704"",""lsf_minus_native"":""-9756672"",""percent_of_native"":""-74.882113""},{""pair"":1,""first_arm"":""native"",""native_group"":0,""lsf_group"":1,""native"":""12976128"",""lsf"":""3207168"",""lsf_minus_native"":""-9768960"",""percent_of_native"":""-75.284091""},{""pair"":2,""first_arm"":""lsf"",""native_group"":5,""lsf_group"":4,""native"":""12738560"",""lsf"":""3514368"",""lsf_minus_native"":""-9224192"",""percent_of_native"":""-72.411576""},{""pair"":3,""first_arm"":""lsf"",""native_group"":3,""lsf_group"":2,""native"":""12705792"",""lsf"":""3231744"",""lsf_minus_native"":""-9474048"",""percent_of_native"":""-74.564797""},{""pair"":4,""first_arm"":""lsf"",""native_group"":1,""lsf_group"":0,""native"":""12734464"",""lsf"":""3239936"",""lsf_minus_native"":""-9494528"",""percent_of_native"":""-74.557736""},{""pair"":5,""first_arm"":""native"",""native_group"":4,""lsf_group"":5,""native"":""13025280"",""lsf"":""3248128"",""lsf_minus_native"":""-9777152"",""percent_of_native"":""-75.062893""},{""pair"":6,""first_arm"":""native"",""native_group"":2,""lsf_group"":3,""native"":""12722176"",""lsf"":""3272704"",""lsf_minus_native"":""-9449472"",""percent_of_native"":""-74.275596""}]",7,7,0,"{""count"":""7"",""minimum"":""12705792"",""median"":""12738560"",""maximum"":""13029376"",""median_absolute_deviation"":""32768""}","{""count"":""7"",""minimum"":""3207168"",""median"":""3248128"",""maximum"":""3514368"",""median_absolute_deviation"":""24576""}","{""count"":""7"",""minimum"":""-9777152"",""median"":""-9494528"",""maximum"":""-9224192"",""median_absolute_deviation"":""262144""}",7,0,0,"{""lsf"":{""pair_count"":3,""available_pairs"":3,""unavailable_pairs"":0,""native"":{""count"":""3"",""minimum"":""12705792"",""median"":""12734464"",""maximum"":""12738560"",""median_absolute_deviation"":""4096""},""lsf"":{""count"":""3"",""minimum"":""3231744"",""median"":""3239936"",""maximum"":""3514368"",""median_absolute_deviation"":""8192""},""paired_difference"":{""count"":""3"",""minimum"":""-9494528"",""median"":""-9474048"",""maximum"":""-9224192"",""median_absolute_deviation"":""20480""},""lower"":3,""equal"":0,""higher"":0},""native"":{""pair_count"":4,""available_pairs"":4,""unavailable_pairs"":0,""native"":{""count"":""4"",""minimum"":""12722176"",""median"":""13000704"",""maximum"":""13029376"",""median_absolute_deviation"":""26624""},""lsf"":{""count"":""4"",""minimum"":""3207168"",""median"":""3260416"",""maximum"":""3272704"",""median_absolute_deviation"":""12288""},""paired_difference"":{""count"":""4"",""minimum"":""-9777152"",""median"":""-9762816"",""maximum"":""-9449472"",""median_absolute_deviation"":""10240""},""lower"":4,""equal"":0,""higher"":0}}"
8,ready,before,cgroup.sum_leaf_lifetime_memory_peak_bytes,bytes,"[{""pair"":0,""first_arm"":""native"",""native_group"":2,""lsf_group"":3,""native"":""49389568"",""lsf"":""6819840"",""lsf_minus_native"":""-42569728"",""percent_of_native"":""-86.19174""},{""pair"":1,""first_arm"":""native"",""native_group"":0,""lsf_group"":1,""native"":""50491392"",""lsf"":""6955008"",""lsf_minus_native"":""-43536384"",""percent_of_native"":""-86.225359""},{""pair"":2,""first_arm"":""lsf"",""native_group"":5,""lsf_group"":4,""native"":""48455680"",""lsf"":""7450624"",""lsf_minus_native"":""-41005056"",""percent_of_native"":""-84.623838""},{""pair"":3,""first_arm"":""lsf"",""native_group"":3,""lsf_group"":2,""native"":""50155520"",""lsf"":""6828032"",""lsf_minus_native"":""-43327488"",""percent_of_native"":""-86.38628""},{""pair"":4,""first_arm"":""lsf"",""native_group"":1,""lsf_group"":0,""native"":""49991680"",""lsf"":""7188480"",""lsf_minus_native"":""-42803200"",""percent_of_native"":""-85.620647""},{""pair"":5,""first_arm"":""native"",""native_group"":4,""lsf_group"":5,""native"":""49799168"",""lsf"":""6959104"",""lsf_minus_native"":""-42840064"",""percent_of_native"":""-86.025662""},{""pair"":6,""first_arm"":""native"",""native_group"":2,""lsf_group"":3,""native"":""49201152"",""lsf"":""7921664"",""lsf_minus_native"":""-41279488"",""percent_of_native"":""-83.899434""}]",7,7,0,"{""count"":""7"",""minimum"":""48455680"",""median"":""49799168"",""maximum"":""50491392"",""median_absolute_deviation"":""409600""}","{""count"":""7"",""minimum"":""6819840"",""median"":""6959104"",""maximum"":""7921664"",""median_absolute_deviation"":""139264""}","{""count"":""7"",""minimum"":""-43536384"",""median"":""-42803200"",""maximum"":""-41005056"",""median_absolute_deviation"":""524288""}",7,0,0,"{""lsf"":{""pair_count"":3,""available_pairs"":3,""unavailable_pairs"":0,""native"":{""count"":""3"",""minimum"":""48455680"",""median"":""49991680"",""maximum"":""50155520"",""median_absolute_deviation"":""163840""},""lsf"":{""count"":""3"",""minimum"":""6828032"",""median"":""7188480"",""maximum"":""7450624"",""median_absolute_deviation"":""262144""},""paired_difference"":{""count"":""3"",""minimum"":""-43327488"",""median"":""-42803200"",""maximum"":""-41005056"",""median_absolute_deviation"":""524288""},""lower"":3,""equal"":0,""higher"":0},""native"":{""pair_count"":4,""available_pairs"":4,""unavailable_pairs"":0,""native"":{""count"":""4"",""minimum"":""49201152"",""median"":""49594368"",""maximum"":""50491392"",""median_absolute_deviation"":""299008""},""lsf"":{""count"":""4"",""minimum"":""6819840"",""median"":""6957056"",""maximum"":""7921664"",""median_absolute_deviation"":""69632""},""paired_difference"":{""count"":""4"",""minimum"":""-43536384"",""median"":""-42704896"",""maximum"":""-41279488"",""median_absolute_deviation"":""483328""},""lower"":4,""equal"":0,""higher"":0}}"
8,ready,before,cgroup.memory_swap_current_bytes,bytes,"[{""pair"":0,""first_arm"":""native"",""native_group"":2,""lsf_group"":3,""native"":""0"",""lsf"":""0"",""lsf_minus_native"":""0"",""percent_of_native"":null},{""pair"":1,""first_arm"":""native"",""native_group"":0,""lsf_group"":1,""native"":""0"",""lsf"":""0"",""lsf_minus_native"":""0"",""percent_of_native"":null},{""pair"":2,""first_arm"":""lsf"",""native_group"":5,""lsf_group"":4,""native"":""0"",""lsf"":""0"",""lsf_minus_native"":""0"",""percent_of_native"":null},{""pair"":3,""first_arm"":""lsf"",""native_group"":3,""lsf_group"":2,""native"":""0"",""lsf"":""0"",""lsf_minus_native"":""0"",""percent_of_native"":null},{""pair"":4,""first_arm"":""lsf"",""native_group"":1,""lsf_group"":0,""native"":""0"",""lsf"":""0"",""lsf_minus_native"":""0"",""percent_of_native"":null},{""pair"":5,""first_arm"":""native"",""native_group"":4,""lsf_group"":5,""native"":""0"",""lsf"":""0"",""lsf_minus_native"":""0"",""percent_of_native"":null},{""pair"":6,""first_arm"":""native"",""native_group"":2,""lsf_group"":3,""native"":""0"",""lsf"":""0"",""lsf_minus_native"":""0"",""percent_of_native"":null}]",7,7,0,"{""count"":""7"",""minimum"":""0"",""median"":""0"",""maximum"":""0"",""median_absolute_deviation"":""0""}","{""count"":""7"",""minimum"":""0"",""median"":""0"",""maximum"":""0"",""median_absolute_deviation"":""0""}","{""count"":""7"",""minimum"":""0"",""median"":""0"",""maximum"":""0"",""median_absolute_deviation"":""0""}",0,7,0,"{""lsf"":{""pair_count"":3,""available_pairs"":3,""unavailable_pairs"":0,""native"":{""count"":""3"",""minimum"":""0"",""median"":""0"",""maximum"":""0"",""median_absolute_deviation"":""0""},""lsf"":{""count"":""3"",""minimum"":""0"",""median"":""0"",""maximum"":""0"",""median_absolute_deviation"":""0""},""paired_difference"":{""count"":""3"",""minimum"":""0"",""median"":""0"",""maximum"":""0"",""median_absolute_deviation"":""0""},""lower"":0,""equal"":3,""higher"":0},""native"":{""pair_count"":4,""available_pairs"":4,""unavailable_pairs"":0,""native"":{""count"":""4"",""minimum"":""0"",""median"":""0"",""maximum"":""0"",""median_absolute_deviation"":""0""},""lsf"":{""count"":""4"",""minimum"":""0"",""median"":""0"",""maximum"":""0"",""median_absolute_deviation"":""0""},""paired_difference"":{""count"":""4"",""minimum"":""0"",""median"":""0"",""maximum"":""0"",""median_absolute_deviation"":""0""},""lower"":0,""equal"":4,""higher"":0}}"
8,ready,before,cgroup.pids_current,count,"[{""pair"":0,""first_arm"":""native"",""native_group"":2,""lsf_group"":3,""native"":""48"",""lsf"":""10"",""lsf_minus_native"":""-38"",""percent_of_native"":""-79.166667""},{""pair"":1,""first_arm"":""native"",""native_group"":0,""lsf_group"":1,""native"":""48"",""lsf"":""10"",""lsf_minus_native"":""-38"",""percent_of_native"":""-79.166667""},{""pair"":2,""first_arm"":""lsf"",""native_group"":5,""lsf_group"":4,""native"":""48"",""lsf"":""10"",""lsf_minus_native"":""-38"",""percent_of_native"":""-79.166667""},{""pair"":3,""first_arm"":""lsf"",""native_group"":3,""lsf_group"":2,""native"":""48"",""lsf"":""10"",""lsf_minus_native"":""-38"",""percent_of_native"":""-79.166667""},{""pair"":4,""first_arm"":""lsf"",""native_group"":1,""lsf_group"":0,""native"":""48"",""lsf"":""10"",""lsf_minus_native"":""-38"",""percent_of_native"":""-79.166667""},{""pair"":5,""first_arm"":""native"",""native_group"":4,""lsf_group"":5,""native"":""48"",""lsf"":""10"",""lsf_minus_native"":""-38"",""percent_of_native"":""-79.166667""},{""pair"":6,""first_arm"":""native"",""native_group"":2,""lsf_group"":3,""native"":""48"",""lsf"":""10"",""lsf_minus_native"":""-38"",""percent_of_native"":""-79.166667""}]",7,7,0,"{""count"":""7"",""minimum"":""48"",""median"":""48"",""maximum"":""48"",""median_absolute_deviation"":""0""}","{""count"":""7"",""minimum"":""10"",""median"":""10"",""maximum"":""10"",""median_absolute_deviation"":""0""}","{""count"":""7"",""minimum"":""-38"",""median"":""-38"",""maximum"":""-38"",""median_absolute_deviation"":""0""}",7,0,0,"{""lsf"":{""pair_count"":3,""available_pairs"":3,""unavailable_pairs"":0,""native"":{""count"":""3"",""minimum"":""48"",""median"":""48"",""maximum"":""48"",""median_absolute_deviation"":""0""},""lsf"":{""count"":""3"",""minimum"":""10"",""median"":""10"",""maximum"":""10"",""median_absolute_deviation"":""0""},""paired_difference"":{""count"":""3"",""minimum"":""-38"",""median"":""-38"",""maximum"":""-38"",""median_absolute_deviation"":""0""},""lower"":3,""equal"":0,""higher"":0},""native"":{""pair_count"":4,""available_pairs"":4,""unavailable_pairs"":0,""native"":{""count"":""4"",""minimum"":""48"",""median"":""48"",""maximum"":""48"",""median_absolute_deviation"":""0""},""lsf"":{""count"":""4"",""minimum"":""10"",""median"":""10"",""maximum"":""10"",""median_absolute_deviation"":""0""},""paired_difference"":{""count"":""4"",""minimum"":""-38"",""median"":""-38"",""maximum"":""-38"",""median_absolute_deviation"":""0""},""lower"":4,""equal"":0,""higher"":0}}"
8,ready,before,cgroup.cpu.usage_usec,us,"[{""pair"":0,""first_arm"":""native"",""native_group"":2,""lsf_group"":3,""native"":""478314"",""lsf"":""82192"",""lsf_minus_native"":""-396122"",""percent_of_native"":""-82.816309""},{""pair"":1,""first_arm"":""native"",""native_group"":0,""lsf_group"":1,""native"":""605146"",""lsf"":""80684"",""lsf_minus_native"":""-524462"",""percent_of_native"":""-86.667019""},{""pair"":2,""first_arm"":""lsf"",""native_group"":5,""lsf_group"":4,""native"":""469809"",""lsf"":""73347"",""lsf_minus_native"":""-396462"",""percent_of_native"":""-84.387911""},{""pair"":3,""first_arm"":""lsf"",""native_group"":3,""lsf_group"":2,""native"":""474555"",""lsf"":""82114"",""lsf_minus_native"":""-392441"",""percent_of_native"":""-82.696632""},{""pair"":4,""first_arm"":""lsf"",""native_group"":1,""lsf_group"":0,""native"":""463711"",""lsf"":""75989"",""lsf_minus_native"":""-387722"",""percent_of_native"":""-83.612854""},{""pair"":5,""first_arm"":""native"",""native_group"":4,""lsf_group"":5,""native"":""458870"",""lsf"":""79590"",""lsf_minus_native"":""-379280"",""percent_of_native"":""-82.655218""},{""pair"":6,""first_arm"":""native"",""native_group"":2,""lsf_group"":3,""native"":""479441"",""lsf"":""77147"",""lsf_minus_native"":""-402294"",""percent_of_native"":""-83.908969""}]",7,7,0,"{""count"":""7"",""minimum"":""458870"",""median"":""474555"",""maximum"":""605146"",""median_absolute_deviation"":""4886""}","{""count"":""7"",""minimum"":""73347"",""median"":""79590"",""maximum"":""82192"",""median_absolute_deviation"":""2524""}","{""count"":""7"",""minimum"":""-524462"",""median"":""-396122"",""maximum"":""-379280"",""median_absolute_deviation"":""6172""}",7,0,0,"{""lsf"":{""pair_count"":3,""available_pairs"":3,""unavailable_pairs"":0,""native"":{""count"":""3"",""minimum"":""463711"",""median"":""469809"",""maximum"":""474555"",""median_absolute_deviation"":""4746""},""lsf"":{""count"":""3"",""minimum"":""73347"",""median"":""75989"",""maximum"":""82114"",""median_absolute_deviation"":""2642""},""paired_difference"":{""count"":""3"",""minimum"":""-396462"",""median"":""-392441"",""maximum"":""-387722"",""median_absolute_deviation"":""4021""},""lower"":3,""equal"":0,""higher"":0},""native"":{""pair_count"":4,""available_pairs"":4,""unavailable_pairs"":0,""native"":{""count"":""4"",""minimum"":""458870"",""median"":""478877.5"",""maximum"":""605146"",""median_absolute_deviation"":""10285.5""},""lsf"":{""count"":""4"",""minimum"":""77147"",""median"":""80137"",""maximum"":""82192"",""median_absolute_deviation"":""1301""},""paired_difference"":{""count"":""4"",""minimum"":""-524462"",""median"":""-399208"",""maximum"":""-379280"",""median_absolute_deviation"":""11507""},""lower"":4,""equal"":0,""higher"":0}}"
8,ready,before,cgroup.cpu.user_usec,us,"[{""pair"":0,""first_arm"":""native"",""native_group"":2,""lsf_group"":3,""native"":""125831"",""lsf"":""21918"",""lsf_minus_native"":""-103913"",""percent_of_native"":""-82.581399""},{""pair"":1,""first_arm"":""native"",""native_group"":0,""lsf_group"":1,""native"":""188043"",""lsf"":""33255"",""lsf_minus_native"":""-154788"",""percent_of_native"":""-82.315215""},{""pair"":2,""first_arm"":""lsf"",""native_group"":5,""lsf_group"":4,""native"":""106357"",""lsf"":""25887"",""lsf_minus_native"":""-80470"",""percent_of_native"":""-75.660276""},{""pair"":3,""first_arm"":""lsf"",""native_group"":3,""lsf_group"":2,""native"":""114150"",""lsf"":""32845"",""lsf_minus_native"":""-81305"",""percent_of_native"":""-71.226456""},{""pair"":4,""first_arm"":""lsf"",""native_group"":1,""lsf_group"":0,""native"":""95944"",""lsf"":""20048"",""lsf_minus_native"":""-75896"",""percent_of_native"":""-79.104478""},{""pair"":5,""first_arm"":""native"",""native_group"":4,""lsf_group"":5,""native"":""89222"",""lsf"":""26530"",""lsf_minus_native"":""-62692"",""percent_of_native"":""-70.265181""},{""pair"":6,""first_arm"":""native"",""native_group"":2,""lsf_group"":3,""native"":""90594"",""lsf"":""26992"",""lsf_minus_native"":""-63602"",""percent_of_native"":""-70.205532""}]",7,7,0,"{""count"":""7"",""minimum"":""89222"",""median"":""106357"",""maximum"":""188043"",""median_absolute_deviation"":""15763""}","{""count"":""7"",""minimum"":""20048"",""median"":""26530"",""maximum"":""33255"",""median_absolute_deviation"":""4612""}","{""count"":""7"",""minimum"":""-154788"",""median"":""-80470"",""maximum"":""-62692"",""median_absolute_deviation"":""16868""}",7,0,0,"{""lsf"":{""pair_count"":3,""available_pairs"":3,""unavailable_pairs"":0,""native"":{""count"":""3"",""minimum"":""95944"",""median"":""106357"",""maximum"":""114150"",""median_absolute_deviation"":""7793""},""lsf"":{""count"":""3"",""minimum"":""20048"",""median"":""25887"",""maximum"":""32845"",""median_absolute_deviation"":""5839""},""paired_difference"":{""count"":""3"",""minimum"":""-81305"",""median"":""-80470"",""maximum"":""-75896"",""median_absolute_deviation"":""835""},""lower"":3,""equal"":0,""higher"":0},""native"":{""pair_count"":4,""available_pairs"":4,""unavailable_pairs"":0,""native"":{""count"":""4"",""minimum"":""89222"",""median"":""108212.5"",""maximum"":""188043"",""median_absolute_deviation"":""18304.5""},""lsf"":{""count"":""4"",""minimum"":""21918"",""median"":""26761"",""maximum"":""33255"",""median_absolute_deviation"":""2537""},""paired_difference"":{""count"":""4"",""minimum"":""-154788"",""median"":""-83757.5"",""maximum"":""-62692"",""median_absolute_deviation"":""20610.5""},""lower"":4,""equal"":0,""higher"":0}}"
8,ready,before,cgroup.cpu.system_usec,us,"[{""pair"":0,""first_arm"":""native"",""native_group"":2,""lsf_group"":3,""native"":""352480"",""lsf"":""60274"",""lsf_minus_native"":""-292206"",""percent_of_native"":""-82.900023""},{""pair"":1,""first_arm"":""native"",""native_group"":0,""lsf_group"":1,""native"":""417102"",""lsf"":""47429"",""lsf_minus_native"":""-369673"",""percent_of_native"":""-88.628921""},{""pair"":2,""first_arm"":""lsf"",""native_group"":5,""lsf_group"":4,""native"":""363451"",""lsf"":""47460"",""lsf_minus_native"":""-315991"",""percent_of_native"":""-86.941844""},{""pair"":3,""first_arm"":""lsf"",""native_group"":3,""lsf_group"":2,""native"":""360400"",""lsf"":""49268"",""lsf_minus_native"":""-311132"",""percent_of_native"":""-86.329634""},{""pair"":4,""first_arm"":""lsf"",""native_group"":1,""lsf_group"":0,""native"":""367763"",""lsf"":""55940"",""lsf_minus_native"":""-311823"",""percent_of_native"":""-84.789117""},{""pair"":5,""first_arm"":""native"",""native_group"":4,""lsf_group"":5,""native"":""369644"",""lsf"":""53060"",""lsf_minus_native"":""-316584"",""percent_of_native"":""-85.645648""},{""pair"":6,""first_arm"":""native"",""native_group"":2,""lsf_group"":3,""native"":""388842"",""lsf"":""50155"",""lsf_minus_native"":""-338687"",""percent_of_native"":""-87.101445""}]",7,7,0,"{""count"":""7"",""minimum"":""352480"",""median"":""367763"",""maximum"":""417102"",""median_absolute_deviation"":""7363""}","{""count"":""7"",""minimum"":""47429"",""median"":""50155"",""maximum"":""60274"",""median_absolute_deviation"":""2726""}","{""count"":""7"",""minimum"":""-369673"",""median"":""-315991"",""maximum"":""-292206"",""median_absolute_deviation"":""4859""}",7,0,0,"{""lsf"":{""pair_count"":3,""available_pairs"":3,""unavailable_pairs"":0,""native"":{""count"":""3"",""minimum"":""360400"",""median"":""363451"",""maximum"":""367763"",""median_absolute_deviation"":""3051""},""lsf"":{""count"":""3"",""minimum"":""47460"",""median"":""49268"",""maximum"":""55940"",""median_absolute_deviation"":""1808""},""paired_difference"":{""count"":""3"",""minimum"":""-315991"",""median"":""-311823"",""maximum"":""-311132"",""median_absolute_deviation"":""691""},""lower"":3,""equal"":0,""higher"":0},""native"":{""pair_count"":4,""available_pairs"":4,""unavailable_pairs"":0,""native"":{""count"":""4"",""minimum"":""352480"",""median"":""379243"",""maximum"":""417102"",""median_absolute_deviation"":""18181""},""lsf"":{""count"":""4"",""minimum"":""47429"",""median"":""51607.5"",""maximum"":""60274"",""median_absolute_deviation"":""2815.5""},""paired_difference"":{""count"":""4"",""minimum"":""-369673"",""median"":""-327635.5"",""maximum"":""-292206"",""median_absolute_deviation"":""23240.5""},""lower"":4,""equal"":0,""higher"":0}}"
8,ready,before,cgroup.cpu.nr_periods,count,"[{""pair"":0,""first_arm"":""native"",""native_group"":2,""lsf_group"":3,""native"":""36"",""lsf"":""19"",""lsf_minus_native"":""-17"",""percent_of_native"":""-47.222222""},{""pair"":1,""first_arm"":""native"",""native_group"":0,""lsf_group"":1,""native"":""49"",""lsf"":""14"",""lsf_minus_native"":""-35"",""percent_of_native"":""-71.428571""},{""pair"":2,""first_arm"":""lsf"",""native_group"":5,""lsf_group"":4,""native"":""40"",""lsf"":""16"",""lsf_minus_native"":""-24"",""percent_of_native"":""-60""},{""pair"":3,""first_arm"":""lsf"",""native_group"":3,""lsf_group"":2,""native"":""44"",""lsf"":""14"",""lsf_minus_native"":""-30"",""percent_of_native"":""-68.181818""},{""pair"":4,""first_arm"":""lsf"",""native_group"":1,""lsf_group"":0,""native"":""46"",""lsf"":""15"",""lsf_minus_native"":""-31"",""percent_of_native"":""-67.391304""},{""pair"":5,""first_arm"":""native"",""native_group"":4,""lsf_group"":5,""native"":""43"",""lsf"":""18"",""lsf_minus_native"":""-25"",""percent_of_native"":""-58.139535""},{""pair"":6,""first_arm"":""native"",""native_group"":2,""lsf_group"":3,""native"":""45"",""lsf"":""16"",""lsf_minus_native"":""-29"",""percent_of_native"":""-64.444444""}]",7,7,0,"{""count"":""7"",""minimum"":""36"",""median"":""44"",""maximum"":""49"",""median_absolute_deviation"":""2""}","{""count"":""7"",""minimum"":""14"",""median"":""16"",""maximum"":""19"",""median_absolute_deviation"":""2""}","{""count"":""7"",""minimum"":""-35"",""median"":""-29"",""maximum"":""-17"",""median_absolute_deviation"":""4""}",7,0,0,"{""lsf"":{""pair_count"":3,""available_pairs"":3,""unavailable_pairs"":0,""native"":{""count"":""3"",""minimum"":""40"",""median"":""44"",""maximum"":""46"",""median_absolute_deviation"":""2""},""lsf"":{""count"":""3"",""minimum"":""14"",""median"":""15"",""maximum"":""16"",""median_absolute_deviation"":""1""},""paired_difference"":{""count"":""3"",""minimum"":""-31"",""median"":""-30"",""maximum"":""-24"",""median_absolute_deviation"":""1""},""lower"":3,""equal"":0,""higher"":0},""native"":{""pair_count"":4,""available_pairs"":4,""unavailable_pairs"":0,""native"":{""count"":""4"",""minimum"":""36"",""median"":""44"",""maximum"":""49"",""median_absolute_deviation"":""3""},""lsf"":{""count"":""4"",""minimum"":""14"",""median"":""17"",""maximum"":""19"",""median_absolute_deviation"":""1.5""},""paired_difference"":{""count"":""4"",""minimum"":""-35"",""median"":""-27"",""maximum"":""-17"",""median_absolute_deviation"":""5""},""lower"":4,""equal"":0,""higher"":0}}"
8,ready,before,cgroup.cpu.nr_throttled,count,"[{""pair"":0,""first_arm"":""native"",""native_group"":2,""lsf_group"":3,""native"":""0"",""lsf"":""0"",""lsf_minus_native"":""0"",""percent_of_native"":null},{""pair"":1,""first_arm"":""native"",""native_group"":0,""lsf_group"":1,""native"":""0"",""lsf"":""0"",""lsf_minus_native"":""0"",""percent_of_native"":null},{""pair"":2,""first_arm"":""lsf"",""native_group"":5,""lsf_group"":4,""native"":""0"",""lsf"":""0"",""lsf_minus_native"":""0"",""percent_of_native"":null},{""pair"":3,""first_arm"":""lsf"",""native_group"":3,""lsf_group"":2,""native"":""0"",""lsf"":""0"",""lsf_minus_native"":""0"",""percent_of_native"":null},{""pair"":4,""first_arm"":""lsf"",""native_group"":1,""lsf_group"":0,""native"":""0"",""lsf"":""0"",""lsf_minus_native"":""0"",""percent_of_native"":null},{""pair"":5,""first_arm"":""native"",""native_group"":4,""lsf_group"":5,""native"":""0"",""lsf"":""0"",""lsf_minus_native"":""0"",""percent_of_native"":null},{""pair"":6,""first_arm"":""native"",""native_group"":2,""lsf_group"":3,""native"":""0"",""lsf"":""0"",""lsf_minus_native"":""0"",""percent_of_native"":null}]",7,7,0,"{""count"":""7"",""minimum"":""0"",""median"":""0"",""maximum"":""0"",""median_absolute_deviation"":""0""}","{""count"":""7"",""minimum"":""0"",""median"":""0"",""maximum"":""0"",""median_absolute_deviation"":""0""}","{""count"":""7"",""minimum"":""0"",""median"":""0"",""maximum"":""0"",""median_absolute_deviation"":""0""}",0,7,0,"{""lsf"":{""pair_count"":3,""available_pairs"":3,""unavailable_pairs"":0,""native"":{""count"":""3"",""minimum"":""0"",""median"":""0"",""maximum"":""0"",""median_absolute_deviation"":""0""},""lsf"":{""count"":""3"",""minimum"":""0"",""median"":""0"",""maximum"":""0"",""median_absolute_deviation"":""0""},""paired_difference"":{""count"":""3"",""minimum"":""0"",""median"":""0"",""maximum"":""0"",""median_absolute_deviation"":""0""},""lower"":0,""equal"":3,""higher"":0},""native"":{""pair_count"":4,""available_pairs"":4,""unavailable_pairs"":0,""native"":{""count"":""4"",""minimum"":""0"",""median"":""0"",""maximum"":""0"",""median_absolute_deviation"":""0""},""lsf"":{""count"":""4"",""minimum"":""0"",""median"":""0"",""maximum"":""0"",""median_absolute_deviation"":""0""},""paired_difference"":{""count"":""4"",""minimum"":""0"",""median"":""0"",""maximum"":""0"",""median_absolute_deviation"":""0""},""lower"":0,""equal"":4,""higher"":0}}"
8,ready,before,cgroup.cpu.throttled_usec,us,"[{""pair"":0,""first_arm"":""native"",""native_group"":2,""lsf_group"":3,""native"":""0"",""lsf"":""0"",""lsf_minus_native"":""0"",""percent_of_native"":null},{""pair"":1,""first_arm"":""native"",""native_group"":0,""lsf_group"":1,""native"":""0"",""lsf"":""0"",""lsf_minus_native"":""0"",""percent_of_native"":null},{""pair"":2,""first_arm"":""lsf"",""native_group"":5,""lsf_group"":4,""native"":""0"",""lsf"":""0"",""lsf_minus_native"":""0"",""percent_of_native"":null},{""pair"":3,""first_arm"":""lsf"",""native_group"":3,""lsf_group"":2,""native"":""0"",""lsf"":""0"",""lsf_minus_native"":""0"",""percent_of_native"":null},{""pair"":4,""first_arm"":""lsf"",""native_group"":1,""lsf_group"":0,""native"":""0"",""lsf"":""0"",""lsf_minus_native"":""0"",""percent_of_native"":null},{""pair"":5,""first_arm"":""native"",""native_group"":4,""lsf_group"":5,""native"":""0"",""lsf"":""0"",""lsf_minus_native"":""0"",""percent_of_native"":null},{""pair"":6,""first_arm"":""native"",""native_group"":2,""lsf_group"":3,""native"":""0"",""lsf"":""0"",""lsf_minus_native"":""0"",""percent_of_native"":null}]",7,7,0,"{""count"":""7"",""minimum"":""0"",""median"":""0"",""maximum"":""0"",""median_absolute_deviation"":""0""}","{""count"":""7"",""minimum"":""0"",""median"":""0"",""maximum"":""0"",""median_absolute_deviation"":""0""}","{""count"":""7"",""minimum"":""0"",""median"":""0"",""maximum"":""0"",""median_absolute_deviation"":""0""}",0,7,0,"{""lsf"":{""pair_count"":3,""available_pairs"":3,""unavailable_pairs"":0,""native"":{""count"":""3"",""minimum"":""0"",""median"":""0"",""maximum"":""0"",""median_absolute_deviation"":""0""},""lsf"":{""count"":""3"",""minimum"":""0"",""median"":""0"",""maximum"":""0"",""median_absolute_deviation"":""0""},""paired_difference"":{""count"":""3"",""minimum"":""0"",""median"":""0"",""maximum"":""0"",""median_absolute_deviation"":""0""},""lower"":0,""equal"":3,""higher"":0},""native"":{""pair_count"":4,""available_pairs"":4,""unavailable_pairs"":0,""native"":{""count"":""4"",""minimum"":""0"",""median"":""0"",""maximum"":""0"",""median_absolute_deviation"":""0""},""lsf"":{""count"":""4"",""minimum"":""0"",""median"":""0"",""maximum"":""0"",""median_absolute_deviation"":""0""},""paired_difference"":{""count"":""4"",""minimum"":""0"",""median"":""0"",""maximum"":""0"",""median_absolute_deviation"":""0""},""lower"":0,""equal"":4,""higher"":0}}"
8,served,after,child.rss_bytes,bytes,"[{""pair"":0,""first_arm"":""native"",""native_group"":2,""lsf_group"":3,""native"":""37486592"",""lsf"":""23601152"",""lsf_minus_native"":""-13885440"",""percent_of_native"":""-37.041084""},{""pair"":1,""first_arm"":""native"",""native_group"":0,""lsf_group"":1,""native"":""37093376"",""lsf"":""23560192"",""lsf_minus_native"":""-13533184"",""percent_of_native"":""-36.484099""},{""pair"":2,""first_arm"":""lsf"",""native_group"":5,""lsf_group"":4,""native"":""37093376"",""lsf"":""23896064"",""lsf_minus_native"":""-13197312"",""percent_of_native"":""-35.578622""},{""pair"":3,""first_arm"":""lsf"",""native_group"":3,""lsf_group"":2,""native"":""37355520"",""lsf"":""23687168"",""lsf_minus_native"":""-13668352"",""percent_of_native"":""-36.589912""},{""pair"":4,""first_arm"":""lsf"",""native_group"":1,""lsf_group"":0,""native"":""36831232"",""lsf"":""23654400"",""lsf_minus_native"":""-13176832"",""percent_of_native"":""-35.776246""},{""pair"":5,""first_arm"":""native"",""native_group"":4,""lsf_group"":5,""native"":""37093376"",""lsf"":""23801856"",""lsf_minus_native"":""-13291520"",""percent_of_native"":""-35.832597""},{""pair"":6,""first_arm"":""native"",""native_group"":2,""lsf_group"":3,""native"":""36962304"",""lsf"":""23547904"",""lsf_minus_native"":""-13414400"",""percent_of_native"":""-36.29211""}]",7,7,0,"{""count"":""7"",""minimum"":""36831232"",""median"":""37093376"",""maximum"":""37486592"",""median_absolute_deviation"":""131072""}","{""count"":""7"",""minimum"":""23547904"",""median"":""23654400"",""maximum"":""23896064"",""median_absolute_deviation"":""94208""}","{""count"":""7"",""minimum"":""-13885440"",""median"":""-13414400"",""maximum"":""-13176832"",""median_absolute_deviation"":""217088""}",7,0,0,"{""lsf"":{""pair_count"":3,""available_pairs"":3,""unavailable_pairs"":0,""native"":{""count"":""3"",""minimum"":""36831232"",""median"":""37093376"",""maximum"":""37355520"",""median_absolute_deviation"":""262144""},""lsf"":{""count"":""3"",""minimum"":""23654400"",""median"":""23687168"",""maximum"":""23896064"",""median_absolute_deviation"":""32768""},""paired_difference"":{""count"":""3"",""minimum"":""-13668352"",""median"":""-13197312"",""maximum"":""-13176832"",""median_absolute_deviation"":""20480""},""lower"":3,""equal"":0,""higher"":0},""native"":{""pair_count"":4,""available_pairs"":4,""unavailable_pairs"":0,""native"":{""count"":""4"",""minimum"":""36962304"",""median"":""37093376"",""maximum"":""37486592"",""median_absolute_deviation"":""65536""},""lsf"":{""count"":""4"",""minimum"":""23547904"",""median"":""23580672"",""maximum"":""23801856"",""median_absolute_deviation"":""26624""},""paired_difference"":{""count"":""4"",""minimum"":""-13885440"",""median"":""-13473792"",""maximum"":""-13291520"",""median_absolute_deviation"":""120832""},""lower"":4,""equal"":0,""higher"":0}}"
8,served,after,child.threads,count,"[{""pair"":0,""first_arm"":""native"",""native_group"":2,""lsf_group"":3,""native"":""24"",""lsf"":""7"",""lsf_minus_native"":""-17"",""percent_of_native"":""-70.833333""},{""pair"":1,""first_arm"":""native"",""native_group"":0,""lsf_group"":1,""native"":""24"",""lsf"":""7"",""lsf_minus_native"":""-17"",""percent_of_native"":""-70.833333""},{""pair"":2,""first_arm"":""lsf"",""native_group"":5,""lsf_group"":4,""native"":""24"",""lsf"":""7"",""lsf_minus_native"":""-17"",""percent_of_native"":""-70.833333""},{""pair"":3,""first_arm"":""lsf"",""native_group"":3,""lsf_group"":2,""native"":""24"",""lsf"":""7"",""lsf_minus_native"":""-17"",""percent_of_native"":""-70.833333""},{""pair"":4,""first_arm"":""lsf"",""native_group"":1,""lsf_group"":0,""native"":""24"",""lsf"":""7"",""lsf_minus_native"":""-17"",""percent_of_native"":""-70.833333""},{""pair"":5,""first_arm"":""native"",""native_group"":4,""lsf_group"":5,""native"":""24"",""lsf"":""7"",""lsf_minus_native"":""-17"",""percent_of_native"":""-70.833333""},{""pair"":6,""first_arm"":""native"",""native_group"":2,""lsf_group"":3,""native"":""24"",""lsf"":""7"",""lsf_minus_native"":""-17"",""percent_of_native"":""-70.833333""}]",7,7,0,"{""count"":""7"",""minimum"":""24"",""median"":""24"",""maximum"":""24"",""median_absolute_deviation"":""0""}","{""count"":""7"",""minimum"":""7"",""median"":""7"",""maximum"":""7"",""median_absolute_deviation"":""0""}","{""count"":""7"",""minimum"":""-17"",""median"":""-17"",""maximum"":""-17"",""median_absolute_deviation"":""0""}",7,0,0,"{""lsf"":{""pair_count"":3,""available_pairs"":3,""unavailable_pairs"":0,""native"":{""count"":""3"",""minimum"":""24"",""median"":""24"",""maximum"":""24"",""median_absolute_deviation"":""0""},""lsf"":{""count"":""3"",""minimum"":""7"",""median"":""7"",""maximum"":""7"",""median_absolute_deviation"":""0""},""paired_difference"":{""count"":""3"",""minimum"":""-17"",""median"":""-17"",""maximum"":""-17"",""median_absolute_deviation"":""0""},""lower"":3,""equal"":0,""higher"":0},""native"":{""pair_count"":4,""available_pairs"":4,""unavailable_pairs"":0,""native"":{""count"":""4"",""minimum"":""24"",""median"":""24"",""maximum"":""24"",""median_absolute_deviation"":""0""},""lsf"":{""count"":""4"",""minimum"":""7"",""median"":""7"",""maximum"":""7"",""median_absolute_deviation"":""0""},""paired_difference"":{""count"":""4"",""minimum"":""-17"",""median"":""-17"",""maximum"":""-17"",""median_absolute_deviation"":""0""},""lower"":4,""equal"":0,""higher"":0}}"
8,served,after,child.fd_count,count,"[{""pair"":0,""first_arm"":""native"",""native_group"":2,""lsf_group"":3,""native"":""88"",""lsf"":""32"",""lsf_minus_native"":""-56"",""percent_of_native"":""-63.636364""},{""pair"":1,""first_arm"":""native"",""native_group"":0,""lsf_group"":1,""native"":""88"",""lsf"":""32"",""lsf_minus_native"":""-56"",""percent_of_native"":""-63.636364""},{""pair"":2,""first_arm"":""lsf"",""native_group"":5,""lsf_group"":4,""native"":""88"",""lsf"":""32"",""lsf_minus_native"":""-56"",""percent_of_native"":""-63.636364""},{""pair"":3,""first_arm"":""lsf"",""native_group"":3,""lsf_group"":2,""native"":""88"",""lsf"":""32"",""lsf_minus_native"":""-56"",""percent_of_native"":""-63.636364""},{""pair"":4,""first_arm"":""lsf"",""native_group"":1,""lsf_group"":0,""native"":""88"",""lsf"":""32"",""lsf_minus_native"":""-56"",""percent_of_native"":""-63.636364""},{""pair"":5,""first_arm"":""native"",""native_group"":4,""lsf_group"":5,""native"":""88"",""lsf"":""32"",""lsf_minus_native"":""-56"",""percent_of_native"":""-63.636364""},{""pair"":6,""first_arm"":""native"",""native_group"":2,""lsf_group"":3,""native"":""88"",""lsf"":""32"",""lsf_minus_native"":""-56"",""percent_of_native"":""-63.636364""}]",7,7,0,"{""count"":""7"",""minimum"":""88"",""median"":""88"",""maximum"":""88"",""median_absolute_deviation"":""0""}","{""count"":""7"",""minimum"":""32"",""median"":""32"",""maximum"":""32"",""median_absolute_deviation"":""0""}","{""count"":""7"",""minimum"":""-56"",""median"":""-56"",""maximum"":""-56"",""median_absolute_deviation"":""0""}",7,0,0,"{""lsf"":{""pair_count"":3,""available_pairs"":3,""unavailable_pairs"":0,""native"":{""count"":""3"",""minimum"":""88"",""median"":""88"",""maximum"":""88"",""median_absolute_deviation"":""0""},""lsf"":{""count"":""3"",""minimum"":""32"",""median"":""32"",""maximum"":""32"",""median_absolute_deviation"":""0""},""paired_difference"":{""count"":""3"",""minimum"":""-56"",""median"":""-56"",""maximum"":""-56"",""median_absolute_deviation"":""0""},""lower"":3,""equal"":0,""higher"":0},""native"":{""pair_count"":4,""available_pairs"":4,""unavailable_pairs"":0,""native"":{""count"":""4"",""minimum"":""88"",""median"":""88"",""maximum"":""88"",""median_absolute_deviation"":""0""},""lsf"":{""count"":""4"",""minimum"":""32"",""median"":""32"",""maximum"":""32"",""median_absolute_deviation"":""0""},""paired_difference"":{""count"":""4"",""minimum"":""-56"",""median"":""-56"",""maximum"":""-56"",""median_absolute_deviation"":""0""},""lower"":4,""equal"":0,""higher"":0}}"
8,served,after,child.listener_count,count,"[{""pair"":0,""first_arm"":""native"",""native_group"":2,""lsf_group"":3,""native"":""8"",""lsf"":""1"",""lsf_minus_native"":""-7"",""percent_of_native"":""-87.5""},{""pair"":1,""first_arm"":""native"",""native_group"":0,""lsf_group"":1,""native"":""8"",""lsf"":""1"",""lsf_minus_native"":""-7"",""percent_of_native"":""-87.5""},{""pair"":2,""first_arm"":""lsf"",""native_group"":5,""lsf_group"":4,""native"":""8"",""lsf"":""1"",""lsf_minus_native"":""-7"",""percent_of_native"":""-87.5""},{""pair"":3,""first_arm"":""lsf"",""native_group"":3,""lsf_group"":2,""native"":""8"",""lsf"":""1"",""lsf_minus_native"":""-7"",""percent_of_native"":""-87.5""},{""pair"":4,""first_arm"":""lsf"",""native_group"":1,""lsf_group"":0,""native"":""8"",""lsf"":""1"",""lsf_minus_native"":""-7"",""percent_of_native"":""-87.5""},{""pair"":5,""first_arm"":""native"",""native_group"":4,""lsf_group"":5,""native"":""8"",""lsf"":""1"",""lsf_minus_native"":""-7"",""percent_of_native"":""-87.5""},{""pair"":6,""first_arm"":""native"",""native_group"":2,""lsf_group"":3,""native"":""8"",""lsf"":""1"",""lsf_minus_native"":""-7"",""percent_of_native"":""-87.5""}]",7,7,0,"{""count"":""7"",""minimum"":""8"",""median"":""8"",""maximum"":""8"",""median_absolute_deviation"":""0""}","{""count"":""7"",""minimum"":""1"",""median"":""1"",""maximum"":""1"",""median_absolute_deviation"":""0""}","{""count"":""7"",""minimum"":""-7"",""median"":""-7"",""maximum"":""-7"",""median_absolute_deviation"":""0""}",7,0,0,"{""lsf"":{""pair_count"":3,""available_pairs"":3,""unavailable_pairs"":0,""native"":{""count"":""3"",""minimum"":""8"",""median"":""8"",""maximum"":""8"",""median_absolute_deviation"":""0""},""lsf"":{""count"":""3"",""minimum"":""1"",""median"":""1"",""maximum"":""1"",""median_absolute_deviation"":""0""},""paired_difference"":{""count"":""3"",""minimum"":""-7"",""median"":""-7"",""maximum"":""-7"",""median_absolute_deviation"":""0""},""lower"":3,""equal"":0,""higher"":0},""native"":{""pair_count"":4,""available_pairs"":4,""unavailable_pairs"":0,""native"":{""count"":""4"",""minimum"":""8"",""median"":""8"",""maximum"":""8"",""median_absolute_deviation"":""0""},""lsf"":{""count"":""4"",""minimum"":""1"",""median"":""1"",""maximum"":""1"",""median_absolute_deviation"":""0""},""paired_difference"":{""count"":""4"",""minimum"":""-7"",""median"":""-7"",""maximum"":""-7"",""median_absolute_deviation"":""0""},""lower"":4,""equal"":0,""higher"":0}}"
8,served,after,wrapper.rss_bytes,bytes,"[{""pair"":0,""first_arm"":""native"",""native_group"":2,""lsf_group"":3,""native"":""30277632"",""lsf"":""4063232"",""lsf_minus_native"":""-26214400"",""percent_of_native"":""-86.580087""},{""pair"":1,""first_arm"":""native"",""native_group"":0,""lsf_group"":1,""native"":""30539776"",""lsf"":""3932160"",""lsf_minus_native"":""-26607616"",""percent_of_native"":""-87.124464""},{""pair"":2,""first_arm"":""lsf"",""native_group"":5,""lsf_group"":4,""native"":""29884416"",""lsf"":""3932160"",""lsf_minus_native"":""-25952256"",""percent_of_native"":""-86.842105""},{""pair"":3,""first_arm"":""lsf"",""native_group"":3,""lsf_group"":2,""native"":""30277632"",""lsf"":""3932160"",""lsf_minus_native"":""-26345472"",""percent_of_native"":""-87.012987""},{""pair"":4,""first_arm"":""lsf"",""native_group"":1,""lsf_group"":0,""native"":""30670848"",""lsf"":""4063232"",""lsf_minus_native"":""-26607616"",""percent_of_native"":""-86.752137""},{""pair"":5,""first_arm"":""native"",""native_group"":4,""lsf_group"":5,""native"":""30539776"",""lsf"":""4194304"",""lsf_minus_native"":""-26345472"",""percent_of_native"":""-86.266094""},{""pair"":6,""first_arm"":""native"",""native_group"":2,""lsf_group"":3,""native"":""30539776"",""lsf"":""4194304"",""lsf_minus_native"":""-26345472"",""percent_of_native"":""-86.266094""}]",7,7,0,"{""count"":""7"",""minimum"":""29884416"",""median"":""30539776"",""maximum"":""30670848"",""median_absolute_deviation"":""131072""}","{""count"":""7"",""minimum"":""3932160"",""median"":""4063232"",""maximum"":""4194304"",""median_absolute_deviation"":""131072""}","{""count"":""7"",""minimum"":""-26607616"",""median"":""-26345472"",""maximum"":""-25952256"",""median_absolute_deviation"":""131072""}",7,0,0,"{""lsf"":{""pair_count"":3,""available_pairs"":3,""unavailable_pairs"":0,""native"":{""count"":""3"",""minimum"":""29884416"",""median"":""30277632"",""maximum"":""30670848"",""median_absolute_deviation"":""393216""},""lsf"":{""count"":""3"",""minimum"":""3932160"",""median"":""3932160"",""maximum"":""4063232"",""median_absolute_deviation"":""0""},""paired_difference"":{""count"":""3"",""minimum"":""-26607616"",""median"":""-26345472"",""maximum"":""-25952256"",""median_absolute_deviation"":""262144""},""lower"":3,""equal"":0,""higher"":0},""native"":{""pair_count"":4,""available_pairs"":4,""unavailable_pairs"":0,""native"":{""count"":""4"",""minimum"":""30277632"",""median"":""30539776"",""maximum"":""30539776"",""median_absolute_deviation"":""0""},""lsf"":{""count"":""4"",""minimum"":""3932160"",""median"":""4128768"",""maximum"":""4194304"",""median_absolute_deviation"":""65536""},""paired_difference"":{""count"":""4"",""minimum"":""-26607616"",""median"":""-26345472"",""maximum"":""-26214400"",""median_absolute_deviation"":""65536""},""lower"":4,""equal"":0,""higher"":0}}"
8,served,after,wrapper.threads,count,"[{""pair"":0,""first_arm"":""native"",""native_group"":2,""lsf_group"":3,""native"":""24"",""lsf"":""3"",""lsf_minus_native"":""-21"",""percent_of_native"":""-87.5""},{""pair"":1,""first_arm"":""native"",""native_group"":0,""lsf_group"":1,""native"":""24"",""lsf"":""3"",""lsf_minus_native"":""-21"",""percent_of_native"":""-87.5""},{""pair"":2,""first_arm"":""lsf"",""native_group"":5,""lsf_group"":4,""native"":""24"",""lsf"":""3"",""lsf_minus_native"":""-21"",""percent_of_native"":""-87.5""},{""pair"":3,""first_arm"":""lsf"",""native_group"":3,""lsf_group"":2,""native"":""24"",""lsf"":""3"",""lsf_minus_native"":""-21"",""percent_of_native"":""-87.5""},{""pair"":4,""first_arm"":""lsf"",""native_group"":1,""lsf_group"":0,""native"":""24"",""lsf"":""3"",""lsf_minus_native"":""-21"",""percent_of_native"":""-87.5""},{""pair"":5,""first_arm"":""native"",""native_group"":4,""lsf_group"":5,""native"":""24"",""lsf"":""3"",""lsf_minus_native"":""-21"",""percent_of_native"":""-87.5""},{""pair"":6,""first_arm"":""native"",""native_group"":2,""lsf_group"":3,""native"":""24"",""lsf"":""3"",""lsf_minus_native"":""-21"",""percent_of_native"":""-87.5""}]",7,7,0,"{""count"":""7"",""minimum"":""24"",""median"":""24"",""maximum"":""24"",""median_absolute_deviation"":""0""}","{""count"":""7"",""minimum"":""3"",""median"":""3"",""maximum"":""3"",""median_absolute_deviation"":""0""}","{""count"":""7"",""minimum"":""-21"",""median"":""-21"",""maximum"":""-21"",""median_absolute_deviation"":""0""}",7,0,0,"{""lsf"":{""pair_count"":3,""available_pairs"":3,""unavailable_pairs"":0,""native"":{""count"":""3"",""minimum"":""24"",""median"":""24"",""maximum"":""24"",""median_absolute_deviation"":""0""},""lsf"":{""count"":""3"",""minimum"":""3"",""median"":""3"",""maximum"":""3"",""median_absolute_deviation"":""0""},""paired_difference"":{""count"":""3"",""minimum"":""-21"",""median"":""-21"",""maximum"":""-21"",""median_absolute_deviation"":""0""},""lower"":3,""equal"":0,""higher"":0},""native"":{""pair_count"":4,""available_pairs"":4,""unavailable_pairs"":0,""native"":{""count"":""4"",""minimum"":""24"",""median"":""24"",""maximum"":""24"",""median_absolute_deviation"":""0""},""lsf"":{""count"":""4"",""minimum"":""3"",""median"":""3"",""maximum"":""3"",""median_absolute_deviation"":""0""},""paired_difference"":{""count"":""4"",""minimum"":""-21"",""median"":""-21"",""maximum"":""-21"",""median_absolute_deviation"":""0""},""lower"":4,""equal"":0,""higher"":0}}"
8,served,after,wrapper.fd_count,count,"[{""pair"":0,""first_arm"":""native"",""native_group"":2,""lsf_group"":3,""native"":""152"",""lsf"":""33"",""lsf_minus_native"":""-119"",""percent_of_native"":""-78.289474""},{""pair"":1,""first_arm"":""native"",""native_group"":0,""lsf_group"":1,""native"":""152"",""lsf"":""33"",""lsf_minus_native"":""-119"",""percent_of_native"":""-78.289474""},{""pair"":2,""first_arm"":""lsf"",""native_group"":5,""lsf_group"":4,""native"":""152"",""lsf"":""33"",""lsf_minus_native"":""-119"",""percent_of_native"":""-78.289474""},{""pair"":3,""first_arm"":""lsf"",""native_group"":3,""lsf_group"":2,""native"":""152"",""lsf"":""33"",""lsf_minus_native"":""-119"",""percent_of_native"":""-78.289474""},{""pair"":4,""first_arm"":""lsf"",""native_group"":1,""lsf_group"":0,""native"":""152"",""lsf"":""33"",""lsf_minus_native"":""-119"",""percent_of_native"":""-78.289474""},{""pair"":5,""first_arm"":""native"",""native_group"":4,""lsf_group"":5,""native"":""152"",""lsf"":""33"",""lsf_minus_native"":""-119"",""percent_of_native"":""-78.289474""},{""pair"":6,""first_arm"":""native"",""native_group"":2,""lsf_group"":3,""native"":""152"",""lsf"":""33"",""lsf_minus_native"":""-119"",""percent_of_native"":""-78.289474""}]",7,7,0,"{""count"":""7"",""minimum"":""152"",""median"":""152"",""maximum"":""152"",""median_absolute_deviation"":""0""}","{""count"":""7"",""minimum"":""33"",""median"":""33"",""maximum"":""33"",""median_absolute_deviation"":""0""}","{""count"":""7"",""minimum"":""-119"",""median"":""-119"",""maximum"":""-119"",""median_absolute_deviation"":""0""}",7,0,0,"{""lsf"":{""pair_count"":3,""available_pairs"":3,""unavailable_pairs"":0,""native"":{""count"":""3"",""minimum"":""152"",""median"":""152"",""maximum"":""152"",""median_absolute_deviation"":""0""},""lsf"":{""count"":""3"",""minimum"":""33"",""median"":""33"",""maximum"":""33"",""median_absolute_deviation"":""0""},""paired_difference"":{""count"":""3"",""minimum"":""-119"",""median"":""-119"",""maximum"":""-119"",""median_absolute_deviation"":""0""},""lower"":3,""equal"":0,""higher"":0},""native"":{""pair_count"":4,""available_pairs"":4,""unavailable_pairs"":0,""native"":{""count"":""4"",""minimum"":""152"",""median"":""152"",""maximum"":""152"",""median_absolute_deviation"":""0""},""lsf"":{""count"":""4"",""minimum"":""33"",""median"":""33"",""maximum"":""33"",""median_absolute_deviation"":""0""},""paired_difference"":{""count"":""4"",""minimum"":""-119"",""median"":""-119"",""maximum"":""-119"",""median_absolute_deviation"":""0""},""lower"":4,""equal"":0,""higher"":0}}"
8,served,after,wrapper.listener_count,count,"[{""pair"":0,""first_arm"":""native"",""native_group"":2,""lsf_group"":3,""native"":""8"",""lsf"":""1"",""lsf_minus_native"":""-7"",""percent_of_native"":""-87.5""},{""pair"":1,""first_arm"":""native"",""native_group"":0,""lsf_group"":1,""native"":""8"",""lsf"":""1"",""lsf_minus_native"":""-7"",""percent_of_native"":""-87.5""},{""pair"":2,""first_arm"":""lsf"",""native_group"":5,""lsf_group"":4,""native"":""8"",""lsf"":""1"",""lsf_minus_native"":""-7"",""percent_of_native"":""-87.5""},{""pair"":3,""first_arm"":""lsf"",""native_group"":3,""lsf_group"":2,""native"":""8"",""lsf"":""1"",""lsf_minus_native"":""-7"",""percent_of_native"":""-87.5""},{""pair"":4,""first_arm"":""lsf"",""native_group"":1,""lsf_group"":0,""native"":""8"",""lsf"":""1"",""lsf_minus_native"":""-7"",""percent_of_native"":""-87.5""},{""pair"":5,""first_arm"":""native"",""native_group"":4,""lsf_group"":5,""native"":""8"",""lsf"":""1"",""lsf_minus_native"":""-7"",""percent_of_native"":""-87.5""},{""pair"":6,""first_arm"":""native"",""native_group"":2,""lsf_group"":3,""native"":""8"",""lsf"":""1"",""lsf_minus_native"":""-7"",""percent_of_native"":""-87.5""}]",7,7,0,"{""count"":""7"",""minimum"":""8"",""median"":""8"",""maximum"":""8"",""median_absolute_deviation"":""0""}","{""count"":""7"",""minimum"":""1"",""median"":""1"",""maximum"":""1"",""median_absolute_deviation"":""0""}","{""count"":""7"",""minimum"":""-7"",""median"":""-7"",""maximum"":""-7"",""median_absolute_deviation"":""0""}",7,0,0,"{""lsf"":{""pair_count"":3,""available_pairs"":3,""unavailable_pairs"":0,""native"":{""count"":""3"",""minimum"":""8"",""median"":""8"",""maximum"":""8"",""median_absolute_deviation"":""0""},""lsf"":{""count"":""3"",""minimum"":""1"",""median"":""1"",""maximum"":""1"",""median_absolute_deviation"":""0""},""paired_difference"":{""count"":""3"",""minimum"":""-7"",""median"":""-7"",""maximum"":""-7"",""median_absolute_deviation"":""0""},""lower"":3,""equal"":0,""higher"":0},""native"":{""pair_count"":4,""available_pairs"":4,""unavailable_pairs"":0,""native"":{""count"":""4"",""minimum"":""8"",""median"":""8"",""maximum"":""8"",""median_absolute_deviation"":""0""},""lsf"":{""count"":""4"",""minimum"":""1"",""median"":""1"",""maximum"":""1"",""median_absolute_deviation"":""0""},""paired_difference"":{""count"":""4"",""minimum"":""-7"",""median"":""-7"",""maximum"":""-7"",""median_absolute_deviation"":""0""},""lower"":4,""equal"":0,""higher"":0}}"
8,served,after,cgroup.memory_current_bytes,bytes,"[{""pair"":0,""first_arm"":""native"",""native_group"":2,""lsf_group"":3,""native"":""14761984"",""lsf"":""7720960"",""lsf_minus_native"":""-7041024"",""percent_of_native"":""-47.697003""},{""pair"":1,""first_arm"":""native"",""native_group"":0,""lsf_group"":1,""native"":""14712832"",""lsf"":""7565312"",""lsf_minus_native"":""-7147520"",""percent_of_native"":""-48.580178""},{""pair"":2,""first_arm"":""lsf"",""native_group"":5,""lsf_group"":4,""native"":""14761984"",""lsf"":""7733248"",""lsf_minus_native"":""-7028736"",""percent_of_native"":""-47.613762""},{""pair"":3,""first_arm"":""lsf"",""native_group"":3,""lsf_group"":2,""native"":""14721024"",""lsf"":""7565312"",""lsf_minus_native"":""-7155712"",""percent_of_native"":""-48.608792""},{""pair"":4,""first_arm"":""lsf"",""native_group"":1,""lsf_group"":0,""native"":""14725120"",""lsf"":""7573504"",""lsf_minus_native"":""-7151616"",""percent_of_native"":""-48.567455""},{""pair"":5,""first_arm"":""native"",""native_group"":4,""lsf_group"":5,""native"":""14761984"",""lsf"":""7725056"",""lsf_minus_native"":""-7036928"",""percent_of_native"":""-47.669256""},{""pair"":6,""first_arm"":""native"",""native_group"":2,""lsf_group"":3,""native"":""14753792"",""lsf"":""7667712"",""lsf_minus_native"":""-7086080"",""percent_of_native"":""-48.028873""}]",7,7,0,"{""count"":""7"",""minimum"":""14712832"",""median"":""14753792"",""maximum"":""14761984"",""median_absolute_deviation"":""8192""}","{""count"":""7"",""minimum"":""7565312"",""median"":""7667712"",""maximum"":""7733248"",""median_absolute_deviation"":""65536""}","{""count"":""7"",""minimum"":""-7155712"",""median"":""-7086080"",""maximum"":""-7028736"",""median_absolute_deviation"":""57344""}",7,0,0,"{""lsf"":{""pair_count"":3,""available_pairs"":3,""unavailable_pairs"":0,""native"":{""count"":""3"",""minimum"":""14721024"",""median"":""14725120"",""maximum"":""14761984"",""median_absolute_deviation"":""4096""},""lsf"":{""count"":""3"",""minimum"":""7565312"",""median"":""7573504"",""maximum"":""7733248"",""median_absolute_deviation"":""8192""},""paired_difference"":{""count"":""3"",""minimum"":""-7155712"",""median"":""-7151616"",""maximum"":""-7028736"",""median_absolute_deviation"":""4096""},""lower"":3,""equal"":0,""higher"":0},""native"":{""pair_count"":4,""available_pairs"":4,""unavailable_pairs"":0,""native"":{""count"":""4"",""minimum"":""14712832"",""median"":""14757888"",""maximum"":""14761984"",""median_absolute_deviation"":""4096""},""lsf"":{""count"":""4"",""minimum"":""7565312"",""median"":""7694336"",""maximum"":""7725056"",""median_absolute_deviation"":""28672""},""paired_difference"":{""count"":""4"",""minimum"":""-7147520"",""median"":""-7063552"",""maximum"":""-7036928"",""median_absolute_deviation"":""24576""},""lower"":4,""equal"":0,""higher"":0}}"
8,served,after,cgroup.sum_leaf_lifetime_memory_peak_bytes,bytes,"[{""pair"":0,""first_arm"":""native"",""native_group"":2,""lsf_group"":3,""native"":""49389568"",""lsf"":""8728576"",""lsf_minus_native"":""-40660992"",""percent_of_native"":""-82.327086""},{""pair"":1,""first_arm"":""native"",""native_group"":0,""lsf_group"":1,""native"":""50491392"",""lsf"":""8298496"",""lsf_minus_native"":""-42192896"",""percent_of_native"":""-83.564533""},{""pair"":2,""first_arm"":""lsf"",""native_group"":5,""lsf_group"":4,""native"":""48455680"",""lsf"":""8536064"",""lsf_minus_native"":""-39919616"",""percent_of_native"":""-82.38377""},{""pair"":3,""first_arm"":""lsf"",""native_group"":3,""lsf_group"":2,""native"":""50155520"",""lsf"":""8585216"",""lsf_minus_native"":""-41570304"",""percent_of_native"":""-82.882809""},{""pair"":4,""first_arm"":""lsf"",""native_group"":1,""lsf_group"":0,""native"":""49991680"",""lsf"":""8155136"",""lsf_minus_native"":""-41836544"",""percent_of_native"":""-83.687014""},{""pair"":5,""first_arm"":""native"",""native_group"":4,""lsf_group"":5,""native"":""49799168"",""lsf"":""8626176"",""lsf_minus_native"":""-41172992"",""percent_of_native"":""-82.678072""},{""pair"":6,""first_arm"":""native"",""native_group"":2,""lsf_group"":3,""native"":""49201152"",""lsf"":""8687616"",""lsf_minus_native"":""-40513536"",""percent_of_native"":""-82.342657""}]",7,7,0,"{""count"":""7"",""minimum"":""48455680"",""median"":""49799168"",""maximum"":""50491392"",""median_absolute_deviation"":""409600""}","{""count"":""7"",""minimum"":""8155136"",""median"":""8585216"",""maximum"":""8728576"",""median_absolute_deviation"":""102400""}","{""count"":""7"",""minimum"":""-42192896"",""median"":""-41172992"",""maximum"":""-39919616"",""median_absolute_deviation"":""659456""}",7,0,0,"{""lsf"":{""pair_count"":3,""available_pairs"":3,""unavailable_pairs"":0,""native"":{""count"":""3"",""minimum"":""48455680"",""median"":""49991680"",""maximum"":""50155520"",""median_absolute_deviation"":""163840""},""lsf"":{""count"":""3"",""minimum"":""8155136"",""median"":""8536064"",""maximum"":""8585216"",""median_absolute_deviation"":""49152""},""paired_difference"":{""count"":""3"",""minimum"":""-41836544"",""median"":""-41570304"",""maximum"":""-39919616"",""median_absolute_deviation"":""266240""},""lower"":3,""equal"":0,""higher"":0},""native"":{""pair_count"":4,""available_pairs"":4,""unavailable_pairs"":0,""native"":{""count"":""4"",""minimum"":""49201152"",""median"":""49594368"",""maximum"":""50491392"",""median_absolute_deviation"":""299008""},""lsf"":{""count"":""4"",""minimum"":""8298496"",""median"":""8656896"",""maximum"":""8728576"",""median_absolute_deviation"":""51200""},""paired_difference"":{""count"":""4"",""minimum"":""-42192896"",""median"":""-40916992"",""maximum"":""-40513536"",""median_absolute_deviation"":""329728""},""lower"":4,""equal"":0,""higher"":0}}"
8,served,after,cgroup.memory_swap_current_bytes,bytes,"[{""pair"":0,""first_arm"":""native"",""native_group"":2,""lsf_group"":3,""native"":""0"",""lsf"":""0"",""lsf_minus_native"":""0"",""percent_of_native"":null},{""pair"":1,""first_arm"":""native"",""native_group"":0,""lsf_group"":1,""native"":""0"",""lsf"":""0"",""lsf_minus_native"":""0"",""percent_of_native"":null},{""pair"":2,""first_arm"":""lsf"",""native_group"":5,""lsf_group"":4,""native"":""0"",""lsf"":""0"",""lsf_minus_native"":""0"",""percent_of_native"":null},{""pair"":3,""first_arm"":""lsf"",""native_group"":3,""lsf_group"":2,""native"":""0"",""lsf"":""0"",""lsf_minus_native"":""0"",""percent_of_native"":null},{""pair"":4,""first_arm"":""lsf"",""native_group"":1,""lsf_group"":0,""native"":""0"",""lsf"":""0"",""lsf_minus_native"":""0"",""percent_of_native"":null},{""pair"":5,""first_arm"":""native"",""native_group"":4,""lsf_group"":5,""native"":""0"",""lsf"":""0"",""lsf_minus_native"":""0"",""percent_of_native"":null},{""pair"":6,""first_arm"":""native"",""native_group"":2,""lsf_group"":3,""native"":""0"",""lsf"":""0"",""lsf_minus_native"":""0"",""percent_of_native"":null}]",7,7,0,"{""count"":""7"",""minimum"":""0"",""median"":""0"",""maximum"":""0"",""median_absolute_deviation"":""0""}","{""count"":""7"",""minimum"":""0"",""median"":""0"",""maximum"":""0"",""median_absolute_deviation"":""0""}","{""count"":""7"",""minimum"":""0"",""median"":""0"",""maximum"":""0"",""median_absolute_deviation"":""0""}",0,7,0,"{""lsf"":{""pair_count"":3,""available_pairs"":3,""unavailable_pairs"":0,""native"":{""count"":""3"",""minimum"":""0"",""median"":""0"",""maximum"":""0"",""median_absolute_deviation"":""0""},""lsf"":{""count"":""3"",""minimum"":""0"",""median"":""0"",""maximum"":""0"",""median_absolute_deviation"":""0""},""paired_difference"":{""count"":""3"",""minimum"":""0"",""median"":""0"",""maximum"":""0"",""median_absolute_deviation"":""0""},""lower"":0,""equal"":3,""higher"":0},""native"":{""pair_count"":4,""available_pairs"":4,""unavailable_pairs"":0,""native"":{""count"":""4"",""minimum"":""0"",""median"":""0"",""maximum"":""0"",""median_absolute_deviation"":""0""},""lsf"":{""count"":""4"",""minimum"":""0"",""median"":""0"",""maximum"":""0"",""median_absolute_deviation"":""0""},""paired_difference"":{""count"":""4"",""minimum"":""0"",""median"":""0"",""maximum"":""0"",""median_absolute_deviation"":""0""},""lower"":0,""equal"":4,""higher"":0}}"
8,served,after,cgroup.pids_current,count,"[{""pair"":0,""first_arm"":""native"",""native_group"":2,""lsf_group"":3,""native"":""48"",""lsf"":""10"",""lsf_minus_native"":""-38"",""percent_of_native"":""-79.166667""},{""pair"":1,""first_arm"":""native"",""native_group"":0,""lsf_group"":1,""native"":""48"",""lsf"":""10"",""lsf_minus_native"":""-38"",""percent_of_native"":""-79.166667""},{""pair"":2,""first_arm"":""lsf"",""native_group"":5,""lsf_group"":4,""native"":""48"",""lsf"":""10"",""lsf_minus_native"":""-38"",""percent_of_native"":""-79.166667""},{""pair"":3,""first_arm"":""lsf"",""native_group"":3,""lsf_group"":2,""native"":""48"",""lsf"":""10"",""lsf_minus_native"":""-38"",""percent_of_native"":""-79.166667""},{""pair"":4,""first_arm"":""lsf"",""native_group"":1,""lsf_group"":0,""native"":""48"",""lsf"":""10"",""lsf_minus_native"":""-38"",""percent_of_native"":""-79.166667""},{""pair"":5,""first_arm"":""native"",""native_group"":4,""lsf_group"":5,""native"":""48"",""lsf"":""10"",""lsf_minus_native"":""-38"",""percent_of_native"":""-79.166667""},{""pair"":6,""first_arm"":""native"",""native_group"":2,""lsf_group"":3,""native"":""48"",""lsf"":""10"",""lsf_minus_native"":""-38"",""percent_of_native"":""-79.166667""}]",7,7,0,"{""count"":""7"",""minimum"":""48"",""median"":""48"",""maximum"":""48"",""median_absolute_deviation"":""0""}","{""count"":""7"",""minimum"":""10"",""median"":""10"",""maximum"":""10"",""median_absolute_deviation"":""0""}","{""count"":""7"",""minimum"":""-38"",""median"":""-38"",""maximum"":""-38"",""median_absolute_deviation"":""0""}",7,0,0,"{""lsf"":{""pair_count"":3,""available_pairs"":3,""unavailable_pairs"":0,""native"":{""count"":""3"",""minimum"":""48"",""median"":""48"",""maximum"":""48"",""median_absolute_deviation"":""0""},""lsf"":{""count"":""3"",""minimum"":""10"",""median"":""10"",""maximum"":""10"",""median_absolute_deviation"":""0""},""paired_difference"":{""count"":""3"",""minimum"":""-38"",""median"":""-38"",""maximum"":""-38"",""median_absolute_deviation"":""0""},""lower"":3,""equal"":0,""higher"":0},""native"":{""pair_count"":4,""available_pairs"":4,""unavailable_pairs"":0,""native"":{""count"":""4"",""minimum"":""48"",""median"":""48"",""maximum"":""48"",""median_absolute_deviation"":""0""},""lsf"":{""count"":""4"",""minimum"":""10"",""median"":""10"",""maximum"":""10"",""median_absolute_deviation"":""0""},""paired_difference"":{""count"":""4"",""minimum"":""-38"",""median"":""-38"",""maximum"":""-38"",""median_absolute_deviation"":""0""},""lower"":4,""equal"":0,""higher"":0}}"
8,served,after,cgroup.cpu.usage_usec,us,"[{""pair"":0,""first_arm"":""native"",""native_group"":2,""lsf_group"":3,""native"":""698411"",""lsf"":""440949"",""lsf_minus_native"":""-257462"",""percent_of_native"":""-36.863967""},{""pair"":1,""first_arm"":""native"",""native_group"":0,""lsf_group"":1,""native"":""834953"",""lsf"":""416750"",""lsf_minus_native"":""-418203"",""percent_of_native"":""-50.087011""},{""pair"":2,""first_arm"":""lsf"",""native_group"":5,""lsf_group"":4,""native"":""685189"",""lsf"":""408187"",""lsf_minus_native"":""-277002"",""percent_of_native"":""-40.427094""},{""pair"":3,""first_arm"":""lsf"",""native_group"":3,""lsf_group"":2,""native"":""704035"",""lsf"":""414245"",""lsf_minus_native"":""-289790"",""percent_of_native"":""-41.161306""},{""pair"":4,""first_arm"":""lsf"",""native_group"":1,""lsf_group"":0,""native"":""694147"",""lsf"":""392740"",""lsf_minus_native"":""-301407"",""percent_of_native"":""-43.421206""},{""pair"":5,""first_arm"":""native"",""native_group"":4,""lsf_group"":5,""native"":""669906"",""lsf"":""450888"",""lsf_minus_native"":""-219018"",""percent_of_native"":""-32.693841""},{""pair"":6,""first_arm"":""native"",""native_group"":2,""lsf_group"":3,""native"":""711466"",""lsf"":""440227"",""lsf_minus_native"":""-271239"",""percent_of_native"":""-38.123958""}]",7,7,0,"{""count"":""7"",""minimum"":""669906"",""median"":""698411"",""maximum"":""834953"",""median_absolute_deviation"":""13055""}","{""count"":""7"",""minimum"":""392740"",""median"":""416750"",""maximum"":""450888"",""median_absolute_deviation"":""23477""}","{""count"":""7"",""minimum"":""-418203"",""median"":""-277002"",""maximum"":""-219018"",""median_absolute_deviation"":""19540""}",7,0,0,"{""lsf"":{""pair_count"":3,""available_pairs"":3,""unavailable_pairs"":0,""native"":{""count"":""3"",""minimum"":""685189"",""median"":""694147"",""maximum"":""704035"",""median_absolute_deviation"":""8958""},""lsf"":{""count"":""3"",""minimum"":""392740"",""median"":""408187"",""maximum"":""414245"",""median_absolute_deviation"":""6058""},""paired_difference"":{""count"":""3"",""minimum"":""-301407"",""median"":""-289790"",""maximum"":""-277002"",""median_absolute_deviation"":""11617""},""lower"":3,""equal"":0,""higher"":0},""native"":{""pair_count"":4,""available_pairs"":4,""unavailable_pairs"":0,""native"":{""count"":""4"",""minimum"":""669906"",""median"":""704938.5"",""maximum"":""834953"",""median_absolute_deviation"":""20780""},""lsf"":{""count"":""4"",""minimum"":""416750"",""median"":""440588"",""maximum"":""450888"",""median_absolute_deviation"":""5330.5""},""paired_difference"":{""count"":""4"",""minimum"":""-418203"",""median"":""-264350.5"",""maximum"":""-219018"",""median_absolute_deviation"":""26110.5""},""lower"":4,""equal"":0,""higher"":0}}"
8,served,after,cgroup.cpu.user_usec,us,"[{""pair"":0,""first_arm"":""native"",""native_group"":2,""lsf_group"":3,""native"":""136386"",""lsf"":""352944"",""lsf_minus_native"":""216558"",""percent_of_native"":""158.78316""},{""pair"":1,""first_arm"":""native"",""native_group"":0,""lsf_group"":1,""native"":""204526"",""lsf"":""325899"",""lsf_minus_native"":""121373"",""percent_of_native"":""59.343555""},{""pair"":2,""first_arm"":""lsf"",""native_group"":5,""lsf_group"":4,""native"":""119511"",""lsf"":""331399"",""lsf_minus_native"":""211888"",""percent_of_native"":""177.295814""},{""pair"":3,""first_arm"":""lsf"",""native_group"":3,""lsf_group"":2,""native"":""130126"",""lsf"":""331396"",""lsf_minus_native"":""201270"",""percent_of_native"":""154.673163""},{""pair"":4,""first_arm"":""lsf"",""native_group"":1,""lsf_group"":0,""native"":""121379"",""lsf"":""297656"",""lsf_minus_native"":""176277"",""percent_of_native"":""145.228582""},{""pair"":5,""first_arm"":""native"",""native_group"":4,""lsf_group"":5,""native"":""106063"",""lsf"":""358295"",""lsf_minus_native"":""252232"",""percent_of_native"":""237.813375""},{""pair"":6,""first_arm"":""native"",""native_group"":2,""lsf_group"":3,""native"":""108845"",""lsf"":""345599"",""lsf_minus_native"":""236754"",""percent_of_native"":""217.514815""}]",7,7,0,"{""count"":""7"",""minimum"":""106063"",""median"":""121379"",""maximum"":""204526"",""median_absolute_deviation"":""12534""}","{""count"":""7"",""minimum"":""297656"",""median"":""331399"",""maximum"":""358295"",""median_absolute_deviation"":""14200""}","{""count"":""7"",""minimum"":""121373"",""median"":""211888"",""maximum"":""252232"",""median_absolute_deviation"":""24866""}",0,0,7,"{""lsf"":{""pair_count"":3,""available_pairs"":3,""unavailable_pairs"":0,""native"":{""count"":""3"",""minimum"":""119511"",""median"":""121379"",""maximum"":""130126"",""median_absolute_deviation"":""1868""},""lsf"":{""count"":""3"",""minimum"":""297656"",""median"":""331396"",""maximum"":""331399"",""median_absolute_deviation"":""3""},""paired_difference"":{""count"":""3"",""minimum"":""176277"",""median"":""201270"",""maximum"":""211888"",""median_absolute_deviation"":""10618""},""lower"":0,""equal"":0,""higher"":3},""native"":{""pair_count"":4,""available_pairs"":4,""unavailable_pairs"":0,""native"":{""count"":""4"",""minimum"":""106063"",""median"":""122615.5"",""maximum"":""204526"",""median_absolute_deviation"":""15161.5""},""lsf"":{""count"":""4"",""minimum"":""325899"",""median"":""349271.5"",""maximum"":""358295"",""median_absolute_deviation"":""6348""},""paired_difference"":{""count"":""4"",""minimum"":""121373"",""median"":""226656"",""maximum"":""252232"",""median_absolute_deviation"":""17837""},""lower"":0,""equal"":0,""higher"":4}}"
8,served,after,cgroup.cpu.system_usec,us,"[{""pair"":0,""first_arm"":""native"",""native_group"":2,""lsf_group"":3,""native"":""562022"",""lsf"":""88004"",""lsf_minus_native"":""-474018"",""percent_of_native"":""-84.341538""},{""pair"":1,""first_arm"":""native"",""native_group"":0,""lsf_group"":1,""native"":""630422"",""lsf"":""90850"",""lsf_minus_native"":""-539572"",""percent_of_native"":""-85.589018""},{""pair"":2,""first_arm"":""lsf"",""native_group"":5,""lsf_group"":4,""native"":""565676"",""lsf"":""76787"",""lsf_minus_native"":""-488889"",""percent_of_native"":""-86.425622""},{""pair"":3,""first_arm"":""lsf"",""native_group"":3,""lsf_group"":2,""native"":""573905"",""lsf"":""82849"",""lsf_minus_native"":""-491056"",""percent_of_native"":""-85.563987""},{""pair"":4,""first_arm"":""lsf"",""native_group"":1,""lsf_group"":0,""native"":""572764"",""lsf"":""95084"",""lsf_minus_native"":""-477680"",""percent_of_native"":""-83.399096""},{""pair"":5,""first_arm"":""native"",""native_group"":4,""lsf_group"":5,""native"":""563842"",""lsf"":""92593"",""lsf_minus_native"":""-471249"",""percent_of_native"":""-83.578201""},{""pair"":6,""first_arm"":""native"",""native_group"":2,""lsf_group"":3,""native"":""602618"",""lsf"":""94628"",""lsf_minus_native"":""-507990"",""percent_of_native"":""-84.297183""}]",7,7,0,"{""count"":""7"",""minimum"":""562022"",""median"":""572764"",""maximum"":""630422"",""median_absolute_deviation"":""8922""}","{""count"":""7"",""minimum"":""76787"",""median"":""90850"",""maximum"":""95084"",""median_absolute_deviation"":""3778""}","{""count"":""7"",""minimum"":""-539572"",""median"":""-488889"",""maximum"":""-471249"",""median_absolute_deviation"":""14871""}",7,0,0,"{""lsf"":{""pair_count"":3,""available_pairs"":3,""unavailable_pairs"":0,""native"":{""count"":""3"",""minimum"":""565676"",""median"":""572764"",""maximum"":""573905"",""median_absolute_deviation"":""1141""},""lsf"":{""count"":""3"",""minimum"":""76787"",""median"":""82849"",""maximum"":""95084"",""median_absolute_deviation"":""6062""},""paired_difference"":{""count"":""3"",""minimum"":""-491056"",""median"":""-488889"",""maximum"":""-477680"",""median_absolute_deviation"":""2167""},""lower"":3,""equal"":0,""higher"":0},""native"":{""pair_count"":4,""available_pairs"":4,""unavailable_pairs"":0,""native"":{""count"":""4"",""minimum"":""562022"",""median"":""583230"",""maximum"":""630422"",""median_absolute_deviation"":""20298""},""lsf"":{""count"":""4"",""minimum"":""88004"",""median"":""91721.5"",""maximum"":""94628"",""median_absolute_deviation"":""1889""},""paired_difference"":{""count"":""4"",""minimum"":""-539572"",""median"":""-491004"",""maximum"":""-471249"",""median_absolute_deviation"":""18370.5""},""lower"":4,""equal"":0,""higher"":0}}"
8,served,after,cgroup.cpu.nr_periods,count,"[{""pair"":0,""first_arm"":""native"",""native_group"":2,""lsf_group"":3,""native"":""87"",""lsf"":""36"",""lsf_minus_native"":""-51"",""percent_of_native"":""-58.62069""},{""pair"":1,""first_arm"":""native"",""native_group"":0,""lsf_group"":1,""native"":""104"",""lsf"":""33"",""lsf_minus_native"":""-71"",""percent_of_native"":""-68.269231""},{""pair"":2,""first_arm"":""lsf"",""native_group"":5,""lsf_group"":4,""native"":""99"",""lsf"":""33"",""lsf_minus_native"":""-66"",""percent_of_native"":""-66.666667""},{""pair"":3,""first_arm"":""lsf"",""native_group"":3,""lsf_group"":2,""native"":""92"",""lsf"":""31"",""lsf_minus_native"":""-61"",""percent_of_native"":""-66.304348""},{""pair"":4,""first_arm"":""lsf"",""native_group"":1,""lsf_group"":0,""native"":""98"",""lsf"":""30"",""lsf_minus_native"":""-68"",""percent_of_native"":""-69.387755""},{""pair"":5,""first_arm"":""native"",""native_group"":4,""lsf_group"":5,""native"":""95"",""lsf"":""36"",""lsf_minus_native"":""-59"",""percent_of_native"":""-62.105263""},{""pair"":6,""first_arm"":""native"",""native_group"":2,""lsf_group"":3,""native"":""94"",""lsf"":""35"",""lsf_minus_native"":""-59"",""percent_of_native"":""-62.765957""}]",7,7,0,"{""count"":""7"",""minimum"":""87"",""median"":""95"",""maximum"":""104"",""median_absolute_deviation"":""3""}","{""count"":""7"",""minimum"":""30"",""median"":""33"",""maximum"":""36"",""median_absolute_deviation"":""2""}","{""count"":""7"",""minimum"":""-71"",""median"":""-61"",""maximum"":""-51"",""median_absolute_deviation"":""5""}",7,0,0,"{""lsf"":{""pair_count"":3,""available_pairs"":3,""unavailable_pairs"":0,""native"":{""count"":""3"",""minimum"":""92"",""median"":""98"",""maximum"":""99"",""median_absolute_deviation"":""1""},""lsf"":{""count"":""3"",""minimum"":""30"",""median"":""31"",""maximum"":""33"",""median_absolute_deviation"":""1""},""paired_difference"":{""count"":""3"",""minimum"":""-68"",""median"":""-66"",""maximum"":""-61"",""median_absolute_deviation"":""2""},""lower"":3,""equal"":0,""higher"":0},""native"":{""pair_count"":4,""available_pairs"":4,""unavailable_pairs"":0,""native"":{""count"":""4"",""minimum"":""87"",""median"":""94.5"",""maximum"":""104"",""median_absolute_deviation"":""4""},""lsf"":{""count"":""4"",""minimum"":""33"",""median"":""35.5"",""maximum"":""36"",""median_absolute_deviation"":""0.5""},""paired_difference"":{""count"":""4"",""minimum"":""-71"",""median"":""-59"",""maximum"":""-51"",""median_absolute_deviation"":""4""},""lower"":4,""equal"":0,""higher"":0}}"
8,served,after,cgroup.cpu.nr_throttled,count,"[{""pair"":0,""first_arm"":""native"",""native_group"":2,""lsf_group"":3,""native"":""0"",""lsf"":""0"",""lsf_minus_native"":""0"",""percent_of_native"":null},{""pair"":1,""first_arm"":""native"",""native_group"":0,""lsf_group"":1,""native"":""0"",""lsf"":""0"",""lsf_minus_native"":""0"",""percent_of_native"":null},{""pair"":2,""first_arm"":""lsf"",""native_group"":5,""lsf_group"":4,""native"":""0"",""lsf"":""0"",""lsf_minus_native"":""0"",""percent_of_native"":null},{""pair"":3,""first_arm"":""lsf"",""native_group"":3,""lsf_group"":2,""native"":""0"",""lsf"":""0"",""lsf_minus_native"":""0"",""percent_of_native"":null},{""pair"":4,""first_arm"":""lsf"",""native_group"":1,""lsf_group"":0,""native"":""0"",""lsf"":""0"",""lsf_minus_native"":""0"",""percent_of_native"":null},{""pair"":5,""first_arm"":""native"",""native_group"":4,""lsf_group"":5,""native"":""0"",""lsf"":""0"",""lsf_minus_native"":""0"",""percent_of_native"":null},{""pair"":6,""first_arm"":""native"",""native_group"":2,""lsf_group"":3,""native"":""0"",""lsf"":""0"",""lsf_minus_native"":""0"",""percent_of_native"":null}]",7,7,0,"{""count"":""7"",""minimum"":""0"",""median"":""0"",""maximum"":""0"",""median_absolute_deviation"":""0""}","{""count"":""7"",""minimum"":""0"",""median"":""0"",""maximum"":""0"",""median_absolute_deviation"":""0""}","{""count"":""7"",""minimum"":""0"",""median"":""0"",""maximum"":""0"",""median_absolute_deviation"":""0""}",0,7,0,"{""lsf"":{""pair_count"":3,""available_pairs"":3,""unavailable_pairs"":0,""native"":{""count"":""3"",""minimum"":""0"",""median"":""0"",""maximum"":""0"",""median_absolute_deviation"":""0""},""lsf"":{""count"":""3"",""minimum"":""0"",""median"":""0"",""maximum"":""0"",""median_absolute_deviation"":""0""},""paired_difference"":{""count"":""3"",""minimum"":""0"",""median"":""0"",""maximum"":""0"",""median_absolute_deviation"":""0""},""lower"":0,""equal"":3,""higher"":0},""native"":{""pair_count"":4,""available_pairs"":4,""unavailable_pairs"":0,""native"":{""count"":""4"",""minimum"":""0"",""median"":""0"",""maximum"":""0"",""median_absolute_deviation"":""0""},""lsf"":{""count"":""4"",""minimum"":""0"",""median"":""0"",""maximum"":""0"",""median_absolute_deviation"":""0""},""paired_difference"":{""count"":""4"",""minimum"":""0"",""median"":""0"",""maximum"":""0"",""median_absolute_deviation"":""0""},""lower"":0,""equal"":4,""higher"":0}}"
8,served,after,cgroup.cpu.throttled_usec,us,"[{""pair"":0,""first_arm"":""native"",""native_group"":2,""lsf_group"":3,""native"":""0"",""lsf"":""0"",""lsf_minus_native"":""0"",""percent_of_native"":null},{""pair"":1,""first_arm"":""native"",""native_group"":0,""lsf_group"":1,""native"":""0"",""lsf"":""0"",""lsf_minus_native"":""0"",""percent_of_native"":null},{""pair"":2,""first_arm"":""lsf"",""native_group"":5,""lsf_group"":4,""native"":""0"",""lsf"":""0"",""lsf_minus_native"":""0"",""percent_of_native"":null},{""pair"":3,""first_arm"":""lsf"",""native_group"":3,""lsf_group"":2,""native"":""0"",""lsf"":""0"",""lsf_minus_native"":""0"",""percent_of_native"":null},{""pair"":4,""first_arm"":""lsf"",""native_group"":1,""lsf_group"":0,""native"":""0"",""lsf"":""0"",""lsf_minus_native"":""0"",""percent_of_native"":null},{""pair"":5,""first_arm"":""native"",""native_group"":4,""lsf_group"":5,""native"":""0"",""lsf"":""0"",""lsf_minus_native"":""0"",""percent_of_native"":null},{""pair"":6,""first_arm"":""native"",""native_group"":2,""lsf_group"":3,""native"":""0"",""lsf"":""0"",""lsf_minus_native"":""0"",""percent_of_native"":null}]",7,7,0,"{""count"":""7"",""minimum"":""0"",""median"":""0"",""maximum"":""0"",""median_absolute_deviation"":""0""}","{""count"":""7"",""minimum"":""0"",""median"":""0"",""maximum"":""0"",""median_absolute_deviation"":""0""}","{""count"":""7"",""minimum"":""0"",""median"":""0"",""maximum"":""0"",""median_absolute_deviation"":""0""}",0,7,0,"{""lsf"":{""pair_count"":3,""available_pairs"":3,""unavailable_pairs"":0,""native"":{""count"":""3"",""minimum"":""0"",""median"":""0"",""maximum"":""0"",""median_absolute_deviation"":""0""},""lsf"":{""count"":""3"",""minimum"":""0"",""median"":""0"",""maximum"":""0"",""median_absolute_deviation"":""0""},""paired_difference"":{""count"":""3"",""minimum"":""0"",""median"":""0"",""maximum"":""0"",""median_absolute_deviation"":""0""},""lower"":0,""equal"":3,""higher"":0},""native"":{""pair_count"":4,""available_pairs"":4,""unavailable_pairs"":0,""native"":{""count"":""4"",""minimum"":""0"",""median"":""0"",""maximum"":""0"",""median_absolute_deviation"":""0""},""lsf"":{""count"":""4"",""minimum"":""0"",""median"":""0"",""maximum"":""0"",""median_absolute_deviation"":""0""},""paired_difference"":{""count"":""4"",""minimum"":""0"",""median"":""0"",""maximum"":""0"",""median_absolute_deviation"":""0""},""lower"":0,""equal"":4,""higher"":0}}"
8,served,before,child.rss_bytes,bytes,"[{""pair"":0,""first_arm"":""native"",""native_group"":2,""lsf_group"":3,""native"":""37486592"",""lsf"":""23601152"",""lsf_minus_native"":""-13885440"",""percent_of_native"":""-37.041084""},{""pair"":1,""first_arm"":""native"",""native_group"":0,""lsf_group"":1,""native"":""37093376"",""lsf"":""23560192"",""lsf_minus_native"":""-13533184"",""percent_of_native"":""-36.484099""},{""pair"":2,""first_arm"":""lsf"",""native_group"":5,""lsf_group"":4,""native"":""37093376"",""lsf"":""23896064"",""lsf_minus_native"":""-13197312"",""percent_of_native"":""-35.578622""},{""pair"":3,""first_arm"":""lsf"",""native_group"":3,""lsf_group"":2,""native"":""37355520"",""lsf"":""23687168"",""lsf_minus_native"":""-13668352"",""percent_of_native"":""-36.589912""},{""pair"":4,""first_arm"":""lsf"",""native_group"":1,""lsf_group"":0,""native"":""36831232"",""lsf"":""23654400"",""lsf_minus_native"":""-13176832"",""percent_of_native"":""-35.776246""},{""pair"":5,""first_arm"":""native"",""native_group"":4,""lsf_group"":5,""native"":""37093376"",""lsf"":""23801856"",""lsf_minus_native"":""-13291520"",""percent_of_native"":""-35.832597""},{""pair"":6,""first_arm"":""native"",""native_group"":2,""lsf_group"":3,""native"":""36962304"",""lsf"":""23547904"",""lsf_minus_native"":""-13414400"",""percent_of_native"":""-36.29211""}]",7,7,0,"{""count"":""7"",""minimum"":""36831232"",""median"":""37093376"",""maximum"":""37486592"",""median_absolute_deviation"":""131072""}","{""count"":""7"",""minimum"":""23547904"",""median"":""23654400"",""maximum"":""23896064"",""median_absolute_deviation"":""94208""}","{""count"":""7"",""minimum"":""-13885440"",""median"":""-13414400"",""maximum"":""-13176832"",""median_absolute_deviation"":""217088""}",7,0,0,"{""lsf"":{""pair_count"":3,""available_pairs"":3,""unavailable_pairs"":0,""native"":{""count"":""3"",""minimum"":""36831232"",""median"":""37093376"",""maximum"":""37355520"",""median_absolute_deviation"":""262144""},""lsf"":{""count"":""3"",""minimum"":""23654400"",""median"":""23687168"",""maximum"":""23896064"",""median_absolute_deviation"":""32768""},""paired_difference"":{""count"":""3"",""minimum"":""-13668352"",""median"":""-13197312"",""maximum"":""-13176832"",""median_absolute_deviation"":""20480""},""lower"":3,""equal"":0,""higher"":0},""native"":{""pair_count"":4,""available_pairs"":4,""unavailable_pairs"":0,""native"":{""count"":""4"",""minimum"":""36962304"",""median"":""37093376"",""maximum"":""37486592"",""median_absolute_deviation"":""65536""},""lsf"":{""count"":""4"",""minimum"":""23547904"",""median"":""23580672"",""maximum"":""23801856"",""median_absolute_deviation"":""26624""},""paired_difference"":{""count"":""4"",""minimum"":""-13885440"",""median"":""-13473792"",""maximum"":""-13291520"",""median_absolute_deviation"":""120832""},""lower"":4,""equal"":0,""higher"":0}}"
8,served,before,child.threads,count,"[{""pair"":0,""first_arm"":""native"",""native_group"":2,""lsf_group"":3,""native"":""24"",""lsf"":""7"",""lsf_minus_native"":""-17"",""percent_of_native"":""-70.833333""},{""pair"":1,""first_arm"":""native"",""native_group"":0,""lsf_group"":1,""native"":""24"",""lsf"":""7"",""lsf_minus_native"":""-17"",""percent_of_native"":""-70.833333""},{""pair"":2,""first_arm"":""lsf"",""native_group"":5,""lsf_group"":4,""native"":""24"",""lsf"":""7"",""lsf_minus_native"":""-17"",""percent_of_native"":""-70.833333""},{""pair"":3,""first_arm"":""lsf"",""native_group"":3,""lsf_group"":2,""native"":""24"",""lsf"":""7"",""lsf_minus_native"":""-17"",""percent_of_native"":""-70.833333""},{""pair"":4,""first_arm"":""lsf"",""native_group"":1,""lsf_group"":0,""native"":""24"",""lsf"":""7"",""lsf_minus_native"":""-17"",""percent_of_native"":""-70.833333""},{""pair"":5,""first_arm"":""native"",""native_group"":4,""lsf_group"":5,""native"":""24"",""lsf"":""7"",""lsf_minus_native"":""-17"",""percent_of_native"":""-70.833333""},{""pair"":6,""first_arm"":""native"",""native_group"":2,""lsf_group"":3,""native"":""24"",""lsf"":""7"",""lsf_minus_native"":""-17"",""percent_of_native"":""-70.833333""}]",7,7,0,"{""count"":""7"",""minimum"":""24"",""median"":""24"",""maximum"":""24"",""median_absolute_deviation"":""0""}","{""count"":""7"",""minimum"":""7"",""median"":""7"",""maximum"":""7"",""median_absolute_deviation"":""0""}","{""count"":""7"",""minimum"":""-17"",""median"":""-17"",""maximum"":""-17"",""median_absolute_deviation"":""0""}",7,0,0,"{""lsf"":{""pair_count"":3,""available_pairs"":3,""unavailable_pairs"":0,""native"":{""count"":""3"",""minimum"":""24"",""median"":""24"",""maximum"":""24"",""median_absolute_deviation"":""0""},""lsf"":{""count"":""3"",""minimum"":""7"",""median"":""7"",""maximum"":""7"",""median_absolute_deviation"":""0""},""paired_difference"":{""count"":""3"",""minimum"":""-17"",""median"":""-17"",""maximum"":""-17"",""median_absolute_deviation"":""0""},""lower"":3,""equal"":0,""higher"":0},""native"":{""pair_count"":4,""available_pairs"":4,""unavailable_pairs"":0,""native"":{""count"":""4"",""minimum"":""24"",""median"":""24"",""maximum"":""24"",""median_absolute_deviation"":""0""},""lsf"":{""count"":""4"",""minimum"":""7"",""median"":""7"",""maximum"":""7"",""median_absolute_deviation"":""0""},""paired_difference"":{""count"":""4"",""minimum"":""-17"",""median"":""-17"",""maximum"":""-17"",""median_absolute_deviation"":""0""},""lower"":4,""equal"":0,""higher"":0}}"
8,served,before,child.fd_count,count,"[{""pair"":0,""first_arm"":""native"",""native_group"":2,""lsf_group"":3,""native"":""88"",""lsf"":""32"",""lsf_minus_native"":""-56"",""percent_of_native"":""-63.636364""},{""pair"":1,""first_arm"":""native"",""native_group"":0,""lsf_group"":1,""native"":""88"",""lsf"":""32"",""lsf_minus_native"":""-56"",""percent_of_native"":""-63.636364""},{""pair"":2,""first_arm"":""lsf"",""native_group"":5,""lsf_group"":4,""native"":""88"",""lsf"":""32"",""lsf_minus_native"":""-56"",""percent_of_native"":""-63.636364""},{""pair"":3,""first_arm"":""lsf"",""native_group"":3,""lsf_group"":2,""native"":""88"",""lsf"":""32"",""lsf_minus_native"":""-56"",""percent_of_native"":""-63.636364""},{""pair"":4,""first_arm"":""lsf"",""native_group"":1,""lsf_group"":0,""native"":""88"",""lsf"":""32"",""lsf_minus_native"":""-56"",""percent_of_native"":""-63.636364""},{""pair"":5,""first_arm"":""native"",""native_group"":4,""lsf_group"":5,""native"":""88"",""lsf"":""32"",""lsf_minus_native"":""-56"",""percent_of_native"":""-63.636364""},{""pair"":6,""first_arm"":""native"",""native_group"":2,""lsf_group"":3,""native"":""88"",""lsf"":""32"",""lsf_minus_native"":""-56"",""percent_of_native"":""-63.636364""}]",7,7,0,"{""count"":""7"",""minimum"":""88"",""median"":""88"",""maximum"":""88"",""median_absolute_deviation"":""0""}","{""count"":""7"",""minimum"":""32"",""median"":""32"",""maximum"":""32"",""median_absolute_deviation"":""0""}","{""count"":""7"",""minimum"":""-56"",""median"":""-56"",""maximum"":""-56"",""median_absolute_deviation"":""0""}",7,0,0,"{""lsf"":{""pair_count"":3,""available_pairs"":3,""unavailable_pairs"":0,""native"":{""count"":""3"",""minimum"":""88"",""median"":""88"",""maximum"":""88"",""median_absolute_deviation"":""0""},""lsf"":{""count"":""3"",""minimum"":""32"",""median"":""32"",""maximum"":""32"",""median_absolute_deviation"":""0""},""paired_difference"":{""count"":""3"",""minimum"":""-56"",""median"":""-56"",""maximum"":""-56"",""median_absolute_deviation"":""0""},""lower"":3,""equal"":0,""higher"":0},""native"":{""pair_count"":4,""available_pairs"":4,""unavailable_pairs"":0,""native"":{""count"":""4"",""minimum"":""88"",""median"":""88"",""maximum"":""88"",""median_absolute_deviation"":""0""},""lsf"":{""count"":""4"",""minimum"":""32"",""median"":""32"",""maximum"":""32"",""median_absolute_deviation"":""0""},""paired_difference"":{""count"":""4"",""minimum"":""-56"",""median"":""-56"",""maximum"":""-56"",""median_absolute_deviation"":""0""},""lower"":4,""equal"":0,""higher"":0}}"
8,served,before,child.listener_count,count,"[{""pair"":0,""first_arm"":""native"",""native_group"":2,""lsf_group"":3,""native"":""8"",""lsf"":""1"",""lsf_minus_native"":""-7"",""percent_of_native"":""-87.5""},{""pair"":1,""first_arm"":""native"",""native_group"":0,""lsf_group"":1,""native"":""8"",""lsf"":""1"",""lsf_minus_native"":""-7"",""percent_of_native"":""-87.5""},{""pair"":2,""first_arm"":""lsf"",""native_group"":5,""lsf_group"":4,""native"":""8"",""lsf"":""1"",""lsf_minus_native"":""-7"",""percent_of_native"":""-87.5""},{""pair"":3,""first_arm"":""lsf"",""native_group"":3,""lsf_group"":2,""native"":""8"",""lsf"":""1"",""lsf_minus_native"":""-7"",""percent_of_native"":""-87.5""},{""pair"":4,""first_arm"":""lsf"",""native_group"":1,""lsf_group"":0,""native"":""8"",""lsf"":""1"",""lsf_minus_native"":""-7"",""percent_of_native"":""-87.5""},{""pair"":5,""first_arm"":""native"",""native_group"":4,""lsf_group"":5,""native"":""8"",""lsf"":""1"",""lsf_minus_native"":""-7"",""percent_of_native"":""-87.5""},{""pair"":6,""first_arm"":""native"",""native_group"":2,""lsf_group"":3,""native"":""8"",""lsf"":""1"",""lsf_minus_native"":""-7"",""percent_of_native"":""-87.5""}]",7,7,0,"{""count"":""7"",""minimum"":""8"",""median"":""8"",""maximum"":""8"",""median_absolute_deviation"":""0""}","{""count"":""7"",""minimum"":""1"",""median"":""1"",""maximum"":""1"",""median_absolute_deviation"":""0""}","{""count"":""7"",""minimum"":""-7"",""median"":""-7"",""maximum"":""-7"",""median_absolute_deviation"":""0""}",7,0,0,"{""lsf"":{""pair_count"":3,""available_pairs"":3,""unavailable_pairs"":0,""native"":{""count"":""3"",""minimum"":""8"",""median"":""8"",""maximum"":""8"",""median_absolute_deviation"":""0""},""lsf"":{""count"":""3"",""minimum"":""1"",""median"":""1"",""maximum"":""1"",""median_absolute_deviation"":""0""},""paired_difference"":{""count"":""3"",""minimum"":""-7"",""median"":""-7"",""maximum"":""-7"",""median_absolute_deviation"":""0""},""lower"":3,""equal"":0,""higher"":0},""native"":{""pair_count"":4,""available_pairs"":4,""unavailable_pairs"":0,""native"":{""count"":""4"",""minimum"":""8"",""median"":""8"",""maximum"":""8"",""median_absolute_deviation"":""0""},""lsf"":{""count"":""4"",""minimum"":""1"",""median"":""1"",""maximum"":""1"",""median_absolute_deviation"":""0""},""paired_difference"":{""count"":""4"",""minimum"":""-7"",""median"":""-7"",""maximum"":""-7"",""median_absolute_deviation"":""0""},""lower"":4,""equal"":0,""higher"":0}}"
8,served,before,wrapper.rss_bytes,bytes,"[{""pair"":0,""first_arm"":""native"",""native_group"":2,""lsf_group"":3,""native"":""30146560"",""lsf"":""4063232"",""lsf_minus_native"":""-26083328"",""percent_of_native"":""-86.521739""},{""pair"":1,""first_arm"":""native"",""native_group"":0,""lsf_group"":1,""native"":""30539776"",""lsf"":""3932160"",""lsf_minus_native"":""-26607616"",""percent_of_native"":""-87.124464""},{""pair"":2,""first_arm"":""lsf"",""native_group"":5,""lsf_group"":4,""native"":""29884416"",""lsf"":""3932160"",""lsf_minus_native"":""-25952256"",""percent_of_native"":""-86.842105""},{""pair"":3,""first_arm"":""lsf"",""native_group"":3,""lsf_group"":2,""native"":""30277632"",""lsf"":""3932160"",""lsf_minus_native"":""-26345472"",""percent_of_native"":""-87.012987""},{""pair"":4,""first_arm"":""lsf"",""native_group"":1,""lsf_group"":0,""native"":""30670848"",""lsf"":""4063232"",""lsf_minus_native"":""-26607616"",""percent_of_native"":""-86.752137""},{""pair"":5,""first_arm"":""native"",""native_group"":4,""lsf_group"":5,""native"":""30539776"",""lsf"":""4194304"",""lsf_minus_native"":""-26345472"",""percent_of_native"":""-86.266094""},{""pair"":6,""first_arm"":""native"",""native_group"":2,""lsf_group"":3,""native"":""30539776"",""lsf"":""4194304"",""lsf_minus_native"":""-26345472"",""percent_of_native"":""-86.266094""}]",7,7,0,"{""count"":""7"",""minimum"":""29884416"",""median"":""30539776"",""maximum"":""30670848"",""median_absolute_deviation"":""131072""}","{""count"":""7"",""minimum"":""3932160"",""median"":""4063232"",""maximum"":""4194304"",""median_absolute_deviation"":""131072""}","{""count"":""7"",""minimum"":""-26607616"",""median"":""-26345472"",""maximum"":""-25952256"",""median_absolute_deviation"":""262144""}",7,0,0,"{""lsf"":{""pair_count"":3,""available_pairs"":3,""unavailable_pairs"":0,""native"":{""count"":""3"",""minimum"":""29884416"",""median"":""30277632"",""maximum"":""30670848"",""median_absolute_deviation"":""393216""},""lsf"":{""count"":""3"",""minimum"":""3932160"",""median"":""3932160"",""maximum"":""4063232"",""median_absolute_deviation"":""0""},""paired_difference"":{""count"":""3"",""minimum"":""-26607616"",""median"":""-26345472"",""maximum"":""-25952256"",""median_absolute_deviation"":""262144""},""lower"":3,""equal"":0,""higher"":0},""native"":{""pair_count"":4,""available_pairs"":4,""unavailable_pairs"":0,""native"":{""count"":""4"",""minimum"":""30146560"",""median"":""30539776"",""maximum"":""30539776"",""median_absolute_deviation"":""0""},""lsf"":{""count"":""4"",""minimum"":""3932160"",""median"":""4128768"",""maximum"":""4194304"",""median_absolute_deviation"":""65536""},""paired_difference"":{""count"":""4"",""minimum"":""-26607616"",""median"":""-26345472"",""maximum"":""-26083328"",""median_absolute_deviation"":""131072""},""lower"":4,""equal"":0,""higher"":0}}"
8,served,before,wrapper.threads,count,"[{""pair"":0,""first_arm"":""native"",""native_group"":2,""lsf_group"":3,""native"":""24"",""lsf"":""3"",""lsf_minus_native"":""-21"",""percent_of_native"":""-87.5""},{""pair"":1,""first_arm"":""native"",""native_group"":0,""lsf_group"":1,""native"":""24"",""lsf"":""3"",""lsf_minus_native"":""-21"",""percent_of_native"":""-87.5""},{""pair"":2,""first_arm"":""lsf"",""native_group"":5,""lsf_group"":4,""native"":""24"",""lsf"":""3"",""lsf_minus_native"":""-21"",""percent_of_native"":""-87.5""},{""pair"":3,""first_arm"":""lsf"",""native_group"":3,""lsf_group"":2,""native"":""24"",""lsf"":""3"",""lsf_minus_native"":""-21"",""percent_of_native"":""-87.5""},{""pair"":4,""first_arm"":""lsf"",""native_group"":1,""lsf_group"":0,""native"":""24"",""lsf"":""3"",""lsf_minus_native"":""-21"",""percent_of_native"":""-87.5""},{""pair"":5,""first_arm"":""native"",""native_group"":4,""lsf_group"":5,""native"":""24"",""lsf"":""3"",""lsf_minus_native"":""-21"",""percent_of_native"":""-87.5""},{""pair"":6,""first_arm"":""native"",""native_group"":2,""lsf_group"":3,""native"":""24"",""lsf"":""3"",""lsf_minus_native"":""-21"",""percent_of_native"":""-87.5""}]",7,7,0,"{""count"":""7"",""minimum"":""24"",""median"":""24"",""maximum"":""24"",""median_absolute_deviation"":""0""}","{""count"":""7"",""minimum"":""3"",""median"":""3"",""maximum"":""3"",""median_absolute_deviation"":""0""}","{""count"":""7"",""minimum"":""-21"",""median"":""-21"",""maximum"":""-21"",""median_absolute_deviation"":""0""}",7,0,0,"{""lsf"":{""pair_count"":3,""available_pairs"":3,""unavailable_pairs"":0,""native"":{""count"":""3"",""minimum"":""24"",""median"":""24"",""maximum"":""24"",""median_absolute_deviation"":""0""},""lsf"":{""count"":""3"",""minimum"":""3"",""median"":""3"",""maximum"":""3"",""median_absolute_deviation"":""0""},""paired_difference"":{""count"":""3"",""minimum"":""-21"",""median"":""-21"",""maximum"":""-21"",""median_absolute_deviation"":""0""},""lower"":3,""equal"":0,""higher"":0},""native"":{""pair_count"":4,""available_pairs"":4,""unavailable_pairs"":0,""native"":{""count"":""4"",""minimum"":""24"",""median"":""24"",""maximum"":""24"",""median_absolute_deviation"":""0""},""lsf"":{""count"":""4"",""minimum"":""3"",""median"":""3"",""maximum"":""3"",""median_absolute_deviation"":""0""},""paired_difference"":{""count"":""4"",""minimum"":""-21"",""median"":""-21"",""maximum"":""-21"",""median_absolute_deviation"":""0""},""lower"":4,""equal"":0,""higher"":0}}"
8,served,before,wrapper.fd_count,count,"[{""pair"":0,""first_arm"":""native"",""native_group"":2,""lsf_group"":3,""native"":""152"",""lsf"":""33"",""lsf_minus_native"":""-119"",""percent_of_native"":""-78.289474""},{""pair"":1,""first_arm"":""native"",""native_group"":0,""lsf_group"":1,""native"":""152"",""lsf"":""33"",""lsf_minus_native"":""-119"",""percent_of_native"":""-78.289474""},{""pair"":2,""first_arm"":""lsf"",""native_group"":5,""lsf_group"":4,""native"":""152"",""lsf"":""33"",""lsf_minus_native"":""-119"",""percent_of_native"":""-78.289474""},{""pair"":3,""first_arm"":""lsf"",""native_group"":3,""lsf_group"":2,""native"":""152"",""lsf"":""33"",""lsf_minus_native"":""-119"",""percent_of_native"":""-78.289474""},{""pair"":4,""first_arm"":""lsf"",""native_group"":1,""lsf_group"":0,""native"":""152"",""lsf"":""33"",""lsf_minus_native"":""-119"",""percent_of_native"":""-78.289474""},{""pair"":5,""first_arm"":""native"",""native_group"":4,""lsf_group"":5,""native"":""152"",""lsf"":""33"",""lsf_minus_native"":""-119"",""percent_of_native"":""-78.289474""},{""pair"":6,""first_arm"":""native"",""native_group"":2,""lsf_group"":3,""native"":""152"",""lsf"":""33"",""lsf_minus_native"":""-119"",""percent_of_native"":""-78.289474""}]",7,7,0,"{""count"":""7"",""minimum"":""152"",""median"":""152"",""maximum"":""152"",""median_absolute_deviation"":""0""}","{""count"":""7"",""minimum"":""33"",""median"":""33"",""maximum"":""33"",""median_absolute_deviation"":""0""}","{""count"":""7"",""minimum"":""-119"",""median"":""-119"",""maximum"":""-119"",""median_absolute_deviation"":""0""}",7,0,0,"{""lsf"":{""pair_count"":3,""available_pairs"":3,""unavailable_pairs"":0,""native"":{""count"":""3"",""minimum"":""152"",""median"":""152"",""maximum"":""152"",""median_absolute_deviation"":""0""},""lsf"":{""count"":""3"",""minimum"":""33"",""median"":""33"",""maximum"":""33"",""median_absolute_deviation"":""0""},""paired_difference"":{""count"":""3"",""minimum"":""-119"",""median"":""-119"",""maximum"":""-119"",""median_absolute_deviation"":""0""},""lower"":3,""equal"":0,""higher"":0},""native"":{""pair_count"":4,""available_pairs"":4,""unavailable_pairs"":0,""native"":{""count"":""4"",""minimum"":""152"",""median"":""152"",""maximum"":""152"",""median_absolute_deviation"":""0""},""lsf"":{""count"":""4"",""minimum"":""33"",""median"":""33"",""maximum"":""33"",""median_absolute_deviation"":""0""},""paired_difference"":{""count"":""4"",""minimum"":""-119"",""median"":""-119"",""maximum"":""-119"",""median_absolute_deviation"":""0""},""lower"":4,""equal"":0,""higher"":0}}"
8,served,before,wrapper.listener_count,count,"[{""pair"":0,""first_arm"":""native"",""native_group"":2,""lsf_group"":3,""native"":""8"",""lsf"":""1"",""lsf_minus_native"":""-7"",""percent_of_native"":""-87.5""},{""pair"":1,""first_arm"":""native"",""native_group"":0,""lsf_group"":1,""native"":""8"",""lsf"":""1"",""lsf_minus_native"":""-7"",""percent_of_native"":""-87.5""},{""pair"":2,""first_arm"":""lsf"",""native_group"":5,""lsf_group"":4,""native"":""8"",""lsf"":""1"",""lsf_minus_native"":""-7"",""percent_of_native"":""-87.5""},{""pair"":3,""first_arm"":""lsf"",""native_group"":3,""lsf_group"":2,""native"":""8"",""lsf"":""1"",""lsf_minus_native"":""-7"",""percent_of_native"":""-87.5""},{""pair"":4,""first_arm"":""lsf"",""native_group"":1,""lsf_group"":0,""native"":""8"",""lsf"":""1"",""lsf_minus_native"":""-7"",""percent_of_native"":""-87.5""},{""pair"":5,""first_arm"":""native"",""native_group"":4,""lsf_group"":5,""native"":""8"",""lsf"":""1"",""lsf_minus_native"":""-7"",""percent_of_native"":""-87.5""},{""pair"":6,""first_arm"":""native"",""native_group"":2,""lsf_group"":3,""native"":""8"",""lsf"":""1"",""lsf_minus_native"":""-7"",""percent_of_native"":""-87.5""}]",7,7,0,"{""count"":""7"",""minimum"":""8"",""median"":""8"",""maximum"":""8"",""median_absolute_deviation"":""0""}","{""count"":""7"",""minimum"":""1"",""median"":""1"",""maximum"":""1"",""median_absolute_deviation"":""0""}","{""count"":""7"",""minimum"":""-7"",""median"":""-7"",""maximum"":""-7"",""median_absolute_deviation"":""0""}",7,0,0,"{""lsf"":{""pair_count"":3,""available_pairs"":3,""unavailable_pairs"":0,""native"":{""count"":""3"",""minimum"":""8"",""median"":""8"",""maximum"":""8"",""median_absolute_deviation"":""0""},""lsf"":{""count"":""3"",""minimum"":""1"",""median"":""1"",""maximum"":""1"",""median_absolute_deviation"":""0""},""paired_difference"":{""count"":""3"",""minimum"":""-7"",""median"":""-7"",""maximum"":""-7"",""median_absolute_deviation"":""0""},""lower"":3,""equal"":0,""higher"":0},""native"":{""pair_count"":4,""available_pairs"":4,""unavailable_pairs"":0,""native"":{""count"":""4"",""minimum"":""8"",""median"":""8"",""maximum"":""8"",""median_absolute_deviation"":""0""},""lsf"":{""count"":""4"",""minimum"":""1"",""median"":""1"",""maximum"":""1"",""median_absolute_deviation"":""0""},""paired_difference"":{""count"":""4"",""minimum"":""-7"",""median"":""-7"",""maximum"":""-7"",""median_absolute_deviation"":""0""},""lower"":4,""equal"":0,""higher"":0}}"
8,served,before,cgroup.memory_current_bytes,bytes,"[{""pair"":0,""first_arm"":""native"",""native_group"":2,""lsf_group"":3,""native"":""14630912"",""lsf"":""7823360"",""lsf_minus_native"":""-6807552"",""percent_of_native"":""-46.528555""},{""pair"":1,""first_arm"":""native"",""native_group"":0,""lsf_group"":1,""native"":""14569472"",""lsf"":""7528448"",""lsf_minus_native"":""-7041024"",""percent_of_native"":""-48.327242""},{""pair"":2,""first_arm"":""lsf"",""native_group"":5,""lsf_group"":4,""native"":""14618624"",""lsf"":""7692288"",""lsf_minus_native"":""-6926336"",""percent_of_native"":""-47.380219""},{""pair"":3,""first_arm"":""lsf"",""native_group"":3,""lsf_group"":2,""native"":""14602240"",""lsf"":""7528448"",""lsf_minus_native"":""-7073792"",""percent_of_native"":""-48.443198""},{""pair"":4,""first_arm"":""lsf"",""native_group"":1,""lsf_group"":0,""native"":""14843904"",""lsf"":""7536640"",""lsf_minus_native"":""-7307264"",""percent_of_native"":""-49.227373""},{""pair"":5,""first_arm"":""native"",""native_group"":4,""lsf_group"":5,""native"":""14888960"",""lsf"":""7688192"",""lsf_minus_native"":""-7200768"",""percent_of_native"":""-48.363136""},{""pair"":6,""first_arm"":""native"",""native_group"":2,""lsf_group"":3,""native"":""14614528"",""lsf"":""7634944"",""lsf_minus_native"":""-6979584"",""percent_of_native"":""-47.757848""}]",7,7,0,"{""count"":""7"",""minimum"":""14569472"",""median"":""14618624"",""maximum"":""14888960"",""median_absolute_deviation"":""16384""}","{""count"":""7"",""minimum"":""7528448"",""median"":""7634944"",""maximum"":""7823360"",""median_absolute_deviation"":""98304""}","{""count"":""7"",""minimum"":""-7307264"",""median"":""-7041024"",""maximum"":""-6807552"",""median_absolute_deviation"":""114688""}",7,0,0,"{""lsf"":{""pair_count"":3,""available_pairs"":3,""unavailable_pairs"":0,""native"":{""count"":""3"",""minimum"":""14602240"",""median"":""14618624"",""maximum"":""14843904"",""median_absolute_deviation"":""16384""},""lsf"":{""count"":""3"",""minimum"":""7528448"",""median"":""7536640"",""maximum"":""7692288"",""median_absolute_deviation"":""8192""},""paired_difference"":{""count"":""3"",""minimum"":""-7307264"",""median"":""-7073792"",""maximum"":""-6926336"",""median_absolute_deviation"":""147456""},""lower"":3,""equal"":0,""higher"":0},""native"":{""pair_count"":4,""available_pairs"":4,""unavailable_pairs"":0,""native"":{""count"":""4"",""minimum"":""14569472"",""median"":""14622720"",""maximum"":""14888960"",""median_absolute_deviation"":""30720""},""lsf"":{""count"":""4"",""minimum"":""7528448"",""median"":""7661568"",""maximum"":""7823360"",""median_absolute_deviation"":""79872""},""paired_difference"":{""count"":""4"",""minimum"":""-7200768"",""median"":""-7010304"",""maximum"":""-6807552"",""median_absolute_deviation"":""110592""},""lower"":4,""equal"":0,""higher"":0}}"
8,served,before,cgroup.sum_leaf_lifetime_memory_peak_bytes,bytes,"[{""pair"":0,""first_arm"":""native"",""native_group"":2,""lsf_group"":3,""native"":""49389568"",""lsf"":""8728576"",""lsf_minus_native"":""-40660992"",""percent_of_native"":""-82.327086""},{""pair"":1,""first_arm"":""native"",""native_group"":0,""lsf_group"":1,""native"":""50491392"",""lsf"":""8298496"",""lsf_minus_native"":""-42192896"",""percent_of_native"":""-83.564533""},{""pair"":2,""first_arm"":""lsf"",""native_group"":5,""lsf_group"":4,""native"":""48455680"",""lsf"":""8536064"",""lsf_minus_native"":""-39919616"",""percent_of_native"":""-82.38377""},{""pair"":3,""first_arm"":""lsf"",""native_group"":3,""lsf_group"":2,""native"":""50155520"",""lsf"":""8585216"",""lsf_minus_native"":""-41570304"",""percent_of_native"":""-82.882809""},{""pair"":4,""first_arm"":""lsf"",""native_group"":1,""lsf_group"":0,""native"":""49991680"",""lsf"":""8155136"",""lsf_minus_native"":""-41836544"",""percent_of_native"":""-83.687014""},{""pair"":5,""first_arm"":""native"",""native_group"":4,""lsf_group"":5,""native"":""49799168"",""lsf"":""8626176"",""lsf_minus_native"":""-41172992"",""percent_of_native"":""-82.678072""},{""pair"":6,""first_arm"":""native"",""native_group"":2,""lsf_group"":3,""native"":""49201152"",""lsf"":""8687616"",""lsf_minus_native"":""-40513536"",""percent_of_native"":""-82.342657""}]",7,7,0,"{""count"":""7"",""minimum"":""48455680"",""median"":""49799168"",""maximum"":""50491392"",""median_absolute_deviation"":""409600""}","{""count"":""7"",""minimum"":""8155136"",""median"":""8585216"",""maximum"":""8728576"",""median_absolute_deviation"":""102400""}","{""count"":""7"",""minimum"":""-42192896"",""median"":""-41172992"",""maximum"":""-39919616"",""median_absolute_deviation"":""659456""}",7,0,0,"{""lsf"":{""pair_count"":3,""available_pairs"":3,""unavailable_pairs"":0,""native"":{""count"":""3"",""minimum"":""48455680"",""median"":""49991680"",""maximum"":""50155520"",""median_absolute_deviation"":""163840""},""lsf"":{""count"":""3"",""minimum"":""8155136"",""median"":""8536064"",""maximum"":""8585216"",""median_absolute_deviation"":""49152""},""paired_difference"":{""count"":""3"",""minimum"":""-41836544"",""median"":""-41570304"",""maximum"":""-39919616"",""median_absolute_deviation"":""266240""},""lower"":3,""equal"":0,""higher"":0},""native"":{""pair_count"":4,""available_pairs"":4,""unavailable_pairs"":0,""native"":{""count"":""4"",""minimum"":""49201152"",""median"":""49594368"",""maximum"":""50491392"",""median_absolute_deviation"":""299008""},""lsf"":{""count"":""4"",""minimum"":""8298496"",""median"":""8656896"",""maximum"":""8728576"",""median_absolute_deviation"":""51200""},""paired_difference"":{""count"":""4"",""minimum"":""-42192896"",""median"":""-40916992"",""maximum"":""-40513536"",""median_absolute_deviation"":""329728""},""lower"":4,""equal"":0,""higher"":0}}"
8,served,before,cgroup.memory_swap_current_bytes,bytes,"[{""pair"":0,""first_arm"":""native"",""native_group"":2,""lsf_group"":3,""native"":""0"",""lsf"":""0"",""lsf_minus_native"":""0"",""percent_of_native"":null},{""pair"":1,""first_arm"":""native"",""native_group"":0,""lsf_group"":1,""native"":""0"",""lsf"":""0"",""lsf_minus_native"":""0"",""percent_of_native"":null},{""pair"":2,""first_arm"":""lsf"",""native_group"":5,""lsf_group"":4,""native"":""0"",""lsf"":""0"",""lsf_minus_native"":""0"",""percent_of_native"":null},{""pair"":3,""first_arm"":""lsf"",""native_group"":3,""lsf_group"":2,""native"":""0"",""lsf"":""0"",""lsf_minus_native"":""0"",""percent_of_native"":null},{""pair"":4,""first_arm"":""lsf"",""native_group"":1,""lsf_group"":0,""native"":""0"",""lsf"":""0"",""lsf_minus_native"":""0"",""percent_of_native"":null},{""pair"":5,""first_arm"":""native"",""native_group"":4,""lsf_group"":5,""native"":""0"",""lsf"":""0"",""lsf_minus_native"":""0"",""percent_of_native"":null},{""pair"":6,""first_arm"":""native"",""native_group"":2,""lsf_group"":3,""native"":""0"",""lsf"":""0"",""lsf_minus_native"":""0"",""percent_of_native"":null}]",7,7,0,"{""count"":""7"",""minimum"":""0"",""median"":""0"",""maximum"":""0"",""median_absolute_deviation"":""0""}","{""count"":""7"",""minimum"":""0"",""median"":""0"",""maximum"":""0"",""median_absolute_deviation"":""0""}","{""count"":""7"",""minimum"":""0"",""median"":""0"",""maximum"":""0"",""median_absolute_deviation"":""0""}",0,7,0,"{""lsf"":{""pair_count"":3,""available_pairs"":3,""unavailable_pairs"":0,""native"":{""count"":""3"",""minimum"":""0"",""median"":""0"",""maximum"":""0"",""median_absolute_deviation"":""0""},""lsf"":{""count"":""3"",""minimum"":""0"",""median"":""0"",""maximum"":""0"",""median_absolute_deviation"":""0""},""paired_difference"":{""count"":""3"",""minimum"":""0"",""median"":""0"",""maximum"":""0"",""median_absolute_deviation"":""0""},""lower"":0,""equal"":3,""higher"":0},""native"":{""pair_count"":4,""available_pairs"":4,""unavailable_pairs"":0,""native"":{""count"":""4"",""minimum"":""0"",""median"":""0"",""maximum"":""0"",""median_absolute_deviation"":""0""},""lsf"":{""count"":""4"",""minimum"":""0"",""median"":""0"",""maximum"":""0"",""median_absolute_deviation"":""0""},""paired_difference"":{""count"":""4"",""minimum"":""0"",""median"":""0"",""maximum"":""0"",""median_absolute_deviation"":""0""},""lower"":0,""equal"":4,""higher"":0}}"
8,served,before,cgroup.pids_current,count,"[{""pair"":0,""first_arm"":""native"",""native_group"":2,""lsf_group"":3,""native"":""48"",""lsf"":""10"",""lsf_minus_native"":""-38"",""percent_of_native"":""-79.166667""},{""pair"":1,""first_arm"":""native"",""native_group"":0,""lsf_group"":1,""native"":""48"",""lsf"":""10"",""lsf_minus_native"":""-38"",""percent_of_native"":""-79.166667""},{""pair"":2,""first_arm"":""lsf"",""native_group"":5,""lsf_group"":4,""native"":""48"",""lsf"":""10"",""lsf_minus_native"":""-38"",""percent_of_native"":""-79.166667""},{""pair"":3,""first_arm"":""lsf"",""native_group"":3,""lsf_group"":2,""native"":""48"",""lsf"":""10"",""lsf_minus_native"":""-38"",""percent_of_native"":""-79.166667""},{""pair"":4,""first_arm"":""lsf"",""native_group"":1,""lsf_group"":0,""native"":""48"",""lsf"":""10"",""lsf_minus_native"":""-38"",""percent_of_native"":""-79.166667""},{""pair"":5,""first_arm"":""native"",""native_group"":4,""lsf_group"":5,""native"":""48"",""lsf"":""10"",""lsf_minus_native"":""-38"",""percent_of_native"":""-79.166667""},{""pair"":6,""first_arm"":""native"",""native_group"":2,""lsf_group"":3,""native"":""48"",""lsf"":""10"",""lsf_minus_native"":""-38"",""percent_of_native"":""-79.166667""}]",7,7,0,"{""count"":""7"",""minimum"":""48"",""median"":""48"",""maximum"":""48"",""median_absolute_deviation"":""0""}","{""count"":""7"",""minimum"":""10"",""median"":""10"",""maximum"":""10"",""median_absolute_deviation"":""0""}","{""count"":""7"",""minimum"":""-38"",""median"":""-38"",""maximum"":""-38"",""median_absolute_deviation"":""0""}",7,0,0,"{""lsf"":{""pair_count"":3,""available_pairs"":3,""unavailable_pairs"":0,""native"":{""count"":""3"",""minimum"":""48"",""median"":""48"",""maximum"":""48"",""median_absolute_deviation"":""0""},""lsf"":{""count"":""3"",""minimum"":""10"",""median"":""10"",""maximum"":""10"",""median_absolute_deviation"":""0""},""paired_difference"":{""count"":""3"",""minimum"":""-38"",""median"":""-38"",""maximum"":""-38"",""median_absolute_deviation"":""0""},""lower"":3,""equal"":0,""higher"":0},""native"":{""pair_count"":4,""available_pairs"":4,""unavailable_pairs"":0,""native"":{""count"":""4"",""minimum"":""48"",""median"":""48"",""maximum"":""48"",""median_absolute_deviation"":""0""},""lsf"":{""count"":""4"",""minimum"":""10"",""median"":""10"",""maximum"":""10"",""median_absolute_deviation"":""0""},""paired_difference"":{""count"":""4"",""minimum"":""-38"",""median"":""-38"",""maximum"":""-38"",""median_absolute_deviation"":""0""},""lower"":4,""equal"":0,""higher"":0}}"
8,served,before,cgroup.cpu.usage_usec,us,"[{""pair"":0,""first_arm"":""native"",""native_group"":2,""lsf_group"":3,""native"":""630873"",""lsf"":""425098"",""lsf_minus_native"":""-205775"",""percent_of_native"":""-32.6175""},{""pair"":1,""first_arm"":""native"",""native_group"":0,""lsf_group"":1,""native"":""761745"",""lsf"":""402173"",""lsf_minus_native"":""-359572"",""percent_of_native"":""-47.203723""},{""pair"":2,""first_arm"":""lsf"",""native_group"":5,""lsf_group"":4,""native"":""623649"",""lsf"":""396141"",""lsf_minus_native"":""-227508"",""percent_of_native"":""-36.480135""},{""pair"":3,""first_arm"":""lsf"",""native_group"":3,""lsf_group"":2,""native"":""629636"",""lsf"":""399407"",""lsf_minus_native"":""-230229"",""percent_of_native"":""-36.565412""},{""pair"":4,""first_arm"":""lsf"",""native_group"":1,""lsf_group"":0,""native"":""617313"",""lsf"":""382252"",""lsf_minus_native"":""-235061"",""percent_of_native"":""-38.07809""},{""pair"":5,""first_arm"":""native"",""native_group"":4,""lsf_group"":5,""native"":""600621"",""lsf"":""437375"",""lsf_minus_native"":""-163246"",""percent_of_native"":""-27.179536""},{""pair"":6,""first_arm"":""native"",""native_group"":2,""lsf_group"":3,""native"":""635556"",""lsf"":""427012"",""lsf_minus_native"":""-208544"",""percent_of_native"":""-32.812844""}]",7,7,0,"{""count"":""7"",""minimum"":""600621"",""median"":""629636"",""maximum"":""761745"",""median_absolute_deviation"":""5987""}","{""count"":""7"",""minimum"":""382252"",""median"":""402173"",""maximum"":""437375"",""median_absolute_deviation"":""19921""}","{""count"":""7"",""minimum"":""-359572"",""median"":""-227508"",""maximum"":""-163246"",""median_absolute_deviation"":""18964""}",7,0,0,"{""lsf"":{""pair_count"":3,""available_pairs"":3,""unavailable_pairs"":0,""native"":{""count"":""3"",""minimum"":""617313"",""median"":""623649"",""maximum"":""629636"",""median_absolute_deviation"":""5987""},""lsf"":{""count"":""3"",""minimum"":""382252"",""median"":""396141"",""maximum"":""399407"",""median_absolute_deviation"":""3266""},""paired_difference"":{""count"":""3"",""minimum"":""-235061"",""median"":""-230229"",""maximum"":""-227508"",""median_absolute_deviation"":""2721""},""lower"":3,""equal"":0,""higher"":0},""native"":{""pair_count"":4,""available_pairs"":4,""unavailable_pairs"":0,""native"":{""count"":""4"",""minimum"":""600621"",""median"":""633214.5"",""maximum"":""761745"",""median_absolute_deviation"":""17467.5""},""lsf"":{""count"":""4"",""minimum"":""402173"",""median"":""426055"",""maximum"":""437375"",""median_absolute_deviation"":""6138.5""},""paired_difference"":{""count"":""4"",""minimum"":""-359572"",""median"":""-207159.5"",""maximum"":""-163246"",""median_absolute_deviation"":""22649""},""lower"":4,""equal"":0,""higher"":0}}"
8,served,before,cgroup.cpu.user_usec,us,"[{""pair"":0,""first_arm"":""native"",""native_group"":2,""lsf_group"":3,""native"":""132240"",""lsf"":""347019"",""lsf_minus_native"":""214779"",""percent_of_native"":""162.416062""},{""pair"":1,""first_arm"":""native"",""native_group"":0,""lsf_group"":1,""native"":""200201"",""lsf"":""320926"",""lsf_minus_native"":""120725"",""percent_of_native"":""60.301897""},{""pair"":2,""first_arm"":""lsf"",""native_group"":5,""lsf_group"":4,""native"":""119023"",""lsf"":""327422"",""lsf_minus_native"":""208399"",""percent_of_native"":""175.091369""},{""pair"":3,""first_arm"":""lsf"",""native_group"":3,""lsf_group"":2,""native"":""129227"",""lsf"":""329945"",""lsf_minus_native"":""200718"",""percent_of_native"":""155.32203""},{""pair"":4,""first_arm"":""lsf"",""native_group"":1,""lsf_group"":0,""native"":""112882"",""lsf"":""295937"",""lsf_minus_native"":""183055"",""percent_of_native"":""162.164916""},{""pair"":5,""first_arm"":""native"",""native_group"":4,""lsf_group"":5,""native"":""101966"",""lsf"":""353876"",""lsf_minus_native"":""251910"",""percent_of_native"":""247.052939""},{""pair"":6,""first_arm"":""native"",""native_group"":2,""lsf_group"":3,""native"":""104233"",""lsf"":""341610"",""lsf_minus_native"":""237377"",""percent_of_native"":""227.736897""}]",7,7,0,"{""count"":""7"",""minimum"":""101966"",""median"":""119023"",""maximum"":""200201"",""median_absolute_deviation"":""13217""}","{""count"":""7"",""minimum"":""295937"",""median"":""329945"",""maximum"":""353876"",""median_absolute_deviation"":""11665""}","{""count"":""7"",""minimum"":""120725"",""median"":""208399"",""maximum"":""251910"",""median_absolute_deviation"":""25344""}",0,0,7,"{""lsf"":{""pair_count"":3,""available_pairs"":3,""unavailable_pairs"":0,""native"":{""count"":""3"",""minimum"":""112882"",""median"":""119023"",""maximum"":""129227"",""median_absolute_deviation"":""6141""},""lsf"":{""count"":""3"",""minimum"":""295937"",""median"":""327422"",""maximum"":""329945"",""median_absolute_deviation"":""2523""},""paired_difference"":{""count"":""3"",""minimum"":""183055"",""median"":""200718"",""maximum"":""208399"",""median_absolute_deviation"":""7681""},""lower"":0,""equal"":0,""higher"":3},""native"":{""pair_count"":4,""available_pairs"":4,""unavailable_pairs"":0,""native"":{""count"":""4"",""minimum"":""101966"",""median"":""118236.5"",""maximum"":""200201"",""median_absolute_deviation"":""15137""},""lsf"":{""count"":""4"",""minimum"":""320926"",""median"":""344314.5"",""maximum"":""353876"",""median_absolute_deviation"":""6133""},""paired_difference"":{""count"":""4"",""minimum"":""120725"",""median"":""226078"",""maximum"":""251910"",""median_absolute_deviation"":""18565.5""},""lower"":0,""equal"":0,""higher"":4}}"
8,served,before,cgroup.cpu.system_usec,us,"[{""pair"":0,""first_arm"":""native"",""native_group"":2,""lsf_group"":3,""native"":""498631"",""lsf"":""78079"",""lsf_minus_native"":""-420552"",""percent_of_native"":""-84.341327""},{""pair"":1,""first_arm"":""native"",""native_group"":0,""lsf_group"":1,""native"":""561540"",""lsf"":""81247"",""lsf_minus_native"":""-480293"",""percent_of_native"":""-85.531396""},{""pair"":2,""first_arm"":""lsf"",""native_group"":5,""lsf_group"":4,""native"":""504623"",""lsf"":""68718"",""lsf_minus_native"":""-435905"",""percent_of_native"":""-86.382309""},{""pair"":3,""first_arm"":""lsf"",""native_group"":3,""lsf_group"":2,""native"":""500407"",""lsf"":""69462"",""lsf_minus_native"":""-430945"",""percent_of_native"":""-86.118899""},{""pair"":4,""first_arm"":""lsf"",""native_group"":1,""lsf_group"":0,""native"":""504426"",""lsf"":""86315"",""lsf_minus_native"":""-418111"",""percent_of_native"":""-82.888471""},{""pair"":5,""first_arm"":""native"",""native_group"":4,""lsf_group"":5,""native"":""498648"",""lsf"":""83498"",""lsf_minus_native"":""-415150"",""percent_of_native"":""-83.255122""},{""pair"":6,""first_arm"":""native"",""native_group"":2,""lsf_group"":3,""native"":""531318"",""lsf"":""85402"",""lsf_minus_native"":""-445916"",""percent_of_native"":""-83.926387""}]",7,7,0,"{""count"":""7"",""minimum"":""498631"",""median"":""504426"",""maximum"":""561540"",""median_absolute_deviation"":""5778""}","{""count"":""7"",""minimum"":""68718"",""median"":""81247"",""maximum"":""86315"",""median_absolute_deviation"":""4155""}","{""count"":""7"",""minimum"":""-480293"",""median"":""-430945"",""maximum"":""-415150"",""median_absolute_deviation"":""12834""}",7,0,0,"{""lsf"":{""pair_count"":3,""available_pairs"":3,""unavailable_pairs"":0,""native"":{""count"":""3"",""minimum"":""500407"",""median"":""504426"",""maximum"":""504623"",""median_absolute_deviation"":""197""},""lsf"":{""count"":""3"",""minimum"":""68718"",""median"":""69462"",""maximum"":""86315"",""median_absolute_deviation"":""744""},""paired_difference"":{""count"":""3"",""minimum"":""-435905"",""median"":""-430945"",""maximum"":""-418111"",""median_absolute_deviation"":""4960""},""lower"":3,""equal"":0,""higher"":0},""native"":{""pair_count"":4,""available_pairs"":4,""unavailable_pairs"":0,""native"":{""count"":""4"",""minimum"":""498631"",""median"":""514983"",""maximum"":""561540"",""median_absolute_deviation"":""16343.5""},""lsf"":{""count"":""4"",""minimum"":""78079"",""median"":""82372.5"",""maximum"":""85402"",""median_absolute_deviation"":""2077.5""},""paired_difference"":{""count"":""4"",""minimum"":""-480293"",""median"":""-433234"",""maximum"":""-415150"",""median_absolute_deviation"":""15383""},""lower"":4,""equal"":0,""higher"":0}}"
8,served,before,cgroup.cpu.nr_periods,count,"[{""pair"":0,""first_arm"":""native"",""native_group"":2,""lsf_group"":3,""native"":""70"",""lsf"":""30"",""lsf_minus_native"":""-40"",""percent_of_native"":""-57.142857""},{""pair"":1,""first_arm"":""native"",""native_group"":0,""lsf_group"":1,""native"":""88"",""lsf"":""28"",""lsf_minus_native"":""-60"",""percent_of_native"":""-68.181818""},{""pair"":2,""first_arm"":""lsf"",""native_group"":5,""lsf_group"":4,""native"":""82"",""lsf"":""28"",""lsf_minus_native"":""-54"",""percent_of_native"":""-65.853659""},{""pair"":3,""first_arm"":""lsf"",""native_group"":3,""lsf_group"":2,""native"":""76"",""lsf"":""27"",""lsf_minus_native"":""-49"",""percent_of_native"":""-64.473684""},{""pair"":4,""first_arm"":""lsf"",""native_group"":1,""lsf_group"":0,""native"":""81"",""lsf"":""27"",""lsf_minus_native"":""-54"",""percent_of_native"":""-66.666667""},{""pair"":5,""first_arm"":""native"",""native_group"":4,""lsf_group"":5,""native"":""78"",""lsf"":""31"",""lsf_minus_native"":""-47"",""percent_of_native"":""-60.25641""},{""pair"":6,""first_arm"":""native"",""native_group"":2,""lsf_group"":3,""native"":""77"",""lsf"":""30"",""lsf_minus_native"":""-47"",""percent_of_native"":""-61.038961""}]",7,7,0,"{""count"":""7"",""minimum"":""70"",""median"":""78"",""maximum"":""88"",""median_absolute_deviation"":""3""}","{""count"":""7"",""minimum"":""27"",""median"":""28"",""maximum"":""31"",""median_absolute_deviation"":""1""}","{""count"":""7"",""minimum"":""-60"",""median"":""-49"",""maximum"":""-40"",""median_absolute_deviation"":""5""}",7,0,0,"{""lsf"":{""pair_count"":3,""available_pairs"":3,""unavailable_pairs"":0,""native"":{""count"":""3"",""minimum"":""76"",""median"":""81"",""maximum"":""82"",""median_absolute_deviation"":""1""},""lsf"":{""count"":""3"",""minimum"":""27"",""median"":""27"",""maximum"":""28"",""median_absolute_deviation"":""0""},""paired_difference"":{""count"":""3"",""minimum"":""-54"",""median"":""-54"",""maximum"":""-49"",""median_absolute_deviation"":""0""},""lower"":3,""equal"":0,""higher"":0},""native"":{""pair_count"":4,""available_pairs"":4,""unavailable_pairs"":0,""native"":{""count"":""4"",""minimum"":""70"",""median"":""77.5"",""maximum"":""88"",""median_absolute_deviation"":""4""},""lsf"":{""count"":""4"",""minimum"":""28"",""median"":""30"",""maximum"":""31"",""median_absolute_deviation"":""0.5""},""paired_difference"":{""count"":""4"",""minimum"":""-60"",""median"":""-47"",""maximum"":""-40"",""median_absolute_deviation"":""3.5""},""lower"":4,""equal"":0,""higher"":0}}"
8,served,before,cgroup.cpu.nr_throttled,count,"[{""pair"":0,""first_arm"":""native"",""native_group"":2,""lsf_group"":3,""native"":""0"",""lsf"":""0"",""lsf_minus_native"":""0"",""percent_of_native"":null},{""pair"":1,""first_arm"":""native"",""native_group"":0,""lsf_group"":1,""native"":""0"",""lsf"":""0"",""lsf_minus_native"":""0"",""percent_of_native"":null},{""pair"":2,""first_arm"":""lsf"",""native_group"":5,""lsf_group"":4,""native"":""0"",""lsf"":""0"",""lsf_minus_native"":""0"",""percent_of_native"":null},{""pair"":3,""first_arm"":""lsf"",""native_group"":3,""lsf_group"":2,""native"":""0"",""lsf"":""0"",""lsf_minus_native"":""0"",""percent_of_native"":null},{""pair"":4,""first_arm"":""lsf"",""native_group"":1,""lsf_group"":0,""native"":""0"",""lsf"":""0"",""lsf_minus_native"":""0"",""percent_of_native"":null},{""pair"":5,""first_arm"":""native"",""native_group"":4,""lsf_group"":5,""native"":""0"",""lsf"":""0"",""lsf_minus_native"":""0"",""percent_of_native"":null},{""pair"":6,""first_arm"":""native"",""native_group"":2,""lsf_group"":3,""native"":""0"",""lsf"":""0"",""lsf_minus_native"":""0"",""percent_of_native"":null}]",7,7,0,"{""count"":""7"",""minimum"":""0"",""median"":""0"",""maximum"":""0"",""median_absolute_deviation"":""0""}","{""count"":""7"",""minimum"":""0"",""median"":""0"",""maximum"":""0"",""median_absolute_deviation"":""0""}","{""count"":""7"",""minimum"":""0"",""median"":""0"",""maximum"":""0"",""median_absolute_deviation"":""0""}",0,7,0,"{""lsf"":{""pair_count"":3,""available_pairs"":3,""unavailable_pairs"":0,""native"":{""count"":""3"",""minimum"":""0"",""median"":""0"",""maximum"":""0"",""median_absolute_deviation"":""0""},""lsf"":{""count"":""3"",""minimum"":""0"",""median"":""0"",""maximum"":""0"",""median_absolute_deviation"":""0""},""paired_difference"":{""count"":""3"",""minimum"":""0"",""median"":""0"",""maximum"":""0"",""median_absolute_deviation"":""0""},""lower"":0,""equal"":3,""higher"":0},""native"":{""pair_count"":4,""available_pairs"":4,""unavailable_pairs"":0,""native"":{""count"":""4"",""minimum"":""0"",""median"":""0"",""maximum"":""0"",""median_absolute_deviation"":""0""},""lsf"":{""count"":""4"",""minimum"":""0"",""median"":""0"",""maximum"":""0"",""median_absolute_deviation"":""0""},""paired_difference"":{""count"":""4"",""minimum"":""0"",""median"":""0"",""maximum"":""0"",""median_absolute_deviation"":""0""},""lower"":0,""equal"":4,""higher"":0}}"
8,served,before,cgroup.cpu.throttled_usec,us,"[{""pair"":0,""first_arm"":""native"",""native_group"":2,""lsf_group"":3,""native"":""0"",""lsf"":""0"",""lsf_minus_native"":""0"",""percent_of_native"":null},{""pair"":1,""first_arm"":""native"",""native_group"":0,""lsf_group"":1,""native"":""0"",""lsf"":""0"",""lsf_minus_native"":""0"",""percent_of_native"":null},{""pair"":2,""first_arm"":""lsf"",""native_group"":5,""lsf_group"":4,""native"":""0"",""lsf"":""0"",""lsf_minus_native"":""0"",""percent_of_native"":null},{""pair"":3,""first_arm"":""lsf"",""native_group"":3,""lsf_group"":2,""native"":""0"",""lsf"":""0"",""lsf_minus_native"":""0"",""percent_of_native"":null},{""pair"":4,""first_arm"":""lsf"",""native_group"":1,""lsf_group"":0,""native"":""0"",""lsf"":""0"",""lsf_minus_native"":""0"",""percent_of_native"":null},{""pair"":5,""first_arm"":""native"",""native_group"":4,""lsf_group"":5,""native"":""0"",""lsf"":""0"",""lsf_minus_native"":""0"",""percent_of_native"":null},{""pair"":6,""first_arm"":""native"",""native_group"":2,""lsf_group"":3,""native"":""0"",""lsf"":""0"",""lsf_minus_native"":""0"",""percent_of_native"":null}]",7,7,0,"{""count"":""7"",""minimum"":""0"",""median"":""0"",""maximum"":""0"",""median_absolute_deviation"":""0""}","{""count"":""7"",""minimum"":""0"",""median"":""0"",""maximum"":""0"",""median_absolute_deviation"":""0""}","{""count"":""7"",""minimum"":""0"",""median"":""0"",""maximum"":""0"",""median_absolute_deviation"":""0""}",0,7,0,"{""lsf"":{""pair_count"":3,""available_pairs"":3,""unavailable_pairs"":0,""native"":{""count"":""3"",""minimum"":""0"",""median"":""0"",""maximum"":""0"",""median_absolute_deviation"":""0""},""lsf"":{""count"":""3"",""minimum"":""0"",""median"":""0"",""maximum"":""0"",""median_absolute_deviation"":""0""},""paired_difference"":{""count"":""3"",""minimum"":""0"",""median"":""0"",""maximum"":""0"",""median_absolute_deviation"":""0""},""lower"":0,""equal"":3,""higher"":0},""native"":{""pair_count"":4,""available_pairs"":4,""unavailable_pairs"":0,""native"":{""count"":""4"",""minimum"":""0"",""median"":""0"",""maximum"":""0"",""median_absolute_deviation"":""0""},""lsf"":{""count"":""4"",""minimum"":""0"",""median"":""0"",""maximum"":""0"",""median_absolute_deviation"":""0""},""paired_difference"":{""count"":""4"",""minimum"":""0"",""median"":""0"",""maximum"":""0"",""median_absolute_deviation"":""0""},""lower"":0,""equal"":4,""higher"":0}}"
32,final,after,child.rss_bytes,bytes,"[{""pair"":0,""first_arm"":""lsf"",""native_group"":5,""lsf_group"":4,""native"":""149028864"",""lsf"":""29405184"",""lsf_minus_native"":""-119623680"",""percent_of_native"":""-80.268799""},{""pair"":1,""first_arm"":""lsf"",""native_group"":3,""lsf_group"":2,""native"":""148242432"",""lsf"":""29470720"",""lsf_minus_native"":""-118771712"",""percent_of_native"":""-80.119916""},{""pair"":2,""first_arm"":""lsf"",""native_group"":1,""lsf_group"":0,""native"":""149291008"",""lsf"":""29270016"",""lsf_minus_native"":""-120020992"",""percent_of_native"":""-80.393986""},{""pair"":3,""first_arm"":""native"",""native_group"":4,""lsf_group"":5,""native"":""148766720"",""lsf"":""29319168"",""lsf_minus_native"":""-119447552"",""percent_of_native"":""-80.29185""},{""pair"":4,""first_arm"":""native"",""native_group"":2,""lsf_group"":3,""native"":""147980288"",""lsf"":""29831168"",""lsf_minus_native"":""-118149120"",""percent_of_native"":""-79.84112""},{""pair"":5,""first_arm"":""native"",""native_group"":0,""lsf_group"":1,""native"":""149159936"",""lsf"":""29335552"",""lsf_minus_native"":""-119824384"",""percent_of_native"":""-80.332821""},{""pair"":6,""first_arm"":""lsf"",""native_group"":5,""lsf_group"":4,""native"":""148504576"",""lsf"":""29601792"",""lsf_minus_native"":""-118902784"",""percent_of_native"":""-80.066748""}]",7,7,0,"{""count"":""7"",""minimum"":""147980288"",""median"":""148766720"",""maximum"":""149291008"",""median_absolute_deviation"":""393216""}","{""count"":""7"",""minimum"":""29270016"",""median"":""29405184"",""maximum"":""29831168"",""median_absolute_deviation"":""86016""}","{""count"":""7"",""minimum"":""-120020992"",""median"":""-119447552"",""maximum"":""-118149120"",""median_absolute_deviation"":""544768""}",7,0,0,"{""lsf"":{""pair_count"":4,""available_pairs"":4,""unavailable_pairs"":0,""native"":{""count"":""4"",""minimum"":""148242432"",""median"":""148766720"",""maximum"":""149291008"",""median_absolute_deviation"":""393216""},""lsf"":{""count"":""4"",""minimum"":""29270016"",""median"":""29437952"",""maximum"":""29601792"",""median_absolute_deviation"":""98304""},""paired_difference"":{""count"":""4"",""minimum"":""-120020992"",""median"":""-119263232"",""maximum"":""-118771712"",""median_absolute_deviation"":""425984""},""lower"":4,""equal"":0,""higher"":0},""native"":{""pair_count"":3,""available_pairs"":3,""unavailable_pairs"":0,""native"":{""count"":""3"",""minimum"":""147980288"",""median"":""148766720"",""maximum"":""149159936"",""median_absolute_deviation"":""393216""},""lsf"":{""count"":""3"",""minimum"":""29319168"",""median"":""29335552"",""maximum"":""29831168"",""median_absolute_deviation"":""16384""},""paired_difference"":{""count"":""3"",""minimum"":""-119824384"",""median"":""-119447552"",""maximum"":""-118149120"",""median_absolute_deviation"":""376832""},""lower"":3,""equal"":0,""higher"":0}}"
32,final,after,child.threads,count,"[{""pair"":0,""first_arm"":""lsf"",""native_group"":5,""lsf_group"":4,""native"":""96"",""lsf"":""7"",""lsf_minus_native"":""-89"",""percent_of_native"":""-92.708333""},{""pair"":1,""first_arm"":""lsf"",""native_group"":3,""lsf_group"":2,""native"":""96"",""lsf"":""7"",""lsf_minus_native"":""-89"",""percent_of_native"":""-92.708333""},{""pair"":2,""first_arm"":""lsf"",""native_group"":1,""lsf_group"":0,""native"":""96"",""lsf"":""7"",""lsf_minus_native"":""-89"",""percent_of_native"":""-92.708333""},{""pair"":3,""first_arm"":""native"",""native_group"":4,""lsf_group"":5,""native"":""96"",""lsf"":""7"",""lsf_minus_native"":""-89"",""percent_of_native"":""-92.708333""},{""pair"":4,""first_arm"":""native"",""native_group"":2,""lsf_group"":3,""native"":""96"",""lsf"":""7"",""lsf_minus_native"":""-89"",""percent_of_native"":""-92.708333""},{""pair"":5,""first_arm"":""native"",""native_group"":0,""lsf_group"":1,""native"":""96"",""lsf"":""7"",""lsf_minus_native"":""-89"",""percent_of_native"":""-92.708333""},{""pair"":6,""first_arm"":""lsf"",""native_group"":5,""lsf_group"":4,""native"":""96"",""lsf"":""7"",""lsf_minus_native"":""-89"",""percent_of_native"":""-92.708333""}]",7,7,0,"{""count"":""7"",""minimum"":""96"",""median"":""96"",""maximum"":""96"",""median_absolute_deviation"":""0""}","{""count"":""7"",""minimum"":""7"",""median"":""7"",""maximum"":""7"",""median_absolute_deviation"":""0""}","{""count"":""7"",""minimum"":""-89"",""median"":""-89"",""maximum"":""-89"",""median_absolute_deviation"":""0""}",7,0,0,"{""lsf"":{""pair_count"":4,""available_pairs"":4,""unavailable_pairs"":0,""native"":{""count"":""4"",""minimum"":""96"",""median"":""96"",""maximum"":""96"",""median_absolute_deviation"":""0""},""lsf"":{""count"":""4"",""minimum"":""7"",""median"":""7"",""maximum"":""7"",""median_absolute_deviation"":""0""},""paired_difference"":{""count"":""4"",""minimum"":""-89"",""median"":""-89"",""maximum"":""-89"",""median_absolute_deviation"":""0""},""lower"":4,""equal"":0,""higher"":0},""native"":{""pair_count"":3,""available_pairs"":3,""unavailable_pairs"":0,""native"":{""count"":""3"",""minimum"":""96"",""median"":""96"",""maximum"":""96"",""median_absolute_deviation"":""0""},""lsf"":{""count"":""3"",""minimum"":""7"",""median"":""7"",""maximum"":""7"",""median_absolute_deviation"":""0""},""paired_difference"":{""count"":""3"",""minimum"":""-89"",""median"":""-89"",""maximum"":""-89"",""median_absolute_deviation"":""0""},""lower"":3,""equal"":0,""higher"":0}}"
32,final,after,child.fd_count,count,"[{""pair"":0,""first_arm"":""lsf"",""native_group"":5,""lsf_group"":4,""native"":""352"",""lsf"":""80"",""lsf_minus_native"":""-272"",""percent_of_native"":""-77.272727""},{""pair"":1,""first_arm"":""lsf"",""native_group"":3,""lsf_group"":2,""native"":""352"",""lsf"":""80"",""lsf_minus_native"":""-272"",""percent_of_native"":""-77.272727""},{""pair"":2,""first_arm"":""lsf"",""native_group"":1,""lsf_group"":0,""native"":""352"",""lsf"":""80"",""lsf_minus_native"":""-272"",""percent_of_native"":""-77.272727""},{""pair"":3,""first_arm"":""native"",""native_group"":4,""lsf_group"":5,""native"":""352"",""lsf"":""80"",""lsf_minus_native"":""-272"",""percent_of_native"":""-77.272727""},{""pair"":4,""first_arm"":""native"",""native_group"":2,""lsf_group"":3,""native"":""352"",""lsf"":""80"",""lsf_minus_native"":""-272"",""percent_of_native"":""-77.272727""},{""pair"":5,""first_arm"":""native"",""native_group"":0,""lsf_group"":1,""native"":""352"",""lsf"":""80"",""lsf_minus_native"":""-272"",""percent_of_native"":""-77.272727""},{""pair"":6,""first_arm"":""lsf"",""native_group"":5,""lsf_group"":4,""native"":""352"",""lsf"":""80"",""lsf_minus_native"":""-272"",""percent_of_native"":""-77.272727""}]",7,7,0,"{""count"":""7"",""minimum"":""352"",""median"":""352"",""maximum"":""352"",""median_absolute_deviation"":""0""}","{""count"":""7"",""minimum"":""80"",""median"":""80"",""maximum"":""80"",""median_absolute_deviation"":""0""}","{""count"":""7"",""minimum"":""-272"",""median"":""-272"",""maximum"":""-272"",""median_absolute_deviation"":""0""}",7,0,0,"{""lsf"":{""pair_count"":4,""available_pairs"":4,""unavailable_pairs"":0,""native"":{""count"":""4"",""minimum"":""352"",""median"":""352"",""maximum"":""352"",""median_absolute_deviation"":""0""},""lsf"":{""count"":""4"",""minimum"":""80"",""median"":""80"",""maximum"":""80"",""median_absolute_deviation"":""0""},""paired_difference"":{""count"":""4"",""minimum"":""-272"",""median"":""-272"",""maximum"":""-272"",""median_absolute_deviation"":""0""},""lower"":4,""equal"":0,""higher"":0},""native"":{""pair_count"":3,""available_pairs"":3,""unavailable_pairs"":0,""native"":{""count"":""3"",""minimum"":""352"",""median"":""352"",""maximum"":""352"",""median_absolute_deviation"":""0""},""lsf"":{""count"":""3"",""minimum"":""80"",""median"":""80"",""maximum"":""80"",""median_absolute_deviation"":""0""},""paired_difference"":{""count"":""3"",""minimum"":""-272"",""median"":""-272"",""maximum"":""-272"",""median_absolute_deviation"":""0""},""lower"":3,""equal"":0,""higher"":0}}"
32,final,after,child.listener_count,count,"[{""pair"":0,""first_arm"":""lsf"",""native_group"":5,""lsf_group"":4,""native"":""32"",""lsf"":""1"",""lsf_minus_native"":""-31"",""percent_of_native"":""-96.875""},{""pair"":1,""first_arm"":""lsf"",""native_group"":3,""lsf_group"":2,""native"":""32"",""lsf"":""1"",""lsf_minus_native"":""-31"",""percent_of_native"":""-96.875""},{""pair"":2,""first_arm"":""lsf"",""native_group"":1,""lsf_group"":0,""native"":""32"",""lsf"":""1"",""lsf_minus_native"":""-31"",""percent_of_native"":""-96.875""},{""pair"":3,""first_arm"":""native"",""native_group"":4,""lsf_group"":5,""native"":""32"",""lsf"":""1"",""lsf_minus_native"":""-31"",""percent_of_native"":""-96.875""},{""pair"":4,""first_arm"":""native"",""native_group"":2,""lsf_group"":3,""native"":""32"",""lsf"":""1"",""lsf_minus_native"":""-31"",""percent_of_native"":""-96.875""},{""pair"":5,""first_arm"":""native"",""native_group"":0,""lsf_group"":1,""native"":""32"",""lsf"":""1"",""lsf_minus_native"":""-31"",""percent_of_native"":""-96.875""},{""pair"":6,""first_arm"":""lsf"",""native_group"":5,""lsf_group"":4,""native"":""32"",""lsf"":""1"",""lsf_minus_native"":""-31"",""percent_of_native"":""-96.875""}]",7,7,0,"{""count"":""7"",""minimum"":""32"",""median"":""32"",""maximum"":""32"",""median_absolute_deviation"":""0""}","{""count"":""7"",""minimum"":""1"",""median"":""1"",""maximum"":""1"",""median_absolute_deviation"":""0""}","{""count"":""7"",""minimum"":""-31"",""median"":""-31"",""maximum"":""-31"",""median_absolute_deviation"":""0""}",7,0,0,"{""lsf"":{""pair_count"":4,""available_pairs"":4,""unavailable_pairs"":0,""native"":{""count"":""4"",""minimum"":""32"",""median"":""32"",""maximum"":""32"",""median_absolute_deviation"":""0""},""lsf"":{""count"":""4"",""minimum"":""1"",""median"":""1"",""maximum"":""1"",""median_absolute_deviation"":""0""},""paired_difference"":{""count"":""4"",""minimum"":""-31"",""median"":""-31"",""maximum"":""-31"",""median_absolute_deviation"":""0""},""lower"":4,""equal"":0,""higher"":0},""native"":{""pair_count"":3,""available_pairs"":3,""unavailable_pairs"":0,""native"":{""count"":""3"",""minimum"":""32"",""median"":""32"",""maximum"":""32"",""median_absolute_deviation"":""0""},""lsf"":{""count"":""3"",""minimum"":""1"",""median"":""1"",""maximum"":""1"",""median_absolute_deviation"":""0""},""paired_difference"":{""count"":""3"",""minimum"":""-31"",""median"":""-31"",""maximum"":""-31"",""median_absolute_deviation"":""0""},""lower"":3,""equal"":0,""higher"":0}}"
32,final,after,wrapper.rss_bytes,bytes,"[{""pair"":0,""first_arm"":""lsf"",""native_group"":5,""lsf_group"":4,""native"":""122159104"",""lsf"":""4456448"",""lsf_minus_native"":""-117702656"",""percent_of_native"":""-96.351931""},{""pair"":1,""first_arm"":""lsf"",""native_group"":3,""lsf_group"":2,""native"":""121896960"",""lsf"":""4587520"",""lsf_minus_native"":""-117309440"",""percent_of_native"":""-96.236559""},{""pair"":2,""first_arm"":""lsf"",""native_group"":1,""lsf_group"":0,""native"":""120848384"",""lsf"":""4456448"",""lsf_minus_native"":""-116391936"",""percent_of_native"":""-96.312364""},{""pair"":3,""first_arm"":""native"",""native_group"":4,""lsf_group"":5,""native"":""120717312"",""lsf"":""4587520"",""lsf_minus_native"":""-116129792"",""percent_of_native"":""-96.199783""},{""pair"":4,""first_arm"":""native"",""native_group"":2,""lsf_group"":3,""native"":""122028032"",""lsf"":""4456448"",""lsf_minus_native"":""-117571584"",""percent_of_native"":""-96.348013""},{""pair"":5,""first_arm"":""native"",""native_group"":0,""lsf_group"":1,""native"":""121503744"",""lsf"":""4718592"",""lsf_minus_native"":""-116785152"",""percent_of_native"":""-96.116505""},{""pair"":6,""first_arm"":""lsf"",""native_group"":5,""lsf_group"":4,""native"":""122159104"",""lsf"":""4456448"",""lsf_minus_native"":""-117702656"",""percent_of_native"":""-96.351931""}]",7,7,0,"{""count"":""7"",""minimum"":""120717312"",""median"":""121896960"",""maximum"":""122159104"",""median_absolute_deviation"":""262144""}","{""count"":""7"",""minimum"":""4456448"",""median"":""4456448"",""maximum"":""4718592"",""median_absolute_deviation"":""0""}","{""count"":""7"",""minimum"":""-117702656"",""median"":""-117309440"",""maximum"":""-116129792"",""median_absolute_deviation"":""393216""}",7,0,0,"{""lsf"":{""pair_count"":4,""available_pairs"":4,""unavailable_pairs"":0,""native"":{""count"":""4"",""minimum"":""120848384"",""median"":""122028032"",""maximum"":""122159104"",""median_absolute_deviation"":""131072""},""lsf"":{""count"":""4"",""minimum"":""4456448"",""median"":""4456448"",""maximum"":""4587520"",""median_absolute_deviation"":""0""},""paired_difference"":{""count"":""4"",""minimum"":""-117702656"",""median"":""-117506048"",""maximum"":""-116391936"",""median_absolute_deviation"":""196608""},""lower"":4,""equal"":0,""higher"":0},""native"":{""pair_count"":3,""available_pairs"":3,""unavailable_pairs"":0,""native"":{""count"":""3"",""minimum"":""120717312"",""median"":""121503744"",""maximum"":""122028032"",""median_absolute_deviation"":""524288""},""lsf"":{""count"":""3"",""minimum"":""4456448"",""median"":""4587520"",""maximum"":""4718592"",""median_absolute_deviation"":""131072""},""paired_difference"":{""count"":""3"",""minimum"":""-117571584"",""median"":""-116785152"",""maximum"":""-116129792"",""median_absolute_deviation"":""655360""},""lower"":3,""equal"":0,""higher"":0}}"
32,final,after,wrapper.threads,count,"[{""pair"":0,""first_arm"":""lsf"",""native_group"":5,""lsf_group"":4,""native"":""96"",""lsf"":""3"",""lsf_minus_native"":""-93"",""percent_of_native"":""-96.875""},{""pair"":1,""first_arm"":""lsf"",""native_group"":3,""lsf_group"":2,""native"":""96"",""lsf"":""3"",""lsf_minus_native"":""-93"",""percent_of_native"":""-96.875""},{""pair"":2,""first_arm"":""lsf"",""native_group"":1,""lsf_group"":0,""native"":""96"",""lsf"":""3"",""lsf_minus_native"":""-93"",""percent_of_native"":""-96.875""},{""pair"":3,""first_arm"":""native"",""native_group"":4,""lsf_group"":5,""native"":""96"",""lsf"":""3"",""lsf_minus_native"":""-93"",""percent_of_native"":""-96.875""},{""pair"":4,""first_arm"":""native"",""native_group"":2,""lsf_group"":3,""native"":""96"",""lsf"":""3"",""lsf_minus_native"":""-93"",""percent_of_native"":""-96.875""},{""pair"":5,""first_arm"":""native"",""native_group"":0,""lsf_group"":1,""native"":""96"",""lsf"":""3"",""lsf_minus_native"":""-93"",""percent_of_native"":""-96.875""},{""pair"":6,""first_arm"":""lsf"",""native_group"":5,""lsf_group"":4,""native"":""96"",""lsf"":""3"",""lsf_minus_native"":""-93"",""percent_of_native"":""-96.875""}]",7,7,0,"{""count"":""7"",""minimum"":""96"",""median"":""96"",""maximum"":""96"",""median_absolute_deviation"":""0""}","{""count"":""7"",""minimum"":""3"",""median"":""3"",""maximum"":""3"",""median_absolute_deviation"":""0""}","{""count"":""7"",""minimum"":""-93"",""median"":""-93"",""maximum"":""-93"",""median_absolute_deviation"":""0""}",7,0,0,"{""lsf"":{""pair_count"":4,""available_pairs"":4,""unavailable_pairs"":0,""native"":{""count"":""4"",""minimum"":""96"",""median"":""96"",""maximum"":""96"",""median_absolute_deviation"":""0""},""lsf"":{""count"":""4"",""minimum"":""3"",""median"":""3"",""maximum"":""3"",""median_absolute_deviation"":""0""},""paired_difference"":{""count"":""4"",""minimum"":""-93"",""median"":""-93"",""maximum"":""-93"",""median_absolute_deviation"":""0""},""lower"":4,""equal"":0,""higher"":0},""native"":{""pair_count"":3,""available_pairs"":3,""unavailable_pairs"":0,""native"":{""count"":""3"",""minimum"":""96"",""median"":""96"",""maximum"":""96"",""median_absolute_deviation"":""0""},""lsf"":{""count"":""3"",""minimum"":""3"",""median"":""3"",""maximum"":""3"",""median_absolute_deviation"":""0""},""paired_difference"":{""count"":""3"",""minimum"":""-93"",""median"":""-93"",""maximum"":""-93"",""median_absolute_deviation"":""0""},""lower"":3,""equal"":0,""higher"":0}}"
32,final,after,wrapper.fd_count,count,"[{""pair"":0,""first_arm"":""lsf"",""native_group"":5,""lsf_group"":4,""native"":""608"",""lsf"":""81"",""lsf_minus_native"":""-527"",""percent_of_native"":""-86.677632""},{""pair"":1,""first_arm"":""lsf"",""native_group"":3,""lsf_group"":2,""native"":""608"",""lsf"":""81"",""lsf_minus_native"":""-527"",""percent_of_native"":""-86.677632""},{""pair"":2,""first_arm"":""lsf"",""native_group"":1,""lsf_group"":0,""native"":""608"",""lsf"":""81"",""lsf_minus_native"":""-527"",""percent_of_native"":""-86.677632""},{""pair"":3,""first_arm"":""native"",""native_group"":4,""lsf_group"":5,""native"":""608"",""lsf"":""81"",""lsf_minus_native"":""-527"",""percent_of_native"":""-86.677632""},{""pair"":4,""first_arm"":""native"",""native_group"":2,""lsf_group"":3,""native"":""608"",""lsf"":""81"",""lsf_minus_native"":""-527"",""percent_of_native"":""-86.677632""},{""pair"":5,""first_arm"":""native"",""native_group"":0,""lsf_group"":1,""native"":""608"",""lsf"":""81"",""lsf_minus_native"":""-527"",""percent_of_native"":""-86.677632""},{""pair"":6,""first_arm"":""lsf"",""native_group"":5,""lsf_group"":4,""native"":""608"",""lsf"":""81"",""lsf_minus_native"":""-527"",""percent_of_native"":""-86.677632""}]",7,7,0,"{""count"":""7"",""minimum"":""608"",""median"":""608"",""maximum"":""608"",""median_absolute_deviation"":""0""}","{""count"":""7"",""minimum"":""81"",""median"":""81"",""maximum"":""81"",""median_absolute_deviation"":""0""}","{""count"":""7"",""minimum"":""-527"",""median"":""-527"",""maximum"":""-527"",""median_absolute_deviation"":""0""}",7,0,0,"{""lsf"":{""pair_count"":4,""available_pairs"":4,""unavailable_pairs"":0,""native"":{""count"":""4"",""minimum"":""608"",""median"":""608"",""maximum"":""608"",""median_absolute_deviation"":""0""},""lsf"":{""count"":""4"",""minimum"":""81"",""median"":""81"",""maximum"":""81"",""median_absolute_deviation"":""0""},""paired_difference"":{""count"":""4"",""minimum"":""-527"",""median"":""-527"",""maximum"":""-527"",""median_absolute_deviation"":""0""},""lower"":4,""equal"":0,""higher"":0},""native"":{""pair_count"":3,""available_pairs"":3,""unavailable_pairs"":0,""native"":{""count"":""3"",""minimum"":""608"",""median"":""608"",""maximum"":""608"",""median_absolute_deviation"":""0""},""lsf"":{""count"":""3"",""minimum"":""81"",""median"":""81"",""maximum"":""81"",""median_absolute_deviation"":""0""},""paired_difference"":{""count"":""3"",""minimum"":""-527"",""median"":""-527"",""maximum"":""-527"",""median_absolute_deviation"":""0""},""lower"":3,""equal"":0,""higher"":0}}"
32,final,after,wrapper.listener_count,count,"[{""pair"":0,""first_arm"":""lsf"",""native_group"":5,""lsf_group"":4,""native"":""32"",""lsf"":""1"",""lsf_minus_native"":""-31"",""percent_of_native"":""-96.875""},{""pair"":1,""first_arm"":""lsf"",""native_group"":3,""lsf_group"":2,""native"":""32"",""lsf"":""1"",""lsf_minus_native"":""-31"",""percent_of_native"":""-96.875""},{""pair"":2,""first_arm"":""lsf"",""native_group"":1,""lsf_group"":0,""native"":""32"",""lsf"":""1"",""lsf_minus_native"":""-31"",""percent_of_native"":""-96.875""},{""pair"":3,""first_arm"":""native"",""native_group"":4,""lsf_group"":5,""native"":""32"",""lsf"":""1"",""lsf_minus_native"":""-31"",""percent_of_native"":""-96.875""},{""pair"":4,""first_arm"":""native"",""native_group"":2,""lsf_group"":3,""native"":""32"",""lsf"":""1"",""lsf_minus_native"":""-31"",""percent_of_native"":""-96.875""},{""pair"":5,""first_arm"":""native"",""native_group"":0,""lsf_group"":1,""native"":""32"",""lsf"":""1"",""lsf_minus_native"":""-31"",""percent_of_native"":""-96.875""},{""pair"":6,""first_arm"":""lsf"",""native_group"":5,""lsf_group"":4,""native"":""32"",""lsf"":""1"",""lsf_minus_native"":""-31"",""percent_of_native"":""-96.875""}]",7,7,0,"{""count"":""7"",""minimum"":""32"",""median"":""32"",""maximum"":""32"",""median_absolute_deviation"":""0""}","{""count"":""7"",""minimum"":""1"",""median"":""1"",""maximum"":""1"",""median_absolute_deviation"":""0""}","{""count"":""7"",""minimum"":""-31"",""median"":""-31"",""maximum"":""-31"",""median_absolute_deviation"":""0""}",7,0,0,"{""lsf"":{""pair_count"":4,""available_pairs"":4,""unavailable_pairs"":0,""native"":{""count"":""4"",""minimum"":""32"",""median"":""32"",""maximum"":""32"",""median_absolute_deviation"":""0""},""lsf"":{""count"":""4"",""minimum"":""1"",""median"":""1"",""maximum"":""1"",""median_absolute_deviation"":""0""},""paired_difference"":{""count"":""4"",""minimum"":""-31"",""median"":""-31"",""maximum"":""-31"",""median_absolute_deviation"":""0""},""lower"":4,""equal"":0,""higher"":0},""native"":{""pair_count"":3,""available_pairs"":3,""unavailable_pairs"":0,""native"":{""count"":""3"",""minimum"":""32"",""median"":""32"",""maximum"":""32"",""median_absolute_deviation"":""0""},""lsf"":{""count"":""3"",""minimum"":""1"",""median"":""1"",""maximum"":""1"",""median_absolute_deviation"":""0""},""paired_difference"":{""count"":""3"",""minimum"":""-31"",""median"":""-31"",""maximum"":""-31"",""median_absolute_deviation"":""0""},""lower"":3,""equal"":0,""higher"":0}}"
32,final,after,cgroup.memory_current_bytes,bytes,"[{""pair"":0,""first_arm"":""lsf"",""native_group"":5,""lsf_group"":4,""native"":""61190144"",""lsf"":""14733312"",""lsf_minus_native"":""-46456832"",""percent_of_native"":""-75.922083""},{""pair"":1,""first_arm"":""lsf"",""native_group"":3,""lsf_group"":2,""native"":""60493824"",""lsf"":""14721024"",""lsf_minus_native"":""-45772800"",""percent_of_native"":""-75.665245""},{""pair"":2,""first_arm"":""lsf"",""native_group"":1,""lsf_group"":0,""native"":""60538880"",""lsf"":""14782464"",""lsf_minus_native"":""-45756416"",""percent_of_native"":""-75.581867""},{""pair"":3,""first_arm"":""native"",""native_group"":4,""lsf_group"":5,""native"":""60825600"",""lsf"":""14811136"",""lsf_minus_native"":""-46014464"",""percent_of_native"":""-75.649832""},{""pair"":4,""first_arm"":""native"",""native_group"":2,""lsf_group"":3,""native"":""60514304"",""lsf"":""15278080"",""lsf_minus_native"":""-45236224"",""percent_of_native"":""-74.752944""},{""pair"":5,""first_arm"":""native"",""native_group"":0,""lsf_group"":1,""native"":""60514304"",""lsf"":""14659584"",""lsf_minus_native"":""-45854720"",""percent_of_native"":""-75.77501""},{""pair"":6,""first_arm"":""lsf"",""native_group"":5,""lsf_group"":4,""native"":""60502016"",""lsf"":""15278080"",""lsf_minus_native"":""-45223936"",""percent_of_native"":""-74.747817""}]",7,7,0,"{""count"":""7"",""minimum"":""60493824"",""median"":""60514304"",""maximum"":""61190144"",""median_absolute_deviation"":""20480""}","{""count"":""7"",""minimum"":""14659584"",""median"":""14782464"",""maximum"":""15278080"",""median_absolute_deviation"":""61440""}","{""count"":""7"",""minimum"":""-46456832"",""median"":""-45772800"",""maximum"":""-45223936"",""median_absolute_deviation"":""241664""}",7,0,0,"{""lsf"":{""pair_count"":4,""available_pairs"":4,""unavailable_pairs"":0,""native"":{""count"":""4"",""minimum"":""60493824"",""median"":""60520448"",""maximum"":""61190144"",""median_absolute_deviation"":""22528""},""lsf"":{""count"":""4"",""minimum"":""14721024"",""median"":""14757888"",""maximum"":""15278080"",""median_absolute_deviation"":""30720""},""paired_difference"":{""count"":""4"",""minimum"":""-46456832"",""median"":""-45764608"",""maximum"":""-45223936"",""median_absolute_deviation"":""274432""},""lower"":4,""equal"":0,""higher"":0},""native"":{""pair_count"":3,""available_pairs"":3,""unavailable_pairs"":0,""native"":{""count"":""3"",""minimum"":""60514304"",""median"":""60514304"",""maximum"":""60825600"",""median_absolute_deviation"":""0""},""lsf"":{""count"":""3"",""minimum"":""14659584"",""median"":""14811136"",""maximum"":""15278080"",""median_absolute_deviation"":""151552""},""paired_difference"":{""count"":""3"",""minimum"":""-46014464"",""median"":""-45854720"",""maximum"":""-45236224"",""median_absolute_deviation"":""159744""},""lower"":3,""equal"":0,""higher"":0}}"
32,final,after,cgroup.sum_leaf_lifetime_memory_peak_bytes,bytes,"[{""pair"":0,""first_arm"":""lsf"",""native_group"":5,""lsf_group"":4,""native"":""186527744"",""lsf"":""17215488"",""lsf_minus_native"":""-169312256"",""percent_of_native"":""-90.770548""},{""pair"":1,""first_arm"":""lsf"",""native_group"":3,""lsf_group"":2,""native"":""186793984"",""lsf"":""17534976"",""lsf_minus_native"":""-169259008"",""percent_of_native"":""-90.612666""},{""pair"":2,""first_arm"":""lsf"",""native_group"":1,""lsf_group"":0,""native"":""189222912"",""lsf"":""17350656"",""lsf_minus_native"":""-171872256"",""percent_of_native"":""-90.830573""},{""pair"":3,""first_arm"":""native"",""native_group"":4,""lsf_group"":5,""native"":""187052032"",""lsf"":""17723392"",""lsf_minus_native"":""-169328640"",""percent_of_native"":""-90.524887""},{""pair"":4,""first_arm"":""native"",""native_group"":2,""lsf_group"":3,""native"":""185954304"",""lsf"":""18030592"",""lsf_minus_native"":""-167923712"",""percent_of_native"":""-90.303751""},{""pair"":5,""first_arm"":""native"",""native_group"":0,""lsf_group"":1,""native"":""192487424"",""lsf"":""17158144"",""lsf_minus_native"":""-175329280"",""percent_of_native"":""-91.086096""},{""pair"":6,""first_arm"":""lsf"",""native_group"":5,""lsf_group"":4,""native"":""185868288"",""lsf"":""17641472"",""lsf_minus_native"":""-168226816"",""percent_of_native"":""-90.508617""}]",7,7,0,"{""count"":""7"",""minimum"":""185868288"",""median"":""186793984"",""maximum"":""192487424"",""median_absolute_deviation"":""839680""}","{""count"":""7"",""minimum"":""17158144"",""median"":""17534976"",""maximum"":""18030592"",""median_absolute_deviation"":""188416""}","{""count"":""7"",""minimum"":""-175329280"",""median"":""-169312256"",""maximum"":""-167923712"",""median_absolute_deviation"":""1085440""}",7,0,0,"{""lsf"":{""pair_count"":4,""available_pairs"":4,""unavailable_pairs"":0,""native"":{""count"":""4"",""minimum"":""185868288"",""median"":""186660864"",""maximum"":""189222912"",""median_absolute_deviation"":""462848""},""lsf"":{""count"":""4"",""minimum"":""17215488"",""median"":""17442816"",""maximum"":""17641472"",""median_absolute_deviation"":""145408""},""paired_difference"":{""count"":""4"",""minimum"":""-171872256"",""median"":""-169285632"",""maximum"":""-168226816"",""median_absolute_deviation"":""542720""},""lower"":4,""equal"":0,""higher"":0},""native"":{""pair_count"":3,""available_pairs"":3,""unavailable_pairs"":0,""native"":{""count"":""3"",""minimum"":""185954304"",""median"":""187052032"",""maximum"":""192487424"",""median_absolute_deviation"":""1097728""},""lsf"":{""count"":""3"",""minimum"":""17158144"",""median"":""17723392"",""maximum"":""18030592"",""median_absolute_deviation"":""307200""},""paired_difference"":{""count"":""3"",""minimum"":""-175329280"",""median"":""-169328640"",""maximum"":""-167923712"",""median_absolute_deviation"":""1404928""},""lower"":3,""equal"":0,""higher"":0}}"
32,final,after,cgroup.memory_swap_current_bytes,bytes,"[{""pair"":0,""first_arm"":""lsf"",""native_group"":5,""lsf_group"":4,""native"":""0"",""lsf"":""0"",""lsf_minus_native"":""0"",""percent_of_native"":null},{""pair"":1,""first_arm"":""lsf"",""native_group"":3,""lsf_group"":2,""native"":""0"",""lsf"":""0"",""lsf_minus_native"":""0"",""percent_of_native"":null},{""pair"":2,""first_arm"":""lsf"",""native_group"":1,""lsf_group"":0,""native"":""0"",""lsf"":""0"",""lsf_minus_native"":""0"",""percent_of_native"":null},{""pair"":3,""first_arm"":""native"",""native_group"":4,""lsf_group"":5,""native"":""0"",""lsf"":""0"",""lsf_minus_native"":""0"",""percent_of_native"":null},{""pair"":4,""first_arm"":""native"",""native_group"":2,""lsf_group"":3,""native"":""0"",""lsf"":""0"",""lsf_minus_native"":""0"",""percent_of_native"":null},{""pair"":5,""first_arm"":""native"",""native_group"":0,""lsf_group"":1,""native"":""0"",""lsf"":""0"",""lsf_minus_native"":""0"",""percent_of_native"":null},{""pair"":6,""first_arm"":""lsf"",""native_group"":5,""lsf_group"":4,""native"":""0"",""lsf"":""0"",""lsf_minus_native"":""0"",""percent_of_native"":null}]",7,7,0,"{""count"":""7"",""minimum"":""0"",""median"":""0"",""maximum"":""0"",""median_absolute_deviation"":""0""}","{""count"":""7"",""minimum"":""0"",""median"":""0"",""maximum"":""0"",""median_absolute_deviation"":""0""}","{""count"":""7"",""minimum"":""0"",""median"":""0"",""maximum"":""0"",""median_absolute_deviation"":""0""}",0,7,0,"{""lsf"":{""pair_count"":4,""available_pairs"":4,""unavailable_pairs"":0,""native"":{""count"":""4"",""minimum"":""0"",""median"":""0"",""maximum"":""0"",""median_absolute_deviation"":""0""},""lsf"":{""count"":""4"",""minimum"":""0"",""median"":""0"",""maximum"":""0"",""median_absolute_deviation"":""0""},""paired_difference"":{""count"":""4"",""minimum"":""0"",""median"":""0"",""maximum"":""0"",""median_absolute_deviation"":""0""},""lower"":0,""equal"":4,""higher"":0},""native"":{""pair_count"":3,""available_pairs"":3,""unavailable_pairs"":0,""native"":{""count"":""3"",""minimum"":""0"",""median"":""0"",""maximum"":""0"",""median_absolute_deviation"":""0""},""lsf"":{""count"":""3"",""minimum"":""0"",""median"":""0"",""maximum"":""0"",""median_absolute_deviation"":""0""},""paired_difference"":{""count"":""3"",""minimum"":""0"",""median"":""0"",""maximum"":""0"",""median_absolute_deviation"":""0""},""lower"":0,""equal"":3,""higher"":0}}"
32,final,after,cgroup.pids_current,count,"[{""pair"":0,""first_arm"":""lsf"",""native_group"":5,""lsf_group"":4,""native"":""192"",""lsf"":""10"",""lsf_minus_native"":""-182"",""percent_of_native"":""-94.791667""},{""pair"":1,""first_arm"":""lsf"",""native_group"":3,""lsf_group"":2,""native"":""192"",""lsf"":""10"",""lsf_minus_native"":""-182"",""percent_of_native"":""-94.791667""},{""pair"":2,""first_arm"":""lsf"",""native_group"":1,""lsf_group"":0,""native"":""192"",""lsf"":""10"",""lsf_minus_native"":""-182"",""percent_of_native"":""-94.791667""},{""pair"":3,""first_arm"":""native"",""native_group"":4,""lsf_group"":5,""native"":""192"",""lsf"":""10"",""lsf_minus_native"":""-182"",""percent_of_native"":""-94.791667""},{""pair"":4,""first_arm"":""native"",""native_group"":2,""lsf_group"":3,""native"":""192"",""lsf"":""10"",""lsf_minus_native"":""-182"",""percent_of_native"":""-94.791667""},{""pair"":5,""first_arm"":""native"",""native_group"":0,""lsf_group"":1,""native"":""192"",""lsf"":""10"",""lsf_minus_native"":""-182"",""percent_of_native"":""-94.791667""},{""pair"":6,""first_arm"":""lsf"",""native_group"":5,""lsf_group"":4,""native"":""192"",""lsf"":""10"",""lsf_minus_native"":""-182"",""percent_of_native"":""-94.791667""}]",7,7,0,"{""count"":""7"",""minimum"":""192"",""median"":""192"",""maximum"":""192"",""median_absolute_deviation"":""0""}","{""count"":""7"",""minimum"":""10"",""median"":""10"",""maximum"":""10"",""median_absolute_deviation"":""0""}","{""count"":""7"",""minimum"":""-182"",""median"":""-182"",""maximum"":""-182"",""median_absolute_deviation"":""0""}",7,0,0,"{""lsf"":{""pair_count"":4,""available_pairs"":4,""unavailable_pairs"":0,""native"":{""count"":""4"",""minimum"":""192"",""median"":""192"",""maximum"":""192"",""median_absolute_deviation"":""0""},""lsf"":{""count"":""4"",""minimum"":""10"",""median"":""10"",""maximum"":""10"",""median_absolute_deviation"":""0""},""paired_difference"":{""count"":""4"",""minimum"":""-182"",""median"":""-182"",""maximum"":""-182"",""median_absolute_deviation"":""0""},""lower"":4,""equal"":0,""higher"":0},""native"":{""pair_count"":3,""available_pairs"":3,""unavailable_pairs"":0,""native"":{""count"":""3"",""minimum"":""192"",""median"":""192"",""maximum"":""192"",""median_absolute_deviation"":""0""},""lsf"":{""count"":""3"",""minimum"":""10"",""median"":""10"",""maximum"":""10"",""median_absolute_deviation"":""0""},""paired_difference"":{""count"":""3"",""minimum"":""-182"",""median"":""-182"",""maximum"":""-182"",""median_absolute_deviation"":""0""},""lower"":3,""equal"":0,""higher"":0}}"
32,final,after,cgroup.cpu.usage_usec,us,"[{""pair"":0,""first_arm"":""lsf"",""native_group"":5,""lsf_group"":4,""native"":""3789500"",""lsf"":""1475624"",""lsf_minus_native"":""-2313876"",""percent_of_native"":""-61.060193""},{""pair"":1,""first_arm"":""lsf"",""native_group"":3,""lsf_group"":2,""native"":""3858093"",""lsf"":""1439346"",""lsf_minus_native"":""-2418747"",""percent_of_native"":""-62.692812""},{""pair"":2,""first_arm"":""lsf"",""native_group"":1,""lsf_group"":0,""native"":""3930185"",""lsf"":""1485303"",""lsf_minus_native"":""-2444882"",""percent_of_native"":""-62.20781""},{""pair"":3,""first_arm"":""native"",""native_group"":4,""lsf_group"":5,""native"":""3733222"",""lsf"":""1457911"",""lsf_minus_native"":""-2275311"",""percent_of_native"":""-60.947648""},{""pair"":4,""first_arm"":""native"",""native_group"":2,""lsf_group"":3,""native"":""3766436"",""lsf"":""1463029"",""lsf_minus_native"":""-2303407"",""percent_of_native"":""-61.156143""},{""pair"":5,""first_arm"":""native"",""native_group"":0,""lsf_group"":1,""native"":""3744134"",""lsf"":""1415706"",""lsf_minus_native"":""-2328428"",""percent_of_native"":""-62.188693""},{""pair"":6,""first_arm"":""lsf"",""native_group"":5,""lsf_group"":4,""native"":""3702611"",""lsf"":""1489954"",""lsf_minus_native"":""-2212657"",""percent_of_native"":""-59.75937""}]",7,7,0,"{""count"":""7"",""minimum"":""3702611"",""median"":""3766436"",""maximum"":""3930185"",""median_absolute_deviation"":""33214""}","{""count"":""7"",""minimum"":""1415706"",""median"":""1463029"",""maximum"":""1489954"",""median_absolute_deviation"":""22274""}","{""count"":""7"",""minimum"":""-2444882"",""median"":""-2313876"",""maximum"":""-2212657"",""median_absolute_deviation"":""38565""}",7,0,0,"{""lsf"":{""pair_count"":4,""available_pairs"":4,""unavailable_pairs"":0,""native"":{""count"":""4"",""minimum"":""3702611"",""median"":""3823796.5"",""maximum"":""3930185"",""median_absolute_deviation"":""70342.5""},""lsf"":{""count"":""4"",""minimum"":""1439346"",""median"":""1480463.5"",""maximum"":""1489954"",""median_absolute_deviation"":""7165""},""paired_difference"":{""count"":""4"",""minimum"":""-2444882"",""median"":""-2366311.5"",""maximum"":""-2212657"",""median_absolute_deviation"":""65503""},""lower"":4,""equal"":0,""higher"":0},""native"":{""pair_count"":3,""available_pairs"":3,""unavailable_pairs"":0,""native"":{""count"":""3"",""minimum"":""3733222"",""median"":""3744134"",""maximum"":""3766436"",""median_absolute_deviation"":""10912""},""lsf"":{""count"":""3"",""minimum"":""1415706"",""median"":""1457911"",""maximum"":""1463029"",""median_absolute_deviation"":""5118""},""paired_difference"":{""count"":""3"",""minimum"":""-2328428"",""median"":""-2303407"",""maximum"":""-2275311"",""median_absolute_deviation"":""25021""},""lower"":3,""equal"":0,""higher"":0}}"
32,final,after,cgroup.cpu.user_usec,us,"[{""pair"":0,""first_arm"":""lsf"",""native_group"":5,""lsf_group"":4,""native"":""544728"",""lsf"":""1267202"",""lsf_minus_native"":""722474"",""percent_of_native"":""132.63023""},{""pair"":1,""first_arm"":""lsf"",""native_group"":3,""lsf_group"":2,""native"":""513849"",""lsf"":""1271694"",""lsf_minus_native"":""757845"",""percent_of_native"":""147.483988""},{""pair"":2,""first_arm"":""lsf"",""native_group"":1,""lsf_group"":0,""native"":""584397"",""lsf"":""1258663"",""lsf_minus_native"":""674266"",""percent_of_native"":""115.378073""},{""pair"":3,""first_arm"":""native"",""native_group"":4,""lsf_group"":5,""native"":""569338"",""lsf"":""1254963"",""lsf_minus_native"":""685625"",""percent_of_native"":""120.42495""},{""pair"":4,""first_arm"":""native"",""native_group"":2,""lsf_group"":3,""native"":""586162"",""lsf"":""1269877"",""lsf_minus_native"":""683715"",""percent_of_native"":""116.642669""},{""pair"":5,""first_arm"":""native"",""native_group"":0,""lsf_group"":1,""native"":""518309"",""lsf"":""1210364"",""lsf_minus_native"":""692055"",""percent_of_native"":""133.521702""},{""pair"":6,""first_arm"":""lsf"",""native_group"":5,""lsf_group"":4,""native"":""591775"",""lsf"":""1284866"",""lsf_minus_native"":""693091"",""percent_of_native"":""117.120696""}]",7,7,0,"{""count"":""7"",""minimum"":""513849"",""median"":""569338"",""maximum"":""591775"",""median_absolute_deviation"":""22437""}","{""count"":""7"",""minimum"":""1210364"",""median"":""1267202"",""maximum"":""1284866"",""median_absolute_deviation"":""8539""}","{""count"":""7"",""minimum"":""674266"",""median"":""692055"",""maximum"":""757845"",""median_absolute_deviation"":""8340""}",0,0,7,"{""lsf"":{""pair_count"":4,""available_pairs"":4,""unavailable_pairs"":0,""native"":{""count"":""4"",""minimum"":""513849"",""median"":""564562.5"",""maximum"":""591775"",""median_absolute_deviation"":""23523.5""},""lsf"":{""count"":""4"",""minimum"":""1258663"",""median"":""1269448"",""maximum"":""1284866"",""median_absolute_deviation"":""6515.5""},""paired_difference"":{""count"":""4"",""minimum"":""674266"",""median"":""707782.5"",""maximum"":""757845"",""median_absolute_deviation"":""24104""},""lower"":0,""equal"":0,""higher"":4},""native"":{""pair_count"":3,""available_pairs"":3,""unavailable_pairs"":0,""native"":{""count"":""3"",""minimum"":""518309"",""median"":""569338"",""maximum"":""586162"",""median_absolute_deviation"":""16824""},""lsf"":{""count"":""3"",""minimum"":""1210364"",""median"":""1254963"",""maximum"":""1269877"",""median_absolute_deviation"":""14914""},""paired_difference"":{""count"":""3"",""minimum"":""683715"",""median"":""685625"",""maximum"":""692055"",""median_absolute_deviation"":""1910""},""lower"":0,""equal"":0,""higher"":3}}"
32,final,after,cgroup.cpu.system_usec,us,"[{""pair"":0,""first_arm"":""lsf"",""native_group"":5,""lsf_group"":4,""native"":""3244758"",""lsf"":""208421"",""lsf_minus_native"":""-3036337"",""percent_of_native"":""-93.576686""},{""pair"":1,""first_arm"":""lsf"",""native_group"":3,""lsf_group"":2,""native"":""3344225"",""lsf"":""167651"",""lsf_minus_native"":""-3176574"",""percent_of_native"":""-94.98685""},{""pair"":2,""first_arm"":""lsf"",""native_group"":1,""lsf_group"":0,""native"":""3345771"",""lsf"":""226640"",""lsf_minus_native"":""-3119131"",""percent_of_native"":""-93.226076""},{""pair"":3,""first_arm"":""native"",""native_group"":4,""lsf_group"":5,""native"":""3163869"",""lsf"":""202947"",""lsf_minus_native"":""-2960922"",""percent_of_native"":""-93.58548""},{""pair"":4,""first_arm"":""native"",""native_group"":2,""lsf_group"":3,""native"":""3180258"",""lsf"":""193152"",""lsf_minus_native"":""-2987106"",""percent_of_native"":""-93.92653""},{""pair"":5,""first_arm"":""native"",""native_group"":0,""lsf_group"":1,""native"":""3225813"",""lsf"":""205342"",""lsf_minus_native"":""-3020471"",""percent_of_native"":""-93.634411""},{""pair"":6,""first_arm"":""lsf"",""native_group"":5,""lsf_group"":4,""native"":""3110824"",""lsf"":""205087"",""lsf_minus_native"":""-2905737"",""percent_of_native"":""-93.407309""}]",7,7,0,"{""count"":""7"",""minimum"":""3110824"",""median"":""3225813"",""maximum"":""3345771"",""median_absolute_deviation"":""61944""}","{""count"":""7"",""minimum"":""167651"",""median"":""205087"",""maximum"":""226640"",""median_absolute_deviation"":""3334""}","{""count"":""7"",""minimum"":""-3176574"",""median"":""-3020471"",""maximum"":""-2905737"",""median_absolute_deviation"":""59549""}",7,0,0,"{""lsf"":{""pair_count"":4,""available_pairs"":4,""unavailable_pairs"":0,""native"":{""count"":""4"",""minimum"":""3110824"",""median"":""3294491.5"",""maximum"":""3345771"",""median_absolute_deviation"":""50506.5""},""lsf"":{""count"":""4"",""minimum"":""167651"",""median"":""206754"",""maximum"":""226640"",""median_absolute_deviation"":""10776.5""},""paired_difference"":{""count"":""4"",""minimum"":""-3176574"",""median"":""-3077734"",""maximum"":""-2905737"",""median_absolute_deviation"":""70118.5""},""lower"":4,""equal"":0,""higher"":0},""native"":{""pair_count"":3,""available_pairs"":3,""unavailable_pairs"":0,""native"":{""count"":""3"",""minimum"":""3163869"",""median"":""3180258"",""maximum"":""3225813"",""median_absolute_deviation"":""16389""},""lsf"":{""count"":""3"",""minimum"":""193152"",""median"":""202947"",""maximum"":""205342"",""median_absolute_deviation"":""2395""},""paired_difference"":{""count"":""3"",""minimum"":""-3020471"",""median"":""-2987106"",""maximum"":""-2960922"",""median_absolute_deviation"":""26184""},""lower"":3,""equal"":0,""higher"":0}}"
32,final,after,cgroup.cpu.nr_periods,count,"[{""pair"":0,""first_arm"":""lsf"",""native_group"":5,""lsf_group"":4,""native"":""636"",""lsf"":""57"",""lsf_minus_native"":""-579"",""percent_of_native"":""-91.037736""},{""pair"":1,""first_arm"":""lsf"",""native_group"":3,""lsf_group"":2,""native"":""681"",""lsf"":""65"",""lsf_minus_native"":""-616"",""percent_of_native"":""-90.455213""},{""pair"":2,""first_arm"":""lsf"",""native_group"":1,""lsf_group"":0,""native"":""659"",""lsf"":""55"",""lsf_minus_native"":""-604"",""percent_of_native"":""-91.654021""},{""pair"":3,""first_arm"":""native"",""native_group"":4,""lsf_group"":5,""native"":""676"",""lsf"":""58"",""lsf_minus_native"":""-618"",""percent_of_native"":""-91.420118""},{""pair"":4,""first_arm"":""native"",""native_group"":2,""lsf_group"":3,""native"":""663"",""lsf"":""52"",""lsf_minus_native"":""-611"",""percent_of_native"":""-92.156863""},{""pair"":5,""first_arm"":""native"",""native_group"":0,""lsf_group"":1,""native"":""665"",""lsf"":""55"",""lsf_minus_native"":""-610"",""percent_of_native"":""-91.729323""},{""pair"":6,""first_arm"":""lsf"",""native_group"":5,""lsf_group"":4,""native"":""665"",""lsf"":""69"",""lsf_minus_native"":""-596"",""percent_of_native"":""-89.62406""}]",7,7,0,"{""count"":""7"",""minimum"":""636"",""median"":""665"",""maximum"":""681"",""median_absolute_deviation"":""6""}","{""count"":""7"",""minimum"":""52"",""median"":""57"",""maximum"":""69"",""median_absolute_deviation"":""2""}","{""count"":""7"",""minimum"":""-618"",""median"":""-610"",""maximum"":""-579"",""median_absolute_deviation"":""6""}",7,0,0,"{""lsf"":{""pair_count"":4,""available_pairs"":4,""unavailable_pairs"":0,""native"":{""count"":""4"",""minimum"":""636"",""median"":""662"",""maximum"":""681"",""median_absolute_deviation"":""11""},""lsf"":{""count"":""4"",""minimum"":""55"",""median"":""61"",""maximum"":""69"",""median_absolute_deviation"":""5""},""paired_difference"":{""count"":""4"",""minimum"":""-616"",""median"":""-600"",""maximum"":""-579"",""median_absolute_deviation"":""10""},""lower"":4,""equal"":0,""higher"":0},""native"":{""pair_count"":3,""available_pairs"":3,""unavailable_pairs"":0,""native"":{""count"":""3"",""minimum"":""663"",""median"":""665"",""maximum"":""676"",""median_absolute_deviation"":""2""},""lsf"":{""count"":""3"",""minimum"":""52"",""median"":""55"",""maximum"":""58"",""median_absolute_deviation"":""3""},""paired_difference"":{""count"":""3"",""minimum"":""-618"",""median"":""-611"",""maximum"":""-610"",""median_absolute_deviation"":""1""},""lower"":3,""equal"":0,""higher"":0}}"
32,final,after,cgroup.cpu.nr_throttled,count,"[{""pair"":0,""first_arm"":""lsf"",""native_group"":5,""lsf_group"":4,""native"":""79"",""lsf"":""0"",""lsf_minus_native"":""-79"",""percent_of_native"":""-100""},{""pair"":1,""first_arm"":""lsf"",""native_group"":3,""lsf_group"":2,""native"":""75"",""lsf"":""0"",""lsf_minus_native"":""-75"",""percent_of_native"":""-100""},{""pair"":2,""first_arm"":""lsf"",""native_group"":1,""lsf_group"":0,""native"":""82"",""lsf"":""0"",""lsf_minus_native"":""-82"",""percent_of_native"":""-100""},{""pair"":3,""first_arm"":""native"",""native_group"":4,""lsf_group"":5,""native"":""69"",""lsf"":""0"",""lsf_minus_native"":""-69"",""percent_of_native"":""-100""},{""pair"":4,""first_arm"":""native"",""native_group"":2,""lsf_group"":3,""native"":""71"",""lsf"":""0"",""lsf_minus_native"":""-71"",""percent_of_native"":""-100""},{""pair"":5,""first_arm"":""native"",""native_group"":0,""lsf_group"":1,""native"":""72"",""lsf"":""0"",""lsf_minus_native"":""-72"",""percent_of_native"":""-100""},{""pair"":6,""first_arm"":""lsf"",""native_group"":5,""lsf_group"":4,""native"":""72"",""lsf"":""0"",""lsf_minus_native"":""-72"",""percent_of_native"":""-100""}]",7,7,0,"{""count"":""7"",""minimum"":""69"",""median"":""72"",""maximum"":""82"",""median_absolute_deviation"":""3""}","{""count"":""7"",""minimum"":""0"",""median"":""0"",""maximum"":""0"",""median_absolute_deviation"":""0""}","{""count"":""7"",""minimum"":""-82"",""median"":""-72"",""maximum"":""-69"",""median_absolute_deviation"":""3""}",7,0,0,"{""lsf"":{""pair_count"":4,""available_pairs"":4,""unavailable_pairs"":0,""native"":{""count"":""4"",""minimum"":""72"",""median"":""77"",""maximum"":""82"",""median_absolute_deviation"":""3.5""},""lsf"":{""count"":""4"",""minimum"":""0"",""median"":""0"",""maximum"":""0"",""median_absolute_deviation"":""0""},""paired_difference"":{""count"":""4"",""minimum"":""-82"",""median"":""-77"",""maximum"":""-72"",""median_absolute_deviation"":""3.5""},""lower"":4,""equal"":0,""higher"":0},""native"":{""pair_count"":3,""available_pairs"":3,""unavailable_pairs"":0,""native"":{""count"":""3"",""minimum"":""69"",""median"":""71"",""maximum"":""72"",""median_absolute_deviation"":""1""},""lsf"":{""count"":""3"",""minimum"":""0"",""median"":""0"",""maximum"":""0"",""median_absolute_deviation"":""0""},""paired_difference"":{""count"":""3"",""minimum"":""-72"",""median"":""-71"",""maximum"":""-69"",""median_absolute_deviation"":""1""},""lower"":3,""equal"":0,""higher"":0}}"
32,final,after,cgroup.cpu.throttled_usec,us,"[{""pair"":0,""first_arm"":""lsf"",""native_group"":5,""lsf_group"":4,""native"":""4783674"",""lsf"":""0"",""lsf_minus_native"":""-4783674"",""percent_of_native"":""-100""},{""pair"":1,""first_arm"":""lsf"",""native_group"":3,""lsf_group"":2,""native"":""3156289"",""lsf"":""0"",""lsf_minus_native"":""-3156289"",""percent_of_native"":""-100""},{""pair"":2,""first_arm"":""lsf"",""native_group"":1,""lsf_group"":0,""native"":""4162238"",""lsf"":""0"",""lsf_minus_native"":""-4162238"",""percent_of_native"":""-100""},{""pair"":3,""first_arm"":""native"",""native_group"":4,""lsf_group"":5,""native"":""3108842"",""lsf"":""0"",""lsf_minus_native"":""-3108842"",""percent_of_native"":""-100""},{""pair"":4,""first_arm"":""native"",""native_group"":2,""lsf_group"":3,""native"":""2954351"",""lsf"":""0"",""lsf_minus_native"":""-2954351"",""percent_of_native"":""-100""},{""pair"":5,""first_arm"":""native"",""native_group"":0,""lsf_group"":1,""native"":""3552128"",""lsf"":""0"",""lsf_minus_native"":""-3552128"",""percent_of_native"":""-100""},{""pair"":6,""first_arm"":""lsf"",""native_group"":5,""lsf_group"":4,""native"":""3217480"",""lsf"":""0"",""lsf_minus_native"":""-3217480"",""percent_of_native"":""-100""}]",7,7,0,"{""count"":""7"",""minimum"":""2954351"",""median"":""3217480"",""maximum"":""4783674"",""median_absolute_deviation"":""263129""}","{""count"":""7"",""minimum"":""0"",""median"":""0"",""maximum"":""0"",""median_absolute_deviation"":""0""}","{""count"":""7"",""minimum"":""-4783674"",""median"":""-3217480"",""maximum"":""-2954351"",""median_absolute_deviation"":""263129""}",7,0,0,"{""lsf"":{""pair_count"":4,""available_pairs"":4,""unavailable_pairs"":0,""native"":{""count"":""4"",""minimum"":""3156289"",""median"":""3689859"",""maximum"":""4783674"",""median_absolute_deviation"":""502974.5""},""lsf"":{""count"":""4"",""minimum"":""0"",""median"":""0"",""maximum"":""0"",""median_absolute_deviation"":""0""},""paired_difference"":{""count"":""4"",""minimum"":""-4783674"",""median"":""-3689859"",""maximum"":""-3156289"",""median_absolute_deviation"":""502974.5""},""lower"":4,""equal"":0,""higher"":0},""native"":{""pair_count"":3,""available_pairs"":3,""unavailable_pairs"":0,""native"":{""count"":""3"",""minimum"":""2954351"",""median"":""3108842"",""maximum"":""3552128"",""median_absolute_deviation"":""154491""},""lsf"":{""count"":""3"",""minimum"":""0"",""median"":""0"",""maximum"":""0"",""median_absolute_deviation"":""0""},""paired_difference"":{""count"":""3"",""minimum"":""-3552128"",""median"":""-3108842"",""maximum"":""-2954351"",""median_absolute_deviation"":""154491""},""lower"":3,""equal"":0,""higher"":0}}"
32,final,before,child.rss_bytes,bytes,"[{""pair"":0,""first_arm"":""lsf"",""native_group"":5,""lsf_group"":4,""native"":""149028864"",""lsf"":""29405184"",""lsf_minus_native"":""-119623680"",""percent_of_native"":""-80.268799""},{""pair"":1,""first_arm"":""lsf"",""native_group"":3,""lsf_group"":2,""native"":""148242432"",""lsf"":""29470720"",""lsf_minus_native"":""-118771712"",""percent_of_native"":""-80.119916""},{""pair"":2,""first_arm"":""lsf"",""native_group"":1,""lsf_group"":0,""native"":""149291008"",""lsf"":""29270016"",""lsf_minus_native"":""-120020992"",""percent_of_native"":""-80.393986""},{""pair"":3,""first_arm"":""native"",""native_group"":4,""lsf_group"":5,""native"":""148766720"",""lsf"":""29319168"",""lsf_minus_native"":""-119447552"",""percent_of_native"":""-80.29185""},{""pair"":4,""first_arm"":""native"",""native_group"":2,""lsf_group"":3,""native"":""147980288"",""lsf"":""29831168"",""lsf_minus_native"":""-118149120"",""percent_of_native"":""-79.84112""},{""pair"":5,""first_arm"":""native"",""native_group"":0,""lsf_group"":1,""native"":""149159936"",""lsf"":""29335552"",""lsf_minus_native"":""-119824384"",""percent_of_native"":""-80.332821""},{""pair"":6,""first_arm"":""lsf"",""native_group"":5,""lsf_group"":4,""native"":""148504576"",""lsf"":""29601792"",""lsf_minus_native"":""-118902784"",""percent_of_native"":""-80.066748""}]",7,7,0,"{""count"":""7"",""minimum"":""147980288"",""median"":""148766720"",""maximum"":""149291008"",""median_absolute_deviation"":""393216""}","{""count"":""7"",""minimum"":""29270016"",""median"":""29405184"",""maximum"":""29831168"",""median_absolute_deviation"":""86016""}","{""count"":""7"",""minimum"":""-120020992"",""median"":""-119447552"",""maximum"":""-118149120"",""median_absolute_deviation"":""544768""}",7,0,0,"{""lsf"":{""pair_count"":4,""available_pairs"":4,""unavailable_pairs"":0,""native"":{""count"":""4"",""minimum"":""148242432"",""median"":""148766720"",""maximum"":""149291008"",""median_absolute_deviation"":""393216""},""lsf"":{""count"":""4"",""minimum"":""29270016"",""median"":""29437952"",""maximum"":""29601792"",""median_absolute_deviation"":""98304""},""paired_difference"":{""count"":""4"",""minimum"":""-120020992"",""median"":""-119263232"",""maximum"":""-118771712"",""median_absolute_deviation"":""425984""},""lower"":4,""equal"":0,""higher"":0},""native"":{""pair_count"":3,""available_pairs"":3,""unavailable_pairs"":0,""native"":{""count"":""3"",""minimum"":""147980288"",""median"":""148766720"",""maximum"":""149159936"",""median_absolute_deviation"":""393216""},""lsf"":{""count"":""3"",""minimum"":""29319168"",""median"":""29335552"",""maximum"":""29831168"",""median_absolute_deviation"":""16384""},""paired_difference"":{""count"":""3"",""minimum"":""-119824384"",""median"":""-119447552"",""maximum"":""-118149120"",""median_absolute_deviation"":""376832""},""lower"":3,""equal"":0,""higher"":0}}"
32,final,before,child.threads,count,"[{""pair"":0,""first_arm"":""lsf"",""native_group"":5,""lsf_group"":4,""native"":""96"",""lsf"":""7"",""lsf_minus_native"":""-89"",""percent_of_native"":""-92.708333""},{""pair"":1,""first_arm"":""lsf"",""native_group"":3,""lsf_group"":2,""native"":""96"",""lsf"":""7"",""lsf_minus_native"":""-89"",""percent_of_native"":""-92.708333""},{""pair"":2,""first_arm"":""lsf"",""native_group"":1,""lsf_group"":0,""native"":""96"",""lsf"":""7"",""lsf_minus_native"":""-89"",""percent_of_native"":""-92.708333""},{""pair"":3,""first_arm"":""native"",""native_group"":4,""lsf_group"":5,""native"":""96"",""lsf"":""7"",""lsf_minus_native"":""-89"",""percent_of_native"":""-92.708333""},{""pair"":4,""first_arm"":""native"",""native_group"":2,""lsf_group"":3,""native"":""96"",""lsf"":""7"",""lsf_minus_native"":""-89"",""percent_of_native"":""-92.708333""},{""pair"":5,""first_arm"":""native"",""native_group"":0,""lsf_group"":1,""native"":""96"",""lsf"":""7"",""lsf_minus_native"":""-89"",""percent_of_native"":""-92.708333""},{""pair"":6,""first_arm"":""lsf"",""native_group"":5,""lsf_group"":4,""native"":""96"",""lsf"":""7"",""lsf_minus_native"":""-89"",""percent_of_native"":""-92.708333""}]",7,7,0,"{""count"":""7"",""minimum"":""96"",""median"":""96"",""maximum"":""96"",""median_absolute_deviation"":""0""}","{""count"":""7"",""minimum"":""7"",""median"":""7"",""maximum"":""7"",""median_absolute_deviation"":""0""}","{""count"":""7"",""minimum"":""-89"",""median"":""-89"",""maximum"":""-89"",""median_absolute_deviation"":""0""}",7,0,0,"{""lsf"":{""pair_count"":4,""available_pairs"":4,""unavailable_pairs"":0,""native"":{""count"":""4"",""minimum"":""96"",""median"":""96"",""maximum"":""96"",""median_absolute_deviation"":""0""},""lsf"":{""count"":""4"",""minimum"":""7"",""median"":""7"",""maximum"":""7"",""median_absolute_deviation"":""0""},""paired_difference"":{""count"":""4"",""minimum"":""-89"",""median"":""-89"",""maximum"":""-89"",""median_absolute_deviation"":""0""},""lower"":4,""equal"":0,""higher"":0},""native"":{""pair_count"":3,""available_pairs"":3,""unavailable_pairs"":0,""native"":{""count"":""3"",""minimum"":""96"",""median"":""96"",""maximum"":""96"",""median_absolute_deviation"":""0""},""lsf"":{""count"":""3"",""minimum"":""7"",""median"":""7"",""maximum"":""7"",""median_absolute_deviation"":""0""},""paired_difference"":{""count"":""3"",""minimum"":""-89"",""median"":""-89"",""maximum"":""-89"",""median_absolute_deviation"":""0""},""lower"":3,""equal"":0,""higher"":0}}"
32,final,before,child.fd_count,count,"[{""pair"":0,""first_arm"":""lsf"",""native_group"":5,""lsf_group"":4,""native"":""352"",""lsf"":""80"",""lsf_minus_native"":""-272"",""percent_of_native"":""-77.272727""},{""pair"":1,""first_arm"":""lsf"",""native_group"":3,""lsf_group"":2,""native"":""352"",""lsf"":""80"",""lsf_minus_native"":""-272"",""percent_of_native"":""-77.272727""},{""pair"":2,""first_arm"":""lsf"",""native_group"":1,""lsf_group"":0,""native"":""352"",""lsf"":""80"",""lsf_minus_native"":""-272"",""percent_of_native"":""-77.272727""},{""pair"":3,""first_arm"":""native"",""native_group"":4,""lsf_group"":5,""native"":""352"",""lsf"":""80"",""lsf_minus_native"":""-272"",""percent_of_native"":""-77.272727""},{""pair"":4,""first_arm"":""native"",""native_group"":2,""lsf_group"":3,""native"":""352"",""lsf"":""80"",""lsf_minus_native"":""-272"",""percent_of_native"":""-77.272727""},{""pair"":5,""first_arm"":""native"",""native_group"":0,""lsf_group"":1,""native"":""352"",""lsf"":""80"",""lsf_minus_native"":""-272"",""percent_of_native"":""-77.272727""},{""pair"":6,""first_arm"":""lsf"",""native_group"":5,""lsf_group"":4,""native"":""352"",""lsf"":""80"",""lsf_minus_native"":""-272"",""percent_of_native"":""-77.272727""}]",7,7,0,"{""count"":""7"",""minimum"":""352"",""median"":""352"",""maximum"":""352"",""median_absolute_deviation"":""0""}","{""count"":""7"",""minimum"":""80"",""median"":""80"",""maximum"":""80"",""median_absolute_deviation"":""0""}","{""count"":""7"",""minimum"":""-272"",""median"":""-272"",""maximum"":""-272"",""median_absolute_deviation"":""0""}",7,0,0,"{""lsf"":{""pair_count"":4,""available_pairs"":4,""unavailable_pairs"":0,""native"":{""count"":""4"",""minimum"":""352"",""median"":""352"",""maximum"":""352"",""median_absolute_deviation"":""0""},""lsf"":{""count"":""4"",""minimum"":""80"",""median"":""80"",""maximum"":""80"",""median_absolute_deviation"":""0""},""paired_difference"":{""count"":""4"",""minimum"":""-272"",""median"":""-272"",""maximum"":""-272"",""median_absolute_deviation"":""0""},""lower"":4,""equal"":0,""higher"":0},""native"":{""pair_count"":3,""available_pairs"":3,""unavailable_pairs"":0,""native"":{""count"":""3"",""minimum"":""352"",""median"":""352"",""maximum"":""352"",""median_absolute_deviation"":""0""},""lsf"":{""count"":""3"",""minimum"":""80"",""median"":""80"",""maximum"":""80"",""median_absolute_deviation"":""0""},""paired_difference"":{""count"":""3"",""minimum"":""-272"",""median"":""-272"",""maximum"":""-272"",""median_absolute_deviation"":""0""},""lower"":3,""equal"":0,""higher"":0}}"
32,final,before,child.listener_count,count,"[{""pair"":0,""first_arm"":""lsf"",""native_group"":5,""lsf_group"":4,""native"":""32"",""lsf"":""1"",""lsf_minus_native"":""-31"",""percent_of_native"":""-96.875""},{""pair"":1,""first_arm"":""lsf"",""native_group"":3,""lsf_group"":2,""native"":""32"",""lsf"":""1"",""lsf_minus_native"":""-31"",""percent_of_native"":""-96.875""},{""pair"":2,""first_arm"":""lsf"",""native_group"":1,""lsf_group"":0,""native"":""32"",""lsf"":""1"",""lsf_minus_native"":""-31"",""percent_of_native"":""-96.875""},{""pair"":3,""first_arm"":""native"",""native_group"":4,""lsf_group"":5,""native"":""32"",""lsf"":""1"",""lsf_minus_native"":""-31"",""percent_of_native"":""-96.875""},{""pair"":4,""first_arm"":""native"",""native_group"":2,""lsf_group"":3,""native"":""32"",""lsf"":""1"",""lsf_minus_native"":""-31"",""percent_of_native"":""-96.875""},{""pair"":5,""first_arm"":""native"",""native_group"":0,""lsf_group"":1,""native"":""32"",""lsf"":""1"",""lsf_minus_native"":""-31"",""percent_of_native"":""-96.875""},{""pair"":6,""first_arm"":""lsf"",""native_group"":5,""lsf_group"":4,""native"":""32"",""lsf"":""1"",""lsf_minus_native"":""-31"",""percent_of_native"":""-96.875""}]",7,7,0,"{""count"":""7"",""minimum"":""32"",""median"":""32"",""maximum"":""32"",""median_absolute_deviation"":""0""}","{""count"":""7"",""minimum"":""1"",""median"":""1"",""maximum"":""1"",""median_absolute_deviation"":""0""}","{""count"":""7"",""minimum"":""-31"",""median"":""-31"",""maximum"":""-31"",""median_absolute_deviation"":""0""}",7,0,0,"{""lsf"":{""pair_count"":4,""available_pairs"":4,""unavailable_pairs"":0,""native"":{""count"":""4"",""minimum"":""32"",""median"":""32"",""maximum"":""32"",""median_absolute_deviation"":""0""},""lsf"":{""count"":""4"",""minimum"":""1"",""median"":""1"",""maximum"":""1"",""median_absolute_deviation"":""0""},""paired_difference"":{""count"":""4"",""minimum"":""-31"",""median"":""-31"",""maximum"":""-31"",""median_absolute_deviation"":""0""},""lower"":4,""equal"":0,""higher"":0},""native"":{""pair_count"":3,""available_pairs"":3,""unavailable_pairs"":0,""native"":{""count"":""3"",""minimum"":""32"",""median"":""32"",""maximum"":""32"",""median_absolute_deviation"":""0""},""lsf"":{""count"":""3"",""minimum"":""1"",""median"":""1"",""maximum"":""1"",""median_absolute_deviation"":""0""},""paired_difference"":{""count"":""3"",""minimum"":""-31"",""median"":""-31"",""maximum"":""-31"",""median_absolute_deviation"":""0""},""lower"":3,""equal"":0,""higher"":0}}"
32,final,before,wrapper.rss_bytes,bytes,"[{""pair"":0,""first_arm"":""lsf"",""native_group"":5,""lsf_group"":4,""native"":""122159104"",""lsf"":""4456448"",""lsf_minus_native"":""-117702656"",""percent_of_native"":""-96.351931""},{""pair"":1,""first_arm"":""lsf"",""native_group"":3,""lsf_group"":2,""native"":""121765888"",""lsf"":""4587520"",""lsf_minus_native"":""-117178368"",""percent_of_native"":""-96.232508""},{""pair"":2,""first_arm"":""lsf"",""native_group"":1,""lsf_group"":0,""native"":""120848384"",""lsf"":""4456448"",""lsf_minus_native"":""-116391936"",""percent_of_native"":""-96.312364""},{""pair"":3,""first_arm"":""native"",""native_group"":4,""lsf_group"":5,""native"":""120717312"",""lsf"":""4587520"",""lsf_minus_native"":""-116129792"",""percent_of_native"":""-96.199783""},{""pair"":4,""first_arm"":""native"",""native_group"":2,""lsf_group"":3,""native"":""122028032"",""lsf"":""4456448"",""lsf_minus_native"":""-117571584"",""percent_of_native"":""-96.348013""},{""pair"":5,""first_arm"":""native"",""native_group"":0,""lsf_group"":1,""native"":""121372672"",""lsf"":""4718592"",""lsf_minus_native"":""-116654080"",""percent_of_native"":""-96.112311""},{""pair"":6,""first_arm"":""lsf"",""native_group"":5,""lsf_group"":4,""native"":""122159104"",""lsf"":""4456448"",""lsf_minus_native"":""-117702656"",""percent_of_native"":""-96.351931""}]",7,7,0,"{""count"":""7"",""minimum"":""120717312"",""median"":""121765888"",""maximum"":""122159104"",""median_absolute_deviation"":""393216""}","{""count"":""7"",""minimum"":""4456448"",""median"":""4456448"",""maximum"":""4718592"",""median_absolute_deviation"":""0""}","{""count"":""7"",""minimum"":""-117702656"",""median"":""-117178368"",""maximum"":""-116129792"",""median_absolute_deviation"":""524288""}",7,0,0,"{""lsf"":{""pair_count"":4,""available_pairs"":4,""unavailable_pairs"":0,""native"":{""count"":""4"",""minimum"":""120848384"",""median"":""121962496"",""maximum"":""122159104"",""median_absolute_deviation"":""196608""},""lsf"":{""count"":""4"",""minimum"":""4456448"",""median"":""4456448"",""maximum"":""4587520"",""median_absolute_deviation"":""0""},""paired_difference"":{""count"":""4"",""minimum"":""-117702656"",""median"":""-117440512"",""maximum"":""-116391936"",""median_absolute_deviation"":""262144""},""lower"":4,""equal"":0,""higher"":0},""native"":{""pair_count"":3,""available_pairs"":3,""unavailable_pairs"":0,""native"":{""count"":""3"",""minimum"":""120717312"",""median"":""121372672"",""maximum"":""122028032"",""median_absolute_deviation"":""655360""},""lsf"":{""count"":""3"",""minimum"":""4456448"",""median"":""4587520"",""maximum"":""4718592"",""median_absolute_deviation"":""131072""},""paired_difference"":{""count"":""3"",""minimum"":""-117571584"",""median"":""-116654080"",""maximum"":""-116129792"",""median_absolute_deviation"":""524288""},""lower"":3,""equal"":0,""higher"":0}}"
32,final,before,wrapper.threads,count,"[{""pair"":0,""first_arm"":""lsf"",""native_group"":5,""lsf_group"":4,""native"":""96"",""lsf"":""3"",""lsf_minus_native"":""-93"",""percent_of_native"":""-96.875""},{""pair"":1,""first_arm"":""lsf"",""native_group"":3,""lsf_group"":2,""native"":""96"",""lsf"":""3"",""lsf_minus_native"":""-93"",""percent_of_native"":""-96.875""},{""pair"":2,""first_arm"":""lsf"",""native_group"":1,""lsf_group"":0,""native"":""96"",""lsf"":""3"",""lsf_minus_native"":""-93"",""percent_of_native"":""-96.875""},{""pair"":3,""first_arm"":""native"",""native_group"":4,""lsf_group"":5,""native"":""96"",""lsf"":""3"",""lsf_minus_native"":""-93"",""percent_of_native"":""-96.875""},{""pair"":4,""first_arm"":""native"",""native_group"":2,""lsf_group"":3,""native"":""96"",""lsf"":""3"",""lsf_minus_native"":""-93"",""percent_of_native"":""-96.875""},{""pair"":5,""first_arm"":""native"",""native_group"":0,""lsf_group"":1,""native"":""96"",""lsf"":""3"",""lsf_minus_native"":""-93"",""percent_of_native"":""-96.875""},{""pair"":6,""first_arm"":""lsf"",""native_group"":5,""lsf_group"":4,""native"":""96"",""lsf"":""3"",""lsf_minus_native"":""-93"",""percent_of_native"":""-96.875""}]",7,7,0,"{""count"":""7"",""minimum"":""96"",""median"":""96"",""maximum"":""96"",""median_absolute_deviation"":""0""}","{""count"":""7"",""minimum"":""3"",""median"":""3"",""maximum"":""3"",""median_absolute_deviation"":""0""}","{""count"":""7"",""minimum"":""-93"",""median"":""-93"",""maximum"":""-93"",""median_absolute_deviation"":""0""}",7,0,0,"{""lsf"":{""pair_count"":4,""available_pairs"":4,""unavailable_pairs"":0,""native"":{""count"":""4"",""minimum"":""96"",""median"":""96"",""maximum"":""96"",""median_absolute_deviation"":""0""},""lsf"":{""count"":""4"",""minimum"":""3"",""median"":""3"",""maximum"":""3"",""median_absolute_deviation"":""0""},""paired_difference"":{""count"":""4"",""minimum"":""-93"",""median"":""-93"",""maximum"":""-93"",""median_absolute_deviation"":""0""},""lower"":4,""equal"":0,""higher"":0},""native"":{""pair_count"":3,""available_pairs"":3,""unavailable_pairs"":0,""native"":{""count"":""3"",""minimum"":""96"",""median"":""96"",""maximum"":""96"",""median_absolute_deviation"":""0""},""lsf"":{""count"":""3"",""minimum"":""3"",""median"":""3"",""maximum"":""3"",""median_absolute_deviation"":""0""},""paired_difference"":{""count"":""3"",""minimum"":""-93"",""median"":""-93"",""maximum"":""-93"",""median_absolute_deviation"":""0""},""lower"":3,""equal"":0,""higher"":0}}"
32,final,before,wrapper.fd_count,count,"[{""pair"":0,""first_arm"":""lsf"",""native_group"":5,""lsf_group"":4,""native"":""608"",""lsf"":""81"",""lsf_minus_native"":""-527"",""percent_of_native"":""-86.677632""},{""pair"":1,""first_arm"":""lsf"",""native_group"":3,""lsf_group"":2,""native"":""608"",""lsf"":""81"",""lsf_minus_native"":""-527"",""percent_of_native"":""-86.677632""},{""pair"":2,""first_arm"":""lsf"",""native_group"":1,""lsf_group"":0,""native"":""608"",""lsf"":""81"",""lsf_minus_native"":""-527"",""percent_of_native"":""-86.677632""},{""pair"":3,""first_arm"":""native"",""native_group"":4,""lsf_group"":5,""native"":""608"",""lsf"":""81"",""lsf_minus_native"":""-527"",""percent_of_native"":""-86.677632""},{""pair"":4,""first_arm"":""native"",""native_group"":2,""lsf_group"":3,""native"":""608"",""lsf"":""81"",""lsf_minus_native"":""-527"",""percent_of_native"":""-86.677632""},{""pair"":5,""first_arm"":""native"",""native_group"":0,""lsf_group"":1,""native"":""608"",""lsf"":""81"",""lsf_minus_native"":""-527"",""percent_of_native"":""-86.677632""},{""pair"":6,""first_arm"":""lsf"",""native_group"":5,""lsf_group"":4,""native"":""608"",""lsf"":""81"",""lsf_minus_native"":""-527"",""percent_of_native"":""-86.677632""}]",7,7,0,"{""count"":""7"",""minimum"":""608"",""median"":""608"",""maximum"":""608"",""median_absolute_deviation"":""0""}","{""count"":""7"",""minimum"":""81"",""median"":""81"",""maximum"":""81"",""median_absolute_deviation"":""0""}","{""count"":""7"",""minimum"":""-527"",""median"":""-527"",""maximum"":""-527"",""median_absolute_deviation"":""0""}",7,0,0,"{""lsf"":{""pair_count"":4,""available_pairs"":4,""unavailable_pairs"":0,""native"":{""count"":""4"",""minimum"":""608"",""median"":""608"",""maximum"":""608"",""median_absolute_deviation"":""0""},""lsf"":{""count"":""4"",""minimum"":""81"",""median"":""81"",""maximum"":""81"",""median_absolute_deviation"":""0""},""paired_difference"":{""count"":""4"",""minimum"":""-527"",""median"":""-527"",""maximum"":""-527"",""median_absolute_deviation"":""0""},""lower"":4,""equal"":0,""higher"":0},""native"":{""pair_count"":3,""available_pairs"":3,""unavailable_pairs"":0,""native"":{""count"":""3"",""minimum"":""608"",""median"":""608"",""maximum"":""608"",""median_absolute_deviation"":""0""},""lsf"":{""count"":""3"",""minimum"":""81"",""median"":""81"",""maximum"":""81"",""median_absolute_deviation"":""0""},""paired_difference"":{""count"":""3"",""minimum"":""-527"",""median"":""-527"",""maximum"":""-527"",""median_absolute_deviation"":""0""},""lower"":3,""equal"":0,""higher"":0}}"
32,final,before,wrapper.listener_count,count,"[{""pair"":0,""first_arm"":""lsf"",""native_group"":5,""lsf_group"":4,""native"":""32"",""lsf"":""1"",""lsf_minus_native"":""-31"",""percent_of_native"":""-96.875""},{""pair"":1,""first_arm"":""lsf"",""native_group"":3,""lsf_group"":2,""native"":""32"",""lsf"":""1"",""lsf_minus_native"":""-31"",""percent_of_native"":""-96.875""},{""pair"":2,""first_arm"":""lsf"",""native_group"":1,""lsf_group"":0,""native"":""32"",""lsf"":""1"",""lsf_minus_native"":""-31"",""percent_of_native"":""-96.875""},{""pair"":3,""first_arm"":""native"",""native_group"":4,""lsf_group"":5,""native"":""32"",""lsf"":""1"",""lsf_minus_native"":""-31"",""percent_of_native"":""-96.875""},{""pair"":4,""first_arm"":""native"",""native_group"":2,""lsf_group"":3,""native"":""32"",""lsf"":""1"",""lsf_minus_native"":""-31"",""percent_of_native"":""-96.875""},{""pair"":5,""first_arm"":""native"",""native_group"":0,""lsf_group"":1,""native"":""32"",""lsf"":""1"",""lsf_minus_native"":""-31"",""percent_of_native"":""-96.875""},{""pair"":6,""first_arm"":""lsf"",""native_group"":5,""lsf_group"":4,""native"":""32"",""lsf"":""1"",""lsf_minus_native"":""-31"",""percent_of_native"":""-96.875""}]",7,7,0,"{""count"":""7"",""minimum"":""32"",""median"":""32"",""maximum"":""32"",""median_absolute_deviation"":""0""}","{""count"":""7"",""minimum"":""1"",""median"":""1"",""maximum"":""1"",""median_absolute_deviation"":""0""}","{""count"":""7"",""minimum"":""-31"",""median"":""-31"",""maximum"":""-31"",""median_absolute_deviation"":""0""}",7,0,0,"{""lsf"":{""pair_count"":4,""available_pairs"":4,""unavailable_pairs"":0,""native"":{""count"":""4"",""minimum"":""32"",""median"":""32"",""maximum"":""32"",""median_absolute_deviation"":""0""},""lsf"":{""count"":""4"",""minimum"":""1"",""median"":""1"",""maximum"":""1"",""median_absolute_deviation"":""0""},""paired_difference"":{""count"":""4"",""minimum"":""-31"",""median"":""-31"",""maximum"":""-31"",""median_absolute_deviation"":""0""},""lower"":4,""equal"":0,""higher"":0},""native"":{""pair_count"":3,""available_pairs"":3,""unavailable_pairs"":0,""native"":{""count"":""3"",""minimum"":""32"",""median"":""32"",""maximum"":""32"",""median_absolute_deviation"":""0""},""lsf"":{""count"":""3"",""minimum"":""1"",""median"":""1"",""maximum"":""1"",""median_absolute_deviation"":""0""},""paired_difference"":{""count"":""3"",""minimum"":""-31"",""median"":""-31"",""maximum"":""-31"",""median_absolute_deviation"":""0""},""lower"":3,""equal"":0,""higher"":0}}"
32,final,before,cgroup.memory_current_bytes,bytes,"[{""pair"":0,""first_arm"":""lsf"",""native_group"":5,""lsf_group"":4,""native"":""60653568"",""lsf"":""14692352"",""lsf_minus_native"":""-45961216"",""percent_of_native"":""-75.776607""},{""pair"":1,""first_arm"":""lsf"",""native_group"":3,""lsf_group"":2,""native"":""59949056"",""lsf"":""14725120"",""lsf_minus_native"":""-45223936"",""percent_of_native"":""-75.437278""},{""pair"":2,""first_arm"":""lsf"",""native_group"":1,""lsf_group"":0,""native"":""60215296"",""lsf"":""14761984"",""lsf_minus_native"":""-45453312"",""percent_of_native"":""-75.484661""},{""pair"":3,""first_arm"":""native"",""native_group"":4,""lsf_group"":5,""native"":""60264448"",""lsf"":""14774272"",""lsf_minus_native"":""-45490176"",""percent_of_native"":""-75.484266""},{""pair"":4,""first_arm"":""native"",""native_group"":2,""lsf_group"":3,""native"":""59985920"",""lsf"":""15224832"",""lsf_minus_native"":""-44761088"",""percent_of_native"":""-74.619324""},{""pair"":5,""first_arm"":""native"",""native_group"":0,""lsf_group"":1,""native"":""60493824"",""lsf"":""14606336"",""lsf_minus_native"":""-45887488"",""percent_of_native"":""-75.854831""},{""pair"":6,""first_arm"":""lsf"",""native_group"":5,""lsf_group"":4,""native"":""59957248"",""lsf"":""15015936"",""lsf_minus_native"":""-44941312"",""percent_of_native"":""-74.955595""}]",7,7,0,"{""count"":""7"",""minimum"":""59949056"",""median"":""60215296"",""maximum"":""60653568"",""median_absolute_deviation"":""258048""}","{""count"":""7"",""minimum"":""14606336"",""median"":""14761984"",""maximum"":""15224832"",""median_absolute_deviation"":""69632""}","{""count"":""7"",""minimum"":""-45961216"",""median"":""-45453312"",""maximum"":""-44761088"",""median_absolute_deviation"":""434176""}",7,0,0,"{""lsf"":{""pair_count"":4,""available_pairs"":4,""unavailable_pairs"":0,""native"":{""count"":""4"",""minimum"":""59949056"",""median"":""60086272"",""maximum"":""60653568"",""median_absolute_deviation"":""133120""},""lsf"":{""count"":""4"",""minimum"":""14692352"",""median"":""14743552"",""maximum"":""15015936"",""median_absolute_deviation"":""34816""},""paired_difference"":{""count"":""4"",""minimum"":""-45961216"",""median"":""-45338624"",""maximum"":""-44941312"",""median_absolute_deviation"":""256000""},""lower"":4,""equal"":0,""higher"":0},""native"":{""pair_count"":3,""available_pairs"":3,""unavailable_pairs"":0,""native"":{""count"":""3"",""minimum"":""59985920"",""median"":""60264448"",""maximum"":""60493824"",""median_absolute_deviation"":""229376""},""lsf"":{""count"":""3"",""minimum"":""14606336"",""median"":""14774272"",""maximum"":""15224832"",""median_absolute_deviation"":""167936""},""paired_difference"":{""count"":""3"",""minimum"":""-45887488"",""median"":""-45490176"",""maximum"":""-44761088"",""median_absolute_deviation"":""397312""},""lower"":3,""equal"":0,""higher"":0}}"
32,final,before,cgroup.sum_leaf_lifetime_memory_peak_bytes,bytes,"[{""pair"":0,""first_arm"":""lsf"",""native_group"":5,""lsf_group"":4,""native"":""186527744"",""lsf"":""17215488"",""lsf_minus_native"":""-169312256"",""percent_of_native"":""-90.770548""},{""pair"":1,""first_arm"":""lsf"",""native_group"":3,""lsf_group"":2,""native"":""186793984"",""lsf"":""17534976"",""lsf_minus_native"":""-169259008"",""percent_of_native"":""-90.612666""},{""pair"":2,""first_arm"":""lsf"",""native_group"":1,""lsf_group"":0,""native"":""189222912"",""lsf"":""17350656"",""lsf_minus_native"":""-171872256"",""percent_of_native"":""-90.830573""},{""pair"":3,""first_arm"":""native"",""native_group"":4,""lsf_group"":5,""native"":""187052032"",""lsf"":""17723392"",""lsf_minus_native"":""-169328640"",""percent_of_native"":""-90.524887""},{""pair"":4,""first_arm"":""native"",""native_group"":2,""lsf_group"":3,""native"":""185954304"",""lsf"":""18030592"",""lsf_minus_native"":""-167923712"",""percent_of_native"":""-90.303751""},{""pair"":5,""first_arm"":""native"",""native_group"":0,""lsf_group"":1,""native"":""192487424"",""lsf"":""17158144"",""lsf_minus_native"":""-175329280"",""percent_of_native"":""-91.086096""},{""pair"":6,""first_arm"":""lsf"",""native_group"":5,""lsf_group"":4,""native"":""185868288"",""lsf"":""17641472"",""lsf_minus_native"":""-168226816"",""percent_of_native"":""-90.508617""}]",7,7,0,"{""count"":""7"",""minimum"":""185868288"",""median"":""186793984"",""maximum"":""192487424"",""median_absolute_deviation"":""839680""}","{""count"":""7"",""minimum"":""17158144"",""median"":""17534976"",""maximum"":""18030592"",""median_absolute_deviation"":""188416""}","{""count"":""7"",""minimum"":""-175329280"",""median"":""-169312256"",""maximum"":""-167923712"",""median_absolute_deviation"":""1085440""}",7,0,0,"{""lsf"":{""pair_count"":4,""available_pairs"":4,""unavailable_pairs"":0,""native"":{""count"":""4"",""minimum"":""185868288"",""median"":""186660864"",""maximum"":""189222912"",""median_absolute_deviation"":""462848""},""lsf"":{""count"":""4"",""minimum"":""17215488"",""median"":""17442816"",""maximum"":""17641472"",""median_absolute_deviation"":""145408""},""paired_difference"":{""count"":""4"",""minimum"":""-171872256"",""median"":""-169285632"",""maximum"":""-168226816"",""median_absolute_deviation"":""542720""},""lower"":4,""equal"":0,""higher"":0},""native"":{""pair_count"":3,""available_pairs"":3,""unavailable_pairs"":0,""native"":{""count"":""3"",""minimum"":""185954304"",""median"":""187052032"",""maximum"":""192487424"",""median_absolute_deviation"":""1097728""},""lsf"":{""count"":""3"",""minimum"":""17158144"",""median"":""17723392"",""maximum"":""18030592"",""median_absolute_deviation"":""307200""},""paired_difference"":{""count"":""3"",""minimum"":""-175329280"",""median"":""-169328640"",""maximum"":""-167923712"",""median_absolute_deviation"":""1404928""},""lower"":3,""equal"":0,""higher"":0}}"
32,final,before,cgroup.memory_swap_current_bytes,bytes,"[{""pair"":0,""first_arm"":""lsf"",""native_group"":5,""lsf_group"":4,""native"":""0"",""lsf"":""0"",""lsf_minus_native"":""0"",""percent_of_native"":null},{""pair"":1,""first_arm"":""lsf"",""native_group"":3,""lsf_group"":2,""native"":""0"",""lsf"":""0"",""lsf_minus_native"":""0"",""percent_of_native"":null},{""pair"":2,""first_arm"":""lsf"",""native_group"":1,""lsf_group"":0,""native"":""0"",""lsf"":""0"",""lsf_minus_native"":""0"",""percent_of_native"":null},{""pair"":3,""first_arm"":""native"",""native_group"":4,""lsf_group"":5,""native"":""0"",""lsf"":""0"",""lsf_minus_native"":""0"",""percent_of_native"":null},{""pair"":4,""first_arm"":""native"",""native_group"":2,""lsf_group"":3,""native"":""0"",""lsf"":""0"",""lsf_minus_native"":""0"",""percent_of_native"":null},{""pair"":5,""first_arm"":""native"",""native_group"":0,""lsf_group"":1,""native"":""0"",""lsf"":""0"",""lsf_minus_native"":""0"",""percent_of_native"":null},{""pair"":6,""first_arm"":""lsf"",""native_group"":5,""lsf_group"":4,""native"":""0"",""lsf"":""0"",""lsf_minus_native"":""0"",""percent_of_native"":null}]",7,7,0,"{""count"":""7"",""minimum"":""0"",""median"":""0"",""maximum"":""0"",""median_absolute_deviation"":""0""}","{""count"":""7"",""minimum"":""0"",""median"":""0"",""maximum"":""0"",""median_absolute_deviation"":""0""}","{""count"":""7"",""minimum"":""0"",""median"":""0"",""maximum"":""0"",""median_absolute_deviation"":""0""}",0,7,0,"{""lsf"":{""pair_count"":4,""available_pairs"":4,""unavailable_pairs"":0,""native"":{""count"":""4"",""minimum"":""0"",""median"":""0"",""maximum"":""0"",""median_absolute_deviation"":""0""},""lsf"":{""count"":""4"",""minimum"":""0"",""median"":""0"",""maximum"":""0"",""median_absolute_deviation"":""0""},""paired_difference"":{""count"":""4"",""minimum"":""0"",""median"":""0"",""maximum"":""0"",""median_absolute_deviation"":""0""},""lower"":0,""equal"":4,""higher"":0},""native"":{""pair_count"":3,""available_pairs"":3,""unavailable_pairs"":0,""native"":{""count"":""3"",""minimum"":""0"",""median"":""0"",""maximum"":""0"",""median_absolute_deviation"":""0""},""lsf"":{""count"":""3"",""minimum"":""0"",""median"":""0"",""maximum"":""0"",""median_absolute_deviation"":""0""},""paired_difference"":{""count"":""3"",""minimum"":""0"",""median"":""0"",""maximum"":""0"",""median_absolute_deviation"":""0""},""lower"":0,""equal"":3,""higher"":0}}"
32,final,before,cgroup.pids_current,count,"[{""pair"":0,""first_arm"":""lsf"",""native_group"":5,""lsf_group"":4,""native"":""192"",""lsf"":""10"",""lsf_minus_native"":""-182"",""percent_of_native"":""-94.791667""},{""pair"":1,""first_arm"":""lsf"",""native_group"":3,""lsf_group"":2,""native"":""192"",""lsf"":""10"",""lsf_minus_native"":""-182"",""percent_of_native"":""-94.791667""},{""pair"":2,""first_arm"":""lsf"",""native_group"":1,""lsf_group"":0,""native"":""192"",""lsf"":""10"",""lsf_minus_native"":""-182"",""percent_of_native"":""-94.791667""},{""pair"":3,""first_arm"":""native"",""native_group"":4,""lsf_group"":5,""native"":""192"",""lsf"":""10"",""lsf_minus_native"":""-182"",""percent_of_native"":""-94.791667""},{""pair"":4,""first_arm"":""native"",""native_group"":2,""lsf_group"":3,""native"":""192"",""lsf"":""10"",""lsf_minus_native"":""-182"",""percent_of_native"":""-94.791667""},{""pair"":5,""first_arm"":""native"",""native_group"":0,""lsf_group"":1,""native"":""192"",""lsf"":""10"",""lsf_minus_native"":""-182"",""percent_of_native"":""-94.791667""},{""pair"":6,""first_arm"":""lsf"",""native_group"":5,""lsf_group"":4,""native"":""192"",""lsf"":""10"",""lsf_minus_native"":""-182"",""percent_of_native"":""-94.791667""}]",7,7,0,"{""count"":""7"",""minimum"":""192"",""median"":""192"",""maximum"":""192"",""median_absolute_deviation"":""0""}","{""count"":""7"",""minimum"":""10"",""median"":""10"",""maximum"":""10"",""median_absolute_deviation"":""0""}","{""count"":""7"",""minimum"":""-182"",""median"":""-182"",""maximum"":""-182"",""median_absolute_deviation"":""0""}",7,0,0,"{""lsf"":{""pair_count"":4,""available_pairs"":4,""unavailable_pairs"":0,""native"":{""count"":""4"",""minimum"":""192"",""median"":""192"",""maximum"":""192"",""median_absolute_deviation"":""0""},""lsf"":{""count"":""4"",""minimum"":""10"",""median"":""10"",""maximum"":""10"",""median_absolute_deviation"":""0""},""paired_difference"":{""count"":""4"",""minimum"":""-182"",""median"":""-182"",""maximum"":""-182"",""median_absolute_deviation"":""0""},""lower"":4,""equal"":0,""higher"":0},""native"":{""pair_count"":3,""available_pairs"":3,""unavailable_pairs"":0,""native"":{""count"":""3"",""minimum"":""192"",""median"":""192"",""maximum"":""192"",""median_absolute_deviation"":""0""},""lsf"":{""count"":""3"",""minimum"":""10"",""median"":""10"",""maximum"":""10"",""median_absolute_deviation"":""0""},""paired_difference"":{""count"":""3"",""minimum"":""-182"",""median"":""-182"",""maximum"":""-182"",""median_absolute_deviation"":""0""},""lower"":3,""equal"":0,""higher"":0}}"
32,final,before,cgroup.cpu.usage_usec,us,"[{""pair"":0,""first_arm"":""lsf"",""native_group"":5,""lsf_group"":4,""native"":""3477751"",""lsf"":""1464155"",""lsf_minus_native"":""-2013596"",""percent_of_native"":""-57.899372""},{""pair"":1,""first_arm"":""lsf"",""native_group"":3,""lsf_group"":2,""native"":""3543960"",""lsf"":""1430201"",""lsf_minus_native"":""-2113759"",""percent_of_native"":""-59.643986""},{""pair"":2,""first_arm"":""lsf"",""native_group"":1,""lsf_group"":0,""native"":""3626631"",""lsf"":""1474118"",""lsf_minus_native"":""-2152513"",""percent_of_native"":""-59.352964""},{""pair"":3,""first_arm"":""native"",""native_group"":4,""lsf_group"":5,""native"":""3419690"",""lsf"":""1443657"",""lsf_minus_native"":""-1976033"",""percent_of_native"":""-57.78398""},{""pair"":4,""first_arm"":""native"",""native_group"":2,""lsf_group"":3,""native"":""3448343"",""lsf"":""1448066"",""lsf_minus_native"":""-2000277"",""percent_of_native"":""-58.006904""},{""pair"":5,""first_arm"":""native"",""native_group"":0,""lsf_group"":1,""native"":""3434381"",""lsf"":""1404532"",""lsf_minus_native"":""-2029849"",""percent_of_native"":""-59.10378""},{""pair"":6,""first_arm"":""lsf"",""native_group"":5,""lsf_group"":4,""native"":""3391837"",""lsf"":""1474822"",""lsf_minus_native"":""-1917015"",""percent_of_native"":""-56.518488""}]",7,7,0,"{""count"":""7"",""minimum"":""3391837"",""median"":""3448343"",""maximum"":""3626631"",""median_absolute_deviation"":""29408""}","{""count"":""7"",""minimum"":""1404532"",""median"":""1448066"",""maximum"":""1474822"",""median_absolute_deviation"":""17865""}","{""count"":""7"",""minimum"":""-2152513"",""median"":""-2013596"",""maximum"":""-1917015"",""median_absolute_deviation"":""37563""}",7,0,0,"{""lsf"":{""pair_count"":4,""available_pairs"":4,""unavailable_pairs"":0,""native"":{""count"":""4"",""minimum"":""3391837"",""median"":""3510855.5"",""maximum"":""3626631"",""median_absolute_deviation"":""74440""},""lsf"":{""count"":""4"",""minimum"":""1430201"",""median"":""1469136.5"",""maximum"":""1474822"",""median_absolute_deviation"":""5333.5""},""paired_difference"":{""count"":""4"",""minimum"":""-2152513"",""median"":""-2063677.5"",""maximum"":""-1917015"",""median_absolute_deviation"":""69458.5""},""lower"":4,""equal"":0,""higher"":0},""native"":{""pair_count"":3,""available_pairs"":3,""unavailable_pairs"":0,""native"":{""count"":""3"",""minimum"":""3419690"",""median"":""3434381"",""maximum"":""3448343"",""median_absolute_deviation"":""13962""},""lsf"":{""count"":""3"",""minimum"":""1404532"",""median"":""1443657"",""maximum"":""1448066"",""median_absolute_deviation"":""4409""},""paired_difference"":{""count"":""3"",""minimum"":""-2029849"",""median"":""-2000277"",""maximum"":""-1976033"",""median_absolute_deviation"":""24244""},""lower"":3,""equal"":0,""higher"":0}}"
32,final,before,cgroup.cpu.user_usec,us,"[{""pair"":0,""first_arm"":""lsf"",""native_group"":5,""lsf_group"":4,""native"":""530046"",""lsf"":""1264498"",""lsf_minus_native"":""734452"",""percent_of_native"":""138.563823""},{""pair"":1,""first_arm"":""lsf"",""native_group"":3,""lsf_group"":2,""native"":""494240"",""lsf"":""1270835"",""lsf_minus_native"":""776595"",""percent_of_native"":""157.129128""},{""pair"":2,""first_arm"":""lsf"",""native_group"":1,""lsf_group"":0,""native"":""575201"",""lsf"":""1256029"",""lsf_minus_native"":""680828"",""percent_of_native"":""118.363494""},{""pair"":3,""first_arm"":""native"",""native_group"":4,""lsf_group"":5,""native"":""555150"",""lsf"":""1249239"",""lsf_minus_native"":""694089"",""percent_of_native"":""125.02729""},{""pair"":4,""first_arm"":""native"",""native_group"":2,""lsf_group"":3,""native"":""569388"",""lsf"":""1263468"",""lsf_minus_native"":""694080"",""percent_of_native"":""121.899302""},{""pair"":5,""first_arm"":""native"",""native_group"":0,""lsf_group"":1,""native"":""505647"",""lsf"":""1206197"",""lsf_minus_native"":""700550"",""percent_of_native"":""138.54527""},{""pair"":6,""first_arm"":""lsf"",""native_group"":5,""lsf_group"":4,""native"":""572053"",""lsf"":""1279266"",""lsf_minus_native"":""707213"",""percent_of_native"":""123.627181""}]",7,7,0,"{""count"":""7"",""minimum"":""494240"",""median"":""555150"",""maximum"":""575201"",""median_absolute_deviation"":""20051""}","{""count"":""7"",""minimum"":""1206197"",""median"":""1263468"",""maximum"":""1279266"",""median_absolute_deviation"":""7439""}","{""count"":""7"",""minimum"":""680828"",""median"":""700550"",""maximum"":""776595"",""median_absolute_deviation"":""6663""}",0,0,7,"{""lsf"":{""pair_count"":4,""available_pairs"":4,""unavailable_pairs"":0,""native"":{""count"":""4"",""minimum"":""494240"",""median"":""551049.5"",""maximum"":""575201"",""median_absolute_deviation"":""22577.5""},""lsf"":{""count"":""4"",""minimum"":""1256029"",""median"":""1267666.5"",""maximum"":""1279266"",""median_absolute_deviation"":""7384""},""paired_difference"":{""count"":""4"",""minimum"":""680828"",""median"":""720832.5"",""maximum"":""776595"",""median_absolute_deviation"":""26812""},""lower"":0,""equal"":0,""higher"":4},""native"":{""pair_count"":3,""available_pairs"":3,""unavailable_pairs"":0,""native"":{""count"":""3"",""minimum"":""505647"",""median"":""555150"",""maximum"":""569388"",""median_absolute_deviation"":""14238""},""lsf"":{""count"":""3"",""minimum"":""1206197"",""median"":""1249239"",""maximum"":""1263468"",""median_absolute_deviation"":""14229""},""paired_difference"":{""count"":""3"",""minimum"":""694080"",""median"":""694089"",""maximum"":""700550"",""median_absolute_deviation"":""9""},""lower"":0,""equal"":0,""higher"":3}}"
32,final,before,cgroup.cpu.system_usec,us,"[{""pair"":0,""first_arm"":""lsf"",""native_group"":5,""lsf_group"":4,""native"":""2947686"",""lsf"":""199657"",""lsf_minus_native"":""-2748029"",""percent_of_native"":""-93.226653""},{""pair"":1,""first_arm"":""lsf"",""native_group"":3,""lsf_group"":2,""native"":""3049707"",""lsf"":""159365"",""lsf_minus_native"":""-2890342"",""percent_of_native"":""-94.774416""},{""pair"":2,""first_arm"":""lsf"",""native_group"":1,""lsf_group"":0,""native"":""3051414"",""lsf"":""218088"",""lsf_minus_native"":""-2833326"",""percent_of_native"":""-92.852887""},{""pair"":3,""first_arm"":""native"",""native_group"":4,""lsf_group"":5,""native"":""2864525"",""lsf"":""194418"",""lsf_minus_native"":""-2670107"",""percent_of_native"":""-93.212906""},{""pair"":4,""first_arm"":""native"",""native_group"":2,""lsf_group"":3,""native"":""2878939"",""lsf"":""184597"",""lsf_minus_native"":""-2694342"",""percent_of_native"":""-93.58802""},{""pair"":5,""first_arm"":""native"",""native_group"":0,""lsf_group"":1,""native"":""2928722"",""lsf"":""198334"",""lsf_minus_native"":""-2730388"",""percent_of_native"":""-93.227968""},{""pair"":6,""first_arm"":""lsf"",""native_group"":5,""lsf_group"":4,""native"":""2819771"",""lsf"":""195556"",""lsf_minus_native"":""-2624215"",""percent_of_native"":""-93.064827""}]",7,7,0,"{""count"":""7"",""minimum"":""2819771"",""median"":""2928722"",""maximum"":""3051414"",""median_absolute_deviation"":""64197""}","{""count"":""7"",""minimum"":""159365"",""median"":""195556"",""maximum"":""218088"",""median_absolute_deviation"":""4101""}","{""count"":""7"",""minimum"":""-2890342"",""median"":""-2730388"",""maximum"":""-2624215"",""median_absolute_deviation"":""60281""}",7,0,0,"{""lsf"":{""pair_count"":4,""available_pairs"":4,""unavailable_pairs"":0,""native"":{""count"":""4"",""minimum"":""2819771"",""median"":""2998696.5"",""maximum"":""3051414"",""median_absolute_deviation"":""51864""},""lsf"":{""count"":""4"",""minimum"":""159365"",""median"":""197606.5"",""maximum"":""218088"",""median_absolute_deviation"":""11266""},""paired_difference"":{""count"":""4"",""minimum"":""-2890342"",""median"":""-2790677.5"",""maximum"":""-2624215"",""median_absolute_deviation"":""71156.5""},""lower"":4,""equal"":0,""higher"":0},""native"":{""pair_count"":3,""available_pairs"":3,""unavailable_pairs"":0,""native"":{""count"":""3"",""minimum"":""2864525"",""median"":""2878939"",""maximum"":""2928722"",""median_absolute_deviation"":""14414""},""lsf"":{""count"":""3"",""minimum"":""184597"",""median"":""194418"",""maximum"":""198334"",""median_absolute_deviation"":""3916""},""paired_difference"":{""count"":""3"",""minimum"":""-2730388"",""median"":""-2694342"",""maximum"":""-2670107"",""median_absolute_deviation"":""24235""},""lower"":3,""equal"":0,""higher"":0}}"
32,final,before,cgroup.cpu.nr_periods,count,"[{""pair"":0,""first_arm"":""lsf"",""native_group"":5,""lsf_group"":4,""native"":""570"",""lsf"":""51"",""lsf_minus_native"":""-519"",""percent_of_native"":""-91.052632""},{""pair"":1,""first_arm"":""lsf"",""native_group"":3,""lsf_group"":2,""native"":""615"",""lsf"":""61"",""lsf_minus_native"":""-554"",""percent_of_native"":""-90.081301""},{""pair"":2,""first_arm"":""lsf"",""native_group"":1,""lsf_group"":0,""native"":""593"",""lsf"":""49"",""lsf_minus_native"":""-544"",""percent_of_native"":""-91.736931""},{""pair"":3,""first_arm"":""native"",""native_group"":4,""lsf_group"":5,""native"":""612"",""lsf"":""54"",""lsf_minus_native"":""-558"",""percent_of_native"":""-91.176471""},{""pair"":4,""first_arm"":""native"",""native_group"":2,""lsf_group"":3,""native"":""597"",""lsf"":""47"",""lsf_minus_native"":""-550"",""percent_of_native"":""-92.127303""},{""pair"":5,""first_arm"":""native"",""native_group"":0,""lsf_group"":1,""native"":""601"",""lsf"":""51"",""lsf_minus_native"":""-550"",""percent_of_native"":""-91.514143""},{""pair"":6,""first_arm"":""lsf"",""native_group"":5,""lsf_group"":4,""native"":""598"",""lsf"":""64"",""lsf_minus_native"":""-534"",""percent_of_native"":""-89.297659""}]",7,7,0,"{""count"":""7"",""minimum"":""570"",""median"":""598"",""maximum"":""615"",""median_absolute_deviation"":""5""}","{""count"":""7"",""minimum"":""47"",""median"":""51"",""maximum"":""64"",""median_absolute_deviation"":""3""}","{""count"":""7"",""minimum"":""-558"",""median"":""-550"",""maximum"":""-519"",""median_absolute_deviation"":""6""}",7,0,0,"{""lsf"":{""pair_count"":4,""available_pairs"":4,""unavailable_pairs"":0,""native"":{""count"":""4"",""minimum"":""570"",""median"":""595.5"",""maximum"":""615"",""median_absolute_deviation"":""11""},""lsf"":{""count"":""4"",""minimum"":""49"",""median"":""56"",""maximum"":""64"",""median_absolute_deviation"":""6""},""paired_difference"":{""count"":""4"",""minimum"":""-554"",""median"":""-539"",""maximum"":""-519"",""median_absolute_deviation"":""10""},""lower"":4,""equal"":0,""higher"":0},""native"":{""pair_count"":3,""available_pairs"":3,""unavailable_pairs"":0,""native"":{""count"":""3"",""minimum"":""597"",""median"":""601"",""maximum"":""612"",""median_absolute_deviation"":""4""},""lsf"":{""count"":""3"",""minimum"":""47"",""median"":""51"",""maximum"":""54"",""median_absolute_deviation"":""3""},""paired_difference"":{""count"":""3"",""minimum"":""-558"",""median"":""-550"",""maximum"":""-550"",""median_absolute_deviation"":""0""},""lower"":3,""equal"":0,""higher"":0}}"
32,final,before,cgroup.cpu.nr_throttled,count,"[{""pair"":0,""first_arm"":""lsf"",""native_group"":5,""lsf_group"":4,""native"":""78"",""lsf"":""0"",""lsf_minus_native"":""-78"",""percent_of_native"":""-100""},{""pair"":1,""first_arm"":""lsf"",""native_group"":3,""lsf_group"":2,""native"":""75"",""lsf"":""0"",""lsf_minus_native"":""-75"",""percent_of_native"":""-100""},{""pair"":2,""first_arm"":""lsf"",""native_group"":1,""lsf_group"":0,""native"":""82"",""lsf"":""0"",""lsf_minus_native"":""-82"",""percent_of_native"":""-100""},{""pair"":3,""first_arm"":""native"",""native_group"":4,""lsf_group"":5,""native"":""69"",""lsf"":""0"",""lsf_minus_native"":""-69"",""percent_of_native"":""-100""},{""pair"":4,""first_arm"":""native"",""native_group"":2,""lsf_group"":3,""native"":""71"",""lsf"":""0"",""lsf_minus_native"":""-71"",""percent_of_native"":""-100""},{""pair"":5,""first_arm"":""native"",""native_group"":0,""lsf_group"":1,""native"":""72"",""lsf"":""0"",""lsf_minus_native"":""-72"",""percent_of_native"":""-100""},{""pair"":6,""first_arm"":""lsf"",""native_group"":5,""lsf_group"":4,""native"":""72"",""lsf"":""0"",""lsf_minus_native"":""-72"",""percent_of_native"":""-100""}]",7,7,0,"{""count"":""7"",""minimum"":""69"",""median"":""72"",""maximum"":""82"",""median_absolute_deviation"":""3""}","{""count"":""7"",""minimum"":""0"",""median"":""0"",""maximum"":""0"",""median_absolute_deviation"":""0""}","{""count"":""7"",""minimum"":""-82"",""median"":""-72"",""maximum"":""-69"",""median_absolute_deviation"":""3""}",7,0,0,"{""lsf"":{""pair_count"":4,""available_pairs"":4,""unavailable_pairs"":0,""native"":{""count"":""4"",""minimum"":""72"",""median"":""76.5"",""maximum"":""82"",""median_absolute_deviation"":""3""},""lsf"":{""count"":""4"",""minimum"":""0"",""median"":""0"",""maximum"":""0"",""median_absolute_deviation"":""0""},""paired_difference"":{""count"":""4"",""minimum"":""-82"",""median"":""-76.5"",""maximum"":""-72"",""median_absolute_deviation"":""3""},""lower"":4,""equal"":0,""higher"":0},""native"":{""pair_count"":3,""available_pairs"":3,""unavailable_pairs"":0,""native"":{""count"":""3"",""minimum"":""69"",""median"":""71"",""maximum"":""72"",""median_absolute_deviation"":""1""},""lsf"":{""count"":""3"",""minimum"":""0"",""median"":""0"",""maximum"":""0"",""median_absolute_deviation"":""0""},""paired_difference"":{""count"":""3"",""minimum"":""-72"",""median"":""-71"",""maximum"":""-69"",""median_absolute_deviation"":""1""},""lower"":3,""equal"":0,""higher"":0}}"
32,final,before,cgroup.cpu.throttled_usec,us,"[{""pair"":0,""first_arm"":""lsf"",""native_group"":5,""lsf_group"":4,""native"":""4783674"",""lsf"":""0"",""lsf_minus_native"":""-4783674"",""percent_of_native"":""-100""},{""pair"":1,""first_arm"":""lsf"",""native_group"":3,""lsf_group"":2,""native"":""3156289"",""lsf"":""0"",""lsf_minus_native"":""-3156289"",""percent_of_native"":""-100""},{""pair"":2,""first_arm"":""lsf"",""native_group"":1,""lsf_group"":0,""native"":""4162238"",""lsf"":""0"",""lsf_minus_native"":""-4162238"",""percent_of_native"":""-100""},{""pair"":3,""first_arm"":""native"",""native_group"":4,""lsf_group"":5,""native"":""3108842"",""lsf"":""0"",""lsf_minus_native"":""-3108842"",""percent_of_native"":""-100""},{""pair"":4,""first_arm"":""native"",""native_group"":2,""lsf_group"":3,""native"":""2954351"",""lsf"":""0"",""lsf_minus_native"":""-2954351"",""percent_of_native"":""-100""},{""pair"":5,""first_arm"":""native"",""native_group"":0,""lsf_group"":1,""native"":""3552128"",""lsf"":""0"",""lsf_minus_native"":""-3552128"",""percent_of_native"":""-100""},{""pair"":6,""first_arm"":""lsf"",""native_group"":5,""lsf_group"":4,""native"":""3217480"",""lsf"":""0"",""lsf_minus_native"":""-3217480"",""percent_of_native"":""-100""}]",7,7,0,"{""count"":""7"",""minimum"":""2954351"",""median"":""3217480"",""maximum"":""4783674"",""median_absolute_deviation"":""263129""}","{""count"":""7"",""minimum"":""0"",""median"":""0"",""maximum"":""0"",""median_absolute_deviation"":""0""}","{""count"":""7"",""minimum"":""-4783674"",""median"":""-3217480"",""maximum"":""-2954351"",""median_absolute_deviation"":""263129""}",7,0,0,"{""lsf"":{""pair_count"":4,""available_pairs"":4,""unavailable_pairs"":0,""native"":{""count"":""4"",""minimum"":""3156289"",""median"":""3689859"",""maximum"":""4783674"",""median_absolute_deviation"":""502974.5""},""lsf"":{""count"":""4"",""minimum"":""0"",""median"":""0"",""maximum"":""0"",""median_absolute_deviation"":""0""},""paired_difference"":{""count"":""4"",""minimum"":""-4783674"",""median"":""-3689859"",""maximum"":""-3156289"",""median_absolute_deviation"":""502974.5""},""lower"":4,""equal"":0,""higher"":0},""native"":{""pair_count"":3,""available_pairs"":3,""unavailable_pairs"":0,""native"":{""count"":""3"",""minimum"":""2954351"",""median"":""3108842"",""maximum"":""3552128"",""median_absolute_deviation"":""154491""},""lsf"":{""count"":""3"",""minimum"":""0"",""median"":""0"",""maximum"":""0"",""median_absolute_deviation"":""0""},""paired_difference"":{""count"":""3"",""minimum"":""-3552128"",""median"":""-3108842"",""maximum"":""-2954351"",""median_absolute_deviation"":""154491""},""lower"":3,""equal"":0,""higher"":0}}"
32,ready,after,child.rss_bytes,bytes,"[{""pair"":0,""first_arm"":""lsf"",""native_group"":5,""lsf_group"":4,""native"":""146931712"",""lsf"":""13385728"",""lsf_minus_native"":""-133545984"",""percent_of_native"":""-90.889831""},{""pair"":1,""first_arm"":""lsf"",""native_group"":3,""lsf_group"":2,""native"":""147062784"",""lsf"":""13369344"",""lsf_minus_native"":""-133693440"",""percent_of_native"":""-90.909091""},{""pair"":2,""first_arm"":""lsf"",""native_group"":1,""lsf_group"":0,""native"":""147193856"",""lsf"":""13500416"",""lsf_minus_native"":""-133693440"",""percent_of_native"":""-90.828139""},{""pair"":3,""first_arm"":""native"",""native_group"":4,""lsf_group"":5,""native"":""146276352"",""lsf"":""13578240"",""lsf_minus_native"":""-132698112"",""percent_of_native"":""-90.717406""},{""pair"":4,""first_arm"":""native"",""native_group"":2,""lsf_group"":3,""native"":""146407424"",""lsf"":""13377536"",""lsf_minus_native"":""-133029888"",""percent_of_native"":""-90.862802""},{""pair"":5,""first_arm"":""native"",""native_group"":0,""lsf_group"":1,""native"":""146931712"",""lsf"":""13369344"",""lsf_minus_native"":""-133562368"",""percent_of_native"":""-90.900981""},{""pair"":6,""first_arm"":""lsf"",""native_group"":5,""lsf_group"":4,""native"":""146800640"",""lsf"":""13471744"",""lsf_minus_native"":""-133328896"",""percent_of_native"":""-90.823103""}]",7,7,0,"{""count"":""7"",""minimum"":""146276352"",""median"":""146931712"",""maximum"":""147193856"",""median_absolute_deviation"":""131072""}","{""count"":""7"",""minimum"":""13369344"",""median"":""13385728"",""maximum"":""13578240"",""median_absolute_deviation"":""16384""}","{""count"":""7"",""minimum"":""-133693440"",""median"":""-133545984"",""maximum"":""-132698112"",""median_absolute_deviation"":""147456""}",7,0,0,"{""lsf"":{""pair_count"":4,""available_pairs"":4,""unavailable_pairs"":0,""native"":{""count"":""4"",""minimum"":""146800640"",""median"":""146997248"",""maximum"":""147193856"",""median_absolute_deviation"":""131072""},""lsf"":{""count"":""4"",""minimum"":""13369344"",""median"":""13428736"",""maximum"":""13500416"",""median_absolute_deviation"":""51200""},""paired_difference"":{""count"":""4"",""minimum"":""-133693440"",""median"":""-133619712"",""maximum"":""-133328896"",""median_absolute_deviation"":""73728""},""lower"":4,""equal"":0,""higher"":0},""native"":{""pair_count"":3,""available_pairs"":3,""unavailable_pairs"":0,""native"":{""count"":""3"",""minimum"":""146276352"",""median"":""146407424"",""maximum"":""146931712"",""median_absolute_deviation"":""131072""},""lsf"":{""count"":""3"",""minimum"":""13369344"",""median"":""13377536"",""maximum"":""13578240"",""median_absolute_deviation"":""8192""},""paired_difference"":{""count"":""3"",""minimum"":""-133562368"",""median"":""-133029888"",""maximum"":""-132698112"",""median_absolute_deviation"":""331776""},""lower"":3,""equal"":0,""higher"":0}}"
32,ready,after,child.threads,count,"[{""pair"":0,""first_arm"":""lsf"",""native_group"":5,""lsf_group"":4,""native"":""96"",""lsf"":""7"",""lsf_minus_native"":""-89"",""percent_of_native"":""-92.708333""},{""pair"":1,""first_arm"":""lsf"",""native_group"":3,""lsf_group"":2,""native"":""96"",""lsf"":""7"",""lsf_minus_native"":""-89"",""percent_of_native"":""-92.708333""},{""pair"":2,""first_arm"":""lsf"",""native_group"":1,""lsf_group"":0,""native"":""96"",""lsf"":""7"",""lsf_minus_native"":""-89"",""percent_of_native"":""-92.708333""},{""pair"":3,""first_arm"":""native"",""native_group"":4,""lsf_group"":5,""native"":""96"",""lsf"":""7"",""lsf_minus_native"":""-89"",""percent_of_native"":""-92.708333""},{""pair"":4,""first_arm"":""native"",""native_group"":2,""lsf_group"":3,""native"":""96"",""lsf"":""7"",""lsf_minus_native"":""-89"",""percent_of_native"":""-92.708333""},{""pair"":5,""first_arm"":""native"",""native_group"":0,""lsf_group"":1,""native"":""96"",""lsf"":""7"",""lsf_minus_native"":""-89"",""percent_of_native"":""-92.708333""},{""pair"":6,""first_arm"":""lsf"",""native_group"":5,""lsf_group"":4,""native"":""96"",""lsf"":""7"",""lsf_minus_native"":""-89"",""percent_of_native"":""-92.708333""}]",7,7,0,"{""count"":""7"",""minimum"":""96"",""median"":""96"",""maximum"":""96"",""median_absolute_deviation"":""0""}","{""count"":""7"",""minimum"":""7"",""median"":""7"",""maximum"":""7"",""median_absolute_deviation"":""0""}","{""count"":""7"",""minimum"":""-89"",""median"":""-89"",""maximum"":""-89"",""median_absolute_deviation"":""0""}",7,0,0,"{""lsf"":{""pair_count"":4,""available_pairs"":4,""unavailable_pairs"":0,""native"":{""count"":""4"",""minimum"":""96"",""median"":""96"",""maximum"":""96"",""median_absolute_deviation"":""0""},""lsf"":{""count"":""4"",""minimum"":""7"",""median"":""7"",""maximum"":""7"",""median_absolute_deviation"":""0""},""paired_difference"":{""count"":""4"",""minimum"":""-89"",""median"":""-89"",""maximum"":""-89"",""median_absolute_deviation"":""0""},""lower"":4,""equal"":0,""higher"":0},""native"":{""pair_count"":3,""available_pairs"":3,""unavailable_pairs"":0,""native"":{""count"":""3"",""minimum"":""96"",""median"":""96"",""maximum"":""96"",""median_absolute_deviation"":""0""},""lsf"":{""count"":""3"",""minimum"":""7"",""median"":""7"",""maximum"":""7"",""median_absolute_deviation"":""0""},""paired_difference"":{""count"":""3"",""minimum"":""-89"",""median"":""-89"",""maximum"":""-89"",""median_absolute_deviation"":""0""},""lower"":3,""equal"":0,""higher"":0}}"
32,ready,after,child.fd_count,count,"[{""pair"":0,""first_arm"":""lsf"",""native_group"":5,""lsf_group"":4,""native"":""352"",""lsf"":""48"",""lsf_minus_native"":""-304"",""percent_of_native"":""-86.363636""},{""pair"":1,""first_arm"":""lsf"",""native_group"":3,""lsf_group"":2,""native"":""352"",""lsf"":""48"",""lsf_minus_native"":""-304"",""percent_of_native"":""-86.363636""},{""pair"":2,""first_arm"":""lsf"",""native_group"":1,""lsf_group"":0,""native"":""352"",""lsf"":""48"",""lsf_minus_native"":""-304"",""percent_of_native"":""-86.363636""},{""pair"":3,""first_arm"":""native"",""native_group"":4,""lsf_group"":5,""native"":""352"",""lsf"":""48"",""lsf_minus_native"":""-304"",""percent_of_native"":""-86.363636""},{""pair"":4,""first_arm"":""native"",""native_group"":2,""lsf_group"":3,""native"":""352"",""lsf"":""48"",""lsf_minus_native"":""-304"",""percent_of_native"":""-86.363636""},{""pair"":5,""first_arm"":""native"",""native_group"":0,""lsf_group"":1,""native"":""352"",""lsf"":""48"",""lsf_minus_native"":""-304"",""percent_of_native"":""-86.363636""},{""pair"":6,""first_arm"":""lsf"",""native_group"":5,""lsf_group"":4,""native"":""352"",""lsf"":""48"",""lsf_minus_native"":""-304"",""percent_of_native"":""-86.363636""}]",7,7,0,"{""count"":""7"",""minimum"":""352"",""median"":""352"",""maximum"":""352"",""median_absolute_deviation"":""0""}","{""count"":""7"",""minimum"":""48"",""median"":""48"",""maximum"":""48"",""median_absolute_deviation"":""0""}","{""count"":""7"",""minimum"":""-304"",""median"":""-304"",""maximum"":""-304"",""median_absolute_deviation"":""0""}",7,0,0,"{""lsf"":{""pair_count"":4,""available_pairs"":4,""unavailable_pairs"":0,""native"":{""count"":""4"",""minimum"":""352"",""median"":""352"",""maximum"":""352"",""median_absolute_deviation"":""0""},""lsf"":{""count"":""4"",""minimum"":""48"",""median"":""48"",""maximum"":""48"",""median_absolute_deviation"":""0""},""paired_difference"":{""count"":""4"",""minimum"":""-304"",""median"":""-304"",""maximum"":""-304"",""median_absolute_deviation"":""0""},""lower"":4,""equal"":0,""higher"":0},""native"":{""pair_count"":3,""available_pairs"":3,""unavailable_pairs"":0,""native"":{""count"":""3"",""minimum"":""352"",""median"":""352"",""maximum"":""352"",""median_absolute_deviation"":""0""},""lsf"":{""count"":""3"",""minimum"":""48"",""median"":""48"",""maximum"":""48"",""median_absolute_deviation"":""0""},""paired_difference"":{""count"":""3"",""minimum"":""-304"",""median"":""-304"",""maximum"":""-304"",""median_absolute_deviation"":""0""},""lower"":3,""equal"":0,""higher"":0}}"
32,ready,after,child.listener_count,count,"[{""pair"":0,""first_arm"":""lsf"",""native_group"":5,""lsf_group"":4,""native"":""32"",""lsf"":""1"",""lsf_minus_native"":""-31"",""percent_of_native"":""-96.875""},{""pair"":1,""first_arm"":""lsf"",""native_group"":3,""lsf_group"":2,""native"":""32"",""lsf"":""1"",""lsf_minus_native"":""-31"",""percent_of_native"":""-96.875""},{""pair"":2,""first_arm"":""lsf"",""native_group"":1,""lsf_group"":0,""native"":""32"",""lsf"":""1"",""lsf_minus_native"":""-31"",""percent_of_native"":""-96.875""},{""pair"":3,""first_arm"":""native"",""native_group"":4,""lsf_group"":5,""native"":""32"",""lsf"":""1"",""lsf_minus_native"":""-31"",""percent_of_native"":""-96.875""},{""pair"":4,""first_arm"":""native"",""native_group"":2,""lsf_group"":3,""native"":""32"",""lsf"":""1"",""lsf_minus_native"":""-31"",""percent_of_native"":""-96.875""},{""pair"":5,""first_arm"":""native"",""native_group"":0,""lsf_group"":1,""native"":""32"",""lsf"":""1"",""lsf_minus_native"":""-31"",""percent_of_native"":""-96.875""},{""pair"":6,""first_arm"":""lsf"",""native_group"":5,""lsf_group"":4,""native"":""32"",""lsf"":""1"",""lsf_minus_native"":""-31"",""percent_of_native"":""-96.875""}]",7,7,0,"{""count"":""7"",""minimum"":""32"",""median"":""32"",""maximum"":""32"",""median_absolute_deviation"":""0""}","{""count"":""7"",""minimum"":""1"",""median"":""1"",""maximum"":""1"",""median_absolute_deviation"":""0""}","{""count"":""7"",""minimum"":""-31"",""median"":""-31"",""maximum"":""-31"",""median_absolute_deviation"":""0""}",7,0,0,"{""lsf"":{""pair_count"":4,""available_pairs"":4,""unavailable_pairs"":0,""native"":{""count"":""4"",""minimum"":""32"",""median"":""32"",""maximum"":""32"",""median_absolute_deviation"":""0""},""lsf"":{""count"":""4"",""minimum"":""1"",""median"":""1"",""maximum"":""1"",""median_absolute_deviation"":""0""},""paired_difference"":{""count"":""4"",""minimum"":""-31"",""median"":""-31"",""maximum"":""-31"",""median_absolute_deviation"":""0""},""lower"":4,""equal"":0,""higher"":0},""native"":{""pair_count"":3,""available_pairs"":3,""unavailable_pairs"":0,""native"":{""count"":""3"",""minimum"":""32"",""median"":""32"",""maximum"":""32"",""median_absolute_deviation"":""0""},""lsf"":{""count"":""3"",""minimum"":""1"",""median"":""1"",""maximum"":""1"",""median_absolute_deviation"":""0""},""paired_difference"":{""count"":""3"",""minimum"":""-31"",""median"":""-31"",""maximum"":""-31"",""median_absolute_deviation"":""0""},""lower"":3,""equal"":0,""higher"":0}}"
32,ready,after,wrapper.rss_bytes,bytes,"[{""pair"":0,""first_arm"":""lsf"",""native_group"":5,""lsf_group"":4,""native"":""121241600"",""lsf"":""4456448"",""lsf_minus_native"":""-116785152"",""percent_of_native"":""-96.324324""},{""pair"":1,""first_arm"":""lsf"",""native_group"":3,""lsf_group"":2,""native"":""120848384"",""lsf"":""4587520"",""lsf_minus_native"":""-116260864"",""percent_of_native"":""-96.203905""},{""pair"":2,""first_arm"":""lsf"",""native_group"":1,""lsf_group"":0,""native"":""119537664"",""lsf"":""4456448"",""lsf_minus_native"":""-115081216"",""percent_of_native"":""-96.27193""},{""pair"":3,""first_arm"":""native"",""native_group"":4,""lsf_group"":5,""native"":""119930880"",""lsf"":""4587520"",""lsf_minus_native"":""-115343360"",""percent_of_native"":""-96.174863""},{""pair"":4,""first_arm"":""native"",""native_group"":2,""lsf_group"":3,""native"":""120717312"",""lsf"":""4325376"",""lsf_minus_native"":""-116391936"",""percent_of_native"":""-96.416938""},{""pair"":5,""first_arm"":""native"",""native_group"":0,""lsf_group"":1,""native"":""120455168"",""lsf"":""4718592"",""lsf_minus_native"":""-115736576"",""percent_of_native"":""-96.082699""},{""pair"":6,""first_arm"":""lsf"",""native_group"":5,""lsf_group"":4,""native"":""120979456"",""lsf"":""4325376"",""lsf_minus_native"":""-116654080"",""percent_of_native"":""-96.424702""}]",7,7,0,"{""count"":""7"",""minimum"":""119537664"",""median"":""120717312"",""maximum"":""121241600"",""median_absolute_deviation"":""262144""}","{""count"":""7"",""minimum"":""4325376"",""median"":""4456448"",""maximum"":""4718592"",""median_absolute_deviation"":""131072""}","{""count"":""7"",""minimum"":""-116785152"",""median"":""-116260864"",""maximum"":""-115081216"",""median_absolute_deviation"":""524288""}",7,0,0,"{""lsf"":{""pair_count"":4,""available_pairs"":4,""unavailable_pairs"":0,""native"":{""count"":""4"",""minimum"":""119537664"",""median"":""120913920"",""maximum"":""121241600"",""median_absolute_deviation"":""196608""},""lsf"":{""count"":""4"",""minimum"":""4325376"",""median"":""4456448"",""maximum"":""4587520"",""median_absolute_deviation"":""65536""},""paired_difference"":{""count"":""4"",""minimum"":""-116785152"",""median"":""-116457472"",""maximum"":""-115081216"",""median_absolute_deviation"":""262144""},""lower"":4,""equal"":0,""higher"":0},""native"":{""pair_count"":3,""available_pairs"":3,""unavailable_pairs"":0,""native"":{""count"":""3"",""minimum"":""119930880"",""median"":""120455168"",""maximum"":""120717312"",""median_absolute_deviation"":""262144""},""lsf"":{""count"":""3"",""minimum"":""4325376"",""median"":""4587520"",""maximum"":""4718592"",""median_absolute_deviation"":""131072""},""paired_difference"":{""count"":""3"",""minimum"":""-116391936"",""median"":""-115736576"",""maximum"":""-115343360"",""median_absolute_deviation"":""393216""},""lower"":3,""equal"":0,""higher"":0}}"
32,ready,after,wrapper.threads,count,"[{""pair"":0,""first_arm"":""lsf"",""native_group"":5,""lsf_group"":4,""native"":""96"",""lsf"":""3"",""lsf_minus_native"":""-93"",""percent_of_native"":""-96.875""},{""pair"":1,""first_arm"":""lsf"",""native_group"":3,""lsf_group"":2,""native"":""96"",""lsf"":""3"",""lsf_minus_native"":""-93"",""percent_of_native"":""-96.875""},{""pair"":2,""first_arm"":""lsf"",""native_group"":1,""lsf_group"":0,""native"":""96"",""lsf"":""3"",""lsf_minus_native"":""-93"",""percent_of_native"":""-96.875""},{""pair"":3,""first_arm"":""native"",""native_group"":4,""lsf_group"":5,""native"":""96"",""lsf"":""3"",""lsf_minus_native"":""-93"",""percent_of_native"":""-96.875""},{""pair"":4,""first_arm"":""native"",""native_group"":2,""lsf_group"":3,""native"":""96"",""lsf"":""3"",""lsf_minus_native"":""-93"",""percent_of_native"":""-96.875""},{""pair"":5,""first_arm"":""native"",""native_group"":0,""lsf_group"":1,""native"":""96"",""lsf"":""3"",""lsf_minus_native"":""-93"",""percent_of_native"":""-96.875""},{""pair"":6,""first_arm"":""lsf"",""native_group"":5,""lsf_group"":4,""native"":""96"",""lsf"":""3"",""lsf_minus_native"":""-93"",""percent_of_native"":""-96.875""}]",7,7,0,"{""count"":""7"",""minimum"":""96"",""median"":""96"",""maximum"":""96"",""median_absolute_deviation"":""0""}","{""count"":""7"",""minimum"":""3"",""median"":""3"",""maximum"":""3"",""median_absolute_deviation"":""0""}","{""count"":""7"",""minimum"":""-93"",""median"":""-93"",""maximum"":""-93"",""median_absolute_deviation"":""0""}",7,0,0,"{""lsf"":{""pair_count"":4,""available_pairs"":4,""unavailable_pairs"":0,""native"":{""count"":""4"",""minimum"":""96"",""median"":""96"",""maximum"":""96"",""median_absolute_deviation"":""0""},""lsf"":{""count"":""4"",""minimum"":""3"",""median"":""3"",""maximum"":""3"",""median_absolute_deviation"":""0""},""paired_difference"":{""count"":""4"",""minimum"":""-93"",""median"":""-93"",""maximum"":""-93"",""median_absolute_deviation"":""0""},""lower"":4,""equal"":0,""higher"":0},""native"":{""pair_count"":3,""available_pairs"":3,""unavailable_pairs"":0,""native"":{""count"":""3"",""minimum"":""96"",""median"":""96"",""maximum"":""96"",""median_absolute_deviation"":""0""},""lsf"":{""count"":""3"",""minimum"":""3"",""median"":""3"",""maximum"":""3"",""median_absolute_deviation"":""0""},""paired_difference"":{""count"":""3"",""minimum"":""-93"",""median"":""-93"",""maximum"":""-93"",""median_absolute_deviation"":""0""},""lower"":3,""equal"":0,""higher"":0}}"
32,ready,after,wrapper.fd_count,count,"[{""pair"":0,""first_arm"":""lsf"",""native_group"":5,""lsf_group"":4,""native"":""608"",""lsf"":""81"",""lsf_minus_native"":""-527"",""percent_of_native"":""-86.677632""},{""pair"":1,""first_arm"":""lsf"",""native_group"":3,""lsf_group"":2,""native"":""608"",""lsf"":""81"",""lsf_minus_native"":""-527"",""percent_of_native"":""-86.677632""},{""pair"":2,""first_arm"":""lsf"",""native_group"":1,""lsf_group"":0,""native"":""608"",""lsf"":""81"",""lsf_minus_native"":""-527"",""percent_of_native"":""-86.677632""},{""pair"":3,""first_arm"":""native"",""native_group"":4,""lsf_group"":5,""native"":""608"",""lsf"":""81"",""lsf_minus_native"":""-527"",""percent_of_native"":""-86.677632""},{""pair"":4,""first_arm"":""native"",""native_group"":2,""lsf_group"":3,""native"":""608"",""lsf"":""81"",""lsf_minus_native"":""-527"",""percent_of_native"":""-86.677632""},{""pair"":5,""first_arm"":""native"",""native_group"":0,""lsf_group"":1,""native"":""608"",""lsf"":""81"",""lsf_minus_native"":""-527"",""percent_of_native"":""-86.677632""},{""pair"":6,""first_arm"":""lsf"",""native_group"":5,""lsf_group"":4,""native"":""608"",""lsf"":""81"",""lsf_minus_native"":""-527"",""percent_of_native"":""-86.677632""}]",7,7,0,"{""count"":""7"",""minimum"":""608"",""median"":""608"",""maximum"":""608"",""median_absolute_deviation"":""0""}","{""count"":""7"",""minimum"":""81"",""median"":""81"",""maximum"":""81"",""median_absolute_deviation"":""0""}","{""count"":""7"",""minimum"":""-527"",""median"":""-527"",""maximum"":""-527"",""median_absolute_deviation"":""0""}",7,0,0,"{""lsf"":{""pair_count"":4,""available_pairs"":4,""unavailable_pairs"":0,""native"":{""count"":""4"",""minimum"":""608"",""median"":""608"",""maximum"":""608"",""median_absolute_deviation"":""0""},""lsf"":{""count"":""4"",""minimum"":""81"",""median"":""81"",""maximum"":""81"",""median_absolute_deviation"":""0""},""paired_difference"":{""count"":""4"",""minimum"":""-527"",""median"":""-527"",""maximum"":""-527"",""median_absolute_deviation"":""0""},""lower"":4,""equal"":0,""higher"":0},""native"":{""pair_count"":3,""available_pairs"":3,""unavailable_pairs"":0,""native"":{""count"":""3"",""minimum"":""608"",""median"":""608"",""maximum"":""608"",""median_absolute_deviation"":""0""},""lsf"":{""count"":""3"",""minimum"":""81"",""median"":""81"",""maximum"":""81"",""median_absolute_deviation"":""0""},""paired_difference"":{""count"":""3"",""minimum"":""-527"",""median"":""-527"",""maximum"":""-527"",""median_absolute_deviation"":""0""},""lower"":3,""equal"":0,""higher"":0}}"
32,ready,after,wrapper.listener_count,count,"[{""pair"":0,""first_arm"":""lsf"",""native_group"":5,""lsf_group"":4,""native"":""32"",""lsf"":""1"",""lsf_minus_native"":""-31"",""percent_of_native"":""-96.875""},{""pair"":1,""first_arm"":""lsf"",""native_group"":3,""lsf_group"":2,""native"":""32"",""lsf"":""1"",""lsf_minus_native"":""-31"",""percent_of_native"":""-96.875""},{""pair"":2,""first_arm"":""lsf"",""native_group"":1,""lsf_group"":0,""native"":""32"",""lsf"":""1"",""lsf_minus_native"":""-31"",""percent_of_native"":""-96.875""},{""pair"":3,""first_arm"":""native"",""native_group"":4,""lsf_group"":5,""native"":""32"",""lsf"":""1"",""lsf_minus_native"":""-31"",""percent_of_native"":""-96.875""},{""pair"":4,""first_arm"":""native"",""native_group"":2,""lsf_group"":3,""native"":""32"",""lsf"":""1"",""lsf_minus_native"":""-31"",""percent_of_native"":""-96.875""},{""pair"":5,""first_arm"":""native"",""native_group"":0,""lsf_group"":1,""native"":""32"",""lsf"":""1"",""lsf_minus_native"":""-31"",""percent_of_native"":""-96.875""},{""pair"":6,""first_arm"":""lsf"",""native_group"":5,""lsf_group"":4,""native"":""32"",""lsf"":""1"",""lsf_minus_native"":""-31"",""percent_of_native"":""-96.875""}]",7,7,0,"{""count"":""7"",""minimum"":""32"",""median"":""32"",""maximum"":""32"",""median_absolute_deviation"":""0""}","{""count"":""7"",""minimum"":""1"",""median"":""1"",""maximum"":""1"",""median_absolute_deviation"":""0""}","{""count"":""7"",""minimum"":""-31"",""median"":""-31"",""maximum"":""-31"",""median_absolute_deviation"":""0""}",7,0,0,"{""lsf"":{""pair_count"":4,""available_pairs"":4,""unavailable_pairs"":0,""native"":{""count"":""4"",""minimum"":""32"",""median"":""32"",""maximum"":""32"",""median_absolute_deviation"":""0""},""lsf"":{""count"":""4"",""minimum"":""1"",""median"":""1"",""maximum"":""1"",""median_absolute_deviation"":""0""},""paired_difference"":{""count"":""4"",""minimum"":""-31"",""median"":""-31"",""maximum"":""-31"",""median_absolute_deviation"":""0""},""lower"":4,""equal"":0,""higher"":0},""native"":{""pair_count"":3,""available_pairs"":3,""unavailable_pairs"":0,""native"":{""count"":""3"",""minimum"":""32"",""median"":""32"",""maximum"":""32"",""median_absolute_deviation"":""0""},""lsf"":{""count"":""3"",""minimum"":""1"",""median"":""1"",""maximum"":""1"",""median_absolute_deviation"":""0""},""paired_difference"":{""count"":""3"",""minimum"":""-31"",""median"":""-31"",""maximum"":""-31"",""median_absolute_deviation"":""0""},""lower"":3,""equal"":0,""higher"":0}}"
32,ready,after,cgroup.memory_current_bytes,bytes,"[{""pair"":0,""first_arm"":""lsf"",""native_group"":5,""lsf_group"":4,""native"":""57237504"",""lsf"":""5320704"",""lsf_minus_native"":""-51916800"",""percent_of_native"":""-90.704165""},{""pair"":1,""first_arm"":""lsf"",""native_group"":3,""lsf_group"":2,""native"":""56872960"",""lsf"":""5349376"",""lsf_minus_native"":""-51523584"",""percent_of_native"":""-90.594166""},{""pair"":2,""first_arm"":""lsf"",""native_group"":1,""lsf_group"":0,""native"":""56823808"",""lsf"":""5341184"",""lsf_minus_native"":""-51482624"",""percent_of_native"":""-90.600447""},{""pair"":3,""first_arm"":""native"",""native_group"":4,""lsf_group"":5,""native"":""56868864"",""lsf"":""5337088"",""lsf_minus_native"":""-51531776"",""percent_of_native"":""-90.615097""},{""pair"":4,""first_arm"":""native"",""native_group"":2,""lsf_group"":3,""native"":""57372672"",""lsf"":""5357568"",""lsf_minus_native"":""-52015104"",""percent_of_native"":""-90.661812""},{""pair"":5,""first_arm"":""native"",""native_group"":0,""lsf_group"":1,""native"":""57655296"",""lsf"":""5328896"",""lsf_minus_native"":""-52326400"",""percent_of_native"":""-90.757317""},{""pair"":6,""first_arm"":""lsf"",""native_group"":5,""lsf_group"":4,""native"":""56864768"",""lsf"":""5332992"",""lsf_minus_native"":""-51531776"",""percent_of_native"":""-90.621624""}]",7,7,0,"{""count"":""7"",""minimum"":""56823808"",""median"":""56872960"",""maximum"":""57655296"",""median_absolute_deviation"":""49152""}","{""count"":""7"",""minimum"":""5320704"",""median"":""5337088"",""maximum"":""5357568"",""median_absolute_deviation"":""8192""}","{""count"":""7"",""minimum"":""-52326400"",""median"":""-51531776"",""maximum"":""-51482624"",""median_absolute_deviation"":""49152""}",7,0,0,"{""lsf"":{""pair_count"":4,""available_pairs"":4,""unavailable_pairs"":0,""native"":{""count"":""4"",""minimum"":""56823808"",""median"":""56868864"",""maximum"":""57237504"",""median_absolute_deviation"":""24576""},""lsf"":{""count"":""4"",""minimum"":""5320704"",""median"":""5337088"",""maximum"":""5349376"",""median_absolute_deviation"":""8192""},""paired_difference"":{""count"":""4"",""minimum"":""-51916800"",""median"":""-51527680"",""maximum"":""-51482624"",""median_absolute_deviation"":""24576""},""lower"":4,""equal"":0,""higher"":0},""native"":{""pair_count"":3,""available_pairs"":3,""unavailable_pairs"":0,""native"":{""count"":""3"",""minimum"":""56868864"",""median"":""57372672"",""maximum"":""57655296"",""median_absolute_deviation"":""282624""},""lsf"":{""count"":""3"",""minimum"":""5328896"",""median"":""5337088"",""maximum"":""5357568"",""median_absolute_deviation"":""8192""},""paired_difference"":{""count"":""3"",""minimum"":""-52326400"",""median"":""-52015104"",""maximum"":""-51531776"",""median_absolute_deviation"":""311296""},""lower"":3,""equal"":0,""higher"":0}}"
32,ready,after,cgroup.sum_leaf_lifetime_memory_peak_bytes,bytes,"[{""pair"":0,""first_arm"":""lsf"",""native_group"":5,""lsf_group"":4,""native"":""186527744"",""lsf"":""8056832"",""lsf_minus_native"":""-178470912"",""percent_of_native"":""-95.680625""},{""pair"":1,""first_arm"":""lsf"",""native_group"":3,""lsf_group"":2,""native"":""186793984"",""lsf"":""8564736"",""lsf_minus_native"":""-178229248"",""percent_of_native"":""-95.414876""},{""pair"":2,""first_arm"":""lsf"",""native_group"":1,""lsf_group"":0,""native"":""189222912"",""lsf"":""7569408"",""lsf_minus_native"":""-181653504"",""percent_of_native"":""-95.99974""},{""pair"":3,""first_arm"":""native"",""native_group"":4,""lsf_group"":5,""native"":""187052032"",""lsf"":""8167424"",""lsf_minus_native"":""-178884608"",""percent_of_native"":""-95.633609""},{""pair"":4,""first_arm"":""native"",""native_group"":2,""lsf_group"":3,""native"":""185954304"",""lsf"":""8355840"",""lsf_minus_native"":""-177598464"",""percent_of_native"":""-95.506509""},{""pair"":5,""first_arm"":""native"",""native_group"":0,""lsf_group"":1,""native"":""192487424"",""lsf"":""8192000"",""lsf_minus_native"":""-184295424"",""percent_of_native"":""-95.744138""},{""pair"":6,""first_arm"":""lsf"",""native_group"":5,""lsf_group"":4,""native"":""185868288"",""lsf"":""8441856"",""lsf_minus_native"":""-177426432"",""percent_of_native"":""-95.458152""}]",7,7,0,"{""count"":""7"",""minimum"":""185868288"",""median"":""186793984"",""maximum"":""192487424"",""median_absolute_deviation"":""839680""}","{""count"":""7"",""minimum"":""7569408"",""median"":""8192000"",""maximum"":""8564736"",""median_absolute_deviation"":""163840""}","{""count"":""7"",""minimum"":""-184295424"",""median"":""-178470912"",""maximum"":""-177426432"",""median_absolute_deviation"":""872448""}",7,0,0,"{""lsf"":{""pair_count"":4,""available_pairs"":4,""unavailable_pairs"":0,""native"":{""count"":""4"",""minimum"":""185868288"",""median"":""186660864"",""maximum"":""189222912"",""median_absolute_deviation"":""462848""},""lsf"":{""count"":""4"",""minimum"":""7569408"",""median"":""8249344"",""maximum"":""8564736"",""median_absolute_deviation"":""253952""},""paired_difference"":{""count"":""4"",""minimum"":""-181653504"",""median"":""-178350080"",""maximum"":""-177426432"",""median_absolute_deviation"":""522240""},""lower"":4,""equal"":0,""higher"":0},""native"":{""pair_count"":3,""available_pairs"":3,""unavailable_pairs"":0,""native"":{""count"":""3"",""minimum"":""185954304"",""median"":""187052032"",""maximum"":""192487424"",""median_absolute_deviation"":""1097728""},""lsf"":{""count"":""3"",""minimum"":""8167424"",""median"":""8192000"",""maximum"":""8355840"",""median_absolute_deviation"":""24576""},""paired_difference"":{""count"":""3"",""minimum"":""-184295424"",""median"":""-178884608"",""maximum"":""-177598464"",""median_absolute_deviation"":""1286144""},""lower"":3,""equal"":0,""higher"":0}}"
32,ready,after,cgroup.memory_swap_current_bytes,bytes,"[{""pair"":0,""first_arm"":""lsf"",""native_group"":5,""lsf_group"":4,""native"":""0"",""lsf"":""0"",""lsf_minus_native"":""0"",""percent_of_native"":null},{""pair"":1,""first_arm"":""lsf"",""native_group"":3,""lsf_group"":2,""native"":""0"",""lsf"":""0"",""lsf_minus_native"":""0"",""percent_of_native"":null},{""pair"":2,""first_arm"":""lsf"",""native_group"":1,""lsf_group"":0,""native"":""0"",""lsf"":""0"",""lsf_minus_native"":""0"",""percent_of_native"":null},{""pair"":3,""first_arm"":""native"",""native_group"":4,""lsf_group"":5,""native"":""0"",""lsf"":""0"",""lsf_minus_native"":""0"",""percent_of_native"":null},{""pair"":4,""first_arm"":""native"",""native_group"":2,""lsf_group"":3,""native"":""0"",""lsf"":""0"",""lsf_minus_native"":""0"",""percent_of_native"":null},{""pair"":5,""first_arm"":""native"",""native_group"":0,""lsf_group"":1,""native"":""0"",""lsf"":""0"",""lsf_minus_native"":""0"",""percent_of_native"":null},{""pair"":6,""first_arm"":""lsf"",""native_group"":5,""lsf_group"":4,""native"":""0"",""lsf"":""0"",""lsf_minus_native"":""0"",""percent_of_native"":null}]",7,7,0,"{""count"":""7"",""minimum"":""0"",""median"":""0"",""maximum"":""0"",""median_absolute_deviation"":""0""}","{""count"":""7"",""minimum"":""0"",""median"":""0"",""maximum"":""0"",""median_absolute_deviation"":""0""}","{""count"":""7"",""minimum"":""0"",""median"":""0"",""maximum"":""0"",""median_absolute_deviation"":""0""}",0,7,0,"{""lsf"":{""pair_count"":4,""available_pairs"":4,""unavailable_pairs"":0,""native"":{""count"":""4"",""minimum"":""0"",""median"":""0"",""maximum"":""0"",""median_absolute_deviation"":""0""},""lsf"":{""count"":""4"",""minimum"":""0"",""median"":""0"",""maximum"":""0"",""median_absolute_deviation"":""0""},""paired_difference"":{""count"":""4"",""minimum"":""0"",""median"":""0"",""maximum"":""0"",""median_absolute_deviation"":""0""},""lower"":0,""equal"":4,""higher"":0},""native"":{""pair_count"":3,""available_pairs"":3,""unavailable_pairs"":0,""native"":{""count"":""3"",""minimum"":""0"",""median"":""0"",""maximum"":""0"",""median_absolute_deviation"":""0""},""lsf"":{""count"":""3"",""minimum"":""0"",""median"":""0"",""maximum"":""0"",""median_absolute_deviation"":""0""},""paired_difference"":{""count"":""3"",""minimum"":""0"",""median"":""0"",""maximum"":""0"",""median_absolute_deviation"":""0""},""lower"":0,""equal"":3,""higher"":0}}"
32,ready,after,cgroup.pids_current,count,"[{""pair"":0,""first_arm"":""lsf"",""native_group"":5,""lsf_group"":4,""native"":""192"",""lsf"":""10"",""lsf_minus_native"":""-182"",""percent_of_native"":""-94.791667""},{""pair"":1,""first_arm"":""lsf"",""native_group"":3,""lsf_group"":2,""native"":""192"",""lsf"":""10"",""lsf_minus_native"":""-182"",""percent_of_native"":""-94.791667""},{""pair"":2,""first_arm"":""lsf"",""native_group"":1,""lsf_group"":0,""native"":""192"",""lsf"":""10"",""lsf_minus_native"":""-182"",""percent_of_native"":""-94.791667""},{""pair"":3,""first_arm"":""native"",""native_group"":4,""lsf_group"":5,""native"":""192"",""lsf"":""10"",""lsf_minus_native"":""-182"",""percent_of_native"":""-94.791667""},{""pair"":4,""first_arm"":""native"",""native_group"":2,""lsf_group"":3,""native"":""192"",""lsf"":""10"",""lsf_minus_native"":""-182"",""percent_of_native"":""-94.791667""},{""pair"":5,""first_arm"":""native"",""native_group"":0,""lsf_group"":1,""native"":""192"",""lsf"":""10"",""lsf_minus_native"":""-182"",""percent_of_native"":""-94.791667""},{""pair"":6,""first_arm"":""lsf"",""native_group"":5,""lsf_group"":4,""native"":""192"",""lsf"":""10"",""lsf_minus_native"":""-182"",""percent_of_native"":""-94.791667""}]",7,7,0,"{""count"":""7"",""minimum"":""192"",""median"":""192"",""maximum"":""192"",""median_absolute_deviation"":""0""}","{""count"":""7"",""minimum"":""10"",""median"":""10"",""maximum"":""10"",""median_absolute_deviation"":""0""}","{""count"":""7"",""minimum"":""-182"",""median"":""-182"",""maximum"":""-182"",""median_absolute_deviation"":""0""}",7,0,0,"{""lsf"":{""pair_count"":4,""available_pairs"":4,""unavailable_pairs"":0,""native"":{""count"":""4"",""minimum"":""192"",""median"":""192"",""maximum"":""192"",""median_absolute_deviation"":""0""},""lsf"":{""count"":""4"",""minimum"":""10"",""median"":""10"",""maximum"":""10"",""median_absolute_deviation"":""0""},""paired_difference"":{""count"":""4"",""minimum"":""-182"",""median"":""-182"",""maximum"":""-182"",""median_absolute_deviation"":""0""},""lower"":4,""equal"":0,""higher"":0},""native"":{""pair_count"":3,""available_pairs"":3,""unavailable_pairs"":0,""native"":{""count"":""3"",""minimum"":""192"",""median"":""192"",""maximum"":""192"",""median_absolute_deviation"":""0""},""lsf"":{""count"":""3"",""minimum"":""10"",""median"":""10"",""maximum"":""10"",""median_absolute_deviation"":""0""},""paired_difference"":{""count"":""3"",""minimum"":""-182"",""median"":""-182"",""maximum"":""-182"",""median_absolute_deviation"":""0""},""lower"":3,""equal"":0,""higher"":0}}"
32,ready,after,cgroup.cpu.usage_usec,us,"[{""pair"":0,""first_arm"":""lsf"",""native_group"":5,""lsf_group"":4,""native"":""2439600"",""lsf"":""150989"",""lsf_minus_native"":""-2288611"",""percent_of_native"":""-93.810912""},{""pair"":1,""first_arm"":""lsf"",""native_group"":3,""lsf_group"":2,""native"":""2507024"",""lsf"":""126651"",""lsf_minus_native"":""-2380373"",""percent_of_native"":""-94.948154""},{""pair"":2,""first_arm"":""lsf"",""native_group"":1,""lsf_group"":0,""native"":""2582718"",""lsf"":""141000"",""lsf_minus_native"":""-2441718"",""percent_of_native"":""-94.540635""},{""pair"":3,""first_arm"":""native"",""native_group"":4,""lsf_group"":5,""native"":""2426128"",""lsf"":""138788"",""lsf_minus_native"":""-2287340"",""percent_of_native"":""-94.279444""},{""pair"":4,""first_arm"":""native"",""native_group"":2,""lsf_group"":3,""native"":""2455849"",""lsf"":""128828"",""lsf_minus_native"":""-2327021"",""percent_of_native"":""-94.754238""},{""pair"":5,""first_arm"":""native"",""native_group"":0,""lsf_group"":1,""native"":""2437683"",""lsf"":""123763"",""lsf_minus_native"":""-2313920"",""percent_of_native"":""-94.922925""},{""pair"":6,""first_arm"":""lsf"",""native_group"":5,""lsf_group"":4,""native"":""2386552"",""lsf"":""138408"",""lsf_minus_native"":""-2248144"",""percent_of_native"":""-94.200503""}]",7,7,0,"{""count"":""7"",""minimum"":""2386552"",""median"":""2439600"",""maximum"":""2582718"",""median_absolute_deviation"":""16249""}","{""count"":""7"",""minimum"":""123763"",""median"":""138408"",""maximum"":""150989"",""median_absolute_deviation"":""9580""}","{""count"":""7"",""minimum"":""-2441718"",""median"":""-2313920"",""maximum"":""-2248144"",""median_absolute_deviation"":""26580""}",7,0,0,"{""lsf"":{""pair_count"":4,""available_pairs"":4,""unavailable_pairs"":0,""native"":{""count"":""4"",""minimum"":""2386552"",""median"":""2473312"",""maximum"":""2582718"",""median_absolute_deviation"":""60236""},""lsf"":{""count"":""4"",""minimum"":""126651"",""median"":""139704"",""maximum"":""150989"",""median_absolute_deviation"":""6290.5""},""paired_difference"":{""count"":""4"",""minimum"":""-2441718"",""median"":""-2334492"",""maximum"":""-2248144"",""median_absolute_deviation"":""66114.5""},""lower"":4,""equal"":0,""higher"":0},""native"":{""pair_count"":3,""available_pairs"":3,""unavailable_pairs"":0,""native"":{""count"":""3"",""minimum"":""2426128"",""median"":""2437683"",""maximum"":""2455849"",""median_absolute_deviation"":""11555""},""lsf"":{""count"":""3"",""minimum"":""123763"",""median"":""128828"",""maximum"":""138788"",""median_absolute_deviation"":""5065""},""paired_difference"":{""count"":""3"",""minimum"":""-2327021"",""median"":""-2313920"",""maximum"":""-2287340"",""median_absolute_deviation"":""13101""},""lower"":3,""equal"":0,""higher"":0}}"
32,ready,after,cgroup.cpu.user_usec,us,"[{""pair"":0,""first_arm"":""lsf"",""native_group"":5,""lsf_group"":4,""native"":""456936"",""lsf"":""71300"",""lsf_minus_native"":""-385636"",""percent_of_native"":""-84.396064""},{""pair"":1,""first_arm"":""lsf"",""native_group"":3,""lsf_group"":2,""native"":""427038"",""lsf"":""65671"",""lsf_minus_native"":""-361367"",""percent_of_native"":""-84.621743""},{""pair"":2,""first_arm"":""lsf"",""native_group"":1,""lsf_group"":0,""native"":""511158"",""lsf"":""58059"",""lsf_minus_native"":""-453099"",""percent_of_native"":""-88.641672""},{""pair"":3,""first_arm"":""native"",""native_group"":4,""lsf_group"":5,""native"":""477627"",""lsf"":""52644"",""lsf_minus_native"":""-424983"",""percent_of_native"":""-88.97801""},{""pair"":4,""first_arm"":""native"",""native_group"":2,""lsf_group"":3,""native"":""521418"",""lsf"":""62028"",""lsf_minus_native"":""-459390"",""percent_of_native"":""-88.103978""},{""pair"":5,""first_arm"":""native"",""native_group"":0,""lsf_group"":1,""native"":""448890"",""lsf"":""34141"",""lsf_minus_native"":""-414749"",""percent_of_native"":""-92.394351""},{""pair"":6,""first_arm"":""lsf"",""native_group"":5,""lsf_group"":4,""native"":""509274"",""lsf"":""59913"",""lsf_minus_native"":""-449361"",""percent_of_native"":""-88.235606""}]",7,7,0,"{""count"":""7"",""minimum"":""427038"",""median"":""477627"",""maximum"":""521418"",""median_absolute_deviation"":""31647""}","{""count"":""7"",""minimum"":""34141"",""median"":""59913"",""maximum"":""71300"",""median_absolute_deviation"":""5758""}","{""count"":""7"",""minimum"":""-459390"",""median"":""-424983"",""maximum"":""-361367"",""median_absolute_deviation"":""28116""}",7,0,0,"{""lsf"":{""pair_count"":4,""available_pairs"":4,""unavailable_pairs"":0,""native"":{""count"":""4"",""minimum"":""427038"",""median"":""483105"",""maximum"":""511158"",""median_absolute_deviation"":""27111""},""lsf"":{""count"":""4"",""minimum"":""58059"",""median"":""62792"",""maximum"":""71300"",""median_absolute_deviation"":""3806""},""paired_difference"":{""count"":""4"",""minimum"":""-453099"",""median"":""-417498.5"",""maximum"":""-361367"",""median_absolute_deviation"":""33731.5""},""lower"":4,""equal"":0,""higher"":0},""native"":{""pair_count"":3,""available_pairs"":3,""unavailable_pairs"":0,""native"":{""count"":""3"",""minimum"":""448890"",""median"":""477627"",""maximum"":""521418"",""median_absolute_deviation"":""28737""},""lsf"":{""count"":""3"",""minimum"":""34141"",""median"":""52644"",""maximum"":""62028"",""median_absolute_deviation"":""9384""},""paired_difference"":{""count"":""3"",""minimum"":""-459390"",""median"":""-424983"",""maximum"":""-414749"",""median_absolute_deviation"":""10234""},""lower"":3,""equal"":0,""higher"":0}}"
32,ready,after,cgroup.cpu.system_usec,us,"[{""pair"":0,""first_arm"":""lsf"",""native_group"":5,""lsf_group"":4,""native"":""1982647"",""lsf"":""79688"",""lsf_minus_native"":""-1902959"",""percent_of_native"":""-95.980727""},{""pair"":1,""first_arm"":""lsf"",""native_group"":3,""lsf_group"":2,""native"":""2079973"",""lsf"":""60980"",""lsf_minus_native"":""-2018993"",""percent_of_native"":""-97.068231""},{""pair"":2,""first_arm"":""lsf"",""native_group"":1,""lsf_group"":0,""native"":""2071543"",""lsf"":""82941"",""lsf_minus_native"":""-1988602"",""percent_of_native"":""-95.996173""},{""pair"":3,""first_arm"":""native"",""native_group"":4,""lsf_group"":5,""native"":""1948487"",""lsf"":""86144"",""lsf_minus_native"":""-1862343"",""percent_of_native"":""-95.578929""},{""pair"":4,""first_arm"":""native"",""native_group"":2,""lsf_group"":3,""native"":""1934420"",""lsf"":""66799"",""lsf_minus_native"":""-1867621"",""percent_of_native"":""-96.54682""},{""pair"":5,""first_arm"":""native"",""native_group"":0,""lsf_group"":1,""native"":""1988779"",""lsf"":""89621"",""lsf_minus_native"":""-1899158"",""percent_of_native"":""-95.493667""},{""pair"":6,""first_arm"":""lsf"",""native_group"":5,""lsf_group"":4,""native"":""1877263"",""lsf"":""78495"",""lsf_minus_native"":""-1798768"",""percent_of_native"":""-95.818647""}]",7,7,0,"{""count"":""7"",""minimum"":""1877263"",""median"":""1982647"",""maximum"":""2079973"",""median_absolute_deviation"":""48227""}","{""count"":""7"",""minimum"":""60980"",""median"":""79688"",""maximum"":""89621"",""median_absolute_deviation"":""6456""}","{""count"":""7"",""minimum"":""-2018993"",""median"":""-1899158"",""maximum"":""-1798768"",""median_absolute_deviation"":""36815""}",7,0,0,"{""lsf"":{""pair_count"":4,""available_pairs"":4,""unavailable_pairs"":0,""native"":{""count"":""4"",""minimum"":""1877263"",""median"":""2027095"",""maximum"":""2079973"",""median_absolute_deviation"":""48663""},""lsf"":{""count"":""4"",""minimum"":""60980"",""median"":""79091.5"",""maximum"":""82941"",""median_absolute_deviation"":""2223""},""paired_difference"":{""count"":""4"",""minimum"":""-2018993"",""median"":""-1945780.5"",""maximum"":""-1798768"",""median_absolute_deviation"":""58017""},""lower"":4,""equal"":0,""higher"":0},""native"":{""pair_count"":3,""available_pairs"":3,""unavailable_pairs"":0,""native"":{""count"":""3"",""minimum"":""1934420"",""median"":""1948487"",""maximum"":""1988779"",""median_absolute_deviation"":""14067""},""lsf"":{""count"":""3"",""minimum"":""66799"",""median"":""86144"",""maximum"":""89621"",""median_absolute_deviation"":""3477""},""paired_difference"":{""count"":""3"",""minimum"":""-1899158"",""median"":""-1867621"",""maximum"":""-1862343"",""median_absolute_deviation"":""5278""},""lower"":3,""equal"":0,""higher"":0}}"
32,ready,after,cgroup.cpu.nr_periods,count,"[{""pair"":0,""first_arm"":""lsf"",""native_group"":5,""lsf_group"":4,""native"":""298"",""lsf"":""26"",""lsf_minus_native"":""-272"",""percent_of_native"":""-91.275168""},{""pair"":1,""first_arm"":""lsf"",""native_group"":3,""lsf_group"":2,""native"":""350"",""lsf"":""35"",""lsf_minus_native"":""-315"",""percent_of_native"":""-90""},{""pair"":2,""first_arm"":""lsf"",""native_group"":1,""lsf_group"":0,""native"":""334"",""lsf"":""26"",""lsf_minus_native"":""-308"",""percent_of_native"":""-92.215569""},{""pair"":3,""first_arm"":""native"",""native_group"":4,""lsf_group"":5,""native"":""336"",""lsf"":""30"",""lsf_minus_native"":""-306"",""percent_of_native"":""-91.071429""},{""pair"":4,""first_arm"":""native"",""native_group"":2,""lsf_group"":3,""native"":""318"",""lsf"":""22"",""lsf_minus_native"":""-296"",""percent_of_native"":""-93.081761""},{""pair"":5,""first_arm"":""native"",""native_group"":0,""lsf_group"":1,""native"":""328"",""lsf"":""28"",""lsf_minus_native"":""-300"",""percent_of_native"":""-91.463415""},{""pair"":6,""first_arm"":""lsf"",""native_group"":5,""lsf_group"":4,""native"":""324"",""lsf"":""38"",""lsf_minus_native"":""-286"",""percent_of_native"":""-88.271605""}]",7,7,0,"{""count"":""7"",""minimum"":""298"",""median"":""328"",""maximum"":""350"",""median_absolute_deviation"":""8""}","{""count"":""7"",""minimum"":""22"",""median"":""28"",""maximum"":""38"",""median_absolute_deviation"":""2""}","{""count"":""7"",""minimum"":""-315"",""median"":""-300"",""maximum"":""-272"",""median_absolute_deviation"":""8""}",7,0,0,"{""lsf"":{""pair_count"":4,""available_pairs"":4,""unavailable_pairs"":0,""native"":{""count"":""4"",""minimum"":""298"",""median"":""329"",""maximum"":""350"",""median_absolute_deviation"":""13""},""lsf"":{""count"":""4"",""minimum"":""26"",""median"":""30.5"",""maximum"":""38"",""median_absolute_deviation"":""4.5""},""paired_difference"":{""count"":""4"",""minimum"":""-315"",""median"":""-297"",""maximum"":""-272"",""median_absolute_deviation"":""14.5""},""lower"":4,""equal"":0,""higher"":0},""native"":{""pair_count"":3,""available_pairs"":3,""unavailable_pairs"":0,""native"":{""count"":""3"",""minimum"":""318"",""median"":""328"",""maximum"":""336"",""median_absolute_deviation"":""8""},""lsf"":{""count"":""3"",""minimum"":""22"",""median"":""28"",""maximum"":""30"",""median_absolute_deviation"":""2""},""paired_difference"":{""count"":""3"",""minimum"":""-306"",""median"":""-300"",""maximum"":""-296"",""median_absolute_deviation"":""4""},""lower"":3,""equal"":0,""higher"":0}}"
32,ready,after,cgroup.cpu.nr_throttled,count,"[{""pair"":0,""first_arm"":""lsf"",""native_group"":5,""lsf_group"":4,""native"":""77"",""lsf"":""0"",""lsf_minus_native"":""-77"",""percent_of_native"":""-100""},{""pair"":1,""first_arm"":""lsf"",""native_group"":3,""lsf_group"":2,""native"":""72"",""lsf"":""0"",""lsf_minus_native"":""-72"",""percent_of_native"":""-100""},{""pair"":2,""first_arm"":""lsf"",""native_group"":1,""lsf_group"":0,""native"":""81"",""lsf"":""0"",""lsf_minus_native"":""-81"",""percent_of_native"":""-100""},{""pair"":3,""first_arm"":""native"",""native_group"":4,""lsf_group"":5,""native"":""68"",""lsf"":""0"",""lsf_minus_native"":""-68"",""percent_of_native"":""-100""},{""pair"":4,""first_arm"":""native"",""native_group"":2,""lsf_group"":3,""native"":""71"",""lsf"":""0"",""lsf_minus_native"":""-71"",""percent_of_native"":""-100""},{""pair"":5,""first_arm"":""native"",""native_group"":0,""lsf_group"":1,""native"":""71"",""lsf"":""0"",""lsf_minus_native"":""-71"",""percent_of_native"":""-100""},{""pair"":6,""first_arm"":""lsf"",""native_group"":5,""lsf_group"":4,""native"":""72"",""lsf"":""0"",""lsf_minus_native"":""-72"",""percent_of_native"":""-100""}]",7,7,0,"{""count"":""7"",""minimum"":""68"",""median"":""72"",""maximum"":""81"",""median_absolute_deviation"":""1""}","{""count"":""7"",""minimum"":""0"",""median"":""0"",""maximum"":""0"",""median_absolute_deviation"":""0""}","{""count"":""7"",""minimum"":""-81"",""median"":""-72"",""maximum"":""-68"",""median_absolute_deviation"":""1""}",7,0,0,"{""lsf"":{""pair_count"":4,""available_pairs"":4,""unavailable_pairs"":0,""native"":{""count"":""4"",""minimum"":""72"",""median"":""74.5"",""maximum"":""81"",""median_absolute_deviation"":""2.5""},""lsf"":{""count"":""4"",""minimum"":""0"",""median"":""0"",""maximum"":""0"",""median_absolute_deviation"":""0""},""paired_difference"":{""count"":""4"",""minimum"":""-81"",""median"":""-74.5"",""maximum"":""-72"",""median_absolute_deviation"":""2.5""},""lower"":4,""equal"":0,""higher"":0},""native"":{""pair_count"":3,""available_pairs"":3,""unavailable_pairs"":0,""native"":{""count"":""3"",""minimum"":""68"",""median"":""71"",""maximum"":""71"",""median_absolute_deviation"":""0""},""lsf"":{""count"":""3"",""minimum"":""0"",""median"":""0"",""maximum"":""0"",""median_absolute_deviation"":""0""},""paired_difference"":{""count"":""3"",""minimum"":""-71"",""median"":""-71"",""maximum"":""-68"",""median_absolute_deviation"":""0""},""lower"":3,""equal"":0,""higher"":0}}"
32,ready,after,cgroup.cpu.throttled_usec,us,"[{""pair"":0,""first_arm"":""lsf"",""native_group"":5,""lsf_group"":4,""native"":""4743815"",""lsf"":""0"",""lsf_minus_native"":""-4743815"",""percent_of_native"":""-100""},{""pair"":1,""first_arm"":""lsf"",""native_group"":3,""lsf_group"":2,""native"":""3096632"",""lsf"":""0"",""lsf_minus_native"":""-3096632"",""percent_of_native"":""-100""},{""pair"":2,""first_arm"":""lsf"",""native_group"":1,""lsf_group"":0,""native"":""4137721"",""lsf"":""0"",""lsf_minus_native"":""-4137721"",""percent_of_native"":""-100""},{""pair"":3,""first_arm"":""native"",""native_group"":4,""lsf_group"":5,""native"":""3108842"",""lsf"":""0"",""lsf_minus_native"":""-3108842"",""percent_of_native"":""-100""},{""pair"":4,""first_arm"":""native"",""native_group"":2,""lsf_group"":3,""native"":""2954351"",""lsf"":""0"",""lsf_minus_native"":""-2954351"",""percent_of_native"":""-100""},{""pair"":5,""first_arm"":""native"",""native_group"":0,""lsf_group"":1,""native"":""3552128"",""lsf"":""0"",""lsf_minus_native"":""-3552128"",""percent_of_native"":""-100""},{""pair"":6,""first_arm"":""lsf"",""native_group"":5,""lsf_group"":4,""native"":""3217480"",""lsf"":""0"",""lsf_minus_native"":""-3217480"",""percent_of_native"":""-100""}]",7,7,0,"{""count"":""7"",""minimum"":""2954351"",""median"":""3217480"",""maximum"":""4743815"",""median_absolute_deviation"":""263129""}","{""count"":""7"",""minimum"":""0"",""median"":""0"",""maximum"":""0"",""median_absolute_deviation"":""0""}","{""count"":""7"",""minimum"":""-4743815"",""median"":""-3217480"",""maximum"":""-2954351"",""median_absolute_deviation"":""263129""}",7,0,0,"{""lsf"":{""pair_count"":4,""available_pairs"":4,""unavailable_pairs"":0,""native"":{""count"":""4"",""minimum"":""3096632"",""median"":""3677600.5"",""maximum"":""4743815"",""median_absolute_deviation"":""520544.5""},""lsf"":{""count"":""4"",""minimum"":""0"",""median"":""0"",""maximum"":""0"",""median_absolute_deviation"":""0""},""paired_difference"":{""count"":""4"",""minimum"":""-4743815"",""median"":""-3677600.5"",""maximum"":""-3096632"",""median_absolute_deviation"":""520544.5""},""lower"":4,""equal"":0,""higher"":0},""native"":{""pair_count"":3,""available_pairs"":3,""unavailable_pairs"":0,""native"":{""count"":""3"",""minimum"":""2954351"",""median"":""3108842"",""maximum"":""3552128"",""median_absolute_deviation"":""154491""},""lsf"":{""count"":""3"",""minimum"":""0"",""median"":""0"",""maximum"":""0"",""median_absolute_deviation"":""0""},""paired_difference"":{""count"":""3"",""minimum"":""-3552128"",""median"":""-3108842"",""maximum"":""-2954351"",""median_absolute_deviation"":""154491""},""lower"":3,""equal"":0,""higher"":0}}"
32,ready,before,child.rss_bytes,bytes,"[{""pair"":0,""first_arm"":""lsf"",""native_group"":5,""lsf_group"":4,""native"":""146931712"",""lsf"":""13385728"",""lsf_minus_native"":""-133545984"",""percent_of_native"":""-90.889831""},{""pair"":1,""first_arm"":""lsf"",""native_group"":3,""lsf_group"":2,""native"":""147062784"",""lsf"":""13369344"",""lsf_minus_native"":""-133693440"",""percent_of_native"":""-90.909091""},{""pair"":2,""first_arm"":""lsf"",""native_group"":1,""lsf_group"":0,""native"":""147193856"",""lsf"":""13500416"",""lsf_minus_native"":""-133693440"",""percent_of_native"":""-90.828139""},{""pair"":3,""first_arm"":""native"",""native_group"":4,""lsf_group"":5,""native"":""146276352"",""lsf"":""13578240"",""lsf_minus_native"":""-132698112"",""percent_of_native"":""-90.717406""},{""pair"":4,""first_arm"":""native"",""native_group"":2,""lsf_group"":3,""native"":""146407424"",""lsf"":""13377536"",""lsf_minus_native"":""-133029888"",""percent_of_native"":""-90.862802""},{""pair"":5,""first_arm"":""native"",""native_group"":0,""lsf_group"":1,""native"":""146931712"",""lsf"":""13369344"",""lsf_minus_native"":""-133562368"",""percent_of_native"":""-90.900981""},{""pair"":6,""first_arm"":""lsf"",""native_group"":5,""lsf_group"":4,""native"":""146800640"",""lsf"":""13471744"",""lsf_minus_native"":""-133328896"",""percent_of_native"":""-90.823103""}]",7,7,0,"{""count"":""7"",""minimum"":""146276352"",""median"":""146931712"",""maximum"":""147193856"",""median_absolute_deviation"":""131072""}","{""count"":""7"",""minimum"":""13369344"",""median"":""13385728"",""maximum"":""13578240"",""median_absolute_deviation"":""16384""}","{""count"":""7"",""minimum"":""-133693440"",""median"":""-133545984"",""maximum"":""-132698112"",""median_absolute_deviation"":""147456""}",7,0,0,"{""lsf"":{""pair_count"":4,""available_pairs"":4,""unavailable_pairs"":0,""native"":{""count"":""4"",""minimum"":""146800640"",""median"":""146997248"",""maximum"":""147193856"",""median_absolute_deviation"":""131072""},""lsf"":{""count"":""4"",""minimum"":""13369344"",""median"":""13428736"",""maximum"":""13500416"",""median_absolute_deviation"":""51200""},""paired_difference"":{""count"":""4"",""minimum"":""-133693440"",""median"":""-133619712"",""maximum"":""-133328896"",""median_absolute_deviation"":""73728""},""lower"":4,""equal"":0,""higher"":0},""native"":{""pair_count"":3,""available_pairs"":3,""unavailable_pairs"":0,""native"":{""count"":""3"",""minimum"":""146276352"",""median"":""146407424"",""maximum"":""146931712"",""median_absolute_deviation"":""131072""},""lsf"":{""count"":""3"",""minimum"":""13369344"",""median"":""13377536"",""maximum"":""13578240"",""median_absolute_deviation"":""8192""},""paired_difference"":{""count"":""3"",""minimum"":""-133562368"",""median"":""-133029888"",""maximum"":""-132698112"",""median_absolute_deviation"":""331776""},""lower"":3,""equal"":0,""higher"":0}}"
32,ready,before,child.threads,count,"[{""pair"":0,""first_arm"":""lsf"",""native_group"":5,""lsf_group"":4,""native"":""96"",""lsf"":""7"",""lsf_minus_native"":""-89"",""percent_of_native"":""-92.708333""},{""pair"":1,""first_arm"":""lsf"",""native_group"":3,""lsf_group"":2,""native"":""96"",""lsf"":""7"",""lsf_minus_native"":""-89"",""percent_of_native"":""-92.708333""},{""pair"":2,""first_arm"":""lsf"",""native_group"":1,""lsf_group"":0,""native"":""96"",""lsf"":""7"",""lsf_minus_native"":""-89"",""percent_of_native"":""-92.708333""},{""pair"":3,""first_arm"":""native"",""native_group"":4,""lsf_group"":5,""native"":""96"",""lsf"":""7"",""lsf_minus_native"":""-89"",""percent_of_native"":""-92.708333""},{""pair"":4,""first_arm"":""native"",""native_group"":2,""lsf_group"":3,""native"":""96"",""lsf"":""7"",""lsf_minus_native"":""-89"",""percent_of_native"":""-92.708333""},{""pair"":5,""first_arm"":""native"",""native_group"":0,""lsf_group"":1,""native"":""96"",""lsf"":""7"",""lsf_minus_native"":""-89"",""percent_of_native"":""-92.708333""},{""pair"":6,""first_arm"":""lsf"",""native_group"":5,""lsf_group"":4,""native"":""96"",""lsf"":""7"",""lsf_minus_native"":""-89"",""percent_of_native"":""-92.708333""}]",7,7,0,"{""count"":""7"",""minimum"":""96"",""median"":""96"",""maximum"":""96"",""median_absolute_deviation"":""0""}","{""count"":""7"",""minimum"":""7"",""median"":""7"",""maximum"":""7"",""median_absolute_deviation"":""0""}","{""count"":""7"",""minimum"":""-89"",""median"":""-89"",""maximum"":""-89"",""median_absolute_deviation"":""0""}",7,0,0,"{""lsf"":{""pair_count"":4,""available_pairs"":4,""unavailable_pairs"":0,""native"":{""count"":""4"",""minimum"":""96"",""median"":""96"",""maximum"":""96"",""median_absolute_deviation"":""0""},""lsf"":{""count"":""4"",""minimum"":""7"",""median"":""7"",""maximum"":""7"",""median_absolute_deviation"":""0""},""paired_difference"":{""count"":""4"",""minimum"":""-89"",""median"":""-89"",""maximum"":""-89"",""median_absolute_deviation"":""0""},""lower"":4,""equal"":0,""higher"":0},""native"":{""pair_count"":3,""available_pairs"":3,""unavailable_pairs"":0,""native"":{""count"":""3"",""minimum"":""96"",""median"":""96"",""maximum"":""96"",""median_absolute_deviation"":""0""},""lsf"":{""count"":""3"",""minimum"":""7"",""median"":""7"",""maximum"":""7"",""median_absolute_deviation"":""0""},""paired_difference"":{""count"":""3"",""minimum"":""-89"",""median"":""-89"",""maximum"":""-89"",""median_absolute_deviation"":""0""},""lower"":3,""equal"":0,""higher"":0}}"
32,ready,before,child.fd_count,count,"[{""pair"":0,""first_arm"":""lsf"",""native_group"":5,""lsf_group"":4,""native"":""352"",""lsf"":""48"",""lsf_minus_native"":""-304"",""percent_of_native"":""-86.363636""},{""pair"":1,""first_arm"":""lsf"",""native_group"":3,""lsf_group"":2,""native"":""352"",""lsf"":""48"",""lsf_minus_native"":""-304"",""percent_of_native"":""-86.363636""},{""pair"":2,""first_arm"":""lsf"",""native_group"":1,""lsf_group"":0,""native"":""352"",""lsf"":""48"",""lsf_minus_native"":""-304"",""percent_of_native"":""-86.363636""},{""pair"":3,""first_arm"":""native"",""native_group"":4,""lsf_group"":5,""native"":""352"",""lsf"":""48"",""lsf_minus_native"":""-304"",""percent_of_native"":""-86.363636""},{""pair"":4,""first_arm"":""native"",""native_group"":2,""lsf_group"":3,""native"":""352"",""lsf"":""48"",""lsf_minus_native"":""-304"",""percent_of_native"":""-86.363636""},{""pair"":5,""first_arm"":""native"",""native_group"":0,""lsf_group"":1,""native"":""352"",""lsf"":""48"",""lsf_minus_native"":""-304"",""percent_of_native"":""-86.363636""},{""pair"":6,""first_arm"":""lsf"",""native_group"":5,""lsf_group"":4,""native"":""352"",""lsf"":""48"",""lsf_minus_native"":""-304"",""percent_of_native"":""-86.363636""}]",7,7,0,"{""count"":""7"",""minimum"":""352"",""median"":""352"",""maximum"":""352"",""median_absolute_deviation"":""0""}","{""count"":""7"",""minimum"":""48"",""median"":""48"",""maximum"":""48"",""median_absolute_deviation"":""0""}","{""count"":""7"",""minimum"":""-304"",""median"":""-304"",""maximum"":""-304"",""median_absolute_deviation"":""0""}",7,0,0,"{""lsf"":{""pair_count"":4,""available_pairs"":4,""unavailable_pairs"":0,""native"":{""count"":""4"",""minimum"":""352"",""median"":""352"",""maximum"":""352"",""median_absolute_deviation"":""0""},""lsf"":{""count"":""4"",""minimum"":""48"",""median"":""48"",""maximum"":""48"",""median_absolute_deviation"":""0""},""paired_difference"":{""count"":""4"",""minimum"":""-304"",""median"":""-304"",""maximum"":""-304"",""median_absolute_deviation"":""0""},""lower"":4,""equal"":0,""higher"":0},""native"":{""pair_count"":3,""available_pairs"":3,""unavailable_pairs"":0,""native"":{""count"":""3"",""minimum"":""352"",""median"":""352"",""maximum"":""352"",""median_absolute_deviation"":""0""},""lsf"":{""count"":""3"",""minimum"":""48"",""median"":""48"",""maximum"":""48"",""median_absolute_deviation"":""0""},""paired_difference"":{""count"":""3"",""minimum"":""-304"",""median"":""-304"",""maximum"":""-304"",""median_absolute_deviation"":""0""},""lower"":3,""equal"":0,""higher"":0}}"
32,ready,before,child.listener_count,count,"[{""pair"":0,""first_arm"":""lsf"",""native_group"":5,""lsf_group"":4,""native"":""32"",""lsf"":""1"",""lsf_minus_native"":""-31"",""percent_of_native"":""-96.875""},{""pair"":1,""first_arm"":""lsf"",""native_group"":3,""lsf_group"":2,""native"":""32"",""lsf"":""1"",""lsf_minus_native"":""-31"",""percent_of_native"":""-96.875""},{""pair"":2,""first_arm"":""lsf"",""native_group"":1,""lsf_group"":0,""native"":""32"",""lsf"":""1"",""lsf_minus_native"":""-31"",""percent_of_native"":""-96.875""},{""pair"":3,""first_arm"":""native"",""native_group"":4,""lsf_group"":5,""native"":""32"",""lsf"":""1"",""lsf_minus_native"":""-31"",""percent_of_native"":""-96.875""},{""pair"":4,""first_arm"":""native"",""native_group"":2,""lsf_group"":3,""native"":""32"",""lsf"":""1"",""lsf_minus_native"":""-31"",""percent_of_native"":""-96.875""},{""pair"":5,""first_arm"":""native"",""native_group"":0,""lsf_group"":1,""native"":""32"",""lsf"":""1"",""lsf_minus_native"":""-31"",""percent_of_native"":""-96.875""},{""pair"":6,""first_arm"":""lsf"",""native_group"":5,""lsf_group"":4,""native"":""32"",""lsf"":""1"",""lsf_minus_native"":""-31"",""percent_of_native"":""-96.875""}]",7,7,0,"{""count"":""7"",""minimum"":""32"",""median"":""32"",""maximum"":""32"",""median_absolute_deviation"":""0""}","{""count"":""7"",""minimum"":""1"",""median"":""1"",""maximum"":""1"",""median_absolute_deviation"":""0""}","{""count"":""7"",""minimum"":""-31"",""median"":""-31"",""maximum"":""-31"",""median_absolute_deviation"":""0""}",7,0,0,"{""lsf"":{""pair_count"":4,""available_pairs"":4,""unavailable_pairs"":0,""native"":{""count"":""4"",""minimum"":""32"",""median"":""32"",""maximum"":""32"",""median_absolute_deviation"":""0""},""lsf"":{""count"":""4"",""minimum"":""1"",""median"":""1"",""maximum"":""1"",""median_absolute_deviation"":""0""},""paired_difference"":{""count"":""4"",""minimum"":""-31"",""median"":""-31"",""maximum"":""-31"",""median_absolute_deviation"":""0""},""lower"":4,""equal"":0,""higher"":0},""native"":{""pair_count"":3,""available_pairs"":3,""unavailable_pairs"":0,""native"":{""count"":""3"",""minimum"":""32"",""median"":""32"",""maximum"":""32"",""median_absolute_deviation"":""0""},""lsf"":{""count"":""3"",""minimum"":""1"",""median"":""1"",""maximum"":""1"",""median_absolute_deviation"":""0""},""paired_difference"":{""count"":""3"",""minimum"":""-31"",""median"":""-31"",""maximum"":""-31"",""median_absolute_deviation"":""0""},""lower"":3,""equal"":0,""higher"":0}}"
32,ready,before,wrapper.rss_bytes,bytes,"[{""pair"":0,""first_arm"":""lsf"",""native_group"":5,""lsf_group"":4,""native"":""117964800"",""lsf"":""4194304"",""lsf_minus_native"":""-113770496"",""percent_of_native"":""-96.444444""},{""pair"":1,""first_arm"":""lsf"",""native_group"":3,""lsf_group"":2,""native"":""117833728"",""lsf"":""4325376"",""lsf_minus_native"":""-113508352"",""percent_of_native"":""-96.329255""},{""pair"":2,""first_arm"":""lsf"",""native_group"":1,""lsf_group"":0,""native"":""116785152"",""lsf"":""4194304"",""lsf_minus_native"":""-112590848"",""percent_of_native"":""-96.40853""},{""pair"":3,""first_arm"":""native"",""native_group"":4,""lsf_group"":5,""native"":""116523008"",""lsf"":""4325376"",""lsf_minus_native"":""-112197632"",""percent_of_native"":""-96.287964""},{""pair"":4,""first_arm"":""native"",""native_group"":2,""lsf_group"":3,""native"":""118095872"",""lsf"":""4063232"",""lsf_minus_native"":""-114032640"",""percent_of_native"":""-96.559378""},{""pair"":5,""first_arm"":""native"",""native_group"":0,""lsf_group"":1,""native"":""117309440"",""lsf"":""4456448"",""lsf_minus_native"":""-112852992"",""percent_of_native"":""-96.201117""},{""pair"":6,""first_arm"":""lsf"",""native_group"":5,""lsf_group"":4,""native"":""118226944"",""lsf"":""4063232"",""lsf_minus_native"":""-114163712"",""percent_of_native"":""-96.563193""}]",7,7,0,"{""count"":""7"",""minimum"":""116523008"",""median"":""117833728"",""maximum"":""118226944"",""median_absolute_deviation"":""393216""}","{""count"":""7"",""minimum"":""4063232"",""median"":""4194304"",""maximum"":""4456448"",""median_absolute_deviation"":""131072""}","{""count"":""7"",""minimum"":""-114163712"",""median"":""-113508352"",""maximum"":""-112197632"",""median_absolute_deviation"":""655360""}",7,0,0,"{""lsf"":{""pair_count"":4,""available_pairs"":4,""unavailable_pairs"":0,""native"":{""count"":""4"",""minimum"":""116785152"",""median"":""117899264"",""maximum"":""118226944"",""median_absolute_deviation"":""196608""},""lsf"":{""count"":""4"",""minimum"":""4063232"",""median"":""4194304"",""maximum"":""4325376"",""median_absolute_deviation"":""65536""},""paired_difference"":{""count"":""4"",""minimum"":""-114163712"",""median"":""-113639424"",""maximum"":""-112590848"",""median_absolute_deviation"":""327680""},""lower"":4,""equal"":0,""higher"":0},""native"":{""pair_count"":3,""available_pairs"":3,""unavailable_pairs"":0,""native"":{""count"":""3"",""minimum"":""116523008"",""median"":""117309440"",""maximum"":""118095872"",""median_absolute_deviation"":""786432""},""lsf"":{""count"":""3"",""minimum"":""4063232"",""median"":""4325376"",""maximum"":""4456448"",""median_absolute_deviation"":""131072""},""paired_difference"":{""count"":""3"",""minimum"":""-114032640"",""median"":""-112852992"",""maximum"":""-112197632"",""median_absolute_deviation"":""655360""},""lower"":3,""equal"":0,""higher"":0}}"
32,ready,before,wrapper.threads,count,"[{""pair"":0,""first_arm"":""lsf"",""native_group"":5,""lsf_group"":4,""native"":""96"",""lsf"":""3"",""lsf_minus_native"":""-93"",""percent_of_native"":""-96.875""},{""pair"":1,""first_arm"":""lsf"",""native_group"":3,""lsf_group"":2,""native"":""96"",""lsf"":""3"",""lsf_minus_native"":""-93"",""percent_of_native"":""-96.875""},{""pair"":2,""first_arm"":""lsf"",""native_group"":1,""lsf_group"":0,""native"":""96"",""lsf"":""3"",""lsf_minus_native"":""-93"",""percent_of_native"":""-96.875""},{""pair"":3,""first_arm"":""native"",""native_group"":4,""lsf_group"":5,""native"":""96"",""lsf"":""3"",""lsf_minus_native"":""-93"",""percent_of_native"":""-96.875""},{""pair"":4,""first_arm"":""native"",""native_group"":2,""lsf_group"":3,""native"":""96"",""lsf"":""3"",""lsf_minus_native"":""-93"",""percent_of_native"":""-96.875""},{""pair"":5,""first_arm"":""native"",""native_group"":0,""lsf_group"":1,""native"":""96"",""lsf"":""3"",""lsf_minus_native"":""-93"",""percent_of_native"":""-96.875""},{""pair"":6,""first_arm"":""lsf"",""native_group"":5,""lsf_group"":4,""native"":""96"",""lsf"":""3"",""lsf_minus_native"":""-93"",""percent_of_native"":""-96.875""}]",7,7,0,"{""count"":""7"",""minimum"":""96"",""median"":""96"",""maximum"":""96"",""median_absolute_deviation"":""0""}","{""count"":""7"",""minimum"":""3"",""median"":""3"",""maximum"":""3"",""median_absolute_deviation"":""0""}","{""count"":""7"",""minimum"":""-93"",""median"":""-93"",""maximum"":""-93"",""median_absolute_deviation"":""0""}",7,0,0,"{""lsf"":{""pair_count"":4,""available_pairs"":4,""unavailable_pairs"":0,""native"":{""count"":""4"",""minimum"":""96"",""median"":""96"",""maximum"":""96"",""median_absolute_deviation"":""0""},""lsf"":{""count"":""4"",""minimum"":""3"",""median"":""3"",""maximum"":""3"",""median_absolute_deviation"":""0""},""paired_difference"":{""count"":""4"",""minimum"":""-93"",""median"":""-93"",""maximum"":""-93"",""median_absolute_deviation"":""0""},""lower"":4,""equal"":0,""higher"":0},""native"":{""pair_count"":3,""available_pairs"":3,""unavailable_pairs"":0,""native"":{""count"":""3"",""minimum"":""96"",""median"":""96"",""maximum"":""96"",""median_absolute_deviation"":""0""},""lsf"":{""count"":""3"",""minimum"":""3"",""median"":""3"",""maximum"":""3"",""median_absolute_deviation"":""0""},""paired_difference"":{""count"":""3"",""minimum"":""-93"",""median"":""-93"",""maximum"":""-93"",""median_absolute_deviation"":""0""},""lower"":3,""equal"":0,""higher"":0}}"
32,ready,before,wrapper.fd_count,count,"[{""pair"":0,""first_arm"":""lsf"",""native_group"":5,""lsf_group"":4,""native"":""608"",""lsf"":""81"",""lsf_minus_native"":""-527"",""percent_of_native"":""-86.677632""},{""pair"":1,""first_arm"":""lsf"",""native_group"":3,""lsf_group"":2,""native"":""608"",""lsf"":""81"",""lsf_minus_native"":""-527"",""percent_of_native"":""-86.677632""},{""pair"":2,""first_arm"":""lsf"",""native_group"":1,""lsf_group"":0,""native"":""608"",""lsf"":""81"",""lsf_minus_native"":""-527"",""percent_of_native"":""-86.677632""},{""pair"":3,""first_arm"":""native"",""native_group"":4,""lsf_group"":5,""native"":""608"",""lsf"":""81"",""lsf_minus_native"":""-527"",""percent_of_native"":""-86.677632""},{""pair"":4,""first_arm"":""native"",""native_group"":2,""lsf_group"":3,""native"":""608"",""lsf"":""81"",""lsf_minus_native"":""-527"",""percent_of_native"":""-86.677632""},{""pair"":5,""first_arm"":""native"",""native_group"":0,""lsf_group"":1,""native"":""608"",""lsf"":""81"",""lsf_minus_native"":""-527"",""percent_of_native"":""-86.677632""},{""pair"":6,""first_arm"":""lsf"",""native_group"":5,""lsf_group"":4,""native"":""608"",""lsf"":""81"",""lsf_minus_native"":""-527"",""percent_of_native"":""-86.677632""}]",7,7,0,"{""count"":""7"",""minimum"":""608"",""median"":""608"",""maximum"":""608"",""median_absolute_deviation"":""0""}","{""count"":""7"",""minimum"":""81"",""median"":""81"",""maximum"":""81"",""median_absolute_deviation"":""0""}","{""count"":""7"",""minimum"":""-527"",""median"":""-527"",""maximum"":""-527"",""median_absolute_deviation"":""0""}",7,0,0,"{""lsf"":{""pair_count"":4,""available_pairs"":4,""unavailable_pairs"":0,""native"":{""count"":""4"",""minimum"":""608"",""median"":""608"",""maximum"":""608"",""median_absolute_deviation"":""0""},""lsf"":{""count"":""4"",""minimum"":""81"",""median"":""81"",""maximum"":""81"",""median_absolute_deviation"":""0""},""paired_difference"":{""count"":""4"",""minimum"":""-527"",""median"":""-527"",""maximum"":""-527"",""median_absolute_deviation"":""0""},""lower"":4,""equal"":0,""higher"":0},""native"":{""pair_count"":3,""available_pairs"":3,""unavailable_pairs"":0,""native"":{""count"":""3"",""minimum"":""608"",""median"":""608"",""maximum"":""608"",""median_absolute_deviation"":""0""},""lsf"":{""count"":""3"",""minimum"":""81"",""median"":""81"",""maximum"":""81"",""median_absolute_deviation"":""0""},""paired_difference"":{""count"":""3"",""minimum"":""-527"",""median"":""-527"",""maximum"":""-527"",""median_absolute_deviation"":""0""},""lower"":3,""equal"":0,""higher"":0}}"
32,ready,before,wrapper.listener_count,count,"[{""pair"":0,""first_arm"":""lsf"",""native_group"":5,""lsf_group"":4,""native"":""32"",""lsf"":""1"",""lsf_minus_native"":""-31"",""percent_of_native"":""-96.875""},{""pair"":1,""first_arm"":""lsf"",""native_group"":3,""lsf_group"":2,""native"":""32"",""lsf"":""1"",""lsf_minus_native"":""-31"",""percent_of_native"":""-96.875""},{""pair"":2,""first_arm"":""lsf"",""native_group"":1,""lsf_group"":0,""native"":""32"",""lsf"":""1"",""lsf_minus_native"":""-31"",""percent_of_native"":""-96.875""},{""pair"":3,""first_arm"":""native"",""native_group"":4,""lsf_group"":5,""native"":""32"",""lsf"":""1"",""lsf_minus_native"":""-31"",""percent_of_native"":""-96.875""},{""pair"":4,""first_arm"":""native"",""native_group"":2,""lsf_group"":3,""native"":""32"",""lsf"":""1"",""lsf_minus_native"":""-31"",""percent_of_native"":""-96.875""},{""pair"":5,""first_arm"":""native"",""native_group"":0,""lsf_group"":1,""native"":""32"",""lsf"":""1"",""lsf_minus_native"":""-31"",""percent_of_native"":""-96.875""},{""pair"":6,""first_arm"":""lsf"",""native_group"":5,""lsf_group"":4,""native"":""32"",""lsf"":""1"",""lsf_minus_native"":""-31"",""percent_of_native"":""-96.875""}]",7,7,0,"{""count"":""7"",""minimum"":""32"",""median"":""32"",""maximum"":""32"",""median_absolute_deviation"":""0""}","{""count"":""7"",""minimum"":""1"",""median"":""1"",""maximum"":""1"",""median_absolute_deviation"":""0""}","{""count"":""7"",""minimum"":""-31"",""median"":""-31"",""maximum"":""-31"",""median_absolute_deviation"":""0""}",7,0,0,"{""lsf"":{""pair_count"":4,""available_pairs"":4,""unavailable_pairs"":0,""native"":{""count"":""4"",""minimum"":""32"",""median"":""32"",""maximum"":""32"",""median_absolute_deviation"":""0""},""lsf"":{""count"":""4"",""minimum"":""1"",""median"":""1"",""maximum"":""1"",""median_absolute_deviation"":""0""},""paired_difference"":{""count"":""4"",""minimum"":""-31"",""median"":""-31"",""maximum"":""-31"",""median_absolute_deviation"":""0""},""lower"":4,""equal"":0,""higher"":0},""native"":{""pair_count"":3,""available_pairs"":3,""unavailable_pairs"":0,""native"":{""count"":""3"",""minimum"":""32"",""median"":""32"",""maximum"":""32"",""median_absolute_deviation"":""0""},""lsf"":{""count"":""3"",""minimum"":""1"",""median"":""1"",""maximum"":""1"",""median_absolute_deviation"":""0""},""paired_difference"":{""count"":""3"",""minimum"":""-31"",""median"":""-31"",""maximum"":""-31"",""median_absolute_deviation"":""0""},""lower"":3,""equal"":0,""higher"":0}}"
32,ready,before,cgroup.memory_current_bytes,bytes,"[{""pair"":0,""first_arm"":""lsf"",""native_group"":5,""lsf_group"":4,""native"":""51478528"",""lsf"":""4890624"",""lsf_minus_native"":""-46587904"",""percent_of_native"":""-90.499682""},{""pair"":1,""first_arm"":""lsf"",""native_group"":3,""lsf_group"":2,""native"":""50995200"",""lsf"":""4919296"",""lsf_minus_native"":""-46075904"",""percent_of_native"":""-90.353414""},{""pair"":2,""first_arm"":""lsf"",""native_group"":1,""lsf_group"":0,""native"":""50933760"",""lsf"":""4935680"",""lsf_minus_native"":""-45998080"",""percent_of_native"":""-90.30961""},{""pair"":3,""first_arm"":""native"",""native_group"":4,""lsf_group"":5,""native"":""51208192"",""lsf"":""4907008"",""lsf_minus_native"":""-46301184"",""percent_of_native"":""-90.417533""},{""pair"":4,""first_arm"":""native"",""native_group"":2,""lsf_group"":3,""native"":""51068928"",""lsf"":""4947968"",""lsf_minus_native"":""-46120960"",""percent_of_native"":""-90.311197""},{""pair"":5,""first_arm"":""native"",""native_group"":0,""lsf_group"":1,""native"":""51126272"",""lsf"":""4931584"",""lsf_minus_native"":""-46194688"",""percent_of_native"":""-90.35411""},{""pair"":6,""first_arm"":""lsf"",""native_group"":5,""lsf_group"":4,""native"":""51671040"",""lsf"":""4927488"",""lsf_minus_native"":""-46743552"",""percent_of_native"":""-90.463734""}]",7,7,0,"{""count"":""7"",""minimum"":""50933760"",""median"":""51126272"",""maximum"":""51671040"",""median_absolute_deviation"":""131072""}","{""count"":""7"",""minimum"":""4890624"",""median"":""4927488"",""maximum"":""4947968"",""median_absolute_deviation"":""8192""}","{""count"":""7"",""minimum"":""-46743552"",""median"":""-46194688"",""maximum"":""-45998080"",""median_absolute_deviation"":""118784""}",7,0,0,"{""lsf"":{""pair_count"":4,""available_pairs"":4,""unavailable_pairs"":0,""native"":{""count"":""4"",""minimum"":""50933760"",""median"":""51236864"",""maximum"":""51671040"",""median_absolute_deviation"":""272384""},""lsf"":{""count"":""4"",""minimum"":""4890624"",""median"":""4923392"",""maximum"":""4935680"",""median_absolute_deviation"":""8192""},""paired_difference"":{""count"":""4"",""minimum"":""-46743552"",""median"":""-46331904"",""maximum"":""-45998080"",""median_absolute_deviation"":""294912""},""lower"":4,""equal"":0,""higher"":0},""native"":{""pair_count"":3,""available_pairs"":3,""unavailable_pairs"":0,""native"":{""count"":""3"",""minimum"":""51068928"",""median"":""51126272"",""maximum"":""51208192"",""median_absolute_deviation"":""57344""},""lsf"":{""count"":""3"",""minimum"":""4907008"",""median"":""4931584"",""maximum"":""4947968"",""median_absolute_deviation"":""16384""},""paired_difference"":{""count"":""3"",""minimum"":""-46301184"",""median"":""-46194688"",""maximum"":""-46120960"",""median_absolute_deviation"":""73728""},""lower"":3,""equal"":0,""higher"":0}}"
32,ready,before,cgroup.sum_leaf_lifetime_memory_peak_bytes,bytes,"[{""pair"":0,""first_arm"":""lsf"",""native_group"":5,""lsf_group"":4,""native"":""186527744"",""lsf"":""8056832"",""lsf_minus_native"":""-178470912"",""percent_of_native"":""-95.680625""},{""pair"":1,""first_arm"":""lsf"",""native_group"":3,""lsf_group"":2,""native"":""186793984"",""lsf"":""8564736"",""lsf_minus_native"":""-178229248"",""percent_of_native"":""-95.414876""},{""pair"":2,""first_arm"":""lsf"",""native_group"":1,""lsf_group"":0,""native"":""189222912"",""lsf"":""7569408"",""lsf_minus_native"":""-181653504"",""percent_of_native"":""-95.99974""},{""pair"":3,""first_arm"":""native"",""native_group"":4,""lsf_group"":5,""native"":""187052032"",""lsf"":""8167424"",""lsf_minus_native"":""-178884608"",""percent_of_native"":""-95.633609""},{""pair"":4,""first_arm"":""native"",""native_group"":2,""lsf_group"":3,""native"":""185954304"",""lsf"":""8355840"",""lsf_minus_native"":""-177598464"",""percent_of_native"":""-95.506509""},{""pair"":5,""first_arm"":""native"",""native_group"":0,""lsf_group"":1,""native"":""192487424"",""lsf"":""8192000"",""lsf_minus_native"":""-184295424"",""percent_of_native"":""-95.744138""},{""pair"":6,""first_arm"":""lsf"",""native_group"":5,""lsf_group"":4,""native"":""185868288"",""lsf"":""8441856"",""lsf_minus_native"":""-177426432"",""percent_of_native"":""-95.458152""}]",7,7,0,"{""count"":""7"",""minimum"":""185868288"",""median"":""186793984"",""maximum"":""192487424"",""median_absolute_deviation"":""839680""}","{""count"":""7"",""minimum"":""7569408"",""median"":""8192000"",""maximum"":""8564736"",""median_absolute_deviation"":""163840""}","{""count"":""7"",""minimum"":""-184295424"",""median"":""-178470912"",""maximum"":""-177426432"",""median_absolute_deviation"":""872448""}",7,0,0,"{""lsf"":{""pair_count"":4,""available_pairs"":4,""unavailable_pairs"":0,""native"":{""count"":""4"",""minimum"":""185868288"",""median"":""186660864"",""maximum"":""189222912"",""median_absolute_deviation"":""462848""},""lsf"":{""count"":""4"",""minimum"":""7569408"",""median"":""8249344"",""maximum"":""8564736"",""median_absolute_deviation"":""253952""},""paired_difference"":{""count"":""4"",""minimum"":""-181653504"",""median"":""-178350080"",""maximum"":""-177426432"",""median_absolute_deviation"":""522240""},""lower"":4,""equal"":0,""higher"":0},""native"":{""pair_count"":3,""available_pairs"":3,""unavailable_pairs"":0,""native"":{""count"":""3"",""minimum"":""185954304"",""median"":""187052032"",""maximum"":""192487424"",""median_absolute_deviation"":""1097728""},""lsf"":{""count"":""3"",""minimum"":""8167424"",""median"":""8192000"",""maximum"":""8355840"",""median_absolute_deviation"":""24576""},""paired_difference"":{""count"":""3"",""minimum"":""-184295424"",""median"":""-178884608"",""maximum"":""-177598464"",""median_absolute_deviation"":""1286144""},""lower"":3,""equal"":0,""higher"":0}}"
32,ready,before,cgroup.memory_swap_current_bytes,bytes,"[{""pair"":0,""first_arm"":""lsf"",""native_group"":5,""lsf_group"":4,""native"":""0"",""lsf"":""0"",""lsf_minus_native"":""0"",""percent_of_native"":null},{""pair"":1,""first_arm"":""lsf"",""native_group"":3,""lsf_group"":2,""native"":""0"",""lsf"":""0"",""lsf_minus_native"":""0"",""percent_of_native"":null},{""pair"":2,""first_arm"":""lsf"",""native_group"":1,""lsf_group"":0,""native"":""0"",""lsf"":""0"",""lsf_minus_native"":""0"",""percent_of_native"":null},{""pair"":3,""first_arm"":""native"",""native_group"":4,""lsf_group"":5,""native"":""0"",""lsf"":""0"",""lsf_minus_native"":""0"",""percent_of_native"":null},{""pair"":4,""first_arm"":""native"",""native_group"":2,""lsf_group"":3,""native"":""0"",""lsf"":""0"",""lsf_minus_native"":""0"",""percent_of_native"":null},{""pair"":5,""first_arm"":""native"",""native_group"":0,""lsf_group"":1,""native"":""0"",""lsf"":""0"",""lsf_minus_native"":""0"",""percent_of_native"":null},{""pair"":6,""first_arm"":""lsf"",""native_group"":5,""lsf_group"":4,""native"":""0"",""lsf"":""0"",""lsf_minus_native"":""0"",""percent_of_native"":null}]",7,7,0,"{""count"":""7"",""minimum"":""0"",""median"":""0"",""maximum"":""0"",""median_absolute_deviation"":""0""}","{""count"":""7"",""minimum"":""0"",""median"":""0"",""maximum"":""0"",""median_absolute_deviation"":""0""}","{""count"":""7"",""minimum"":""0"",""median"":""0"",""maximum"":""0"",""median_absolute_deviation"":""0""}",0,7,0,"{""lsf"":{""pair_count"":4,""available_pairs"":4,""unavailable_pairs"":0,""native"":{""count"":""4"",""minimum"":""0"",""median"":""0"",""maximum"":""0"",""median_absolute_deviation"":""0""},""lsf"":{""count"":""4"",""minimum"":""0"",""median"":""0"",""maximum"":""0"",""median_absolute_deviation"":""0""},""paired_difference"":{""count"":""4"",""minimum"":""0"",""median"":""0"",""maximum"":""0"",""median_absolute_deviation"":""0""},""lower"":0,""equal"":4,""higher"":0},""native"":{""pair_count"":3,""available_pairs"":3,""unavailable_pairs"":0,""native"":{""count"":""3"",""minimum"":""0"",""median"":""0"",""maximum"":""0"",""median_absolute_deviation"":""0""},""lsf"":{""count"":""3"",""minimum"":""0"",""median"":""0"",""maximum"":""0"",""median_absolute_deviation"":""0""},""paired_difference"":{""count"":""3"",""minimum"":""0"",""median"":""0"",""maximum"":""0"",""median_absolute_deviation"":""0""},""lower"":0,""equal"":3,""higher"":0}}"
32,ready,before,cgroup.pids_current,count,"[{""pair"":0,""first_arm"":""lsf"",""native_group"":5,""lsf_group"":4,""native"":""192"",""lsf"":""10"",""lsf_minus_native"":""-182"",""percent_of_native"":""-94.791667""},{""pair"":1,""first_arm"":""lsf"",""native_group"":3,""lsf_group"":2,""native"":""192"",""lsf"":""10"",""lsf_minus_native"":""-182"",""percent_of_native"":""-94.791667""},{""pair"":2,""first_arm"":""lsf"",""native_group"":1,""lsf_group"":0,""native"":""192"",""lsf"":""10"",""lsf_minus_native"":""-182"",""percent_of_native"":""-94.791667""},{""pair"":3,""first_arm"":""native"",""native_group"":4,""lsf_group"":5,""native"":""192"",""lsf"":""10"",""lsf_minus_native"":""-182"",""percent_of_native"":""-94.791667""},{""pair"":4,""first_arm"":""native"",""native_group"":2,""lsf_group"":3,""native"":""192"",""lsf"":""10"",""lsf_minus_native"":""-182"",""percent_of_native"":""-94.791667""},{""pair"":5,""first_arm"":""native"",""native_group"":0,""lsf_group"":1,""native"":""192"",""lsf"":""10"",""lsf_minus_native"":""-182"",""percent_of_native"":""-94.791667""},{""pair"":6,""first_arm"":""lsf"",""native_group"":5,""lsf_group"":4,""native"":""192"",""lsf"":""10"",""lsf_minus_native"":""-182"",""percent_of_native"":""-94.791667""}]",7,7,0,"{""count"":""7"",""minimum"":""192"",""median"":""192"",""maximum"":""192"",""median_absolute_deviation"":""0""}","{""count"":""7"",""minimum"":""10"",""median"":""10"",""maximum"":""10"",""median_absolute_deviation"":""0""}","{""count"":""7"",""minimum"":""-182"",""median"":""-182"",""maximum"":""-182"",""median_absolute_deviation"":""0""}",7,0,0,"{""lsf"":{""pair_count"":4,""available_pairs"":4,""unavailable_pairs"":0,""native"":{""count"":""4"",""minimum"":""192"",""median"":""192"",""maximum"":""192"",""median_absolute_deviation"":""0""},""lsf"":{""count"":""4"",""minimum"":""10"",""median"":""10"",""maximum"":""10"",""median_absolute_deviation"":""0""},""paired_difference"":{""count"":""4"",""minimum"":""-182"",""median"":""-182"",""maximum"":""-182"",""median_absolute_deviation"":""0""},""lower"":4,""equal"":0,""higher"":0},""native"":{""pair_count"":3,""available_pairs"":3,""unavailable_pairs"":0,""native"":{""count"":""3"",""minimum"":""192"",""median"":""192"",""maximum"":""192"",""median_absolute_deviation"":""0""},""lsf"":{""count"":""3"",""minimum"":""10"",""median"":""10"",""maximum"":""10"",""median_absolute_deviation"":""0""},""paired_difference"":{""count"":""3"",""minimum"":""-182"",""median"":""-182"",""maximum"":""-182"",""median_absolute_deviation"":""0""},""lower"":3,""equal"":0,""higher"":0}}"
32,ready,before,cgroup.cpu.usage_usec,us,"[{""pair"":0,""first_arm"":""lsf"",""native_group"":5,""lsf_group"":4,""native"":""2134490"",""lsf"":""136971"",""lsf_minus_native"":""-1997519"",""percent_of_native"":""-93.582964""},{""pair"":1,""first_arm"":""lsf"",""native_group"":3,""lsf_group"":2,""native"":""2196777"",""lsf"":""113236"",""lsf_minus_native"":""-2083541"",""percent_of_native"":""-94.845358""},{""pair"":2,""first_arm"":""lsf"",""native_group"":1,""lsf_group"":0,""native"":""2267578"",""lsf"":""125327"",""lsf_minus_native"":""-2142251"",""percent_of_native"":""-94.47309""},{""pair"":3,""first_arm"":""native"",""native_group"":4,""lsf_group"":5,""native"":""2105733"",""lsf"":""127427"",""lsf_minus_native"":""-1978306"",""percent_of_native"":""-93.948568""},{""pair"":4,""first_arm"":""native"",""native_group"":2,""lsf_group"":3,""native"":""2134767"",""lsf"":""117174"",""lsf_minus_native"":""-2017593"",""percent_of_native"":""-94.511157""},{""pair"":5,""first_arm"":""native"",""native_group"":0,""lsf_group"":1,""native"":""2127647"",""lsf"":""113285"",""lsf_minus_native"":""-2014362"",""percent_of_native"":""-94.675574""},{""pair"":6,""first_arm"":""lsf"",""native_group"":5,""lsf_group"":4,""native"":""2094244"",""lsf"":""125272"",""lsf_minus_native"":""-1968972"",""percent_of_native"":""-94.018271""}]",7,7,0,"{""count"":""7"",""minimum"":""2094244"",""median"":""2134490"",""maximum"":""2267578"",""median_absolute_deviation"":""28757""}","{""count"":""7"",""minimum"":""113236"",""median"":""125272"",""maximum"":""136971"",""median_absolute_deviation"":""8098""}","{""count"":""7"",""minimum"":""-2142251"",""median"":""-2014362"",""maximum"":""-1968972"",""median_absolute_deviation"":""36056""}",7,0,0,"{""lsf"":{""pair_count"":4,""available_pairs"":4,""unavailable_pairs"":0,""native"":{""count"":""4"",""minimum"":""2094244"",""median"":""2165633.5"",""maximum"":""2267578"",""median_absolute_deviation"":""51266.5""},""lsf"":{""count"":""4"",""minimum"":""113236"",""median"":""125299.5"",""maximum"":""136971"",""median_absolute_deviation"":""5849.5""},""paired_difference"":{""count"":""4"",""minimum"":""-2142251"",""median"":""-2040530"",""maximum"":""-1968972"",""median_absolute_deviation"":""57284.5""},""lower"":4,""equal"":0,""higher"":0},""native"":{""pair_count"":3,""available_pairs"":3,""unavailable_pairs"":0,""native"":{""count"":""3"",""minimum"":""2105733"",""median"":""2127647"",""maximum"":""2134767"",""median_absolute_deviation"":""7120""},""lsf"":{""count"":""3"",""minimum"":""113285"",""median"":""117174"",""maximum"":""127427"",""median_absolute_deviation"":""3889""},""paired_difference"":{""count"":""3"",""minimum"":""-2017593"",""median"":""-2014362"",""maximum"":""-1978306"",""median_absolute_deviation"":""3231""},""lower"":3,""equal"":0,""higher"":0}}"
32,ready,before,cgroup.cpu.user_usec,us,"[{""pair"":0,""first_arm"":""lsf"",""native_group"":5,""lsf_group"":4,""native"":""442923"",""lsf"":""68485"",""lsf_minus_native"":""-374438"",""percent_of_native"":""-84.537945""},{""pair"":1,""first_arm"":""lsf"",""native_group"":3,""lsf_group"":2,""native"":""412420"",""lsf"":""63412"",""lsf_minus_native"":""-349008"",""percent_of_native"":""-84.624412""},{""pair"":2,""first_arm"":""lsf"",""native_group"":1,""lsf_group"":0,""native"":""490644"",""lsf"":""50130"",""lsf_minus_native"":""-440514"",""percent_of_native"":""-89.782816""},{""pair"":3,""first_arm"":""native"",""native_group"":4,""lsf_group"":5,""native"":""463819"",""lsf"":""51915"",""lsf_minus_native"":""-411904"",""percent_of_native"":""-88.807056""},{""pair"":4,""first_arm"":""native"",""native_group"":2,""lsf_group"":3,""native"":""491993"",""lsf"":""60930"",""lsf_minus_native"":""-431063"",""percent_of_native"":""-87.615677""},{""pair"":5,""first_arm"":""native"",""native_group"":0,""lsf_group"":1,""native"":""442897"",""lsf"":""33566"",""lsf_minus_native"":""-409331"",""percent_of_native"":""-92.421263""},{""pair"":6,""first_arm"":""lsf"",""native_group"":5,""lsf_group"":4,""native"":""485284"",""lsf"":""59913"",""lsf_minus_native"":""-425371"",""percent_of_native"":""-87.654034""}]",7,7,0,"{""count"":""7"",""minimum"":""412420"",""median"":""463819"",""maximum"":""491993"",""median_absolute_deviation"":""21465""}","{""count"":""7"",""minimum"":""33566"",""median"":""59913"",""maximum"":""68485"",""median_absolute_deviation"":""7998""}","{""count"":""7"",""minimum"":""-440514"",""median"":""-411904"",""maximum"":""-349008"",""median_absolute_deviation"":""19159""}",7,0,0,"{""lsf"":{""pair_count"":4,""available_pairs"":4,""unavailable_pairs"":0,""native"":{""count"":""4"",""minimum"":""412420"",""median"":""464103.5"",""maximum"":""490644"",""median_absolute_deviation"":""23860.5""},""lsf"":{""count"":""4"",""minimum"":""50130"",""median"":""61662.5"",""maximum"":""68485"",""median_absolute_deviation"":""4286""},""paired_difference"":{""count"":""4"",""minimum"":""-440514"",""median"":""-399904.5"",""maximum"":""-349008"",""median_absolute_deviation"":""33038""},""lower"":4,""equal"":0,""higher"":0},""native"":{""pair_count"":3,""available_pairs"":3,""unavailable_pairs"":0,""native"":{""count"":""3"",""minimum"":""442897"",""median"":""463819"",""maximum"":""491993"",""median_absolute_deviation"":""20922""},""lsf"":{""count"":""3"",""minimum"":""33566"",""median"":""51915"",""maximum"":""60930"",""median_absolute_deviation"":""9015""},""paired_difference"":{""count"":""3"",""minimum"":""-431063"",""median"":""-411904"",""maximum"":""-409331"",""median_absolute_deviation"":""2573""},""lower"":3,""equal"":0,""higher"":0}}"
32,ready,before,cgroup.cpu.system_usec,us,"[{""pair"":0,""first_arm"":""lsf"",""native_group"":5,""lsf_group"":4,""native"":""1691546"",""lsf"":""68485"",""lsf_minus_native"":""-1623061"",""percent_of_native"":""-95.951337""},{""pair"":1,""first_arm"":""lsf"",""native_group"":3,""lsf_group"":2,""native"":""1784341"",""lsf"":""49823"",""lsf_minus_native"":""-1734518"",""percent_of_native"":""-97.207765""},{""pair"":2,""first_arm"":""lsf"",""native_group"":1,""lsf_group"":0,""native"":""1776919"",""lsf"":""75196"",""lsf_minus_native"":""-1701723"",""percent_of_native"":""-95.768181""},{""pair"":3,""first_arm"":""native"",""native_group"":4,""lsf_group"":5,""native"":""1641903"",""lsf"":""75512"",""lsf_minus_native"":""-1566391"",""percent_of_native"":""-95.400946""},{""pair"":4,""first_arm"":""native"",""native_group"":2,""lsf_group"":3,""native"":""1642756"",""lsf"":""56243"",""lsf_minus_native"":""-1586513"",""percent_of_native"":""-96.576302""},{""pair"":5,""first_arm"":""native"",""native_group"":0,""lsf_group"":1,""native"":""1684735"",""lsf"":""79719"",""lsf_minus_native"":""-1605016"",""percent_of_native"":""-95.268158""},{""pair"":6,""first_arm"":""lsf"",""native_group"":5,""lsf_group"":4,""native"":""1608942"",""lsf"":""65359"",""lsf_minus_native"":""-1543583"",""percent_of_native"":""-95.937765""}]",7,7,0,"{""count"":""7"",""minimum"":""1608942"",""median"":""1684735"",""maximum"":""1784341"",""median_absolute_deviation"":""42832""}","{""count"":""7"",""minimum"":""49823"",""median"":""68485"",""maximum"":""79719"",""median_absolute_deviation"":""7027""}","{""count"":""7"",""minimum"":""-1734518"",""median"":""-1605016"",""maximum"":""-1543583"",""median_absolute_deviation"":""38625""}",7,0,0,"{""lsf"":{""pair_count"":4,""available_pairs"":4,""unavailable_pairs"":0,""native"":{""count"":""4"",""minimum"":""1608942"",""median"":""1734232.5"",""maximum"":""1784341"",""median_absolute_deviation"":""46397.5""},""lsf"":{""count"":""4"",""minimum"":""49823"",""median"":""66922"",""maximum"":""75196"",""median_absolute_deviation"":""4918.5""},""paired_difference"":{""count"":""4"",""minimum"":""-1734518"",""median"":""-1662392"",""maximum"":""-1543583"",""median_absolute_deviation"":""55728.5""},""lower"":4,""equal"":0,""higher"":0},""native"":{""pair_count"":3,""available_pairs"":3,""unavailable_pairs"":0,""native"":{""count"":""3"",""minimum"":""1641903"",""median"":""1642756"",""maximum"":""1684735"",""median_absolute_deviation"":""853""},""lsf"":{""count"":""3"",""minimum"":""56243"",""median"":""75512"",""maximum"":""79719"",""median_absolute_deviation"":""4207""},""paired_difference"":{""count"":""3"",""minimum"":""-1605016"",""median"":""-1586513"",""maximum"":""-1566391"",""median_absolute_deviation"":""18503""},""lower"":3,""equal"":0,""higher"":0}}"
32,ready,before,cgroup.cpu.nr_periods,count,"[{""pair"":0,""first_arm"":""lsf"",""native_group"":5,""lsf_group"":4,""native"":""231"",""lsf"":""20"",""lsf_minus_native"":""-211"",""percent_of_native"":""-91.341991""},{""pair"":1,""first_arm"":""lsf"",""native_group"":3,""lsf_group"":2,""native"":""283"",""lsf"":""29"",""lsf_minus_native"":""-254"",""percent_of_native"":""-89.75265""},{""pair"":2,""first_arm"":""lsf"",""native_group"":1,""lsf_group"":0,""native"":""268"",""lsf"":""20"",""lsf_minus_native"":""-248"",""percent_of_native"":""-92.537313""},{""pair"":3,""first_arm"":""native"",""native_group"":4,""lsf_group"":5,""native"":""270"",""lsf"":""24"",""lsf_minus_native"":""-246"",""percent_of_native"":""-91.111111""},{""pair"":4,""first_arm"":""native"",""native_group"":2,""lsf_group"":3,""native"":""252"",""lsf"":""17"",""lsf_minus_native"":""-235"",""percent_of_native"":""-93.253968""},{""pair"":5,""first_arm"":""native"",""native_group"":0,""lsf_group"":1,""native"":""261"",""lsf"":""23"",""lsf_minus_native"":""-238"",""percent_of_native"":""-91.187739""},{""pair"":6,""first_arm"":""lsf"",""native_group"":5,""lsf_group"":4,""native"":""259"",""lsf"":""33"",""lsf_minus_native"":""-226"",""percent_of_native"":""-87.258687""}]",7,7,0,"{""count"":""7"",""minimum"":""231"",""median"":""261"",""maximum"":""283"",""median_absolute_deviation"":""9""}","{""count"":""7"",""minimum"":""17"",""median"":""23"",""maximum"":""33"",""median_absolute_deviation"":""3""}","{""count"":""7"",""minimum"":""-254"",""median"":""-238"",""maximum"":""-211"",""median_absolute_deviation"":""10""}",7,0,0,"{""lsf"":{""pair_count"":4,""available_pairs"":4,""unavailable_pairs"":0,""native"":{""count"":""4"",""minimum"":""231"",""median"":""263.5"",""maximum"":""283"",""median_absolute_deviation"":""12""},""lsf"":{""count"":""4"",""minimum"":""20"",""median"":""24.5"",""maximum"":""33"",""median_absolute_deviation"":""4.5""},""paired_difference"":{""count"":""4"",""minimum"":""-254"",""median"":""-237"",""maximum"":""-211"",""median_absolute_deviation"":""14""},""lower"":4,""equal"":0,""higher"":0},""native"":{""pair_count"":3,""available_pairs"":3,""unavailable_pairs"":0,""native"":{""count"":""3"",""minimum"":""252"",""median"":""261"",""maximum"":""270"",""median_absolute_deviation"":""9""},""lsf"":{""count"":""3"",""minimum"":""17"",""median"":""23"",""maximum"":""24"",""median_absolute_deviation"":""1""},""paired_difference"":{""count"":""3"",""minimum"":""-246"",""median"":""-238"",""maximum"":""-235"",""median_absolute_deviation"":""3""},""lower"":3,""equal"":0,""higher"":0}}"
32,ready,before,cgroup.cpu.nr_throttled,count,"[{""pair"":0,""first_arm"":""lsf"",""native_group"":5,""lsf_group"":4,""native"":""76"",""lsf"":""0"",""lsf_minus_native"":""-76"",""percent_of_native"":""-100""},{""pair"":1,""first_arm"":""lsf"",""native_group"":3,""lsf_group"":2,""native"":""72"",""lsf"":""0"",""lsf_minus_native"":""-72"",""percent_of_native"":""-100""},{""pair"":2,""first_arm"":""lsf"",""native_group"":1,""lsf_group"":0,""native"":""81"",""lsf"":""0"",""lsf_minus_native"":""-81"",""percent_of_native"":""-100""},{""pair"":3,""first_arm"":""native"",""native_group"":4,""lsf_group"":5,""native"":""67"",""lsf"":""0"",""lsf_minus_native"":""-67"",""percent_of_native"":""-100""},{""pair"":4,""first_arm"":""native"",""native_group"":2,""lsf_group"":3,""native"":""71"",""lsf"":""0"",""lsf_minus_native"":""-71"",""percent_of_native"":""-100""},{""pair"":5,""first_arm"":""native"",""native_group"":0,""lsf_group"":1,""native"":""71"",""lsf"":""0"",""lsf_minus_native"":""-71"",""percent_of_native"":""-100""},{""pair"":6,""first_arm"":""lsf"",""native_group"":5,""lsf_group"":4,""native"":""72"",""lsf"":""0"",""lsf_minus_native"":""-72"",""percent_of_native"":""-100""}]",7,7,0,"{""count"":""7"",""minimum"":""67"",""median"":""72"",""maximum"":""81"",""median_absolute_deviation"":""1""}","{""count"":""7"",""minimum"":""0"",""median"":""0"",""maximum"":""0"",""median_absolute_deviation"":""0""}","{""count"":""7"",""minimum"":""-81"",""median"":""-72"",""maximum"":""-67"",""median_absolute_deviation"":""1""}",7,0,0,"{""lsf"":{""pair_count"":4,""available_pairs"":4,""unavailable_pairs"":0,""native"":{""count"":""4"",""minimum"":""72"",""median"":""74"",""maximum"":""81"",""median_absolute_deviation"":""2""},""lsf"":{""count"":""4"",""minimum"":""0"",""median"":""0"",""maximum"":""0"",""median_absolute_deviation"":""0""},""paired_difference"":{""count"":""4"",""minimum"":""-81"",""median"":""-74"",""maximum"":""-72"",""median_absolute_deviation"":""2""},""lower"":4,""equal"":0,""higher"":0},""native"":{""pair_count"":3,""available_pairs"":3,""unavailable_pairs"":0,""native"":{""count"":""3"",""minimum"":""67"",""median"":""71"",""maximum"":""71"",""median_absolute_deviation"":""0""},""lsf"":{""count"":""3"",""minimum"":""0"",""median"":""0"",""maximum"":""0"",""median_absolute_deviation"":""0""},""paired_difference"":{""count"":""3"",""minimum"":""-71"",""median"":""-71"",""maximum"":""-67"",""median_absolute_deviation"":""0""},""lower"":3,""equal"":0,""higher"":0}}"
32,ready,before,cgroup.cpu.throttled_usec,us,"[{""pair"":0,""first_arm"":""lsf"",""native_group"":5,""lsf_group"":4,""native"":""4743815"",""lsf"":""0"",""lsf_minus_native"":""-4743815"",""percent_of_native"":""-100""},{""pair"":1,""first_arm"":""lsf"",""native_group"":3,""lsf_group"":2,""native"":""3096632"",""lsf"":""0"",""lsf_minus_native"":""-3096632"",""percent_of_native"":""-100""},{""pair"":2,""first_arm"":""lsf"",""native_group"":1,""lsf_group"":0,""native"":""4137721"",""lsf"":""0"",""lsf_minus_native"":""-4137721"",""percent_of_native"":""-100""},{""pair"":3,""first_arm"":""native"",""native_group"":4,""lsf_group"":5,""native"":""3080739"",""lsf"":""0"",""lsf_minus_native"":""-3080739"",""percent_of_native"":""-100""},{""pair"":4,""first_arm"":""native"",""native_group"":2,""lsf_group"":3,""native"":""2954351"",""lsf"":""0"",""lsf_minus_native"":""-2954351"",""percent_of_native"":""-100""},{""pair"":5,""first_arm"":""native"",""native_group"":0,""lsf_group"":1,""native"":""3552128"",""lsf"":""0"",""lsf_minus_native"":""-3552128"",""percent_of_native"":""-100""},{""pair"":6,""first_arm"":""lsf"",""native_group"":5,""lsf_group"":4,""native"":""3217480"",""lsf"":""0"",""lsf_minus_native"":""-3217480"",""percent_of_native"":""-100""}]",7,7,0,"{""count"":""7"",""minimum"":""2954351"",""median"":""3217480"",""maximum"":""4743815"",""median_absolute_deviation"":""263129""}","{""count"":""7"",""minimum"":""0"",""median"":""0"",""maximum"":""0"",""median_absolute_deviation"":""0""}","{""count"":""7"",""minimum"":""-4743815"",""median"":""-3217480"",""maximum"":""-2954351"",""median_absolute_deviation"":""263129""}",7,0,0,"{""lsf"":{""pair_count"":4,""available_pairs"":4,""unavailable_pairs"":0,""native"":{""count"":""4"",""minimum"":""3096632"",""median"":""3677600.5"",""maximum"":""4743815"",""median_absolute_deviation"":""520544.5""},""lsf"":{""count"":""4"",""minimum"":""0"",""median"":""0"",""maximum"":""0"",""median_absolute_deviation"":""0""},""paired_difference"":{""count"":""4"",""minimum"":""-4743815"",""median"":""-3677600.5"",""maximum"":""-3096632"",""median_absolute_deviation"":""520544.5""},""lower"":4,""equal"":0,""higher"":0},""native"":{""pair_count"":3,""available_pairs"":3,""unavailable_pairs"":0,""native"":{""count"":""3"",""minimum"":""2954351"",""median"":""3080739"",""maximum"":""3552128"",""median_absolute_deviation"":""126388""},""lsf"":{""count"":""3"",""minimum"":""0"",""median"":""0"",""maximum"":""0"",""median_absolute_deviation"":""0""},""paired_difference"":{""count"":""3"",""minimum"":""-3552128"",""median"":""-3080739"",""maximum"":""-2954351"",""median_absolute_deviation"":""126388""},""lower"":3,""equal"":0,""higher"":0}}"
32,served,after,child.rss_bytes,bytes,"[{""pair"":0,""first_arm"":""lsf"",""native_group"":5,""lsf_group"":4,""native"":""149028864"",""lsf"":""27963392"",""lsf_minus_native"":""-121065472"",""percent_of_native"":""-81.236258""},{""pair"":1,""first_arm"":""lsf"",""native_group"":3,""lsf_group"":2,""native"":""148111360"",""lsf"":""28028928"",""lsf_minus_native"":""-120082432"",""percent_of_native"":""-81.075774""},{""pair"":2,""first_arm"":""lsf"",""native_group"":1,""lsf_group"":0,""native"":""149028864"",""lsf"":""27959296"",""lsf_minus_native"":""-121069568"",""percent_of_native"":""-81.239006""},{""pair"":3,""first_arm"":""native"",""native_group"":4,""lsf_group"":5,""native"":""148635648"",""lsf"":""28139520"",""lsf_minus_native"":""-120496128"",""percent_of_native"":""-81.068122""},{""pair"":4,""first_arm"":""native"",""native_group"":2,""lsf_group"":3,""native"":""147849216"",""lsf"":""28389376"",""lsf_minus_native"":""-119459840"",""percent_of_native"":""-80.798426""},{""pair"":5,""first_arm"":""native"",""native_group"":0,""lsf_group"":1,""native"":""149028864"",""lsf"":""28155904"",""lsf_minus_native"":""-120872960"",""percent_of_native"":""-81.10708""},{""pair"":6,""first_arm"":""lsf"",""native_group"":5,""lsf_group"":4,""native"":""148504576"",""lsf"":""28160000"",""lsf_minus_native"":""-120344576"",""percent_of_native"":""-81.037621""}]",7,7,0,"{""count"":""7"",""minimum"":""147849216"",""median"":""148635648"",""maximum"":""149028864"",""median_absolute_deviation"":""393216""}","{""count"":""7"",""minimum"":""27959296"",""median"":""28139520"",""maximum"":""28389376"",""median_absolute_deviation"":""110592""}","{""count"":""7"",""minimum"":""-121069568"",""median"":""-120496128"",""maximum"":""-119459840"",""median_absolute_deviation"":""413696""}",7,0,0,"{""lsf"":{""pair_count"":4,""available_pairs"":4,""unavailable_pairs"":0,""native"":{""count"":""4"",""minimum"":""148111360"",""median"":""148766720"",""maximum"":""149028864"",""median_absolute_deviation"":""262144""},""lsf"":{""count"":""4"",""minimum"":""27959296"",""median"":""27996160"",""maximum"":""28160000"",""median_absolute_deviation"":""34816""},""paired_difference"":{""count"":""4"",""minimum"":""-121069568"",""median"":""-120705024"",""maximum"":""-120082432"",""median_absolute_deviation"":""362496""},""lower"":4,""equal"":0,""higher"":0},""native"":{""pair_count"":3,""available_pairs"":3,""unavailable_pairs"":0,""native"":{""count"":""3"",""minimum"":""147849216"",""median"":""148635648"",""maximum"":""149028864"",""median_absolute_deviation"":""393216""},""lsf"":{""count"":""3"",""minimum"":""28139520"",""median"":""28155904"",""maximum"":""28389376"",""median_absolute_deviation"":""16384""},""paired_difference"":{""count"":""3"",""minimum"":""-120872960"",""median"":""-120496128"",""maximum"":""-119459840"",""median_absolute_deviation"":""376832""},""lower"":3,""equal"":0,""higher"":0}}"
32,served,after,child.threads,count,"[{""pair"":0,""first_arm"":""lsf"",""native_group"":5,""lsf_group"":4,""native"":""96"",""lsf"":""7"",""lsf_minus_native"":""-89"",""percent_of_native"":""-92.708333""},{""pair"":1,""first_arm"":""lsf"",""native_group"":3,""lsf_group"":2,""native"":""96"",""lsf"":""7"",""lsf_minus_native"":""-89"",""percent_of_native"":""-92.708333""},{""pair"":2,""first_arm"":""lsf"",""native_group"":1,""lsf_group"":0,""native"":""96"",""lsf"":""7"",""lsf_minus_native"":""-89"",""percent_of_native"":""-92.708333""},{""pair"":3,""first_arm"":""native"",""native_group"":4,""lsf_group"":5,""native"":""96"",""lsf"":""7"",""lsf_minus_native"":""-89"",""percent_of_native"":""-92.708333""},{""pair"":4,""first_arm"":""native"",""native_group"":2,""lsf_group"":3,""native"":""96"",""lsf"":""7"",""lsf_minus_native"":""-89"",""percent_of_native"":""-92.708333""},{""pair"":5,""first_arm"":""native"",""native_group"":0,""lsf_group"":1,""native"":""96"",""lsf"":""7"",""lsf_minus_native"":""-89"",""percent_of_native"":""-92.708333""},{""pair"":6,""first_arm"":""lsf"",""native_group"":5,""lsf_group"":4,""native"":""96"",""lsf"":""7"",""lsf_minus_native"":""-89"",""percent_of_native"":""-92.708333""}]",7,7,0,"{""count"":""7"",""minimum"":""96"",""median"":""96"",""maximum"":""96"",""median_absolute_deviation"":""0""}","{""count"":""7"",""minimum"":""7"",""median"":""7"",""maximum"":""7"",""median_absolute_deviation"":""0""}","{""count"":""7"",""minimum"":""-89"",""median"":""-89"",""maximum"":""-89"",""median_absolute_deviation"":""0""}",7,0,0,"{""lsf"":{""pair_count"":4,""available_pairs"":4,""unavailable_pairs"":0,""native"":{""count"":""4"",""minimum"":""96"",""median"":""96"",""maximum"":""96"",""median_absolute_deviation"":""0""},""lsf"":{""count"":""4"",""minimum"":""7"",""median"":""7"",""maximum"":""7"",""median_absolute_deviation"":""0""},""paired_difference"":{""count"":""4"",""minimum"":""-89"",""median"":""-89"",""maximum"":""-89"",""median_absolute_deviation"":""0""},""lower"":4,""equal"":0,""higher"":0},""native"":{""pair_count"":3,""available_pairs"":3,""unavailable_pairs"":0,""native"":{""count"":""3"",""minimum"":""96"",""median"":""96"",""maximum"":""96"",""median_absolute_deviation"":""0""},""lsf"":{""count"":""3"",""minimum"":""7"",""median"":""7"",""maximum"":""7"",""median_absolute_deviation"":""0""},""paired_difference"":{""count"":""3"",""minimum"":""-89"",""median"":""-89"",""maximum"":""-89"",""median_absolute_deviation"":""0""},""lower"":3,""equal"":0,""higher"":0}}"
32,served,after,child.fd_count,count,"[{""pair"":0,""first_arm"":""lsf"",""native_group"":5,""lsf_group"":4,""native"":""352"",""lsf"":""80"",""lsf_minus_native"":""-272"",""percent_of_native"":""-77.272727""},{""pair"":1,""first_arm"":""lsf"",""native_group"":3,""lsf_group"":2,""native"":""352"",""lsf"":""80"",""lsf_minus_native"":""-272"",""percent_of_native"":""-77.272727""},{""pair"":2,""first_arm"":""lsf"",""native_group"":1,""lsf_group"":0,""native"":""352"",""lsf"":""80"",""lsf_minus_native"":""-272"",""percent_of_native"":""-77.272727""},{""pair"":3,""first_arm"":""native"",""native_group"":4,""lsf_group"":5,""native"":""352"",""lsf"":""80"",""lsf_minus_native"":""-272"",""percent_of_native"":""-77.272727""},{""pair"":4,""first_arm"":""native"",""native_group"":2,""lsf_group"":3,""native"":""352"",""lsf"":""80"",""lsf_minus_native"":""-272"",""percent_of_native"":""-77.272727""},{""pair"":5,""first_arm"":""native"",""native_group"":0,""lsf_group"":1,""native"":""352"",""lsf"":""80"",""lsf_minus_native"":""-272"",""percent_of_native"":""-77.272727""},{""pair"":6,""first_arm"":""lsf"",""native_group"":5,""lsf_group"":4,""native"":""352"",""lsf"":""80"",""lsf_minus_native"":""-272"",""percent_of_native"":""-77.272727""}]",7,7,0,"{""count"":""7"",""minimum"":""352"",""median"":""352"",""maximum"":""352"",""median_absolute_deviation"":""0""}","{""count"":""7"",""minimum"":""80"",""median"":""80"",""maximum"":""80"",""median_absolute_deviation"":""0""}","{""count"":""7"",""minimum"":""-272"",""median"":""-272"",""maximum"":""-272"",""median_absolute_deviation"":""0""}",7,0,0,"{""lsf"":{""pair_count"":4,""available_pairs"":4,""unavailable_pairs"":0,""native"":{""count"":""4"",""minimum"":""352"",""median"":""352"",""maximum"":""352"",""median_absolute_deviation"":""0""},""lsf"":{""count"":""4"",""minimum"":""80"",""median"":""80"",""maximum"":""80"",""median_absolute_deviation"":""0""},""paired_difference"":{""count"":""4"",""minimum"":""-272"",""median"":""-272"",""maximum"":""-272"",""median_absolute_deviation"":""0""},""lower"":4,""equal"":0,""higher"":0},""native"":{""pair_count"":3,""available_pairs"":3,""unavailable_pairs"":0,""native"":{""count"":""3"",""minimum"":""352"",""median"":""352"",""maximum"":""352"",""median_absolute_deviation"":""0""},""lsf"":{""count"":""3"",""minimum"":""80"",""median"":""80"",""maximum"":""80"",""median_absolute_deviation"":""0""},""paired_difference"":{""count"":""3"",""minimum"":""-272"",""median"":""-272"",""maximum"":""-272"",""median_absolute_deviation"":""0""},""lower"":3,""equal"":0,""higher"":0}}"
32,served,after,child.listener_count,count,"[{""pair"":0,""first_arm"":""lsf"",""native_group"":5,""lsf_group"":4,""native"":""32"",""lsf"":""1"",""lsf_minus_native"":""-31"",""percent_of_native"":""-96.875""},{""pair"":1,""first_arm"":""lsf"",""native_group"":3,""lsf_group"":2,""native"":""32"",""lsf"":""1"",""lsf_minus_native"":""-31"",""percent_of_native"":""-96.875""},{""pair"":2,""first_arm"":""lsf"",""native_group"":1,""lsf_group"":0,""native"":""32"",""lsf"":""1"",""lsf_minus_native"":""-31"",""percent_of_native"":""-96.875""},{""pair"":3,""first_arm"":""native"",""native_group"":4,""lsf_group"":5,""native"":""32"",""lsf"":""1"",""lsf_minus_native"":""-31"",""percent_of_native"":""-96.875""},{""pair"":4,""first_arm"":""native"",""native_group"":2,""lsf_group"":3,""native"":""32"",""lsf"":""1"",""lsf_minus_native"":""-31"",""percent_of_native"":""-96.875""},{""pair"":5,""first_arm"":""native"",""native_group"":0,""lsf_group"":1,""native"":""32"",""lsf"":""1"",""lsf_minus_native"":""-31"",""percent_of_native"":""-96.875""},{""pair"":6,""first_arm"":""lsf"",""native_group"":5,""lsf_group"":4,""native"":""32"",""lsf"":""1"",""lsf_minus_native"":""-31"",""percent_of_native"":""-96.875""}]",7,7,0,"{""count"":""7"",""minimum"":""32"",""median"":""32"",""maximum"":""32"",""median_absolute_deviation"":""0""}","{""count"":""7"",""minimum"":""1"",""median"":""1"",""maximum"":""1"",""median_absolute_deviation"":""0""}","{""count"":""7"",""minimum"":""-31"",""median"":""-31"",""maximum"":""-31"",""median_absolute_deviation"":""0""}",7,0,0,"{""lsf"":{""pair_count"":4,""available_pairs"":4,""unavailable_pairs"":0,""native"":{""count"":""4"",""minimum"":""32"",""median"":""32"",""maximum"":""32"",""median_absolute_deviation"":""0""},""lsf"":{""count"":""4"",""minimum"":""1"",""median"":""1"",""maximum"":""1"",""median_absolute_deviation"":""0""},""paired_difference"":{""count"":""4"",""minimum"":""-31"",""median"":""-31"",""maximum"":""-31"",""median_absolute_deviation"":""0""},""lower"":4,""equal"":0,""higher"":0},""native"":{""pair_count"":3,""available_pairs"":3,""unavailable_pairs"":0,""native"":{""count"":""3"",""minimum"":""32"",""median"":""32"",""maximum"":""32"",""median_absolute_deviation"":""0""},""lsf"":{""count"":""3"",""minimum"":""1"",""median"":""1"",""maximum"":""1"",""median_absolute_deviation"":""0""},""paired_difference"":{""count"":""3"",""minimum"":""-31"",""median"":""-31"",""maximum"":""-31"",""median_absolute_deviation"":""0""},""lower"":3,""equal"":0,""higher"":0}}"
32,served,after,wrapper.rss_bytes,bytes,"[{""pair"":0,""first_arm"":""lsf"",""native_group"":5,""lsf_group"":4,""native"":""122159104"",""lsf"":""4456448"",""lsf_minus_native"":""-117702656"",""percent_of_native"":""-96.351931""},{""pair"":1,""first_arm"":""lsf"",""native_group"":3,""lsf_group"":2,""native"":""121634816"",""lsf"":""4587520"",""lsf_minus_native"":""-117047296"",""percent_of_native"":""-96.228448""},{""pair"":2,""first_arm"":""lsf"",""native_group"":1,""lsf_group"":0,""native"":""120848384"",""lsf"":""4456448"",""lsf_minus_native"":""-116391936"",""percent_of_native"":""-96.312364""},{""pair"":3,""first_arm"":""native"",""native_group"":4,""lsf_group"":5,""native"":""120586240"",""lsf"":""4587520"",""lsf_minus_native"":""-115998720"",""percent_of_native"":""-96.195652""},{""pair"":4,""first_arm"":""native"",""native_group"":2,""lsf_group"":3,""native"":""122028032"",""lsf"":""4456448"",""lsf_minus_native"":""-117571584"",""percent_of_native"":""-96.348013""},{""pair"":5,""first_arm"":""native"",""native_group"":0,""lsf_group"":1,""native"":""121372672"",""lsf"":""4718592"",""lsf_minus_native"":""-116654080"",""percent_of_native"":""-96.112311""},{""pair"":6,""first_arm"":""lsf"",""native_group"":5,""lsf_group"":4,""native"":""122159104"",""lsf"":""4456448"",""lsf_minus_native"":""-117702656"",""percent_of_native"":""-96.351931""}]",7,7,0,"{""count"":""7"",""minimum"":""120586240"",""median"":""121634816"",""maximum"":""122159104"",""median_absolute_deviation"":""524288""}","{""count"":""7"",""minimum"":""4456448"",""median"":""4456448"",""maximum"":""4718592"",""median_absolute_deviation"":""0""}","{""count"":""7"",""minimum"":""-117702656"",""median"":""-117047296"",""maximum"":""-115998720"",""median_absolute_deviation"":""655360""}",7,0,0,"{""lsf"":{""pair_count"":4,""available_pairs"":4,""unavailable_pairs"":0,""native"":{""count"":""4"",""minimum"":""120848384"",""median"":""121896960"",""maximum"":""122159104"",""median_absolute_deviation"":""262144""},""lsf"":{""count"":""4"",""minimum"":""4456448"",""median"":""4456448"",""maximum"":""4587520"",""median_absolute_deviation"":""0""},""paired_difference"":{""count"":""4"",""minimum"":""-117702656"",""median"":""-117374976"",""maximum"":""-116391936"",""median_absolute_deviation"":""327680""},""lower"":4,""equal"":0,""higher"":0},""native"":{""pair_count"":3,""available_pairs"":3,""unavailable_pairs"":0,""native"":{""count"":""3"",""minimum"":""120586240"",""median"":""121372672"",""maximum"":""122028032"",""median_absolute_deviation"":""655360""},""lsf"":{""count"":""3"",""minimum"":""4456448"",""median"":""4587520"",""maximum"":""4718592"",""median_absolute_deviation"":""131072""},""paired_difference"":{""count"":""3"",""minimum"":""-117571584"",""median"":""-116654080"",""maximum"":""-115998720"",""median_absolute_deviation"":""655360""},""lower"":3,""equal"":0,""higher"":0}}"
32,served,after,wrapper.threads,count,"[{""pair"":0,""first_arm"":""lsf"",""native_group"":5,""lsf_group"":4,""native"":""96"",""lsf"":""3"",""lsf_minus_native"":""-93"",""percent_of_native"":""-96.875""},{""pair"":1,""first_arm"":""lsf"",""native_group"":3,""lsf_group"":2,""native"":""96"",""lsf"":""3"",""lsf_minus_native"":""-93"",""percent_of_native"":""-96.875""},{""pair"":2,""first_arm"":""lsf"",""native_group"":1,""lsf_group"":0,""native"":""96"",""lsf"":""3"",""lsf_minus_native"":""-93"",""percent_of_native"":""-96.875""},{""pair"":3,""first_arm"":""native"",""native_group"":4,""lsf_group"":5,""native"":""96"",""lsf"":""3"",""lsf_minus_native"":""-93"",""percent_of_native"":""-96.875""},{""pair"":4,""first_arm"":""native"",""native_group"":2,""lsf_group"":3,""native"":""96"",""lsf"":""3"",""lsf_minus_native"":""-93"",""percent_of_native"":""-96.875""},{""pair"":5,""first_arm"":""native"",""native_group"":0,""lsf_group"":1,""native"":""96"",""lsf"":""3"",""lsf_minus_native"":""-93"",""percent_of_native"":""-96.875""},{""pair"":6,""first_arm"":""lsf"",""native_group"":5,""lsf_group"":4,""native"":""96"",""lsf"":""3"",""lsf_minus_native"":""-93"",""percent_of_native"":""-96.875""}]",7,7,0,"{""count"":""7"",""minimum"":""96"",""median"":""96"",""maximum"":""96"",""median_absolute_deviation"":""0""}","{""count"":""7"",""minimum"":""3"",""median"":""3"",""maximum"":""3"",""median_absolute_deviation"":""0""}","{""count"":""7"",""minimum"":""-93"",""median"":""-93"",""maximum"":""-93"",""median_absolute_deviation"":""0""}",7,0,0,"{""lsf"":{""pair_count"":4,""available_pairs"":4,""unavailable_pairs"":0,""native"":{""count"":""4"",""minimum"":""96"",""median"":""96"",""maximum"":""96"",""median_absolute_deviation"":""0""},""lsf"":{""count"":""4"",""minimum"":""3"",""median"":""3"",""maximum"":""3"",""median_absolute_deviation"":""0""},""paired_difference"":{""count"":""4"",""minimum"":""-93"",""median"":""-93"",""maximum"":""-93"",""median_absolute_deviation"":""0""},""lower"":4,""equal"":0,""higher"":0},""native"":{""pair_count"":3,""available_pairs"":3,""unavailable_pairs"":0,""native"":{""count"":""3"",""minimum"":""96"",""median"":""96"",""maximum"":""96"",""median_absolute_deviation"":""0""},""lsf"":{""count"":""3"",""minimum"":""3"",""median"":""3"",""maximum"":""3"",""median_absolute_deviation"":""0""},""paired_difference"":{""count"":""3"",""minimum"":""-93"",""median"":""-93"",""maximum"":""-93"",""median_absolute_deviation"":""0""},""lower"":3,""equal"":0,""higher"":0}}"
32,served,after,wrapper.fd_count,count,"[{""pair"":0,""first_arm"":""lsf"",""native_group"":5,""lsf_group"":4,""native"":""608"",""lsf"":""81"",""lsf_minus_native"":""-527"",""percent_of_native"":""-86.677632""},{""pair"":1,""first_arm"":""lsf"",""native_group"":3,""lsf_group"":2,""native"":""608"",""lsf"":""81"",""lsf_minus_native"":""-527"",""percent_of_native"":""-86.677632""},{""pair"":2,""first_arm"":""lsf"",""native_group"":1,""lsf_group"":0,""native"":""608"",""lsf"":""81"",""lsf_minus_native"":""-527"",""percent_of_native"":""-86.677632""},{""pair"":3,""first_arm"":""native"",""native_group"":4,""lsf_group"":5,""native"":""608"",""lsf"":""81"",""lsf_minus_native"":""-527"",""percent_of_native"":""-86.677632""},{""pair"":4,""first_arm"":""native"",""native_group"":2,""lsf_group"":3,""native"":""608"",""lsf"":""81"",""lsf_minus_native"":""-527"",""percent_of_native"":""-86.677632""},{""pair"":5,""first_arm"":""native"",""native_group"":0,""lsf_group"":1,""native"":""608"",""lsf"":""81"",""lsf_minus_native"":""-527"",""percent_of_native"":""-86.677632""},{""pair"":6,""first_arm"":""lsf"",""native_group"":5,""lsf_group"":4,""native"":""608"",""lsf"":""81"",""lsf_minus_native"":""-527"",""percent_of_native"":""-86.677632""}]",7,7,0,"{""count"":""7"",""minimum"":""608"",""median"":""608"",""maximum"":""608"",""median_absolute_deviation"":""0""}","{""count"":""7"",""minimum"":""81"",""median"":""81"",""maximum"":""81"",""median_absolute_deviation"":""0""}","{""count"":""7"",""minimum"":""-527"",""median"":""-527"",""maximum"":""-527"",""median_absolute_deviation"":""0""}",7,0,0,"{""lsf"":{""pair_count"":4,""available_pairs"":4,""unavailable_pairs"":0,""native"":{""count"":""4"",""minimum"":""608"",""median"":""608"",""maximum"":""608"",""median_absolute_deviation"":""0""},""lsf"":{""count"":""4"",""minimum"":""81"",""median"":""81"",""maximum"":""81"",""median_absolute_deviation"":""0""},""paired_difference"":{""count"":""4"",""minimum"":""-527"",""median"":""-527"",""maximum"":""-527"",""median_absolute_deviation"":""0""},""lower"":4,""equal"":0,""higher"":0},""native"":{""pair_count"":3,""available_pairs"":3,""unavailable_pairs"":0,""native"":{""count"":""3"",""minimum"":""608"",""median"":""608"",""maximum"":""608"",""median_absolute_deviation"":""0""},""lsf"":{""count"":""3"",""minimum"":""81"",""median"":""81"",""maximum"":""81"",""median_absolute_deviation"":""0""},""paired_difference"":{""count"":""3"",""minimum"":""-527"",""median"":""-527"",""maximum"":""-527"",""median_absolute_deviation"":""0""},""lower"":3,""equal"":0,""higher"":0}}"
32,served,after,wrapper.listener_count,count,"[{""pair"":0,""first_arm"":""lsf"",""native_group"":5,""lsf_group"":4,""native"":""32"",""lsf"":""1"",""lsf_minus_native"":""-31"",""percent_of_native"":""-96.875""},{""pair"":1,""first_arm"":""lsf"",""native_group"":3,""lsf_group"":2,""native"":""32"",""lsf"":""1"",""lsf_minus_native"":""-31"",""percent_of_native"":""-96.875""},{""pair"":2,""first_arm"":""lsf"",""native_group"":1,""lsf_group"":0,""native"":""32"",""lsf"":""1"",""lsf_minus_native"":""-31"",""percent_of_native"":""-96.875""},{""pair"":3,""first_arm"":""native"",""native_group"":4,""lsf_group"":5,""native"":""32"",""lsf"":""1"",""lsf_minus_native"":""-31"",""percent_of_native"":""-96.875""},{""pair"":4,""first_arm"":""native"",""native_group"":2,""lsf_group"":3,""native"":""32"",""lsf"":""1"",""lsf_minus_native"":""-31"",""percent_of_native"":""-96.875""},{""pair"":5,""first_arm"":""native"",""native_group"":0,""lsf_group"":1,""native"":""32"",""lsf"":""1"",""lsf_minus_native"":""-31"",""percent_of_native"":""-96.875""},{""pair"":6,""first_arm"":""lsf"",""native_group"":5,""lsf_group"":4,""native"":""32"",""lsf"":""1"",""lsf_minus_native"":""-31"",""percent_of_native"":""-96.875""}]",7,7,0,"{""count"":""7"",""minimum"":""32"",""median"":""32"",""maximum"":""32"",""median_absolute_deviation"":""0""}","{""count"":""7"",""minimum"":""1"",""median"":""1"",""maximum"":""1"",""median_absolute_deviation"":""0""}","{""count"":""7"",""minimum"":""-31"",""median"":""-31"",""maximum"":""-31"",""median_absolute_deviation"":""0""}",7,0,0,"{""lsf"":{""pair_count"":4,""available_pairs"":4,""unavailable_pairs"":0,""native"":{""count"":""4"",""minimum"":""32"",""median"":""32"",""maximum"":""32"",""median_absolute_deviation"":""0""},""lsf"":{""count"":""4"",""minimum"":""1"",""median"":""1"",""maximum"":""1"",""median_absolute_deviation"":""0""},""paired_difference"":{""count"":""4"",""minimum"":""-31"",""median"":""-31"",""maximum"":""-31"",""median_absolute_deviation"":""0""},""lower"":4,""equal"":0,""higher"":0},""native"":{""pair_count"":3,""available_pairs"":3,""unavailable_pairs"":0,""native"":{""count"":""3"",""minimum"":""32"",""median"":""32"",""maximum"":""32"",""median_absolute_deviation"":""0""},""lsf"":{""count"":""3"",""minimum"":""1"",""median"":""1"",""maximum"":""1"",""median_absolute_deviation"":""0""},""paired_difference"":{""count"":""3"",""minimum"":""-31"",""median"":""-31"",""maximum"":""-31"",""median_absolute_deviation"":""0""},""lower"":3,""equal"":0,""higher"":0}}"
32,served,after,cgroup.memory_current_bytes,bytes,"[{""pair"":0,""first_arm"":""lsf"",""native_group"":5,""lsf_group"":4,""native"":""59097088"",""lsf"":""13291520"",""lsf_minus_native"":""-45805568"",""percent_of_native"":""-77.50901""},{""pair"":1,""first_arm"":""lsf"",""native_group"":3,""lsf_group"":2,""native"":""58961920"",""lsf"":""13328384"",""lsf_minus_native"":""-45633536"",""percent_of_native"":""-77.394929""},{""pair"":2,""first_arm"":""lsf"",""native_group"":1,""lsf_group"":0,""native"":""59469824"",""lsf"":""13275136"",""lsf_minus_native"":""-46194688"",""percent_of_native"":""-77.677526""},{""pair"":3,""first_arm"":""native"",""native_group"":4,""lsf_group"":5,""native"":""59224064"",""lsf"":""13295616"",""lsf_minus_native"":""-45928448"",""percent_of_native"":""-77.550315""},{""pair"":4,""first_arm"":""native"",""native_group"":2,""lsf_group"":3,""native"":""59232256"",""lsf"":""13758464"",""lsf_minus_native"":""-45473792"",""percent_of_native"":""-76.772007""},{""pair"":5,""first_arm"":""native"",""native_group"":0,""lsf_group"":1,""native"":""59199488"",""lsf"":""13221888"",""lsf_minus_native"":""-45977600"",""percent_of_native"":""-77.665537""},{""pair"":6,""first_arm"":""lsf"",""native_group"":5,""lsf_group"":4,""native"":""59252736"",""lsf"":""13541376"",""lsf_minus_native"":""-45711360"",""percent_of_native"":""-77.146412""}]",7,7,0,"{""count"":""7"",""minimum"":""58961920"",""median"":""59224064"",""maximum"":""59469824"",""median_absolute_deviation"":""28672""}","{""count"":""7"",""minimum"":""13221888"",""median"":""13295616"",""maximum"":""13758464"",""median_absolute_deviation"":""32768""}","{""count"":""7"",""minimum"":""-46194688"",""median"":""-45805568"",""maximum"":""-45473792"",""median_absolute_deviation"":""172032""}",7,0,0,"{""lsf"":{""pair_count"":4,""available_pairs"":4,""unavailable_pairs"":0,""native"":{""count"":""4"",""minimum"":""58961920"",""median"":""59174912"",""maximum"":""59469824"",""median_absolute_deviation"":""145408""},""lsf"":{""count"":""4"",""minimum"":""13275136"",""median"":""13309952"",""maximum"":""13541376"",""median_absolute_deviation"":""26624""},""paired_difference"":{""count"":""4"",""minimum"":""-46194688"",""median"":""-45758464"",""maximum"":""-45633536"",""median_absolute_deviation"":""86016""},""lower"":4,""equal"":0,""higher"":0},""native"":{""pair_count"":3,""available_pairs"":3,""unavailable_pairs"":0,""native"":{""count"":""3"",""minimum"":""59199488"",""median"":""59224064"",""maximum"":""59232256"",""median_absolute_deviation"":""8192""},""lsf"":{""count"":""3"",""minimum"":""13221888"",""median"":""13295616"",""maximum"":""13758464"",""median_absolute_deviation"":""73728""},""paired_difference"":{""count"":""3"",""minimum"":""-45977600"",""median"":""-45928448"",""maximum"":""-45473792"",""median_absolute_deviation"":""49152""},""lower"":3,""equal"":0,""higher"":0}}"
32,served,after,cgroup.sum_leaf_lifetime_memory_peak_bytes,bytes,"[{""pair"":0,""first_arm"":""lsf"",""native_group"":5,""lsf_group"":4,""native"":""186527744"",""lsf"":""14077952"",""lsf_minus_native"":""-172449792"",""percent_of_native"":""-92.452623""},{""pair"":1,""first_arm"":""lsf"",""native_group"":3,""lsf_group"":2,""native"":""186793984"",""lsf"":""14102528"",""lsf_minus_native"":""-172691456"",""percent_of_native"":""-92.450224""},{""pair"":2,""first_arm"":""lsf"",""native_group"":1,""lsf_group"":0,""native"":""189222912"",""lsf"":""14090240"",""lsf_minus_native"":""-175132672"",""percent_of_native"":""-92.553629""},{""pair"":3,""first_arm"":""native"",""native_group"":4,""lsf_group"":5,""native"":""187052032"",""lsf"":""14360576"",""lsf_minus_native"":""-172691456"",""percent_of_native"":""-92.322684""},{""pair"":4,""first_arm"":""native"",""native_group"":2,""lsf_group"":3,""native"":""185954304"",""lsf"":""14303232"",""lsf_minus_native"":""-171651072"",""percent_of_native"":""-92.308201""},{""pair"":5,""first_arm"":""native"",""native_group"":0,""lsf_group"":1,""native"":""192487424"",""lsf"":""14209024"",""lsf_minus_native"":""-178278400"",""percent_of_native"":""-92.618207""},{""pair"":6,""first_arm"":""lsf"",""native_group"":5,""lsf_group"":4,""native"":""185868288"",""lsf"":""14323712"",""lsf_minus_native"":""-171544576"",""percent_of_native"":""-92.293622""}]",7,7,0,"{""count"":""7"",""minimum"":""185868288"",""median"":""186793984"",""maximum"":""192487424"",""median_absolute_deviation"":""839680""}","{""count"":""7"",""minimum"":""14077952"",""median"":""14209024"",""maximum"":""14360576"",""median_absolute_deviation"":""114688""}","{""count"":""7"",""minimum"":""-178278400"",""median"":""-172691456"",""maximum"":""-171544576"",""median_absolute_deviation"":""1040384""}",7,0,0,"{""lsf"":{""pair_count"":4,""available_pairs"":4,""unavailable_pairs"":0,""native"":{""count"":""4"",""minimum"":""185868288"",""median"":""186660864"",""maximum"":""189222912"",""median_absolute_deviation"":""462848""},""lsf"":{""count"":""4"",""minimum"":""14077952"",""median"":""14096384"",""maximum"":""14323712"",""median_absolute_deviation"":""12288""},""paired_difference"":{""count"":""4"",""minimum"":""-175132672"",""median"":""-172570624"",""maximum"":""-171544576"",""median_absolute_deviation"":""573440""},""lower"":4,""equal"":0,""higher"":0},""native"":{""pair_count"":3,""available_pairs"":3,""unavailable_pairs"":0,""native"":{""count"":""3"",""minimum"":""185954304"",""median"":""187052032"",""maximum"":""192487424"",""median_absolute_deviation"":""1097728""},""lsf"":{""count"":""3"",""minimum"":""14209024"",""median"":""14303232"",""maximum"":""14360576"",""median_absolute_deviation"":""57344""},""paired_difference"":{""count"":""3"",""minimum"":""-178278400"",""median"":""-172691456"",""maximum"":""-171651072"",""median_absolute_deviation"":""1040384""},""lower"":3,""equal"":0,""higher"":0}}"
32,served,after,cgroup.memory_swap_current_bytes,bytes,"[{""pair"":0,""first_arm"":""lsf"",""native_group"":5,""lsf_group"":4,""native"":""0"",""lsf"":""0"",""lsf_minus_native"":""0"",""percent_of_native"":null},{""pair"":1,""first_arm"":""lsf"",""native_group"":3,""lsf_group"":2,""native"":""0"",""lsf"":""0"",""lsf_minus_native"":""0"",""percent_of_native"":null},{""pair"":2,""first_arm"":""lsf"",""native_group"":1,""lsf_group"":0,""native"":""0"",""lsf"":""0"",""lsf_minus_native"":""0"",""percent_of_native"":null},{""pair"":3,""first_arm"":""native"",""native_group"":4,""lsf_group"":5,""native"":""0"",""lsf"":""0"",""lsf_minus_native"":""0"",""percent_of_native"":null},{""pair"":4,""first_arm"":""native"",""native_group"":2,""lsf_group"":3,""native"":""0"",""lsf"":""0"",""lsf_minus_native"":""0"",""percent_of_native"":null},{""pair"":5,""first_arm"":""native"",""native_group"":0,""lsf_group"":1,""native"":""0"",""lsf"":""0"",""lsf_minus_native"":""0"",""percent_of_native"":null},{""pair"":6,""first_arm"":""lsf"",""native_group"":5,""lsf_group"":4,""native"":""0"",""lsf"":""0"",""lsf_minus_native"":""0"",""percent_of_native"":null}]",7,7,0,"{""count"":""7"",""minimum"":""0"",""median"":""0"",""maximum"":""0"",""median_absolute_deviation"":""0""}","{""count"":""7"",""minimum"":""0"",""median"":""0"",""maximum"":""0"",""median_absolute_deviation"":""0""}","{""count"":""7"",""minimum"":""0"",""median"":""0"",""maximum"":""0"",""median_absolute_deviation"":""0""}",0,7,0,"{""lsf"":{""pair_count"":4,""available_pairs"":4,""unavailable_pairs"":0,""native"":{""count"":""4"",""minimum"":""0"",""median"":""0"",""maximum"":""0"",""median_absolute_deviation"":""0""},""lsf"":{""count"":""4"",""minimum"":""0"",""median"":""0"",""maximum"":""0"",""median_absolute_deviation"":""0""},""paired_difference"":{""count"":""4"",""minimum"":""0"",""median"":""0"",""maximum"":""0"",""median_absolute_deviation"":""0""},""lower"":0,""equal"":4,""higher"":0},""native"":{""pair_count"":3,""available_pairs"":3,""unavailable_pairs"":0,""native"":{""count"":""3"",""minimum"":""0"",""median"":""0"",""maximum"":""0"",""median_absolute_deviation"":""0""},""lsf"":{""count"":""3"",""minimum"":""0"",""median"":""0"",""maximum"":""0"",""median_absolute_deviation"":""0""},""paired_difference"":{""count"":""3"",""minimum"":""0"",""median"":""0"",""maximum"":""0"",""median_absolute_deviation"":""0""},""lower"":0,""equal"":3,""higher"":0}}"
32,served,after,cgroup.pids_current,count,"[{""pair"":0,""first_arm"":""lsf"",""native_group"":5,""lsf_group"":4,""native"":""192"",""lsf"":""10"",""lsf_minus_native"":""-182"",""percent_of_native"":""-94.791667""},{""pair"":1,""first_arm"":""lsf"",""native_group"":3,""lsf_group"":2,""native"":""192"",""lsf"":""10"",""lsf_minus_native"":""-182"",""percent_of_native"":""-94.791667""},{""pair"":2,""first_arm"":""lsf"",""native_group"":1,""lsf_group"":0,""native"":""192"",""lsf"":""10"",""lsf_minus_native"":""-182"",""percent_of_native"":""-94.791667""},{""pair"":3,""first_arm"":""native"",""native_group"":4,""lsf_group"":5,""native"":""192"",""lsf"":""10"",""lsf_minus_native"":""-182"",""percent_of_native"":""-94.791667""},{""pair"":4,""first_arm"":""native"",""native_group"":2,""lsf_group"":3,""native"":""192"",""lsf"":""10"",""lsf_minus_native"":""-182"",""percent_of_native"":""-94.791667""},{""pair"":5,""first_arm"":""native"",""native_group"":0,""lsf_group"":1,""native"":""192"",""lsf"":""10"",""lsf_minus_native"":""-182"",""percent_of_native"":""-94.791667""},{""pair"":6,""first_arm"":""lsf"",""native_group"":5,""lsf_group"":4,""native"":""192"",""lsf"":""10"",""lsf_minus_native"":""-182"",""percent_of_native"":""-94.791667""}]",7,7,0,"{""count"":""7"",""minimum"":""192"",""median"":""192"",""maximum"":""192"",""median_absolute_deviation"":""0""}","{""count"":""7"",""minimum"":""10"",""median"":""10"",""maximum"":""10"",""median_absolute_deviation"":""0""}","{""count"":""7"",""minimum"":""-182"",""median"":""-182"",""maximum"":""-182"",""median_absolute_deviation"":""0""}",7,0,0,"{""lsf"":{""pair_count"":4,""available_pairs"":4,""unavailable_pairs"":0,""native"":{""count"":""4"",""minimum"":""192"",""median"":""192"",""maximum"":""192"",""median_absolute_deviation"":""0""},""lsf"":{""count"":""4"",""minimum"":""10"",""median"":""10"",""maximum"":""10"",""median_absolute_deviation"":""0""},""paired_difference"":{""count"":""4"",""minimum"":""-182"",""median"":""-182"",""maximum"":""-182"",""median_absolute_deviation"":""0""},""lower"":4,""equal"":0,""higher"":0},""native"":{""pair_count"":3,""available_pairs"":3,""unavailable_pairs"":0,""native"":{""count"":""3"",""minimum"":""192"",""median"":""192"",""maximum"":""192"",""median_absolute_deviation"":""0""},""lsf"":{""count"":""3"",""minimum"":""10"",""median"":""10"",""maximum"":""10"",""median_absolute_deviation"":""0""},""paired_difference"":{""count"":""3"",""minimum"":""-182"",""median"":""-182"",""maximum"":""-182"",""median_absolute_deviation"":""0""},""lower"":3,""equal"":0,""higher"":0}}"
32,served,after,cgroup.cpu.usage_usec,us,"[{""pair"":0,""first_arm"":""lsf"",""native_group"":5,""lsf_group"":4,""native"":""3090528"",""lsf"":""1293741"",""lsf_minus_native"":""-1796787"",""percent_of_native"":""-58.138512""},{""pair"":1,""first_arm"":""lsf"",""native_group"":3,""lsf_group"":2,""native"":""3165081"",""lsf"":""1262961"",""lsf_minus_native"":""-1902120"",""percent_of_native"":""-60.09704""},{""pair"":2,""first_arm"":""lsf"",""native_group"":1,""lsf_group"":0,""native"":""3227525"",""lsf"":""1292455"",""lsf_minus_native"":""-1935070"",""percent_of_native"":""-59.955229""},{""pair"":3,""first_arm"":""native"",""native_group"":4,""lsf_group"":5,""native"":""3059063"",""lsf"":""1283197"",""lsf_minus_native"":""-1775866"",""percent_of_native"":""-58.052613""},{""pair"":4,""first_arm"":""native"",""native_group"":2,""lsf_group"":3,""native"":""3087312"",""lsf"":""1268939"",""lsf_minus_native"":""-1818373"",""percent_of_native"":""-58.898258""},{""pair"":5,""first_arm"":""native"",""native_group"":0,""lsf_group"":1,""native"":""3051377"",""lsf"":""1245306"",""lsf_minus_native"":""-1806071"",""percent_of_native"":""-59.18872""},{""pair"":6,""first_arm"":""lsf"",""native_group"":5,""lsf_group"":4,""native"":""3023645"",""lsf"":""1305116"",""lsf_minus_native"":""-1718529"",""percent_of_native"":""-56.836335""}]",7,7,0,"{""count"":""7"",""minimum"":""3023645"",""median"":""3087312"",""maximum"":""3227525"",""median_absolute_deviation"":""35935""}","{""count"":""7"",""minimum"":""1245306"",""median"":""1283197"",""maximum"":""1305116"",""median_absolute_deviation"":""14258""}","{""count"":""7"",""minimum"":""-1935070"",""median"":""-1806071"",""maximum"":""-1718529"",""median_absolute_deviation"":""30205""}",7,0,0,"{""lsf"":{""pair_count"":4,""available_pairs"":4,""unavailable_pairs"":0,""native"":{""count"":""4"",""minimum"":""3023645"",""median"":""3127804.5"",""maximum"":""3227525"",""median_absolute_deviation"":""68498.5""},""lsf"":{""count"":""4"",""minimum"":""1262961"",""median"":""1293098"",""maximum"":""1305116"",""median_absolute_deviation"":""6330.5""},""paired_difference"":{""count"":""4"",""minimum"":""-1935070"",""median"":""-1849453.5"",""maximum"":""-1718529"",""median_absolute_deviation"":""69141.5""},""lower"":4,""equal"":0,""higher"":0},""native"":{""pair_count"":3,""available_pairs"":3,""unavailable_pairs"":0,""native"":{""count"":""3"",""minimum"":""3051377"",""median"":""3059063"",""maximum"":""3087312"",""median_absolute_deviation"":""7686""},""lsf"":{""count"":""3"",""minimum"":""1245306"",""median"":""1268939"",""maximum"":""1283197"",""median_absolute_deviation"":""14258""},""paired_difference"":{""count"":""3"",""minimum"":""-1818373"",""median"":""-1806071"",""maximum"":""-1775866"",""median_absolute_deviation"":""12302""},""lower"":3,""equal"":0,""higher"":0}}"
32,served,after,cgroup.cpu.user_usec,us,"[{""pair"":0,""first_arm"":""lsf"",""native_group"":5,""lsf_group"":4,""native"":""487806"",""lsf"":""1146352"",""lsf_minus_native"":""658546"",""percent_of_native"":""135.001619""},{""pair"":1,""first_arm"":""lsf"",""native_group"":3,""lsf_group"":2,""native"":""459571"",""lsf"":""1148887"",""lsf_minus_native"":""689316"",""percent_of_native"":""149.991187""},{""pair"":2,""first_arm"":""lsf"",""native_group"":1,""lsf_group"":0,""native"":""547392"",""lsf"":""1143015"",""lsf_minus_native"":""595623"",""percent_of_native"":""108.811053""},{""pair"":3,""first_arm"":""native"",""native_group"":4,""lsf_group"":5,""native"":""503945"",""lsf"":""1164155"",""lsf_minus_native"":""660210"",""percent_of_native"":""131.008344""},{""pair"":4,""first_arm"":""native"",""native_group"":2,""lsf_group"":3,""native"":""539172"",""lsf"":""1151744"",""lsf_minus_native"":""612572"",""percent_of_native"":""113.613467""},{""pair"":5,""first_arm"":""native"",""native_group"":0,""lsf_group"":1,""native"":""474286"",""lsf"":""1100824"",""lsf_minus_native"":""626538"",""percent_of_native"":""132.101306""},{""pair"":6,""first_arm"":""lsf"",""native_group"":5,""lsf_group"":4,""native"":""550021"",""lsf"":""1173784"",""lsf_minus_native"":""623763"",""percent_of_native"":""113.407124""}]",7,7,0,"{""count"":""7"",""minimum"":""459571"",""median"":""503945"",""maximum"":""550021"",""median_absolute_deviation"":""35227""}","{""count"":""7"",""minimum"":""1100824"",""median"":""1148887"",""maximum"":""1173784"",""median_absolute_deviation"":""5872""}","{""count"":""7"",""minimum"":""595623"",""median"":""626538"",""maximum"":""689316"",""median_absolute_deviation"":""30915""}",0,0,7,"{""lsf"":{""pair_count"":4,""available_pairs"":4,""unavailable_pairs"":0,""native"":{""count"":""4"",""minimum"":""459571"",""median"":""517599"",""maximum"":""550021"",""median_absolute_deviation"":""31107.5""},""lsf"":{""count"":""4"",""minimum"":""1143015"",""median"":""1147619.5"",""maximum"":""1173784"",""median_absolute_deviation"":""2936""},""paired_difference"":{""count"":""4"",""minimum"":""595623"",""median"":""641154.5"",""maximum"":""689316"",""median_absolute_deviation"":""31461.5""},""lower"":0,""equal"":0,""higher"":4},""native"":{""pair_count"":3,""available_pairs"":3,""unavailable_pairs"":0,""native"":{""count"":""3"",""minimum"":""474286"",""median"":""503945"",""maximum"":""539172"",""median_absolute_deviation"":""29659""},""lsf"":{""count"":""3"",""minimum"":""1100824"",""median"":""1151744"",""maximum"":""1164155"",""median_absolute_deviation"":""12411""},""paired_difference"":{""count"":""3"",""minimum"":""612572"",""median"":""626538"",""maximum"":""660210"",""median_absolute_deviation"":""13966""},""lower"":0,""equal"":0,""higher"":3}}"
32,served,after,cgroup.cpu.system_usec,us,"[{""pair"":0,""first_arm"":""lsf"",""native_group"":5,""lsf_group"":4,""native"":""2602709"",""lsf"":""147388"",""lsf_minus_native"":""-2455321"",""percent_of_native"":""-94.337131""},{""pair"":1,""first_arm"":""lsf"",""native_group"":3,""lsf_group"":2,""native"":""2705494"",""lsf"":""114073"",""lsf_minus_native"":""-2591421"",""percent_of_native"":""-95.783654""},{""pair"":2,""first_arm"":""lsf"",""native_group"":1,""lsf_group"":0,""native"":""2680115"",""lsf"":""149440"",""lsf_minus_native"":""-2530675"",""percent_of_native"":""-94.42412""},{""pair"":3,""first_arm"":""native"",""native_group"":4,""lsf_group"":5,""native"":""2555103"",""lsf"":""119041"",""lsf_minus_native"":""-2436062"",""percent_of_native"":""-95.341049""},{""pair"":4,""first_arm"":""native"",""native_group"":2,""lsf_group"":3,""native"":""2548122"",""lsf"":""117194"",""lsf_minus_native"":""-2430928"",""percent_of_native"":""-95.40077""},{""pair"":5,""first_arm"":""native"",""native_group"":0,""lsf_group"":1,""native"":""2577078"",""lsf"":""144481"",""lsf_minus_native"":""-2432597"",""percent_of_native"":""-94.393612""},{""pair"":6,""first_arm"":""lsf"",""native_group"":5,""lsf_group"":4,""native"":""2473612"",""lsf"":""131332"",""lsf_minus_native"":""-2342280"",""percent_of_native"":""-94.690679""}]",7,7,0,"{""count"":""7"",""minimum"":""2473612"",""median"":""2577078"",""maximum"":""2705494"",""median_absolute_deviation"":""28956""}","{""count"":""7"",""minimum"":""114073"",""median"":""131332"",""maximum"":""149440"",""median_absolute_deviation"":""14138""}","{""count"":""7"",""minimum"":""-2591421"",""median"":""-2436062"",""maximum"":""-2342280"",""median_absolute_deviation"":""19259""}",7,0,0,"{""lsf"":{""pair_count"":4,""available_pairs"":4,""unavailable_pairs"":0,""native"":{""count"":""4"",""minimum"":""2473612"",""median"":""2641412"",""maximum"":""2705494"",""median_absolute_deviation"":""51392.5""},""lsf"":{""count"":""4"",""minimum"":""114073"",""median"":""139360"",""maximum"":""149440"",""median_absolute_deviation"":""9054""},""paired_difference"":{""count"":""4"",""minimum"":""-2591421"",""median"":""-2492998"",""maximum"":""-2342280"",""median_absolute_deviation"":""68050""},""lower"":4,""equal"":0,""higher"":0},""native"":{""pair_count"":3,""available_pairs"":3,""unavailable_pairs"":0,""native"":{""count"":""3"",""minimum"":""2548122"",""median"":""2555103"",""maximum"":""2577078"",""median_absolute_deviation"":""6981""},""lsf"":{""count"":""3"",""minimum"":""117194"",""median"":""119041"",""maximum"":""144481"",""median_absolute_deviation"":""1847""},""paired_difference"":{""count"":""3"",""minimum"":""-2436062"",""median"":""-2432597"",""maximum"":""-2430928"",""median_absolute_deviation"":""1669""},""lower"":3,""equal"":0,""higher"":0}}"
32,served,after,cgroup.cpu.nr_periods,count,"[{""pair"":0,""first_arm"":""lsf"",""native_group"":5,""lsf_group"":4,""native"":""444"",""lsf"":""46"",""lsf_minus_native"":""-398"",""percent_of_native"":""-89.63964""},{""pair"":1,""first_arm"":""lsf"",""native_group"":3,""lsf_group"":2,""native"":""490"",""lsf"":""56"",""lsf_minus_native"":""-434"",""percent_of_native"":""-88.571429""},{""pair"":2,""first_arm"":""lsf"",""native_group"":1,""lsf_group"":0,""native"":""470"",""lsf"":""44"",""lsf_minus_native"":""-426"",""percent_of_native"":""-90.638298""},{""pair"":3,""first_arm"":""native"",""native_group"":4,""lsf_group"":5,""native"":""481"",""lsf"":""50"",""lsf_minus_native"":""-431"",""percent_of_native"":""-89.60499""},{""pair"":4,""first_arm"":""native"",""native_group"":2,""lsf_group"":3,""native"":""470"",""lsf"":""43"",""lsf_minus_native"":""-427"",""percent_of_native"":""-90.851064""},{""pair"":5,""first_arm"":""native"",""native_group"":0,""lsf_group"":1,""native"":""474"",""lsf"":""47"",""lsf_minus_native"":""-427"",""percent_of_native"":""-90.084388""},{""pair"":6,""first_arm"":""lsf"",""native_group"":5,""lsf_group"":4,""native"":""473"",""lsf"":""61"",""lsf_minus_native"":""-412"",""percent_of_native"":""-87.103594""}]",7,7,0,"{""count"":""7"",""minimum"":""444"",""median"":""473"",""maximum"":""490"",""median_absolute_deviation"":""3""}","{""count"":""7"",""minimum"":""43"",""median"":""47"",""maximum"":""61"",""median_absolute_deviation"":""3""}","{""count"":""7"",""minimum"":""-434"",""median"":""-427"",""maximum"":""-398"",""median_absolute_deviation"":""4""}",7,0,0,"{""lsf"":{""pair_count"":4,""available_pairs"":4,""unavailable_pairs"":0,""native"":{""count"":""4"",""minimum"":""444"",""median"":""471.5"",""maximum"":""490"",""median_absolute_deviation"":""10""},""lsf"":{""count"":""4"",""minimum"":""44"",""median"":""51"",""maximum"":""61"",""median_absolute_deviation"":""6""},""paired_difference"":{""count"":""4"",""minimum"":""-434"",""median"":""-419"",""maximum"":""-398"",""median_absolute_deviation"":""11""},""lower"":4,""equal"":0,""higher"":0},""native"":{""pair_count"":3,""available_pairs"":3,""unavailable_pairs"":0,""native"":{""count"":""3"",""minimum"":""470"",""median"":""474"",""maximum"":""481"",""median_absolute_deviation"":""4""},""lsf"":{""count"":""3"",""minimum"":""43"",""median"":""47"",""maximum"":""50"",""median_absolute_deviation"":""3""},""paired_difference"":{""count"":""3"",""minimum"":""-431"",""median"":""-427"",""maximum"":""-427"",""median_absolute_deviation"":""0""},""lower"":3,""equal"":0,""higher"":0}}"
32,served,after,cgroup.cpu.nr_throttled,count,"[{""pair"":0,""first_arm"":""lsf"",""native_group"":5,""lsf_group"":4,""native"":""78"",""lsf"":""0"",""lsf_minus_native"":""-78"",""percent_of_native"":""-100""},{""pair"":1,""first_arm"":""lsf"",""native_group"":3,""lsf_group"":2,""native"":""74"",""lsf"":""0"",""lsf_minus_native"":""-74"",""percent_of_native"":""-100""},{""pair"":2,""first_arm"":""lsf"",""native_group"":1,""lsf_group"":0,""native"":""81"",""lsf"":""0"",""lsf_minus_native"":""-81"",""percent_of_native"":""-100""},{""pair"":3,""first_arm"":""native"",""native_group"":4,""lsf_group"":5,""native"":""68"",""lsf"":""0"",""lsf_minus_native"":""-68"",""percent_of_native"":""-100""},{""pair"":4,""first_arm"":""native"",""native_group"":2,""lsf_group"":3,""native"":""71"",""lsf"":""0"",""lsf_minus_native"":""-71"",""percent_of_native"":""-100""},{""pair"":5,""first_arm"":""native"",""native_group"":0,""lsf_group"":1,""native"":""71"",""lsf"":""0"",""lsf_minus_native"":""-71"",""percent_of_native"":""-100""},{""pair"":6,""first_arm"":""lsf"",""native_group"":5,""lsf_group"":4,""native"":""72"",""lsf"":""0"",""lsf_minus_native"":""-72"",""percent_of_native"":""-100""}]",7,7,0,"{""count"":""7"",""minimum"":""68"",""median"":""72"",""maximum"":""81"",""median_absolute_deviation"":""2""}","{""count"":""7"",""minimum"":""0"",""median"":""0"",""maximum"":""0"",""median_absolute_deviation"":""0""}","{""count"":""7"",""minimum"":""-81"",""median"":""-72"",""maximum"":""-68"",""median_absolute_deviation"":""2""}",7,0,0,"{""lsf"":{""pair_count"":4,""available_pairs"":4,""unavailable_pairs"":0,""native"":{""count"":""4"",""minimum"":""72"",""median"":""76"",""maximum"":""81"",""median_absolute_deviation"":""3""},""lsf"":{""count"":""4"",""minimum"":""0"",""median"":""0"",""maximum"":""0"",""median_absolute_deviation"":""0""},""paired_difference"":{""count"":""4"",""minimum"":""-81"",""median"":""-76"",""maximum"":""-72"",""median_absolute_deviation"":""3""},""lower"":4,""equal"":0,""higher"":0},""native"":{""pair_count"":3,""available_pairs"":3,""unavailable_pairs"":0,""native"":{""count"":""3"",""minimum"":""68"",""median"":""71"",""maximum"":""71"",""median_absolute_deviation"":""0""},""lsf"":{""count"":""3"",""minimum"":""0"",""median"":""0"",""maximum"":""0"",""median_absolute_deviation"":""0""},""paired_difference"":{""count"":""3"",""minimum"":""-71"",""median"":""-71"",""maximum"":""-68"",""median_absolute_deviation"":""0""},""lower"":3,""equal"":0,""higher"":0}}"
32,served,after,cgroup.cpu.throttled_usec,us,"[{""pair"":0,""first_arm"":""lsf"",""native_group"":5,""lsf_group"":4,""native"":""4783674"",""lsf"":""0"",""lsf_minus_native"":""-4783674"",""percent_of_native"":""-100""},{""pair"":1,""first_arm"":""lsf"",""native_group"":3,""lsf_group"":2,""native"":""3156289"",""lsf"":""0"",""lsf_minus_native"":""-3156289"",""percent_of_native"":""-100""},{""pair"":2,""first_arm"":""lsf"",""native_group"":1,""lsf_group"":0,""native"":""4137721"",""lsf"":""0"",""lsf_minus_native"":""-4137721"",""percent_of_native"":""-100""},{""pair"":3,""first_arm"":""native"",""native_group"":4,""lsf_group"":5,""native"":""3108842"",""lsf"":""0"",""lsf_minus_native"":""-3108842"",""percent_of_native"":""-100""},{""pair"":4,""first_arm"":""native"",""native_group"":2,""lsf_group"":3,""native"":""2954351"",""lsf"":""0"",""lsf_minus_native"":""-2954351"",""percent_of_native"":""-100""},{""pair"":5,""first_arm"":""native"",""native_group"":0,""lsf_group"":1,""native"":""3552128"",""lsf"":""0"",""lsf_minus_native"":""-3552128"",""percent_of_native"":""-100""},{""pair"":6,""first_arm"":""lsf"",""native_group"":5,""lsf_group"":4,""native"":""3217480"",""lsf"":""0"",""lsf_minus_native"":""-3217480"",""percent_of_native"":""-100""}]",7,7,0,"{""count"":""7"",""minimum"":""2954351"",""median"":""3217480"",""maximum"":""4783674"",""median_absolute_deviation"":""263129""}","{""count"":""7"",""minimum"":""0"",""median"":""0"",""maximum"":""0"",""median_absolute_deviation"":""0""}","{""count"":""7"",""minimum"":""-4783674"",""median"":""-3217480"",""maximum"":""-2954351"",""median_absolute_deviation"":""263129""}",7,0,0,"{""lsf"":{""pair_count"":4,""available_pairs"":4,""unavailable_pairs"":0,""native"":{""count"":""4"",""minimum"":""3156289"",""median"":""3677600.5"",""maximum"":""4783674"",""median_absolute_deviation"":""490716""},""lsf"":{""count"":""4"",""minimum"":""0"",""median"":""0"",""maximum"":""0"",""median_absolute_deviation"":""0""},""paired_difference"":{""count"":""4"",""minimum"":""-4783674"",""median"":""-3677600.5"",""maximum"":""-3156289"",""median_absolute_deviation"":""490716""},""lower"":4,""equal"":0,""higher"":0},""native"":{""pair_count"":3,""available_pairs"":3,""unavailable_pairs"":0,""native"":{""count"":""3"",""minimum"":""2954351"",""median"":""3108842"",""maximum"":""3552128"",""median_absolute_deviation"":""154491""},""lsf"":{""count"":""3"",""minimum"":""0"",""median"":""0"",""maximum"":""0"",""median_absolute_deviation"":""0""},""paired_difference"":{""count"":""3"",""minimum"":""-3552128"",""median"":""-3108842"",""maximum"":""-2954351"",""median_absolute_deviation"":""154491""},""lower"":3,""equal"":0,""higher"":0}}"
32,served,before,child.rss_bytes,bytes,"[{""pair"":0,""first_arm"":""lsf"",""native_group"":5,""lsf_group"":4,""native"":""149028864"",""lsf"":""27963392"",""lsf_minus_native"":""-121065472"",""percent_of_native"":""-81.236258""},{""pair"":1,""first_arm"":""lsf"",""native_group"":3,""lsf_group"":2,""native"":""148111360"",""lsf"":""28028928"",""lsf_minus_native"":""-120082432"",""percent_of_native"":""-81.075774""},{""pair"":2,""first_arm"":""lsf"",""native_group"":1,""lsf_group"":0,""native"":""149028864"",""lsf"":""27959296"",""lsf_minus_native"":""-121069568"",""percent_of_native"":""-81.239006""},{""pair"":3,""first_arm"":""native"",""native_group"":4,""lsf_group"":5,""native"":""148635648"",""lsf"":""28139520"",""lsf_minus_native"":""-120496128"",""percent_of_native"":""-81.068122""},{""pair"":4,""first_arm"":""native"",""native_group"":2,""lsf_group"":3,""native"":""147849216"",""lsf"":""28389376"",""lsf_minus_native"":""-119459840"",""percent_of_native"":""-80.798426""},{""pair"":5,""first_arm"":""native"",""native_group"":0,""lsf_group"":1,""native"":""149028864"",""lsf"":""28155904"",""lsf_minus_native"":""-120872960"",""percent_of_native"":""-81.10708""},{""pair"":6,""first_arm"":""lsf"",""native_group"":5,""lsf_group"":4,""native"":""148504576"",""lsf"":""28160000"",""lsf_minus_native"":""-120344576"",""percent_of_native"":""-81.037621""}]",7,7,0,"{""count"":""7"",""minimum"":""147849216"",""median"":""148635648"",""maximum"":""149028864"",""median_absolute_deviation"":""393216""}","{""count"":""7"",""minimum"":""27959296"",""median"":""28139520"",""maximum"":""28389376"",""median_absolute_deviation"":""110592""}","{""count"":""7"",""minimum"":""-121069568"",""median"":""-120496128"",""maximum"":""-119459840"",""median_absolute_deviation"":""413696""}",7,0,0,"{""lsf"":{""pair_count"":4,""available_pairs"":4,""unavailable_pairs"":0,""native"":{""count"":""4"",""minimum"":""148111360"",""median"":""148766720"",""maximum"":""149028864"",""median_absolute_deviation"":""262144""},""lsf"":{""count"":""4"",""minimum"":""27959296"",""median"":""27996160"",""maximum"":""28160000"",""median_absolute_deviation"":""34816""},""paired_difference"":{""count"":""4"",""minimum"":""-121069568"",""median"":""-120705024"",""maximum"":""-120082432"",""median_absolute_deviation"":""362496""},""lower"":4,""equal"":0,""higher"":0},""native"":{""pair_count"":3,""available_pairs"":3,""unavailable_pairs"":0,""native"":{""count"":""3"",""minimum"":""147849216"",""median"":""148635648"",""maximum"":""149028864"",""median_absolute_deviation"":""393216""},""lsf"":{""count"":""3"",""minimum"":""28139520"",""median"":""28155904"",""maximum"":""28389376"",""median_absolute_deviation"":""16384""},""paired_difference"":{""count"":""3"",""minimum"":""-120872960"",""median"":""-120496128"",""maximum"":""-119459840"",""median_absolute_deviation"":""376832""},""lower"":3,""equal"":0,""higher"":0}}"
32,served,before,child.threads,count,"[{""pair"":0,""first_arm"":""lsf"",""native_group"":5,""lsf_group"":4,""native"":""96"",""lsf"":""7"",""lsf_minus_native"":""-89"",""percent_of_native"":""-92.708333""},{""pair"":1,""first_arm"":""lsf"",""native_group"":3,""lsf_group"":2,""native"":""96"",""lsf"":""7"",""lsf_minus_native"":""-89"",""percent_of_native"":""-92.708333""},{""pair"":2,""first_arm"":""lsf"",""native_group"":1,""lsf_group"":0,""native"":""96"",""lsf"":""7"",""lsf_minus_native"":""-89"",""percent_of_native"":""-92.708333""},{""pair"":3,""first_arm"":""native"",""native_group"":4,""lsf_group"":5,""native"":""96"",""lsf"":""7"",""lsf_minus_native"":""-89"",""percent_of_native"":""-92.708333""},{""pair"":4,""first_arm"":""native"",""native_group"":2,""lsf_group"":3,""native"":""96"",""lsf"":""7"",""lsf_minus_native"":""-89"",""percent_of_native"":""-92.708333""},{""pair"":5,""first_arm"":""native"",""native_group"":0,""lsf_group"":1,""native"":""96"",""lsf"":""7"",""lsf_minus_native"":""-89"",""percent_of_native"":""-92.708333""},{""pair"":6,""first_arm"":""lsf"",""native_group"":5,""lsf_group"":4,""native"":""96"",""lsf"":""7"",""lsf_minus_native"":""-89"",""percent_of_native"":""-92.708333""}]",7,7,0,"{""count"":""7"",""minimum"":""96"",""median"":""96"",""maximum"":""96"",""median_absolute_deviation"":""0""}","{""count"":""7"",""minimum"":""7"",""median"":""7"",""maximum"":""7"",""median_absolute_deviation"":""0""}","{""count"":""7"",""minimum"":""-89"",""median"":""-89"",""maximum"":""-89"",""median_absolute_deviation"":""0""}",7,0,0,"{""lsf"":{""pair_count"":4,""available_pairs"":4,""unavailable_pairs"":0,""native"":{""count"":""4"",""minimum"":""96"",""median"":""96"",""maximum"":""96"",""median_absolute_deviation"":""0""},""lsf"":{""count"":""4"",""minimum"":""7"",""median"":""7"",""maximum"":""7"",""median_absolute_deviation"":""0""},""paired_difference"":{""count"":""4"",""minimum"":""-89"",""median"":""-89"",""maximum"":""-89"",""median_absolute_deviation"":""0""},""lower"":4,""equal"":0,""higher"":0},""native"":{""pair_count"":3,""available_pairs"":3,""unavailable_pairs"":0,""native"":{""count"":""3"",""minimum"":""96"",""median"":""96"",""maximum"":""96"",""median_absolute_deviation"":""0""},""lsf"":{""count"":""3"",""minimum"":""7"",""median"":""7"",""maximum"":""7"",""median_absolute_deviation"":""0""},""paired_difference"":{""count"":""3"",""minimum"":""-89"",""median"":""-89"",""maximum"":""-89"",""median_absolute_deviation"":""0""},""lower"":3,""equal"":0,""higher"":0}}"
32,served,before,child.fd_count,count,"[{""pair"":0,""first_arm"":""lsf"",""native_group"":5,""lsf_group"":4,""native"":""352"",""lsf"":""80"",""lsf_minus_native"":""-272"",""percent_of_native"":""-77.272727""},{""pair"":1,""first_arm"":""lsf"",""native_group"":3,""lsf_group"":2,""native"":""352"",""lsf"":""80"",""lsf_minus_native"":""-272"",""percent_of_native"":""-77.272727""},{""pair"":2,""first_arm"":""lsf"",""native_group"":1,""lsf_group"":0,""native"":""352"",""lsf"":""80"",""lsf_minus_native"":""-272"",""percent_of_native"":""-77.272727""},{""pair"":3,""first_arm"":""native"",""native_group"":4,""lsf_group"":5,""native"":""352"",""lsf"":""80"",""lsf_minus_native"":""-272"",""percent_of_native"":""-77.272727""},{""pair"":4,""first_arm"":""native"",""native_group"":2,""lsf_group"":3,""native"":""352"",""lsf"":""80"",""lsf_minus_native"":""-272"",""percent_of_native"":""-77.272727""},{""pair"":5,""first_arm"":""native"",""native_group"":0,""lsf_group"":1,""native"":""352"",""lsf"":""80"",""lsf_minus_native"":""-272"",""percent_of_native"":""-77.272727""},{""pair"":6,""first_arm"":""lsf"",""native_group"":5,""lsf_group"":4,""native"":""352"",""lsf"":""80"",""lsf_minus_native"":""-272"",""percent_of_native"":""-77.272727""}]",7,7,0,"{""count"":""7"",""minimum"":""352"",""median"":""352"",""maximum"":""352"",""median_absolute_deviation"":""0""}","{""count"":""7"",""minimum"":""80"",""median"":""80"",""maximum"":""80"",""median_absolute_deviation"":""0""}","{""count"":""7"",""minimum"":""-272"",""median"":""-272"",""maximum"":""-272"",""median_absolute_deviation"":""0""}",7,0,0,"{""lsf"":{""pair_count"":4,""available_pairs"":4,""unavailable_pairs"":0,""native"":{""count"":""4"",""minimum"":""352"",""median"":""352"",""maximum"":""352"",""median_absolute_deviation"":""0""},""lsf"":{""count"":""4"",""minimum"":""80"",""median"":""80"",""maximum"":""80"",""median_absolute_deviation"":""0""},""paired_difference"":{""count"":""4"",""minimum"":""-272"",""median"":""-272"",""maximum"":""-272"",""median_absolute_deviation"":""0""},""lower"":4,""equal"":0,""higher"":0},""native"":{""pair_count"":3,""available_pairs"":3,""unavailable_pairs"":0,""native"":{""count"":""3"",""minimum"":""352"",""median"":""352"",""maximum"":""352"",""median_absolute_deviation"":""0""},""lsf"":{""count"":""3"",""minimum"":""80"",""median"":""80"",""maximum"":""80"",""median_absolute_deviation"":""0""},""paired_difference"":{""count"":""3"",""minimum"":""-272"",""median"":""-272"",""maximum"":""-272"",""median_absolute_deviation"":""0""},""lower"":3,""equal"":0,""higher"":0}}"
32,served,before,child.listener_count,count,"[{""pair"":0,""first_arm"":""lsf"",""native_group"":5,""lsf_group"":4,""native"":""32"",""lsf"":""1"",""lsf_minus_native"":""-31"",""percent_of_native"":""-96.875""},{""pair"":1,""first_arm"":""lsf"",""native_group"":3,""lsf_group"":2,""native"":""32"",""lsf"":""1"",""lsf_minus_native"":""-31"",""percent_of_native"":""-96.875""},{""pair"":2,""first_arm"":""lsf"",""native_group"":1,""lsf_group"":0,""native"":""32"",""lsf"":""1"",""lsf_minus_native"":""-31"",""percent_of_native"":""-96.875""},{""pair"":3,""first_arm"":""native"",""native_group"":4,""lsf_group"":5,""native"":""32"",""lsf"":""1"",""lsf_minus_native"":""-31"",""percent_of_native"":""-96.875""},{""pair"":4,""first_arm"":""native"",""native_group"":2,""lsf_group"":3,""native"":""32"",""lsf"":""1"",""lsf_minus_native"":""-31"",""percent_of_native"":""-96.875""},{""pair"":5,""first_arm"":""native"",""native_group"":0,""lsf_group"":1,""native"":""32"",""lsf"":""1"",""lsf_minus_native"":""-31"",""percent_of_native"":""-96.875""},{""pair"":6,""first_arm"":""lsf"",""native_group"":5,""lsf_group"":4,""native"":""32"",""lsf"":""1"",""lsf_minus_native"":""-31"",""percent_of_native"":""-96.875""}]",7,7,0,"{""count"":""7"",""minimum"":""32"",""median"":""32"",""maximum"":""32"",""median_absolute_deviation"":""0""}","{""count"":""7"",""minimum"":""1"",""median"":""1"",""maximum"":""1"",""median_absolute_deviation"":""0""}","{""count"":""7"",""minimum"":""-31"",""median"":""-31"",""maximum"":""-31"",""median_absolute_deviation"":""0""}",7,0,0,"{""lsf"":{""pair_count"":4,""available_pairs"":4,""unavailable_pairs"":0,""native"":{""count"":""4"",""minimum"":""32"",""median"":""32"",""maximum"":""32"",""median_absolute_deviation"":""0""},""lsf"":{""count"":""4"",""minimum"":""1"",""median"":""1"",""maximum"":""1"",""median_absolute_deviation"":""0""},""paired_difference"":{""count"":""4"",""minimum"":""-31"",""median"":""-31"",""maximum"":""-31"",""median_absolute_deviation"":""0""},""lower"":4,""equal"":0,""higher"":0},""native"":{""pair_count"":3,""available_pairs"":3,""unavailable_pairs"":0,""native"":{""count"":""3"",""minimum"":""32"",""median"":""32"",""maximum"":""32"",""median_absolute_deviation"":""0""},""lsf"":{""count"":""3"",""minimum"":""1"",""median"":""1"",""maximum"":""1"",""median_absolute_deviation"":""0""},""paired_difference"":{""count"":""3"",""minimum"":""-31"",""median"":""-31"",""maximum"":""-31"",""median_absolute_deviation"":""0""},""lower"":3,""equal"":0,""higher"":0}}"
32,served,before,wrapper.rss_bytes,bytes,"[{""pair"":0,""first_arm"":""lsf"",""native_group"":5,""lsf_group"":4,""native"":""122028032"",""lsf"":""4456448"",""lsf_minus_native"":""-117571584"",""percent_of_native"":""-96.348013""},{""pair"":1,""first_arm"":""lsf"",""native_group"":3,""lsf_group"":2,""native"":""121634816"",""lsf"":""4587520"",""lsf_minus_native"":""-117047296"",""percent_of_native"":""-96.228448""},{""pair"":2,""first_arm"":""lsf"",""native_group"":1,""lsf_group"":0,""native"":""120717312"",""lsf"":""4456448"",""lsf_minus_native"":""-116260864"",""percent_of_native"":""-96.30836""},{""pair"":3,""first_arm"":""native"",""native_group"":4,""lsf_group"":5,""native"":""120586240"",""lsf"":""4587520"",""lsf_minus_native"":""-115998720"",""percent_of_native"":""-96.195652""},{""pair"":4,""first_arm"":""native"",""native_group"":2,""lsf_group"":3,""native"":""121896960"",""lsf"":""4456448"",""lsf_minus_native"":""-117440512"",""percent_of_native"":""-96.344086""},{""pair"":5,""first_arm"":""native"",""native_group"":0,""lsf_group"":1,""native"":""121372672"",""lsf"":""4718592"",""lsf_minus_native"":""-116654080"",""percent_of_native"":""-96.112311""},{""pair"":6,""first_arm"":""lsf"",""native_group"":5,""lsf_group"":4,""native"":""122159104"",""lsf"":""4456448"",""lsf_minus_native"":""-117702656"",""percent_of_native"":""-96.351931""}]",7,7,0,"{""count"":""7"",""minimum"":""120586240"",""median"":""121634816"",""maximum"":""122159104"",""median_absolute_deviation"":""393216""}","{""count"":""7"",""minimum"":""4456448"",""median"":""4456448"",""maximum"":""4718592"",""median_absolute_deviation"":""0""}","{""count"":""7"",""minimum"":""-117702656"",""median"":""-117047296"",""maximum"":""-115998720"",""median_absolute_deviation"":""524288""}",7,0,0,"{""lsf"":{""pair_count"":4,""available_pairs"":4,""unavailable_pairs"":0,""native"":{""count"":""4"",""minimum"":""120717312"",""median"":""121831424"",""maximum"":""122159104"",""median_absolute_deviation"":""262144""},""lsf"":{""count"":""4"",""minimum"":""4456448"",""median"":""4456448"",""maximum"":""4587520"",""median_absolute_deviation"":""0""},""paired_difference"":{""count"":""4"",""minimum"":""-117702656"",""median"":""-117309440"",""maximum"":""-116260864"",""median_absolute_deviation"":""327680""},""lower"":4,""equal"":0,""higher"":0},""native"":{""pair_count"":3,""available_pairs"":3,""unavailable_pairs"":0,""native"":{""count"":""3"",""minimum"":""120586240"",""median"":""121372672"",""maximum"":""121896960"",""median_absolute_deviation"":""524288""},""lsf"":{""count"":""3"",""minimum"":""4456448"",""median"":""4587520"",""maximum"":""4718592"",""median_absolute_deviation"":""131072""},""paired_difference"":{""count"":""3"",""minimum"":""-117440512"",""median"":""-116654080"",""maximum"":""-115998720"",""median_absolute_deviation"":""655360""},""lower"":3,""equal"":0,""higher"":0}}"
32,served,before,wrapper.threads,count,"[{""pair"":0,""first_arm"":""lsf"",""native_group"":5,""lsf_group"":4,""native"":""96"",""lsf"":""3"",""lsf_minus_native"":""-93"",""percent_of_native"":""-96.875""},{""pair"":1,""first_arm"":""lsf"",""native_group"":3,""lsf_group"":2,""native"":""96"",""lsf"":""3"",""lsf_minus_native"":""-93"",""percent_of_native"":""-96.875""},{""pair"":2,""first_arm"":""lsf"",""native_group"":1,""lsf_group"":0,""native"":""96"",""lsf"":""3"",""lsf_minus_native"":""-93"",""percent_of_native"":""-96.875""},{""pair"":3,""first_arm"":""native"",""native_group"":4,""lsf_group"":5,""native"":""96"",""lsf"":""3"",""lsf_minus_native"":""-93"",""percent_of_native"":""-96.875""},{""pair"":4,""first_arm"":""native"",""native_group"":2,""lsf_group"":3,""native"":""96"",""lsf"":""3"",""lsf_minus_native"":""-93"",""percent_of_native"":""-96.875""},{""pair"":5,""first_arm"":""native"",""native_group"":0,""lsf_group"":1,""native"":""96"",""lsf"":""3"",""lsf_minus_native"":""-93"",""percent_of_native"":""-96.875""},{""pair"":6,""first_arm"":""lsf"",""native_group"":5,""lsf_group"":4,""native"":""96"",""lsf"":""3"",""lsf_minus_native"":""-93"",""percent_of_native"":""-96.875""}]",7,7,0,"{""count"":""7"",""minimum"":""96"",""median"":""96"",""maximum"":""96"",""median_absolute_deviation"":""0""}","{""count"":""7"",""minimum"":""3"",""median"":""3"",""maximum"":""3"",""median_absolute_deviation"":""0""}","{""count"":""7"",""minimum"":""-93"",""median"":""-93"",""maximum"":""-93"",""median_absolute_deviation"":""0""}",7,0,0,"{""lsf"":{""pair_count"":4,""available_pairs"":4,""unavailable_pairs"":0,""native"":{""count"":""4"",""minimum"":""96"",""median"":""96"",""maximum"":""96"",""median_absolute_deviation"":""0""},""lsf"":{""count"":""4"",""minimum"":""3"",""median"":""3"",""maximum"":""3"",""median_absolute_deviation"":""0""},""paired_difference"":{""count"":""4"",""minimum"":""-93"",""median"":""-93"",""maximum"":""-93"",""median_absolute_deviation"":""0""},""lower"":4,""equal"":0,""higher"":0},""native"":{""pair_count"":3,""available_pairs"":3,""unavailable_pairs"":0,""native"":{""count"":""3"",""minimum"":""96"",""median"":""96"",""maximum"":""96"",""median_absolute_deviation"":""0""},""lsf"":{""count"":""3"",""minimum"":""3"",""median"":""3"",""maximum"":""3"",""median_absolute_deviation"":""0""},""paired_difference"":{""count"":""3"",""minimum"":""-93"",""median"":""-93"",""maximum"":""-93"",""median_absolute_deviation"":""0""},""lower"":3,""equal"":0,""higher"":0}}"
32,served,before,wrapper.fd_count,count,"[{""pair"":0,""first_arm"":""lsf"",""native_group"":5,""lsf_group"":4,""native"":""608"",""lsf"":""81"",""lsf_minus_native"":""-527"",""percent_of_native"":""-86.677632""},{""pair"":1,""first_arm"":""lsf"",""native_group"":3,""lsf_group"":2,""native"":""608"",""lsf"":""81"",""lsf_minus_native"":""-527"",""percent_of_native"":""-86.677632""},{""pair"":2,""first_arm"":""lsf"",""native_group"":1,""lsf_group"":0,""native"":""608"",""lsf"":""81"",""lsf_minus_native"":""-527"",""percent_of_native"":""-86.677632""},{""pair"":3,""first_arm"":""native"",""native_group"":4,""lsf_group"":5,""native"":""608"",""lsf"":""81"",""lsf_minus_native"":""-527"",""percent_of_native"":""-86.677632""},{""pair"":4,""first_arm"":""native"",""native_group"":2,""lsf_group"":3,""native"":""608"",""lsf"":""81"",""lsf_minus_native"":""-527"",""percent_of_native"":""-86.677632""},{""pair"":5,""first_arm"":""native"",""native_group"":0,""lsf_group"":1,""native"":""608"",""lsf"":""81"",""lsf_minus_native"":""-527"",""percent_of_native"":""-86.677632""},{""pair"":6,""first_arm"":""lsf"",""native_group"":5,""lsf_group"":4,""native"":""608"",""lsf"":""81"",""lsf_minus_native"":""-527"",""percent_of_native"":""-86.677632""}]",7,7,0,"{""count"":""7"",""minimum"":""608"",""median"":""608"",""maximum"":""608"",""median_absolute_deviation"":""0""}","{""count"":""7"",""minimum"":""81"",""median"":""81"",""maximum"":""81"",""median_absolute_deviation"":""0""}","{""count"":""7"",""minimum"":""-527"",""median"":""-527"",""maximum"":""-527"",""median_absolute_deviation"":""0""}",7,0,0,"{""lsf"":{""pair_count"":4,""available_pairs"":4,""unavailable_pairs"":0,""native"":{""count"":""4"",""minimum"":""608"",""median"":""608"",""maximum"":""608"",""median_absolute_deviation"":""0""},""lsf"":{""count"":""4"",""minimum"":""81"",""median"":""81"",""maximum"":""81"",""median_absolute_deviation"":""0""},""paired_difference"":{""count"":""4"",""minimum"":""-527"",""median"":""-527"",""maximum"":""-527"",""median_absolute_deviation"":""0""},""lower"":4,""equal"":0,""higher"":0},""native"":{""pair_count"":3,""available_pairs"":3,""unavailable_pairs"":0,""native"":{""count"":""3"",""minimum"":""608"",""median"":""608"",""maximum"":""608"",""median_absolute_deviation"":""0""},""lsf"":{""count"":""3"",""minimum"":""81"",""median"":""81"",""maximum"":""81"",""median_absolute_deviation"":""0""},""paired_difference"":{""count"":""3"",""minimum"":""-527"",""median"":""-527"",""maximum"":""-527"",""median_absolute_deviation"":""0""},""lower"":3,""equal"":0,""higher"":0}}"
32,served,before,wrapper.listener_count,count,"[{""pair"":0,""first_arm"":""lsf"",""native_group"":5,""lsf_group"":4,""native"":""32"",""lsf"":""1"",""lsf_minus_native"":""-31"",""percent_of_native"":""-96.875""},{""pair"":1,""first_arm"":""lsf"",""native_group"":3,""lsf_group"":2,""native"":""32"",""lsf"":""1"",""lsf_minus_native"":""-31"",""percent_of_native"":""-96.875""},{""pair"":2,""first_arm"":""lsf"",""native_group"":1,""lsf_group"":0,""native"":""32"",""lsf"":""1"",""lsf_minus_native"":""-31"",""percent_of_native"":""-96.875""},{""pair"":3,""first_arm"":""native"",""native_group"":4,""lsf_group"":5,""native"":""32"",""lsf"":""1"",""lsf_minus_native"":""-31"",""percent_of_native"":""-96.875""},{""pair"":4,""first_arm"":""native"",""native_group"":2,""lsf_group"":3,""native"":""32"",""lsf"":""1"",""lsf_minus_native"":""-31"",""percent_of_native"":""-96.875""},{""pair"":5,""first_arm"":""native"",""native_group"":0,""lsf_group"":1,""native"":""32"",""lsf"":""1"",""lsf_minus_native"":""-31"",""percent_of_native"":""-96.875""},{""pair"":6,""first_arm"":""lsf"",""native_group"":5,""lsf_group"":4,""native"":""32"",""lsf"":""1"",""lsf_minus_native"":""-31"",""percent_of_native"":""-96.875""}]",7,7,0,"{""count"":""7"",""minimum"":""32"",""median"":""32"",""maximum"":""32"",""median_absolute_deviation"":""0""}","{""count"":""7"",""minimum"":""1"",""median"":""1"",""maximum"":""1"",""median_absolute_deviation"":""0""}","{""count"":""7"",""minimum"":""-31"",""median"":""-31"",""maximum"":""-31"",""median_absolute_deviation"":""0""}",7,0,0,"{""lsf"":{""pair_count"":4,""available_pairs"":4,""unavailable_pairs"":0,""native"":{""count"":""4"",""minimum"":""32"",""median"":""32"",""maximum"":""32"",""median_absolute_deviation"":""0""},""lsf"":{""count"":""4"",""minimum"":""1"",""median"":""1"",""maximum"":""1"",""median_absolute_deviation"":""0""},""paired_difference"":{""count"":""4"",""minimum"":""-31"",""median"":""-31"",""maximum"":""-31"",""median_absolute_deviation"":""0""},""lower"":4,""equal"":0,""higher"":0},""native"":{""pair_count"":3,""available_pairs"":3,""unavailable_pairs"":0,""native"":{""count"":""3"",""minimum"":""32"",""median"":""32"",""maximum"":""32"",""median_absolute_deviation"":""0""},""lsf"":{""count"":""3"",""minimum"":""1"",""median"":""1"",""maximum"":""1"",""median_absolute_deviation"":""0""},""paired_difference"":{""count"":""3"",""minimum"":""-31"",""median"":""-31"",""maximum"":""-31"",""median_absolute_deviation"":""0""},""lower"":3,""equal"":0,""higher"":0}}"
32,served,before,cgroup.memory_current_bytes,bytes,"[{""pair"":0,""first_arm"":""lsf"",""native_group"":5,""lsf_group"":4,""native"":""58535936"",""lsf"":""13205504"",""lsf_minus_native"":""-45330432"",""percent_of_native"":""-77.440347""},{""pair"":1,""first_arm"":""lsf"",""native_group"":3,""lsf_group"":2,""native"":""58429440"",""lsf"":""13238272"",""lsf_minus_native"":""-45191168"",""percent_of_native"":""-77.343148""},{""pair"":2,""first_arm"":""lsf"",""native_group"":1,""lsf_group"":0,""native"":""58363904"",""lsf"":""13189120"",""lsf_minus_native"":""-45174784"",""percent_of_native"":""-77.401923""},{""pair"":3,""first_arm"":""native"",""native_group"":4,""lsf_group"":5,""native"":""58662912"",""lsf"":""13205504"",""lsf_minus_native"":""-45457408"",""percent_of_native"":""-77.489177""},{""pair"":4,""first_arm"":""native"",""native_group"":2,""lsf_group"":3,""native"":""58396672"",""lsf"":""13672448"",""lsf_minus_native"":""-44724224"",""percent_of_native"":""-76.58694""},{""pair"":5,""first_arm"":""native"",""native_group"":0,""lsf_group"":1,""native"":""58654720"",""lsf"":""13131776"",""lsf_minus_native"":""-45522944"",""percent_of_native"":""-77.611732""},{""pair"":6,""first_arm"":""lsf"",""native_group"":5,""lsf_group"":4,""native"":""58392576"",""lsf"":""13602816"",""lsf_minus_native"":""-44789760"",""percent_of_native"":""-76.704545""}]",7,7,0,"{""count"":""7"",""minimum"":""58363904"",""median"":""58429440"",""maximum"":""58662912"",""median_absolute_deviation"":""65536""}","{""count"":""7"",""minimum"":""13131776"",""median"":""13205504"",""maximum"":""13672448"",""median_absolute_deviation"":""32768""}","{""count"":""7"",""minimum"":""-45522944"",""median"":""-45191168"",""maximum"":""-44724224"",""median_absolute_deviation"":""266240""}",7,0,0,"{""lsf"":{""pair_count"":4,""available_pairs"":4,""unavailable_pairs"":0,""native"":{""count"":""4"",""minimum"":""58363904"",""median"":""58411008"",""maximum"":""58535936"",""median_absolute_deviation"":""32768""},""lsf"":{""count"":""4"",""minimum"":""13189120"",""median"":""13221888"",""maximum"":""13602816"",""median_absolute_deviation"":""24576""},""paired_difference"":{""count"":""4"",""minimum"":""-45330432"",""median"":""-45182976"",""maximum"":""-44789760"",""median_absolute_deviation"":""77824""},""lower"":4,""equal"":0,""higher"":0},""native"":{""pair_count"":3,""available_pairs"":3,""unavailable_pairs"":0,""native"":{""count"":""3"",""minimum"":""58396672"",""median"":""58654720"",""maximum"":""58662912"",""median_absolute_deviation"":""8192""},""lsf"":{""count"":""3"",""minimum"":""13131776"",""median"":""13205504"",""maximum"":""13672448"",""median_absolute_deviation"":""73728""},""paired_difference"":{""count"":""3"",""minimum"":""-45522944"",""median"":""-45457408"",""maximum"":""-44724224"",""median_absolute_deviation"":""65536""},""lower"":3,""equal"":0,""higher"":0}}"
32,served,before,cgroup.sum_leaf_lifetime_memory_peak_bytes,bytes,"[{""pair"":0,""first_arm"":""lsf"",""native_group"":5,""lsf_group"":4,""native"":""186527744"",""lsf"":""14077952"",""lsf_minus_native"":""-172449792"",""percent_of_native"":""-92.452623""},{""pair"":1,""first_arm"":""lsf"",""native_group"":3,""lsf_group"":2,""native"":""186793984"",""lsf"":""14102528"",""lsf_minus_native"":""-172691456"",""percent_of_native"":""-92.450224""},{""pair"":2,""first_arm"":""lsf"",""native_group"":1,""lsf_group"":0,""native"":""189222912"",""lsf"":""14090240"",""lsf_minus_native"":""-175132672"",""percent_of_native"":""-92.553629""},{""pair"":3,""first_arm"":""native"",""native_group"":4,""lsf_group"":5,""native"":""187052032"",""lsf"":""14360576"",""lsf_minus_native"":""-172691456"",""percent_of_native"":""-92.322684""},{""pair"":4,""first_arm"":""native"",""native_group"":2,""lsf_group"":3,""native"":""185954304"",""lsf"":""14303232"",""lsf_minus_native"":""-171651072"",""percent_of_native"":""-92.308201""},{""pair"":5,""first_arm"":""native"",""native_group"":0,""lsf_group"":1,""native"":""192487424"",""lsf"":""14209024"",""lsf_minus_native"":""-178278400"",""percent_of_native"":""-92.618207""},{""pair"":6,""first_arm"":""lsf"",""native_group"":5,""lsf_group"":4,""native"":""185868288"",""lsf"":""14323712"",""lsf_minus_native"":""-171544576"",""percent_of_native"":""-92.293622""}]",7,7,0,"{""count"":""7"",""minimum"":""185868288"",""median"":""186793984"",""maximum"":""192487424"",""median_absolute_deviation"":""839680""}","{""count"":""7"",""minimum"":""14077952"",""median"":""14209024"",""maximum"":""14360576"",""median_absolute_deviation"":""114688""}","{""count"":""7"",""minimum"":""-178278400"",""median"":""-172691456"",""maximum"":""-171544576"",""median_absolute_deviation"":""1040384""}",7,0,0,"{""lsf"":{""pair_count"":4,""available_pairs"":4,""unavailable_pairs"":0,""native"":{""count"":""4"",""minimum"":""185868288"",""median"":""186660864"",""maximum"":""189222912"",""median_absolute_deviation"":""462848""},""lsf"":{""count"":""4"",""minimum"":""14077952"",""median"":""14096384"",""maximum"":""14323712"",""median_absolute_deviation"":""12288""},""paired_difference"":{""count"":""4"",""minimum"":""-175132672"",""median"":""-172570624"",""maximum"":""-171544576"",""median_absolute_deviation"":""573440""},""lower"":4,""equal"":0,""higher"":0},""native"":{""pair_count"":3,""available_pairs"":3,""unavailable_pairs"":0,""native"":{""count"":""3"",""minimum"":""185954304"",""median"":""187052032"",""maximum"":""192487424"",""median_absolute_deviation"":""1097728""},""lsf"":{""count"":""3"",""minimum"":""14209024"",""median"":""14303232"",""maximum"":""14360576"",""median_absolute_deviation"":""57344""},""paired_difference"":{""count"":""3"",""minimum"":""-178278400"",""median"":""-172691456"",""maximum"":""-171651072"",""median_absolute_deviation"":""1040384""},""lower"":3,""equal"":0,""higher"":0}}"
32,served,before,cgroup.memory_swap_current_bytes,bytes,"[{""pair"":0,""first_arm"":""lsf"",""native_group"":5,""lsf_group"":4,""native"":""0"",""lsf"":""0"",""lsf_minus_native"":""0"",""percent_of_native"":null},{""pair"":1,""first_arm"":""lsf"",""native_group"":3,""lsf_group"":2,""native"":""0"",""lsf"":""0"",""lsf_minus_native"":""0"",""percent_of_native"":null},{""pair"":2,""first_arm"":""lsf"",""native_group"":1,""lsf_group"":0,""native"":""0"",""lsf"":""0"",""lsf_minus_native"":""0"",""percent_of_native"":null},{""pair"":3,""first_arm"":""native"",""native_group"":4,""lsf_group"":5,""native"":""0"",""lsf"":""0"",""lsf_minus_native"":""0"",""percent_of_native"":null},{""pair"":4,""first_arm"":""native"",""native_group"":2,""lsf_group"":3,""native"":""0"",""lsf"":""0"",""lsf_minus_native"":""0"",""percent_of_native"":null},{""pair"":5,""first_arm"":""native"",""native_group"":0,""lsf_group"":1,""native"":""0"",""lsf"":""0"",""lsf_minus_native"":""0"",""percent_of_native"":null},{""pair"":6,""first_arm"":""lsf"",""native_group"":5,""lsf_group"":4,""native"":""0"",""lsf"":""0"",""lsf_minus_native"":""0"",""percent_of_native"":null}]",7,7,0,"{""count"":""7"",""minimum"":""0"",""median"":""0"",""maximum"":""0"",""median_absolute_deviation"":""0""}","{""count"":""7"",""minimum"":""0"",""median"":""0"",""maximum"":""0"",""median_absolute_deviation"":""0""}","{""count"":""7"",""minimum"":""0"",""median"":""0"",""maximum"":""0"",""median_absolute_deviation"":""0""}",0,7,0,"{""lsf"":{""pair_count"":4,""available_pairs"":4,""unavailable_pairs"":0,""native"":{""count"":""4"",""minimum"":""0"",""median"":""0"",""maximum"":""0"",""median_absolute_deviation"":""0""},""lsf"":{""count"":""4"",""minimum"":""0"",""median"":""0"",""maximum"":""0"",""median_absolute_deviation"":""0""},""paired_difference"":{""count"":""4"",""minimum"":""0"",""median"":""0"",""maximum"":""0"",""median_absolute_deviation"":""0""},""lower"":0,""equal"":4,""higher"":0},""native"":{""pair_count"":3,""available_pairs"":3,""unavailable_pairs"":0,""native"":{""count"":""3"",""minimum"":""0"",""median"":""0"",""maximum"":""0"",""median_absolute_deviation"":""0""},""lsf"":{""count"":""3"",""minimum"":""0"",""median"":""0"",""maximum"":""0"",""median_absolute_deviation"":""0""},""paired_difference"":{""count"":""3"",""minimum"":""0"",""median"":""0"",""maximum"":""0"",""median_absolute_deviation"":""0""},""lower"":0,""equal"":3,""higher"":0}}"
32,served,before,cgroup.pids_current,count,"[{""pair"":0,""first_arm"":""lsf"",""native_group"":5,""lsf_group"":4,""native"":""192"",""lsf"":""10"",""lsf_minus_native"":""-182"",""percent_of_native"":""-94.791667""},{""pair"":1,""first_arm"":""lsf"",""native_group"":3,""lsf_group"":2,""native"":""192"",""lsf"":""10"",""lsf_minus_native"":""-182"",""percent_of_native"":""-94.791667""},{""pair"":2,""first_arm"":""lsf"",""native_group"":1,""lsf_group"":0,""native"":""192"",""lsf"":""10"",""lsf_minus_native"":""-182"",""percent_of_native"":""-94.791667""},{""pair"":3,""first_arm"":""native"",""native_group"":4,""lsf_group"":5,""native"":""192"",""lsf"":""10"",""lsf_minus_native"":""-182"",""percent_of_native"":""-94.791667""},{""pair"":4,""first_arm"":""native"",""native_group"":2,""lsf_group"":3,""native"":""192"",""lsf"":""10"",""lsf_minus_native"":""-182"",""percent_of_native"":""-94.791667""},{""pair"":5,""first_arm"":""native"",""native_group"":0,""lsf_group"":1,""native"":""192"",""lsf"":""10"",""lsf_minus_native"":""-182"",""percent_of_native"":""-94.791667""},{""pair"":6,""first_arm"":""lsf"",""native_group"":5,""lsf_group"":4,""native"":""192"",""lsf"":""10"",""lsf_minus_native"":""-182"",""percent_of_native"":""-94.791667""}]",7,7,0,"{""count"":""7"",""minimum"":""192"",""median"":""192"",""maximum"":""192"",""median_absolute_deviation"":""0""}","{""count"":""7"",""minimum"":""10"",""median"":""10"",""maximum"":""10"",""median_absolute_deviation"":""0""}","{""count"":""7"",""minimum"":""-182"",""median"":""-182"",""maximum"":""-182"",""median_absolute_deviation"":""0""}",7,0,0,"{""lsf"":{""pair_count"":4,""available_pairs"":4,""unavailable_pairs"":0,""native"":{""count"":""4"",""minimum"":""192"",""median"":""192"",""maximum"":""192"",""median_absolute_deviation"":""0""},""lsf"":{""count"":""4"",""minimum"":""10"",""median"":""10"",""maximum"":""10"",""median_absolute_deviation"":""0""},""paired_difference"":{""count"":""4"",""minimum"":""-182"",""median"":""-182"",""maximum"":""-182"",""median_absolute_deviation"":""0""},""lower"":4,""equal"":0,""higher"":0},""native"":{""pair_count"":3,""available_pairs"":3,""unavailable_pairs"":0,""native"":{""count"":""3"",""minimum"":""192"",""median"":""192"",""maximum"":""192"",""median_absolute_deviation"":""0""},""lsf"":{""count"":""3"",""minimum"":""10"",""median"":""10"",""maximum"":""10"",""median_absolute_deviation"":""0""},""paired_difference"":{""count"":""3"",""minimum"":""-182"",""median"":""-182"",""maximum"":""-182"",""median_absolute_deviation"":""0""},""lower"":3,""equal"":0,""higher"":0}}"
32,served,before,cgroup.cpu.usage_usec,us,"[{""pair"":0,""first_arm"":""lsf"",""native_group"":5,""lsf_group"":4,""native"":""2760479"",""lsf"":""1278779"",""lsf_minus_native"":""-1481700"",""percent_of_native"":""-53.675467""},{""pair"":1,""first_arm"":""lsf"",""native_group"":3,""lsf_group"":2,""native"":""2840769"",""lsf"":""1251348"",""lsf_minus_native"":""-1589421"",""percent_of_native"":""-55.950378""},{""pair"":2,""first_arm"":""lsf"",""native_group"":1,""lsf_group"":0,""native"":""2902962"",""lsf"":""1280732"",""lsf_minus_native"":""-1622230"",""percent_of_native"":""-55.881889""},{""pair"":3,""first_arm"":""native"",""native_group"":4,""lsf_group"":5,""native"":""2743344"",""lsf"":""1269414"",""lsf_minus_native"":""-1473930"",""percent_of_native"":""-53.727495""},{""pair"":4,""first_arm"":""native"",""native_group"":2,""lsf_group"":3,""native"":""2778655"",""lsf"":""1255515"",""lsf_minus_native"":""-1523140"",""percent_of_native"":""-54.815729""},{""pair"":5,""first_arm"":""native"",""native_group"":0,""lsf_group"":1,""native"":""2747065"",""lsf"":""1230474"",""lsf_minus_native"":""-1516591"",""percent_of_native"":""-55.207685""},{""pair"":6,""first_arm"":""lsf"",""native_group"":5,""lsf_group"":4,""native"":""2719567"",""lsf"":""1290731"",""lsf_minus_native"":""-1428836"",""percent_of_native"":""-52.539099""}]",7,7,0,"{""count"":""7"",""minimum"":""2719567"",""median"":""2760479"",""maximum"":""2902962"",""median_absolute_deviation"":""18176""}","{""count"":""7"",""minimum"":""1230474"",""median"":""1269414"",""maximum"":""1290731"",""median_absolute_deviation"":""13899""}","{""count"":""7"",""minimum"":""-1622230"",""median"":""-1516591"",""maximum"":""-1428836"",""median_absolute_deviation"":""42661""}",7,0,0,"{""lsf"":{""pair_count"":4,""available_pairs"":4,""unavailable_pairs"":0,""native"":{""count"":""4"",""minimum"":""2719567"",""median"":""2800624"",""maximum"":""2902962"",""median_absolute_deviation"":""60601""},""lsf"":{""count"":""4"",""minimum"":""1251348"",""median"":""1279755.5"",""maximum"":""1290731"",""median_absolute_deviation"":""5976""},""paired_difference"":{""count"":""4"",""minimum"":""-1622230"",""median"":""-1535560.5"",""maximum"":""-1428836"",""median_absolute_deviation"":""70265""},""lower"":4,""equal"":0,""higher"":0},""native"":{""pair_count"":3,""available_pairs"":3,""unavailable_pairs"":0,""native"":{""count"":""3"",""minimum"":""2743344"",""median"":""2747065"",""maximum"":""2778655"",""median_absolute_deviation"":""3721""},""lsf"":{""count"":""3"",""minimum"":""1230474"",""median"":""1255515"",""maximum"":""1269414"",""median_absolute_deviation"":""13899""},""paired_difference"":{""count"":""3"",""minimum"":""-1523140"",""median"":""-1516591"",""maximum"":""-1473930"",""median_absolute_deviation"":""6549""},""lower"":3,""equal"":0,""higher"":0}}"
32,served,before,cgroup.cpu.user_usec,us,"[{""pair"":0,""first_arm"":""lsf"",""native_group"":5,""lsf_group"":4,""native"":""477901"",""lsf"":""1140846"",""lsf_minus_native"":""662945"",""percent_of_native"":""138.720153""},{""pair"":1,""first_arm"":""lsf"",""native_group"":3,""lsf_group"":2,""native"":""439913"",""lsf"":""1146171"",""lsf_minus_native"":""706258"",""percent_of_native"":""160.544926""},{""pair"":2,""first_arm"":""lsf"",""native_group"":1,""lsf_group"":0,""native"":""530706"",""lsf"":""1139326"",""lsf_minus_native"":""608620"",""percent_of_native"":""114.681198""},{""pair"":3,""first_arm"":""native"",""native_group"":4,""lsf_group"":5,""native"":""489521"",""lsf"":""1158494"",""lsf_minus_native"":""668973"",""percent_of_native"":""136.658693""},{""pair"":4,""first_arm"":""native"",""native_group"":2,""lsf_group"":3,""native"":""536129"",""lsf"":""1149185"",""lsf_minus_native"":""613056"",""percent_of_native"":""114.348599""},{""pair"":5,""first_arm"":""native"",""native_group"":0,""lsf_group"":1,""native"":""471535"",""lsf"":""1097776"",""lsf_minus_native"":""626241"",""percent_of_native"":""132.809017""},{""pair"":6,""first_arm"":""lsf"",""native_group"":5,""lsf_group"":4,""native"":""530646"",""lsf"":""1167804"",""lsf_minus_native"":""637158"",""percent_of_native"":""120.072138""}]",7,7,0,"{""count"":""7"",""minimum"":""439913"",""median"":""489521"",""maximum"":""536129"",""median_absolute_deviation"":""41125""}","{""count"":""7"",""minimum"":""1097776"",""median"":""1146171"",""maximum"":""1167804"",""median_absolute_deviation"":""6845""}","{""count"":""7"",""minimum"":""608620"",""median"":""637158"",""maximum"":""706258"",""median_absolute_deviation"":""25787""}",0,0,7,"{""lsf"":{""pair_count"":4,""available_pairs"":4,""unavailable_pairs"":0,""native"":{""count"":""4"",""minimum"":""439913"",""median"":""504273.5"",""maximum"":""530706"",""median_absolute_deviation"":""26402.5""},""lsf"":{""count"":""4"",""minimum"":""1139326"",""median"":""1143508.5"",""maximum"":""1167804"",""median_absolute_deviation"":""3422.5""},""paired_difference"":{""count"":""4"",""minimum"":""608620"",""median"":""650051.5"",""maximum"":""706258"",""median_absolute_deviation"":""27162.5""},""lower"":0,""equal"":0,""higher"":4},""native"":{""pair_count"":3,""available_pairs"":3,""unavailable_pairs"":0,""native"":{""count"":""3"",""minimum"":""471535"",""median"":""489521"",""maximum"":""536129"",""median_absolute_deviation"":""17986""},""lsf"":{""count"":""3"",""minimum"":""1097776"",""median"":""1149185"",""maximum"":""1158494"",""median_absolute_deviation"":""9309""},""paired_difference"":{""count"":""3"",""minimum"":""613056"",""median"":""626241"",""maximum"":""668973"",""median_absolute_deviation"":""13185""},""lower"":0,""equal"":0,""higher"":3}}"
32,served,before,cgroup.cpu.system_usec,us,"[{""pair"":0,""first_arm"":""lsf"",""native_group"":5,""lsf_group"":4,""native"":""2282563"",""lsf"":""137932"",""lsf_minus_native"":""-2144631"",""percent_of_native"":""-93.957144""},{""pair"":1,""first_arm"":""lsf"",""native_group"":3,""lsf_group"":2,""native"":""2400843"",""lsf"":""105177"",""lsf_minus_native"":""-2295666"",""percent_of_native"":""-95.619164""},{""pair"":2,""first_arm"":""lsf"",""native_group"":1,""lsf_group"":0,""native"":""2372239"",""lsf"":""141405"",""lsf_minus_native"":""-2230834"",""percent_of_native"":""-94.039176""},{""pair"":3,""first_arm"":""native"",""native_group"":4,""lsf_group"":5,""native"":""2253811"",""lsf"":""110919"",""lsf_minus_native"":""-2142892"",""percent_of_native"":""-95.078602""},{""pair"":4,""first_arm"":""native"",""native_group"":2,""lsf_group"":3,""native"":""2242508"",""lsf"":""106330"",""lsf_minus_native"":""-2136178"",""percent_of_native"":""-95.258434""},{""pair"":5,""first_arm"":""native"",""native_group"":0,""lsf_group"":1,""native"":""2275514"",""lsf"":""132698"",""lsf_minus_native"":""-2142816"",""percent_of_native"":""-94.168438""},{""pair"":6,""first_arm"":""lsf"",""native_group"":5,""lsf_group"":4,""native"":""2188908"",""lsf"":""122926"",""lsf_minus_native"":""-2065982"",""percent_of_native"":""-94.38414""}]",7,7,0,"{""count"":""7"",""minimum"":""2188908"",""median"":""2275514"",""maximum"":""2400843"",""median_absolute_deviation"":""33006""}","{""count"":""7"",""minimum"":""105177"",""median"":""122926"",""maximum"":""141405"",""median_absolute_deviation"":""15006""}","{""count"":""7"",""minimum"":""-2295666"",""median"":""-2142892"",""maximum"":""-2065982"",""median_absolute_deviation"":""6714""}",7,0,0,"{""lsf"":{""pair_count"":4,""available_pairs"":4,""unavailable_pairs"":0,""native"":{""count"":""4"",""minimum"":""2188908"",""median"":""2327401"",""maximum"":""2400843"",""median_absolute_deviation"":""59140""},""lsf"":{""count"":""4"",""minimum"":""105177"",""median"":""130429"",""maximum"":""141405"",""median_absolute_deviation"":""9239.5""},""paired_difference"":{""count"":""4"",""minimum"":""-2295666"",""median"":""-2187732.5"",""maximum"":""-2065982"",""median_absolute_deviation"":""75517.5""},""lower"":4,""equal"":0,""higher"":0},""native"":{""pair_count"":3,""available_pairs"":3,""unavailable_pairs"":0,""native"":{""count"":""3"",""minimum"":""2242508"",""median"":""2253811"",""maximum"":""2275514"",""median_absolute_deviation"":""11303""},""lsf"":{""count"":""3"",""minimum"":""106330"",""median"":""110919"",""maximum"":""132698"",""median_absolute_deviation"":""4589""},""paired_difference"":{""count"":""3"",""minimum"":""-2142892"",""median"":""-2142816"",""maximum"":""-2136178"",""median_absolute_deviation"":""76""},""lower"":3,""equal"":0,""higher"":0}}"
32,served,before,cgroup.cpu.nr_periods,count,"[{""pair"":0,""first_arm"":""lsf"",""native_group"":5,""lsf_group"":4,""native"":""376"",""lsf"":""40"",""lsf_minus_native"":""-336"",""percent_of_native"":""-89.361702""},{""pair"":1,""first_arm"":""lsf"",""native_group"":3,""lsf_group"":2,""native"":""423"",""lsf"":""51"",""lsf_minus_native"":""-372"",""percent_of_native"":""-87.943262""},{""pair"":2,""first_arm"":""lsf"",""native_group"":1,""lsf_group"":0,""native"":""405"",""lsf"":""41"",""lsf_minus_native"":""-364"",""percent_of_native"":""-89.876543""},{""pair"":3,""first_arm"":""native"",""native_group"":4,""lsf_group"":5,""native"":""413"",""lsf"":""46"",""lsf_minus_native"":""-367"",""percent_of_native"":""-88.861985""},{""pair"":4,""first_arm"":""native"",""native_group"":2,""lsf_group"":3,""native"":""403"",""lsf"":""37"",""lsf_minus_native"":""-366"",""percent_of_native"":""-90.818859""},{""pair"":5,""first_arm"":""native"",""native_group"":0,""lsf_group"":1,""native"":""408"",""lsf"":""44"",""lsf_minus_native"":""-364"",""percent_of_native"":""-89.215686""},{""pair"":6,""first_arm"":""lsf"",""native_group"":5,""lsf_group"":4,""native"":""405"",""lsf"":""55"",""lsf_minus_native"":""-350"",""percent_of_native"":""-86.419753""}]",7,7,0,"{""count"":""7"",""minimum"":""376"",""median"":""405"",""maximum"":""423"",""median_absolute_deviation"":""3""}","{""count"":""7"",""minimum"":""37"",""median"":""44"",""maximum"":""55"",""median_absolute_deviation"":""4""}","{""count"":""7"",""minimum"":""-372"",""median"":""-364"",""maximum"":""-336"",""median_absolute_deviation"":""3""}",7,0,0,"{""lsf"":{""pair_count"":4,""available_pairs"":4,""unavailable_pairs"":0,""native"":{""count"":""4"",""minimum"":""376"",""median"":""405"",""maximum"":""423"",""median_absolute_deviation"":""9""},""lsf"":{""count"":""4"",""minimum"":""40"",""median"":""46"",""maximum"":""55"",""median_absolute_deviation"":""5.5""},""paired_difference"":{""count"":""4"",""minimum"":""-372"",""median"":""-357"",""maximum"":""-336"",""median_absolute_deviation"":""11""},""lower"":4,""equal"":0,""higher"":0},""native"":{""pair_count"":3,""available_pairs"":3,""unavailable_pairs"":0,""native"":{""count"":""3"",""minimum"":""403"",""median"":""408"",""maximum"":""413"",""median_absolute_deviation"":""5""},""lsf"":{""count"":""3"",""minimum"":""37"",""median"":""44"",""maximum"":""46"",""median_absolute_deviation"":""2""},""paired_difference"":{""count"":""3"",""minimum"":""-367"",""median"":""-366"",""maximum"":""-364"",""median_absolute_deviation"":""1""},""lower"":3,""equal"":0,""higher"":0}}"
32,served,before,cgroup.cpu.nr_throttled,count,"[{""pair"":0,""first_arm"":""lsf"",""native_group"":5,""lsf_group"":4,""native"":""78"",""lsf"":""0"",""lsf_minus_native"":""-78"",""percent_of_native"":""-100""},{""pair"":1,""first_arm"":""lsf"",""native_group"":3,""lsf_group"":2,""native"":""74"",""lsf"":""0"",""lsf_minus_native"":""-74"",""percent_of_native"":""-100""},{""pair"":2,""first_arm"":""lsf"",""native_group"":1,""lsf_group"":0,""native"":""81"",""lsf"":""0"",""lsf_minus_native"":""-81"",""percent_of_native"":""-100""},{""pair"":3,""first_arm"":""native"",""native_group"":4,""lsf_group"":5,""native"":""68"",""lsf"":""0"",""lsf_minus_native"":""-68"",""percent_of_native"":""-100""},{""pair"":4,""first_arm"":""native"",""native_group"":2,""lsf_group"":3,""native"":""71"",""lsf"":""0"",""lsf_minus_native"":""-71"",""percent_of_native"":""-100""},{""pair"":5,""first_arm"":""native"",""native_group"":0,""lsf_group"":1,""native"":""71"",""lsf"":""0"",""lsf_minus_native"":""-71"",""percent_of_native"":""-100""},{""pair"":6,""first_arm"":""lsf"",""native_group"":5,""lsf_group"":4,""native"":""72"",""lsf"":""0"",""lsf_minus_native"":""-72"",""percent_of_native"":""-100""}]",7,7,0,"{""count"":""7"",""minimum"":""68"",""median"":""72"",""maximum"":""81"",""median_absolute_deviation"":""2""}","{""count"":""7"",""minimum"":""0"",""median"":""0"",""maximum"":""0"",""median_absolute_deviation"":""0""}","{""count"":""7"",""minimum"":""-81"",""median"":""-72"",""maximum"":""-68"",""median_absolute_deviation"":""2""}",7,0,0,"{""lsf"":{""pair_count"":4,""available_pairs"":4,""unavailable_pairs"":0,""native"":{""count"":""4"",""minimum"":""72"",""median"":""76"",""maximum"":""81"",""median_absolute_deviation"":""3""},""lsf"":{""count"":""4"",""minimum"":""0"",""median"":""0"",""maximum"":""0"",""median_absolute_deviation"":""0""},""paired_difference"":{""count"":""4"",""minimum"":""-81"",""median"":""-76"",""maximum"":""-72"",""median_absolute_deviation"":""3""},""lower"":4,""equal"":0,""higher"":0},""native"":{""pair_count"":3,""available_pairs"":3,""unavailable_pairs"":0,""native"":{""count"":""3"",""minimum"":""68"",""median"":""71"",""maximum"":""71"",""median_absolute_deviation"":""0""},""lsf"":{""count"":""3"",""minimum"":""0"",""median"":""0"",""maximum"":""0"",""median_absolute_deviation"":""0""},""paired_difference"":{""count"":""3"",""minimum"":""-71"",""median"":""-71"",""maximum"":""-68"",""median_absolute_deviation"":""0""},""lower"":3,""equal"":0,""higher"":0}}"
32,served,before,cgroup.cpu.throttled_usec,us,"[{""pair"":0,""first_arm"":""lsf"",""native_group"":5,""lsf_group"":4,""native"":""4783674"",""lsf"":""0"",""lsf_minus_native"":""-4783674"",""percent_of_native"":""-100""},{""pair"":1,""first_arm"":""lsf"",""native_group"":3,""lsf_group"":2,""native"":""3156289"",""lsf"":""0"",""lsf_minus_native"":""-3156289"",""percent_of_native"":""-100""},{""pair"":2,""first_arm"":""lsf"",""native_group"":1,""lsf_group"":0,""native"":""4137721"",""lsf"":""0"",""lsf_minus_native"":""-4137721"",""percent_of_native"":""-100""},{""pair"":3,""first_arm"":""native"",""native_group"":4,""lsf_group"":5,""native"":""3108842"",""lsf"":""0"",""lsf_minus_native"":""-3108842"",""percent_of_native"":""-100""},{""pair"":4,""first_arm"":""native"",""native_group"":2,""lsf_group"":3,""native"":""2954351"",""lsf"":""0"",""lsf_minus_native"":""-2954351"",""percent_of_native"":""-100""},{""pair"":5,""first_arm"":""native"",""native_group"":0,""lsf_group"":1,""native"":""3552128"",""lsf"":""0"",""lsf_minus_native"":""-3552128"",""percent_of_native"":""-100""},{""pair"":6,""first_arm"":""lsf"",""native_group"":5,""lsf_group"":4,""native"":""3217480"",""lsf"":""0"",""lsf_minus_native"":""-3217480"",""percent_of_native"":""-100""}]",7,7,0,"{""count"":""7"",""minimum"":""2954351"",""median"":""3217480"",""maximum"":""4783674"",""median_absolute_deviation"":""263129""}","{""count"":""7"",""minimum"":""0"",""median"":""0"",""maximum"":""0"",""median_absolute_deviation"":""0""}","{""count"":""7"",""minimum"":""-4783674"",""median"":""-3217480"",""maximum"":""-2954351"",""median_absolute_deviation"":""263129""}",7,0,0,"{""lsf"":{""pair_count"":4,""available_pairs"":4,""unavailable_pairs"":0,""native"":{""count"":""4"",""minimum"":""3156289"",""median"":""3677600.5"",""maximum"":""4783674"",""median_absolute_deviation"":""490716""},""lsf"":{""count"":""4"",""minimum"":""0"",""median"":""0"",""maximum"":""0"",""median_absolute_deviation"":""0""},""paired_difference"":{""count"":""4"",""minimum"":""-4783674"",""median"":""-3677600.5"",""maximum"":""-3156289"",""median_absolute_deviation"":""490716""},""lower"":4,""equal"":0,""higher"":0},""native"":{""pair_count"":3,""available_pairs"":3,""unavailable_pairs"":0,""native"":{""count"":""3"",""minimum"":""2954351"",""median"":""3108842"",""maximum"":""3552128"",""median_absolute_deviation"":""154491""},""lsf"":{""count"":""3"",""minimum"":""0"",""median"":""0"",""maximum"":""0"",""median_absolute_deviation"":""0""},""paired_difference"":{""count"":""3"",""minimum"":""-3552128"",""median"":""-3108842"",""maximum"":""-2954351"",""median_absolute_deviation"":""154491""},""lower"":3,""equal"":0,""higher"":0}}"
