pair,group,arm,density,stage,point,metric.child.rss_bytes,metric.child.threads,metric.child.fd_count,metric.child.listener_count,metric.wrapper.rss_bytes,metric.wrapper.threads,metric.wrapper.fd_count,metric.wrapper.listener_count,metric.cgroup.memory_current_bytes,metric.cgroup.sum_leaf_lifetime_memory_peak_bytes,metric.cgroup.memory_swap_current_bytes,metric.cgroup.pids_current,metric.cgroup.cpu.usage_usec,metric.cgroup.cpu.user_usec,metric.cgroup.cpu.system_usec,metric.cgroup.cpu.nr_periods,metric.cgroup.cpu.nr_throttled,metric.cgroup.cpu.throttled_usec,unavailable_components,leaf_cgroup_container_ids,processes_per_kind
0,0,lsf,1,ready,before,12189696,7,17,1,3801088,3,19,1,2666496,7073792,0,10,71187,17512,53674,20,0,0,"{""child.rss_bytes"":[],""child.threads"":[],""child.fd_count"":[],""child.listener_count"":[],""wrapper.rss_bytes"":[],""wrapper.threads"":[],""wrapper.fd_count"":[],""wrapper.listener_count"":[],""cgroup.memory_current_bytes"":[],""cgroup.sum_leaf_lifetime_memory_peak_bytes"":[],""cgroup.memory_swap_current_bytes"":[],""cgroup.pids_current"":[],""cgroup.cpu.usage_usec"":[],""cgroup.cpu.user_usec"":[],""cgroup.cpu.system_usec"":[],""cgroup.cpu.nr_periods"":[],""cgroup.cpu.nr_throttled"":[],""cgroup.cpu.throttled_usec"":[]}","[""68cd95f196719388fca3bc1f82b2178bd206780e2fb303b82c1443dd87897400""]",1
0,0,lsf,1,ready,after,12189696,7,17,1,3932160,3,19,1,2859008,7073792,0,10,84726,17832,66893,26,0,0,"{""child.rss_bytes"":[],""child.threads"":[],""child.fd_count"":[],""child.listener_count"":[],""wrapper.rss_bytes"":[],""wrapper.threads"":[],""wrapper.fd_count"":[],""wrapper.listener_count"":[],""cgroup.memory_current_bytes"":[],""cgroup.sum_leaf_lifetime_memory_peak_bytes"":[],""cgroup.memory_swap_current_bytes"":[],""cgroup.pids_current"":[],""cgroup.cpu.usage_usec"":[],""cgroup.cpu.user_usec"":[],""cgroup.cpu.system_usec"":[],""cgroup.cpu.nr_periods"":[],""cgroup.cpu.nr_throttled"":[],""cgroup.cpu.throttled_usec"":[]}","[""68cd95f196719388fca3bc1f82b2178bd206780e2fb303b82c1443dd87897400""]",1
0,0,lsf,1,served,before,21942272,7,18,1,3932160,3,19,1,5373952,7073792,0,10,131875,61228,70647,30,0,0,"{""child.rss_bytes"":[],""child.threads"":[],""child.fd_count"":[],""child.listener_count"":[],""wrapper.rss_bytes"":[],""wrapper.threads"":[],""wrapper.fd_count"":[],""wrapper.listener_count"":[],""cgroup.memory_current_bytes"":[],""cgroup.sum_leaf_lifetime_memory_peak_bytes"":[],""cgroup.memory_swap_current_bytes"":[],""cgroup.pids_current"":[],""cgroup.cpu.usage_usec"":[],""cgroup.cpu.user_usec"":[],""cgroup.cpu.system_usec"":[],""cgroup.cpu.nr_periods"":[],""cgroup.cpu.nr_throttled"":[],""cgroup.cpu.throttled_usec"":[]}","[""68cd95f196719388fca3bc1f82b2178bd206780e2fb303b82c1443dd87897400""]",1
0,0,lsf,1,served,after,21942272,7,18,1,3932160,3,19,1,5390336,7073792,0,10,143472,61228,82244,36,0,0,"{""child.rss_bytes"":[],""child.threads"":[],""child.fd_count"":[],""child.listener_count"":[],""wrapper.rss_bytes"":[],""wrapper.threads"":[],""wrapper.fd_count"":[],""wrapper.listener_count"":[],""cgroup.memory_current_bytes"":[],""cgroup.sum_leaf_lifetime_memory_peak_bytes"":[],""cgroup.memory_swap_current_bytes"":[],""cgroup.pids_current"":[],""cgroup.cpu.usage_usec"":[],""cgroup.cpu.user_usec"":[],""cgroup.cpu.system_usec"":[],""cgroup.cpu.nr_periods"":[],""cgroup.cpu.nr_throttled"":[],""cgroup.cpu.throttled_usec"":[]}","[""68cd95f196719388fca3bc1f82b2178bd206780e2fb303b82c1443dd87897400""]",1
0,0,lsf,1,final,before,24956928,7,18,1,3932160,3,19,1,8474624,11161600,0,10,378851,218251,160600,42,0,0,"{""child.rss_bytes"":[],""child.threads"":[],""child.fd_count"":[],""child.listener_count"":[],""wrapper.rss_bytes"":[],""wrapper.threads"":[],""wrapper.fd_count"":[],""wrapper.listener_count"":[],""cgroup.memory_current_bytes"":[],""cgroup.sum_leaf_lifetime_memory_peak_bytes"":[],""cgroup.memory_swap_current_bytes"":[],""cgroup.pids_current"":[],""cgroup.cpu.usage_usec"":[],""cgroup.cpu.user_usec"":[],""cgroup.cpu.system_usec"":[],""cgroup.cpu.nr_periods"":[],""cgroup.cpu.nr_throttled"":[],""cgroup.cpu.throttled_usec"":[]}","[""68cd95f196719388fca3bc1f82b2178bd206780e2fb303b82c1443dd87897400""]",1
0,0,lsf,1,final,after,24956928,7,18,1,3932160,3,19,1,8753152,11161600,0,10,389203,219444,169758,47,0,0,"{""child.rss_bytes"":[],""child.threads"":[],""child.fd_count"":[],""child.listener_count"":[],""wrapper.rss_bytes"":[],""wrapper.threads"":[],""wrapper.fd_count"":[],""wrapper.listener_count"":[],""cgroup.memory_current_bytes"":[],""cgroup.sum_leaf_lifetime_memory_peak_bytes"":[],""cgroup.memory_swap_current_bytes"":[],""cgroup.pids_current"":[],""cgroup.cpu.usage_usec"":[],""cgroup.cpu.user_usec"":[],""cgroup.cpu.system_usec"":[],""cgroup.cpu.nr_periods"":[],""cgroup.cpu.nr_throttled"":[],""cgroup.cpu.throttled_usec"":[]}","[""68cd95f196719388fca3bc1f82b2178bd206780e2fb303b82c1443dd87897400""]",1
0,1,native,1,ready,before,4849664,3,11,1,3801088,3,19,1,1581056,6516736,0,6,52325,8781,43544,4,0,0,"{""child.rss_bytes"":[],""child.threads"":[],""child.fd_count"":[],""child.listener_count"":[],""wrapper.rss_bytes"":[],""wrapper.threads"":[],""wrapper.fd_count"":[],""wrapper.listener_count"":[],""cgroup.memory_current_bytes"":[],""cgroup.sum_leaf_lifetime_memory_peak_bytes"":[],""cgroup.memory_swap_current_bytes"":[],""cgroup.pids_current"":[],""cgroup.cpu.usage_usec"":[],""cgroup.cpu.user_usec"":[],""cgroup.cpu.system_usec"":[],""cgroup.cpu.nr_periods"":[],""cgroup.cpu.nr_throttled"":[],""cgroup.cpu.throttled_usec"":[]}","[""4ee1b764795f825ec888184747d2eeb252c5c678773f69ca946e6e719c18254a""]",1
0,1,native,1,ready,after,4849664,3,11,1,3932160,3,19,1,1769472,6516736,0,6,61049,8781,52268,6,0,0,"{""child.rss_bytes"":[],""child.threads"":[],""child.fd_count"":[],""child.listener_count"":[],""wrapper.rss_bytes"":[],""wrapper.threads"":[],""wrapper.fd_count"":[],""wrapper.listener_count"":[],""cgroup.memory_current_bytes"":[],""cgroup.sum_leaf_lifetime_memory_peak_bytes"":[],""cgroup.memory_swap_current_bytes"":[],""cgroup.pids_current"":[],""cgroup.cpu.usage_usec"":[],""cgroup.cpu.user_usec"":[],""cgroup.cpu.system_usec"":[],""cgroup.cpu.nr_periods"":[],""cgroup.cpu.nr_throttled"":[],""cgroup.cpu.throttled_usec"":[]}","[""4ee1b764795f825ec888184747d2eeb252c5c678773f69ca946e6e719c18254a""]",1
0,1,native,1,served,before,4849664,3,11,1,3932160,3,19,1,1822720,6516736,0,6,71157,8781,62376,9,0,0,"{""child.rss_bytes"":[],""child.threads"":[],""child.fd_count"":[],""child.listener_count"":[],""wrapper.rss_bytes"":[],""wrapper.threads"":[],""wrapper.fd_count"":[],""wrapper.listener_count"":[],""cgroup.memory_current_bytes"":[],""cgroup.sum_leaf_lifetime_memory_peak_bytes"":[],""cgroup.memory_swap_current_bytes"":[],""cgroup.pids_current"":[],""cgroup.cpu.usage_usec"":[],""cgroup.cpu.user_usec"":[],""cgroup.cpu.system_usec"":[],""cgroup.cpu.nr_periods"":[],""cgroup.cpu.nr_throttled"":[],""cgroup.cpu.throttled_usec"":[]}","[""4ee1b764795f825ec888184747d2eeb252c5c678773f69ca946e6e719c18254a""]",1
0,1,native,1,served,after,4849664,3,11,1,3932160,3,19,1,1826816,6516736,0,6,80487,8781,71706,11,0,0,"{""child.rss_bytes"":[],""child.threads"":[],""child.fd_count"":[],""child.listener_count"":[],""wrapper.rss_bytes"":[],""wrapper.threads"":[],""wrapper.fd_count"":[],""wrapper.listener_count"":[],""cgroup.memory_current_bytes"":[],""cgroup.sum_leaf_lifetime_memory_peak_bytes"":[],""cgroup.memory_swap_current_bytes"":[],""cgroup.pids_current"":[],""cgroup.cpu.usage_usec"":[],""cgroup.cpu.user_usec"":[],""cgroup.cpu.system_usec"":[],""cgroup.cpu.nr_periods"":[],""cgroup.cpu.nr_throttled"":[],""cgroup.cpu.throttled_usec"":[]}","[""4ee1b764795f825ec888184747d2eeb252c5c678773f69ca946e6e719c18254a""]",1
0,1,native,1,final,before,4849664,3,11,1,3932160,3,19,1,1990656,6516736,0,6,169264,30380,138883,16,0,0,"{""child.rss_bytes"":[],""child.threads"":[],""child.fd_count"":[],""child.listener_count"":[],""wrapper.rss_bytes"":[],""wrapper.threads"":[],""wrapper.fd_count"":[],""wrapper.listener_count"":[],""cgroup.memory_current_bytes"":[],""cgroup.sum_leaf_lifetime_memory_peak_bytes"":[],""cgroup.memory_swap_current_bytes"":[],""cgroup.pids_current"":[],""cgroup.cpu.usage_usec"":[],""cgroup.cpu.user_usec"":[],""cgroup.cpu.system_usec"":[],""cgroup.cpu.nr_periods"":[],""cgroup.cpu.nr_throttled"":[],""cgroup.cpu.throttled_usec"":[]}","[""4ee1b764795f825ec888184747d2eeb252c5c678773f69ca946e6e719c18254a""]",1
0,1,native,1,final,after,4849664,3,11,1,3932160,3,19,1,2007040,6516736,0,6,180351,30791,149559,18,0,0,"{""child.rss_bytes"":[],""child.threads"":[],""child.fd_count"":[],""child.listener_count"":[],""wrapper.rss_bytes"":[],""wrapper.threads"":[],""wrapper.fd_count"":[],""wrapper.listener_count"":[],""cgroup.memory_current_bytes"":[],""cgroup.sum_leaf_lifetime_memory_peak_bytes"":[],""cgroup.memory_swap_current_bytes"":[],""cgroup.pids_current"":[],""cgroup.cpu.usage_usec"":[],""cgroup.cpu.user_usec"":[],""cgroup.cpu.system_usec"":[],""cgroup.cpu.nr_periods"":[],""cgroup.cpu.nr_throttled"":[],""cgroup.cpu.throttled_usec"":[]}","[""4ee1b764795f825ec888184747d2eeb252c5c678773f69ca946e6e719c18254a""]",1
0,2,native,8,ready,before,36700160,24,88,8,29229056,24,152,8,13029376,49389568,0,48,478314,125831,352480,36,0,0,"{""child.rss_bytes"":[],""child.threads"":[],""child.fd_count"":[],""child.listener_count"":[],""wrapper.rss_bytes"":[],""wrapper.threads"":[],""wrapper.fd_count"":[],""wrapper.listener_count"":[],""cgroup.memory_current_bytes"":[],""cgroup.sum_leaf_lifetime_memory_peak_bytes"":[],""cgroup.memory_swap_current_bytes"":[],""cgroup.pids_current"":[],""cgroup.cpu.usage_usec"":[],""cgroup.cpu.user_usec"":[],""cgroup.cpu.system_usec"":[],""cgroup.cpu.nr_periods"":[],""cgroup.cpu.nr_throttled"":[],""cgroup.cpu.throttled_usec"":[]}","[""3d21497614544a21bf40a083ada7c52128d8cb2287c8ce6c46f0e05ea0f5c27a"",""9c0f70d0bd6b88e09a7493ab8571c12546cf82e3d19dba01ad32ac88e16ccfe8"",""210ce0643c52efc56642c51b3eb7e99524d2aedc08404294041ee9cf36f05207"",""a504841aaf1e0c00885e886eaff642c02646c6bb58bf9e49f2267bb7a417a0c9"",""839160d25cfb2f53815720354e80b4cb4ba15eae40c4378234dca3615d8ea5aa"",""ae5e5824e01fa3fb7a1535ad7fbb902868d593cee86403ac67b6eea6f6d1c059"",""caea3b2d3ca1efee4e812ddbb229290fbed748166476aba6a0d7b864d00e870f"",""14168aa0f552f34cb10225e83f0a371542d39ffd4a0f48d828379fc81ffea880""]",8
0,2,native,8,ready,after,36700160,24,88,8,30146560,24,152,8,14233600,49389568,0,48,552588,127424,425160,54,0,0,"{""child.rss_bytes"":[],""child.threads"":[],""child.fd_count"":[],""child.listener_count"":[],""wrapper.rss_bytes"":[],""wrapper.threads"":[],""wrapper.fd_count"":[],""wrapper.listener_count"":[],""cgroup.memory_current_bytes"":[],""cgroup.sum_leaf_lifetime_memory_peak_bytes"":[],""cgroup.memory_swap_current_bytes"":[],""cgroup.pids_current"":[],""cgroup.cpu.usage_usec"":[],""cgroup.cpu.user_usec"":[],""cgroup.cpu.system_usec"":[],""cgroup.cpu.nr_periods"":[],""cgroup.cpu.nr_throttled"":[],""cgroup.cpu.throttled_usec"":[]}","[""3d21497614544a21bf40a083ada7c52128d8cb2287c8ce6c46f0e05ea0f5c27a"",""9c0f70d0bd6b88e09a7493ab8571c12546cf82e3d19dba01ad32ac88e16ccfe8"",""210ce0643c52efc56642c51b3eb7e99524d2aedc08404294041ee9cf36f05207"",""a504841aaf1e0c00885e886eaff642c02646c6bb58bf9e49f2267bb7a417a0c9"",""839160d25cfb2f53815720354e80b4cb4ba15eae40c4378234dca3615d8ea5aa"",""ae5e5824e01fa3fb7a1535ad7fbb902868d593cee86403ac67b6eea6f6d1c059"",""caea3b2d3ca1efee4e812ddbb229290fbed748166476aba6a0d7b864d00e870f"",""14168aa0f552f34cb10225e83f0a371542d39ffd4a0f48d828379fc81ffea880""]",8
0,2,native,8,served,before,37486592,24,88,8,30146560,24,152,8,14630912,49389568,0,48,630873,132240,498631,70,0,0,"{""child.rss_bytes"":[],""child.threads"":[],""child.fd_count"":[],""child.listener_count"":[],""wrapper.rss_bytes"":[],""wrapper.threads"":[],""wrapper.fd_count"":[],""wrapper.listener_count"":[],""cgroup.memory_current_bytes"":[],""cgroup.sum_leaf_lifetime_memory_peak_bytes"":[],""cgroup.memory_swap_current_bytes"":[],""cgroup.pids_current"":[],""cgroup.cpu.usage_usec"":[],""cgroup.cpu.user_usec"":[],""cgroup.cpu.system_usec"":[],""cgroup.cpu.nr_periods"":[],""cgroup.cpu.nr_throttled"":[],""cgroup.cpu.throttled_usec"":[]}","[""3d21497614544a21bf40a083ada7c52128d8cb2287c8ce6c46f0e05ea0f5c27a"",""9c0f70d0bd6b88e09a7493ab8571c12546cf82e3d19dba01ad32ac88e16ccfe8"",""210ce0643c52efc56642c51b3eb7e99524d2aedc08404294041ee9cf36f05207"",""a504841aaf1e0c00885e886eaff642c02646c6bb58bf9e49f2267bb7a417a0c9"",""839160d25cfb2f53815720354e80b4cb4ba15eae40c4378234dca3615d8ea5aa"",""ae5e5824e01fa3fb7a1535ad7fbb902868d593cee86403ac67b6eea6f6d1c059"",""caea3b2d3ca1efee4e812ddbb229290fbed748166476aba6a0d7b864d00e870f"",""14168aa0f552f34cb10225e83f0a371542d39ffd4a0f48d828379fc81ffea880""]",8
0,2,native,8,served,after,37486592,24,88,8,30277632,24,152,8,14761984,49389568,0,48,698411,136386,562022,87,0,0,"{""child.rss_bytes"":[],""child.threads"":[],""child.fd_count"":[],""child.listener_count"":[],""wrapper.rss_bytes"":[],""wrapper.threads"":[],""wrapper.fd_count"":[],""wrapper.listener_count"":[],""cgroup.memory_current_bytes"":[],""cgroup.sum_leaf_lifetime_memory_peak_bytes"":[],""cgroup.memory_swap_current_bytes"":[],""cgroup.pids_current"":[],""cgroup.cpu.usage_usec"":[],""cgroup.cpu.user_usec"":[],""cgroup.cpu.system_usec"":[],""cgroup.cpu.nr_periods"":[],""cgroup.cpu.nr_throttled"":[],""cgroup.cpu.throttled_usec"":[]}","[""3d21497614544a21bf40a083ada7c52128d8cb2287c8ce6c46f0e05ea0f5c27a"",""9c0f70d0bd6b88e09a7493ab8571c12546cf82e3d19dba01ad32ac88e16ccfe8"",""210ce0643c52efc56642c51b3eb7e99524d2aedc08404294041ee9cf36f05207"",""a504841aaf1e0c00885e886eaff642c02646c6bb58bf9e49f2267bb7a417a0c9"",""839160d25cfb2f53815720354e80b4cb4ba15eae40c4378234dca3615d8ea5aa"",""ae5e5824e01fa3fb7a1535ad7fbb902868d593cee86403ac67b6eea6f6d1c059"",""caea3b2d3ca1efee4e812ddbb229290fbed748166476aba6a0d7b864d00e870f"",""14168aa0f552f34cb10225e83f0a371542d39ffd4a0f48d828379fc81ffea880""]",8
0,2,native,8,final,before,37486592,24,88,8,30277632,24,152,8,15024128,49389568,0,48,799710,140939,658768,115,0,0,"{""child.rss_bytes"":[],""child.threads"":[],""child.fd_count"":[],""child.listener_count"":[],""wrapper.rss_bytes"":[],""wrapper.threads"":[],""wrapper.fd_count"":[],""wrapper.listener_count"":[],""cgroup.memory_current_bytes"":[],""cgroup.sum_leaf_lifetime_memory_peak_bytes"":[],""cgroup.memory_swap_current_bytes"":[],""cgroup.pids_current"":[],""cgroup.cpu.usage_usec"":[],""cgroup.cpu.user_usec"":[],""cgroup.cpu.system_usec"":[],""cgroup.cpu.nr_periods"":[],""cgroup.cpu.nr_throttled"":[],""cgroup.cpu.throttled_usec"":[]}","[""3d21497614544a21bf40a083ada7c52128d8cb2287c8ce6c46f0e05ea0f5c27a"",""9c0f70d0bd6b88e09a7493ab8571c12546cf82e3d19dba01ad32ac88e16ccfe8"",""210ce0643c52efc56642c51b3eb7e99524d2aedc08404294041ee9cf36f05207"",""a504841aaf1e0c00885e886eaff642c02646c6bb58bf9e49f2267bb7a417a0c9"",""839160d25cfb2f53815720354e80b4cb4ba15eae40c4378234dca3615d8ea5aa"",""ae5e5824e01fa3fb7a1535ad7fbb902868d593cee86403ac67b6eea6f6d1c059"",""caea3b2d3ca1efee4e812ddbb229290fbed748166476aba6a0d7b864d00e870f"",""14168aa0f552f34cb10225e83f0a371542d39ffd4a0f48d828379fc81ffea880""]",8
0,2,native,8,final,after,37486592,24,88,8,30408704,24,152,8,15155200,49389568,0,48,868667,145557,723106,131,0,0,"{""child.rss_bytes"":[],""child.threads"":[],""child.fd_count"":[],""child.listener_count"":[],""wrapper.rss_bytes"":[],""wrapper.threads"":[],""wrapper.fd_count"":[],""wrapper.listener_count"":[],""cgroup.memory_current_bytes"":[],""cgroup.sum_leaf_lifetime_memory_peak_bytes"":[],""cgroup.memory_swap_current_bytes"":[],""cgroup.pids_current"":[],""cgroup.cpu.usage_usec"":[],""cgroup.cpu.user_usec"":[],""cgroup.cpu.system_usec"":[],""cgroup.cpu.nr_periods"":[],""cgroup.cpu.nr_throttled"":[],""cgroup.cpu.throttled_usec"":[]}","[""3d21497614544a21bf40a083ada7c52128d8cb2287c8ce6c46f0e05ea0f5c27a"",""9c0f70d0bd6b88e09a7493ab8571c12546cf82e3d19dba01ad32ac88e16ccfe8"",""210ce0643c52efc56642c51b3eb7e99524d2aedc08404294041ee9cf36f05207"",""a504841aaf1e0c00885e886eaff642c02646c6bb58bf9e49f2267bb7a417a0c9"",""839160d25cfb2f53815720354e80b4cb4ba15eae40c4378234dca3615d8ea5aa"",""ae5e5824e01fa3fb7a1535ad7fbb902868d593cee86403ac67b6eea6f6d1c059"",""caea3b2d3ca1efee4e812ddbb229290fbed748166476aba6a0d7b864d00e870f"",""14168aa0f552f34cb10225e83f0a371542d39ffd4a0f48d828379fc81ffea880""]",8
0,3,lsf,8,ready,before,12582912,7,24,1,3932160,3,33,1,3272704,6819840,0,10,82192,21918,60274,19,0,0,"{""child.rss_bytes"":[],""child.threads"":[],""child.fd_count"":[],""child.listener_count"":[],""wrapper.rss_bytes"":[],""wrapper.threads"":[],""wrapper.fd_count"":[],""wrapper.listener_count"":[],""cgroup.memory_current_bytes"":[],""cgroup.sum_leaf_lifetime_memory_peak_bytes"":[],""cgroup.memory_swap_current_bytes"":[],""cgroup.pids_current"":[],""cgroup.cpu.usage_usec"":[],""cgroup.cpu.user_usec"":[],""cgroup.cpu.system_usec"":[],""cgroup.cpu.nr_periods"":[],""cgroup.cpu.nr_throttled"":[],""cgroup.cpu.throttled_usec"":[]}","[""0bd787057146a9fb68760cde6099853f6865b70dfb3dabd3e20c2762aaff50cd""]",1
0,3,lsf,8,ready,after,12582912,7,24,1,4063232,3,33,1,3514368,6819840,0,10,94008,22693,71314,22,0,0,"{""child.rss_bytes"":[],""child.threads"":[],""child.fd_count"":[],""child.listener_count"":[],""wrapper.rss_bytes"":[],""wrapper.threads"":[],""wrapper.fd_count"":[],""wrapper.listener_count"":[],""cgroup.memory_current_bytes"":[],""cgroup.sum_leaf_lifetime_memory_peak_bytes"":[],""cgroup.memory_swap_current_bytes"":[],""cgroup.pids_current"":[],""cgroup.cpu.usage_usec"":[],""cgroup.cpu.user_usec"":[],""cgroup.cpu.system_usec"":[],""cgroup.cpu.nr_periods"":[],""cgroup.cpu.nr_throttled"":[],""cgroup.cpu.throttled_usec"":[]}","[""0bd787057146a9fb68760cde6099853f6865b70dfb3dabd3e20c2762aaff50cd""]",1
0,3,lsf,8,served,before,23601152,7,32,1,4063232,3,33,1,7823360,8728576,0,10,425098,347019,78079,30,0,0,"{""child.rss_bytes"":[],""child.threads"":[],""child.fd_count"":[],""child.listener_count"":[],""wrapper.rss_bytes"":[],""wrapper.threads"":[],""wrapper.fd_count"":[],""wrapper.listener_count"":[],""cgroup.memory_current_bytes"":[],""cgroup.sum_leaf_lifetime_memory_peak_bytes"":[],""cgroup.memory_swap_current_bytes"":[],""cgroup.pids_current"":[],""cgroup.cpu.usage_usec"":[],""cgroup.cpu.user_usec"":[],""cgroup.cpu.system_usec"":[],""cgroup.cpu.nr_periods"":[],""cgroup.cpu.nr_throttled"":[],""cgroup.cpu.throttled_usec"":[]}","[""0bd787057146a9fb68760cde6099853f6865b70dfb3dabd3e20c2762aaff50cd""]",1
0,3,lsf,8,served,after,23601152,7,32,1,4063232,3,33,1,7720960,8728576,0,10,440949,352944,88004,36,0,0,"{""child.rss_bytes"":[],""child.threads"":[],""child.fd_count"":[],""child.listener_count"":[],""wrapper.rss_bytes"":[],""wrapper.threads"":[],""wrapper.fd_count"":[],""wrapper.listener_count"":[],""cgroup.memory_current_bytes"":[],""cgroup.sum_leaf_lifetime_memory_peak_bytes"":[],""cgroup.memory_swap_current_bytes"":[],""cgroup.pids_current"":[],""cgroup.cpu.usage_usec"":[],""cgroup.cpu.user_usec"":[],""cgroup.cpu.system_usec"":[],""cgroup.cpu.nr_periods"":[],""cgroup.cpu.nr_throttled"":[],""cgroup.cpu.throttled_usec"":[]}","[""0bd787057146a9fb68760cde6099853f6865b70dfb3dabd3e20c2762aaff50cd""]",1
0,3,lsf,8,final,before,25042944,7,32,1,4063232,3,33,1,9129984,10727424,0,10,491719,381960,109758,41,0,0,"{""child.rss_bytes"":[],""child.threads"":[],""child.fd_count"":[],""child.listener_count"":[],""wrapper.rss_bytes"":[],""wrapper.threads"":[],""wrapper.fd_count"":[],""wrapper.listener_count"":[],""cgroup.memory_current_bytes"":[],""cgroup.sum_leaf_lifetime_memory_peak_bytes"":[],""cgroup.memory_swap_current_bytes"":[],""cgroup.pids_current"":[],""cgroup.cpu.usage_usec"":[],""cgroup.cpu.user_usec"":[],""cgroup.cpu.system_usec"":[],""cgroup.cpu.nr_periods"":[],""cgroup.cpu.nr_throttled"":[],""cgroup.cpu.throttled_usec"":[]}","[""0bd787057146a9fb68760cde6099853f6865b70dfb3dabd3e20c2762aaff50cd""]",1
0,3,lsf,8,final,after,25042944,7,32,1,4063232,3,33,1,9158656,10727424,0,10,503518,381960,121557,46,0,0,"{""child.rss_bytes"":[],""child.threads"":[],""child.fd_count"":[],""child.listener_count"":[],""wrapper.rss_bytes"":[],""wrapper.threads"":[],""wrapper.fd_count"":[],""wrapper.listener_count"":[],""cgroup.memory_current_bytes"":[],""cgroup.sum_leaf_lifetime_memory_peak_bytes"":[],""cgroup.memory_swap_current_bytes"":[],""cgroup.pids_current"":[],""cgroup.cpu.usage_usec"":[],""cgroup.cpu.user_usec"":[],""cgroup.cpu.system_usec"":[],""cgroup.cpu.nr_periods"":[],""cgroup.cpu.nr_throttled"":[],""cgroup.cpu.throttled_usec"":[]}","[""0bd787057146a9fb68760cde6099853f6865b70dfb3dabd3e20c2762aaff50cd""]",1
0,4,lsf,32,ready,before,13385728,7,48,1,4194304,3,81,1,4890624,8056832,0,10,136971,68485,68485,20,0,0,"{""child.rss_bytes"":[],""child.threads"":[],""child.fd_count"":[],""child.listener_count"":[],""wrapper.rss_bytes"":[],""wrapper.threads"":[],""wrapper.fd_count"":[],""wrapper.listener_count"":[],""cgroup.memory_current_bytes"":[],""cgroup.sum_leaf_lifetime_memory_peak_bytes"":[],""cgroup.memory_swap_current_bytes"":[],""cgroup.pids_current"":[],""cgroup.cpu.usage_usec"":[],""cgroup.cpu.user_usec"":[],""cgroup.cpu.system_usec"":[],""cgroup.cpu.nr_periods"":[],""cgroup.cpu.nr_throttled"":[],""cgroup.cpu.throttled_usec"":[]}","[""753475a5aa19b7c7012d9f4fdc8ffccec808511b930492e78611f06d4fae6089""]",1
0,4,lsf,32,ready,after,13385728,7,48,1,4456448,3,81,1,5320704,8056832,0,10,150989,71300,79688,26,0,0,"{""child.rss_bytes"":[],""child.threads"":[],""child.fd_count"":[],""child.listener_count"":[],""wrapper.rss_bytes"":[],""wrapper.threads"":[],""wrapper.fd_count"":[],""wrapper.listener_count"":[],""cgroup.memory_current_bytes"":[],""cgroup.sum_leaf_lifetime_memory_peak_bytes"":[],""cgroup.memory_swap_current_bytes"":[],""cgroup.pids_current"":[],""cgroup.cpu.usage_usec"":[],""cgroup.cpu.user_usec"":[],""cgroup.cpu.system_usec"":[],""cgroup.cpu.nr_periods"":[],""cgroup.cpu.nr_throttled"":[],""cgroup.cpu.throttled_usec"":[]}","[""753475a5aa19b7c7012d9f4fdc8ffccec808511b930492e78611f06d4fae6089""]",1
0,4,lsf,32,served,before,27963392,7,80,1,4456448,3,81,1,13205504,14077952,0,10,1278779,1140846,137932,40,0,0,"{""child.rss_bytes"":[],""child.threads"":[],""child.fd_count"":[],""child.listener_count"":[],""wrapper.rss_bytes"":[],""wrapper.threads"":[],""wrapper.fd_count"":[],""wrapper.listener_count"":[],""cgroup.memory_current_bytes"":[],""cgroup.sum_leaf_lifetime_memory_peak_bytes"":[],""cgroup.memory_swap_current_bytes"":[],""cgroup.pids_current"":[],""cgroup.cpu.usage_usec"":[],""cgroup.cpu.user_usec"":[],""cgroup.cpu.system_usec"":[],""cgroup.cpu.nr_periods"":[],""cgroup.cpu.nr_throttled"":[],""cgroup.cpu.throttled_usec"":[]}","[""753475a5aa19b7c7012d9f4fdc8ffccec808511b930492e78611f06d4fae6089""]",1
0,4,lsf,32,served,after,27963392,7,80,1,4456448,3,81,1,13291520,14077952,0,10,1293741,1146352,147388,46,0,0,"{""child.rss_bytes"":[],""child.threads"":[],""child.fd_count"":[],""child.listener_count"":[],""wrapper.rss_bytes"":[],""wrapper.threads"":[],""wrapper.fd_count"":[],""wrapper.listener_count"":[],""cgroup.memory_current_bytes"":[],""cgroup.sum_leaf_lifetime_memory_peak_bytes"":[],""cgroup.memory_swap_current_bytes"":[],""cgroup.pids_current"":[],""cgroup.cpu.usage_usec"":[],""cgroup.cpu.user_usec"":[],""cgroup.cpu.system_usec"":[],""cgroup.cpu.nr_periods"":[],""cgroup.cpu.nr_throttled"":[],""cgroup.cpu.throttled_usec"":[]}","[""753475a5aa19b7c7012d9f4fdc8ffccec808511b930492e78611f06d4fae6089""]",1
0,4,lsf,32,final,before,29405184,7,80,1,4456448,3,81,1,14692352,17215488,0,10,1464155,1264498,199657,51,0,0,"{""child.rss_bytes"":[],""child.threads"":[],""child.fd_count"":[],""child.listener_count"":[],""wrapper.rss_bytes"":[],""wrapper.threads"":[],""wrapper.fd_count"":[],""wrapper.listener_count"":[],""cgroup.memory_current_bytes"":[],""cgroup.sum_leaf_lifetime_memory_peak_bytes"":[],""cgroup.memory_swap_current_bytes"":[],""cgroup.pids_current"":[],""cgroup.cpu.usage_usec"":[],""cgroup.cpu.user_usec"":[],""cgroup.cpu.system_usec"":[],""cgroup.cpu.nr_periods"":[],""cgroup.cpu.nr_throttled"":[],""cgroup.cpu.throttled_usec"":[]}","[""753475a5aa19b7c7012d9f4fdc8ffccec808511b930492e78611f06d4fae6089""]",1
0,4,lsf,32,final,after,29405184,7,80,1,4456448,3,81,1,14733312,17215488,0,10,1475624,1267202,208421,57,0,0,"{""child.rss_bytes"":[],""child.threads"":[],""child.fd_count"":[],""child.listener_count"":[],""wrapper.rss_bytes"":[],""wrapper.threads"":[],""wrapper.fd_count"":[],""wrapper.listener_count"":[],""cgroup.memory_current_bytes"":[],""cgroup.sum_leaf_lifetime_memory_peak_bytes"":[],""cgroup.memory_swap_current_bytes"":[],""cgroup.pids_current"":[],""cgroup.cpu.usage_usec"":[],""cgroup.cpu.user_usec"":[],""cgroup.cpu.system_usec"":[],""cgroup.cpu.nr_periods"":[],""cgroup.cpu.nr_throttled"":[],""cgroup.cpu.throttled_usec"":[]}","[""753475a5aa19b7c7012d9f4fdc8ffccec808511b930492e78611f06d4fae6089""]",1
0,5,native,32,ready,before,146931712,96,352,32,117964800,96,608,32,51478528,186527744,0,192,2134490,442923,1691546,231,76,4743815,"{""child.rss_bytes"":[],""child.threads"":[],""child.fd_count"":[],""child.listener_count"":[],""wrapper.rss_bytes"":[],""wrapper.threads"":[],""wrapper.fd_count"":[],""wrapper.listener_count"":[],""cgroup.memory_current_bytes"":[],""cgroup.sum_leaf_lifetime_memory_peak_bytes"":[],""cgroup.memory_swap_current_bytes"":[],""cgroup.pids_current"":[],""cgroup.cpu.usage_usec"":[],""cgroup.cpu.user_usec"":[],""cgroup.cpu.system_usec"":[],""cgroup.cpu.nr_periods"":[],""cgroup.cpu.nr_throttled"":[],""cgroup.cpu.throttled_usec"":[]}","[""509668cbcd72249e9aa86a347d5cc89477393ffdd813f5d60b9e63d14482c6f0"",""f7f30d2ba2d09290220c6d3cb53437395643cb65fcda2d9efde0b3c0e1958701"",""7eafcc4537d30cbdb7c169663958712502cbad7e62a2ea5259c16223feac242a"",""f366a59900cb63be3e268cd7068c3384d055b87504fc1985b62c17132113dee4"",""f6bc93d92659e47a03c05607791d94544f8475a651cc51e979436da61b3c9e8e"",""87e80fb169763aa7fd524dce1375bb5a80dc7bfa7cfb5b169008925e4ea5a7b6"",""b1135caf2bc1e941f63400ea6f5bb07d63006176b7edbedd60c3b9fb6c97d7ab"",""4873eda905ec93302dd8e2a27df28537eec3b2fea2305e5b6ff3c23c5495861c"",""978bcb3daae61245d0226454b624dc723afadd03d731044b06f0a33bfffdaafd"",""2b633e5db7808e9b1d326b922b1875462aecf545dc968e63513d1be9e69f1caf"",""8f0cf2ab69f648f28d9faf338ded67f1e3b88fe6db91da6716afe80e0b00e782"",""2fffefa69305525c037f033ec62eba30413e79c22404b4693da8a006eac224fe"",""2cccb1100d7a248236be45379c952ada3214001e83225fdea5d0896af3d1f077"",""60f213e64b9c0089507638bca4db242cc21d17c2aa76b1333314981d5335be1a"",""0de9259e2579e7b1a155d6e212d63cf4daf8282a3c02babb2cd0bdd0b872ce2d"",""083f34f153bcb73d23d294aa598ad483a29acf4960108616d072497839659166"",""995823d9c44ece72efb79e2d63bf95980d7cb99fc6ec5ade648e2cfc4d8f88d9"",""430f8ff1e8487812fe09b4b56a98a5c161db07b641c366d8d30f2cf7922dd1eb"",""fc18977ab7fc7d9e64bddb37721d6f7229bb584634ec3b78a45582ba6ccac6b2"",""ca6bd8d3becb9e17501ee34a34c0637e7cef24cdb5401d5b2c7cd2aad70766d5"",""f1c4c96613771a3bcdbadb0f441e17a9242d3fe540896b6fe6db65e6b7ff5d06"",""978bfcb65f142c841ef4760c05691011e1a20dfde3dd6bdc4b3d888bfa60b747"",""62568695626769d64154c9f5ee8ba965542b9485a44100b5a236b71c3ea24ef8"",""8fe08deddbfcd9bb2388964ba9abe69b9973d750742d9b6b0026971f556bf281"",""1636d281910a1b378992727bbda4bb45ad15b5137503de1671980ee882e1ee8e"",""f60171e56e1b1d0ea55cdf5594b2f64772bf6bb370dd101478fd68a537979732"",""1603a3965be08d9595e2a74cd833b7df297256ad78d61a01c8b6ac3a7c0fa4a4"",""6a68198b170c4408fb2e198232dc07b3546406b69796fd21f23c0893a3d8b544"",""5fd3fbcd4cbd601b5672af94f6f87e4215e5371001f37813cd6b983959723670"",""ef39cefda8c9394700954a353ef440ede70d1caaea5eadd80eba3a74e44e440b"",""df46740d13a2021060befa256f3881b3bf3e73db545e8c2415fb6c49b03d76b3"",""55c780c84e3e744126443f15f80e9e19f099e3c7c8eb1fa27548ab94cba7c4ad""]",32
0,5,native,32,ready,after,146931712,96,352,32,121241600,96,608,32,57237504,186527744,0,192,2439600,456936,1982647,298,77,4743815,"{""child.rss_bytes"":[],""child.threads"":[],""child.fd_count"":[],""child.listener_count"":[],""wrapper.rss_bytes"":[],""wrapper.threads"":[],""wrapper.fd_count"":[],""wrapper.listener_count"":[],""cgroup.memory_current_bytes"":[],""cgroup.sum_leaf_lifetime_memory_peak_bytes"":[],""cgroup.memory_swap_current_bytes"":[],""cgroup.pids_current"":[],""cgroup.cpu.usage_usec"":[],""cgroup.cpu.user_usec"":[],""cgroup.cpu.system_usec"":[],""cgroup.cpu.nr_periods"":[],""cgroup.cpu.nr_throttled"":[],""cgroup.cpu.throttled_usec"":[]}","[""509668cbcd72249e9aa86a347d5cc89477393ffdd813f5d60b9e63d14482c6f0"",""f7f30d2ba2d09290220c6d3cb53437395643cb65fcda2d9efde0b3c0e1958701"",""7eafcc4537d30cbdb7c169663958712502cbad7e62a2ea5259c16223feac242a"",""f366a59900cb63be3e268cd7068c3384d055b87504fc1985b62c17132113dee4"",""f6bc93d92659e47a03c05607791d94544f8475a651cc51e979436da61b3c9e8e"",""87e80fb169763aa7fd524dce1375bb5a80dc7bfa7cfb5b169008925e4ea5a7b6"",""b1135caf2bc1e941f63400ea6f5bb07d63006176b7edbedd60c3b9fb6c97d7ab"",""4873eda905ec93302dd8e2a27df28537eec3b2fea2305e5b6ff3c23c5495861c"",""978bcb3daae61245d0226454b624dc723afadd03d731044b06f0a33bfffdaafd"",""2b633e5db7808e9b1d326b922b1875462aecf545dc968e63513d1be9e69f1caf"",""8f0cf2ab69f648f28d9faf338ded67f1e3b88fe6db91da6716afe80e0b00e782"",""2fffefa69305525c037f033ec62eba30413e79c22404b4693da8a006eac224fe"",""2cccb1100d7a248236be45379c952ada3214001e83225fdea5d0896af3d1f077"",""60f213e64b9c0089507638bca4db242cc21d17c2aa76b1333314981d5335be1a"",""0de9259e2579e7b1a155d6e212d63cf4daf8282a3c02babb2cd0bdd0b872ce2d"",""083f34f153bcb73d23d294aa598ad483a29acf4960108616d072497839659166"",""995823d9c44ece72efb79e2d63bf95980d7cb99fc6ec5ade648e2cfc4d8f88d9"",""430f8ff1e8487812fe09b4b56a98a5c161db07b641c366d8d30f2cf7922dd1eb"",""fc18977ab7fc7d9e64bddb37721d6f7229bb584634ec3b78a45582ba6ccac6b2"",""ca6bd8d3becb9e17501ee34a34c0637e7cef24cdb5401d5b2c7cd2aad70766d5"",""f1c4c96613771a3bcdbadb0f441e17a9242d3fe540896b6fe6db65e6b7ff5d06"",""978bfcb65f142c841ef4760c05691011e1a20dfde3dd6bdc4b3d888bfa60b747"",""62568695626769d64154c9f5ee8ba965542b9485a44100b5a236b71c3ea24ef8"",""8fe08deddbfcd9bb2388964ba9abe69b9973d750742d9b6b0026971f556bf281"",""1636d281910a1b378992727bbda4bb45ad15b5137503de1671980ee882e1ee8e"",""f60171e56e1b1d0ea55cdf5594b2f64772bf6bb370dd101478fd68a537979732"",""1603a3965be08d9595e2a74cd833b7df297256ad78d61a01c8b6ac3a7c0fa4a4"",""6a68198b170c4408fb2e198232dc07b3546406b69796fd21f23c0893a3d8b544"",""5fd3fbcd4cbd601b5672af94f6f87e4215e5371001f37813cd6b983959723670"",""ef39cefda8c9394700954a353ef440ede70d1caaea5eadd80eba3a74e44e440b"",""df46740d13a2021060befa256f3881b3bf3e73db545e8c2415fb6c49b03d76b3"",""55c780c84e3e744126443f15f80e9e19f099e3c7c8eb1fa27548ab94cba7c4ad""]",32
0,5,native,32,served,before,149028864,96,352,32,122028032,96,608,32,58535936,186527744,0,192,2760479,477901,2282563,376,78,4783674,"{""child.rss_bytes"":[],""child.threads"":[],""child.fd_count"":[],""child.listener_count"":[],""wrapper.rss_bytes"":[],""wrapper.threads"":[],""wrapper.fd_count"":[],""wrapper.listener_count"":[],""cgroup.memory_current_bytes"":[],""cgroup.sum_leaf_lifetime_memory_peak_bytes"":[],""cgroup.memory_swap_current_bytes"":[],""cgroup.pids_current"":[],""cgroup.cpu.usage_usec"":[],""cgroup.cpu.user_usec"":[],""cgroup.cpu.system_usec"":[],""cgroup.cpu.nr_periods"":[],""cgroup.cpu.nr_throttled"":[],""cgroup.cpu.throttled_usec"":[]}","[""509668cbcd72249e9aa86a347d5cc89477393ffdd813f5d60b9e63d14482c6f0"",""f7f30d2ba2d09290220c6d3cb53437395643cb65fcda2d9efde0b3c0e1958701"",""7eafcc4537d30cbdb7c169663958712502cbad7e62a2ea5259c16223feac242a"",""f366a59900cb63be3e268cd7068c3384d055b87504fc1985b62c17132113dee4"",""f6bc93d92659e47a03c05607791d94544f8475a651cc51e979436da61b3c9e8e"",""87e80fb169763aa7fd524dce1375bb5a80dc7bfa7cfb5b169008925e4ea5a7b6"",""b1135caf2bc1e941f63400ea6f5bb07d63006176b7edbedd60c3b9fb6c97d7ab"",""4873eda905ec93302dd8e2a27df28537eec3b2fea2305e5b6ff3c23c5495861c"",""978bcb3daae61245d0226454b624dc723afadd03d731044b06f0a33bfffdaafd"",""2b633e5db7808e9b1d326b922b1875462aecf545dc968e63513d1be9e69f1caf"",""8f0cf2ab69f648f28d9faf338ded67f1e3b88fe6db91da6716afe80e0b00e782"",""2fffefa69305525c037f033ec62eba30413e79c22404b4693da8a006eac224fe"",""2cccb1100d7a248236be45379c952ada3214001e83225fdea5d0896af3d1f077"",""60f213e64b9c0089507638bca4db242cc21d17c2aa76b1333314981d5335be1a"",""0de9259e2579e7b1a155d6e212d63cf4daf8282a3c02babb2cd0bdd0b872ce2d"",""083f34f153bcb73d23d294aa598ad483a29acf4960108616d072497839659166"",""995823d9c44ece72efb79e2d63bf95980d7cb99fc6ec5ade648e2cfc4d8f88d9"",""430f8ff1e8487812fe09b4b56a98a5c161db07b641c366d8d30f2cf7922dd1eb"",""fc18977ab7fc7d9e64bddb37721d6f7229bb584634ec3b78a45582ba6ccac6b2"",""ca6bd8d3becb9e17501ee34a34c0637e7cef24cdb5401d5b2c7cd2aad70766d5"",""f1c4c96613771a3bcdbadb0f441e17a9242d3fe540896b6fe6db65e6b7ff5d06"",""978bfcb65f142c841ef4760c05691011e1a20dfde3dd6bdc4b3d888bfa60b747"",""62568695626769d64154c9f5ee8ba965542b9485a44100b5a236b71c3ea24ef8"",""8fe08deddbfcd9bb2388964ba9abe69b9973d750742d9b6b0026971f556bf281"",""1636d281910a1b378992727bbda4bb45ad15b5137503de1671980ee882e1ee8e"",""f60171e56e1b1d0ea55cdf5594b2f64772bf6bb370dd101478fd68a537979732"",""1603a3965be08d9595e2a74cd833b7df297256ad78d61a01c8b6ac3a7c0fa4a4"",""6a68198b170c4408fb2e198232dc07b3546406b69796fd21f23c0893a3d8b544"",""5fd3fbcd4cbd601b5672af94f6f87e4215e5371001f37813cd6b983959723670"",""ef39cefda8c9394700954a353ef440ede70d1caaea5eadd80eba3a74e44e440b"",""df46740d13a2021060befa256f3881b3bf3e73db545e8c2415fb6c49b03d76b3"",""55c780c84e3e744126443f15f80e9e19f099e3c7c8eb1fa27548ab94cba7c4ad""]",32
0,5,native,32,served,after,149028864,96,352,32,122159104,96,608,32,59097088,186527744,0,192,3090528,487806,2602709,444,78,4783674,"{""child.rss_bytes"":[],""child.threads"":[],""child.fd_count"":[],""child.listener_count"":[],""wrapper.rss_bytes"":[],""wrapper.threads"":[],""wrapper.fd_count"":[],""wrapper.listener_count"":[],""cgroup.memory_current_bytes"":[],""cgroup.sum_leaf_lifetime_memory_peak_bytes"":[],""cgroup.memory_swap_current_bytes"":[],""cgroup.pids_current"":[],""cgroup.cpu.usage_usec"":[],""cgroup.cpu.user_usec"":[],""cgroup.cpu.system_usec"":[],""cgroup.cpu.nr_periods"":[],""cgroup.cpu.nr_throttled"":[],""cgroup.cpu.throttled_usec"":[]}","[""509668cbcd72249e9aa86a347d5cc89477393ffdd813f5d60b9e63d14482c6f0"",""f7f30d2ba2d09290220c6d3cb53437395643cb65fcda2d9efde0b3c0e1958701"",""7eafcc4537d30cbdb7c169663958712502cbad7e62a2ea5259c16223feac242a"",""f366a59900cb63be3e268cd7068c3384d055b87504fc1985b62c17132113dee4"",""f6bc93d92659e47a03c05607791d94544f8475a651cc51e979436da61b3c9e8e"",""87e80fb169763aa7fd524dce1375bb5a80dc7bfa7cfb5b169008925e4ea5a7b6"",""b1135caf2bc1e941f63400ea6f5bb07d63006176b7edbedd60c3b9fb6c97d7ab"",""4873eda905ec93302dd8e2a27df28537eec3b2fea2305e5b6ff3c23c5495861c"",""978bcb3daae61245d0226454b624dc723afadd03d731044b06f0a33bfffdaafd"",""2b633e5db7808e9b1d326b922b1875462aecf545dc968e63513d1be9e69f1caf"",""8f0cf2ab69f648f28d9faf338ded67f1e3b88fe6db91da6716afe80e0b00e782"",""2fffefa69305525c037f033ec62eba30413e79c22404b4693da8a006eac224fe"",""2cccb1100d7a248236be45379c952ada3214001e83225fdea5d0896af3d1f077"",""60f213e64b9c0089507638bca4db242cc21d17c2aa76b1333314981d5335be1a"",""0de9259e2579e7b1a155d6e212d63cf4daf8282a3c02babb2cd0bdd0b872ce2d"",""083f34f153bcb73d23d294aa598ad483a29acf4960108616d072497839659166"",""995823d9c44ece72efb79e2d63bf95980d7cb99fc6ec5ade648e2cfc4d8f88d9"",""430f8ff1e8487812fe09b4b56a98a5c161db07b641c366d8d30f2cf7922dd1eb"",""fc18977ab7fc7d9e64bddb37721d6f7229bb584634ec3b78a45582ba6ccac6b2"",""ca6bd8d3becb9e17501ee34a34c0637e7cef24cdb5401d5b2c7cd2aad70766d5"",""f1c4c96613771a3bcdbadb0f441e17a9242d3fe540896b6fe6db65e6b7ff5d06"",""978bfcb65f142c841ef4760c05691011e1a20dfde3dd6bdc4b3d888bfa60b747"",""62568695626769d64154c9f5ee8ba965542b9485a44100b5a236b71c3ea24ef8"",""8fe08deddbfcd9bb2388964ba9abe69b9973d750742d9b6b0026971f556bf281"",""1636d281910a1b378992727bbda4bb45ad15b5137503de1671980ee882e1ee8e"",""f60171e56e1b1d0ea55cdf5594b2f64772bf6bb370dd101478fd68a537979732"",""1603a3965be08d9595e2a74cd833b7df297256ad78d61a01c8b6ac3a7c0fa4a4"",""6a68198b170c4408fb2e198232dc07b3546406b69796fd21f23c0893a3d8b544"",""5fd3fbcd4cbd601b5672af94f6f87e4215e5371001f37813cd6b983959723670"",""ef39cefda8c9394700954a353ef440ede70d1caaea5eadd80eba3a74e44e440b"",""df46740d13a2021060befa256f3881b3bf3e73db545e8c2415fb6c49b03d76b3"",""55c780c84e3e744126443f15f80e9e19f099e3c7c8eb1fa27548ab94cba7c4ad""]",32
0,5,native,32,final,before,149028864,96,352,32,122159104,96,608,32,60653568,186527744,0,192,3477751,530046,2947686,570,78,4783674,"{""child.rss_bytes"":[],""child.threads"":[],""child.fd_count"":[],""child.listener_count"":[],""wrapper.rss_bytes"":[],""wrapper.threads"":[],""wrapper.fd_count"":[],""wrapper.listener_count"":[],""cgroup.memory_current_bytes"":[],""cgroup.sum_leaf_lifetime_memory_peak_bytes"":[],""cgroup.memory_swap_current_bytes"":[],""cgroup.pids_current"":[],""cgroup.cpu.usage_usec"":[],""cgroup.cpu.user_usec"":[],""cgroup.cpu.system_usec"":[],""cgroup.cpu.nr_periods"":[],""cgroup.cpu.nr_throttled"":[],""cgroup.cpu.throttled_usec"":[]}","[""509668cbcd72249e9aa86a347d5cc89477393ffdd813f5d60b9e63d14482c6f0"",""f7f30d2ba2d09290220c6d3cb53437395643cb65fcda2d9efde0b3c0e1958701"",""7eafcc4537d30cbdb7c169663958712502cbad7e62a2ea5259c16223feac242a"",""f366a59900cb63be3e268cd7068c3384d055b87504fc1985b62c17132113dee4"",""f6bc93d92659e47a03c05607791d94544f8475a651cc51e979436da61b3c9e8e"",""87e80fb169763aa7fd524dce1375bb5a80dc7bfa7cfb5b169008925e4ea5a7b6"",""b1135caf2bc1e941f63400ea6f5bb07d63006176b7edbedd60c3b9fb6c97d7ab"",""4873eda905ec93302dd8e2a27df28537eec3b2fea2305e5b6ff3c23c5495861c"",""978bcb3daae61245d0226454b624dc723afadd03d731044b06f0a33bfffdaafd"",""2b633e5db7808e9b1d326b922b1875462aecf545dc968e63513d1be9e69f1caf"",""8f0cf2ab69f648f28d9faf338ded67f1e3b88fe6db91da6716afe80e0b00e782"",""2fffefa69305525c037f033ec62eba30413e79c22404b4693da8a006eac224fe"",""2cccb1100d7a248236be45379c952ada3214001e83225fdea5d0896af3d1f077"",""60f213e64b9c0089507638bca4db242cc21d17c2aa76b1333314981d5335be1a"",""0de9259e2579e7b1a155d6e212d63cf4daf8282a3c02babb2cd0bdd0b872ce2d"",""083f34f153bcb73d23d294aa598ad483a29acf4960108616d072497839659166"",""995823d9c44ece72efb79e2d63bf95980d7cb99fc6ec5ade648e2cfc4d8f88d9"",""430f8ff1e8487812fe09b4b56a98a5c161db07b641c366d8d30f2cf7922dd1eb"",""fc18977ab7fc7d9e64bddb37721d6f7229bb584634ec3b78a45582ba6ccac6b2"",""ca6bd8d3becb9e17501ee34a34c0637e7cef24cdb5401d5b2c7cd2aad70766d5"",""f1c4c96613771a3bcdbadb0f441e17a9242d3fe540896b6fe6db65e6b7ff5d06"",""978bfcb65f142c841ef4760c05691011e1a20dfde3dd6bdc4b3d888bfa60b747"",""62568695626769d64154c9f5ee8ba965542b9485a44100b5a236b71c3ea24ef8"",""8fe08deddbfcd9bb2388964ba9abe69b9973d750742d9b6b0026971f556bf281"",""1636d281910a1b378992727bbda4bb45ad15b5137503de1671980ee882e1ee8e"",""f60171e56e1b1d0ea55cdf5594b2f64772bf6bb370dd101478fd68a537979732"",""1603a3965be08d9595e2a74cd833b7df297256ad78d61a01c8b6ac3a7c0fa4a4"",""6a68198b170c4408fb2e198232dc07b3546406b69796fd21f23c0893a3d8b544"",""5fd3fbcd4cbd601b5672af94f6f87e4215e5371001f37813cd6b983959723670"",""ef39cefda8c9394700954a353ef440ede70d1caaea5eadd80eba3a74e44e440b"",""df46740d13a2021060befa256f3881b3bf3e73db545e8c2415fb6c49b03d76b3"",""55c780c84e3e744126443f15f80e9e19f099e3c7c8eb1fa27548ab94cba7c4ad""]",32
0,5,native,32,final,after,149028864,96,352,32,122159104,96,608,32,61190144,186527744,0,192,3789500,544728,3244758,636,79,4783674,"{""child.rss_bytes"":[],""child.threads"":[],""child.fd_count"":[],""child.listener_count"":[],""wrapper.rss_bytes"":[],""wrapper.threads"":[],""wrapper.fd_count"":[],""wrapper.listener_count"":[],""cgroup.memory_current_bytes"":[],""cgroup.sum_leaf_lifetime_memory_peak_bytes"":[],""cgroup.memory_swap_current_bytes"":[],""cgroup.pids_current"":[],""cgroup.cpu.usage_usec"":[],""cgroup.cpu.user_usec"":[],""cgroup.cpu.system_usec"":[],""cgroup.cpu.nr_periods"":[],""cgroup.cpu.nr_throttled"":[],""cgroup.cpu.throttled_usec"":[]}","[""509668cbcd72249e9aa86a347d5cc89477393ffdd813f5d60b9e63d14482c6f0"",""f7f30d2ba2d09290220c6d3cb53437395643cb65fcda2d9efde0b3c0e1958701"",""7eafcc4537d30cbdb7c169663958712502cbad7e62a2ea5259c16223feac242a"",""f366a59900cb63be3e268cd7068c3384d055b87504fc1985b62c17132113dee4"",""f6bc93d92659e47a03c05607791d94544f8475a651cc51e979436da61b3c9e8e"",""87e80fb169763aa7fd524dce1375bb5a80dc7bfa7cfb5b169008925e4ea5a7b6"",""b1135caf2bc1e941f63400ea6f5bb07d63006176b7edbedd60c3b9fb6c97d7ab"",""4873eda905ec93302dd8e2a27df28537eec3b2fea2305e5b6ff3c23c5495861c"",""978bcb3daae61245d0226454b624dc723afadd03d731044b06f0a33bfffdaafd"",""2b633e5db7808e9b1d326b922b1875462aecf545dc968e63513d1be9e69f1caf"",""8f0cf2ab69f648f28d9faf338ded67f1e3b88fe6db91da6716afe80e0b00e782"",""2fffefa69305525c037f033ec62eba30413e79c22404b4693da8a006eac224fe"",""2cccb1100d7a248236be45379c952ada3214001e83225fdea5d0896af3d1f077"",""60f213e64b9c0089507638bca4db242cc21d17c2aa76b1333314981d5335be1a"",""0de9259e2579e7b1a155d6e212d63cf4daf8282a3c02babb2cd0bdd0b872ce2d"",""083f34f153bcb73d23d294aa598ad483a29acf4960108616d072497839659166"",""995823d9c44ece72efb79e2d63bf95980d7cb99fc6ec5ade648e2cfc4d8f88d9"",""430f8ff1e8487812fe09b4b56a98a5c161db07b641c366d8d30f2cf7922dd1eb"",""fc18977ab7fc7d9e64bddb37721d6f7229bb584634ec3b78a45582ba6ccac6b2"",""ca6bd8d3becb9e17501ee34a34c0637e7cef24cdb5401d5b2c7cd2aad70766d5"",""f1c4c96613771a3bcdbadb0f441e17a9242d3fe540896b6fe6db65e6b7ff5d06"",""978bfcb65f142c841ef4760c05691011e1a20dfde3dd6bdc4b3d888bfa60b747"",""62568695626769d64154c9f5ee8ba965542b9485a44100b5a236b71c3ea24ef8"",""8fe08deddbfcd9bb2388964ba9abe69b9973d750742d9b6b0026971f556bf281"",""1636d281910a1b378992727bbda4bb45ad15b5137503de1671980ee882e1ee8e"",""f60171e56e1b1d0ea55cdf5594b2f64772bf6bb370dd101478fd68a537979732"",""1603a3965be08d9595e2a74cd833b7df297256ad78d61a01c8b6ac3a7c0fa4a4"",""6a68198b170c4408fb2e198232dc07b3546406b69796fd21f23c0893a3d8b544"",""5fd3fbcd4cbd601b5672af94f6f87e4215e5371001f37813cd6b983959723670"",""ef39cefda8c9394700954a353ef440ede70d1caaea5eadd80eba3a74e44e440b"",""df46740d13a2021060befa256f3881b3bf3e73db545e8c2415fb6c49b03d76b3"",""55c780c84e3e744126443f15f80e9e19f099e3c7c8eb1fa27548ab94cba7c4ad""]",32
1,0,native,8,ready,before,36700160,24,88,8,29491200,24,152,8,12976128,50491392,0,48,605146,188043,417102,49,0,0,"{""child.rss_bytes"":[],""child.threads"":[],""child.fd_count"":[],""child.listener_count"":[],""wrapper.rss_bytes"":[],""wrapper.threads"":[],""wrapper.fd_count"":[],""wrapper.listener_count"":[],""cgroup.memory_current_bytes"":[],""cgroup.sum_leaf_lifetime_memory_peak_bytes"":[],""cgroup.memory_swap_current_bytes"":[],""cgroup.pids_current"":[],""cgroup.cpu.usage_usec"":[],""cgroup.cpu.user_usec"":[],""cgroup.cpu.system_usec"":[],""cgroup.cpu.nr_periods"":[],""cgroup.cpu.nr_throttled"":[],""cgroup.cpu.throttled_usec"":[]}","[""c6680e70c824a4560a6cc3a7bf5399d7d3bb6d2e5c6535c5b9c48138e809e411"",""e0cdb5c1e0c7171d7b30e7c909f5d1f4a905d291d06cce66e09123ddc85cc8e9"",""092b6917227472b4a0514991f45a9a2eaaa91c36253ffa197c545104534538b0"",""3a0f6eccff23f43e2e2cd7d49f6563890aaa584361fb6a142c0d922e2c0fb2bf"",""e4b77da2cc93b0ce617ce16003fb505b3bff2387cf20ba839f3b09c0b2e05c2e"",""911554fd0fc88171b2899548537e03ed6648193014f6dffbb08bb92883752817"",""58f0c762e777582c71ca7925913011b46232a376d340b9faca6433fb2801365e"",""edd6aba269427e2dedd214cbf0094f5702ba77bd9b98baeeeddde75a315b915b""]",8
1,0,native,8,ready,after,36700160,24,88,8,30408704,24,152,8,14192640,50491392,0,48,678270,192366,485901,65,0,0,"{""child.rss_bytes"":[],""child.threads"":[],""child.fd_count"":[],""child.listener_count"":[],""wrapper.rss_bytes"":[],""wrapper.threads"":[],""wrapper.fd_count"":[],""wrapper.listener_count"":[],""cgroup.memory_current_bytes"":[],""cgroup.sum_leaf_lifetime_memory_peak_bytes"":[],""cgroup.memory_swap_current_bytes"":[],""cgroup.pids_current"":[],""cgroup.cpu.usage_usec"":[],""cgroup.cpu.user_usec"":[],""cgroup.cpu.system_usec"":[],""cgroup.cpu.nr_periods"":[],""cgroup.cpu.nr_throttled"":[],""cgroup.cpu.throttled_usec"":[]}","[""c6680e70c824a4560a6cc3a7bf5399d7d3bb6d2e5c6535c5b9c48138e809e411"",""e0cdb5c1e0c7171d7b30e7c909f5d1f4a905d291d06cce66e09123ddc85cc8e9"",""092b6917227472b4a0514991f45a9a2eaaa91c36253ffa197c545104534538b0"",""3a0f6eccff23f43e2e2cd7d49f6563890aaa584361fb6a142c0d922e2c0fb2bf"",""e4b77da2cc93b0ce617ce16003fb505b3bff2387cf20ba839f3b09c0b2e05c2e"",""911554fd0fc88171b2899548537e03ed6648193014f6dffbb08bb92883752817"",""58f0c762e777582c71ca7925913011b46232a376d340b9faca6433fb2801365e"",""edd6aba269427e2dedd214cbf0094f5702ba77bd9b98baeeeddde75a315b915b""]",8
1,0,native,8,served,before,37093376,24,88,8,30539776,24,152,8,14569472,50491392,0,48,761745,200201,561540,88,0,0,"{""child.rss_bytes"":[],""child.threads"":[],""child.fd_count"":[],""child.listener_count"":[],""wrapper.rss_bytes"":[],""wrapper.threads"":[],""wrapper.fd_count"":[],""wrapper.listener_count"":[],""cgroup.memory_current_bytes"":[],""cgroup.sum_leaf_lifetime_memory_peak_bytes"":[],""cgroup.memory_swap_current_bytes"":[],""cgroup.pids_current"":[],""cgroup.cpu.usage_usec"":[],""cgroup.cpu.user_usec"":[],""cgroup.cpu.system_usec"":[],""cgroup.cpu.nr_periods"":[],""cgroup.cpu.nr_throttled"":[],""cgroup.cpu.throttled_usec"":[]}","[""c6680e70c824a4560a6cc3a7bf5399d7d3bb6d2e5c6535c5b9c48138e809e411"",""e0cdb5c1e0c7171d7b30e7c909f5d1f4a905d291d06cce66e09123ddc85cc8e9"",""092b6917227472b4a0514991f45a9a2eaaa91c36253ffa197c545104534538b0"",""3a0f6eccff23f43e2e2cd7d49f6563890aaa584361fb6a142c0d922e2c0fb2bf"",""e4b77da2cc93b0ce617ce16003fb505b3bff2387cf20ba839f3b09c0b2e05c2e"",""911554fd0fc88171b2899548537e03ed6648193014f6dffbb08bb92883752817"",""58f0c762e777582c71ca7925913011b46232a376d340b9faca6433fb2801365e"",""edd6aba269427e2dedd214cbf0094f5702ba77bd9b98baeeeddde75a315b915b""]",8
1,0,native,8,served,after,37093376,24,88,8,30539776,24,152,8,14712832,50491392,0,48,834953,204526,630422,104,0,0,"{""child.rss_bytes"":[],""child.threads"":[],""child.fd_count"":[],""child.listener_count"":[],""wrapper.rss_bytes"":[],""wrapper.threads"":[],""wrapper.fd_count"":[],""wrapper.listener_count"":[],""cgroup.memory_current_bytes"":[],""cgroup.sum_leaf_lifetime_memory_peak_bytes"":[],""cgroup.memory_swap_current_bytes"":[],""cgroup.pids_current"":[],""cgroup.cpu.usage_usec"":[],""cgroup.cpu.user_usec"":[],""cgroup.cpu.system_usec"":[],""cgroup.cpu.nr_periods"":[],""cgroup.cpu.nr_throttled"":[],""cgroup.cpu.throttled_usec"":[]}","[""c6680e70c824a4560a6cc3a7bf5399d7d3bb6d2e5c6535c5b9c48138e809e411"",""e0cdb5c1e0c7171d7b30e7c909f5d1f4a905d291d06cce66e09123ddc85cc8e9"",""092b6917227472b4a0514991f45a9a2eaaa91c36253ffa197c545104534538b0"",""3a0f6eccff23f43e2e2cd7d49f6563890aaa584361fb6a142c0d922e2c0fb2bf"",""e4b77da2cc93b0ce617ce16003fb505b3bff2387cf20ba839f3b09c0b2e05c2e"",""911554fd0fc88171b2899548537e03ed6648193014f6dffbb08bb92883752817"",""58f0c762e777582c71ca7925913011b46232a376d340b9faca6433fb2801365e"",""edd6aba269427e2dedd214cbf0094f5702ba77bd9b98baeeeddde75a315b915b""]",8
1,0,native,8,final,before,37093376,24,88,8,30539776,24,152,8,14970880,50491392,0,48,930123,215407,714713,133,0,0,"{""child.rss_bytes"":[],""child.threads"":[],""child.fd_count"":[],""child.listener_count"":[],""wrapper.rss_bytes"":[],""wrapper.threads"":[],""wrapper.fd_count"":[],""wrapper.listener_count"":[],""cgroup.memory_current_bytes"":[],""cgroup.sum_leaf_lifetime_memory_peak_bytes"":[],""cgroup.memory_swap_current_bytes"":[],""cgroup.pids_current"":[],""cgroup.cpu.usage_usec"":[],""cgroup.cpu.user_usec"":[],""cgroup.cpu.system_usec"":[],""cgroup.cpu.nr_periods"":[],""cgroup.cpu.nr_throttled"":[],""cgroup.cpu.throttled_usec"":[]}","[""c6680e70c824a4560a6cc3a7bf5399d7d3bb6d2e5c6535c5b9c48138e809e411"",""e0cdb5c1e0c7171d7b30e7c909f5d1f4a905d291d06cce66e09123ddc85cc8e9"",""092b6917227472b4a0514991f45a9a2eaaa91c36253ffa197c545104534538b0"",""3a0f6eccff23f43e2e2cd7d49f6563890aaa584361fb6a142c0d922e2c0fb2bf"",""e4b77da2cc93b0ce617ce16003fb505b3bff2387cf20ba839f3b09c0b2e05c2e"",""911554fd0fc88171b2899548537e03ed6648193014f6dffbb08bb92883752817"",""58f0c762e777582c71ca7925913011b46232a376d340b9faca6433fb2801365e"",""edd6aba269427e2dedd214cbf0094f5702ba77bd9b98baeeeddde75a315b915b""]",8
1,0,native,8,final,after,37093376,24,88,8,30539776,24,152,8,15085568,50491392,0,48,998439,216836,781599,149,0,0,"{""child.rss_bytes"":[],""child.threads"":[],""child.fd_count"":[],""child.listener_count"":[],""wrapper.rss_bytes"":[],""wrapper.threads"":[],""wrapper.fd_count"":[],""wrapper.listener_count"":[],""cgroup.memory_current_bytes"":[],""cgroup.sum_leaf_lifetime_memory_peak_bytes"":[],""cgroup.memory_swap_current_bytes"":[],""cgroup.pids_current"":[],""cgroup.cpu.usage_usec"":[],""cgroup.cpu.user_usec"":[],""cgroup.cpu.system_usec"":[],""cgroup.cpu.nr_periods"":[],""cgroup.cpu.nr_throttled"":[],""cgroup.cpu.throttled_usec"":[]}","[""c6680e70c824a4560a6cc3a7bf5399d7d3bb6d2e5c6535c5b9c48138e809e411"",""e0cdb5c1e0c7171d7b30e7c909f5d1f4a905d291d06cce66e09123ddc85cc8e9"",""092b6917227472b4a0514991f45a9a2eaaa91c36253ffa197c545104534538b0"",""3a0f6eccff23f43e2e2cd7d49f6563890aaa584361fb6a142c0d922e2c0fb2bf"",""e4b77da2cc93b0ce617ce16003fb505b3bff2387cf20ba839f3b09c0b2e05c2e"",""911554fd0fc88171b2899548537e03ed6648193014f6dffbb08bb92883752817"",""58f0c762e777582c71ca7925913011b46232a376d340b9faca6433fb2801365e"",""edd6aba269427e2dedd214cbf0094f5702ba77bd9b98baeeeddde75a315b915b""]",8
1,1,lsf,8,ready,before,12451840,7,24,1,3801088,3,33,1,3207168,6955008,0,10,80684,33255,47429,14,0,0,"{""child.rss_bytes"":[],""child.threads"":[],""child.fd_count"":[],""child.listener_count"":[],""wrapper.rss_bytes"":[],""wrapper.threads"":[],""wrapper.fd_count"":[],""wrapper.listener_count"":[],""cgroup.memory_current_bytes"":[],""cgroup.sum_leaf_lifetime_memory_peak_bytes"":[],""cgroup.memory_swap_current_bytes"":[],""cgroup.pids_current"":[],""cgroup.cpu.usage_usec"":[],""cgroup.cpu.user_usec"":[],""cgroup.cpu.system_usec"":[],""cgroup.cpu.nr_periods"":[],""cgroup.cpu.nr_throttled"":[],""cgroup.cpu.throttled_usec"":[]}","[""d68d596849026c345be3199dae989b4baff45cc77a5258172ca49e072a24ade6""]",1
1,1,lsf,8,ready,after,12451840,7,24,1,3932160,3,33,1,3473408,6955008,0,10,93586,35094,58491,20,0,0,"{""child.rss_bytes"":[],""child.threads"":[],""child.fd_count"":[],""child.listener_count"":[],""wrapper.rss_bytes"":[],""wrapper.threads"":[],""wrapper.fd_count"":[],""wrapper.listener_count"":[],""cgroup.memory_current_bytes"":[],""cgroup.sum_leaf_lifetime_memory_peak_bytes"":[],""cgroup.memory_swap_current_bytes"":[],""cgroup.pids_current"":[],""cgroup.cpu.usage_usec"":[],""cgroup.cpu.user_usec"":[],""cgroup.cpu.system_usec"":[],""cgroup.cpu.nr_periods"":[],""cgroup.cpu.nr_throttled"":[],""cgroup.cpu.throttled_usec"":[]}","[""d68d596849026c345be3199dae989b4baff45cc77a5258172ca49e072a24ade6""]",1
1,1,lsf,8,served,before,23560192,7,32,1,3932160,3,33,1,7528448,8298496,0,10,402173,320926,81247,28,0,0,"{""child.rss_bytes"":[],""child.threads"":[],""child.fd_count"":[],""child.listener_count"":[],""wrapper.rss_bytes"":[],""wrapper.threads"":[],""wrapper.fd_count"":[],""wrapper.listener_count"":[],""cgroup.memory_current_bytes"":[],""cgroup.sum_leaf_lifetime_memory_peak_bytes"":[],""cgroup.memory_swap_current_bytes"":[],""cgroup.pids_current"":[],""cgroup.cpu.usage_usec"":[],""cgroup.cpu.user_usec"":[],""cgroup.cpu.system_usec"":[],""cgroup.cpu.nr_periods"":[],""cgroup.cpu.nr_throttled"":[],""cgroup.cpu.throttled_usec"":[]}","[""d68d596849026c345be3199dae989b4baff45cc77a5258172ca49e072a24ade6""]",1
1,1,lsf,8,served,after,23560192,7,32,1,3932160,3,33,1,7565312,8298496,0,10,416750,325899,90850,33,0,0,"{""child.rss_bytes"":[],""child.threads"":[],""child.fd_count"":[],""child.listener_count"":[],""wrapper.rss_bytes"":[],""wrapper.threads"":[],""wrapper.fd_count"":[],""wrapper.listener_count"":[],""cgroup.memory_current_bytes"":[],""cgroup.sum_leaf_lifetime_memory_peak_bytes"":[],""cgroup.memory_swap_current_bytes"":[],""cgroup.pids_current"":[],""cgroup.cpu.usage_usec"":[],""cgroup.cpu.user_usec"":[],""cgroup.cpu.system_usec"":[],""cgroup.cpu.nr_periods"":[],""cgroup.cpu.nr_throttled"":[],""cgroup.cpu.throttled_usec"":[]}","[""d68d596849026c345be3199dae989b4baff45cc77a5258172ca49e072a24ade6""]",1
1,1,lsf,8,final,before,24870912,7,32,1,3932160,3,33,1,8925184,10506240,0,10,466130,344531,121599,38,0,0,"{""child.rss_bytes"":[],""child.threads"":[],""child.fd_count"":[],""child.listener_count"":[],""wrapper.rss_bytes"":[],""wrapper.threads"":[],""wrapper.fd_count"":[],""wrapper.listener_count"":[],""cgroup.memory_current_bytes"":[],""cgroup.sum_leaf_lifetime_memory_peak_bytes"":[],""cgroup.memory_swap_current_bytes"":[],""cgroup.pids_current"":[],""cgroup.cpu.usage_usec"":[],""cgroup.cpu.user_usec"":[],""cgroup.cpu.system_usec"":[],""cgroup.cpu.nr_periods"":[],""cgroup.cpu.nr_throttled"":[],""cgroup.cpu.throttled_usec"":[]}","[""d68d596849026c345be3199dae989b4baff45cc77a5258172ca49e072a24ade6""]",1
1,1,lsf,8,final,after,24870912,7,32,1,3932160,3,33,1,8949760,10506240,0,10,479708,350420,129288,43,0,0,"{""child.rss_bytes"":[],""child.threads"":[],""child.fd_count"":[],""child.listener_count"":[],""wrapper.rss_bytes"":[],""wrapper.threads"":[],""wrapper.fd_count"":[],""wrapper.listener_count"":[],""cgroup.memory_current_bytes"":[],""cgroup.sum_leaf_lifetime_memory_peak_bytes"":[],""cgroup.memory_swap_current_bytes"":[],""cgroup.pids_current"":[],""cgroup.cpu.usage_usec"":[],""cgroup.cpu.user_usec"":[],""cgroup.cpu.system_usec"":[],""cgroup.cpu.nr_periods"":[],""cgroup.cpu.nr_throttled"":[],""cgroup.cpu.throttled_usec"":[]}","[""d68d596849026c345be3199dae989b4baff45cc77a5258172ca49e072a24ade6""]",1
1,2,lsf,32,ready,before,13369344,7,48,1,4325376,3,81,1,4919296,8564736,0,10,113236,63412,49823,29,0,0,"{""child.rss_bytes"":[],""child.threads"":[],""child.fd_count"":[],""child.listener_count"":[],""wrapper.rss_bytes"":[],""wrapper.threads"":[],""wrapper.fd_count"":[],""wrapper.listener_count"":[],""cgroup.memory_current_bytes"":[],""cgroup.sum_leaf_lifetime_memory_peak_bytes"":[],""cgroup.memory_swap_current_bytes"":[],""cgroup.pids_current"":[],""cgroup.cpu.usage_usec"":[],""cgroup.cpu.user_usec"":[],""cgroup.cpu.system_usec"":[],""cgroup.cpu.nr_periods"":[],""cgroup.cpu.nr_throttled"":[],""cgroup.cpu.throttled_usec"":[]}","[""17d8a287b1a1b8660d1f07c878f3228ca0f89f514ffdc0ce06cb5f187ff1cf29""]",1
1,2,lsf,32,ready,after,13369344,7,48,1,4587520,3,81,1,5349376,8564736,0,10,126651,65671,60980,35,0,0,"{""child.rss_bytes"":[],""child.threads"":[],""child.fd_count"":[],""child.listener_count"":[],""wrapper.rss_bytes"":[],""wrapper.threads"":[],""wrapper.fd_count"":[],""wrapper.listener_count"":[],""cgroup.memory_current_bytes"":[],""cgroup.sum_leaf_lifetime_memory_peak_bytes"":[],""cgroup.memory_swap_current_bytes"":[],""cgroup.pids_current"":[],""cgroup.cpu.usage_usec"":[],""cgroup.cpu.user_usec"":[],""cgroup.cpu.system_usec"":[],""cgroup.cpu.nr_periods"":[],""cgroup.cpu.nr_throttled"":[],""cgroup.cpu.throttled_usec"":[]}","[""17d8a287b1a1b8660d1f07c878f3228ca0f89f514ffdc0ce06cb5f187ff1cf29""]",1
1,2,lsf,32,served,before,28028928,7,80,1,4587520,3,81,1,13238272,14102528,0,10,1251348,1146171,105177,51,0,0,"{""child.rss_bytes"":[],""child.threads"":[],""child.fd_count"":[],""child.listener_count"":[],""wrapper.rss_bytes"":[],""wrapper.threads"":[],""wrapper.fd_count"":[],""wrapper.listener_count"":[],""cgroup.memory_current_bytes"":[],""cgroup.sum_leaf_lifetime_memory_peak_bytes"":[],""cgroup.memory_swap_current_bytes"":[],""cgroup.pids_current"":[],""cgroup.cpu.usage_usec"":[],""cgroup.cpu.user_usec"":[],""cgroup.cpu.system_usec"":[],""cgroup.cpu.nr_periods"":[],""cgroup.cpu.nr_throttled"":[],""cgroup.cpu.throttled_usec"":[]}","[""17d8a287b1a1b8660d1f07c878f3228ca0f89f514ffdc0ce06cb5f187ff1cf29""]",1
1,2,lsf,32,served,after,28028928,7,80,1,4587520,3,81,1,13328384,14102528,0,10,1262961,1148887,114073,56,0,0,"{""child.rss_bytes"":[],""child.threads"":[],""child.fd_count"":[],""child.listener_count"":[],""wrapper.rss_bytes"":[],""wrapper.threads"":[],""wrapper.fd_count"":[],""wrapper.listener_count"":[],""cgroup.memory_current_bytes"":[],""cgroup.sum_leaf_lifetime_memory_peak_bytes"":[],""cgroup.memory_swap_current_bytes"":[],""cgroup.pids_current"":[],""cgroup.cpu.usage_usec"":[],""cgroup.cpu.user_usec"":[],""cgroup.cpu.system_usec"":[],""cgroup.cpu.nr_periods"":[],""cgroup.cpu.nr_throttled"":[],""cgroup.cpu.throttled_usec"":[]}","[""17d8a287b1a1b8660d1f07c878f3228ca0f89f514ffdc0ce06cb5f187ff1cf29""]",1
1,2,lsf,32,final,before,29470720,7,80,1,4587520,3,81,1,14725120,17534976,0,10,1430201,1270835,159365,61,0,0,"{""child.rss_bytes"":[],""child.threads"":[],""child.fd_count"":[],""child.listener_count"":[],""wrapper.rss_bytes"":[],""wrapper.threads"":[],""wrapper.fd_count"":[],""wrapper.listener_count"":[],""cgroup.memory_current_bytes"":[],""cgroup.sum_leaf_lifetime_memory_peak_bytes"":[],""cgroup.memory_swap_current_bytes"":[],""cgroup.pids_current"":[],""cgroup.cpu.usage_usec"":[],""cgroup.cpu.user_usec"":[],""cgroup.cpu.system_usec"":[],""cgroup.cpu.nr_periods"":[],""cgroup.cpu.nr_throttled"":[],""cgroup.cpu.throttled_usec"":[]}","[""17d8a287b1a1b8660d1f07c878f3228ca0f89f514ffdc0ce06cb5f187ff1cf29""]",1
1,2,lsf,32,final,after,29470720,7,80,1,4587520,3,81,1,14721024,17534976,0,10,1439346,1271694,167651,65,0,0,"{""child.rss_bytes"":[],""child.threads"":[],""child.fd_count"":[],""child.listener_count"":[],""wrapper.rss_bytes"":[],""wrapper.threads"":[],""wrapper.fd_count"":[],""wrapper.listener_count"":[],""cgroup.memory_current_bytes"":[],""cgroup.sum_leaf_lifetime_memory_peak_bytes"":[],""cgroup.memory_swap_current_bytes"":[],""cgroup.pids_current"":[],""cgroup.cpu.usage_usec"":[],""cgroup.cpu.user_usec"":[],""cgroup.cpu.system_usec"":[],""cgroup.cpu.nr_periods"":[],""cgroup.cpu.nr_throttled"":[],""cgroup.cpu.throttled_usec"":[]}","[""17d8a287b1a1b8660d1f07c878f3228ca0f89f514ffdc0ce06cb5f187ff1cf29""]",1
1,3,native,32,ready,before,147062784,96,352,32,117833728,96,608,32,50995200,186793984,0,192,2196777,412420,1784341,283,72,3096632,"{""child.rss_bytes"":[],""child.threads"":[],""child.fd_count"":[],""child.listener_count"":[],""wrapper.rss_bytes"":[],""wrapper.threads"":[],""wrapper.fd_count"":[],""wrapper.listener_count"":[],""cgroup.memory_current_bytes"":[],""cgroup.sum_leaf_lifetime_memory_peak_bytes"":[],""cgroup.memory_swap_current_bytes"":[],""cgroup.pids_current"":[],""cgroup.cpu.usage_usec"":[],""cgroup.cpu.user_usec"":[],""cgroup.cpu.system_usec"":[],""cgroup.cpu.nr_periods"":[],""cgroup.cpu.nr_throttled"":[],""cgroup.cpu.throttled_usec"":[]}","[""5f318866c2cc04f7fde13d26c39ce57a1e06cd7c43e51d88c5d3658b4e398111"",""edfeb8ad62198065304b9ec358d48eb4bafe17123ab4b2bf6a28a106c1a68e49"",""054a9ec013227136ee3ff93d6f872d491be61228e5ff19de0ea7745b519d968e"",""0c83ae9d867d0f6fcd01aaa879d125ee75123be788ce23afa345ca7ee43bb811"",""6959303a6665225e3086cdb4924fc0e2b2f0f3b9c97d190898aaa00d46dabcef"",""26b9b5e476ae6b39c8a1d1e5bb8dd1435040d9ec19bf347dfd52f7c331d51327"",""a0f7b4013ed576b826cb8965e6a7983c85e7145c275b152e0238c79eb90192a6"",""9d455f1d3e54d5ac455d6fbee16b993d31cb5b0bb2931ab042d319f7dfe87508"",""495d354b505eb28100d91bb9ed0a14e21d6f89536ca095b693f0a8d3ef162b0a"",""c1681394b704483a9c3691b6aa9064382d3d0e580b5d12ee4c5f9dee206a0f42"",""1633487e386111b8e04bfb716f30f6e10de548d7419ef78596d303f477c16c73"",""df4ede5d6b6d987c426e56ea6e51c202d7c99f9c17de29b3bb0cee261b7143f6"",""df9e943bda1ff7b2dcea70fb8ce1c9ced961f1c5540082018d67d61cfe9b6922"",""f475c4547835619166e7d8d1a5367e564a4247a2094b3ee7303b9d648487a7b5"",""225384b5348ccda2faa79b00515f307cf12a118a4269322ad85ccfc761e6d4e2"",""b4913c4b31399e6e0367d5d88c6d05accf87ee1f67c5e2eb0f2188f68ef19dee"",""0d48d7823a60c20b8bace177cc3e32b8d7ddbdeac412789717c9eb7171937d23"",""9516862c6f5ae99a414bbc1f595528c7c3c8f284cb6fccef2a2fed9b18ee67da"",""6830bc88f86eb69fb23022494514019568018f1a22f9b380df7dcab53ecc3528"",""512f70f709ff0a31bdb2b0844dc7851b320b853abb8963f1d8345929f0938fe3"",""fe081d293165a5d4318532d57a9a4461aa3b3a9478b3d059da61cc8db7fab5dd"",""4d600a36a335d179d3b46981cd15ad8ca8b42586d9bf00d5064865b553cdc6f4"",""d4756fb578acb87356a3283fffdedbc6fe7aeeee687112c041e542539c13934d"",""19d600cf0f3994c52493266a9d867a11dbc7d1ce43e925f5750cd84292aa85b0"",""832be94c4071ad461b5f3a673fcd705cb23485ad91c2d5a19915f1fed6cac57c"",""466f72ec511ae6196469ae4593cfb5272505417688d04eb693fb133ed203d93b"",""dee2411717f7de01bd0b456a0e6ada23299392a4afbf1bb2aa884d874dd79e38"",""b0eb886a97ac64d0d9eda2163ff804e263041d7121f483a48fc0dc8a6a00084d"",""d3c13cf214ce08562da7014e3f1c37df1517a3ace1531ff98cb4b228da72dd5f"",""b81a0cbaeb987694429ee91298e2d5c394f591f53bc20b5f57155aa04e9f3b8a"",""27137ae3bd0b80698dfc839a503222a8533c278e61e277dc497c4603c4715ab9"",""25e046805790ed97883cff54182bbd3dae426490ef5369c33f84d02ad75e9b12""]",32
1,3,native,32,ready,after,147062784,96,352,32,120848384,96,608,32,56872960,186793984,0,192,2507024,427038,2079973,350,72,3096632,"{""child.rss_bytes"":[],""child.threads"":[],""child.fd_count"":[],""child.listener_count"":[],""wrapper.rss_bytes"":[],""wrapper.threads"":[],""wrapper.fd_count"":[],""wrapper.listener_count"":[],""cgroup.memory_current_bytes"":[],""cgroup.sum_leaf_lifetime_memory_peak_bytes"":[],""cgroup.memory_swap_current_bytes"":[],""cgroup.pids_current"":[],""cgroup.cpu.usage_usec"":[],""cgroup.cpu.user_usec"":[],""cgroup.cpu.system_usec"":[],""cgroup.cpu.nr_periods"":[],""cgroup.cpu.nr_throttled"":[],""cgroup.cpu.throttled_usec"":[]}","[""5f318866c2cc04f7fde13d26c39ce57a1e06cd7c43e51d88c5d3658b4e398111"",""edfeb8ad62198065304b9ec358d48eb4bafe17123ab4b2bf6a28a106c1a68e49"",""054a9ec013227136ee3ff93d6f872d491be61228e5ff19de0ea7745b519d968e"",""0c83ae9d867d0f6fcd01aaa879d125ee75123be788ce23afa345ca7ee43bb811"",""6959303a6665225e3086cdb4924fc0e2b2f0f3b9c97d190898aaa00d46dabcef"",""26b9b5e476ae6b39c8a1d1e5bb8dd1435040d9ec19bf347dfd52f7c331d51327"",""a0f7b4013ed576b826cb8965e6a7983c85e7145c275b152e0238c79eb90192a6"",""9d455f1d3e54d5ac455d6fbee16b993d31cb5b0bb2931ab042d319f7dfe87508"",""495d354b505eb28100d91bb9ed0a14e21d6f89536ca095b693f0a8d3ef162b0a"",""c1681394b704483a9c3691b6aa9064382d3d0e580b5d12ee4c5f9dee206a0f42"",""1633487e386111b8e04bfb716f30f6e10de548d7419ef78596d303f477c16c73"",""df4ede5d6b6d987c426e56ea6e51c202d7c99f9c17de29b3bb0cee261b7143f6"",""df9e943bda1ff7b2dcea70fb8ce1c9ced961f1c5540082018d67d61cfe9b6922"",""f475c4547835619166e7d8d1a5367e564a4247a2094b3ee7303b9d648487a7b5"",""225384b5348ccda2faa79b00515f307cf12a118a4269322ad85ccfc761e6d4e2"",""b4913c4b31399e6e0367d5d88c6d05accf87ee1f67c5e2eb0f2188f68ef19dee"",""0d48d7823a60c20b8bace177cc3e32b8d7ddbdeac412789717c9eb7171937d23"",""9516862c6f5ae99a414bbc1f595528c7c3c8f284cb6fccef2a2fed9b18ee67da"",""6830bc88f86eb69fb23022494514019568018f1a22f9b380df7dcab53ecc3528"",""512f70f709ff0a31bdb2b0844dc7851b320b853abb8963f1d8345929f0938fe3"",""fe081d293165a5d4318532d57a9a4461aa3b3a9478b3d059da61cc8db7fab5dd"",""4d600a36a335d179d3b46981cd15ad8ca8b42586d9bf00d5064865b553cdc6f4"",""d4756fb578acb87356a3283fffdedbc6fe7aeeee687112c041e542539c13934d"",""19d600cf0f3994c52493266a9d867a11dbc7d1ce43e925f5750cd84292aa85b0"",""832be94c4071ad461b5f3a673fcd705cb23485ad91c2d5a19915f1fed6cac57c"",""466f72ec511ae6196469ae4593cfb5272505417688d04eb693fb133ed203d93b"",""dee2411717f7de01bd0b456a0e6ada23299392a4afbf1bb2aa884d874dd79e38"",""b0eb886a97ac64d0d9eda2163ff804e263041d7121f483a48fc0dc8a6a00084d"",""d3c13cf214ce08562da7014e3f1c37df1517a3ace1531ff98cb4b228da72dd5f"",""b81a0cbaeb987694429ee91298e2d5c394f591f53bc20b5f57155aa04e9f3b8a"",""27137ae3bd0b80698dfc839a503222a8533c278e61e277dc497c4603c4715ab9"",""25e046805790ed97883cff54182bbd3dae426490ef5369c33f84d02ad75e9b12""]",32
1,3,native,32,served,before,148111360,96,352,32,121634816,96,608,32,58429440,186793984,0,192,2840769,439913,2400843,423,74,3156289,"{""child.rss_bytes"":[],""child.threads"":[],""child.fd_count"":[],""child.listener_count"":[],""wrapper.rss_bytes"":[],""wrapper.threads"":[],""wrapper.fd_count"":[],""wrapper.listener_count"":[],""cgroup.memory_current_bytes"":[],""cgroup.sum_leaf_lifetime_memory_peak_bytes"":[],""cgroup.memory_swap_current_bytes"":[],""cgroup.pids_current"":[],""cgroup.cpu.usage_usec"":[],""cgroup.cpu.user_usec"":[],""cgroup.cpu.system_usec"":[],""cgroup.cpu.nr_periods"":[],""cgroup.cpu.nr_throttled"":[],""cgroup.cpu.throttled_usec"":[]}","[""5f318866c2cc04f7fde13d26c39ce57a1e06cd7c43e51d88c5d3658b4e398111"",""edfeb8ad62198065304b9ec358d48eb4bafe17123ab4b2bf6a28a106c1a68e49"",""054a9ec013227136ee3ff93d6f872d491be61228e5ff19de0ea7745b519d968e"",""0c83ae9d867d0f6fcd01aaa879d125ee75123be788ce23afa345ca7ee43bb811"",""6959303a6665225e3086cdb4924fc0e2b2f0f3b9c97d190898aaa00d46dabcef"",""26b9b5e476ae6b39c8a1d1e5bb8dd1435040d9ec19bf347dfd52f7c331d51327"",""a0f7b4013ed576b826cb8965e6a7983c85e7145c275b152e0238c79eb90192a6"",""9d455f1d3e54d5ac455d6fbee16b993d31cb5b0bb2931ab042d319f7dfe87508"",""495d354b505eb28100d91bb9ed0a14e21d6f89536ca095b693f0a8d3ef162b0a"",""c1681394b704483a9c3691b6aa9064382d3d0e580b5d12ee4c5f9dee206a0f42"",""1633487e386111b8e04bfb716f30f6e10de548d7419ef78596d303f477c16c73"",""df4ede5d6b6d987c426e56ea6e51c202d7c99f9c17de29b3bb0cee261b7143f6"",""df9e943bda1ff7b2dcea70fb8ce1c9ced961f1c5540082018d67d61cfe9b6922"",""f475c4547835619166e7d8d1a5367e564a4247a2094b3ee7303b9d648487a7b5"",""225384b5348ccda2faa79b00515f307cf12a118a4269322ad85ccfc761e6d4e2"",""b4913c4b31399e6e0367d5d88c6d05accf87ee1f67c5e2eb0f2188f68ef19dee"",""0d48d7823a60c20b8bace177cc3e32b8d7ddbdeac412789717c9eb7171937d23"",""9516862c6f5ae99a414bbc1f595528c7c3c8f284cb6fccef2a2fed9b18ee67da"",""6830bc88f86eb69fb23022494514019568018f1a22f9b380df7dcab53ecc3528"",""512f70f709ff0a31bdb2b0844dc7851b320b853abb8963f1d8345929f0938fe3"",""fe081d293165a5d4318532d57a9a4461aa3b3a9478b3d059da61cc8db7fab5dd"",""4d600a36a335d179d3b46981cd15ad8ca8b42586d9bf00d5064865b553cdc6f4"",""d4756fb578acb87356a3283fffdedbc6fe7aeeee687112c041e542539c13934d"",""19d600cf0f3994c52493266a9d867a11dbc7d1ce43e925f5750cd84292aa85b0"",""832be94c4071ad461b5f3a673fcd705cb23485ad91c2d5a19915f1fed6cac57c"",""466f72ec511ae6196469ae4593cfb5272505417688d04eb693fb133ed203d93b"",""dee2411717f7de01bd0b456a0e6ada23299392a4afbf1bb2aa884d874dd79e38"",""b0eb886a97ac64d0d9eda2163ff804e263041d7121f483a48fc0dc8a6a00084d"",""d3c13cf214ce08562da7014e3f1c37df1517a3ace1531ff98cb4b228da72dd5f"",""b81a0cbaeb987694429ee91298e2d5c394f591f53bc20b5f57155aa04e9f3b8a"",""27137ae3bd0b80698dfc839a503222a8533c278e61e277dc497c4603c4715ab9"",""25e046805790ed97883cff54182bbd3dae426490ef5369c33f84d02ad75e9b12""]",32
1,3,native,32,served,after,148111360,96,352,32,121634816,96,608,32,58961920,186793984,0,192,3165081,459571,2705494,490,74,3156289,"{""child.rss_bytes"":[],""child.threads"":[],""child.fd_count"":[],""child.listener_count"":[],""wrapper.rss_bytes"":[],""wrapper.threads"":[],""wrapper.fd_count"":[],""wrapper.listener_count"":[],""cgroup.memory_current_bytes"":[],""cgroup.sum_leaf_lifetime_memory_peak_bytes"":[],""cgroup.memory_swap_current_bytes"":[],""cgroup.pids_current"":[],""cgroup.cpu.usage_usec"":[],""cgroup.cpu.user_usec"":[],""cgroup.cpu.system_usec"":[],""cgroup.cpu.nr_periods"":[],""cgroup.cpu.nr_throttled"":[],""cgroup.cpu.throttled_usec"":[]}","[""5f318866c2cc04f7fde13d26c39ce57a1e06cd7c43e51d88c5d3658b4e398111"",""edfeb8ad62198065304b9ec358d48eb4bafe17123ab4b2bf6a28a106c1a68e49"",""054a9ec013227136ee3ff93d6f872d491be61228e5ff19de0ea7745b519d968e"",""0c83ae9d867d0f6fcd01aaa879d125ee75123be788ce23afa345ca7ee43bb811"",""6959303a6665225e3086cdb4924fc0e2b2f0f3b9c97d190898aaa00d46dabcef"",""26b9b5e476ae6b39c8a1d1e5bb8dd1435040d9ec19bf347dfd52f7c331d51327"",""a0f7b4013ed576b826cb8965e6a7983c85e7145c275b152e0238c79eb90192a6"",""9d455f1d3e54d5ac455d6fbee16b993d31cb5b0bb2931ab042d319f7dfe87508"",""495d354b505eb28100d91bb9ed0a14e21d6f89536ca095b693f0a8d3ef162b0a"",""c1681394b704483a9c3691b6aa9064382d3d0e580b5d12ee4c5f9dee206a0f42"",""1633487e386111b8e04bfb716f30f6e10de548d7419ef78596d303f477c16c73"",""df4ede5d6b6d987c426e56ea6e51c202d7c99f9c17de29b3bb0cee261b7143f6"",""df9e943bda1ff7b2dcea70fb8ce1c9ced961f1c5540082018d67d61cfe9b6922"",""f475c4547835619166e7d8d1a5367e564a4247a2094b3ee7303b9d648487a7b5"",""225384b5348ccda2faa79b00515f307cf12a118a4269322ad85ccfc761e6d4e2"",""b4913c4b31399e6e0367d5d88c6d05accf87ee1f67c5e2eb0f2188f68ef19dee"",""0d48d7823a60c20b8bace177cc3e32b8d7ddbdeac412789717c9eb7171937d23"",""9516862c6f5ae99a414bbc1f595528c7c3c8f284cb6fccef2a2fed9b18ee67da"",""6830bc88f86eb69fb23022494514019568018f1a22f9b380df7dcab53ecc3528"",""512f70f709ff0a31bdb2b0844dc7851b320b853abb8963f1d8345929f0938fe3"",""fe081d293165a5d4318532d57a9a4461aa3b3a9478b3d059da61cc8db7fab5dd"",""4d600a36a335d179d3b46981cd15ad8ca8b42586d9bf00d5064865b553cdc6f4"",""d4756fb578acb87356a3283fffdedbc6fe7aeeee687112c041e542539c13934d"",""19d600cf0f3994c52493266a9d867a11dbc7d1ce43e925f5750cd84292aa85b0"",""832be94c4071ad461b5f3a673fcd705cb23485ad91c2d5a19915f1fed6cac57c"",""466f72ec511ae6196469ae4593cfb5272505417688d04eb693fb133ed203d93b"",""dee2411717f7de01bd0b456a0e6ada23299392a4afbf1bb2aa884d874dd79e38"",""b0eb886a97ac64d0d9eda2163ff804e263041d7121f483a48fc0dc8a6a00084d"",""d3c13cf214ce08562da7014e3f1c37df1517a3ace1531ff98cb4b228da72dd5f"",""b81a0cbaeb987694429ee91298e2d5c394f591f53bc20b5f57155aa04e9f3b8a"",""27137ae3bd0b80698dfc839a503222a8533c278e61e277dc497c4603c4715ab9"",""25e046805790ed97883cff54182bbd3dae426490ef5369c33f84d02ad75e9b12""]",32
1,3,native,32,final,before,148242432,96,352,32,121765888,96,608,32,59949056,186793984,0,192,3543960,494240,3049707,615,75,3156289,"{""child.rss_bytes"":[],""child.threads"":[],""child.fd_count"":[],""child.listener_count"":[],""wrapper.rss_bytes"":[],""wrapper.threads"":[],""wrapper.fd_count"":[],""wrapper.listener_count"":[],""cgroup.memory_current_bytes"":[],""cgroup.sum_leaf_lifetime_memory_peak_bytes"":[],""cgroup.memory_swap_current_bytes"":[],""cgroup.pids_current"":[],""cgroup.cpu.usage_usec"":[],""cgroup.cpu.user_usec"":[],""cgroup.cpu.system_usec"":[],""cgroup.cpu.nr_periods"":[],""cgroup.cpu.nr_throttled"":[],""cgroup.cpu.throttled_usec"":[]}","[""5f318866c2cc04f7fde13d26c39ce57a1e06cd7c43e51d88c5d3658b4e398111"",""edfeb8ad62198065304b9ec358d48eb4bafe17123ab4b2bf6a28a106c1a68e49"",""054a9ec013227136ee3ff93d6f872d491be61228e5ff19de0ea7745b519d968e"",""0c83ae9d867d0f6fcd01aaa879d125ee75123be788ce23afa345ca7ee43bb811"",""6959303a6665225e3086cdb4924fc0e2b2f0f3b9c97d190898aaa00d46dabcef"",""26b9b5e476ae6b39c8a1d1e5bb8dd1435040d9ec19bf347dfd52f7c331d51327"",""a0f7b4013ed576b826cb8965e6a7983c85e7145c275b152e0238c79eb90192a6"",""9d455f1d3e54d5ac455d6fbee16b993d31cb5b0bb2931ab042d319f7dfe87508"",""495d354b505eb28100d91bb9ed0a14e21d6f89536ca095b693f0a8d3ef162b0a"",""c1681394b704483a9c3691b6aa9064382d3d0e580b5d12ee4c5f9dee206a0f42"",""1633487e386111b8e04bfb716f30f6e10de548d7419ef78596d303f477c16c73"",""df4ede5d6b6d987c426e56ea6e51c202d7c99f9c17de29b3bb0cee261b7143f6"",""df9e943bda1ff7b2dcea70fb8ce1c9ced961f1c5540082018d67d61cfe9b6922"",""f475c4547835619166e7d8d1a5367e564a4247a2094b3ee7303b9d648487a7b5"",""225384b5348ccda2faa79b00515f307cf12a118a4269322ad85ccfc761e6d4e2"",""b4913c4b31399e6e0367d5d88c6d05accf87ee1f67c5e2eb0f2188f68ef19dee"",""0d48d7823a60c20b8bace177cc3e32b8d7ddbdeac412789717c9eb7171937d23"",""9516862c6f5ae99a414bbc1f595528c7c3c8f284cb6fccef2a2fed9b18ee67da"",""6830bc88f86eb69fb23022494514019568018f1a22f9b380df7dcab53ecc3528"",""512f70f709ff0a31bdb2b0844dc7851b320b853abb8963f1d8345929f0938fe3"",""fe081d293165a5d4318532d57a9a4461aa3b3a9478b3d059da61cc8db7fab5dd"",""4d600a36a335d179d3b46981cd15ad8ca8b42586d9bf00d5064865b553cdc6f4"",""d4756fb578acb87356a3283fffdedbc6fe7aeeee687112c041e542539c13934d"",""19d600cf0f3994c52493266a9d867a11dbc7d1ce43e925f5750cd84292aa85b0"",""832be94c4071ad461b5f3a673fcd705cb23485ad91c2d5a19915f1fed6cac57c"",""466f72ec511ae6196469ae4593cfb5272505417688d04eb693fb133ed203d93b"",""dee2411717f7de01bd0b456a0e6ada23299392a4afbf1bb2aa884d874dd79e38"",""b0eb886a97ac64d0d9eda2163ff804e263041d7121f483a48fc0dc8a6a00084d"",""d3c13cf214ce08562da7014e3f1c37df1517a3ace1531ff98cb4b228da72dd5f"",""b81a0cbaeb987694429ee91298e2d5c394f591f53bc20b5f57155aa04e9f3b8a"",""27137ae3bd0b80698dfc839a503222a8533c278e61e277dc497c4603c4715ab9"",""25e046805790ed97883cff54182bbd3dae426490ef5369c33f84d02ad75e9b12""]",32
1,3,native,32,final,after,148242432,96,352,32,121896960,96,608,32,60493824,186793984,0,192,3858093,513849,3344225,681,75,3156289,"{""child.rss_bytes"":[],""child.threads"":[],""child.fd_count"":[],""child.listener_count"":[],""wrapper.rss_bytes"":[],""wrapper.threads"":[],""wrapper.fd_count"":[],""wrapper.listener_count"":[],""cgroup.memory_current_bytes"":[],""cgroup.sum_leaf_lifetime_memory_peak_bytes"":[],""cgroup.memory_swap_current_bytes"":[],""cgroup.pids_current"":[],""cgroup.cpu.usage_usec"":[],""cgroup.cpu.user_usec"":[],""cgroup.cpu.system_usec"":[],""cgroup.cpu.nr_periods"":[],""cgroup.cpu.nr_throttled"":[],""cgroup.cpu.throttled_usec"":[]}","[""5f318866c2cc04f7fde13d26c39ce57a1e06cd7c43e51d88c5d3658b4e398111"",""edfeb8ad62198065304b9ec358d48eb4bafe17123ab4b2bf6a28a106c1a68e49"",""054a9ec013227136ee3ff93d6f872d491be61228e5ff19de0ea7745b519d968e"",""0c83ae9d867d0f6fcd01aaa879d125ee75123be788ce23afa345ca7ee43bb811"",""6959303a6665225e3086cdb4924fc0e2b2f0f3b9c97d190898aaa00d46dabcef"",""26b9b5e476ae6b39c8a1d1e5bb8dd1435040d9ec19bf347dfd52f7c331d51327"",""a0f7b4013ed576b826cb8965e6a7983c85e7145c275b152e0238c79eb90192a6"",""9d455f1d3e54d5ac455d6fbee16b993d31cb5b0bb2931ab042d319f7dfe87508"",""495d354b505eb28100d91bb9ed0a14e21d6f89536ca095b693f0a8d3ef162b0a"",""c1681394b704483a9c3691b6aa9064382d3d0e580b5d12ee4c5f9dee206a0f42"",""1633487e386111b8e04bfb716f30f6e10de548d7419ef78596d303f477c16c73"",""df4ede5d6b6d987c426e56ea6e51c202d7c99f9c17de29b3bb0cee261b7143f6"",""df9e943bda1ff7b2dcea70fb8ce1c9ced961f1c5540082018d67d61cfe9b6922"",""f475c4547835619166e7d8d1a5367e564a4247a2094b3ee7303b9d648487a7b5"",""225384b5348ccda2faa79b00515f307cf12a118a4269322ad85ccfc761e6d4e2"",""b4913c4b31399e6e0367d5d88c6d05accf87ee1f67c5e2eb0f2188f68ef19dee"",""0d48d7823a60c20b8bace177cc3e32b8d7ddbdeac412789717c9eb7171937d23"",""9516862c6f5ae99a414bbc1f595528c7c3c8f284cb6fccef2a2fed9b18ee67da"",""6830bc88f86eb69fb23022494514019568018f1a22f9b380df7dcab53ecc3528"",""512f70f709ff0a31bdb2b0844dc7851b320b853abb8963f1d8345929f0938fe3"",""fe081d293165a5d4318532d57a9a4461aa3b3a9478b3d059da61cc8db7fab5dd"",""4d600a36a335d179d3b46981cd15ad8ca8b42586d9bf00d5064865b553cdc6f4"",""d4756fb578acb87356a3283fffdedbc6fe7aeeee687112c041e542539c13934d"",""19d600cf0f3994c52493266a9d867a11dbc7d1ce43e925f5750cd84292aa85b0"",""832be94c4071ad461b5f3a673fcd705cb23485ad91c2d5a19915f1fed6cac57c"",""466f72ec511ae6196469ae4593cfb5272505417688d04eb693fb133ed203d93b"",""dee2411717f7de01bd0b456a0e6ada23299392a4afbf1bb2aa884d874dd79e38"",""b0eb886a97ac64d0d9eda2163ff804e263041d7121f483a48fc0dc8a6a00084d"",""d3c13cf214ce08562da7014e3f1c37df1517a3ace1531ff98cb4b228da72dd5f"",""b81a0cbaeb987694429ee91298e2d5c394f591f53bc20b5f57155aa04e9f3b8a"",""27137ae3bd0b80698dfc839a503222a8533c278e61e277dc497c4603c4715ab9"",""25e046805790ed97883cff54182bbd3dae426490ef5369c33f84d02ad75e9b12""]",32
1,4,native,1,ready,before,4718592,3,11,1,3538944,3,19,1,1585152,5984256,0,6,49769,19142,30627,6,0,0,"{""child.rss_bytes"":[],""child.threads"":[],""child.fd_count"":[],""child.listener_count"":[],""wrapper.rss_bytes"":[],""wrapper.threads"":[],""wrapper.fd_count"":[],""wrapper.listener_count"":[],""cgroup.memory_current_bytes"":[],""cgroup.sum_leaf_lifetime_memory_peak_bytes"":[],""cgroup.memory_swap_current_bytes"":[],""cgroup.pids_current"":[],""cgroup.cpu.usage_usec"":[],""cgroup.cpu.user_usec"":[],""cgroup.cpu.system_usec"":[],""cgroup.cpu.nr_periods"":[],""cgroup.cpu.nr_throttled"":[],""cgroup.cpu.throttled_usec"":[]}","[""71c2c625d4f87f84cab450bfcb1015e5db3f279777a8047da6ff34705a4cc24a""]",1
1,4,native,1,ready,after,4718592,3,11,1,3670016,3,19,1,1769472,5984256,0,6,59896,20094,39801,8,0,0,"{""child.rss_bytes"":[],""child.threads"":[],""child.fd_count"":[],""child.listener_count"":[],""wrapper.rss_bytes"":[],""wrapper.threads"":[],""wrapper.fd_count"":[],""wrapper.listener_count"":[],""cgroup.memory_current_bytes"":[],""cgroup.sum_leaf_lifetime_memory_peak_bytes"":[],""cgroup.memory_swap_current_bytes"":[],""cgroup.pids_current"":[],""cgroup.cpu.usage_usec"":[],""cgroup.cpu.user_usec"":[],""cgroup.cpu.system_usec"":[],""cgroup.cpu.nr_periods"":[],""cgroup.cpu.nr_throttled"":[],""cgroup.cpu.throttled_usec"":[]}","[""71c2c625d4f87f84cab450bfcb1015e5db3f279777a8047da6ff34705a4cc24a""]",1
1,4,native,1,served,before,4718592,3,11,1,3670016,3,19,1,1818624,5984256,0,6,65135,20354,44780,11,0,0,"{""child.rss_bytes"":[],""child.threads"":[],""child.fd_count"":[],""child.listener_count"":[],""wrapper.rss_bytes"":[],""wrapper.threads"":[],""wrapper.fd_count"":[],""wrapper.listener_count"":[],""cgroup.memory_current_bytes"":[],""cgroup.sum_leaf_lifetime_memory_peak_bytes"":[],""cgroup.memory_swap_current_bytes"":[],""cgroup.pids_current"":[],""cgroup.cpu.usage_usec"":[],""cgroup.cpu.user_usec"":[],""cgroup.cpu.system_usec"":[],""cgroup.cpu.nr_periods"":[],""cgroup.cpu.nr_throttled"":[],""cgroup.cpu.throttled_usec"":[]}","[""71c2c625d4f87f84cab450bfcb1015e5db3f279777a8047da6ff34705a4cc24a""]",1
1,4,native,1,served,after,4718592,3,11,1,3670016,3,19,1,1830912,5984256,0,6,75974,21104,54870,13,0,0,"{""child.rss_bytes"":[],""child.threads"":[],""child.fd_count"":[],""child.listener_count"":[],""wrapper.rss_bytes"":[],""wrapper.threads"":[],""wrapper.fd_count"":[],""wrapper.listener_count"":[],""cgroup.memory_current_bytes"":[],""cgroup.sum_leaf_lifetime_memory_peak_bytes"":[],""cgroup.memory_swap_current_bytes"":[],""cgroup.pids_current"":[],""cgroup.cpu.usage_usec"":[],""cgroup.cpu.user_usec"":[],""cgroup.cpu.system_usec"":[],""cgroup.cpu.nr_periods"":[],""cgroup.cpu.nr_throttled"":[],""cgroup.cpu.throttled_usec"":[]}","[""71c2c625d4f87f84cab450bfcb1015e5db3f279777a8047da6ff34705a4cc24a""]",1
1,4,native,1,final,before,4718592,3,11,1,3670016,3,19,1,2002944,5984256,0,6,156376,42648,113728,17,0,0,"{""child.rss_bytes"":[],""child.threads"":[],""child.fd_count"":[],""child.listener_count"":[],""wrapper.rss_bytes"":[],""wrapper.threads"":[],""wrapper.fd_count"":[],""wrapper.listener_count"":[],""cgroup.memory_current_bytes"":[],""cgroup.sum_leaf_lifetime_memory_peak_bytes"":[],""cgroup.memory_swap_current_bytes"":[],""cgroup.pids_current"":[],""cgroup.cpu.usage_usec"":[],""cgroup.cpu.user_usec"":[],""cgroup.cpu.system_usec"":[],""cgroup.cpu.nr_periods"":[],""cgroup.cpu.nr_throttled"":[],""cgroup.cpu.throttled_usec"":[]}","[""71c2c625d4f87f84cab450bfcb1015e5db3f279777a8047da6ff34705a4cc24a""]",1
1,4,native,1,final,after,4718592,3,11,1,3670016,3,19,1,2019328,5984256,0,6,167832,46421,121410,19,0,0,"{""child.rss_bytes"":[],""child.threads"":[],""child.fd_count"":[],""child.listener_count"":[],""wrapper.rss_bytes"":[],""wrapper.threads"":[],""wrapper.fd_count"":[],""wrapper.listener_count"":[],""cgroup.memory_current_bytes"":[],""cgroup.sum_leaf_lifetime_memory_peak_bytes"":[],""cgroup.memory_swap_current_bytes"":[],""cgroup.pids_current"":[],""cgroup.cpu.usage_usec"":[],""cgroup.cpu.user_usec"":[],""cgroup.cpu.system_usec"":[],""cgroup.cpu.nr_periods"":[],""cgroup.cpu.nr_throttled"":[],""cgroup.cpu.throttled_usec"":[]}","[""71c2c625d4f87f84cab450bfcb1015e5db3f279777a8047da6ff34705a4cc24a""]",1
1,5,lsf,1,ready,before,12189696,7,17,1,3801088,3,19,1,2658304,6873088,0,10,75789,22736,53052,19,0,0,"{""child.rss_bytes"":[],""child.threads"":[],""child.fd_count"":[],""child.listener_count"":[],""wrapper.rss_bytes"":[],""wrapper.threads"":[],""wrapper.fd_count"":[],""wrapper.listener_count"":[],""cgroup.memory_current_bytes"":[],""cgroup.sum_leaf_lifetime_memory_peak_bytes"":[],""cgroup.memory_swap_current_bytes"":[],""cgroup.pids_current"":[],""cgroup.cpu.usage_usec"":[],""cgroup.cpu.user_usec"":[],""cgroup.cpu.system_usec"":[],""cgroup.cpu.nr_periods"":[],""cgroup.cpu.nr_throttled"":[],""cgroup.cpu.throttled_usec"":[]}","[""7cecc1e675e75620134ead508684a305c6e87eafbec1b0cb19bc5cba1168593c""]",1
1,5,lsf,1,ready,after,12189696,7,17,1,3932160,3,19,1,2854912,6873088,0,10,87519,25526,61992,23,0,0,"{""child.rss_bytes"":[],""child.threads"":[],""child.fd_count"":[],""child.listener_count"":[],""wrapper.rss_bytes"":[],""wrapper.threads"":[],""wrapper.fd_count"":[],""wrapper.listener_count"":[],""cgroup.memory_current_bytes"":[],""cgroup.sum_leaf_lifetime_memory_peak_bytes"":[],""cgroup.memory_swap_current_bytes"":[],""cgroup.pids_current"":[],""cgroup.cpu.usage_usec"":[],""cgroup.cpu.user_usec"":[],""cgroup.cpu.system_usec"":[],""cgroup.cpu.nr_periods"":[],""cgroup.cpu.nr_throttled"":[],""cgroup.cpu.throttled_usec"":[]}","[""7cecc1e675e75620134ead508684a305c6e87eafbec1b0cb19bc5cba1168593c""]",1
1,5,lsf,1,served,before,22147072,7,18,1,3932160,3,19,1,5455872,6873088,0,10,136126,60500,75625,27,0,0,"{""child.rss_bytes"":[],""child.threads"":[],""child.fd_count"":[],""child.listener_count"":[],""wrapper.rss_bytes"":[],""wrapper.threads"":[],""wrapper.fd_count"":[],""wrapper.listener_count"":[],""cgroup.memory_current_bytes"":[],""cgroup.sum_leaf_lifetime_memory_peak_bytes"":[],""cgroup.memory_swap_current_bytes"":[],""cgroup.pids_current"":[],""cgroup.cpu.usage_usec"":[],""cgroup.cpu.user_usec"":[],""cgroup.cpu.system_usec"":[],""cgroup.cpu.nr_periods"":[],""cgroup.cpu.nr_throttled"":[],""cgroup.cpu.throttled_usec"":[]}","[""7cecc1e675e75620134ead508684a305c6e87eafbec1b0cb19bc5cba1168593c""]",1
1,5,lsf,1,served,after,22147072,7,18,1,3932160,3,19,1,5468160,6873088,0,10,145803,61585,84217,32,0,0,"{""child.rss_bytes"":[],""child.threads"":[],""child.fd_count"":[],""child.listener_count"":[],""wrapper.rss_bytes"":[],""wrapper.threads"":[],""wrapper.fd_count"":[],""wrapper.listener_count"":[],""cgroup.memory_current_bytes"":[],""cgroup.sum_leaf_lifetime_memory_peak_bytes"":[],""cgroup.memory_swap_current_bytes"":[],""cgroup.pids_current"":[],""cgroup.cpu.usage_usec"":[],""cgroup.cpu.user_usec"":[],""cgroup.cpu.system_usec"":[],""cgroup.cpu.nr_periods"":[],""cgroup.cpu.nr_throttled"":[],""cgroup.cpu.throttled_usec"":[]}","[""7cecc1e675e75620134ead508684a305c6e87eafbec1b0cb19bc5cba1168593c""]",1
1,5,lsf,1,final,before,25161728,7,18,1,3932160,3,19,1,8552448,10543104,0,10,402581,232210,170371,40,0,0,"{""child.rss_bytes"":[],""child.threads"":[],""child.fd_count"":[],""child.listener_count"":[],""wrapper.rss_bytes"":[],""wrapper.threads"":[],""wrapper.fd_count"":[],""wrapper.listener_count"":[],""cgroup.memory_current_bytes"":[],""cgroup.sum_leaf_lifetime_memory_peak_bytes"":[],""cgroup.memory_swap_current_bytes"":[],""cgroup.pids_current"":[],""cgroup.cpu.usage_usec"":[],""cgroup.cpu.user_usec"":[],""cgroup.cpu.system_usec"":[],""cgroup.cpu.nr_periods"":[],""cgroup.cpu.nr_throttled"":[],""cgroup.cpu.throttled_usec"":[]}","[""7cecc1e675e75620134ead508684a305c6e87eafbec1b0cb19bc5cba1168593c""]",1
1,5,lsf,1,final,after,25161728,7,18,1,3932160,3,19,1,8568832,10543104,0,10,415193,232210,182983,45,0,0,"{""child.rss_bytes"":[],""child.threads"":[],""child.fd_count"":[],""child.listener_count"":[],""wrapper.rss_bytes"":[],""wrapper.threads"":[],""wrapper.fd_count"":[],""wrapper.listener_count"":[],""cgroup.memory_current_bytes"":[],""cgroup.sum_leaf_lifetime_memory_peak_bytes"":[],""cgroup.memory_swap_current_bytes"":[],""cgroup.pids_current"":[],""cgroup.cpu.usage_usec"":[],""cgroup.cpu.user_usec"":[],""cgroup.cpu.system_usec"":[],""cgroup.cpu.nr_periods"":[],""cgroup.cpu.nr_throttled"":[],""cgroup.cpu.throttled_usec"":[]}","[""7cecc1e675e75620134ead508684a305c6e87eafbec1b0cb19bc5cba1168593c""]",1
2,0,lsf,32,ready,before,13500416,7,48,1,4194304,3,81,1,4935680,7569408,0,10,125327,50130,75196,20,0,0,"{""child.rss_bytes"":[],""child.threads"":[],""child.fd_count"":[],""child.listener_count"":[],""wrapper.rss_bytes"":[],""wrapper.threads"":[],""wrapper.fd_count"":[],""wrapper.listener_count"":[],""cgroup.memory_current_bytes"":[],""cgroup.sum_leaf_lifetime_memory_peak_bytes"":[],""cgroup.memory_swap_current_bytes"":[],""cgroup.pids_current"":[],""cgroup.cpu.usage_usec"":[],""cgroup.cpu.user_usec"":[],""cgroup.cpu.system_usec"":[],""cgroup.cpu.nr_periods"":[],""cgroup.cpu.nr_throttled"":[],""cgroup.cpu.throttled_usec"":[]}","[""c9620129b797359c60a79bd2fcaf5660bcd61a7f06d134733377227a25d5c589""]",1
2,0,lsf,32,ready,after,13500416,7,48,1,4456448,3,81,1,5341184,7569408,0,10,141000,58059,82941,26,0,0,"{""child.rss_bytes"":[],""child.threads"":[],""child.fd_count"":[],""child.listener_count"":[],""wrapper.rss_bytes"":[],""wrapper.threads"":[],""wrapper.fd_count"":[],""wrapper.listener_count"":[],""cgroup.memory_current_bytes"":[],""cgroup.sum_leaf_lifetime_memory_peak_bytes"":[],""cgroup.memory_swap_current_bytes"":[],""cgroup.pids_current"":[],""cgroup.cpu.usage_usec"":[],""cgroup.cpu.user_usec"":[],""cgroup.cpu.system_usec"":[],""cgroup.cpu.nr_periods"":[],""cgroup.cpu.nr_throttled"":[],""cgroup.cpu.throttled_usec"":[]}","[""c9620129b797359c60a79bd2fcaf5660bcd61a7f06d134733377227a25d5c589""]",1
2,0,lsf,32,served,before,27959296,7,80,1,4456448,3,81,1,13189120,14090240,0,10,1280732,1139326,141405,41,0,0,"{""child.rss_bytes"":[],""child.threads"":[],""child.fd_count"":[],""child.listener_count"":[],""wrapper.rss_bytes"":[],""wrapper.threads"":[],""wrapper.fd_count"":[],""wrapper.listener_count"":[],""cgroup.memory_current_bytes"":[],""cgroup.sum_leaf_lifetime_memory_peak_bytes"":[],""cgroup.memory_swap_current_bytes"":[],""cgroup.pids_current"":[],""cgroup.cpu.usage_usec"":[],""cgroup.cpu.user_usec"":[],""cgroup.cpu.system_usec"":[],""cgroup.cpu.nr_periods"":[],""cgroup.cpu.nr_throttled"":[],""cgroup.cpu.throttled_usec"":[]}","[""c9620129b797359c60a79bd2fcaf5660bcd61a7f06d134733377227a25d5c589""]",1
2,0,lsf,32,served,after,27959296,7,80,1,4456448,3,81,1,13275136,14090240,0,10,1292455,1143015,149440,44,0,0,"{""child.rss_bytes"":[],""child.threads"":[],""child.fd_count"":[],""child.listener_count"":[],""wrapper.rss_bytes"":[],""wrapper.threads"":[],""wrapper.fd_count"":[],""wrapper.listener_count"":[],""cgroup.memory_current_bytes"":[],""cgroup.sum_leaf_lifetime_memory_peak_bytes"":[],""cgroup.memory_swap_current_bytes"":[],""cgroup.pids_current"":[],""cgroup.cpu.usage_usec"":[],""cgroup.cpu.user_usec"":[],""cgroup.cpu.system_usec"":[],""cgroup.cpu.nr_periods"":[],""cgroup.cpu.nr_throttled"":[],""cgroup.cpu.throttled_usec"":[]}","[""c9620129b797359c60a79bd2fcaf5660bcd61a7f06d134733377227a25d5c589""]",1
2,0,lsf,32,final,before,29270016,7,80,1,4456448,3,81,1,14761984,17350656,0,10,1474118,1256029,218088,49,0,0,"{""child.rss_bytes"":[],""child.threads"":[],""child.fd_count"":[],""child.listener_count"":[],""wrapper.rss_bytes"":[],""wrapper.threads"":[],""wrapper.fd_count"":[],""wrapper.listener_count"":[],""cgroup.memory_current_bytes"":[],""cgroup.sum_leaf_lifetime_memory_peak_bytes"":[],""cgroup.memory_swap_current_bytes"":[],""cgroup.pids_current"":[],""cgroup.cpu.usage_usec"":[],""cgroup.cpu.user_usec"":[],""cgroup.cpu.system_usec"":[],""cgroup.cpu.nr_periods"":[],""cgroup.cpu.nr_throttled"":[],""cgroup.cpu.throttled_usec"":[]}","[""c9620129b797359c60a79bd2fcaf5660bcd61a7f06d134733377227a25d5c589""]",1
2,0,lsf,32,final,after,29270016,7,80,1,4456448,3,81,1,14782464,17350656,0,10,1485303,1258663,226640,55,0,0,"{""child.rss_bytes"":[],""child.threads"":[],""child.fd_count"":[],""child.listener_count"":[],""wrapper.rss_bytes"":[],""wrapper.threads"":[],""wrapper.fd_count"":[],""wrapper.listener_count"":[],""cgroup.memory_current_bytes"":[],""cgroup.sum_leaf_lifetime_memory_peak_bytes"":[],""cgroup.memory_swap_current_bytes"":[],""cgroup.pids_current"":[],""cgroup.cpu.usage_usec"":[],""cgroup.cpu.user_usec"":[],""cgroup.cpu.system_usec"":[],""cgroup.cpu.nr_periods"":[],""cgroup.cpu.nr_throttled"":[],""cgroup.cpu.throttled_usec"":[]}","[""c9620129b797359c60a79bd2fcaf5660bcd61a7f06d134733377227a25d5c589""]",1
2,1,native,32,ready,before,147193856,96,352,32,116785152,96,608,32,50933760,189222912,0,192,2267578,490644,1776919,268,81,4137721,"{""child.rss_bytes"":[],""child.threads"":[],""child.fd_count"":[],""child.listener_count"":[],""wrapper.rss_bytes"":[],""wrapper.threads"":[],""wrapper.fd_count"":[],""wrapper.listener_count"":[],""cgroup.memory_current_bytes"":[],""cgroup.sum_leaf_lifetime_memory_peak_bytes"":[],""cgroup.memory_swap_current_bytes"":[],""cgroup.pids_current"":[],""cgroup.cpu.usage_usec"":[],""cgroup.cpu.user_usec"":[],""cgroup.cpu.system_usec"":[],""cgroup.cpu.nr_periods"":[],""cgroup.cpu.nr_throttled"":[],""cgroup.cpu.throttled_usec"":[]}","[""becc3950775806ef488bc2c4be5ce77a8bdc72e0289761e27dcd119b1a1f0d56"",""609568d941caca86c92dd9439e25781d28ac9ee7da89202b1f70e18a038eef7d"",""37274bbf4af32789eba465b1f136e340fb42d0a7a3c91ef1369bb11788110023"",""6eea05afd6bcfba7dcdcd745f072bb4c91a884639a2da2dfa0365910f5c34431"",""416bb3fc4f5823f61d321a9eecc1685274498109d6aa879f92128c36a4fe57ef"",""e9499a7b8562669c31a04845afd9980be7b692b4e10b15b70a26369ebd0390de"",""bdc1fcb3e9e1b7039ffc08237e2f2b9ccc3ba8e49f3bbe31803ce88fc2310150"",""e4fcbe9917e4820d2b37a027f0e4c53f434a77c5505e2f110dcef8f27bbf1bd0"",""9cde29d920e45b01185bc9095a32afb708284d5bf9ae0aad29b24d3ac68128ac"",""49b536888f10bff30e33e0c1972fc2068f05eada71682be48a0d1346d62d29c5"",""9e55bc9e939f52df818e3f26dd0d44ff1dc866d22eb70dc26c5b0a99cf4e6d86"",""d3bef1c4328c0889b70aa20c197480383dbc5b865d33e6a1fd4670c5cbd7e542"",""c449948a808be748681fdc8a3da6f66295f62bf198c0c6d87ca72098ed02e4aa"",""10028b10b23ed1edac966104f0500332c97f07a29e5cf050bdbde34d37003442"",""a3ae12fc4dfb8edd7789cc2e3c6e91196763062b4c0993be00572efec13c6136"",""69666b9be89043b97f42b6d3064c7307a86fedd922a1b5fcb0931748e8cc1506"",""fa8f375145f8bb48631cac71277065ccebf96f7d02ea2d48aa268c6d95f076ab"",""b5de7cb2d551200d4a82400ec5496269ce653afa10665538f1241740e0e5ccfe"",""eaa1595c9502f6da751991cad016521845924390f4c81085c7d50e9086c09355"",""26f4fa4d30312358521a01ee8cf1d7c1402c16160fcfc9e9ea231a884b08381f"",""6bb44358d45caa1e4e5207d3bd407a111183101a992aaf276e03c6f4fb14ccbb"",""ee3b7d1238af0a2332a0bb4ca97a6459c799dd9265ba49d7df370025031c2259"",""08438f2c1aa62f92f87a0101938dca11d5f3872c1345d94fa5e43a13ab30f524"",""0ff690704e831bf24b52d7f093356ec5f08cdd64238df8b189bd3df1470532f5"",""9a7533def59f9abdb14abd270720a1c17de6edad4ffe29893156b455ac2c7ce6"",""680152de833f19617e16dd4e970f94310d25441a12e02c20e2ef40af000304af"",""19e16c47b41bb2985fbb8e47cdfa5736e879856b66ffc186d3900c283aa60d96"",""08a86b9c80053d1961fbd3b5a920e2002825dcf711b45f86cfae1d4f15947c37"",""2a4af9bda9fff0b0eac8d81d82a8809b572d6ac0657ce10fe1eddbae45f6d1ec"",""17ea08b97adc53e8f7499717256b6e888f38bd9d5e9203cc01dd3ca1470e9364"",""a3ea0ef55c0459ef67d9678bcd46c51a313969386eb0255b86a98060cbc1b9f8"",""9e448de96036849bd9ff181e4286ea1347c78ec9d6633439f03a33b9c0defea3""]",32
2,1,native,32,ready,after,147193856,96,352,32,119537664,96,608,32,56823808,189222912,0,192,2582718,511158,2071543,334,81,4137721,"{""child.rss_bytes"":[],""child.threads"":[],""child.fd_count"":[],""child.listener_count"":[],""wrapper.rss_bytes"":[],""wrapper.threads"":[],""wrapper.fd_count"":[],""wrapper.listener_count"":[],""cgroup.memory_current_bytes"":[],""cgroup.sum_leaf_lifetime_memory_peak_bytes"":[],""cgroup.memory_swap_current_bytes"":[],""cgroup.pids_current"":[],""cgroup.cpu.usage_usec"":[],""cgroup.cpu.user_usec"":[],""cgroup.cpu.system_usec"":[],""cgroup.cpu.nr_periods"":[],""cgroup.cpu.nr_throttled"":[],""cgroup.cpu.throttled_usec"":[]}","[""becc3950775806ef488bc2c4be5ce77a8bdc72e0289761e27dcd119b1a1f0d56"",""609568d941caca86c92dd9439e25781d28ac9ee7da89202b1f70e18a038eef7d"",""37274bbf4af32789eba465b1f136e340fb42d0a7a3c91ef1369bb11788110023"",""6eea05afd6bcfba7dcdcd745f072bb4c91a884639a2da2dfa0365910f5c34431"",""416bb3fc4f5823f61d321a9eecc1685274498109d6aa879f92128c36a4fe57ef"",""e9499a7b8562669c31a04845afd9980be7b692b4e10b15b70a26369ebd0390de"",""bdc1fcb3e9e1b7039ffc08237e2f2b9ccc3ba8e49f3bbe31803ce88fc2310150"",""e4fcbe9917e4820d2b37a027f0e4c53f434a77c5505e2f110dcef8f27bbf1bd0"",""9cde29d920e45b01185bc9095a32afb708284d5bf9ae0aad29b24d3ac68128ac"",""49b536888f10bff30e33e0c1972fc2068f05eada71682be48a0d1346d62d29c5"",""9e55bc9e939f52df818e3f26dd0d44ff1dc866d22eb70dc26c5b0a99cf4e6d86"",""d3bef1c4328c0889b70aa20c197480383dbc5b865d33e6a1fd4670c5cbd7e542"",""c449948a808be748681fdc8a3da6f66295f62bf198c0c6d87ca72098ed02e4aa"",""10028b10b23ed1edac966104f0500332c97f07a29e5cf050bdbde34d37003442"",""a3ae12fc4dfb8edd7789cc2e3c6e91196763062b4c0993be00572efec13c6136"",""69666b9be89043b97f42b6d3064c7307a86fedd922a1b5fcb0931748e8cc1506"",""fa8f375145f8bb48631cac71277065ccebf96f7d02ea2d48aa268c6d95f076ab"",""b5de7cb2d551200d4a82400ec5496269ce653afa10665538f1241740e0e5ccfe"",""eaa1595c9502f6da751991cad016521845924390f4c81085c7d50e9086c09355"",""26f4fa4d30312358521a01ee8cf1d7c1402c16160fcfc9e9ea231a884b08381f"",""6bb44358d45caa1e4e5207d3bd407a111183101a992aaf276e03c6f4fb14ccbb"",""ee3b7d1238af0a2332a0bb4ca97a6459c799dd9265ba49d7df370025031c2259"",""08438f2c1aa62f92f87a0101938dca11d5f3872c1345d94fa5e43a13ab30f524"",""0ff690704e831bf24b52d7f093356ec5f08cdd64238df8b189bd3df1470532f5"",""9a7533def59f9abdb14abd270720a1c17de6edad4ffe29893156b455ac2c7ce6"",""680152de833f19617e16dd4e970f94310d25441a12e02c20e2ef40af000304af"",""19e16c47b41bb2985fbb8e47cdfa5736e879856b66ffc186d3900c283aa60d96"",""08a86b9c80053d1961fbd3b5a920e2002825dcf711b45f86cfae1d4f15947c37"",""2a4af9bda9fff0b0eac8d81d82a8809b572d6ac0657ce10fe1eddbae45f6d1ec"",""17ea08b97adc53e8f7499717256b6e888f38bd9d5e9203cc01dd3ca1470e9364"",""a3ea0ef55c0459ef67d9678bcd46c51a313969386eb0255b86a98060cbc1b9f8"",""9e448de96036849bd9ff181e4286ea1347c78ec9d6633439f03a33b9c0defea3""]",32
2,1,native,32,served,before,149028864,96,352,32,120717312,96,608,32,58363904,189222912,0,192,2902962,530706,2372239,405,81,4137721,"{""child.rss_bytes"":[],""child.threads"":[],""child.fd_count"":[],""child.listener_count"":[],""wrapper.rss_bytes"":[],""wrapper.threads"":[],""wrapper.fd_count"":[],""wrapper.listener_count"":[],""cgroup.memory_current_bytes"":[],""cgroup.sum_leaf_lifetime_memory_peak_bytes"":[],""cgroup.memory_swap_current_bytes"":[],""cgroup.pids_current"":[],""cgroup.cpu.usage_usec"":[],""cgroup.cpu.user_usec"":[],""cgroup.cpu.system_usec"":[],""cgroup.cpu.nr_periods"":[],""cgroup.cpu.nr_throttled"":[],""cgroup.cpu.throttled_usec"":[]}","[""becc3950775806ef488bc2c4be5ce77a8bdc72e0289761e27dcd119b1a1f0d56"",""609568d941caca86c92dd9439e25781d28ac9ee7da89202b1f70e18a038eef7d"",""37274bbf4af32789eba465b1f136e340fb42d0a7a3c91ef1369bb11788110023"",""6eea05afd6bcfba7dcdcd745f072bb4c91a884639a2da2dfa0365910f5c34431"",""416bb3fc4f5823f61d321a9eecc1685274498109d6aa879f92128c36a4fe57ef"",""e9499a7b8562669c31a04845afd9980be7b692b4e10b15b70a26369ebd0390de"",""bdc1fcb3e9e1b7039ffc08237e2f2b9ccc3ba8e49f3bbe31803ce88fc2310150"",""e4fcbe9917e4820d2b37a027f0e4c53f434a77c5505e2f110dcef8f27bbf1bd0"",""9cde29d920e45b01185bc9095a32afb708284d5bf9ae0aad29b24d3ac68128ac"",""49b536888f10bff30e33e0c1972fc2068f05eada71682be48a0d1346d62d29c5"",""9e55bc9e939f52df818e3f26dd0d44ff1dc866d22eb70dc26c5b0a99cf4e6d86"",""d3bef1c4328c0889b70aa20c197480383dbc5b865d33e6a1fd4670c5cbd7e542"",""c449948a808be748681fdc8a3da6f66295f62bf198c0c6d87ca72098ed02e4aa"",""10028b10b23ed1edac966104f0500332c97f07a29e5cf050bdbde34d37003442"",""a3ae12fc4dfb8edd7789cc2e3c6e91196763062b4c0993be00572efec13c6136"",""69666b9be89043b97f42b6d3064c7307a86fedd922a1b5fcb0931748e8cc1506"",""fa8f375145f8bb48631cac71277065ccebf96f7d02ea2d48aa268c6d95f076ab"",""b5de7cb2d551200d4a82400ec5496269ce653afa10665538f1241740e0e5ccfe"",""eaa1595c9502f6da751991cad016521845924390f4c81085c7d50e9086c09355"",""26f4fa4d30312358521a01ee8cf1d7c1402c16160fcfc9e9ea231a884b08381f"",""6bb44358d45caa1e4e5207d3bd407a111183101a992aaf276e03c6f4fb14ccbb"",""ee3b7d1238af0a2332a0bb4ca97a6459c799dd9265ba49d7df370025031c2259"",""08438f2c1aa62f92f87a0101938dca11d5f3872c1345d94fa5e43a13ab30f524"",""0ff690704e831bf24b52d7f093356ec5f08cdd64238df8b189bd3df1470532f5"",""9a7533def59f9abdb14abd270720a1c17de6edad4ffe29893156b455ac2c7ce6"",""680152de833f19617e16dd4e970f94310d25441a12e02c20e2ef40af000304af"",""19e16c47b41bb2985fbb8e47cdfa5736e879856b66ffc186d3900c283aa60d96"",""08a86b9c80053d1961fbd3b5a920e2002825dcf711b45f86cfae1d4f15947c37"",""2a4af9bda9fff0b0eac8d81d82a8809b572d6ac0657ce10fe1eddbae45f6d1ec"",""17ea08b97adc53e8f7499717256b6e888f38bd9d5e9203cc01dd3ca1470e9364"",""a3ea0ef55c0459ef67d9678bcd46c51a313969386eb0255b86a98060cbc1b9f8"",""9e448de96036849bd9ff181e4286ea1347c78ec9d6633439f03a33b9c0defea3""]",32
2,1,native,32,served,after,149028864,96,352,32,120848384,96,608,32,59469824,189222912,0,192,3227525,547392,2680115,470,81,4137721,"{""child.rss_bytes"":[],""child.threads"":[],""child.fd_count"":[],""child.listener_count"":[],""wrapper.rss_bytes"":[],""wrapper.threads"":[],""wrapper.fd_count"":[],""wrapper.listener_count"":[],""cgroup.memory_current_bytes"":[],""cgroup.sum_leaf_lifetime_memory_peak_bytes"":[],""cgroup.memory_swap_current_bytes"":[],""cgroup.pids_current"":[],""cgroup.cpu.usage_usec"":[],""cgroup.cpu.user_usec"":[],""cgroup.cpu.system_usec"":[],""cgroup.cpu.nr_periods"":[],""cgroup.cpu.nr_throttled"":[],""cgroup.cpu.throttled_usec"":[]}","[""becc3950775806ef488bc2c4be5ce77a8bdc72e0289761e27dcd119b1a1f0d56"",""609568d941caca86c92dd9439e25781d28ac9ee7da89202b1f70e18a038eef7d"",""37274bbf4af32789eba465b1f136e340fb42d0a7a3c91ef1369bb11788110023"",""6eea05afd6bcfba7dcdcd745f072bb4c91a884639a2da2dfa0365910f5c34431"",""416bb3fc4f5823f61d321a9eecc1685274498109d6aa879f92128c36a4fe57ef"",""e9499a7b8562669c31a04845afd9980be7b692b4e10b15b70a26369ebd0390de"",""bdc1fcb3e9e1b7039ffc08237e2f2b9ccc3ba8e49f3bbe31803ce88fc2310150"",""e4fcbe9917e4820d2b37a027f0e4c53f434a77c5505e2f110dcef8f27bbf1bd0"",""9cde29d920e45b01185bc9095a32afb708284d5bf9ae0aad29b24d3ac68128ac"",""49b536888f10bff30e33e0c1972fc2068f05eada71682be48a0d1346d62d29c5"",""9e55bc9e939f52df818e3f26dd0d44ff1dc866d22eb70dc26c5b0a99cf4e6d86"",""d3bef1c4328c0889b70aa20c197480383dbc5b865d33e6a1fd4670c5cbd7e542"",""c449948a808be748681fdc8a3da6f66295f62bf198c0c6d87ca72098ed02e4aa"",""10028b10b23ed1edac966104f0500332c97f07a29e5cf050bdbde34d37003442"",""a3ae12fc4dfb8edd7789cc2e3c6e91196763062b4c0993be00572efec13c6136"",""69666b9be89043b97f42b6d3064c7307a86fedd922a1b5fcb0931748e8cc1506"",""fa8f375145f8bb48631cac71277065ccebf96f7d02ea2d48aa268c6d95f076ab"",""b5de7cb2d551200d4a82400ec5496269ce653afa10665538f1241740e0e5ccfe"",""eaa1595c9502f6da751991cad016521845924390f4c81085c7d50e9086c09355"",""26f4fa4d30312358521a01ee8cf1d7c1402c16160fcfc9e9ea231a884b08381f"",""6bb44358d45caa1e4e5207d3bd407a111183101a992aaf276e03c6f4fb14ccbb"",""ee3b7d1238af0a2332a0bb4ca97a6459c799dd9265ba49d7df370025031c2259"",""08438f2c1aa62f92f87a0101938dca11d5f3872c1345d94fa5e43a13ab30f524"",""0ff690704e831bf24b52d7f093356ec5f08cdd64238df8b189bd3df1470532f5"",""9a7533def59f9abdb14abd270720a1c17de6edad4ffe29893156b455ac2c7ce6"",""680152de833f19617e16dd4e970f94310d25441a12e02c20e2ef40af000304af"",""19e16c47b41bb2985fbb8e47cdfa5736e879856b66ffc186d3900c283aa60d96"",""08a86b9c80053d1961fbd3b5a920e2002825dcf711b45f86cfae1d4f15947c37"",""2a4af9bda9fff0b0eac8d81d82a8809b572d6ac0657ce10fe1eddbae45f6d1ec"",""17ea08b97adc53e8f7499717256b6e888f38bd9d5e9203cc01dd3ca1470e9364"",""a3ea0ef55c0459ef67d9678bcd46c51a313969386eb0255b86a98060cbc1b9f8"",""9e448de96036849bd9ff181e4286ea1347c78ec9d6633439f03a33b9c0defea3""]",32
2,1,native,32,final,before,149291008,96,352,32,120848384,96,608,32,60215296,189222912,0,192,3626631,575201,3051414,593,82,4162238,"{""child.rss_bytes"":[],""child.threads"":[],""child.fd_count"":[],""child.listener_count"":[],""wrapper.rss_bytes"":[],""wrapper.threads"":[],""wrapper.fd_count"":[],""wrapper.listener_count"":[],""cgroup.memory_current_bytes"":[],""cgroup.sum_leaf_lifetime_memory_peak_bytes"":[],""cgroup.memory_swap_current_bytes"":[],""cgroup.pids_current"":[],""cgroup.cpu.usage_usec"":[],""cgroup.cpu.user_usec"":[],""cgroup.cpu.system_usec"":[],""cgroup.cpu.nr_periods"":[],""cgroup.cpu.nr_throttled"":[],""cgroup.cpu.throttled_usec"":[]}","[""becc3950775806ef488bc2c4be5ce77a8bdc72e0289761e27dcd119b1a1f0d56"",""609568d941caca86c92dd9439e25781d28ac9ee7da89202b1f70e18a038eef7d"",""37274bbf4af32789eba465b1f136e340fb42d0a7a3c91ef1369bb11788110023"",""6eea05afd6bcfba7dcdcd745f072bb4c91a884639a2da2dfa0365910f5c34431"",""416bb3fc4f5823f61d321a9eecc1685274498109d6aa879f92128c36a4fe57ef"",""e9499a7b8562669c31a04845afd9980be7b692b4e10b15b70a26369ebd0390de"",""bdc1fcb3e9e1b7039ffc08237e2f2b9ccc3ba8e49f3bbe31803ce88fc2310150"",""e4fcbe9917e4820d2b37a027f0e4c53f434a77c5505e2f110dcef8f27bbf1bd0"",""9cde29d920e45b01185bc9095a32afb708284d5bf9ae0aad29b24d3ac68128ac"",""49b536888f10bff30e33e0c1972fc2068f05eada71682be48a0d1346d62d29c5"",""9e55bc9e939f52df818e3f26dd0d44ff1dc866d22eb70dc26c5b0a99cf4e6d86"",""d3bef1c4328c0889b70aa20c197480383dbc5b865d33e6a1fd4670c5cbd7e542"",""c449948a808be748681fdc8a3da6f66295f62bf198c0c6d87ca72098ed02e4aa"",""10028b10b23ed1edac966104f0500332c97f07a29e5cf050bdbde34d37003442"",""a3ae12fc4dfb8edd7789cc2e3c6e91196763062b4c0993be00572efec13c6136"",""69666b9be89043b97f42b6d3064c7307a86fedd922a1b5fcb0931748e8cc1506"",""fa8f375145f8bb48631cac71277065ccebf96f7d02ea2d48aa268c6d95f076ab"",""b5de7cb2d551200d4a82400ec5496269ce653afa10665538f1241740e0e5ccfe"",""eaa1595c9502f6da751991cad016521845924390f4c81085c7d50e9086c09355"",""26f4fa4d30312358521a01ee8cf1d7c1402c16160fcfc9e9ea231a884b08381f"",""6bb44358d45caa1e4e5207d3bd407a111183101a992aaf276e03c6f4fb14ccbb"",""ee3b7d1238af0a2332a0bb4ca97a6459c799dd9265ba49d7df370025031c2259"",""08438f2c1aa62f92f87a0101938dca11d5f3872c1345d94fa5e43a13ab30f524"",""0ff690704e831bf24b52d7f093356ec5f08cdd64238df8b189bd3df1470532f5"",""9a7533def59f9abdb14abd270720a1c17de6edad4ffe29893156b455ac2c7ce6"",""680152de833f19617e16dd4e970f94310d25441a12e02c20e2ef40af000304af"",""19e16c47b41bb2985fbb8e47cdfa5736e879856b66ffc186d3900c283aa60d96"",""08a86b9c80053d1961fbd3b5a920e2002825dcf711b45f86cfae1d4f15947c37"",""2a4af9bda9fff0b0eac8d81d82a8809b572d6ac0657ce10fe1eddbae45f6d1ec"",""17ea08b97adc53e8f7499717256b6e888f38bd9d5e9203cc01dd3ca1470e9364"",""a3ea0ef55c0459ef67d9678bcd46c51a313969386eb0255b86a98060cbc1b9f8"",""9e448de96036849bd9ff181e4286ea1347c78ec9d6633439f03a33b9c0defea3""]",32
2,1,native,32,final,after,149291008,96,352,32,120848384,96,608,32,60538880,189222912,0,192,3930185,584397,3345771,659,82,4162238,"{""child.rss_bytes"":[],""child.threads"":[],""child.fd_count"":[],""child.listener_count"":[],""wrapper.rss_bytes"":[],""wrapper.threads"":[],""wrapper.fd_count"":[],""wrapper.listener_count"":[],""cgroup.memory_current_bytes"":[],""cgroup.sum_leaf_lifetime_memory_peak_bytes"":[],""cgroup.memory_swap_current_bytes"":[],""cgroup.pids_current"":[],""cgroup.cpu.usage_usec"":[],""cgroup.cpu.user_usec"":[],""cgroup.cpu.system_usec"":[],""cgroup.cpu.nr_periods"":[],""cgroup.cpu.nr_throttled"":[],""cgroup.cpu.throttled_usec"":[]}","[""becc3950775806ef488bc2c4be5ce77a8bdc72e0289761e27dcd119b1a1f0d56"",""609568d941caca86c92dd9439e25781d28ac9ee7da89202b1f70e18a038eef7d"",""37274bbf4af32789eba465b1f136e340fb42d0a7a3c91ef1369bb11788110023"",""6eea05afd6bcfba7dcdcd745f072bb4c91a884639a2da2dfa0365910f5c34431"",""416bb3fc4f5823f61d321a9eecc1685274498109d6aa879f92128c36a4fe57ef"",""e9499a7b8562669c31a04845afd9980be7b692b4e10b15b70a26369ebd0390de"",""bdc1fcb3e9e1b7039ffc08237e2f2b9ccc3ba8e49f3bbe31803ce88fc2310150"",""e4fcbe9917e4820d2b37a027f0e4c53f434a77c5505e2f110dcef8f27bbf1bd0"",""9cde29d920e45b01185bc9095a32afb708284d5bf9ae0aad29b24d3ac68128ac"",""49b536888f10bff30e33e0c1972fc2068f05eada71682be48a0d1346d62d29c5"",""9e55bc9e939f52df818e3f26dd0d44ff1dc866d22eb70dc26c5b0a99cf4e6d86"",""d3bef1c4328c0889b70aa20c197480383dbc5b865d33e6a1fd4670c5cbd7e542"",""c449948a808be748681fdc8a3da6f66295f62bf198c0c6d87ca72098ed02e4aa"",""10028b10b23ed1edac966104f0500332c97f07a29e5cf050bdbde34d37003442"",""a3ae12fc4dfb8edd7789cc2e3c6e91196763062b4c0993be00572efec13c6136"",""69666b9be89043b97f42b6d3064c7307a86fedd922a1b5fcb0931748e8cc1506"",""fa8f375145f8bb48631cac71277065ccebf96f7d02ea2d48aa268c6d95f076ab"",""b5de7cb2d551200d4a82400ec5496269ce653afa10665538f1241740e0e5ccfe"",""eaa1595c9502f6da751991cad016521845924390f4c81085c7d50e9086c09355"",""26f4fa4d30312358521a01ee8cf1d7c1402c16160fcfc9e9ea231a884b08381f"",""6bb44358d45caa1e4e5207d3bd407a111183101a992aaf276e03c6f4fb14ccbb"",""ee3b7d1238af0a2332a0bb4ca97a6459c799dd9265ba49d7df370025031c2259"",""08438f2c1aa62f92f87a0101938dca11d5f3872c1345d94fa5e43a13ab30f524"",""0ff690704e831bf24b52d7f093356ec5f08cdd64238df8b189bd3df1470532f5"",""9a7533def59f9abdb14abd270720a1c17de6edad4ffe29893156b455ac2c7ce6"",""680152de833f19617e16dd4e970f94310d25441a12e02c20e2ef40af000304af"",""19e16c47b41bb2985fbb8e47cdfa5736e879856b66ffc186d3900c283aa60d96"",""08a86b9c80053d1961fbd3b5a920e2002825dcf711b45f86cfae1d4f15947c37"",""2a4af9bda9fff0b0eac8d81d82a8809b572d6ac0657ce10fe1eddbae45f6d1ec"",""17ea08b97adc53e8f7499717256b6e888f38bd9d5e9203cc01dd3ca1470e9364"",""a3ea0ef55c0459ef67d9678bcd46c51a313969386eb0255b86a98060cbc1b9f8"",""9e448de96036849bd9ff181e4286ea1347c78ec9d6633439f03a33b9c0defea3""]",32
2,2,native,1,ready,before,4718592,3,11,1,3801088,3,19,1,1609728,6053888,0,6,52585,4016,48568,5,0,0,"{""child.rss_bytes"":[],""child.threads"":[],""child.fd_count"":[],""child.listener_count"":[],""wrapper.rss_bytes"":[],""wrapper.threads"":[],""wrapper.fd_count"":[],""wrapper.listener_count"":[],""cgroup.memory_current_bytes"":[],""cgroup.sum_leaf_lifetime_memory_peak_bytes"":[],""cgroup.memory_swap_current_bytes"":[],""cgroup.pids_current"":[],""cgroup.cpu.usage_usec"":[],""cgroup.cpu.user_usec"":[],""cgroup.cpu.system_usec"":[],""cgroup.cpu.nr_periods"":[],""cgroup.cpu.nr_throttled"":[],""cgroup.cpu.throttled_usec"":[]}","[""30d93c67fba3ec01232c8ef054a8ea7eb88dac5ea3553317b66f5bc5c0a92495""]",1
2,2,native,1,ready,after,4718592,3,11,1,3932160,3,19,1,1777664,6053888,0,6,60902,4016,56885,7,0,0,"{""child.rss_bytes"":[],""child.threads"":[],""child.fd_count"":[],""child.listener_count"":[],""wrapper.rss_bytes"":[],""wrapper.threads"":[],""wrapper.fd_count"":[],""wrapper.listener_count"":[],""cgroup.memory_current_bytes"":[],""cgroup.sum_leaf_lifetime_memory_peak_bytes"":[],""cgroup.memory_swap_current_bytes"":[],""cgroup.pids_current"":[],""cgroup.cpu.usage_usec"":[],""cgroup.cpu.user_usec"":[],""cgroup.cpu.system_usec"":[],""cgroup.cpu.nr_periods"":[],""cgroup.cpu.nr_throttled"":[],""cgroup.cpu.throttled_usec"":[]}","[""30d93c67fba3ec01232c8ef054a8ea7eb88dac5ea3553317b66f5bc5c0a92495""]",1
2,2,native,1,served,before,4718592,3,11,1,3932160,3,19,1,1830912,6053888,0,6,70895,4016,66878,9,0,0,"{""child.rss_bytes"":[],""child.threads"":[],""child.fd_count"":[],""child.listener_count"":[],""wrapper.rss_bytes"":[],""wrapper.threads"":[],""wrapper.fd_count"":[],""wrapper.listener_count"":[],""cgroup.memory_current_bytes"":[],""cgroup.sum_leaf_lifetime_memory_peak_bytes"":[],""cgroup.memory_swap_current_bytes"":[],""cgroup.pids_current"":[],""cgroup.cpu.usage_usec"":[],""cgroup.cpu.user_usec"":[],""cgroup.cpu.system_usec"":[],""cgroup.cpu.nr_periods"":[],""cgroup.cpu.nr_throttled"":[],""cgroup.cpu.throttled_usec"":[]}","[""30d93c67fba3ec01232c8ef054a8ea7eb88dac5ea3553317b66f5bc5c0a92495""]",1
2,2,native,1,served,after,4718592,3,11,1,3932160,3,19,1,1843200,6053888,0,6,78362,4016,74345,11,0,0,"{""child.rss_bytes"":[],""child.threads"":[],""child.fd_count"":[],""child.listener_count"":[],""wrapper.rss_bytes"":[],""wrapper.threads"":[],""wrapper.fd_count"":[],""wrapper.listener_count"":[],""cgroup.memory_current_bytes"":[],""cgroup.sum_leaf_lifetime_memory_peak_bytes"":[],""cgroup.memory_swap_current_bytes"":[],""cgroup.pids_current"":[],""cgroup.cpu.usage_usec"":[],""cgroup.cpu.user_usec"":[],""cgroup.cpu.system_usec"":[],""cgroup.cpu.nr_periods"":[],""cgroup.cpu.nr_throttled"":[],""cgroup.cpu.throttled_usec"":[]}","[""30d93c67fba3ec01232c8ef054a8ea7eb88dac5ea3553317b66f5bc5c0a92495""]",1
2,2,native,1,final,before,4980736,3,11,1,3932160,3,19,1,2019328,6053888,0,6,162386,36085,126300,16,0,0,"{""child.rss_bytes"":[],""child.threads"":[],""child.fd_count"":[],""child.listener_count"":[],""wrapper.rss_bytes"":[],""wrapper.threads"":[],""wrapper.fd_count"":[],""wrapper.listener_count"":[],""cgroup.memory_current_bytes"":[],""cgroup.sum_leaf_lifetime_memory_peak_bytes"":[],""cgroup.memory_swap_current_bytes"":[],""cgroup.pids_current"":[],""cgroup.cpu.usage_usec"":[],""cgroup.cpu.user_usec"":[],""cgroup.cpu.system_usec"":[],""cgroup.cpu.nr_periods"":[],""cgroup.cpu.nr_throttled"":[],""cgroup.cpu.throttled_usec"":[]}","[""30d93c67fba3ec01232c8ef054a8ea7eb88dac5ea3553317b66f5bc5c0a92495""]",1
2,2,native,1,final,after,4980736,3,11,1,3932160,3,19,1,2035712,6053888,0,6,173960,36241,137718,18,0,0,"{""child.rss_bytes"":[],""child.threads"":[],""child.fd_count"":[],""child.listener_count"":[],""wrapper.rss_bytes"":[],""wrapper.threads"":[],""wrapper.fd_count"":[],""wrapper.listener_count"":[],""cgroup.memory_current_bytes"":[],""cgroup.sum_leaf_lifetime_memory_peak_bytes"":[],""cgroup.memory_swap_current_bytes"":[],""cgroup.pids_current"":[],""cgroup.cpu.usage_usec"":[],""cgroup.cpu.user_usec"":[],""cgroup.cpu.system_usec"":[],""cgroup.cpu.nr_periods"":[],""cgroup.cpu.nr_throttled"":[],""cgroup.cpu.throttled_usec"":[]}","[""30d93c67fba3ec01232c8ef054a8ea7eb88dac5ea3553317b66f5bc5c0a92495""]",1
2,3,lsf,1,ready,before,12320768,7,17,1,3801088,3,19,1,2650112,7213056,0,10,62231,15557,46673,20,0,0,"{""child.rss_bytes"":[],""child.threads"":[],""child.fd_count"":[],""child.listener_count"":[],""wrapper.rss_bytes"":[],""wrapper.threads"":[],""wrapper.fd_count"":[],""wrapper.listener_count"":[],""cgroup.memory_current_bytes"":[],""cgroup.sum_leaf_lifetime_memory_peak_bytes"":[],""cgroup.memory_swap_current_bytes"":[],""cgroup.pids_current"":[],""cgroup.cpu.usage_usec"":[],""cgroup.cpu.user_usec"":[],""cgroup.cpu.system_usec"":[],""cgroup.cpu.nr_periods"":[],""cgroup.cpu.nr_throttled"":[],""cgroup.cpu.throttled_usec"":[]}","[""4fdf3cabdcce00c051ab2b0611694533be38b5caff0ff9ee3ddc65476723d7f1""]",1
2,3,lsf,1,ready,after,12320768,7,17,1,3932160,3,19,1,2842624,7213056,0,10,74343,16111,58231,25,0,0,"{""child.rss_bytes"":[],""child.threads"":[],""child.fd_count"":[],""child.listener_count"":[],""wrapper.rss_bytes"":[],""wrapper.threads"":[],""wrapper.fd_count"":[],""wrapper.listener_count"":[],""cgroup.memory_current_bytes"":[],""cgroup.sum_leaf_lifetime_memory_peak_bytes"":[],""cgroup.memory_swap_current_bytes"":[],""cgroup.pids_current"":[],""cgroup.cpu.usage_usec"":[],""cgroup.cpu.user_usec"":[],""cgroup.cpu.system_usec"":[],""cgroup.cpu.nr_periods"":[],""cgroup.cpu.nr_throttled"":[],""cgroup.cpu.throttled_usec"":[]}","[""4fdf3cabdcce00c051ab2b0611694533be38b5caff0ff9ee3ddc65476723d7f1""]",1
2,3,lsf,1,served,before,22093824,7,18,1,3932160,3,19,1,5361664,7213056,0,10,128556,58057,70498,30,0,0,"{""child.rss_bytes"":[],""child.threads"":[],""child.fd_count"":[],""child.listener_count"":[],""wrapper.rss_bytes"":[],""wrapper.threads"":[],""wrapper.fd_count"":[],""wrapper.listener_count"":[],""cgroup.memory_current_bytes"":[],""cgroup.sum_leaf_lifetime_memory_peak_bytes"":[],""cgroup.memory_swap_current_bytes"":[],""cgroup.pids_current"":[],""cgroup.cpu.usage_usec"":[],""cgroup.cpu.user_usec"":[],""cgroup.cpu.system_usec"":[],""cgroup.cpu.nr_periods"":[],""cgroup.cpu.nr_throttled"":[],""cgroup.cpu.throttled_usec"":[]}","[""4fdf3cabdcce00c051ab2b0611694533be38b5caff0ff9ee3ddc65476723d7f1""]",1
2,3,lsf,1,served,after,22093824,7,18,1,3932160,3,19,1,5636096,7213056,0,10,137252,59348,77904,34,0,0,"{""child.rss_bytes"":[],""child.threads"":[],""child.fd_count"":[],""child.listener_count"":[],""wrapper.rss_bytes"":[],""wrapper.threads"":[],""wrapper.fd_count"":[],""wrapper.listener_count"":[],""cgroup.memory_current_bytes"":[],""cgroup.sum_leaf_lifetime_memory_peak_bytes"":[],""cgroup.memory_swap_current_bytes"":[],""cgroup.pids_current"":[],""cgroup.cpu.usage_usec"":[],""cgroup.cpu.user_usec"":[],""cgroup.cpu.system_usec"":[],""cgroup.cpu.nr_periods"":[],""cgroup.cpu.nr_throttled"":[],""cgroup.cpu.throttled_usec"":[]}","[""4fdf3cabdcce00c051ab2b0611694533be38b5caff0ff9ee3ddc65476723d7f1""]",1
2,3,lsf,1,final,before,25239552,7,18,1,3932160,3,19,1,8548352,10936320,0,10,381231,203046,178184,41,0,0,"{""child.rss_bytes"":[],""child.threads"":[],""child.fd_count"":[],""child.listener_count"":[],""wrapper.rss_bytes"":[],""wrapper.threads"":[],""wrapper.fd_count"":[],""wrapper.listener_count"":[],""cgroup.memory_current_bytes"":[],""cgroup.sum_leaf_lifetime_memory_peak_bytes"":[],""cgroup.memory_swap_current_bytes"":[],""cgroup.pids_current"":[],""cgroup.cpu.usage_usec"":[],""cgroup.cpu.user_usec"":[],""cgroup.cpu.system_usec"":[],""cgroup.cpu.nr_periods"":[],""cgroup.cpu.nr_throttled"":[],""cgroup.cpu.throttled_usec"":[]}","[""4fdf3cabdcce00c051ab2b0611694533be38b5caff0ff9ee3ddc65476723d7f1""]",1
2,3,lsf,1,final,after,25239552,7,18,1,3932160,3,19,1,8564736,10936320,0,10,391323,204084,187238,45,0,0,"{""child.rss_bytes"":[],""child.threads"":[],""child.fd_count"":[],""child.listener_count"":[],""wrapper.rss_bytes"":[],""wrapper.threads"":[],""wrapper.fd_count"":[],""wrapper.listener_count"":[],""cgroup.memory_current_bytes"":[],""cgroup.sum_leaf_lifetime_memory_peak_bytes"":[],""cgroup.memory_swap_current_bytes"":[],""cgroup.pids_current"":[],""cgroup.cpu.usage_usec"":[],""cgroup.cpu.user_usec"":[],""cgroup.cpu.system_usec"":[],""cgroup.cpu.nr_periods"":[],""cgroup.cpu.nr_throttled"":[],""cgroup.cpu.throttled_usec"":[]}","[""4fdf3cabdcce00c051ab2b0611694533be38b5caff0ff9ee3ddc65476723d7f1""]",1
2,4,lsf,8,ready,before,12582912,7,24,1,3801088,3,33,1,3514368,7450624,0,10,73347,25887,47460,16,0,0,"{""child.rss_bytes"":[],""child.threads"":[],""child.fd_count"":[],""child.listener_count"":[],""wrapper.rss_bytes"":[],""wrapper.threads"":[],""wrapper.fd_count"":[],""wrapper.listener_count"":[],""cgroup.memory_current_bytes"":[],""cgroup.sum_leaf_lifetime_memory_peak_bytes"":[],""cgroup.memory_swap_current_bytes"":[],""cgroup.pids_current"":[],""cgroup.cpu.usage_usec"":[],""cgroup.cpu.user_usec"":[],""cgroup.cpu.system_usec"":[],""cgroup.cpu.nr_periods"":[],""cgroup.cpu.nr_throttled"":[],""cgroup.cpu.throttled_usec"":[]}","[""09016b1ceffb2aafebc235a4f89e99a8a8df347ccce688b16639252ae26cf79a""]",1
2,4,lsf,8,ready,after,12582912,7,24,1,3932160,3,33,1,3510272,7450624,0,10,86277,27245,59031,21,0,0,"{""child.rss_bytes"":[],""child.threads"":[],""child.fd_count"":[],""child.listener_count"":[],""wrapper.rss_bytes"":[],""wrapper.threads"":[],""wrapper.fd_count"":[],""wrapper.listener_count"":[],""cgroup.memory_current_bytes"":[],""cgroup.sum_leaf_lifetime_memory_peak_bytes"":[],""cgroup.memory_swap_current_bytes"":[],""cgroup.pids_current"":[],""cgroup.cpu.usage_usec"":[],""cgroup.cpu.user_usec"":[],""cgroup.cpu.system_usec"":[],""cgroup.cpu.nr_periods"":[],""cgroup.cpu.nr_throttled"":[],""cgroup.cpu.throttled_usec"":[]}","[""09016b1ceffb2aafebc235a4f89e99a8a8df347ccce688b16639252ae26cf79a""]",1
2,4,lsf,8,served,before,23896064,7,32,1,3932160,3,33,1,7692288,8536064,0,10,396141,327422,68718,28,0,0,"{""child.rss_bytes"":[],""child.threads"":[],""child.fd_count"":[],""child.listener_count"":[],""wrapper.rss_bytes"":[],""wrapper.threads"":[],""wrapper.fd_count"":[],""wrapper.listener_count"":[],""cgroup.memory_current_bytes"":[],""cgroup.sum_leaf_lifetime_memory_peak_bytes"":[],""cgroup.memory_swap_current_bytes"":[],""cgroup.pids_current"":[],""cgroup.cpu.usage_usec"":[],""cgroup.cpu.user_usec"":[],""cgroup.cpu.system_usec"":[],""cgroup.cpu.nr_periods"":[],""cgroup.cpu.nr_throttled"":[],""cgroup.cpu.throttled_usec"":[]}","[""09016b1ceffb2aafebc235a4f89e99a8a8df347ccce688b16639252ae26cf79a""]",1
2,4,lsf,8,served,after,23896064,7,32,1,3932160,3,33,1,7733248,8536064,0,10,408187,331399,76787,33,0,0,"{""child.rss_bytes"":[],""child.threads"":[],""child.fd_count"":[],""child.listener_count"":[],""wrapper.rss_bytes"":[],""wrapper.threads"":[],""wrapper.fd_count"":[],""wrapper.listener_count"":[],""cgroup.memory_current_bytes"":[],""cgroup.sum_leaf_lifetime_memory_peak_bytes"":[],""cgroup.memory_swap_current_bytes"":[],""cgroup.pids_current"":[],""cgroup.cpu.usage_usec"":[],""cgroup.cpu.user_usec"":[],""cgroup.cpu.system_usec"":[],""cgroup.cpu.nr_periods"":[],""cgroup.cpu.nr_throttled"":[],""cgroup.cpu.throttled_usec"":[]}","[""09016b1ceffb2aafebc235a4f89e99a8a8df347ccce688b16639252ae26cf79a""]",1
2,4,lsf,8,final,before,25206784,7,32,1,3932160,3,33,1,9150464,10665984,0,10,455812,341859,113953,38,0,0,"{""child.rss_bytes"":[],""child.threads"":[],""child.fd_count"":[],""child.listener_count"":[],""wrapper.rss_bytes"":[],""wrapper.threads"":[],""wrapper.fd_count"":[],""wrapper.listener_count"":[],""cgroup.memory_current_bytes"":[],""cgroup.sum_leaf_lifetime_memory_peak_bytes"":[],""cgroup.memory_swap_current_bytes"":[],""cgroup.pids_current"":[],""cgroup.cpu.usage_usec"":[],""cgroup.cpu.user_usec"":[],""cgroup.cpu.system_usec"":[],""cgroup.cpu.nr_periods"":[],""cgroup.cpu.nr_throttled"":[],""cgroup.cpu.throttled_usec"":[]}","[""09016b1ceffb2aafebc235a4f89e99a8a8df347ccce688b16639252ae26cf79a""]",1
2,4,lsf,8,final,after,25206784,7,32,1,3932160,3,33,1,9121792,10665984,0,10,469084,346260,122823,41,0,0,"{""child.rss_bytes"":[],""child.threads"":[],""child.fd_count"":[],""child.listener_count"":[],""wrapper.rss_bytes"":[],""wrapper.threads"":[],""wrapper.fd_count"":[],""wrapper.listener_count"":[],""cgroup.memory_current_bytes"":[],""cgroup.sum_leaf_lifetime_memory_peak_bytes"":[],""cgroup.memory_swap_current_bytes"":[],""cgroup.pids_current"":[],""cgroup.cpu.usage_usec"":[],""cgroup.cpu.user_usec"":[],""cgroup.cpu.system_usec"":[],""cgroup.cpu.nr_periods"":[],""cgroup.cpu.nr_throttled"":[],""cgroup.cpu.throttled_usec"":[]}","[""09016b1ceffb2aafebc235a4f89e99a8a8df347ccce688b16639252ae26cf79a""]",1
2,5,native,8,ready,before,36700160,24,88,8,28835840,24,152,8,12738560,48455680,0,48,469809,106357,363451,40,0,0,"{""child.rss_bytes"":[],""child.threads"":[],""child.fd_count"":[],""child.listener_count"":[],""wrapper.rss_bytes"":[],""wrapper.threads"":[],""wrapper.fd_count"":[],""wrapper.listener_count"":[],""cgroup.memory_current_bytes"":[],""cgroup.sum_leaf_lifetime_memory_peak_bytes"":[],""cgroup.memory_swap_current_bytes"":[],""cgroup.pids_current"":[],""cgroup.cpu.usage_usec"":[],""cgroup.cpu.user_usec"":[],""cgroup.cpu.system_usec"":[],""cgroup.cpu.nr_periods"":[],""cgroup.cpu.nr_throttled"":[],""cgroup.cpu.throttled_usec"":[]}","[""1357dea1eef0200b4ddd5a5946649ccae1be6dcfba4e462d007ee284f19f7891"",""ae99e948a4b2be6af6462e232ef230f2210e5b9fb1b326912dff14cc027188e1"",""78ede4ff475d39c9479f3ecac87fb9366ecc7c300c222888fc4647ed5454d73f"",""1a0aae8544359e6dc5a85883bdd4764791cc30756d8987774d2c443a2880499f"",""c3b17e946ac7f0332eac9d9728669f36cace3031b27994a12936fd769f41978a"",""a24c36fd672033f84582965866af06528177b42f6a76fcc9d68c8a25bdf7336a"",""388fc7a36850611e807e2027b01f0ae1e77b966c6f4016cd74a241a090fa15ce"",""339351dbee88bbc025a7764a687cb1e12980f9d98abe14756fcf54e91e09a313""]",8
2,5,native,8,ready,after,36700160,24,88,8,29753344,24,152,8,14225408,48455680,0,48,544853,115266,429583,57,0,0,"{""child.rss_bytes"":[],""child.threads"":[],""child.fd_count"":[],""child.listener_count"":[],""wrapper.rss_bytes"":[],""wrapper.threads"":[],""wrapper.fd_count"":[],""wrapper.listener_count"":[],""cgroup.memory_current_bytes"":[],""cgroup.sum_leaf_lifetime_memory_peak_bytes"":[],""cgroup.memory_swap_current_bytes"":[],""cgroup.pids_current"":[],""cgroup.cpu.usage_usec"":[],""cgroup.cpu.user_usec"":[],""cgroup.cpu.system_usec"":[],""cgroup.cpu.nr_periods"":[],""cgroup.cpu.nr_throttled"":[],""cgroup.cpu.throttled_usec"":[]}","[""1357dea1eef0200b4ddd5a5946649ccae1be6dcfba4e462d007ee284f19f7891"",""ae99e948a4b2be6af6462e232ef230f2210e5b9fb1b326912dff14cc027188e1"",""78ede4ff475d39c9479f3ecac87fb9366ecc7c300c222888fc4647ed5454d73f"",""1a0aae8544359e6dc5a85883bdd4764791cc30756d8987774d2c443a2880499f"",""c3b17e946ac7f0332eac9d9728669f36cace3031b27994a12936fd769f41978a"",""a24c36fd672033f84582965866af06528177b42f6a76fcc9d68c8a25bdf7336a"",""388fc7a36850611e807e2027b01f0ae1e77b966c6f4016cd74a241a090fa15ce"",""339351dbee88bbc025a7764a687cb1e12980f9d98abe14756fcf54e91e09a313""]",8
2,5,native,8,served,before,37093376,24,88,8,29884416,24,152,8,14618624,48455680,0,48,623649,119023,504623,82,0,0,"{""child.rss_bytes"":[],""child.threads"":[],""child.fd_count"":[],""child.listener_count"":[],""wrapper.rss_bytes"":[],""wrapper.threads"":[],""wrapper.fd_count"":[],""wrapper.listener_count"":[],""cgroup.memory_current_bytes"":[],""cgroup.sum_leaf_lifetime_memory_peak_bytes"":[],""cgroup.memory_swap_current_bytes"":[],""cgroup.pids_current"":[],""cgroup.cpu.usage_usec"":[],""cgroup.cpu.user_usec"":[],""cgroup.cpu.system_usec"":[],""cgroup.cpu.nr_periods"":[],""cgroup.cpu.nr_throttled"":[],""cgroup.cpu.throttled_usec"":[]}","[""1357dea1eef0200b4ddd5a5946649ccae1be6dcfba4e462d007ee284f19f7891"",""ae99e948a4b2be6af6462e232ef230f2210e5b9fb1b326912dff14cc027188e1"",""78ede4ff475d39c9479f3ecac87fb9366ecc7c300c222888fc4647ed5454d73f"",""1a0aae8544359e6dc5a85883bdd4764791cc30756d8987774d2c443a2880499f"",""c3b17e946ac7f0332eac9d9728669f36cace3031b27994a12936fd769f41978a"",""a24c36fd672033f84582965866af06528177b42f6a76fcc9d68c8a25bdf7336a"",""388fc7a36850611e807e2027b01f0ae1e77b966c6f4016cd74a241a090fa15ce"",""339351dbee88bbc025a7764a687cb1e12980f9d98abe14756fcf54e91e09a313""]",8
2,5,native,8,served,after,37093376,24,88,8,29884416,24,152,8,14761984,48455680,0,48,685189,119511,565676,99,0,0,"{""child.rss_bytes"":[],""child.threads"":[],""child.fd_count"":[],""child.listener_count"":[],""wrapper.rss_bytes"":[],""wrapper.threads"":[],""wrapper.fd_count"":[],""wrapper.listener_count"":[],""cgroup.memory_current_bytes"":[],""cgroup.sum_leaf_lifetime_memory_peak_bytes"":[],""cgroup.memory_swap_current_bytes"":[],""cgroup.pids_current"":[],""cgroup.cpu.usage_usec"":[],""cgroup.cpu.user_usec"":[],""cgroup.cpu.system_usec"":[],""cgroup.cpu.nr_periods"":[],""cgroup.cpu.nr_throttled"":[],""cgroup.cpu.throttled_usec"":[]}","[""1357dea1eef0200b4ddd5a5946649ccae1be6dcfba4e462d007ee284f19f7891"",""ae99e948a4b2be6af6462e232ef230f2210e5b9fb1b326912dff14cc027188e1"",""78ede4ff475d39c9479f3ecac87fb9366ecc7c300c222888fc4647ed5454d73f"",""1a0aae8544359e6dc5a85883bdd4764791cc30756d8987774d2c443a2880499f"",""c3b17e946ac7f0332eac9d9728669f36cace3031b27994a12936fd769f41978a"",""a24c36fd672033f84582965866af06528177b42f6a76fcc9d68c8a25bdf7336a"",""388fc7a36850611e807e2027b01f0ae1e77b966c6f4016cd74a241a090fa15ce"",""339351dbee88bbc025a7764a687cb1e12980f9d98abe14756fcf54e91e09a313""]",8
2,5,native,8,final,before,37093376,24,88,8,29884416,24,152,8,15011840,48455680,0,48,778497,121739,656757,128,0,0,"{""child.rss_bytes"":[],""child.threads"":[],""child.fd_count"":[],""child.listener_count"":[],""wrapper.rss_bytes"":[],""wrapper.threads"":[],""wrapper.fd_count"":[],""wrapper.listener_count"":[],""cgroup.memory_current_bytes"":[],""cgroup.sum_leaf_lifetime_memory_peak_bytes"":[],""cgroup.memory_swap_current_bytes"":[],""cgroup.pids_current"":[],""cgroup.cpu.usage_usec"":[],""cgroup.cpu.user_usec"":[],""cgroup.cpu.system_usec"":[],""cgroup.cpu.nr_periods"":[],""cgroup.cpu.nr_throttled"":[],""cgroup.cpu.throttled_usec"":[]}","[""1357dea1eef0200b4ddd5a5946649ccae1be6dcfba4e462d007ee284f19f7891"",""ae99e948a4b2be6af6462e232ef230f2210e5b9fb1b326912dff14cc027188e1"",""78ede4ff475d39c9479f3ecac87fb9366ecc7c300c222888fc4647ed5454d73f"",""1a0aae8544359e6dc5a85883bdd4764791cc30756d8987774d2c443a2880499f"",""c3b17e946ac7f0332eac9d9728669f36cace3031b27994a12936fd769f41978a"",""a24c36fd672033f84582965866af06528177b42f6a76fcc9d68c8a25bdf7336a"",""388fc7a36850611e807e2027b01f0ae1e77b966c6f4016cd74a241a090fa15ce"",""339351dbee88bbc025a7764a687cb1e12980f9d98abe14756fcf54e91e09a313""]",8
2,5,native,8,final,after,37093376,24,88,8,29884416,24,152,8,15126528,48455680,0,48,844067,122614,721451,145,0,0,"{""child.rss_bytes"":[],""child.threads"":[],""child.fd_count"":[],""child.listener_count"":[],""wrapper.rss_bytes"":[],""wrapper.threads"":[],""wrapper.fd_count"":[],""wrapper.listener_count"":[],""cgroup.memory_current_bytes"":[],""cgroup.sum_leaf_lifetime_memory_peak_bytes"":[],""cgroup.memory_swap_current_bytes"":[],""cgroup.pids_current"":[],""cgroup.cpu.usage_usec"":[],""cgroup.cpu.user_usec"":[],""cgroup.cpu.system_usec"":[],""cgroup.cpu.nr_periods"":[],""cgroup.cpu.nr_throttled"":[],""cgroup.cpu.throttled_usec"":[]}","[""1357dea1eef0200b4ddd5a5946649ccae1be6dcfba4e462d007ee284f19f7891"",""ae99e948a4b2be6af6462e232ef230f2210e5b9fb1b326912dff14cc027188e1"",""78ede4ff475d39c9479f3ecac87fb9366ecc7c300c222888fc4647ed5454d73f"",""1a0aae8544359e6dc5a85883bdd4764791cc30756d8987774d2c443a2880499f"",""c3b17e946ac7f0332eac9d9728669f36cace3031b27994a12936fd769f41978a"",""a24c36fd672033f84582965866af06528177b42f6a76fcc9d68c8a25bdf7336a"",""388fc7a36850611e807e2027b01f0ae1e77b966c6f4016cd74a241a090fa15ce"",""339351dbee88bbc025a7764a687cb1e12980f9d98abe14756fcf54e91e09a313""]",8
3,0,native,1,ready,before,4718592,3,11,1,3801088,3,19,1,1601536,6103040,0,6,52640,0,52640,5,0,0,"{""child.rss_bytes"":[],""child.threads"":[],""child.fd_count"":[],""child.listener_count"":[],""wrapper.rss_bytes"":[],""wrapper.threads"":[],""wrapper.fd_count"":[],""wrapper.listener_count"":[],""cgroup.memory_current_bytes"":[],""cgroup.sum_leaf_lifetime_memory_peak_bytes"":[],""cgroup.memory_swap_current_bytes"":[],""cgroup.pids_current"":[],""cgroup.cpu.usage_usec"":[],""cgroup.cpu.user_usec"":[],""cgroup.cpu.system_usec"":[],""cgroup.cpu.nr_periods"":[],""cgroup.cpu.nr_throttled"":[],""cgroup.cpu.throttled_usec"":[]}","[""1e7d2a81c7ff5d5c8486ca969d48024a5d79d8b8cd42ceb6e0aa22d3ebd25a59""]",1
3,0,native,1,ready,after,4718592,3,11,1,3932160,3,19,1,1785856,6103040,0,6,61780,0,61780,7,0,0,"{""child.rss_bytes"":[],""child.threads"":[],""child.fd_count"":[],""child.listener_count"":[],""wrapper.rss_bytes"":[],""wrapper.threads"":[],""wrapper.fd_count"":[],""wrapper.listener_count"":[],""cgroup.memory_current_bytes"":[],""cgroup.sum_leaf_lifetime_memory_peak_bytes"":[],""cgroup.memory_swap_current_bytes"":[],""cgroup.pids_current"":[],""cgroup.cpu.usage_usec"":[],""cgroup.cpu.user_usec"":[],""cgroup.cpu.system_usec"":[],""cgroup.cpu.nr_periods"":[],""cgroup.cpu.nr_throttled"":[],""cgroup.cpu.throttled_usec"":[]}","[""1e7d2a81c7ff5d5c8486ca969d48024a5d79d8b8cd42ceb6e0aa22d3ebd25a59""]",1
3,0,native,1,served,before,4718592,3,11,1,3932160,3,19,1,1835008,6103040,0,6,73697,0,73697,9,0,0,"{""child.rss_bytes"":[],""child.threads"":[],""child.fd_count"":[],""child.listener_count"":[],""wrapper.rss_bytes"":[],""wrapper.threads"":[],""wrapper.fd_count"":[],""wrapper.listener_count"":[],""cgroup.memory_current_bytes"":[],""cgroup.sum_leaf_lifetime_memory_peak_bytes"":[],""cgroup.memory_swap_current_bytes"":[],""cgroup.pids_current"":[],""cgroup.cpu.usage_usec"":[],""cgroup.cpu.user_usec"":[],""cgroup.cpu.system_usec"":[],""cgroup.cpu.nr_periods"":[],""cgroup.cpu.nr_throttled"":[],""cgroup.cpu.throttled_usec"":[]}","[""1e7d2a81c7ff5d5c8486ca969d48024a5d79d8b8cd42ceb6e0aa22d3ebd25a59""]",1
3,0,native,1,served,after,4718592,3,11,1,3932160,3,19,1,1851392,6103040,0,6,82676,0,82676,11,0,0,"{""child.rss_bytes"":[],""child.threads"":[],""child.fd_count"":[],""child.listener_count"":[],""wrapper.rss_bytes"":[],""wrapper.threads"":[],""wrapper.fd_count"":[],""wrapper.listener_count"":[],""cgroup.memory_current_bytes"":[],""cgroup.sum_leaf_lifetime_memory_peak_bytes"":[],""cgroup.memory_swap_current_bytes"":[],""cgroup.pids_current"":[],""cgroup.cpu.usage_usec"":[],""cgroup.cpu.user_usec"":[],""cgroup.cpu.system_usec"":[],""cgroup.cpu.nr_periods"":[],""cgroup.cpu.nr_throttled"":[],""cgroup.cpu.throttled_usec"":[]}","[""1e7d2a81c7ff5d5c8486ca969d48024a5d79d8b8cd42ceb6e0aa22d3ebd25a59""]",1
3,0,native,1,final,before,4849664,3,11,1,3932160,3,19,1,2019328,6103040,0,6,166891,23287,143604,15,0,0,"{""child.rss_bytes"":[],""child.threads"":[],""child.fd_count"":[],""child.listener_count"":[],""wrapper.rss_bytes"":[],""wrapper.threads"":[],""wrapper.fd_count"":[],""wrapper.listener_count"":[],""cgroup.memory_current_bytes"":[],""cgroup.sum_leaf_lifetime_memory_peak_bytes"":[],""cgroup.memory_swap_current_bytes"":[],""cgroup.pids_current"":[],""cgroup.cpu.usage_usec"":[],""cgroup.cpu.user_usec"":[],""cgroup.cpu.system_usec"":[],""cgroup.cpu.nr_periods"":[],""cgroup.cpu.nr_throttled"":[],""cgroup.cpu.throttled_usec"":[]}","[""1e7d2a81c7ff5d5c8486ca969d48024a5d79d8b8cd42ceb6e0aa22d3ebd25a59""]",1
3,0,native,1,final,after,4849664,3,11,1,3932160,3,19,1,2023424,6103040,0,6,175720,23496,152223,17,0,0,"{""child.rss_bytes"":[],""child.threads"":[],""child.fd_count"":[],""child.listener_count"":[],""wrapper.rss_bytes"":[],""wrapper.threads"":[],""wrapper.fd_count"":[],""wrapper.listener_count"":[],""cgroup.memory_current_bytes"":[],""cgroup.sum_leaf_lifetime_memory_peak_bytes"":[],""cgroup.memory_swap_current_bytes"":[],""cgroup.pids_current"":[],""cgroup.cpu.usage_usec"":[],""cgroup.cpu.user_usec"":[],""cgroup.cpu.system_usec"":[],""cgroup.cpu.nr_periods"":[],""cgroup.cpu.nr_throttled"":[],""cgroup.cpu.throttled_usec"":[]}","[""1e7d2a81c7ff5d5c8486ca969d48024a5d79d8b8cd42ceb6e0aa22d3ebd25a59""]",1
3,1,lsf,1,ready,before,12189696,7,17,1,3538944,3,19,1,2666496,6881280,0,10,68656,21125,47531,17,0,0,"{""child.rss_bytes"":[],""child.threads"":[],""child.fd_count"":[],""child.listener_count"":[],""wrapper.rss_bytes"":[],""wrapper.threads"":[],""wrapper.fd_count"":[],""wrapper.listener_count"":[],""cgroup.memory_current_bytes"":[],""cgroup.sum_leaf_lifetime_memory_peak_bytes"":[],""cgroup.memory_swap_current_bytes"":[],""cgroup.pids_current"":[],""cgroup.cpu.usage_usec"":[],""cgroup.cpu.user_usec"":[],""cgroup.cpu.system_usec"":[],""cgroup.cpu.nr_periods"":[],""cgroup.cpu.nr_throttled"":[],""cgroup.cpu.throttled_usec"":[]}","[""eef4f8cfb1ae7e1d49a4f7e15f0f4f6aaa41f709fd0353a68e79329a84ff2935""]",1
3,1,lsf,1,ready,after,12189696,7,17,1,3670016,3,19,1,2859008,6881280,0,10,81178,22143,59035,22,0,0,"{""child.rss_bytes"":[],""child.threads"":[],""child.fd_count"":[],""child.listener_count"":[],""wrapper.rss_bytes"":[],""wrapper.threads"":[],""wrapper.fd_count"":[],""wrapper.listener_count"":[],""cgroup.memory_current_bytes"":[],""cgroup.sum_leaf_lifetime_memory_peak_bytes"":[],""cgroup.memory_swap_current_bytes"":[],""cgroup.pids_current"":[],""cgroup.cpu.usage_usec"":[],""cgroup.cpu.user_usec"":[],""cgroup.cpu.system_usec"":[],""cgroup.cpu.nr_periods"":[],""cgroup.cpu.nr_throttled"":[],""cgroup.cpu.throttled_usec"":[]}","[""eef4f8cfb1ae7e1d49a4f7e15f0f4f6aaa41f709fd0353a68e79329a84ff2935""]",1
3,1,lsf,1,served,before,21729280,7,18,1,3670016,3,19,1,5455872,6881280,0,10,132394,63914,68479,26,0,0,"{""child.rss_bytes"":[],""child.threads"":[],""child.fd_count"":[],""child.listener_count"":[],""wrapper.rss_bytes"":[],""wrapper.threads"":[],""wrapper.fd_count"":[],""wrapper.listener_count"":[],""cgroup.memory_current_bytes"":[],""cgroup.sum_leaf_lifetime_memory_peak_bytes"":[],""cgroup.memory_swap_current_bytes"":[],""cgroup.pids_current"":[],""cgroup.cpu.usage_usec"":[],""cgroup.cpu.user_usec"":[],""cgroup.cpu.system_usec"":[],""cgroup.cpu.nr_periods"":[],""cgroup.cpu.nr_throttled"":[],""cgroup.cpu.throttled_usec"":[]}","[""eef4f8cfb1ae7e1d49a4f7e15f0f4f6aaa41f709fd0353a68e79329a84ff2935""]",1
3,1,lsf,1,served,after,21729280,7,18,1,3670016,3,19,1,5468160,6881280,0,10,144862,65670,79192,31,0,0,"{""child.rss_bytes"":[],""child.threads"":[],""child.fd_count"":[],""child.listener_count"":[],""wrapper.rss_bytes"":[],""wrapper.threads"":[],""wrapper.fd_count"":[],""wrapper.listener_count"":[],""cgroup.memory_current_bytes"":[],""cgroup.sum_leaf_lifetime_memory_peak_bytes"":[],""cgroup.memory_swap_current_bytes"":[],""cgroup.pids_current"":[],""cgroup.cpu.usage_usec"":[],""cgroup.cpu.user_usec"":[],""cgroup.cpu.system_usec"":[],""cgroup.cpu.nr_periods"":[],""cgroup.cpu.nr_throttled"":[],""cgroup.cpu.throttled_usec"":[]}","[""eef4f8cfb1ae7e1d49a4f7e15f0f4f6aaa41f709fd0353a68e79329a84ff2935""]",1
3,1,lsf,1,final,before,24875008,7,18,1,3670016,3,19,1,8503296,10813440,0,10,390062,199463,190598,38,0,0,"{""child.rss_bytes"":[],""child.threads"":[],""child.fd_count"":[],""child.listener_count"":[],""wrapper.rss_bytes"":[],""wrapper.threads"":[],""wrapper.fd_count"":[],""wrapper.listener_count"":[],""cgroup.memory_current_bytes"":[],""cgroup.sum_leaf_lifetime_memory_peak_bytes"":[],""cgroup.memory_swap_current_bytes"":[],""cgroup.pids_current"":[],""cgroup.cpu.usage_usec"":[],""cgroup.cpu.user_usec"":[],""cgroup.cpu.system_usec"":[],""cgroup.cpu.nr_periods"":[],""cgroup.cpu.nr_throttled"":[],""cgroup.cpu.throttled_usec"":[]}","[""eef4f8cfb1ae7e1d49a4f7e15f0f4f6aaa41f709fd0353a68e79329a84ff2935""]",1
3,1,lsf,1,final,after,24875008,7,18,1,3670016,3,19,1,8515584,10813440,0,10,401487,199463,202023,44,0,0,"{""child.rss_bytes"":[],""child.threads"":[],""child.fd_count"":[],""child.listener_count"":[],""wrapper.rss_bytes"":[],""wrapper.threads"":[],""wrapper.fd_count"":[],""wrapper.listener_count"":[],""cgroup.memory_current_bytes"":[],""cgroup.sum_leaf_lifetime_memory_peak_bytes"":[],""cgroup.memory_swap_current_bytes"":[],""cgroup.pids_current"":[],""cgroup.cpu.usage_usec"":[],""cgroup.cpu.user_usec"":[],""cgroup.cpu.system_usec"":[],""cgroup.cpu.nr_periods"":[],""cgroup.cpu.nr_throttled"":[],""cgroup.cpu.throttled_usec"":[]}","[""eef4f8cfb1ae7e1d49a4f7e15f0f4f6aaa41f709fd0353a68e79329a84ff2935""]",1
3,2,lsf,8,ready,before,12713984,7,24,1,3801088,3,33,1,3231744,6828032,0,10,82114,32845,49268,14,0,0,"{""child.rss_bytes"":[],""child.threads"":[],""child.fd_count"":[],""child.listener_count"":[],""wrapper.rss_bytes"":[],""wrapper.threads"":[],""wrapper.fd_count"":[],""wrapper.listener_count"":[],""cgroup.memory_current_bytes"":[],""cgroup.sum_leaf_lifetime_memory_peak_bytes"":[],""cgroup.memory_swap_current_bytes"":[],""cgroup.pids_current"":[],""cgroup.cpu.usage_usec"":[],""cgroup.cpu.user_usec"":[],""cgroup.cpu.system_usec"":[],""cgroup.cpu.nr_periods"":[],""cgroup.cpu.nr_throttled"":[],""cgroup.cpu.throttled_usec"":[]}","[""f4da17c1ab7f5c25075ecbebaad5de43ff88fe0dce4f05b07bfa41c0c8dec1be""]",1
3,2,lsf,8,ready,after,12713984,7,24,1,3932160,3,33,1,3489792,6828032,0,10,94530,33739,60790,19,0,0,"{""child.rss_bytes"":[],""child.threads"":[],""child.fd_count"":[],""child.listener_count"":[],""wrapper.rss_bytes"":[],""wrapper.threads"":[],""wrapper.fd_count"":[],""wrapper.listener_count"":[],""cgroup.memory_current_bytes"":[],""cgroup.sum_leaf_lifetime_memory_peak_bytes"":[],""cgroup.memory_swap_current_bytes"":[],""cgroup.pids_current"":[],""cgroup.cpu.usage_usec"":[],""cgroup.cpu.user_usec"":[],""cgroup.cpu.system_usec"":[],""cgroup.cpu.nr_periods"":[],""cgroup.cpu.nr_throttled"":[],""cgroup.cpu.throttled_usec"":[]}","[""f4da17c1ab7f5c25075ecbebaad5de43ff88fe0dce4f05b07bfa41c0c8dec1be""]",1
3,2,lsf,8,served,before,23687168,7,32,1,3932160,3,33,1,7528448,8585216,0,10,399407,329945,69462,27,0,0,"{""child.rss_bytes"":[],""child.threads"":[],""child.fd_count"":[],""child.listener_count"":[],""wrapper.rss_bytes"":[],""wrapper.threads"":[],""wrapper.fd_count"":[],""wrapper.listener_count"":[],""cgroup.memory_current_bytes"":[],""cgroup.sum_leaf_lifetime_memory_peak_bytes"":[],""cgroup.memory_swap_current_bytes"":[],""cgroup.pids_current"":[],""cgroup.cpu.usage_usec"":[],""cgroup.cpu.user_usec"":[],""cgroup.cpu.system_usec"":[],""cgroup.cpu.nr_periods"":[],""cgroup.cpu.nr_throttled"":[],""cgroup.cpu.throttled_usec"":[]}","[""f4da17c1ab7f5c25075ecbebaad5de43ff88fe0dce4f05b07bfa41c0c8dec1be""]",1
3,2,lsf,8,served,after,23687168,7,32,1,3932160,3,33,1,7565312,8585216,0,10,414245,331396,82849,31,0,0,"{""child.rss_bytes"":[],""child.threads"":[],""child.fd_count"":[],""child.listener_count"":[],""wrapper.rss_bytes"":[],""wrapper.threads"":[],""wrapper.fd_count"":[],""wrapper.listener_count"":[],""cgroup.memory_current_bytes"":[],""cgroup.sum_leaf_lifetime_memory_peak_bytes"":[],""cgroup.memory_swap_current_bytes"":[],""cgroup.pids_current"":[],""cgroup.cpu.usage_usec"":[],""cgroup.cpu.user_usec"":[],""cgroup.cpu.system_usec"":[],""cgroup.cpu.nr_periods"":[],""cgroup.cpu.nr_throttled"":[],""cgroup.cpu.throttled_usec"":[]}","[""f4da17c1ab7f5c25075ecbebaad5de43ff88fe0dce4f05b07bfa41c0c8dec1be""]",1
3,2,lsf,8,final,before,24866816,7,32,1,3932160,3,33,1,8925184,10231808,0,10,470457,348642,121814,36,0,0,"{""child.rss_bytes"":[],""child.threads"":[],""child.fd_count"":[],""child.listener_count"":[],""wrapper.rss_bytes"":[],""wrapper.threads"":[],""wrapper.fd_count"":[],""wrapper.listener_count"":[],""cgroup.memory_current_bytes"":[],""cgroup.sum_leaf_lifetime_memory_peak_bytes"":[],""cgroup.memory_swap_current_bytes"":[],""cgroup.pids_current"":[],""cgroup.cpu.usage_usec"":[],""cgroup.cpu.user_usec"":[],""cgroup.cpu.system_usec"":[],""cgroup.cpu.nr_periods"":[],""cgroup.cpu.nr_throttled"":[],""cgroup.cpu.throttled_usec"":[]}","[""f4da17c1ab7f5c25075ecbebaad5de43ff88fe0dce4f05b07bfa41c0c8dec1be""]",1
3,2,lsf,8,final,after,24866816,7,32,1,3932160,3,33,1,8953856,10231808,0,10,483106,348677,134429,40,0,0,"{""child.rss_bytes"":[],""child.threads"":[],""child.fd_count"":[],""child.listener_count"":[],""wrapper.rss_bytes"":[],""wrapper.threads"":[],""wrapper.fd_count"":[],""wrapper.listener_count"":[],""cgroup.memory_current_bytes"":[],""cgroup.sum_leaf_lifetime_memory_peak_bytes"":[],""cgroup.memory_swap_current_bytes"":[],""cgroup.pids_current"":[],""cgroup.cpu.usage_usec"":[],""cgroup.cpu.user_usec"":[],""cgroup.cpu.system_usec"":[],""cgroup.cpu.nr_periods"":[],""cgroup.cpu.nr_throttled"":[],""cgroup.cpu.throttled_usec"":[]}","[""f4da17c1ab7f5c25075ecbebaad5de43ff88fe0dce4f05b07bfa41c0c8dec1be""]",1
3,3,native,8,ready,before,36962304,24,88,8,29229056,24,152,8,12705792,50155520,0,48,474555,114150,360400,44,0,0,"{""child.rss_bytes"":[],""child.threads"":[],""child.fd_count"":[],""child.listener_count"":[],""wrapper.rss_bytes"":[],""wrapper.threads"":[],""wrapper.fd_count"":[],""wrapper.listener_count"":[],""cgroup.memory_current_bytes"":[],""cgroup.sum_leaf_lifetime_memory_peak_bytes"":[],""cgroup.memory_swap_current_bytes"":[],""cgroup.pids_current"":[],""cgroup.cpu.usage_usec"":[],""cgroup.cpu.user_usec"":[],""cgroup.cpu.system_usec"":[],""cgroup.cpu.nr_periods"":[],""cgroup.cpu.nr_throttled"":[],""cgroup.cpu.throttled_usec"":[]}","[""172ce7f9b6491aba96807954c82c292875343440104e746a8e6b3d529a6861a9"",""1b4c513ea3e84dd1ea9e9aeb91b4b2d572d0dd720a44fe0f45bce17220875306"",""97080f84a78eb1b0bad2f9e4e52c2eafa587a516cafe41ed5dda7c1506b42362"",""f31ced16b3f6b7a871917c5dea54197b1a692400a66fe334fa99cbb1db0943e6"",""2df8307fbce359b1158f14f5bd95cbfee265a1c8e9e94fd021c56dd31a860824"",""42f6a17a0e49d0e2427a0c86a363c2cb5fb78be0a15a6f94d2c885d3d83d6b05"",""d7f3bbd264a85138724a35403229ddec9a5d62e90aa1fec92135286563c5b2db"",""ed57564d5e35b2ebd828a6b8b271174009bf79350e07d5ac3e7dc99e04c52ba7""]",8
3,3,native,8,ready,after,36962304,24,88,8,30277632,24,152,8,14221312,50155520,0,48,548989,122178,426804,60,0,0,"{""child.rss_bytes"":[],""child.threads"":[],""child.fd_count"":[],""child.listener_count"":[],""wrapper.rss_bytes"":[],""wrapper.threads"":[],""wrapper.fd_count"":[],""wrapper.listener_count"":[],""cgroup.memory_current_bytes"":[],""cgroup.sum_leaf_lifetime_memory_peak_bytes"":[],""cgroup.memory_swap_current_bytes"":[],""cgroup.pids_current"":[],""cgroup.cpu.usage_usec"":[],""cgroup.cpu.user_usec"":[],""cgroup.cpu.system_usec"":[],""cgroup.cpu.nr_periods"":[],""cgroup.cpu.nr_throttled"":[],""cgroup.cpu.throttled_usec"":[]}","[""172ce7f9b6491aba96807954c82c292875343440104e746a8e6b3d529a6861a9"",""1b4c513ea3e84dd1ea9e9aeb91b4b2d572d0dd720a44fe0f45bce17220875306"",""97080f84a78eb1b0bad2f9e4e52c2eafa587a516cafe41ed5dda7c1506b42362"",""f31ced16b3f6b7a871917c5dea54197b1a692400a66fe334fa99cbb1db0943e6"",""2df8307fbce359b1158f14f5bd95cbfee265a1c8e9e94fd021c56dd31a860824"",""42f6a17a0e49d0e2427a0c86a363c2cb5fb78be0a15a6f94d2c885d3d83d6b05"",""d7f3bbd264a85138724a35403229ddec9a5d62e90aa1fec92135286563c5b2db"",""ed57564d5e35b2ebd828a6b8b271174009bf79350e07d5ac3e7dc99e04c52ba7""]",8
3,3,native,8,served,before,37355520,24,88,8,30277632,24,152,8,14602240,50155520,0,48,629636,129227,500407,76,0,0,"{""child.rss_bytes"":[],""child.threads"":[],""child.fd_count"":[],""child.listener_count"":[],""wrapper.rss_bytes"":[],""wrapper.threads"":[],""wrapper.fd_count"":[],""wrapper.listener_count"":[],""cgroup.memory_current_bytes"":[],""cgroup.sum_leaf_lifetime_memory_peak_bytes"":[],""cgroup.memory_swap_current_bytes"":[],""cgroup.pids_current"":[],""cgroup.cpu.usage_usec"":[],""cgroup.cpu.user_usec"":[],""cgroup.cpu.system_usec"":[],""cgroup.cpu.nr_periods"":[],""cgroup.cpu.nr_throttled"":[],""cgroup.cpu.throttled_usec"":[]}","[""172ce7f9b6491aba96807954c82c292875343440104e746a8e6b3d529a6861a9"",""1b4c513ea3e84dd1ea9e9aeb91b4b2d572d0dd720a44fe0f45bce17220875306"",""97080f84a78eb1b0bad2f9e4e52c2eafa587a516cafe41ed5dda7c1506b42362"",""f31ced16b3f6b7a871917c5dea54197b1a692400a66fe334fa99cbb1db0943e6"",""2df8307fbce359b1158f14f5bd95cbfee265a1c8e9e94fd021c56dd31a860824"",""42f6a17a0e49d0e2427a0c86a363c2cb5fb78be0a15a6f94d2c885d3d83d6b05"",""d7f3bbd264a85138724a35403229ddec9a5d62e90aa1fec92135286563c5b2db"",""ed57564d5e35b2ebd828a6b8b271174009bf79350e07d5ac3e7dc99e04c52ba7""]",8
3,3,native,8,served,after,37355520,24,88,8,30277632,24,152,8,14721024,50155520,0,48,704035,130126,573905,92,0,0,"{""child.rss_bytes"":[],""child.threads"":[],""child.fd_count"":[],""child.listener_count"":[],""wrapper.rss_bytes"":[],""wrapper.threads"":[],""wrapper.fd_count"":[],""wrapper.listener_count"":[],""cgroup.memory_current_bytes"":[],""cgroup.sum_leaf_lifetime_memory_peak_bytes"":[],""cgroup.memory_swap_current_bytes"":[],""cgroup.pids_current"":[],""cgroup.cpu.usage_usec"":[],""cgroup.cpu.user_usec"":[],""cgroup.cpu.system_usec"":[],""cgroup.cpu.nr_periods"":[],""cgroup.cpu.nr_throttled"":[],""cgroup.cpu.throttled_usec"":[]}","[""172ce7f9b6491aba96807954c82c292875343440104e746a8e6b3d529a6861a9"",""1b4c513ea3e84dd1ea9e9aeb91b4b2d572d0dd720a44fe0f45bce17220875306"",""97080f84a78eb1b0bad2f9e4e52c2eafa587a516cafe41ed5dda7c1506b42362"",""f31ced16b3f6b7a871917c5dea54197b1a692400a66fe334fa99cbb1db0943e6"",""2df8307fbce359b1158f14f5bd95cbfee265a1c8e9e94fd021c56dd31a860824"",""42f6a17a0e49d0e2427a0c86a363c2cb5fb78be0a15a6f94d2c885d3d83d6b05"",""d7f3bbd264a85138724a35403229ddec9a5d62e90aa1fec92135286563c5b2db"",""ed57564d5e35b2ebd828a6b8b271174009bf79350e07d5ac3e7dc99e04c52ba7""]",8
3,3,native,8,final,before,37355520,24,88,8,30277632,24,152,8,14970880,50155520,0,48,791483,148198,643281,123,0,0,"{""child.rss_bytes"":[],""child.threads"":[],""child.fd_count"":[],""child.listener_count"":[],""wrapper.rss_bytes"":[],""wrapper.threads"":[],""wrapper.fd_count"":[],""wrapper.listener_count"":[],""cgroup.memory_current_bytes"":[],""cgroup.sum_leaf_lifetime_memory_peak_bytes"":[],""cgroup.memory_swap_current_bytes"":[],""cgroup.pids_current"":[],""cgroup.cpu.usage_usec"":[],""cgroup.cpu.user_usec"":[],""cgroup.cpu.system_usec"":[],""cgroup.cpu.nr_periods"":[],""cgroup.cpu.nr_throttled"":[],""cgroup.cpu.throttled_usec"":[]}","[""172ce7f9b6491aba96807954c82c292875343440104e746a8e6b3d529a6861a9"",""1b4c513ea3e84dd1ea9e9aeb91b4b2d572d0dd720a44fe0f45bce17220875306"",""97080f84a78eb1b0bad2f9e4e52c2eafa587a516cafe41ed5dda7c1506b42362"",""f31ced16b3f6b7a871917c5dea54197b1a692400a66fe334fa99cbb1db0943e6"",""2df8307fbce359b1158f14f5bd95cbfee265a1c8e9e94fd021c56dd31a860824"",""42f6a17a0e49d0e2427a0c86a363c2cb5fb78be0a15a6f94d2c885d3d83d6b05"",""d7f3bbd264a85138724a35403229ddec9a5d62e90aa1fec92135286563c5b2db"",""ed57564d5e35b2ebd828a6b8b271174009bf79350e07d5ac3e7dc99e04c52ba7""]",8
3,3,native,8,final,after,37355520,24,88,8,30277632,24,152,8,15360000,50155520,0,48,864364,149716,714643,140,0,0,"{""child.rss_bytes"":[],""child.threads"":[],""child.fd_count"":[],""child.listener_count"":[],""wrapper.rss_bytes"":[],""wrapper.threads"":[],""wrapper.fd_count"":[],""wrapper.listener_count"":[],""cgroup.memory_current_bytes"":[],""cgroup.sum_leaf_lifetime_memory_peak_bytes"":[],""cgroup.memory_swap_current_bytes"":[],""cgroup.pids_current"":[],""cgroup.cpu.usage_usec"":[],""cgroup.cpu.user_usec"":[],""cgroup.cpu.system_usec"":[],""cgroup.cpu.nr_periods"":[],""cgroup.cpu.nr_throttled"":[],""cgroup.cpu.throttled_usec"":[]}","[""172ce7f9b6491aba96807954c82c292875343440104e746a8e6b3d529a6861a9"",""1b4c513ea3e84dd1ea9e9aeb91b4b2d572d0dd720a44fe0f45bce17220875306"",""97080f84a78eb1b0bad2f9e4e52c2eafa587a516cafe41ed5dda7c1506b42362"",""f31ced16b3f6b7a871917c5dea54197b1a692400a66fe334fa99cbb1db0943e6"",""2df8307fbce359b1158f14f5bd95cbfee265a1c8e9e94fd021c56dd31a860824"",""42f6a17a0e49d0e2427a0c86a363c2cb5fb78be0a15a6f94d2c885d3d83d6b05"",""d7f3bbd264a85138724a35403229ddec9a5d62e90aa1fec92135286563c5b2db"",""ed57564d5e35b2ebd828a6b8b271174009bf79350e07d5ac3e7dc99e04c52ba7""]",8
3,4,native,32,ready,before,146276352,96,352,32,116523008,96,608,32,51208192,187052032,0,192,2105733,463819,1641903,270,67,3080739,"{""child.rss_bytes"":[],""child.threads"":[],""child.fd_count"":[],""child.listener_count"":[],""wrapper.rss_bytes"":[],""wrapper.threads"":[],""wrapper.fd_count"":[],""wrapper.listener_count"":[],""cgroup.memory_current_bytes"":[],""cgroup.sum_leaf_lifetime_memory_peak_bytes"":[],""cgroup.memory_swap_current_bytes"":[],""cgroup.pids_current"":[],""cgroup.cpu.usage_usec"":[],""cgroup.cpu.user_usec"":[],""cgroup.cpu.system_usec"":[],""cgroup.cpu.nr_periods"":[],""cgroup.cpu.nr_throttled"":[],""cgroup.cpu.throttled_usec"":[]}","[""e61f282df1d60b15dc803a6b4ae6e701ca5df59dd98972c32be18779b88793e6"",""b6f985abcdabc7c622b32405e0db585dc5a6431b3ce77affa71cf5211acf2d91"",""7e1528af38efed2909bec9762cdd75537a81ac2d54a03a8cca87bd75d512f3d6"",""e334078c5758da2e0102070677ea1926e86385ba4f9410377af048d531209407"",""59727a1e57ae2cdb1f95315ca92e7bb04ef0ee7addca80b4bd81a6b5644ea66a"",""064e7e26199dcc99cc043e83301f6398bf3ff2f04cb172b425ebb66557e07421"",""d58a0abbe976807190f4f387d006c376a666ee881ca7fc3897449a1a0b363bd5"",""bd2db2bd21f8ed48400ead535c6a1d12e7e3630cf14a618b0cdf27dedbc19d06"",""83b9bc0e0c2e4fb81f5f6f25489ef69cb8356e133981e98c44ad349b50da8b4c"",""57ebf1dc47e0eb10a7b38545b4c2bbf680936480b60281729dee1aa221533f23"",""0495f4613cd4c22a6fc407c345302da1c8dfabf17ff75fc455363487ef6b2be9"",""8f4480838bd62e790a643d06db21144bb0fdbe9e6d49ac69df9e7cf47b432a75"",""5d106af588f41fd693809d865bfae4fe78c89fdb3d17b026193bffbfa3030960"",""e2382de7e301dee2a696f867d596dae7398488fa411248932afb53e672531ed7"",""6381ea6173691a73250142c8ef494a38f347dbc78de34dc512bec8b2727007e7"",""10d860b9ead5a56e73521d86dcc137dd766480b2d94c61273b2923c091642733"",""9cd1c2151710452a2759b440af7b31086a79978b89a4751772429cea17173b26"",""590a0105b047665e6694187128e82cf6589ee52ce05de186da944ee187898a7d"",""7676bab6e509926b22f0c107f1b5062a5a749043046f86965eb96aa7c852479b"",""ad6c5663c8e2b449e15709175d694ed5f167d9049cd024c5238f19cd9a99e3a4"",""fa58632a4b4afff35a240f21dc52e626420e6d6527cd4b77d65d567c0f5dfa1f"",""d8690d68b34b45688272b6ecb295e0d518786bbff0a0a73a7aea314cec166efb"",""00e4a093bd86119aece498636a979905c36aca2417e6a798d9e2b7f6d3143801"",""7c86c255425eb4a643901c26d6d59ff3e19a002996a172154db3f6509aef4c29"",""a0a4ded77df6360f3414a801b7d818b5c81c2af37da0629f7da29095a656acef"",""e0994ea6556dab03445132e9c24104649a47c4a5b1bf61f2aac4117c3510821c"",""a091e7f399c86ec8474c276e3fecafa8c32205b793e8a86e57d74b3bb90623fc"",""620fe9a0bebfab98dc5115d6c67f6820551b91997d2bbc73796f26fd4725ee4f"",""6c84891f83e08e29da5b924926521275f820eca5f852c094210d877b77b8e10d"",""63180e2ac8cf189c0ba1b1e49175a39cec0b1206b2dd8ec2af80051fa14ac239"",""2bc724d62f74ae4ea4f3ee9df22f3f3df291314343312e3a3567c5a16c205ba8"",""33ea98bcdd7304bd60dbad320bf1202f3e42cdc08c31fb06a1a1803b2e2d85f2""]",32
3,4,native,32,ready,after,146276352,96,352,32,119930880,96,608,32,56868864,187052032,0,192,2426128,477627,1948487,336,68,3108842,"{""child.rss_bytes"":[],""child.threads"":[],""child.fd_count"":[],""child.listener_count"":[],""wrapper.rss_bytes"":[],""wrapper.threads"":[],""wrapper.fd_count"":[],""wrapper.listener_count"":[],""cgroup.memory_current_bytes"":[],""cgroup.sum_leaf_lifetime_memory_peak_bytes"":[],""cgroup.memory_swap_current_bytes"":[],""cgroup.pids_current"":[],""cgroup.cpu.usage_usec"":[],""cgroup.cpu.user_usec"":[],""cgroup.cpu.system_usec"":[],""cgroup.cpu.nr_periods"":[],""cgroup.cpu.nr_throttled"":[],""cgroup.cpu.throttled_usec"":[]}","[""e61f282df1d60b15dc803a6b4ae6e701ca5df59dd98972c32be18779b88793e6"",""b6f985abcdabc7c622b32405e0db585dc5a6431b3ce77affa71cf5211acf2d91"",""7e1528af38efed2909bec9762cdd75537a81ac2d54a03a8cca87bd75d512f3d6"",""e334078c5758da2e0102070677ea1926e86385ba4f9410377af048d531209407"",""59727a1e57ae2cdb1f95315ca92e7bb04ef0ee7addca80b4bd81a6b5644ea66a"",""064e7e26199dcc99cc043e83301f6398bf3ff2f04cb172b425ebb66557e07421"",""d58a0abbe976807190f4f387d006c376a666ee881ca7fc3897449a1a0b363bd5"",""bd2db2bd21f8ed48400ead535c6a1d12e7e3630cf14a618b0cdf27dedbc19d06"",""83b9bc0e0c2e4fb81f5f6f25489ef69cb8356e133981e98c44ad349b50da8b4c"",""57ebf1dc47e0eb10a7b38545b4c2bbf680936480b60281729dee1aa221533f23"",""0495f4613cd4c22a6fc407c345302da1c8dfabf17ff75fc455363487ef6b2be9"",""8f4480838bd62e790a643d06db21144bb0fdbe9e6d49ac69df9e7cf47b432a75"",""5d106af588f41fd693809d865bfae4fe78c89fdb3d17b026193bffbfa3030960"",""e2382de7e301dee2a696f867d596dae7398488fa411248932afb53e672531ed7"",""6381ea6173691a73250142c8ef494a38f347dbc78de34dc512bec8b2727007e7"",""10d860b9ead5a56e73521d86dcc137dd766480b2d94c61273b2923c091642733"",""9cd1c2151710452a2759b440af7b31086a79978b89a4751772429cea17173b26"",""590a0105b047665e6694187128e82cf6589ee52ce05de186da944ee187898a7d"",""7676bab6e509926b22f0c107f1b5062a5a749043046f86965eb96aa7c852479b"",""ad6c5663c8e2b449e15709175d694ed5f167d9049cd024c5238f19cd9a99e3a4"",""fa58632a4b4afff35a240f21dc52e626420e6d6527cd4b77d65d567c0f5dfa1f"",""d8690d68b34b45688272b6ecb295e0d518786bbff0a0a73a7aea314cec166efb"",""00e4a093bd86119aece498636a979905c36aca2417e6a798d9e2b7f6d3143801"",""7c86c255425eb4a643901c26d6d59ff3e19a002996a172154db3f6509aef4c29"",""a0a4ded77df6360f3414a801b7d818b5c81c2af37da0629f7da29095a656acef"",""e0994ea6556dab03445132e9c24104649a47c4a5b1bf61f2aac4117c3510821c"",""a091e7f399c86ec8474c276e3fecafa8c32205b793e8a86e57d74b3bb90623fc"",""620fe9a0bebfab98dc5115d6c67f6820551b91997d2bbc73796f26fd4725ee4f"",""6c84891f83e08e29da5b924926521275f820eca5f852c094210d877b77b8e10d"",""63180e2ac8cf189c0ba1b1e49175a39cec0b1206b2dd8ec2af80051fa14ac239"",""2bc724d62f74ae4ea4f3ee9df22f3f3df291314343312e3a3567c5a16c205ba8"",""33ea98bcdd7304bd60dbad320bf1202f3e42cdc08c31fb06a1a1803b2e2d85f2""]",32
3,4,native,32,served,before,148635648,96,352,32,120586240,96,608,32,58662912,187052032,0,192,2743344,489521,2253811,413,68,3108842,"{""child.rss_bytes"":[],""child.threads"":[],""child.fd_count"":[],""child.listener_count"":[],""wrapper.rss_bytes"":[],""wrapper.threads"":[],""wrapper.fd_count"":[],""wrapper.listener_count"":[],""cgroup.memory_current_bytes"":[],""cgroup.sum_leaf_lifetime_memory_peak_bytes"":[],""cgroup.memory_swap_current_bytes"":[],""cgroup.pids_current"":[],""cgroup.cpu.usage_usec"":[],""cgroup.cpu.user_usec"":[],""cgroup.cpu.system_usec"":[],""cgroup.cpu.nr_periods"":[],""cgroup.cpu.nr_throttled"":[],""cgroup.cpu.throttled_usec"":[]}","[""e61f282df1d60b15dc803a6b4ae6e701ca5df59dd98972c32be18779b88793e6"",""b6f985abcdabc7c622b32405e0db585dc5a6431b3ce77affa71cf5211acf2d91"",""7e1528af38efed2909bec9762cdd75537a81ac2d54a03a8cca87bd75d512f3d6"",""e334078c5758da2e0102070677ea1926e86385ba4f9410377af048d531209407"",""59727a1e57ae2cdb1f95315ca92e7bb04ef0ee7addca80b4bd81a6b5644ea66a"",""064e7e26199dcc99cc043e83301f6398bf3ff2f04cb172b425ebb66557e07421"",""d58a0abbe976807190f4f387d006c376a666ee881ca7fc3897449a1a0b363bd5"",""bd2db2bd21f8ed48400ead535c6a1d12e7e3630cf14a618b0cdf27dedbc19d06"",""83b9bc0e0c2e4fb81f5f6f25489ef69cb8356e133981e98c44ad349b50da8b4c"",""57ebf1dc47e0eb10a7b38545b4c2bbf680936480b60281729dee1aa221533f23"",""0495f4613cd4c22a6fc407c345302da1c8dfabf17ff75fc455363487ef6b2be9"",""8f4480838bd62e790a643d06db21144bb0fdbe9e6d49ac69df9e7cf47b432a75"",""5d106af588f41fd693809d865bfae4fe78c89fdb3d17b026193bffbfa3030960"",""e2382de7e301dee2a696f867d596dae7398488fa411248932afb53e672531ed7"",""6381ea6173691a73250142c8ef494a38f347dbc78de34dc512bec8b2727007e7"",""10d860b9ead5a56e73521d86dcc137dd766480b2d94c61273b2923c091642733"",""9cd1c2151710452a2759b440af7b31086a79978b89a4751772429cea17173b26"",""590a0105b047665e6694187128e82cf6589ee52ce05de186da944ee187898a7d"",""7676bab6e509926b22f0c107f1b5062a5a749043046f86965eb96aa7c852479b"",""ad6c5663c8e2b449e15709175d694ed5f167d9049cd024c5238f19cd9a99e3a4"",""fa58632a4b4afff35a240f21dc52e626420e6d6527cd4b77d65d567c0f5dfa1f"",""d8690d68b34b45688272b6ecb295e0d518786bbff0a0a73a7aea314cec166efb"",""00e4a093bd86119aece498636a979905c36aca2417e6a798d9e2b7f6d3143801"",""7c86c255425eb4a643901c26d6d59ff3e19a002996a172154db3f6509aef4c29"",""a0a4ded77df6360f3414a801b7d818b5c81c2af37da0629f7da29095a656acef"",""e0994ea6556dab03445132e9c24104649a47c4a5b1bf61f2aac4117c3510821c"",""a091e7f399c86ec8474c276e3fecafa8c32205b793e8a86e57d74b3bb90623fc"",""620fe9a0bebfab98dc5115d6c67f6820551b91997d2bbc73796f26fd4725ee4f"",""6c84891f83e08e29da5b924926521275f820eca5f852c094210d877b77b8e10d"",""63180e2ac8cf189c0ba1b1e49175a39cec0b1206b2dd8ec2af80051fa14ac239"",""2bc724d62f74ae4ea4f3ee9df22f3f3df291314343312e3a3567c5a16c205ba8"",""33ea98bcdd7304bd60dbad320bf1202f3e42cdc08c31fb06a1a1803b2e2d85f2""]",32
3,4,native,32,served,after,148635648,96,352,32,120586240,96,608,32,59224064,187052032,0,192,3059063,503945,2555103,481,68,3108842,"{""child.rss_bytes"":[],""child.threads"":[],""child.fd_count"":[],""child.listener_count"":[],""wrapper.rss_bytes"":[],""wrapper.threads"":[],""wrapper.fd_count"":[],""wrapper.listener_count"":[],""cgroup.memory_current_bytes"":[],""cgroup.sum_leaf_lifetime_memory_peak_bytes"":[],""cgroup.memory_swap_current_bytes"":[],""cgroup.pids_current"":[],""cgroup.cpu.usage_usec"":[],""cgroup.cpu.user_usec"":[],""cgroup.cpu.system_usec"":[],""cgroup.cpu.nr_periods"":[],""cgroup.cpu.nr_throttled"":[],""cgroup.cpu.throttled_usec"":[]}","[""e61f282df1d60b15dc803a6b4ae6e701ca5df59dd98972c32be18779b88793e6"",""b6f985abcdabc7c622b32405e0db585dc5a6431b3ce77affa71cf5211acf2d91"",""7e1528af38efed2909bec9762cdd75537a81ac2d54a03a8cca87bd75d512f3d6"",""e334078c5758da2e0102070677ea1926e86385ba4f9410377af048d531209407"",""59727a1e57ae2cdb1f95315ca92e7bb04ef0ee7addca80b4bd81a6b5644ea66a"",""064e7e26199dcc99cc043e83301f6398bf3ff2f04cb172b425ebb66557e07421"",""d58a0abbe976807190f4f387d006c376a666ee881ca7fc3897449a1a0b363bd5"",""bd2db2bd21f8ed48400ead535c6a1d12e7e3630cf14a618b0cdf27dedbc19d06"",""83b9bc0e0c2e4fb81f5f6f25489ef69cb8356e133981e98c44ad349b50da8b4c"",""57ebf1dc47e0eb10a7b38545b4c2bbf680936480b60281729dee1aa221533f23"",""0495f4613cd4c22a6fc407c345302da1c8dfabf17ff75fc455363487ef6b2be9"",""8f4480838bd62e790a643d06db21144bb0fdbe9e6d49ac69df9e7cf47b432a75"",""5d106af588f41fd693809d865bfae4fe78c89fdb3d17b026193bffbfa3030960"",""e2382de7e301dee2a696f867d596dae7398488fa411248932afb53e672531ed7"",""6381ea6173691a73250142c8ef494a38f347dbc78de34dc512bec8b2727007e7"",""10d860b9ead5a56e73521d86dcc137dd766480b2d94c61273b2923c091642733"",""9cd1c2151710452a2759b440af7b31086a79978b89a4751772429cea17173b26"",""590a0105b047665e6694187128e82cf6589ee52ce05de186da944ee187898a7d"",""7676bab6e509926b22f0c107f1b5062a5a749043046f86965eb96aa7c852479b"",""ad6c5663c8e2b449e15709175d694ed5f167d9049cd024c5238f19cd9a99e3a4"",""fa58632a4b4afff35a240f21dc52e626420e6d6527cd4b77d65d567c0f5dfa1f"",""d8690d68b34b45688272b6ecb295e0d518786bbff0a0a73a7aea314cec166efb"",""00e4a093bd86119aece498636a979905c36aca2417e6a798d9e2b7f6d3143801"",""7c86c255425eb4a643901c26d6d59ff3e19a002996a172154db3f6509aef4c29"",""a0a4ded77df6360f3414a801b7d818b5c81c2af37da0629f7da29095a656acef"",""e0994ea6556dab03445132e9c24104649a47c4a5b1bf61f2aac4117c3510821c"",""a091e7f399c86ec8474c276e3fecafa8c32205b793e8a86e57d74b3bb90623fc"",""620fe9a0bebfab98dc5115d6c67f6820551b91997d2bbc73796f26fd4725ee4f"",""6c84891f83e08e29da5b924926521275f820eca5f852c094210d877b77b8e10d"",""63180e2ac8cf189c0ba1b1e49175a39cec0b1206b2dd8ec2af80051fa14ac239"",""2bc724d62f74ae4ea4f3ee9df22f3f3df291314343312e3a3567c5a16c205ba8"",""33ea98bcdd7304bd60dbad320bf1202f3e42cdc08c31fb06a1a1803b2e2d85f2""]",32
3,4,native,32,final,before,148766720,96,352,32,120717312,96,608,32,60264448,187052032,0,192,3419690,555150,2864525,612,69,3108842,"{""child.rss_bytes"":[],""child.threads"":[],""child.fd_count"":[],""child.listener_count"":[],""wrapper.rss_bytes"":[],""wrapper.threads"":[],""wrapper.fd_count"":[],""wrapper.listener_count"":[],""cgroup.memory_current_bytes"":[],""cgroup.sum_leaf_lifetime_memory_peak_bytes"":[],""cgroup.memory_swap_current_bytes"":[],""cgroup.pids_current"":[],""cgroup.cpu.usage_usec"":[],""cgroup.cpu.user_usec"":[],""cgroup.cpu.system_usec"":[],""cgroup.cpu.nr_periods"":[],""cgroup.cpu.nr_throttled"":[],""cgroup.cpu.throttled_usec"":[]}","[""e61f282df1d60b15dc803a6b4ae6e701ca5df59dd98972c32be18779b88793e6"",""b6f985abcdabc7c622b32405e0db585dc5a6431b3ce77affa71cf5211acf2d91"",""7e1528af38efed2909bec9762cdd75537a81ac2d54a03a8cca87bd75d512f3d6"",""e334078c5758da2e0102070677ea1926e86385ba4f9410377af048d531209407"",""59727a1e57ae2cdb1f95315ca92e7bb04ef0ee7addca80b4bd81a6b5644ea66a"",""064e7e26199dcc99cc043e83301f6398bf3ff2f04cb172b425ebb66557e07421"",""d58a0abbe976807190f4f387d006c376a666ee881ca7fc3897449a1a0b363bd5"",""bd2db2bd21f8ed48400ead535c6a1d12e7e3630cf14a618b0cdf27dedbc19d06"",""83b9bc0e0c2e4fb81f5f6f25489ef69cb8356e133981e98c44ad349b50da8b4c"",""57ebf1dc47e0eb10a7b38545b4c2bbf680936480b60281729dee1aa221533f23"",""0495f4613cd4c22a6fc407c345302da1c8dfabf17ff75fc455363487ef6b2be9"",""8f4480838bd62e790a643d06db21144bb0fdbe9e6d49ac69df9e7cf47b432a75"",""5d106af588f41fd693809d865bfae4fe78c89fdb3d17b026193bffbfa3030960"",""e2382de7e301dee2a696f867d596dae7398488fa411248932afb53e672531ed7"",""6381ea6173691a73250142c8ef494a38f347dbc78de34dc512bec8b2727007e7"",""10d860b9ead5a56e73521d86dcc137dd766480b2d94c61273b2923c091642733"",""9cd1c2151710452a2759b440af7b31086a79978b89a4751772429cea17173b26"",""590a0105b047665e6694187128e82cf6589ee52ce05de186da944ee187898a7d"",""7676bab6e509926b22f0c107f1b5062a5a749043046f86965eb96aa7c852479b"",""ad6c5663c8e2b449e15709175d694ed5f167d9049cd024c5238f19cd9a99e3a4"",""fa58632a4b4afff35a240f21dc52e626420e6d6527cd4b77d65d567c0f5dfa1f"",""d8690d68b34b45688272b6ecb295e0d518786bbff0a0a73a7aea314cec166efb"",""00e4a093bd86119aece498636a979905c36aca2417e6a798d9e2b7f6d3143801"",""7c86c255425eb4a643901c26d6d59ff3e19a002996a172154db3f6509aef4c29"",""a0a4ded77df6360f3414a801b7d818b5c81c2af37da0629f7da29095a656acef"",""e0994ea6556dab03445132e9c24104649a47c4a5b1bf61f2aac4117c3510821c"",""a091e7f399c86ec8474c276e3fecafa8c32205b793e8a86e57d74b3bb90623fc"",""620fe9a0bebfab98dc5115d6c67f6820551b91997d2bbc73796f26fd4725ee4f"",""6c84891f83e08e29da5b924926521275f820eca5f852c094210d877b77b8e10d"",""63180e2ac8cf189c0ba1b1e49175a39cec0b1206b2dd8ec2af80051fa14ac239"",""2bc724d62f74ae4ea4f3ee9df22f3f3df291314343312e3a3567c5a16c205ba8"",""33ea98bcdd7304bd60dbad320bf1202f3e42cdc08c31fb06a1a1803b2e2d85f2""]",32
3,4,native,32,final,after,148766720,96,352,32,120717312,96,608,32,60825600,187052032,0,192,3733222,569338,3163869,676,69,3108842,"{""child.rss_bytes"":[],""child.threads"":[],""child.fd_count"":[],""child.listener_count"":[],""wrapper.rss_bytes"":[],""wrapper.threads"":[],""wrapper.fd_count"":[],""wrapper.listener_count"":[],""cgroup.memory_current_bytes"":[],""cgroup.sum_leaf_lifetime_memory_peak_bytes"":[],""cgroup.memory_swap_current_bytes"":[],""cgroup.pids_current"":[],""cgroup.cpu.usage_usec"":[],""cgroup.cpu.user_usec"":[],""cgroup.cpu.system_usec"":[],""cgroup.cpu.nr_periods"":[],""cgroup.cpu.nr_throttled"":[],""cgroup.cpu.throttled_usec"":[]}","[""e61f282df1d60b15dc803a6b4ae6e701ca5df59dd98972c32be18779b88793e6"",""b6f985abcdabc7c622b32405e0db585dc5a6431b3ce77affa71cf5211acf2d91"",""7e1528af38efed2909bec9762cdd75537a81ac2d54a03a8cca87bd75d512f3d6"",""e334078c5758da2e0102070677ea1926e86385ba4f9410377af048d531209407"",""59727a1e57ae2cdb1f95315ca92e7bb04ef0ee7addca80b4bd81a6b5644ea66a"",""064e7e26199dcc99cc043e83301f6398bf3ff2f04cb172b425ebb66557e07421"",""d58a0abbe976807190f4f387d006c376a666ee881ca7fc3897449a1a0b363bd5"",""bd2db2bd21f8ed48400ead535c6a1d12e7e3630cf14a618b0cdf27dedbc19d06"",""83b9bc0e0c2e4fb81f5f6f25489ef69cb8356e133981e98c44ad349b50da8b4c"",""57ebf1dc47e0eb10a7b38545b4c2bbf680936480b60281729dee1aa221533f23"",""0495f4613cd4c22a6fc407c345302da1c8dfabf17ff75fc455363487ef6b2be9"",""8f4480838bd62e790a643d06db21144bb0fdbe9e6d49ac69df9e7cf47b432a75"",""5d106af588f41fd693809d865bfae4fe78c89fdb3d17b026193bffbfa3030960"",""e2382de7e301dee2a696f867d596dae7398488fa411248932afb53e672531ed7"",""6381ea6173691a73250142c8ef494a38f347dbc78de34dc512bec8b2727007e7"",""10d860b9ead5a56e73521d86dcc137dd766480b2d94c61273b2923c091642733"",""9cd1c2151710452a2759b440af7b31086a79978b89a4751772429cea17173b26"",""590a0105b047665e6694187128e82cf6589ee52ce05de186da944ee187898a7d"",""7676bab6e509926b22f0c107f1b5062a5a749043046f86965eb96aa7c852479b"",""ad6c5663c8e2b449e15709175d694ed5f167d9049cd024c5238f19cd9a99e3a4"",""fa58632a4b4afff35a240f21dc52e626420e6d6527cd4b77d65d567c0f5dfa1f"",""d8690d68b34b45688272b6ecb295e0d518786bbff0a0a73a7aea314cec166efb"",""00e4a093bd86119aece498636a979905c36aca2417e6a798d9e2b7f6d3143801"",""7c86c255425eb4a643901c26d6d59ff3e19a002996a172154db3f6509aef4c29"",""a0a4ded77df6360f3414a801b7d818b5c81c2af37da0629f7da29095a656acef"",""e0994ea6556dab03445132e9c24104649a47c4a5b1bf61f2aac4117c3510821c"",""a091e7f399c86ec8474c276e3fecafa8c32205b793e8a86e57d74b3bb90623fc"",""620fe9a0bebfab98dc5115d6c67f6820551b91997d2bbc73796f26fd4725ee4f"",""6c84891f83e08e29da5b924926521275f820eca5f852c094210d877b77b8e10d"",""63180e2ac8cf189c0ba1b1e49175a39cec0b1206b2dd8ec2af80051fa14ac239"",""2bc724d62f74ae4ea4f3ee9df22f3f3df291314343312e3a3567c5a16c205ba8"",""33ea98bcdd7304bd60dbad320bf1202f3e42cdc08c31fb06a1a1803b2e2d85f2""]",32
3,5,lsf,32,ready,before,13578240,7,48,1,4325376,3,81,1,4907008,8167424,0,10,127427,51915,75512,24,0,0,"{""child.rss_bytes"":[],""child.threads"":[],""child.fd_count"":[],""child.listener_count"":[],""wrapper.rss_bytes"":[],""wrapper.threads"":[],""wrapper.fd_count"":[],""wrapper.listener_count"":[],""cgroup.memory_current_bytes"":[],""cgroup.sum_leaf_lifetime_memory_peak_bytes"":[],""cgroup.memory_swap_current_bytes"":[],""cgroup.pids_current"":[],""cgroup.cpu.usage_usec"":[],""cgroup.cpu.user_usec"":[],""cgroup.cpu.system_usec"":[],""cgroup.cpu.nr_periods"":[],""cgroup.cpu.nr_throttled"":[],""cgroup.cpu.throttled_usec"":[]}","[""e54f3081d0ef413902d29a99ce48e65ca43e0cedc570e2ccd7da0f75127224be""]",1
3,5,lsf,32,ready,after,13578240,7,48,1,4587520,3,81,1,5337088,8167424,0,10,138788,52644,86144,30,0,0,"{""child.rss_bytes"":[],""child.threads"":[],""child.fd_count"":[],""child.listener_count"":[],""wrapper.rss_bytes"":[],""wrapper.threads"":[],""wrapper.fd_count"":[],""wrapper.listener_count"":[],""cgroup.memory_current_bytes"":[],""cgroup.sum_leaf_lifetime_memory_peak_bytes"":[],""cgroup.memory_swap_current_bytes"":[],""cgroup.pids_current"":[],""cgroup.cpu.usage_usec"":[],""cgroup.cpu.user_usec"":[],""cgroup.cpu.system_usec"":[],""cgroup.cpu.nr_periods"":[],""cgroup.cpu.nr_throttled"":[],""cgroup.cpu.throttled_usec"":[]}","[""e54f3081d0ef413902d29a99ce48e65ca43e0cedc570e2ccd7da0f75127224be""]",1
3,5,lsf,32,served,before,28139520,7,80,1,4587520,3,81,1,13205504,14360576,0,10,1269414,1158494,110919,46,0,0,"{""child.rss_bytes"":[],""child.threads"":[],""child.fd_count"":[],""child.listener_count"":[],""wrapper.rss_bytes"":[],""wrapper.threads"":[],""wrapper.fd_count"":[],""wrapper.listener_count"":[],""cgroup.memory_current_bytes"":[],""cgroup.sum_leaf_lifetime_memory_peak_bytes"":[],""cgroup.memory_swap_current_bytes"":[],""cgroup.pids_current"":[],""cgroup.cpu.usage_usec"":[],""cgroup.cpu.user_usec"":[],""cgroup.cpu.system_usec"":[],""cgroup.cpu.nr_periods"":[],""cgroup.cpu.nr_throttled"":[],""cgroup.cpu.throttled_usec"":[]}","[""e54f3081d0ef413902d29a99ce48e65ca43e0cedc570e2ccd7da0f75127224be""]",1
3,5,lsf,32,served,after,28139520,7,80,1,4587520,3,81,1,13295616,14360576,0,10,1283197,1164155,119041,50,0,0,"{""child.rss_bytes"":[],""child.threads"":[],""child.fd_count"":[],""child.listener_count"":[],""wrapper.rss_bytes"":[],""wrapper.threads"":[],""wrapper.fd_count"":[],""wrapper.listener_count"":[],""cgroup.memory_current_bytes"":[],""cgroup.sum_leaf_lifetime_memory_peak_bytes"":[],""cgroup.memory_swap_current_bytes"":[],""cgroup.pids_current"":[],""cgroup.cpu.usage_usec"":[],""cgroup.cpu.user_usec"":[],""cgroup.cpu.system_usec"":[],""cgroup.cpu.nr_periods"":[],""cgroup.cpu.nr_throttled"":[],""cgroup.cpu.throttled_usec"":[]}","[""e54f3081d0ef413902d29a99ce48e65ca43e0cedc570e2ccd7da0f75127224be""]",1
3,5,lsf,32,final,before,29319168,7,80,1,4587520,3,81,1,14774272,17723392,0,10,1443657,1249239,194418,54,0,0,"{""child.rss_bytes"":[],""child.threads"":[],""child.fd_count"":[],""child.listener_count"":[],""wrapper.rss_bytes"":[],""wrapper.threads"":[],""wrapper.fd_count"":[],""wrapper.listener_count"":[],""cgroup.memory_current_bytes"":[],""cgroup.sum_leaf_lifetime_memory_peak_bytes"":[],""cgroup.memory_swap_current_bytes"":[],""cgroup.pids_current"":[],""cgroup.cpu.usage_usec"":[],""cgroup.cpu.user_usec"":[],""cgroup.cpu.system_usec"":[],""cgroup.cpu.nr_periods"":[],""cgroup.cpu.nr_throttled"":[],""cgroup.cpu.throttled_usec"":[]}","[""e54f3081d0ef413902d29a99ce48e65ca43e0cedc570e2ccd7da0f75127224be""]",1
3,5,lsf,32,final,after,29319168,7,80,1,4587520,3,81,1,14811136,17723392,0,10,1457911,1254963,202947,58,0,0,"{""child.rss_bytes"":[],""child.threads"":[],""child.fd_count"":[],""child.listener_count"":[],""wrapper.rss_bytes"":[],""wrapper.threads"":[],""wrapper.fd_count"":[],""wrapper.listener_count"":[],""cgroup.memory_current_bytes"":[],""cgroup.sum_leaf_lifetime_memory_peak_bytes"":[],""cgroup.memory_swap_current_bytes"":[],""cgroup.pids_current"":[],""cgroup.cpu.usage_usec"":[],""cgroup.cpu.user_usec"":[],""cgroup.cpu.system_usec"":[],""cgroup.cpu.nr_periods"":[],""cgroup.cpu.nr_throttled"":[],""cgroup.cpu.throttled_usec"":[]}","[""e54f3081d0ef413902d29a99ce48e65ca43e0cedc570e2ccd7da0f75127224be""]",1
4,0,lsf,8,ready,before,12189696,7,24,1,3932160,3,33,1,3239936,7188480,0,10,75989,20048,55940,15,0,0,"{""child.rss_bytes"":[],""child.threads"":[],""child.fd_count"":[],""child.listener_count"":[],""wrapper.rss_bytes"":[],""wrapper.threads"":[],""wrapper.fd_count"":[],""wrapper.listener_count"":[],""cgroup.memory_current_bytes"":[],""cgroup.sum_leaf_lifetime_memory_peak_bytes"":[],""cgroup.memory_swap_current_bytes"":[],""cgroup.pids_current"":[],""cgroup.cpu.usage_usec"":[],""cgroup.cpu.user_usec"":[],""cgroup.cpu.system_usec"":[],""cgroup.cpu.nr_periods"":[],""cgroup.cpu.nr_throttled"":[],""cgroup.cpu.throttled_usec"":[]}","[""9567b570df700aae00ed9d43d130ae0b7b216fb35dd77129424b443406d81b5e""]",1
4,0,lsf,8,ready,after,12189696,7,24,1,4063232,3,33,1,3489792,7188480,0,10,87389,22579,64810,19,0,0,"{""child.rss_bytes"":[],""child.threads"":[],""child.fd_count"":[],""child.listener_count"":[],""wrapper.rss_bytes"":[],""wrapper.threads"":[],""wrapper.fd_count"":[],""wrapper.listener_count"":[],""cgroup.memory_current_bytes"":[],""cgroup.sum_leaf_lifetime_memory_peak_bytes"":[],""cgroup.memory_swap_current_bytes"":[],""cgroup.pids_current"":[],""cgroup.cpu.usage_usec"":[],""cgroup.cpu.user_usec"":[],""cgroup.cpu.system_usec"":[],""cgroup.cpu.nr_periods"":[],""cgroup.cpu.nr_throttled"":[],""cgroup.cpu.throttled_usec"":[]}","[""9567b570df700aae00ed9d43d130ae0b7b216fb35dd77129424b443406d81b5e""]",1
4,0,lsf,8,served,before,23654400,7,32,1,4063232,3,33,1,7536640,8155136,0,10,382252,295937,86315,27,0,0,"{""child.rss_bytes"":[],""child.threads"":[],""child.fd_count"":[],""child.listener_count"":[],""wrapper.rss_bytes"":[],""wrapper.threads"":[],""wrapper.fd_count"":[],""wrapper.listener_count"":[],""cgroup.memory_current_bytes"":[],""cgroup.sum_leaf_lifetime_memory_peak_bytes"":[],""cgroup.memory_swap_current_bytes"":[],""cgroup.pids_current"":[],""cgroup.cpu.usage_usec"":[],""cgroup.cpu.user_usec"":[],""cgroup.cpu.system_usec"":[],""cgroup.cpu.nr_periods"":[],""cgroup.cpu.nr_throttled"":[],""cgroup.cpu.throttled_usec"":[]}","[""9567b570df700aae00ed9d43d130ae0b7b216fb35dd77129424b443406d81b5e""]",1
4,0,lsf,8,served,after,23654400,7,32,1,4063232,3,33,1,7573504,8155136,0,10,392740,297656,95084,30,0,0,"{""child.rss_bytes"":[],""child.threads"":[],""child.fd_count"":[],""child.listener_count"":[],""wrapper.rss_bytes"":[],""wrapper.threads"":[],""wrapper.fd_count"":[],""wrapper.listener_count"":[],""cgroup.memory_current_bytes"":[],""cgroup.sum_leaf_lifetime_memory_peak_bytes"":[],""cgroup.memory_swap_current_bytes"":[],""cgroup.pids_current"":[],""cgroup.cpu.usage_usec"":[],""cgroup.cpu.user_usec"":[],""cgroup.cpu.system_usec"":[],""cgroup.cpu.nr_periods"":[],""cgroup.cpu.nr_throttled"":[],""cgroup.cpu.throttled_usec"":[]}","[""9567b570df700aae00ed9d43d130ae0b7b216fb35dd77129424b443406d81b5e""]",1
4,0,lsf,8,final,before,24965120,7,32,1,4063232,3,33,1,8962048,10403840,0,10,445635,325974,119661,34,0,0,"{""child.rss_bytes"":[],""child.threads"":[],""child.fd_count"":[],""child.listener_count"":[],""wrapper.rss_bytes"":[],""wrapper.threads"":[],""wrapper.fd_count"":[],""wrapper.listener_count"":[],""cgroup.memory_current_bytes"":[],""cgroup.sum_leaf_lifetime_memory_peak_bytes"":[],""cgroup.memory_swap_current_bytes"":[],""cgroup.pids_current"":[],""cgroup.cpu.usage_usec"":[],""cgroup.cpu.user_usec"":[],""cgroup.cpu.system_usec"":[],""cgroup.cpu.nr_periods"":[],""cgroup.cpu.nr_throttled"":[],""cgroup.cpu.throttled_usec"":[]}","[""9567b570df700aae00ed9d43d130ae0b7b216fb35dd77129424b443406d81b5e""]",1
4,0,lsf,8,final,after,24965120,7,32,1,4063232,3,33,1,8986624,10403840,0,10,456702,327995,128706,39,0,0,"{""child.rss_bytes"":[],""child.threads"":[],""child.fd_count"":[],""child.listener_count"":[],""wrapper.rss_bytes"":[],""wrapper.threads"":[],""wrapper.fd_count"":[],""wrapper.listener_count"":[],""cgroup.memory_current_bytes"":[],""cgroup.sum_leaf_lifetime_memory_peak_bytes"":[],""cgroup.memory_swap_current_bytes"":[],""cgroup.pids_current"":[],""cgroup.cpu.usage_usec"":[],""cgroup.cpu.user_usec"":[],""cgroup.cpu.system_usec"":[],""cgroup.cpu.nr_periods"":[],""cgroup.cpu.nr_throttled"":[],""cgroup.cpu.throttled_usec"":[]}","[""9567b570df700aae00ed9d43d130ae0b7b216fb35dd77129424b443406d81b5e""]",1
4,1,native,8,ready,before,36306944,24,88,8,29622272,24,152,8,12734464,49991680,0,48,463711,95944,367763,46,0,0,"{""child.rss_bytes"":[],""child.threads"":[],""child.fd_count"":[],""child.listener_count"":[],""wrapper.rss_bytes"":[],""wrapper.threads"":[],""wrapper.fd_count"":[],""wrapper.listener_count"":[],""cgroup.memory_current_bytes"":[],""cgroup.sum_leaf_lifetime_memory_peak_bytes"":[],""cgroup.memory_swap_current_bytes"":[],""cgroup.pids_current"":[],""cgroup.cpu.usage_usec"":[],""cgroup.cpu.user_usec"":[],""cgroup.cpu.system_usec"":[],""cgroup.cpu.nr_periods"":[],""cgroup.cpu.nr_throttled"":[],""cgroup.cpu.throttled_usec"":[]}","[""ff590db6b6d429b2283daffe0c3dc451f1c2a3219ef1d618e73c9e7be3e855e1"",""5c6b12c1cdc55c09e95f7e3eed29d2b399a15c6d3c0254c412a58babe166852a"",""7a1bdf97c2494ccb2cae9b28aefbe3f2bb3eec26976d73b5478bff7989935745"",""74005bcb85acbb7f36ea21c84e0815ae5c0a6e591e779629dbfabd6e17e5d51e"",""7dbb02130cb88121ccf0b5d01a9c384b6ff713540de12611fa1840051bb42c98"",""e5907e25c16db1d865dd4b8a0a3b5fec75c62e07e9e3c9dc6c0c3947f67f7ee7"",""68888abfe6c3350c88b99f6f0608a10cccf55bdc1e1be0169fa6b451491a6382"",""809000b8fff550e11b9b3e4431ff1722b9a3b79fb7bde41cddbc3503a8b3a00d""]",8
4,1,native,8,ready,after,36306944,24,88,8,30670848,24,152,8,14180352,49991680,0,48,542295,109030,433260,62,0,0,"{""child.rss_bytes"":[],""child.threads"":[],""child.fd_count"":[],""child.listener_count"":[],""wrapper.rss_bytes"":[],""wrapper.threads"":[],""wrapper.fd_count"":[],""wrapper.listener_count"":[],""cgroup.memory_current_bytes"":[],""cgroup.sum_leaf_lifetime_memory_peak_bytes"":[],""cgroup.memory_swap_current_bytes"":[],""cgroup.pids_current"":[],""cgroup.cpu.usage_usec"":[],""cgroup.cpu.user_usec"":[],""cgroup.cpu.system_usec"":[],""cgroup.cpu.nr_periods"":[],""cgroup.cpu.nr_throttled"":[],""cgroup.cpu.throttled_usec"":[]}","[""ff590db6b6d429b2283daffe0c3dc451f1c2a3219ef1d618e73c9e7be3e855e1"",""5c6b12c1cdc55c09e95f7e3eed29d2b399a15c6d3c0254c412a58babe166852a"",""7a1bdf97c2494ccb2cae9b28aefbe3f2bb3eec26976d73b5478bff7989935745"",""74005bcb85acbb7f36ea21c84e0815ae5c0a6e591e779629dbfabd6e17e5d51e"",""7dbb02130cb88121ccf0b5d01a9c384b6ff713540de12611fa1840051bb42c98"",""e5907e25c16db1d865dd4b8a0a3b5fec75c62e07e9e3c9dc6c0c3947f67f7ee7"",""68888abfe6c3350c88b99f6f0608a10cccf55bdc1e1be0169fa6b451491a6382"",""809000b8fff550e11b9b3e4431ff1722b9a3b79fb7bde41cddbc3503a8b3a00d""]",8
4,1,native,8,served,before,36831232,24,88,8,30670848,24,152,8,14843904,49991680,0,48,617313,112882,504426,81,0,0,"{""child.rss_bytes"":[],""child.threads"":[],""child.fd_count"":[],""child.listener_count"":[],""wrapper.rss_bytes"":[],""wrapper.threads"":[],""wrapper.fd_count"":[],""wrapper.listener_count"":[],""cgroup.memory_current_bytes"":[],""cgroup.sum_leaf_lifetime_memory_peak_bytes"":[],""cgroup.memory_swap_current_bytes"":[],""cgroup.pids_current"":[],""cgroup.cpu.usage_usec"":[],""cgroup.cpu.user_usec"":[],""cgroup.cpu.system_usec"":[],""cgroup.cpu.nr_periods"":[],""cgroup.cpu.nr_throttled"":[],""cgroup.cpu.throttled_usec"":[]}","[""ff590db6b6d429b2283daffe0c3dc451f1c2a3219ef1d618e73c9e7be3e855e1"",""5c6b12c1cdc55c09e95f7e3eed29d2b399a15c6d3c0254c412a58babe166852a"",""7a1bdf97c2494ccb2cae9b28aefbe3f2bb3eec26976d73b5478bff7989935745"",""74005bcb85acbb7f36ea21c84e0815ae5c0a6e591e779629dbfabd6e17e5d51e"",""7dbb02130cb88121ccf0b5d01a9c384b6ff713540de12611fa1840051bb42c98"",""e5907e25c16db1d865dd4b8a0a3b5fec75c62e07e9e3c9dc6c0c3947f67f7ee7"",""68888abfe6c3350c88b99f6f0608a10cccf55bdc1e1be0169fa6b451491a6382"",""809000b8fff550e11b9b3e4431ff1722b9a3b79fb7bde41cddbc3503a8b3a00d""]",8
4,1,native,8,served,after,36831232,24,88,8,30670848,24,152,8,14725120,49991680,0,48,694147,121379,572764,98,0,0,"{""child.rss_bytes"":[],""child.threads"":[],""child.fd_count"":[],""child.listener_count"":[],""wrapper.rss_bytes"":[],""wrapper.threads"":[],""wrapper.fd_count"":[],""wrapper.listener_count"":[],""cgroup.memory_current_bytes"":[],""cgroup.sum_leaf_lifetime_memory_peak_bytes"":[],""cgroup.memory_swap_current_bytes"":[],""cgroup.pids_current"":[],""cgroup.cpu.usage_usec"":[],""cgroup.cpu.user_usec"":[],""cgroup.cpu.system_usec"":[],""cgroup.cpu.nr_periods"":[],""cgroup.cpu.nr_throttled"":[],""cgroup.cpu.throttled_usec"":[]}","[""ff590db6b6d429b2283daffe0c3dc451f1c2a3219ef1d618e73c9e7be3e855e1"",""5c6b12c1cdc55c09e95f7e3eed29d2b399a15c6d3c0254c412a58babe166852a"",""7a1bdf97c2494ccb2cae9b28aefbe3f2bb3eec26976d73b5478bff7989935745"",""74005bcb85acbb7f36ea21c84e0815ae5c0a6e591e779629dbfabd6e17e5d51e"",""7dbb02130cb88121ccf0b5d01a9c384b6ff713540de12611fa1840051bb42c98"",""e5907e25c16db1d865dd4b8a0a3b5fec75c62e07e9e3c9dc6c0c3947f67f7ee7"",""68888abfe6c3350c88b99f6f0608a10cccf55bdc1e1be0169fa6b451491a6382"",""809000b8fff550e11b9b3e4431ff1722b9a3b79fb7bde41cddbc3503a8b3a00d""]",8
4,1,native,8,final,before,36962304,24,88,8,30670848,24,152,8,15241216,49991680,0,48,781596,124861,656731,130,0,0,"{""child.rss_bytes"":[],""child.threads"":[],""child.fd_count"":[],""child.listener_count"":[],""wrapper.rss_bytes"":[],""wrapper.threads"":[],""wrapper.fd_count"":[],""wrapper.listener_count"":[],""cgroup.memory_current_bytes"":[],""cgroup.sum_leaf_lifetime_memory_peak_bytes"":[],""cgroup.memory_swap_current_bytes"":[],""cgroup.pids_current"":[],""cgroup.cpu.usage_usec"":[],""cgroup.cpu.user_usec"":[],""cgroup.cpu.system_usec"":[],""cgroup.cpu.nr_periods"":[],""cgroup.cpu.nr_throttled"":[],""cgroup.cpu.throttled_usec"":[]}","[""ff590db6b6d429b2283daffe0c3dc451f1c2a3219ef1d618e73c9e7be3e855e1"",""5c6b12c1cdc55c09e95f7e3eed29d2b399a15c6d3c0254c412a58babe166852a"",""7a1bdf97c2494ccb2cae9b28aefbe3f2bb3eec26976d73b5478bff7989935745"",""74005bcb85acbb7f36ea21c84e0815ae5c0a6e591e779629dbfabd6e17e5d51e"",""7dbb02130cb88121ccf0b5d01a9c384b6ff713540de12611fa1840051bb42c98"",""e5907e25c16db1d865dd4b8a0a3b5fec75c62e07e9e3c9dc6c0c3947f67f7ee7"",""68888abfe6c3350c88b99f6f0608a10cccf55bdc1e1be0169fa6b451491a6382"",""809000b8fff550e11b9b3e4431ff1722b9a3b79fb7bde41cddbc3503a8b3a00d""]",8
4,1,native,8,final,after,36962304,24,88,8,30670848,24,152,8,15089664,49991680,0,48,853987,129888,724094,146,0,0,"{""child.rss_bytes"":[],""child.threads"":[],""child.fd_count"":[],""child.listener_count"":[],""wrapper.rss_bytes"":[],""wrapper.threads"":[],""wrapper.fd_count"":[],""wrapper.listener_count"":[],""cgroup.memory_current_bytes"":[],""cgroup.sum_leaf_lifetime_memory_peak_bytes"":[],""cgroup.memory_swap_current_bytes"":[],""cgroup.pids_current"":[],""cgroup.cpu.usage_usec"":[],""cgroup.cpu.user_usec"":[],""cgroup.cpu.system_usec"":[],""cgroup.cpu.nr_periods"":[],""cgroup.cpu.nr_throttled"":[],""cgroup.cpu.throttled_usec"":[]}","[""ff590db6b6d429b2283daffe0c3dc451f1c2a3219ef1d618e73c9e7be3e855e1"",""5c6b12c1cdc55c09e95f7e3eed29d2b399a15c6d3c0254c412a58babe166852a"",""7a1bdf97c2494ccb2cae9b28aefbe3f2bb3eec26976d73b5478bff7989935745"",""74005bcb85acbb7f36ea21c84e0815ae5c0a6e591e779629dbfabd6e17e5d51e"",""7dbb02130cb88121ccf0b5d01a9c384b6ff713540de12611fa1840051bb42c98"",""e5907e25c16db1d865dd4b8a0a3b5fec75c62e07e9e3c9dc6c0c3947f67f7ee7"",""68888abfe6c3350c88b99f6f0608a10cccf55bdc1e1be0169fa6b451491a6382"",""809000b8fff550e11b9b3e4431ff1722b9a3b79fb7bde41cddbc3503a8b3a00d""]",8
4,2,native,32,ready,before,146407424,96,352,32,118095872,96,608,32,51068928,185954304,0,192,2134767,491993,1642756,252,71,2954351,"{""child.rss_bytes"":[],""child.threads"":[],""child.fd_count"":[],""child.listener_count"":[],""wrapper.rss_bytes"":[],""wrapper.threads"":[],""wrapper.fd_count"":[],""wrapper.listener_count"":[],""cgroup.memory_current_bytes"":[],""cgroup.sum_leaf_lifetime_memory_peak_bytes"":[],""cgroup.memory_swap_current_bytes"":[],""cgroup.pids_current"":[],""cgroup.cpu.usage_usec"":[],""cgroup.cpu.user_usec"":[],""cgroup.cpu.system_usec"":[],""cgroup.cpu.nr_periods"":[],""cgroup.cpu.nr_throttled"":[],""cgroup.cpu.throttled_usec"":[]}","[""1b4d25c6feeb30ea0f5d5359e7889ecdc8cc3bbce52de058687c5783e2fb1aa5"",""8bca79aac9584aa0f2410a1db27ce2478e60cda2234cdfe58e8624b00a11a456"",""bac8e472b1f385c748c41db39573eee9e59aff96da875a3bf4433a82e3c857af"",""d951b2c63f280983920269a8b3711d41135414e82aae4f3d4462d76369ce5d6a"",""1b3702a5d832db58d2626116be98b26207f8db588033c3e57088a0de37b91130"",""c4d3c5bbac788d1215c4b10a770174cd76768e917f8a35eff06967af4e0ef0a6"",""8d90be3bc41c3b589c14a471383c8695ece8678172f1f60ae926d94be71e6618"",""56882296500117c649c6e6351481e522a3eb5c69814d33870ccb12e8c33055dc"",""1db2e76f15cf8caae384c0d7c49c0ad2e594d39f95ebf414b859851174abfcae"",""eca433b441c187a7b322ce21834cd917ce98e7fdcbe7f2ec70d3123581b490a3"",""0c92c9e0b1dcfa672c17cd6f794f63543990b323da1b02db306d066a53a87d66"",""e66e1893a0f55bb7a3db3e7f0e9a1b80255ad6e71a63eff84ea9f75c5b9e182b"",""7dc14e51aa96fefb4a9f495f4e4256e5428aec4c825c311ff6c74c855aaaa34e"",""3604a9a6e1b8e503fc19462da3f6ced73363e5f6355bf364edf689774a65e14f"",""e11dec7c2ca8acd9a53232744250b7729b3efbf3d34114dc605ca26995bafaa6"",""13deb191d9973f498c5d15f3eca57bcc64e82baadddaa2adce222fc0d249f9b6"",""536a3c0bb9651fc7a8b5a4abbf596db3c764ef49befe44db73a732b9a6f3df15"",""7174de76b882dcc2ac20c1a27e18b1d5cfd77831ab8022ee2a1998bc5e22b5dd"",""54339f19f8ca96374dc90fde258093c0b7c93ff3eb45614d58812b6f5e880262"",""9eaa1cb72ea3484d3b2e802e0109115b757d3e49553d8121e98e8a0d54c43bd8"",""1babcc3fc37179a613ecb023eb1b79d5a465359a7cca87e7502245995cbebd3e"",""87f098facdf75ac0bf680d9d480447a6f9489bcecc10f4a823c990810968726d"",""5e64deda670cf74849b99141bfc5119c04ce7a038e5103b76c71048d60ab0772"",""f84cc3ab5ea1ef75b4ad457d2469af65a5a1b0e22e83cd6f8c3180329975d588"",""e1dc0b8199a06656f54bc1e26ee60f090da61468126465cdfa0d534d1f4ae983"",""554bdaa64da9df4bf8c147f063ff5d77d034b7e71e8ff5062e96ebe9769d845b"",""add1255cbdb5eff3b9c909660688d323bc9c0b9e6e825d88ca09271ab98dce07"",""4ce6cf73b4d359e43492bb2bbc5e908a952b6c2df0e362cb8dd2ef263c62c14f"",""7a42eb1104c22384305600e2e0d1c053b056a5146ca8e669300d73d60c9cc75f"",""99cbd12b5c4e42b5d577f23e8dc1e3a2959e241189fa637e2384cd6f84d2be46"",""fe8d64ddcaddcffcc6f4547a02aae08a52a6509c696e25bd0755cbf359e23025"",""d42e41fea4f1ef3b3e8574d162f68e4588edecb0bbda2634b8c6831a9b7f680c""]",32
4,2,native,32,ready,after,146407424,96,352,32,120717312,96,608,32,57372672,185954304,0,192,2455849,521418,1934420,318,71,2954351,"{""child.rss_bytes"":[],""child.threads"":[],""child.fd_count"":[],""child.listener_count"":[],""wrapper.rss_bytes"":[],""wrapper.threads"":[],""wrapper.fd_count"":[],""wrapper.listener_count"":[],""cgroup.memory_current_bytes"":[],""cgroup.sum_leaf_lifetime_memory_peak_bytes"":[],""cgroup.memory_swap_current_bytes"":[],""cgroup.pids_current"":[],""cgroup.cpu.usage_usec"":[],""cgroup.cpu.user_usec"":[],""cgroup.cpu.system_usec"":[],""cgroup.cpu.nr_periods"":[],""cgroup.cpu.nr_throttled"":[],""cgroup.cpu.throttled_usec"":[]}","[""1b4d25c6feeb30ea0f5d5359e7889ecdc8cc3bbce52de058687c5783e2fb1aa5"",""8bca79aac9584aa0f2410a1db27ce2478e60cda2234cdfe58e8624b00a11a456"",""bac8e472b1f385c748c41db39573eee9e59aff96da875a3bf4433a82e3c857af"",""d951b2c63f280983920269a8b3711d41135414e82aae4f3d4462d76369ce5d6a"",""1b3702a5d832db58d2626116be98b26207f8db588033c3e57088a0de37b91130"",""c4d3c5bbac788d1215c4b10a770174cd76768e917f8a35eff06967af4e0ef0a6"",""8d90be3bc41c3b589c14a471383c8695ece8678172f1f60ae926d94be71e6618"",""56882296500117c649c6e6351481e522a3eb5c69814d33870ccb12e8c33055dc"",""1db2e76f15cf8caae384c0d7c49c0ad2e594d39f95ebf414b859851174abfcae"",""eca433b441c187a7b322ce21834cd917ce98e7fdcbe7f2ec70d3123581b490a3"",""0c92c9e0b1dcfa672c17cd6f794f63543990b323da1b02db306d066a53a87d66"",""e66e1893a0f55bb7a3db3e7f0e9a1b80255ad6e71a63eff84ea9f75c5b9e182b"",""7dc14e51aa96fefb4a9f495f4e4256e5428aec4c825c311ff6c74c855aaaa34e"",""3604a9a6e1b8e503fc19462da3f6ced73363e5f6355bf364edf689774a65e14f"",""e11dec7c2ca8acd9a53232744250b7729b3efbf3d34114dc605ca26995bafaa6"",""13deb191d9973f498c5d15f3eca57bcc64e82baadddaa2adce222fc0d249f9b6"",""536a3c0bb9651fc7a8b5a4abbf596db3c764ef49befe44db73a732b9a6f3df15"",""7174de76b882dcc2ac20c1a27e18b1d5cfd77831ab8022ee2a1998bc5e22b5dd"",""54339f19f8ca96374dc90fde258093c0b7c93ff3eb45614d58812b6f5e880262"",""9eaa1cb72ea3484d3b2e802e0109115b757d3e49553d8121e98e8a0d54c43bd8"",""1babcc3fc37179a613ecb023eb1b79d5a465359a7cca87e7502245995cbebd3e"",""87f098facdf75ac0bf680d9d480447a6f9489bcecc10f4a823c990810968726d"",""5e64deda670cf74849b99141bfc5119c04ce7a038e5103b76c71048d60ab0772"",""f84cc3ab5ea1ef75b4ad457d2469af65a5a1b0e22e83cd6f8c3180329975d588"",""e1dc0b8199a06656f54bc1e26ee60f090da61468126465cdfa0d534d1f4ae983"",""554bdaa64da9df4bf8c147f063ff5d77d034b7e71e8ff5062e96ebe9769d845b"",""add1255cbdb5eff3b9c909660688d323bc9c0b9e6e825d88ca09271ab98dce07"",""4ce6cf73b4d359e43492bb2bbc5e908a952b6c2df0e362cb8dd2ef263c62c14f"",""7a42eb1104c22384305600e2e0d1c053b056a5146ca8e669300d73d60c9cc75f"",""99cbd12b5c4e42b5d577f23e8dc1e3a2959e241189fa637e2384cd6f84d2be46"",""fe8d64ddcaddcffcc6f4547a02aae08a52a6509c696e25bd0755cbf359e23025"",""d42e41fea4f1ef3b3e8574d162f68e4588edecb0bbda2634b8c6831a9b7f680c""]",32
4,2,native,32,served,before,147849216,96,352,32,121896960,96,608,32,58396672,185954304,0,192,2778655,536129,2242508,403,71,2954351,"{""child.rss_bytes"":[],""child.threads"":[],""child.fd_count"":[],""child.listener_count"":[],""wrapper.rss_bytes"":[],""wrapper.threads"":[],""wrapper.fd_count"":[],""wrapper.listener_count"":[],""cgroup.memory_current_bytes"":[],""cgroup.sum_leaf_lifetime_memory_peak_bytes"":[],""cgroup.memory_swap_current_bytes"":[],""cgroup.pids_current"":[],""cgroup.cpu.usage_usec"":[],""cgroup.cpu.user_usec"":[],""cgroup.cpu.system_usec"":[],""cgroup.cpu.nr_periods"":[],""cgroup.cpu.nr_throttled"":[],""cgroup.cpu.throttled_usec"":[]}","[""1b4d25c6feeb30ea0f5d5359e7889ecdc8cc3bbce52de058687c5783e2fb1aa5"",""8bca79aac9584aa0f2410a1db27ce2478e60cda2234cdfe58e8624b00a11a456"",""bac8e472b1f385c748c41db39573eee9e59aff96da875a3bf4433a82e3c857af"",""d951b2c63f280983920269a8b3711d41135414e82aae4f3d4462d76369ce5d6a"",""1b3702a5d832db58d2626116be98b26207f8db588033c3e57088a0de37b91130"",""c4d3c5bbac788d1215c4b10a770174cd76768e917f8a35eff06967af4e0ef0a6"",""8d90be3bc41c3b589c14a471383c8695ece8678172f1f60ae926d94be71e6618"",""56882296500117c649c6e6351481e522a3eb5c69814d33870ccb12e8c33055dc"",""1db2e76f15cf8caae384c0d7c49c0ad2e594d39f95ebf414b859851174abfcae"",""eca433b441c187a7b322ce21834cd917ce98e7fdcbe7f2ec70d3123581b490a3"",""0c92c9e0b1dcfa672c17cd6f794f63543990b323da1b02db306d066a53a87d66"",""e66e1893a0f55bb7a3db3e7f0e9a1b80255ad6e71a63eff84ea9f75c5b9e182b"",""7dc14e51aa96fefb4a9f495f4e4256e5428aec4c825c311ff6c74c855aaaa34e"",""3604a9a6e1b8e503fc19462da3f6ced73363e5f6355bf364edf689774a65e14f"",""e11dec7c2ca8acd9a53232744250b7729b3efbf3d34114dc605ca26995bafaa6"",""13deb191d9973f498c5d15f3eca57bcc64e82baadddaa2adce222fc0d249f9b6"",""536a3c0bb9651fc7a8b5a4abbf596db3c764ef49befe44db73a732b9a6f3df15"",""7174de76b882dcc2ac20c1a27e18b1d5cfd77831ab8022ee2a1998bc5e22b5dd"",""54339f19f8ca96374dc90fde258093c0b7c93ff3eb45614d58812b6f5e880262"",""9eaa1cb72ea3484d3b2e802e0109115b757d3e49553d8121e98e8a0d54c43bd8"",""1babcc3fc37179a613ecb023eb1b79d5a465359a7cca87e7502245995cbebd3e"",""87f098facdf75ac0bf680d9d480447a6f9489bcecc10f4a823c990810968726d"",""5e64deda670cf74849b99141bfc5119c04ce7a038e5103b76c71048d60ab0772"",""f84cc3ab5ea1ef75b4ad457d2469af65a5a1b0e22e83cd6f8c3180329975d588"",""e1dc0b8199a06656f54bc1e26ee60f090da61468126465cdfa0d534d1f4ae983"",""554bdaa64da9df4bf8c147f063ff5d77d034b7e71e8ff5062e96ebe9769d845b"",""add1255cbdb5eff3b9c909660688d323bc9c0b9e6e825d88ca09271ab98dce07"",""4ce6cf73b4d359e43492bb2bbc5e908a952b6c2df0e362cb8dd2ef263c62c14f"",""7a42eb1104c22384305600e2e0d1c053b056a5146ca8e669300d73d60c9cc75f"",""99cbd12b5c4e42b5d577f23e8dc1e3a2959e241189fa637e2384cd6f84d2be46"",""fe8d64ddcaddcffcc6f4547a02aae08a52a6509c696e25bd0755cbf359e23025"",""d42e41fea4f1ef3b3e8574d162f68e4588edecb0bbda2634b8c6831a9b7f680c""]",32
4,2,native,32,served,after,147849216,96,352,32,122028032,96,608,32,59232256,185954304,0,192,3087312,539172,2548122,470,71,2954351,"{""child.rss_bytes"":[],""child.threads"":[],""child.fd_count"":[],""child.listener_count"":[],""wrapper.rss_bytes"":[],""wrapper.threads"":[],""wrapper.fd_count"":[],""wrapper.listener_count"":[],""cgroup.memory_current_bytes"":[],""cgroup.sum_leaf_lifetime_memory_peak_bytes"":[],""cgroup.memory_swap_current_bytes"":[],""cgroup.pids_current"":[],""cgroup.cpu.usage_usec"":[],""cgroup.cpu.user_usec"":[],""cgroup.cpu.system_usec"":[],""cgroup.cpu.nr_periods"":[],""cgroup.cpu.nr_throttled"":[],""cgroup.cpu.throttled_usec"":[]}","[""1b4d25c6feeb30ea0f5d5359e7889ecdc8cc3bbce52de058687c5783e2fb1aa5"",""8bca79aac9584aa0f2410a1db27ce2478e60cda2234cdfe58e8624b00a11a456"",""bac8e472b1f385c748c41db39573eee9e59aff96da875a3bf4433a82e3c857af"",""d951b2c63f280983920269a8b3711d41135414e82aae4f3d4462d76369ce5d6a"",""1b3702a5d832db58d2626116be98b26207f8db588033c3e57088a0de37b91130"",""c4d3c5bbac788d1215c4b10a770174cd76768e917f8a35eff06967af4e0ef0a6"",""8d90be3bc41c3b589c14a471383c8695ece8678172f1f60ae926d94be71e6618"",""56882296500117c649c6e6351481e522a3eb5c69814d33870ccb12e8c33055dc"",""1db2e76f15cf8caae384c0d7c49c0ad2e594d39f95ebf414b859851174abfcae"",""eca433b441c187a7b322ce21834cd917ce98e7fdcbe7f2ec70d3123581b490a3"",""0c92c9e0b1dcfa672c17cd6f794f63543990b323da1b02db306d066a53a87d66"",""e66e1893a0f55bb7a3db3e7f0e9a1b80255ad6e71a63eff84ea9f75c5b9e182b"",""7dc14e51aa96fefb4a9f495f4e4256e5428aec4c825c311ff6c74c855aaaa34e"",""3604a9a6e1b8e503fc19462da3f6ced73363e5f6355bf364edf689774a65e14f"",""e11dec7c2ca8acd9a53232744250b7729b3efbf3d34114dc605ca26995bafaa6"",""13deb191d9973f498c5d15f3eca57bcc64e82baadddaa2adce222fc0d249f9b6"",""536a3c0bb9651fc7a8b5a4abbf596db3c764ef49befe44db73a732b9a6f3df15"",""7174de76b882dcc2ac20c1a27e18b1d5cfd77831ab8022ee2a1998bc5e22b5dd"",""54339f19f8ca96374dc90fde258093c0b7c93ff3eb45614d58812b6f5e880262"",""9eaa1cb72ea3484d3b2e802e0109115b757d3e49553d8121e98e8a0d54c43bd8"",""1babcc3fc37179a613ecb023eb1b79d5a465359a7cca87e7502245995cbebd3e"",""87f098facdf75ac0bf680d9d480447a6f9489bcecc10f4a823c990810968726d"",""5e64deda670cf74849b99141bfc5119c04ce7a038e5103b76c71048d60ab0772"",""f84cc3ab5ea1ef75b4ad457d2469af65a5a1b0e22e83cd6f8c3180329975d588"",""e1dc0b8199a06656f54bc1e26ee60f090da61468126465cdfa0d534d1f4ae983"",""554bdaa64da9df4bf8c147f063ff5d77d034b7e71e8ff5062e96ebe9769d845b"",""add1255cbdb5eff3b9c909660688d323bc9c0b9e6e825d88ca09271ab98dce07"",""4ce6cf73b4d359e43492bb2bbc5e908a952b6c2df0e362cb8dd2ef263c62c14f"",""7a42eb1104c22384305600e2e0d1c053b056a5146ca8e669300d73d60c9cc75f"",""99cbd12b5c4e42b5d577f23e8dc1e3a2959e241189fa637e2384cd6f84d2be46"",""fe8d64ddcaddcffcc6f4547a02aae08a52a6509c696e25bd0755cbf359e23025"",""d42e41fea4f1ef3b3e8574d162f68e4588edecb0bbda2634b8c6831a9b7f680c""]",32
4,2,native,32,final,before,147980288,96,352,32,122028032,96,608,32,59985920,185954304,0,192,3448343,569388,2878939,597,71,2954351,"{""child.rss_bytes"":[],""child.threads"":[],""child.fd_count"":[],""child.listener_count"":[],""wrapper.rss_bytes"":[],""wrapper.threads"":[],""wrapper.fd_count"":[],""wrapper.listener_count"":[],""cgroup.memory_current_bytes"":[],""cgroup.sum_leaf_lifetime_memory_peak_bytes"":[],""cgroup.memory_swap_current_bytes"":[],""cgroup.pids_current"":[],""cgroup.cpu.usage_usec"":[],""cgroup.cpu.user_usec"":[],""cgroup.cpu.system_usec"":[],""cgroup.cpu.nr_periods"":[],""cgroup.cpu.nr_throttled"":[],""cgroup.cpu.throttled_usec"":[]}","[""1b4d25c6feeb30ea0f5d5359e7889ecdc8cc3bbce52de058687c5783e2fb1aa5"",""8bca79aac9584aa0f2410a1db27ce2478e60cda2234cdfe58e8624b00a11a456"",""bac8e472b1f385c748c41db39573eee9e59aff96da875a3bf4433a82e3c857af"",""d951b2c63f280983920269a8b3711d41135414e82aae4f3d4462d76369ce5d6a"",""1b3702a5d832db58d2626116be98b26207f8db588033c3e57088a0de37b91130"",""c4d3c5bbac788d1215c4b10a770174cd76768e917f8a35eff06967af4e0ef0a6"",""8d90be3bc41c3b589c14a471383c8695ece8678172f1f60ae926d94be71e6618"",""56882296500117c649c6e6351481e522a3eb5c69814d33870ccb12e8c33055dc"",""1db2e76f15cf8caae384c0d7c49c0ad2e594d39f95ebf414b859851174abfcae"",""eca433b441c187a7b322ce21834cd917ce98e7fdcbe7f2ec70d3123581b490a3"",""0c92c9e0b1dcfa672c17cd6f794f63543990b323da1b02db306d066a53a87d66"",""e66e1893a0f55bb7a3db3e7f0e9a1b80255ad6e71a63eff84ea9f75c5b9e182b"",""7dc14e51aa96fefb4a9f495f4e4256e5428aec4c825c311ff6c74c855aaaa34e"",""3604a9a6e1b8e503fc19462da3f6ced73363e5f6355bf364edf689774a65e14f"",""e11dec7c2ca8acd9a53232744250b7729b3efbf3d34114dc605ca26995bafaa6"",""13deb191d9973f498c5d15f3eca57bcc64e82baadddaa2adce222fc0d249f9b6"",""536a3c0bb9651fc7a8b5a4abbf596db3c764ef49befe44db73a732b9a6f3df15"",""7174de76b882dcc2ac20c1a27e18b1d5cfd77831ab8022ee2a1998bc5e22b5dd"",""54339f19f8ca96374dc90fde258093c0b7c93ff3eb45614d58812b6f5e880262"",""9eaa1cb72ea3484d3b2e802e0109115b757d3e49553d8121e98e8a0d54c43bd8"",""1babcc3fc37179a613ecb023eb1b79d5a465359a7cca87e7502245995cbebd3e"",""87f098facdf75ac0bf680d9d480447a6f9489bcecc10f4a823c990810968726d"",""5e64deda670cf74849b99141bfc5119c04ce7a038e5103b76c71048d60ab0772"",""f84cc3ab5ea1ef75b4ad457d2469af65a5a1b0e22e83cd6f8c3180329975d588"",""e1dc0b8199a06656f54bc1e26ee60f090da61468126465cdfa0d534d1f4ae983"",""554bdaa64da9df4bf8c147f063ff5d77d034b7e71e8ff5062e96ebe9769d845b"",""add1255cbdb5eff3b9c909660688d323bc9c0b9e6e825d88ca09271ab98dce07"",""4ce6cf73b4d359e43492bb2bbc5e908a952b6c2df0e362cb8dd2ef263c62c14f"",""7a42eb1104c22384305600e2e0d1c053b056a5146ca8e669300d73d60c9cc75f"",""99cbd12b5c4e42b5d577f23e8dc1e3a2959e241189fa637e2384cd6f84d2be46"",""fe8d64ddcaddcffcc6f4547a02aae08a52a6509c696e25bd0755cbf359e23025"",""d42e41fea4f1ef3b3e8574d162f68e4588edecb0bbda2634b8c6831a9b7f680c""]",32
4,2,native,32,final,after,147980288,96,352,32,122028032,96,608,32,60514304,185954304,0,192,3766436,586162,3180258,663,71,2954351,"{""child.rss_bytes"":[],""child.threads"":[],""child.fd_count"":[],""child.listener_count"":[],""wrapper.rss_bytes"":[],""wrapper.threads"":[],""wrapper.fd_count"":[],""wrapper.listener_count"":[],""cgroup.memory_current_bytes"":[],""cgroup.sum_leaf_lifetime_memory_peak_bytes"":[],""cgroup.memory_swap_current_bytes"":[],""cgroup.pids_current"":[],""cgroup.cpu.usage_usec"":[],""cgroup.cpu.user_usec"":[],""cgroup.cpu.system_usec"":[],""cgroup.cpu.nr_periods"":[],""cgroup.cpu.nr_throttled"":[],""cgroup.cpu.throttled_usec"":[]}","[""1b4d25c6feeb30ea0f5d5359e7889ecdc8cc3bbce52de058687c5783e2fb1aa5"",""8bca79aac9584aa0f2410a1db27ce2478e60cda2234cdfe58e8624b00a11a456"",""bac8e472b1f385c748c41db39573eee9e59aff96da875a3bf4433a82e3c857af"",""d951b2c63f280983920269a8b3711d41135414e82aae4f3d4462d76369ce5d6a"",""1b3702a5d832db58d2626116be98b26207f8db588033c3e57088a0de37b91130"",""c4d3c5bbac788d1215c4b10a770174cd76768e917f8a35eff06967af4e0ef0a6"",""8d90be3bc41c3b589c14a471383c8695ece8678172f1f60ae926d94be71e6618"",""56882296500117c649c6e6351481e522a3eb5c69814d33870ccb12e8c33055dc"",""1db2e76f15cf8caae384c0d7c49c0ad2e594d39f95ebf414b859851174abfcae"",""eca433b441c187a7b322ce21834cd917ce98e7fdcbe7f2ec70d3123581b490a3"",""0c92c9e0b1dcfa672c17cd6f794f63543990b323da1b02db306d066a53a87d66"",""e66e1893a0f55bb7a3db3e7f0e9a1b80255ad6e71a63eff84ea9f75c5b9e182b"",""7dc14e51aa96fefb4a9f495f4e4256e5428aec4c825c311ff6c74c855aaaa34e"",""3604a9a6e1b8e503fc19462da3f6ced73363e5f6355bf364edf689774a65e14f"",""e11dec7c2ca8acd9a53232744250b7729b3efbf3d34114dc605ca26995bafaa6"",""13deb191d9973f498c5d15f3eca57bcc64e82baadddaa2adce222fc0d249f9b6"",""536a3c0bb9651fc7a8b5a4abbf596db3c764ef49befe44db73a732b9a6f3df15"",""7174de76b882dcc2ac20c1a27e18b1d5cfd77831ab8022ee2a1998bc5e22b5dd"",""54339f19f8ca96374dc90fde258093c0b7c93ff3eb45614d58812b6f5e880262"",""9eaa1cb72ea3484d3b2e802e0109115b757d3e49553d8121e98e8a0d54c43bd8"",""1babcc3fc37179a613ecb023eb1b79d5a465359a7cca87e7502245995cbebd3e"",""87f098facdf75ac0bf680d9d480447a6f9489bcecc10f4a823c990810968726d"",""5e64deda670cf74849b99141bfc5119c04ce7a038e5103b76c71048d60ab0772"",""f84cc3ab5ea1ef75b4ad457d2469af65a5a1b0e22e83cd6f8c3180329975d588"",""e1dc0b8199a06656f54bc1e26ee60f090da61468126465cdfa0d534d1f4ae983"",""554bdaa64da9df4bf8c147f063ff5d77d034b7e71e8ff5062e96ebe9769d845b"",""add1255cbdb5eff3b9c909660688d323bc9c0b9e6e825d88ca09271ab98dce07"",""4ce6cf73b4d359e43492bb2bbc5e908a952b6c2df0e362cb8dd2ef263c62c14f"",""7a42eb1104c22384305600e2e0d1c053b056a5146ca8e669300d73d60c9cc75f"",""99cbd12b5c4e42b5d577f23e8dc1e3a2959e241189fa637e2384cd6f84d2be46"",""fe8d64ddcaddcffcc6f4547a02aae08a52a6509c696e25bd0755cbf359e23025"",""d42e41fea4f1ef3b3e8574d162f68e4588edecb0bbda2634b8c6831a9b7f680c""]",32
4,3,lsf,32,ready,before,13377536,7,48,1,4063232,3,81,1,4947968,8355840,0,10,117174,60930,56243,17,0,0,"{""child.rss_bytes"":[],""child.threads"":[],""child.fd_count"":[],""child.listener_count"":[],""wrapper.rss_bytes"":[],""wrapper.threads"":[],""wrapper.fd_count"":[],""wrapper.listener_count"":[],""cgroup.memory_current_bytes"":[],""cgroup.sum_leaf_lifetime_memory_peak_bytes"":[],""cgroup.memory_swap_current_bytes"":[],""cgroup.pids_current"":[],""cgroup.cpu.usage_usec"":[],""cgroup.cpu.user_usec"":[],""cgroup.cpu.system_usec"":[],""cgroup.cpu.nr_periods"":[],""cgroup.cpu.nr_throttled"":[],""cgroup.cpu.throttled_usec"":[]}","[""d78a5b79b206e7ee3be0124571b547c7d4a9342f554da90740b1e60e6a78d36a""]",1
4,3,lsf,32,ready,after,13377536,7,48,1,4325376,3,81,1,5357568,8355840,0,10,128828,62028,66799,22,0,0,"{""child.rss_bytes"":[],""child.threads"":[],""child.fd_count"":[],""child.listener_count"":[],""wrapper.rss_bytes"":[],""wrapper.threads"":[],""wrapper.fd_count"":[],""wrapper.listener_count"":[],""cgroup.memory_current_bytes"":[],""cgroup.sum_leaf_lifetime_memory_peak_bytes"":[],""cgroup.memory_swap_current_bytes"":[],""cgroup.pids_current"":[],""cgroup.cpu.usage_usec"":[],""cgroup.cpu.user_usec"":[],""cgroup.cpu.system_usec"":[],""cgroup.cpu.nr_periods"":[],""cgroup.cpu.nr_throttled"":[],""cgroup.cpu.throttled_usec"":[]}","[""d78a5b79b206e7ee3be0124571b547c7d4a9342f554da90740b1e60e6a78d36a""]",1
4,3,lsf,32,served,before,28389376,7,80,1,4456448,3,81,1,13672448,14303232,0,10,1255515,1149185,106330,37,0,0,"{""child.rss_bytes"":[],""child.threads"":[],""child.fd_count"":[],""child.listener_count"":[],""wrapper.rss_bytes"":[],""wrapper.threads"":[],""wrapper.fd_count"":[],""wrapper.listener_count"":[],""cgroup.memory_current_bytes"":[],""cgroup.sum_leaf_lifetime_memory_peak_bytes"":[],""cgroup.memory_swap_current_bytes"":[],""cgroup.pids_current"":[],""cgroup.cpu.usage_usec"":[],""cgroup.cpu.user_usec"":[],""cgroup.cpu.system_usec"":[],""cgroup.cpu.nr_periods"":[],""cgroup.cpu.nr_throttled"":[],""cgroup.cpu.throttled_usec"":[]}","[""d78a5b79b206e7ee3be0124571b547c7d4a9342f554da90740b1e60e6a78d36a""]",1
4,3,lsf,32,served,after,28389376,7,80,1,4456448,3,81,1,13758464,14303232,0,10,1268939,1151744,117194,43,0,0,"{""child.rss_bytes"":[],""child.threads"":[],""child.fd_count"":[],""child.listener_count"":[],""wrapper.rss_bytes"":[],""wrapper.threads"":[],""wrapper.fd_count"":[],""wrapper.listener_count"":[],""cgroup.memory_current_bytes"":[],""cgroup.sum_leaf_lifetime_memory_peak_bytes"":[],""cgroup.memory_swap_current_bytes"":[],""cgroup.pids_current"":[],""cgroup.cpu.usage_usec"":[],""cgroup.cpu.user_usec"":[],""cgroup.cpu.system_usec"":[],""cgroup.cpu.nr_periods"":[],""cgroup.cpu.nr_throttled"":[],""cgroup.cpu.throttled_usec"":[]}","[""d78a5b79b206e7ee3be0124571b547c7d4a9342f554da90740b1e60e6a78d36a""]",1
4,3,lsf,32,final,before,29831168,7,80,1,4456448,3,81,1,15224832,18030592,0,10,1448066,1263468,184597,47,0,0,"{""child.rss_bytes"":[],""child.threads"":[],""child.fd_count"":[],""child.listener_count"":[],""wrapper.rss_bytes"":[],""wrapper.threads"":[],""wrapper.fd_count"":[],""wrapper.listener_count"":[],""cgroup.memory_current_bytes"":[],""cgroup.sum_leaf_lifetime_memory_peak_bytes"":[],""cgroup.memory_swap_current_bytes"":[],""cgroup.pids_current"":[],""cgroup.cpu.usage_usec"":[],""cgroup.cpu.user_usec"":[],""cgroup.cpu.system_usec"":[],""cgroup.cpu.nr_periods"":[],""cgroup.cpu.nr_throttled"":[],""cgroup.cpu.throttled_usec"":[]}","[""d78a5b79b206e7ee3be0124571b547c7d4a9342f554da90740b1e60e6a78d36a""]",1
4,3,lsf,32,final,after,29831168,7,80,1,4456448,3,81,1,15278080,18030592,0,10,1463029,1269877,193152,52,0,0,"{""child.rss_bytes"":[],""child.threads"":[],""child.fd_count"":[],""child.listener_count"":[],""wrapper.rss_bytes"":[],""wrapper.threads"":[],""wrapper.fd_count"":[],""wrapper.listener_count"":[],""cgroup.memory_current_bytes"":[],""cgroup.sum_leaf_lifetime_memory_peak_bytes"":[],""cgroup.memory_swap_current_bytes"":[],""cgroup.pids_current"":[],""cgroup.cpu.usage_usec"":[],""cgroup.cpu.user_usec"":[],""cgroup.cpu.system_usec"":[],""cgroup.cpu.nr_periods"":[],""cgroup.cpu.nr_throttled"":[],""cgroup.cpu.throttled_usec"":[]}","[""d78a5b79b206e7ee3be0124571b547c7d4a9342f554da90740b1e60e6a78d36a""]",1
4,4,lsf,1,ready,before,12320768,7,17,1,3670016,3,19,1,2899968,7204864,0,10,61974,16526,45448,15,0,0,"{""child.rss_bytes"":[],""child.threads"":[],""child.fd_count"":[],""child.listener_count"":[],""wrapper.rss_bytes"":[],""wrapper.threads"":[],""wrapper.fd_count"":[],""wrapper.listener_count"":[],""cgroup.memory_current_bytes"":[],""cgroup.sum_leaf_lifetime_memory_peak_bytes"":[],""cgroup.memory_swap_current_bytes"":[],""cgroup.pids_current"":[],""cgroup.cpu.usage_usec"":[],""cgroup.cpu.user_usec"":[],""cgroup.cpu.system_usec"":[],""cgroup.cpu.nr_periods"":[],""cgroup.cpu.nr_throttled"":[],""cgroup.cpu.throttled_usec"":[]}","[""00c107ef275e2108665b832c89ba2c8517653c60e9d36954153fa53c3a048a10""]",1
4,4,lsf,1,ready,after,12320768,7,17,1,3801088,3,19,1,2838528,7204864,0,10,72297,17720,54576,20,0,0,"{""child.rss_bytes"":[],""child.threads"":[],""child.fd_count"":[],""child.listener_count"":[],""wrapper.rss_bytes"":[],""wrapper.threads"":[],""wrapper.fd_count"":[],""wrapper.listener_count"":[],""cgroup.memory_current_bytes"":[],""cgroup.sum_leaf_lifetime_memory_peak_bytes"":[],""cgroup.memory_swap_current_bytes"":[],""cgroup.pids_current"":[],""cgroup.cpu.usage_usec"":[],""cgroup.cpu.user_usec"":[],""cgroup.cpu.system_usec"":[],""cgroup.cpu.nr_periods"":[],""cgroup.cpu.nr_throttled"":[],""cgroup.cpu.throttled_usec"":[]}","[""00c107ef275e2108665b832c89ba2c8517653c60e9d36954153fa53c3a048a10""]",1
4,4,lsf,1,served,before,21864448,7,18,1,3801088,3,19,1,5431296,7204864,0,10,122465,52485,69980,24,0,0,"{""child.rss_bytes"":[],""child.threads"":[],""child.fd_count"":[],""child.listener_count"":[],""wrapper.rss_bytes"":[],""wrapper.threads"":[],""wrapper.fd_count"":[],""wrapper.listener_count"":[],""cgroup.memory_current_bytes"":[],""cgroup.sum_leaf_lifetime_memory_peak_bytes"":[],""cgroup.memory_swap_current_bytes"":[],""cgroup.pids_current"":[],""cgroup.cpu.usage_usec"":[],""cgroup.cpu.user_usec"":[],""cgroup.cpu.system_usec"":[],""cgroup.cpu.nr_periods"":[],""cgroup.cpu.nr_throttled"":[],""cgroup.cpu.throttled_usec"":[]}","[""00c107ef275e2108665b832c89ba2c8517653c60e9d36954153fa53c3a048a10""]",1
4,4,lsf,1,served,after,21864448,7,18,1,3801088,3,19,1,5443584,7204864,0,10,133463,57067,76396,29,0,0,"{""child.rss_bytes"":[],""child.threads"":[],""child.fd_count"":[],""child.listener_count"":[],""wrapper.rss_bytes"":[],""wrapper.threads"":[],""wrapper.fd_count"":[],""wrapper.listener_count"":[],""cgroup.memory_current_bytes"":[],""cgroup.sum_leaf_lifetime_memory_peak_bytes"":[],""cgroup.memory_swap_current_bytes"":[],""cgroup.pids_current"":[],""cgroup.cpu.usage_usec"":[],""cgroup.cpu.user_usec"":[],""cgroup.cpu.system_usec"":[],""cgroup.cpu.nr_periods"":[],""cgroup.cpu.nr_throttled"":[],""cgroup.cpu.throttled_usec"":[]}","[""00c107ef275e2108665b832c89ba2c8517653c60e9d36954153fa53c3a048a10""]",1
4,4,lsf,1,final,before,24879104,7,18,1,3801088,3,19,1,8785920,10661888,0,10,376031,194353,181678,36,0,0,"{""child.rss_bytes"":[],""child.threads"":[],""child.fd_count"":[],""child.listener_count"":[],""wrapper.rss_bytes"":[],""wrapper.threads"":[],""wrapper.fd_count"":[],""wrapper.listener_count"":[],""cgroup.memory_current_bytes"":[],""cgroup.sum_leaf_lifetime_memory_peak_bytes"":[],""cgroup.memory_swap_current_bytes"":[],""cgroup.pids_current"":[],""cgroup.cpu.usage_usec"":[],""cgroup.cpu.user_usec"":[],""cgroup.cpu.system_usec"":[],""cgroup.cpu.nr_periods"":[],""cgroup.cpu.nr_throttled"":[],""cgroup.cpu.throttled_usec"":[]}","[""00c107ef275e2108665b832c89ba2c8517653c60e9d36954153fa53c3a048a10""]",1
4,4,lsf,1,final,after,24879104,7,18,1,3801088,3,19,1,8536064,10661888,0,10,387916,198174,189741,41,0,0,"{""child.rss_bytes"":[],""child.threads"":[],""child.fd_count"":[],""child.listener_count"":[],""wrapper.rss_bytes"":[],""wrapper.threads"":[],""wrapper.fd_count"":[],""wrapper.listener_count"":[],""cgroup.memory_current_bytes"":[],""cgroup.sum_leaf_lifetime_memory_peak_bytes"":[],""cgroup.memory_swap_current_bytes"":[],""cgroup.pids_current"":[],""cgroup.cpu.usage_usec"":[],""cgroup.cpu.user_usec"":[],""cgroup.cpu.system_usec"":[],""cgroup.cpu.nr_periods"":[],""cgroup.cpu.nr_throttled"":[],""cgroup.cpu.throttled_usec"":[]}","[""00c107ef275e2108665b832c89ba2c8517653c60e9d36954153fa53c3a048a10""]",1
4,5,native,1,ready,before,4587520,3,11,1,3670016,3,19,1,1589248,5922816,0,6,46749,5016,41733,4,0,0,"{""child.rss_bytes"":[],""child.threads"":[],""child.fd_count"":[],""child.listener_count"":[],""wrapper.rss_bytes"":[],""wrapper.threads"":[],""wrapper.fd_count"":[],""wrapper.listener_count"":[],""cgroup.memory_current_bytes"":[],""cgroup.sum_leaf_lifetime_memory_peak_bytes"":[],""cgroup.memory_swap_current_bytes"":[],""cgroup.pids_current"":[],""cgroup.cpu.usage_usec"":[],""cgroup.cpu.user_usec"":[],""cgroup.cpu.system_usec"":[],""cgroup.cpu.nr_periods"":[],""cgroup.cpu.nr_throttled"":[],""cgroup.cpu.throttled_usec"":[]}","[""122aa96e9c6764ae46e07b526a7a165e048423584b105e0d50496f86e458bb8f""]",1
4,5,native,1,ready,after,4587520,3,11,1,3801088,3,19,1,1773568,5922816,0,6,57771,5016,52755,6,0,0,"{""child.rss_bytes"":[],""child.threads"":[],""child.fd_count"":[],""child.listener_count"":[],""wrapper.rss_bytes"":[],""wrapper.threads"":[],""wrapper.fd_count"":[],""wrapper.listener_count"":[],""cgroup.memory_current_bytes"":[],""cgroup.sum_leaf_lifetime_memory_peak_bytes"":[],""cgroup.memory_swap_current_bytes"":[],""cgroup.pids_current"":[],""cgroup.cpu.usage_usec"":[],""cgroup.cpu.user_usec"":[],""cgroup.cpu.system_usec"":[],""cgroup.cpu.nr_periods"":[],""cgroup.cpu.nr_throttled"":[],""cgroup.cpu.throttled_usec"":[]}","[""122aa96e9c6764ae46e07b526a7a165e048423584b105e0d50496f86e458bb8f""]",1
4,5,native,1,served,before,4587520,3,11,1,3801088,3,19,1,1818624,5922816,0,6,65370,5016,60354,8,0,0,"{""child.rss_bytes"":[],""child.threads"":[],""child.fd_count"":[],""child.listener_count"":[],""wrapper.rss_bytes"":[],""wrapper.threads"":[],""wrapper.fd_count"":[],""wrapper.listener_count"":[],""cgroup.memory_current_bytes"":[],""cgroup.sum_leaf_lifetime_memory_peak_bytes"":[],""cgroup.memory_swap_current_bytes"":[],""cgroup.pids_current"":[],""cgroup.cpu.usage_usec"":[],""cgroup.cpu.user_usec"":[],""cgroup.cpu.system_usec"":[],""cgroup.cpu.nr_periods"":[],""cgroup.cpu.nr_throttled"":[],""cgroup.cpu.throttled_usec"":[]}","[""122aa96e9c6764ae46e07b526a7a165e048423584b105e0d50496f86e458bb8f""]",1
4,5,native,1,served,after,4587520,3,11,1,3801088,3,19,1,1835008,5922816,0,6,75553,5016,70537,10,0,0,"{""child.rss_bytes"":[],""child.threads"":[],""child.fd_count"":[],""child.listener_count"":[],""wrapper.rss_bytes"":[],""wrapper.threads"":[],""wrapper.fd_count"":[],""wrapper.listener_count"":[],""cgroup.memory_current_bytes"":[],""cgroup.sum_leaf_lifetime_memory_peak_bytes"":[],""cgroup.memory_swap_current_bytes"":[],""cgroup.pids_current"":[],""cgroup.cpu.usage_usec"":[],""cgroup.cpu.user_usec"":[],""cgroup.cpu.system_usec"":[],""cgroup.cpu.nr_periods"":[],""cgroup.cpu.nr_throttled"":[],""cgroup.cpu.throttled_usec"":[]}","[""122aa96e9c6764ae46e07b526a7a165e048423584b105e0d50496f86e458bb8f""]",1
4,5,native,1,final,before,4718592,3,11,1,3801088,3,19,1,1998848,5922816,0,6,154397,34310,120087,15,0,0,"{""child.rss_bytes"":[],""child.threads"":[],""child.fd_count"":[],""child.listener_count"":[],""wrapper.rss_bytes"":[],""wrapper.threads"":[],""wrapper.fd_count"":[],""wrapper.listener_count"":[],""cgroup.memory_current_bytes"":[],""cgroup.sum_leaf_lifetime_memory_peak_bytes"":[],""cgroup.memory_swap_current_bytes"":[],""cgroup.pids_current"":[],""cgroup.cpu.usage_usec"":[],""cgroup.cpu.user_usec"":[],""cgroup.cpu.system_usec"":[],""cgroup.cpu.nr_periods"":[],""cgroup.cpu.nr_throttled"":[],""cgroup.cpu.throttled_usec"":[]}","[""122aa96e9c6764ae46e07b526a7a165e048423584b105e0d50496f86e458bb8f""]",1
4,5,native,1,final,after,4718592,3,11,1,3801088,3,19,1,2011136,5922816,0,6,163748,34734,129013,17,0,0,"{""child.rss_bytes"":[],""child.threads"":[],""child.fd_count"":[],""child.listener_count"":[],""wrapper.rss_bytes"":[],""wrapper.threads"":[],""wrapper.fd_count"":[],""wrapper.listener_count"":[],""cgroup.memory_current_bytes"":[],""cgroup.sum_leaf_lifetime_memory_peak_bytes"":[],""cgroup.memory_swap_current_bytes"":[],""cgroup.pids_current"":[],""cgroup.cpu.usage_usec"":[],""cgroup.cpu.user_usec"":[],""cgroup.cpu.system_usec"":[],""cgroup.cpu.nr_periods"":[],""cgroup.cpu.nr_throttled"":[],""cgroup.cpu.throttled_usec"":[]}","[""122aa96e9c6764ae46e07b526a7a165e048423584b105e0d50496f86e458bb8f""]",1
5,0,native,32,ready,before,146931712,96,352,32,117309440,96,608,32,51126272,192487424,0,192,2127647,442897,1684735,261,71,3552128,"{""child.rss_bytes"":[],""child.threads"":[],""child.fd_count"":[],""child.listener_count"":[],""wrapper.rss_bytes"":[],""wrapper.threads"":[],""wrapper.fd_count"":[],""wrapper.listener_count"":[],""cgroup.memory_current_bytes"":[],""cgroup.sum_leaf_lifetime_memory_peak_bytes"":[],""cgroup.memory_swap_current_bytes"":[],""cgroup.pids_current"":[],""cgroup.cpu.usage_usec"":[],""cgroup.cpu.user_usec"":[],""cgroup.cpu.system_usec"":[],""cgroup.cpu.nr_periods"":[],""cgroup.cpu.nr_throttled"":[],""cgroup.cpu.throttled_usec"":[]}","[""a13a238111f760b06c6428b28c971dc209e16d9a04a6b660c3e07356b1ad7985"",""5fb49c05f99460ee671dec28a90eea78e1098d99313a901ce4fb6536daafb0ea"",""7ae4da794d2f20223c313dd33dcc480c583690e88b4b74586b29bb0957e4051f"",""1bbdf0b2f80c1d9e82d252cef228f38a74dd7d0c736162f75300df044f6f03b6"",""a4cb3c9396ee05491a54dc5a82d626bcf6eca415ec1166a68d59bb4214534ccd"",""5d4c72e5bb8b7f6d6258fe8ceefcab889f87cdbfaf35518cb9e7484223ea2977"",""3c45451db0f2e22de9eb23d3e5990517bbdefd3a619af73540fe8228a692550d"",""63ae77ccea4eba2ba9652abcd8257229e6a7b74f0bed0dcf336c070bb75fae50"",""de8a66e7336fb545176030d26b445fcf997f5b8dc42e491bb21801ace2ade16d"",""d0dacae94df5b2d7fed84509945cc1cad1960e981c9c73b34b06037d39cb3b04"",""1d69287beb31b4e564cd0e7cc16e1161c2674cd001cd09cc0b1a311d4e0e8eda"",""8b63f86ba98b0767f657d4a22a39302e40ee5768fa2e0fdfc16dc4dcaebe7175"",""a479bf16877585f7a807630d8e53e126de452e717ff76ded62a7976e22b5d1dd"",""3ddb2f7305fbae2340dbeb9e0bf90df944e44ea2779fc3b022f9f5cf8fb01aea"",""ade96d8ff2e0a6082231162abd44ef4862dafafa3d9f7095ed96f94ad688cd11"",""226b6658166a20b52bdcd79af84fa67634b404c3fdea7643f553cafa1b3ccf68"",""b256d2e19be29819b8a73215c59f250e42624157079c5dd7a029dbbfd6d2c5ec"",""0240fc60fe5e98259139f66fcfcc0184665a599414ddd981bfdec2c66cd01688"",""4368232a4959f36537f1aac2f5f7207de640f012432c248cd9b9d62a10fc81a2"",""2ea24a01334fe9899f8d2172e6f73df759bf28f337582d107625efa35f4b43b7"",""68bc01b44cae8cc1fcbf86f8dc5202e492db99eebba45e2cfd438c0ea91e3e1d"",""00df276796a2f0f233e9dac4fa1fae1fe7b18e45014d9e8b564785e93f9712ab"",""f19769623b647a3c8eec2a0cb9f7f59a50b1f3a689d73a1d1fb31108ee563817"",""af5039a42ecbdd7bf6083522fe77a5f9cda10a54b3b63cb747dd909c551265e6"",""13391133f68c7d86d010370563ad512a49297d602eac29fb45a4c0b283a5b8e3"",""bb4efbae71c643dfefb15b8a12d5c4e098ca8a9abd39f086c099849a21504974"",""623ed863b5d920df8712aa40bbdb1f9a5aa15641274d77d9ad51fb8cdc561ea0"",""77c9c67a405e99f2d0665e13c8f35166c249e8ce8aea792617d36cd36355cb35"",""971d7d3a58c22b1e861acc34217f2378e0a29808ee36cc5f9f4df6f81298bcfe"",""94eca915943cbd18791a7ac5e6fd5db3c6c46a18fa419e43a0fa68c0aafcbbda"",""09ad005ac680847047513cc073350ee7ecce90a1454c5210b1fd97600ab24c2c"",""63615279436d7ca44df23f1c8fb93e3582fa68913740cc9550ff69be194c4131""]",32
5,0,native,32,ready,after,146931712,96,352,32,120455168,96,608,32,57655296,192487424,0,192,2437683,448890,1988779,328,71,3552128,"{""child.rss_bytes"":[],""child.threads"":[],""child.fd_count"":[],""child.listener_count"":[],""wrapper.rss_bytes"":[],""wrapper.threads"":[],""wrapper.fd_count"":[],""wrapper.listener_count"":[],""cgroup.memory_current_bytes"":[],""cgroup.sum_leaf_lifetime_memory_peak_bytes"":[],""cgroup.memory_swap_current_bytes"":[],""cgroup.pids_current"":[],""cgroup.cpu.usage_usec"":[],""cgroup.cpu.user_usec"":[],""cgroup.cpu.system_usec"":[],""cgroup.cpu.nr_periods"":[],""cgroup.cpu.nr_throttled"":[],""cgroup.cpu.throttled_usec"":[]}","[""a13a238111f760b06c6428b28c971dc209e16d9a04a6b660c3e07356b1ad7985"",""5fb49c05f99460ee671dec28a90eea78e1098d99313a901ce4fb6536daafb0ea"",""7ae4da794d2f20223c313dd33dcc480c583690e88b4b74586b29bb0957e4051f"",""1bbdf0b2f80c1d9e82d252cef228f38a74dd7d0c736162f75300df044f6f03b6"",""a4cb3c9396ee05491a54dc5a82d626bcf6eca415ec1166a68d59bb4214534ccd"",""5d4c72e5bb8b7f6d6258fe8ceefcab889f87cdbfaf35518cb9e7484223ea2977"",""3c45451db0f2e22de9eb23d3e5990517bbdefd3a619af73540fe8228a692550d"",""63ae77ccea4eba2ba9652abcd8257229e6a7b74f0bed0dcf336c070bb75fae50"",""de8a66e7336fb545176030d26b445fcf997f5b8dc42e491bb21801ace2ade16d"",""d0dacae94df5b2d7fed84509945cc1cad1960e981c9c73b34b06037d39cb3b04"",""1d69287beb31b4e564cd0e7cc16e1161c2674cd001cd09cc0b1a311d4e0e8eda"",""8b63f86ba98b0767f657d4a22a39302e40ee5768fa2e0fdfc16dc4dcaebe7175"",""a479bf16877585f7a807630d8e53e126de452e717ff76ded62a7976e22b5d1dd"",""3ddb2f7305fbae2340dbeb9e0bf90df944e44ea2779fc3b022f9f5cf8fb01aea"",""ade96d8ff2e0a6082231162abd44ef4862dafafa3d9f7095ed96f94ad688cd11"",""226b6658166a20b52bdcd79af84fa67634b404c3fdea7643f553cafa1b3ccf68"",""b256d2e19be29819b8a73215c59f250e42624157079c5dd7a029dbbfd6d2c5ec"",""0240fc60fe5e98259139f66fcfcc0184665a599414ddd981bfdec2c66cd01688"",""4368232a4959f36537f1aac2f5f7207de640f012432c248cd9b9d62a10fc81a2"",""2ea24a01334fe9899f8d2172e6f73df759bf28f337582d107625efa35f4b43b7"",""68bc01b44cae8cc1fcbf86f8dc5202e492db99eebba45e2cfd438c0ea91e3e1d"",""00df276796a2f0f233e9dac4fa1fae1fe7b18e45014d9e8b564785e93f9712ab"",""f19769623b647a3c8eec2a0cb9f7f59a50b1f3a689d73a1d1fb31108ee563817"",""af5039a42ecbdd7bf6083522fe77a5f9cda10a54b3b63cb747dd909c551265e6"",""13391133f68c7d86d010370563ad512a49297d602eac29fb45a4c0b283a5b8e3"",""bb4efbae71c643dfefb15b8a12d5c4e098ca8a9abd39f086c099849a21504974"",""623ed863b5d920df8712aa40bbdb1f9a5aa15641274d77d9ad51fb8cdc561ea0"",""77c9c67a405e99f2d0665e13c8f35166c249e8ce8aea792617d36cd36355cb35"",""971d7d3a58c22b1e861acc34217f2378e0a29808ee36cc5f9f4df6f81298bcfe"",""94eca915943cbd18791a7ac5e6fd5db3c6c46a18fa419e43a0fa68c0aafcbbda"",""09ad005ac680847047513cc073350ee7ecce90a1454c5210b1fd97600ab24c2c"",""63615279436d7ca44df23f1c8fb93e3582fa68913740cc9550ff69be194c4131""]",32
5,0,native,32,served,before,149028864,96,352,32,121372672,96,608,32,58654720,192487424,0,192,2747065,471535,2275514,408,71,3552128,"{""child.rss_bytes"":[],""child.threads"":[],""child.fd_count"":[],""child.listener_count"":[],""wrapper.rss_bytes"":[],""wrapper.threads"":[],""wrapper.fd_count"":[],""wrapper.listener_count"":[],""cgroup.memory_current_bytes"":[],""cgroup.sum_leaf_lifetime_memory_peak_bytes"":[],""cgroup.memory_swap_current_bytes"":[],""cgroup.pids_current"":[],""cgroup.cpu.usage_usec"":[],""cgroup.cpu.user_usec"":[],""cgroup.cpu.system_usec"":[],""cgroup.cpu.nr_periods"":[],""cgroup.cpu.nr_throttled"":[],""cgroup.cpu.throttled_usec"":[]}","[""a13a238111f760b06c6428b28c971dc209e16d9a04a6b660c3e07356b1ad7985"",""5fb49c05f99460ee671dec28a90eea78e1098d99313a901ce4fb6536daafb0ea"",""7ae4da794d2f20223c313dd33dcc480c583690e88b4b74586b29bb0957e4051f"",""1bbdf0b2f80c1d9e82d252cef228f38a74dd7d0c736162f75300df044f6f03b6"",""a4cb3c9396ee05491a54dc5a82d626bcf6eca415ec1166a68d59bb4214534ccd"",""5d4c72e5bb8b7f6d6258fe8ceefcab889f87cdbfaf35518cb9e7484223ea2977"",""3c45451db0f2e22de9eb23d3e5990517bbdefd3a619af73540fe8228a692550d"",""63ae77ccea4eba2ba9652abcd8257229e6a7b74f0bed0dcf336c070bb75fae50"",""de8a66e7336fb545176030d26b445fcf997f5b8dc42e491bb21801ace2ade16d"",""d0dacae94df5b2d7fed84509945cc1cad1960e981c9c73b34b06037d39cb3b04"",""1d69287beb31b4e564cd0e7cc16e1161c2674cd001cd09cc0b1a311d4e0e8eda"",""8b63f86ba98b0767f657d4a22a39302e40ee5768fa2e0fdfc16dc4dcaebe7175"",""a479bf16877585f7a807630d8e53e126de452e717ff76ded62a7976e22b5d1dd"",""3ddb2f7305fbae2340dbeb9e0bf90df944e44ea2779fc3b022f9f5cf8fb01aea"",""ade96d8ff2e0a6082231162abd44ef4862dafafa3d9f7095ed96f94ad688cd11"",""226b6658166a20b52bdcd79af84fa67634b404c3fdea7643f553cafa1b3ccf68"",""b256d2e19be29819b8a73215c59f250e42624157079c5dd7a029dbbfd6d2c5ec"",""0240fc60fe5e98259139f66fcfcc0184665a599414ddd981bfdec2c66cd01688"",""4368232a4959f36537f1aac2f5f7207de640f012432c248cd9b9d62a10fc81a2"",""2ea24a01334fe9899f8d2172e6f73df759bf28f337582d107625efa35f4b43b7"",""68bc01b44cae8cc1fcbf86f8dc5202e492db99eebba45e2cfd438c0ea91e3e1d"",""00df276796a2f0f233e9dac4fa1fae1fe7b18e45014d9e8b564785e93f9712ab"",""f19769623b647a3c8eec2a0cb9f7f59a50b1f3a689d73a1d1fb31108ee563817"",""af5039a42ecbdd7bf6083522fe77a5f9cda10a54b3b63cb747dd909c551265e6"",""13391133f68c7d86d010370563ad512a49297d602eac29fb45a4c0b283a5b8e3"",""bb4efbae71c643dfefb15b8a12d5c4e098ca8a9abd39f086c099849a21504974"",""623ed863b5d920df8712aa40bbdb1f9a5aa15641274d77d9ad51fb8cdc561ea0"",""77c9c67a405e99f2d0665e13c8f35166c249e8ce8aea792617d36cd36355cb35"",""971d7d3a58c22b1e861acc34217f2378e0a29808ee36cc5f9f4df6f81298bcfe"",""94eca915943cbd18791a7ac5e6fd5db3c6c46a18fa419e43a0fa68c0aafcbbda"",""09ad005ac680847047513cc073350ee7ecce90a1454c5210b1fd97600ab24c2c"",""63615279436d7ca44df23f1c8fb93e3582fa68913740cc9550ff69be194c4131""]",32
5,0,native,32,served,after,149028864,96,352,32,121372672,96,608,32,59199488,192487424,0,192,3051377,474286,2577078,474,71,3552128,"{""child.rss_bytes"":[],""child.threads"":[],""child.fd_count"":[],""child.listener_count"":[],""wrapper.rss_bytes"":[],""wrapper.threads"":[],""wrapper.fd_count"":[],""wrapper.listener_count"":[],""cgroup.memory_current_bytes"":[],""cgroup.sum_leaf_lifetime_memory_peak_bytes"":[],""cgroup.memory_swap_current_bytes"":[],""cgroup.pids_current"":[],""cgroup.cpu.usage_usec"":[],""cgroup.cpu.user_usec"":[],""cgroup.cpu.system_usec"":[],""cgroup.cpu.nr_periods"":[],""cgroup.cpu.nr_throttled"":[],""cgroup.cpu.throttled_usec"":[]}","[""a13a238111f760b06c6428b28c971dc209e16d9a04a6b660c3e07356b1ad7985"",""5fb49c05f99460ee671dec28a90eea78e1098d99313a901ce4fb6536daafb0ea"",""7ae4da794d2f20223c313dd33dcc480c583690e88b4b74586b29bb0957e4051f"",""1bbdf0b2f80c1d9e82d252cef228f38a74dd7d0c736162f75300df044f6f03b6"",""a4cb3c9396ee05491a54dc5a82d626bcf6eca415ec1166a68d59bb4214534ccd"",""5d4c72e5bb8b7f6d6258fe8ceefcab889f87cdbfaf35518cb9e7484223ea2977"",""3c45451db0f2e22de9eb23d3e5990517bbdefd3a619af73540fe8228a692550d"",""63ae77ccea4eba2ba9652abcd8257229e6a7b74f0bed0dcf336c070bb75fae50"",""de8a66e7336fb545176030d26b445fcf997f5b8dc42e491bb21801ace2ade16d"",""d0dacae94df5b2d7fed84509945cc1cad1960e981c9c73b34b06037d39cb3b04"",""1d69287beb31b4e564cd0e7cc16e1161c2674cd001cd09cc0b1a311d4e0e8eda"",""8b63f86ba98b0767f657d4a22a39302e40ee5768fa2e0fdfc16dc4dcaebe7175"",""a479bf16877585f7a807630d8e53e126de452e717ff76ded62a7976e22b5d1dd"",""3ddb2f7305fbae2340dbeb9e0bf90df944e44ea2779fc3b022f9f5cf8fb01aea"",""ade96d8ff2e0a6082231162abd44ef4862dafafa3d9f7095ed96f94ad688cd11"",""226b6658166a20b52bdcd79af84fa67634b404c3fdea7643f553cafa1b3ccf68"",""b256d2e19be29819b8a73215c59f250e42624157079c5dd7a029dbbfd6d2c5ec"",""0240fc60fe5e98259139f66fcfcc0184665a599414ddd981bfdec2c66cd01688"",""4368232a4959f36537f1aac2f5f7207de640f012432c248cd9b9d62a10fc81a2"",""2ea24a01334fe9899f8d2172e6f73df759bf28f337582d107625efa35f4b43b7"",""68bc01b44cae8cc1fcbf86f8dc5202e492db99eebba45e2cfd438c0ea91e3e1d"",""00df276796a2f0f233e9dac4fa1fae1fe7b18e45014d9e8b564785e93f9712ab"",""f19769623b647a3c8eec2a0cb9f7f59a50b1f3a689d73a1d1fb31108ee563817"",""af5039a42ecbdd7bf6083522fe77a5f9cda10a54b3b63cb747dd909c551265e6"",""13391133f68c7d86d010370563ad512a49297d602eac29fb45a4c0b283a5b8e3"",""bb4efbae71c643dfefb15b8a12d5c4e098ca8a9abd39f086c099849a21504974"",""623ed863b5d920df8712aa40bbdb1f9a5aa15641274d77d9ad51fb8cdc561ea0"",""77c9c67a405e99f2d0665e13c8f35166c249e8ce8aea792617d36cd36355cb35"",""971d7d3a58c22b1e861acc34217f2378e0a29808ee36cc5f9f4df6f81298bcfe"",""94eca915943cbd18791a7ac5e6fd5db3c6c46a18fa419e43a0fa68c0aafcbbda"",""09ad005ac680847047513cc073350ee7ecce90a1454c5210b1fd97600ab24c2c"",""63615279436d7ca44df23f1c8fb93e3582fa68913740cc9550ff69be194c4131""]",32
5,0,native,32,final,before,149159936,96,352,32,121372672,96,608,32,60493824,192487424,0,192,3434381,505647,2928722,601,72,3552128,"{""child.rss_bytes"":[],""child.threads"":[],""child.fd_count"":[],""child.listener_count"":[],""wrapper.rss_bytes"":[],""wrapper.threads"":[],""wrapper.fd_count"":[],""wrapper.listener_count"":[],""cgroup.memory_current_bytes"":[],""cgroup.sum_leaf_lifetime_memory_peak_bytes"":[],""cgroup.memory_swap_current_bytes"":[],""cgroup.pids_current"":[],""cgroup.cpu.usage_usec"":[],""cgroup.cpu.user_usec"":[],""cgroup.cpu.system_usec"":[],""cgroup.cpu.nr_periods"":[],""cgroup.cpu.nr_throttled"":[],""cgroup.cpu.throttled_usec"":[]}","[""a13a238111f760b06c6428b28c971dc209e16d9a04a6b660c3e07356b1ad7985"",""5fb49c05f99460ee671dec28a90eea78e1098d99313a901ce4fb6536daafb0ea"",""7ae4da794d2f20223c313dd33dcc480c583690e88b4b74586b29bb0957e4051f"",""1bbdf0b2f80c1d9e82d252cef228f38a74dd7d0c736162f75300df044f6f03b6"",""a4cb3c9396ee05491a54dc5a82d626bcf6eca415ec1166a68d59bb4214534ccd"",""5d4c72e5bb8b7f6d6258fe8ceefcab889f87cdbfaf35518cb9e7484223ea2977"",""3c45451db0f2e22de9eb23d3e5990517bbdefd3a619af73540fe8228a692550d"",""63ae77ccea4eba2ba9652abcd8257229e6a7b74f0bed0dcf336c070bb75fae50"",""de8a66e7336fb545176030d26b445fcf997f5b8dc42e491bb21801ace2ade16d"",""d0dacae94df5b2d7fed84509945cc1cad1960e981c9c73b34b06037d39cb3b04"",""1d69287beb31b4e564cd0e7cc16e1161c2674cd001cd09cc0b1a311d4e0e8eda"",""8b63f86ba98b0767f657d4a22a39302e40ee5768fa2e0fdfc16dc4dcaebe7175"",""a479bf16877585f7a807630d8e53e126de452e717ff76ded62a7976e22b5d1dd"",""3ddb2f7305fbae2340dbeb9e0bf90df944e44ea2779fc3b022f9f5cf8fb01aea"",""ade96d8ff2e0a6082231162abd44ef4862dafafa3d9f7095ed96f94ad688cd11"",""226b6658166a20b52bdcd79af84fa67634b404c3fdea7643f553cafa1b3ccf68"",""b256d2e19be29819b8a73215c59f250e42624157079c5dd7a029dbbfd6d2c5ec"",""0240fc60fe5e98259139f66fcfcc0184665a599414ddd981bfdec2c66cd01688"",""4368232a4959f36537f1aac2f5f7207de640f012432c248cd9b9d62a10fc81a2"",""2ea24a01334fe9899f8d2172e6f73df759bf28f337582d107625efa35f4b43b7"",""68bc01b44cae8cc1fcbf86f8dc5202e492db99eebba45e2cfd438c0ea91e3e1d"",""00df276796a2f0f233e9dac4fa1fae1fe7b18e45014d9e8b564785e93f9712ab"",""f19769623b647a3c8eec2a0cb9f7f59a50b1f3a689d73a1d1fb31108ee563817"",""af5039a42ecbdd7bf6083522fe77a5f9cda10a54b3b63cb747dd909c551265e6"",""13391133f68c7d86d010370563ad512a49297d602eac29fb45a4c0b283a5b8e3"",""bb4efbae71c643dfefb15b8a12d5c4e098ca8a9abd39f086c099849a21504974"",""623ed863b5d920df8712aa40bbdb1f9a5aa15641274d77d9ad51fb8cdc561ea0"",""77c9c67a405e99f2d0665e13c8f35166c249e8ce8aea792617d36cd36355cb35"",""971d7d3a58c22b1e861acc34217f2378e0a29808ee36cc5f9f4df6f81298bcfe"",""94eca915943cbd18791a7ac5e6fd5db3c6c46a18fa419e43a0fa68c0aafcbbda"",""09ad005ac680847047513cc073350ee7ecce90a1454c5210b1fd97600ab24c2c"",""63615279436d7ca44df23f1c8fb93e3582fa68913740cc9550ff69be194c4131""]",32
5,0,native,32,final,after,149159936,96,352,32,121503744,96,608,32,60514304,192487424,0,192,3744134,518309,3225813,665,72,3552128,"{""child.rss_bytes"":[],""child.threads"":[],""child.fd_count"":[],""child.listener_count"":[],""wrapper.rss_bytes"":[],""wrapper.threads"":[],""wrapper.fd_count"":[],""wrapper.listener_count"":[],""cgroup.memory_current_bytes"":[],""cgroup.sum_leaf_lifetime_memory_peak_bytes"":[],""cgroup.memory_swap_current_bytes"":[],""cgroup.pids_current"":[],""cgroup.cpu.usage_usec"":[],""cgroup.cpu.user_usec"":[],""cgroup.cpu.system_usec"":[],""cgroup.cpu.nr_periods"":[],""cgroup.cpu.nr_throttled"":[],""cgroup.cpu.throttled_usec"":[]}","[""a13a238111f760b06c6428b28c971dc209e16d9a04a6b660c3e07356b1ad7985"",""5fb49c05f99460ee671dec28a90eea78e1098d99313a901ce4fb6536daafb0ea"",""7ae4da794d2f20223c313dd33dcc480c583690e88b4b74586b29bb0957e4051f"",""1bbdf0b2f80c1d9e82d252cef228f38a74dd7d0c736162f75300df044f6f03b6"",""a4cb3c9396ee05491a54dc5a82d626bcf6eca415ec1166a68d59bb4214534ccd"",""5d4c72e5bb8b7f6d6258fe8ceefcab889f87cdbfaf35518cb9e7484223ea2977"",""3c45451db0f2e22de9eb23d3e5990517bbdefd3a619af73540fe8228a692550d"",""63ae77ccea4eba2ba9652abcd8257229e6a7b74f0bed0dcf336c070bb75fae50"",""de8a66e7336fb545176030d26b445fcf997f5b8dc42e491bb21801ace2ade16d"",""d0dacae94df5b2d7fed84509945cc1cad1960e981c9c73b34b06037d39cb3b04"",""1d69287beb31b4e564cd0e7cc16e1161c2674cd001cd09cc0b1a311d4e0e8eda"",""8b63f86ba98b0767f657d4a22a39302e40ee5768fa2e0fdfc16dc4dcaebe7175"",""a479bf16877585f7a807630d8e53e126de452e717ff76ded62a7976e22b5d1dd"",""3ddb2f7305fbae2340dbeb9e0bf90df944e44ea2779fc3b022f9f5cf8fb01aea"",""ade96d8ff2e0a6082231162abd44ef4862dafafa3d9f7095ed96f94ad688cd11"",""226b6658166a20b52bdcd79af84fa67634b404c3fdea7643f553cafa1b3ccf68"",""b256d2e19be29819b8a73215c59f250e42624157079c5dd7a029dbbfd6d2c5ec"",""0240fc60fe5e98259139f66fcfcc0184665a599414ddd981bfdec2c66cd01688"",""4368232a4959f36537f1aac2f5f7207de640f012432c248cd9b9d62a10fc81a2"",""2ea24a01334fe9899f8d2172e6f73df759bf28f337582d107625efa35f4b43b7"",""68bc01b44cae8cc1fcbf86f8dc5202e492db99eebba45e2cfd438c0ea91e3e1d"",""00df276796a2f0f233e9dac4fa1fae1fe7b18e45014d9e8b564785e93f9712ab"",""f19769623b647a3c8eec2a0cb9f7f59a50b1f3a689d73a1d1fb31108ee563817"",""af5039a42ecbdd7bf6083522fe77a5f9cda10a54b3b63cb747dd909c551265e6"",""13391133f68c7d86d010370563ad512a49297d602eac29fb45a4c0b283a5b8e3"",""bb4efbae71c643dfefb15b8a12d5c4e098ca8a9abd39f086c099849a21504974"",""623ed863b5d920df8712aa40bbdb1f9a5aa15641274d77d9ad51fb8cdc561ea0"",""77c9c67a405e99f2d0665e13c8f35166c249e8ce8aea792617d36cd36355cb35"",""971d7d3a58c22b1e861acc34217f2378e0a29808ee36cc5f9f4df6f81298bcfe"",""94eca915943cbd18791a7ac5e6fd5db3c6c46a18fa419e43a0fa68c0aafcbbda"",""09ad005ac680847047513cc073350ee7ecce90a1454c5210b1fd97600ab24c2c"",""63615279436d7ca44df23f1c8fb93e3582fa68913740cc9550ff69be194c4131""]",32
5,1,lsf,32,ready,before,13369344,7,48,1,4456448,3,81,1,4931584,8192000,0,10,113285,33566,79719,23,0,0,"{""child.rss_bytes"":[],""child.threads"":[],""child.fd_count"":[],""child.listener_count"":[],""wrapper.rss_bytes"":[],""wrapper.threads"":[],""wrapper.fd_count"":[],""wrapper.listener_count"":[],""cgroup.memory_current_bytes"":[],""cgroup.sum_leaf_lifetime_memory_peak_bytes"":[],""cgroup.memory_swap_current_bytes"":[],""cgroup.pids_current"":[],""cgroup.cpu.usage_usec"":[],""cgroup.cpu.user_usec"":[],""cgroup.cpu.system_usec"":[],""cgroup.cpu.nr_periods"":[],""cgroup.cpu.nr_throttled"":[],""cgroup.cpu.throttled_usec"":[]}","[""0d870f5b86b96f550b010a42981739a639536232c14d9081f3af4ad3e64fee50""]",1
5,1,lsf,32,ready,after,13369344,7,48,1,4718592,3,81,1,5328896,8192000,0,10,123763,34141,89621,28,0,0,"{""child.rss_bytes"":[],""child.threads"":[],""child.fd_count"":[],""child.listener_count"":[],""wrapper.rss_bytes"":[],""wrapper.threads"":[],""wrapper.fd_count"":[],""wrapper.listener_count"":[],""cgroup.memory_current_bytes"":[],""cgroup.sum_leaf_lifetime_memory_peak_bytes"":[],""cgroup.memory_swap_current_bytes"":[],""cgroup.pids_current"":[],""cgroup.cpu.usage_usec"":[],""cgroup.cpu.user_usec"":[],""cgroup.cpu.system_usec"":[],""cgroup.cpu.nr_periods"":[],""cgroup.cpu.nr_throttled"":[],""cgroup.cpu.throttled_usec"":[]}","[""0d870f5b86b96f550b010a42981739a639536232c14d9081f3af4ad3e64fee50""]",1
5,1,lsf,32,served,before,28155904,7,80,1,4718592,3,81,1,13131776,14209024,0,10,1230474,1097776,132698,44,0,0,"{""child.rss_bytes"":[],""child.threads"":[],""child.fd_count"":[],""child.listener_count"":[],""wrapper.rss_bytes"":[],""wrapper.threads"":[],""wrapper.fd_count"":[],""wrapper.listener_count"":[],""cgroup.memory_current_bytes"":[],""cgroup.sum_leaf_lifetime_memory_peak_bytes"":[],""cgroup.memory_swap_current_bytes"":[],""cgroup.pids_current"":[],""cgroup.cpu.usage_usec"":[],""cgroup.cpu.user_usec"":[],""cgroup.cpu.system_usec"":[],""cgroup.cpu.nr_periods"":[],""cgroup.cpu.nr_throttled"":[],""cgroup.cpu.throttled_usec"":[]}","[""0d870f5b86b96f550b010a42981739a639536232c14d9081f3af4ad3e64fee50""]",1
5,1,lsf,32,served,after,28155904,7,80,1,4718592,3,81,1,13221888,14209024,0,10,1245306,1100824,144481,47,0,0,"{""child.rss_bytes"":[],""child.threads"":[],""child.fd_count"":[],""child.listener_count"":[],""wrapper.rss_bytes"":[],""wrapper.threads"":[],""wrapper.fd_count"":[],""wrapper.listener_count"":[],""cgroup.memory_current_bytes"":[],""cgroup.sum_leaf_lifetime_memory_peak_bytes"":[],""cgroup.memory_swap_current_bytes"":[],""cgroup.pids_current"":[],""cgroup.cpu.usage_usec"":[],""cgroup.cpu.user_usec"":[],""cgroup.cpu.system_usec"":[],""cgroup.cpu.nr_periods"":[],""cgroup.cpu.nr_throttled"":[],""cgroup.cpu.throttled_usec"":[]}","[""0d870f5b86b96f550b010a42981739a639536232c14d9081f3af4ad3e64fee50""]",1
5,1,lsf,32,final,before,29335552,7,80,1,4718592,3,81,1,14606336,17158144,0,10,1404532,1206197,198334,51,0,0,"{""child.rss_bytes"":[],""child.threads"":[],""child.fd_count"":[],""child.listener_count"":[],""wrapper.rss_bytes"":[],""wrapper.threads"":[],""wrapper.fd_count"":[],""wrapper.listener_count"":[],""cgroup.memory_current_bytes"":[],""cgroup.sum_leaf_lifetime_memory_peak_bytes"":[],""cgroup.memory_swap_current_bytes"":[],""cgroup.pids_current"":[],""cgroup.cpu.usage_usec"":[],""cgroup.cpu.user_usec"":[],""cgroup.cpu.system_usec"":[],""cgroup.cpu.nr_periods"":[],""cgroup.cpu.nr_throttled"":[],""cgroup.cpu.throttled_usec"":[]}","[""0d870f5b86b96f550b010a42981739a639536232c14d9081f3af4ad3e64fee50""]",1
5,1,lsf,32,final,after,29335552,7,80,1,4718592,3,81,1,14659584,17158144,0,10,1415706,1210364,205342,55,0,0,"{""child.rss_bytes"":[],""child.threads"":[],""child.fd_count"":[],""child.listener_count"":[],""wrapper.rss_bytes"":[],""wrapper.threads"":[],""wrapper.fd_count"":[],""wrapper.listener_count"":[],""cgroup.memory_current_bytes"":[],""cgroup.sum_leaf_lifetime_memory_peak_bytes"":[],""cgroup.memory_swap_current_bytes"":[],""cgroup.pids_current"":[],""cgroup.cpu.usage_usec"":[],""cgroup.cpu.user_usec"":[],""cgroup.cpu.system_usec"":[],""cgroup.cpu.nr_periods"":[],""cgroup.cpu.nr_throttled"":[],""cgroup.cpu.throttled_usec"":[]}","[""0d870f5b86b96f550b010a42981739a639536232c14d9081f3af4ad3e64fee50""]",1
5,2,lsf,1,ready,before,12320768,7,17,1,3801088,3,19,1,2641920,7286784,0,10,71708,26890,44818,19,0,0,"{""child.rss_bytes"":[],""child.threads"":[],""child.fd_count"":[],""child.listener_count"":[],""wrapper.rss_bytes"":[],""wrapper.threads"":[],""wrapper.fd_count"":[],""wrapper.listener_count"":[],""cgroup.memory_current_bytes"":[],""cgroup.sum_leaf_lifetime_memory_peak_bytes"":[],""cgroup.memory_swap_current_bytes"":[],""cgroup.pids_current"":[],""cgroup.cpu.usage_usec"":[],""cgroup.cpu.user_usec"":[],""cgroup.cpu.system_usec"":[],""cgroup.cpu.nr_periods"":[],""cgroup.cpu.nr_throttled"":[],""cgroup.cpu.throttled_usec"":[]}","[""73f4dc5421092994423b8d1f6af358a48874491f9df18057cec621e52d9e7149""]",1
5,2,lsf,1,ready,after,12320768,7,17,1,3932160,3,19,1,3096576,7286784,0,10,84055,27791,56263,21,0,0,"{""child.rss_bytes"":[],""child.threads"":[],""child.fd_count"":[],""child.listener_count"":[],""wrapper.rss_bytes"":[],""wrapper.threads"":[],""wrapper.fd_count"":[],""wrapper.listener_count"":[],""cgroup.memory_current_bytes"":[],""cgroup.sum_leaf_lifetime_memory_peak_bytes"":[],""cgroup.memory_swap_current_bytes"":[],""cgroup.pids_current"":[],""cgroup.cpu.usage_usec"":[],""cgroup.cpu.user_usec"":[],""cgroup.cpu.system_usec"":[],""cgroup.cpu.nr_periods"":[],""cgroup.cpu.nr_throttled"":[],""cgroup.cpu.throttled_usec"":[]}","[""73f4dc5421092994423b8d1f6af358a48874491f9df18057cec621e52d9e7149""]",1
5,2,lsf,1,served,before,22020096,7,18,1,3932160,3,19,1,5349376,7286784,0,10,136484,72507,63977,25,0,0,"{""child.rss_bytes"":[],""child.threads"":[],""child.fd_count"":[],""child.listener_count"":[],""wrapper.rss_bytes"":[],""wrapper.threads"":[],""wrapper.fd_count"":[],""wrapper.listener_count"":[],""cgroup.memory_current_bytes"":[],""cgroup.sum_leaf_lifetime_memory_peak_bytes"":[],""cgroup.memory_swap_current_bytes"":[],""cgroup.pids_current"":[],""cgroup.cpu.usage_usec"":[],""cgroup.cpu.user_usec"":[],""cgroup.cpu.system_usec"":[],""cgroup.cpu.nr_periods"":[],""cgroup.cpu.nr_throttled"":[],""cgroup.cpu.throttled_usec"":[]}","[""73f4dc5421092994423b8d1f6af358a48874491f9df18057cec621e52d9e7149""]",1
5,2,lsf,1,served,after,22020096,7,18,1,3932160,3,19,1,5365760,7286784,0,10,148851,72783,76068,28,0,0,"{""child.rss_bytes"":[],""child.threads"":[],""child.fd_count"":[],""child.listener_count"":[],""wrapper.rss_bytes"":[],""wrapper.threads"":[],""wrapper.fd_count"":[],""wrapper.listener_count"":[],""cgroup.memory_current_bytes"":[],""cgroup.sum_leaf_lifetime_memory_peak_bytes"":[],""cgroup.memory_swap_current_bytes"":[],""cgroup.pids_current"":[],""cgroup.cpu.usage_usec"":[],""cgroup.cpu.user_usec"":[],""cgroup.cpu.system_usec"":[],""cgroup.cpu.nr_periods"":[],""cgroup.cpu.nr_throttled"":[],""cgroup.cpu.throttled_usec"":[]}","[""73f4dc5421092994423b8d1f6af358a48874491f9df18057cec621e52d9e7149""]",1
5,2,lsf,1,final,before,25296896,7,18,1,3932160,3,19,1,8441856,11059200,0,10,392772,214239,178532,34,0,0,"{""child.rss_bytes"":[],""child.threads"":[],""child.fd_count"":[],""child.listener_count"":[],""wrapper.rss_bytes"":[],""wrapper.threads"":[],""wrapper.fd_count"":[],""wrapper.listener_count"":[],""cgroup.memory_current_bytes"":[],""cgroup.sum_leaf_lifetime_memory_peak_bytes"":[],""cgroup.memory_swap_current_bytes"":[],""cgroup.pids_current"":[],""cgroup.cpu.usage_usec"":[],""cgroup.cpu.user_usec"":[],""cgroup.cpu.system_usec"":[],""cgroup.cpu.nr_periods"":[],""cgroup.cpu.nr_throttled"":[],""cgroup.cpu.throttled_usec"":[]}","[""73f4dc5421092994423b8d1f6af358a48874491f9df18057cec621e52d9e7149""]",1
5,2,lsf,1,final,after,25296896,7,18,1,3932160,3,19,1,8454144,11059200,0,10,404870,215447,189422,39,0,0,"{""child.rss_bytes"":[],""child.threads"":[],""child.fd_count"":[],""child.listener_count"":[],""wrapper.rss_bytes"":[],""wrapper.threads"":[],""wrapper.fd_count"":[],""wrapper.listener_count"":[],""cgroup.memory_current_bytes"":[],""cgroup.sum_leaf_lifetime_memory_peak_bytes"":[],""cgroup.memory_swap_current_bytes"":[],""cgroup.pids_current"":[],""cgroup.cpu.usage_usec"":[],""cgroup.cpu.user_usec"":[],""cgroup.cpu.system_usec"":[],""cgroup.cpu.nr_periods"":[],""cgroup.cpu.nr_throttled"":[],""cgroup.cpu.throttled_usec"":[]}","[""73f4dc5421092994423b8d1f6af358a48874491f9df18057cec621e52d9e7149""]",1
5,3,native,1,ready,before,4718592,3,11,1,3538944,3,19,1,1589248,6426624,0,6,50524,3844,46679,6,0,0,"{""child.rss_bytes"":[],""child.threads"":[],""child.fd_count"":[],""child.listener_count"":[],""wrapper.rss_bytes"":[],""wrapper.threads"":[],""wrapper.fd_count"":[],""wrapper.listener_count"":[],""cgroup.memory_current_bytes"":[],""cgroup.sum_leaf_lifetime_memory_peak_bytes"":[],""cgroup.memory_swap_current_bytes"":[],""cgroup.pids_current"":[],""cgroup.cpu.usage_usec"":[],""cgroup.cpu.user_usec"":[],""cgroup.cpu.system_usec"":[],""cgroup.cpu.nr_periods"":[],""cgroup.cpu.nr_throttled"":[],""cgroup.cpu.throttled_usec"":[]}","[""78f222e33f8449acc51ecf4b6666cf52799fdb2cc7df2d1a842cc6fd09cebb91""]",1
5,3,native,1,ready,after,4718592,3,11,1,3670016,3,19,1,1773568,6426624,0,6,57324,3844,53480,8,0,0,"{""child.rss_bytes"":[],""child.threads"":[],""child.fd_count"":[],""child.listener_count"":[],""wrapper.rss_bytes"":[],""wrapper.threads"":[],""wrapper.fd_count"":[],""wrapper.listener_count"":[],""cgroup.memory_current_bytes"":[],""cgroup.sum_leaf_lifetime_memory_peak_bytes"":[],""cgroup.memory_swap_current_bytes"":[],""cgroup.pids_current"":[],""cgroup.cpu.usage_usec"":[],""cgroup.cpu.user_usec"":[],""cgroup.cpu.system_usec"":[],""cgroup.cpu.nr_periods"":[],""cgroup.cpu.nr_throttled"":[],""cgroup.cpu.throttled_usec"":[]}","[""78f222e33f8449acc51ecf4b6666cf52799fdb2cc7df2d1a842cc6fd09cebb91""]",1
5,3,native,1,served,before,4718592,3,11,1,3670016,3,19,1,1826816,6426624,0,6,64410,6780,57630,10,0,0,"{""child.rss_bytes"":[],""child.threads"":[],""child.fd_count"":[],""child.listener_count"":[],""wrapper.rss_bytes"":[],""wrapper.threads"":[],""wrapper.fd_count"":[],""wrapper.listener_count"":[],""cgroup.memory_current_bytes"":[],""cgroup.sum_leaf_lifetime_memory_peak_bytes"":[],""cgroup.memory_swap_current_bytes"":[],""cgroup.pids_current"":[],""cgroup.cpu.usage_usec"":[],""cgroup.cpu.user_usec"":[],""cgroup.cpu.system_usec"":[],""cgroup.cpu.nr_periods"":[],""cgroup.cpu.nr_throttled"":[],""cgroup.cpu.throttled_usec"":[]}","[""78f222e33f8449acc51ecf4b6666cf52799fdb2cc7df2d1a842cc6fd09cebb91""]",1
5,3,native,1,served,after,4718592,3,11,1,3670016,3,19,1,1839104,6426624,0,6,75623,7202,68421,12,0,0,"{""child.rss_bytes"":[],""child.threads"":[],""child.fd_count"":[],""child.listener_count"":[],""wrapper.rss_bytes"":[],""wrapper.threads"":[],""wrapper.fd_count"":[],""wrapper.listener_count"":[],""cgroup.memory_current_bytes"":[],""cgroup.sum_leaf_lifetime_memory_peak_bytes"":[],""cgroup.memory_swap_current_bytes"":[],""cgroup.pids_current"":[],""cgroup.cpu.usage_usec"":[],""cgroup.cpu.user_usec"":[],""cgroup.cpu.system_usec"":[],""cgroup.cpu.nr_periods"":[],""cgroup.cpu.nr_throttled"":[],""cgroup.cpu.throttled_usec"":[]}","[""78f222e33f8449acc51ecf4b6666cf52799fdb2cc7df2d1a842cc6fd09cebb91""]",1
5,3,native,1,final,before,4718592,3,11,1,3670016,3,19,1,1974272,6426624,0,6,157992,39498,118494,16,0,0,"{""child.rss_bytes"":[],""child.threads"":[],""child.fd_count"":[],""child.listener_count"":[],""wrapper.rss_bytes"":[],""wrapper.threads"":[],""wrapper.fd_count"":[],""wrapper.listener_count"":[],""cgroup.memory_current_bytes"":[],""cgroup.sum_leaf_lifetime_memory_peak_bytes"":[],""cgroup.memory_swap_current_bytes"":[],""cgroup.pids_current"":[],""cgroup.cpu.usage_usec"":[],""cgroup.cpu.user_usec"":[],""cgroup.cpu.system_usec"":[],""cgroup.cpu.nr_periods"":[],""cgroup.cpu.nr_throttled"":[],""cgroup.cpu.throttled_usec"":[]}","[""78f222e33f8449acc51ecf4b6666cf52799fdb2cc7df2d1a842cc6fd09cebb91""]",1
5,3,native,1,final,after,4718592,3,11,1,3670016,3,19,1,1986560,6426624,0,6,169540,40229,129310,18,0,0,"{""child.rss_bytes"":[],""child.threads"":[],""child.fd_count"":[],""child.listener_count"":[],""wrapper.rss_bytes"":[],""wrapper.threads"":[],""wrapper.fd_count"":[],""wrapper.listener_count"":[],""cgroup.memory_current_bytes"":[],""cgroup.sum_leaf_lifetime_memory_peak_bytes"":[],""cgroup.memory_swap_current_bytes"":[],""cgroup.pids_current"":[],""cgroup.cpu.usage_usec"":[],""cgroup.cpu.user_usec"":[],""cgroup.cpu.system_usec"":[],""cgroup.cpu.nr_periods"":[],""cgroup.cpu.nr_throttled"":[],""cgroup.cpu.throttled_usec"":[]}","[""78f222e33f8449acc51ecf4b6666cf52799fdb2cc7df2d1a842cc6fd09cebb91""]",1
5,4,native,8,ready,before,36831232,24,88,8,29622272,24,152,8,13025280,49799168,0,48,458870,89222,369644,43,0,0,"{""child.rss_bytes"":[],""child.threads"":[],""child.fd_count"":[],""child.listener_count"":[],""wrapper.rss_bytes"":[],""wrapper.threads"":[],""wrapper.fd_count"":[],""wrapper.listener_count"":[],""cgroup.memory_current_bytes"":[],""cgroup.sum_leaf_lifetime_memory_peak_bytes"":[],""cgroup.memory_swap_current_bytes"":[],""cgroup.pids_current"":[],""cgroup.cpu.usage_usec"":[],""cgroup.cpu.user_usec"":[],""cgroup.cpu.system_usec"":[],""cgroup.cpu.nr_periods"":[],""cgroup.cpu.nr_throttled"":[],""cgroup.cpu.throttled_usec"":[]}","[""7d8cb56c74b284e5d06b4c692a3b8747a192c7ad72a5f66973e6b69c2c7266e7"",""c695a3315bcc0f3548e77fa9a650b04236e4af2a2fefd3063b7d4345aec26f74"",""acd8b5795d1ca6c83cdf38e7bb9e9a6f55642123b0650d1aae5220a5e9f96c74"",""1bb69bef480727f3a8e4ef47ad5bff417330e525b2e4f3da97e53a283b887dbc"",""e8ee28be9d856a96f6d8469518a571f05f1dfc09feed21808db8af8a3067382a"",""1b5465cde577c27e2f0b5cf9483e448d4cb1ac5aa607301fcad06c6822e5dd72"",""7eec997c23d72630c99f0b190bc91f7d37eab97697e9ac22c3578f34c55e41dc"",""2909c1080374270720489e137a7a221b7df149cf211e990ecb423d1308ca3301""]",8
5,4,native,8,ready,after,36831232,24,88,8,30539776,24,152,8,14229504,49799168,0,48,533335,89741,443591,59,0,0,"{""child.rss_bytes"":[],""child.threads"":[],""child.fd_count"":[],""child.listener_count"":[],""wrapper.rss_bytes"":[],""wrapper.threads"":[],""wrapper.fd_count"":[],""wrapper.listener_count"":[],""cgroup.memory_current_bytes"":[],""cgroup.sum_leaf_lifetime_memory_peak_bytes"":[],""cgroup.memory_swap_current_bytes"":[],""cgroup.pids_current"":[],""cgroup.cpu.usage_usec"":[],""cgroup.cpu.user_usec"":[],""cgroup.cpu.system_usec"":[],""cgroup.cpu.nr_periods"":[],""cgroup.cpu.nr_throttled"":[],""cgroup.cpu.throttled_usec"":[]}","[""7d8cb56c74b284e5d06b4c692a3b8747a192c7ad72a5f66973e6b69c2c7266e7"",""c695a3315bcc0f3548e77fa9a650b04236e4af2a2fefd3063b7d4345aec26f74"",""acd8b5795d1ca6c83cdf38e7bb9e9a6f55642123b0650d1aae5220a5e9f96c74"",""1bb69bef480727f3a8e4ef47ad5bff417330e525b2e4f3da97e53a283b887dbc"",""e8ee28be9d856a96f6d8469518a571f05f1dfc09feed21808db8af8a3067382a"",""1b5465cde577c27e2f0b5cf9483e448d4cb1ac5aa607301fcad06c6822e5dd72"",""7eec997c23d72630c99f0b190bc91f7d37eab97697e9ac22c3578f34c55e41dc"",""2909c1080374270720489e137a7a221b7df149cf211e990ecb423d1308ca3301""]",8
5,4,native,8,served,before,37093376,24,88,8,30539776,24,152,8,14888960,49799168,0,48,600621,101966,498648,78,0,0,"{""child.rss_bytes"":[],""child.threads"":[],""child.fd_count"":[],""child.listener_count"":[],""wrapper.rss_bytes"":[],""wrapper.threads"":[],""wrapper.fd_count"":[],""wrapper.listener_count"":[],""cgroup.memory_current_bytes"":[],""cgroup.sum_leaf_lifetime_memory_peak_bytes"":[],""cgroup.memory_swap_current_bytes"":[],""cgroup.pids_current"":[],""cgroup.cpu.usage_usec"":[],""cgroup.cpu.user_usec"":[],""cgroup.cpu.system_usec"":[],""cgroup.cpu.nr_periods"":[],""cgroup.cpu.nr_throttled"":[],""cgroup.cpu.throttled_usec"":[]}","[""7d8cb56c74b284e5d06b4c692a3b8747a192c7ad72a5f66973e6b69c2c7266e7"",""c695a3315bcc0f3548e77fa9a650b04236e4af2a2fefd3063b7d4345aec26f74"",""acd8b5795d1ca6c83cdf38e7bb9e9a6f55642123b0650d1aae5220a5e9f96c74"",""1bb69bef480727f3a8e4ef47ad5bff417330e525b2e4f3da97e53a283b887dbc"",""e8ee28be9d856a96f6d8469518a571f05f1dfc09feed21808db8af8a3067382a"",""1b5465cde577c27e2f0b5cf9483e448d4cb1ac5aa607301fcad06c6822e5dd72"",""7eec997c23d72630c99f0b190bc91f7d37eab97697e9ac22c3578f34c55e41dc"",""2909c1080374270720489e137a7a221b7df149cf211e990ecb423d1308ca3301""]",8
5,4,native,8,served,after,37093376,24,88,8,30539776,24,152,8,14761984,49799168,0,48,669906,106063,563842,95,0,0,"{""child.rss_bytes"":[],""child.threads"":[],""child.fd_count"":[],""child.listener_count"":[],""wrapper.rss_bytes"":[],""wrapper.threads"":[],""wrapper.fd_count"":[],""wrapper.listener_count"":[],""cgroup.memory_current_bytes"":[],""cgroup.sum_leaf_lifetime_memory_peak_bytes"":[],""cgroup.memory_swap_current_bytes"":[],""cgroup.pids_current"":[],""cgroup.cpu.usage_usec"":[],""cgroup.cpu.user_usec"":[],""cgroup.cpu.system_usec"":[],""cgroup.cpu.nr_periods"":[],""cgroup.cpu.nr_throttled"":[],""cgroup.cpu.throttled_usec"":[]}","[""7d8cb56c74b284e5d06b4c692a3b8747a192c7ad72a5f66973e6b69c2c7266e7"",""c695a3315bcc0f3548e77fa9a650b04236e4af2a2fefd3063b7d4345aec26f74"",""acd8b5795d1ca6c83cdf38e7bb9e9a6f55642123b0650d1aae5220a5e9f96c74"",""1bb69bef480727f3a8e4ef47ad5bff417330e525b2e4f3da97e53a283b887dbc"",""e8ee28be9d856a96f6d8469518a571f05f1dfc09feed21808db8af8a3067382a"",""1b5465cde577c27e2f0b5cf9483e448d4cb1ac5aa607301fcad06c6822e5dd72"",""7eec997c23d72630c99f0b190bc91f7d37eab97697e9ac22c3578f34c55e41dc"",""2909c1080374270720489e137a7a221b7df149cf211e990ecb423d1308ca3301""]",8
5,4,native,8,final,before,37093376,24,88,8,30539776,24,152,8,15011840,49799168,0,48,761371,119995,641372,127,0,0,"{""child.rss_bytes"":[],""child.threads"":[],""child.fd_count"":[],""child.listener_count"":[],""wrapper.rss_bytes"":[],""wrapper.threads"":[],""wrapper.fd_count"":[],""wrapper.listener_count"":[],""cgroup.memory_current_bytes"":[],""cgroup.sum_leaf_lifetime_memory_peak_bytes"":[],""cgroup.memory_swap_current_bytes"":[],""cgroup.pids_current"":[],""cgroup.cpu.usage_usec"":[],""cgroup.cpu.user_usec"":[],""cgroup.cpu.system_usec"":[],""cgroup.cpu.nr_periods"":[],""cgroup.cpu.nr_throttled"":[],""cgroup.cpu.throttled_usec"":[]}","[""7d8cb56c74b284e5d06b4c692a3b8747a192c7ad72a5f66973e6b69c2c7266e7"",""c695a3315bcc0f3548e77fa9a650b04236e4af2a2fefd3063b7d4345aec26f74"",""acd8b5795d1ca6c83cdf38e7bb9e9a6f55642123b0650d1aae5220a5e9f96c74"",""1bb69bef480727f3a8e4ef47ad5bff417330e525b2e4f3da97e53a283b887dbc"",""e8ee28be9d856a96f6d8469518a571f05f1dfc09feed21808db8af8a3067382a"",""1b5465cde577c27e2f0b5cf9483e448d4cb1ac5aa607301fcad06c6822e5dd72"",""7eec997c23d72630c99f0b190bc91f7d37eab97697e9ac22c3578f34c55e41dc"",""2909c1080374270720489e137a7a221b7df149cf211e990ecb423d1308ca3301""]",8
5,4,native,8,final,after,37093376,24,88,8,30539776,24,152,8,15118336,49799168,0,48,839732,124731,714996,144,0,0,"{""child.rss_bytes"":[],""child.threads"":[],""child.fd_count"":[],""child.listener_count"":[],""wrapper.rss_bytes"":[],""wrapper.threads"":[],""wrapper.fd_count"":[],""wrapper.listener_count"":[],""cgroup.memory_current_bytes"":[],""cgroup.sum_leaf_lifetime_memory_peak_bytes"":[],""cgroup.memory_swap_current_bytes"":[],""cgroup.pids_current"":[],""cgroup.cpu.usage_usec"":[],""cgroup.cpu.user_usec"":[],""cgroup.cpu.system_usec"":[],""cgroup.cpu.nr_periods"":[],""cgroup.cpu.nr_throttled"":[],""cgroup.cpu.throttled_usec"":[]}","[""7d8cb56c74b284e5d06b4c692a3b8747a192c7ad72a5f66973e6b69c2c7266e7"",""c695a3315bcc0f3548e77fa9a650b04236e4af2a2fefd3063b7d4345aec26f74"",""acd8b5795d1ca6c83cdf38e7bb9e9a6f55642123b0650d1aae5220a5e9f96c74"",""1bb69bef480727f3a8e4ef47ad5bff417330e525b2e4f3da97e53a283b887dbc"",""e8ee28be9d856a96f6d8469518a571f05f1dfc09feed21808db8af8a3067382a"",""1b5465cde577c27e2f0b5cf9483e448d4cb1ac5aa607301fcad06c6822e5dd72"",""7eec997c23d72630c99f0b190bc91f7d37eab97697e9ac22c3578f34c55e41dc"",""2909c1080374270720489e137a7a221b7df149cf211e990ecb423d1308ca3301""]",8
5,5,lsf,8,ready,before,12582912,7,24,1,4063232,3,33,1,3248128,6959104,0,10,79590,26530,53060,18,0,0,"{""child.rss_bytes"":[],""child.threads"":[],""child.fd_count"":[],""child.listener_count"":[],""wrapper.rss_bytes"":[],""wrapper.threads"":[],""wrapper.fd_count"":[],""wrapper.listener_count"":[],""cgroup.memory_current_bytes"":[],""cgroup.sum_leaf_lifetime_memory_peak_bytes"":[],""cgroup.memory_swap_current_bytes"":[],""cgroup.pids_current"":[],""cgroup.cpu.usage_usec"":[],""cgroup.cpu.user_usec"":[],""cgroup.cpu.system_usec"":[],""cgroup.cpu.nr_periods"":[],""cgroup.cpu.nr_throttled"":[],""cgroup.cpu.throttled_usec"":[]}","[""32599c16a566654dd8dc0215011b4f9656d29cd1c1e47b888825f8c36997952d""]",1
5,5,lsf,8,ready,after,12582912,7,24,1,4194304,3,33,1,3514368,6959104,0,10,93440,33638,59801,24,0,0,"{""child.rss_bytes"":[],""child.threads"":[],""child.fd_count"":[],""child.listener_count"":[],""wrapper.rss_bytes"":[],""wrapper.threads"":[],""wrapper.fd_count"":[],""wrapper.listener_count"":[],""cgroup.memory_current_bytes"":[],""cgroup.sum_leaf_lifetime_memory_peak_bytes"":[],""cgroup.memory_swap_current_bytes"":[],""cgroup.pids_current"":[],""cgroup.cpu.usage_usec"":[],""cgroup.cpu.user_usec"":[],""cgroup.cpu.system_usec"":[],""cgroup.cpu.nr_periods"":[],""cgroup.cpu.nr_throttled"":[],""cgroup.cpu.throttled_usec"":[]}","[""32599c16a566654dd8dc0215011b4f9656d29cd1c1e47b888825f8c36997952d""]",1
5,5,lsf,8,served,before,23801856,7,32,1,4194304,3,33,1,7688192,8626176,0,10,437375,353876,83498,31,0,0,"{""child.rss_bytes"":[],""child.threads"":[],""child.fd_count"":[],""child.listener_count"":[],""wrapper.rss_bytes"":[],""wrapper.threads"":[],""wrapper.fd_count"":[],""wrapper.listener_count"":[],""cgroup.memory_current_bytes"":[],""cgroup.sum_leaf_lifetime_memory_peak_bytes"":[],""cgroup.memory_swap_current_bytes"":[],""cgroup.pids_current"":[],""cgroup.cpu.usage_usec"":[],""cgroup.cpu.user_usec"":[],""cgroup.cpu.system_usec"":[],""cgroup.cpu.nr_periods"":[],""cgroup.cpu.nr_throttled"":[],""cgroup.cpu.throttled_usec"":[]}","[""32599c16a566654dd8dc0215011b4f9656d29cd1c1e47b888825f8c36997952d""]",1
5,5,lsf,8,served,after,23801856,7,32,1,4194304,3,33,1,7725056,8626176,0,10,450888,358295,92593,36,0,0,"{""child.rss_bytes"":[],""child.threads"":[],""child.fd_count"":[],""child.listener_count"":[],""wrapper.rss_bytes"":[],""wrapper.threads"":[],""wrapper.fd_count"":[],""wrapper.listener_count"":[],""cgroup.memory_current_bytes"":[],""cgroup.sum_leaf_lifetime_memory_peak_bytes"":[],""cgroup.memory_swap_current_bytes"":[],""cgroup.pids_current"":[],""cgroup.cpu.usage_usec"":[],""cgroup.cpu.user_usec"":[],""cgroup.cpu.system_usec"":[],""cgroup.cpu.nr_periods"":[],""cgroup.cpu.nr_throttled"":[],""cgroup.cpu.throttled_usec"":[]}","[""32599c16a566654dd8dc0215011b4f9656d29cd1c1e47b888825f8c36997952d""]",1
5,5,lsf,8,final,before,25112576,7,32,1,4194304,3,33,1,9314304,10440704,0,10,501334,388129,113204,41,0,0,"{""child.rss_bytes"":[],""child.threads"":[],""child.fd_count"":[],""child.listener_count"":[],""wrapper.rss_bytes"":[],""wrapper.threads"":[],""wrapper.fd_count"":[],""wrapper.listener_count"":[],""cgroup.memory_current_bytes"":[],""cgroup.sum_leaf_lifetime_memory_peak_bytes"":[],""cgroup.memory_swap_current_bytes"":[],""cgroup.pids_current"":[],""cgroup.cpu.usage_usec"":[],""cgroup.cpu.user_usec"":[],""cgroup.cpu.system_usec"":[],""cgroup.cpu.nr_periods"":[],""cgroup.cpu.nr_throttled"":[],""cgroup.cpu.throttled_usec"":[]}","[""32599c16a566654dd8dc0215011b4f9656d29cd1c1e47b888825f8c36997952d""]",1
5,5,lsf,8,final,after,25112576,7,32,1,4194304,3,33,1,9084928,10440704,0,10,513411,388129,125281,47,0,0,"{""child.rss_bytes"":[],""child.threads"":[],""child.fd_count"":[],""child.listener_count"":[],""wrapper.rss_bytes"":[],""wrapper.threads"":[],""wrapper.fd_count"":[],""wrapper.listener_count"":[],""cgroup.memory_current_bytes"":[],""cgroup.sum_leaf_lifetime_memory_peak_bytes"":[],""cgroup.memory_swap_current_bytes"":[],""cgroup.pids_current"":[],""cgroup.cpu.usage_usec"":[],""cgroup.cpu.user_usec"":[],""cgroup.cpu.system_usec"":[],""cgroup.cpu.nr_periods"":[],""cgroup.cpu.nr_throttled"":[],""cgroup.cpu.throttled_usec"":[]}","[""32599c16a566654dd8dc0215011b4f9656d29cd1c1e47b888825f8c36997952d""]",1
6,0,lsf,1,ready,before,12320768,7,17,1,3670016,3,19,1,2670592,6909952,0,10,69402,16077,53325,17,0,0,"{""child.rss_bytes"":[],""child.threads"":[],""child.fd_count"":[],""child.listener_count"":[],""wrapper.rss_bytes"":[],""wrapper.threads"":[],""wrapper.fd_count"":[],""wrapper.listener_count"":[],""cgroup.memory_current_bytes"":[],""cgroup.sum_leaf_lifetime_memory_peak_bytes"":[],""cgroup.memory_swap_current_bytes"":[],""cgroup.pids_current"":[],""cgroup.cpu.usage_usec"":[],""cgroup.cpu.user_usec"":[],""cgroup.cpu.system_usec"":[],""cgroup.cpu.nr_periods"":[],""cgroup.cpu.nr_throttled"":[],""cgroup.cpu.throttled_usec"":[]}","[""18984e7e9e74bc1bbd6a8fa67f13fd3564a947d9ac0e453dd09d007a49ce8904""]",1
6,0,lsf,1,ready,after,12320768,7,17,1,3801088,3,19,1,2854912,6909952,0,10,79405,18683,60722,22,0,0,"{""child.rss_bytes"":[],""child.threads"":[],""child.fd_count"":[],""child.listener_count"":[],""wrapper.rss_bytes"":[],""wrapper.threads"":[],""wrapper.fd_count"":[],""wrapper.listener_count"":[],""cgroup.memory_current_bytes"":[],""cgroup.sum_leaf_lifetime_memory_peak_bytes"":[],""cgroup.memory_swap_current_bytes"":[],""cgroup.pids_current"":[],""cgroup.cpu.usage_usec"":[],""cgroup.cpu.user_usec"":[],""cgroup.cpu.system_usec"":[],""cgroup.cpu.nr_periods"":[],""cgroup.cpu.nr_throttled"":[],""cgroup.cpu.throttled_usec"":[]}","[""18984e7e9e74bc1bbd6a8fa67f13fd3564a947d9ac0e453dd09d007a49ce8904""]",1
6,0,lsf,1,served,before,21610496,7,18,1,3801088,3,19,1,5459968,6909952,0,10,142847,57138,85708,27,0,0,"{""child.rss_bytes"":[],""child.threads"":[],""child.fd_count"":[],""child.listener_count"":[],""wrapper.rss_bytes"":[],""wrapper.threads"":[],""wrapper.fd_count"":[],""wrapper.listener_count"":[],""cgroup.memory_current_bytes"":[],""cgroup.sum_leaf_lifetime_memory_peak_bytes"":[],""cgroup.memory_swap_current_bytes"":[],""cgroup.pids_current"":[],""cgroup.cpu.usage_usec"":[],""cgroup.cpu.user_usec"":[],""cgroup.cpu.system_usec"":[],""cgroup.cpu.nr_periods"":[],""cgroup.cpu.nr_throttled"":[],""cgroup.cpu.throttled_usec"":[]}","[""18984e7e9e74bc1bbd6a8fa67f13fd3564a947d9ac0e453dd09d007a49ce8904""]",1
6,0,lsf,1,served,after,21610496,7,18,1,3801088,3,19,1,5476352,6909952,0,10,159469,62821,96648,34,0,0,"{""child.rss_bytes"":[],""child.threads"":[],""child.fd_count"":[],""child.listener_count"":[],""wrapper.rss_bytes"":[],""wrapper.threads"":[],""wrapper.fd_count"":[],""wrapper.listener_count"":[],""cgroup.memory_current_bytes"":[],""cgroup.sum_leaf_lifetime_memory_peak_bytes"":[],""cgroup.memory_swap_current_bytes"":[],""cgroup.pids_current"":[],""cgroup.cpu.usage_usec"":[],""cgroup.cpu.user_usec"":[],""cgroup.cpu.system_usec"":[],""cgroup.cpu.nr_periods"":[],""cgroup.cpu.nr_throttled"":[],""cgroup.cpu.throttled_usec"":[]}","[""18984e7e9e74bc1bbd6a8fa67f13fd3564a947d9ac0e453dd09d007a49ce8904""]",1
6,0,lsf,1,final,before,24625152,7,18,1,3801088,3,19,1,8568832,11120640,0,10,417287,204470,212816,41,0,0,"{""child.rss_bytes"":[],""child.threads"":[],""child.fd_count"":[],""child.listener_count"":[],""wrapper.rss_bytes"":[],""wrapper.threads"":[],""wrapper.fd_count"":[],""wrapper.listener_count"":[],""cgroup.memory_current_bytes"":[],""cgroup.sum_leaf_lifetime_memory_peak_bytes"":[],""cgroup.memory_swap_current_bytes"":[],""cgroup.pids_current"":[],""cgroup.cpu.usage_usec"":[],""cgroup.cpu.user_usec"":[],""cgroup.cpu.system_usec"":[],""cgroup.cpu.nr_periods"":[],""cgroup.cpu.nr_throttled"":[],""cgroup.cpu.throttled_usec"":[]}","[""18984e7e9e74bc1bbd6a8fa67f13fd3564a947d9ac0e453dd09d007a49ce8904""]",1
6,0,lsf,1,final,after,24625152,7,18,1,3801088,3,19,1,8568832,11120640,0,10,431221,209330,221890,46,0,0,"{""child.rss_bytes"":[],""child.threads"":[],""child.fd_count"":[],""child.listener_count"":[],""wrapper.rss_bytes"":[],""wrapper.threads"":[],""wrapper.fd_count"":[],""wrapper.listener_count"":[],""cgroup.memory_current_bytes"":[],""cgroup.sum_leaf_lifetime_memory_peak_bytes"":[],""cgroup.memory_swap_current_bytes"":[],""cgroup.pids_current"":[],""cgroup.cpu.usage_usec"":[],""cgroup.cpu.user_usec"":[],""cgroup.cpu.system_usec"":[],""cgroup.cpu.nr_periods"":[],""cgroup.cpu.nr_throttled"":[],""cgroup.cpu.throttled_usec"":[]}","[""18984e7e9e74bc1bbd6a8fa67f13fd3564a947d9ac0e453dd09d007a49ce8904""]",1
6,1,native,1,ready,before,4587520,3,11,1,3801088,3,19,1,1585152,6025216,0,6,51802,10522,41280,5,0,0,"{""child.rss_bytes"":[],""child.threads"":[],""child.fd_count"":[],""child.listener_count"":[],""wrapper.rss_bytes"":[],""wrapper.threads"":[],""wrapper.fd_count"":[],""wrapper.listener_count"":[],""cgroup.memory_current_bytes"":[],""cgroup.sum_leaf_lifetime_memory_peak_bytes"":[],""cgroup.memory_swap_current_bytes"":[],""cgroup.pids_current"":[],""cgroup.cpu.usage_usec"":[],""cgroup.cpu.user_usec"":[],""cgroup.cpu.system_usec"":[],""cgroup.cpu.nr_periods"":[],""cgroup.cpu.nr_throttled"":[],""cgroup.cpu.throttled_usec"":[]}","[""174dbe834c914bb89787541c8ea36edfb17c68d556d7f500408f29f227d1d205""]",1
6,1,native,1,ready,after,4587520,3,11,1,3932160,3,19,1,1769472,6025216,0,6,60798,10522,50276,7,0,0,"{""child.rss_bytes"":[],""child.threads"":[],""child.fd_count"":[],""child.listener_count"":[],""wrapper.rss_bytes"":[],""wrapper.threads"":[],""wrapper.fd_count"":[],""wrapper.listener_count"":[],""cgroup.memory_current_bytes"":[],""cgroup.sum_leaf_lifetime_memory_peak_bytes"":[],""cgroup.memory_swap_current_bytes"":[],""cgroup.pids_current"":[],""cgroup.cpu.usage_usec"":[],""cgroup.cpu.user_usec"":[],""cgroup.cpu.system_usec"":[],""cgroup.cpu.nr_periods"":[],""cgroup.cpu.nr_throttled"":[],""cgroup.cpu.throttled_usec"":[]}","[""174dbe834c914bb89787541c8ea36edfb17c68d556d7f500408f29f227d1d205""]",1
6,1,native,1,served,before,4587520,3,11,1,3932160,3,19,1,1818624,6025216,0,6,69756,10522,59233,9,0,0,"{""child.rss_bytes"":[],""child.threads"":[],""child.fd_count"":[],""child.listener_count"":[],""wrapper.rss_bytes"":[],""wrapper.threads"":[],""wrapper.fd_count"":[],""wrapper.listener_count"":[],""cgroup.memory_current_bytes"":[],""cgroup.sum_leaf_lifetime_memory_peak_bytes"":[],""cgroup.memory_swap_current_bytes"":[],""cgroup.pids_current"":[],""cgroup.cpu.usage_usec"":[],""cgroup.cpu.user_usec"":[],""cgroup.cpu.system_usec"":[],""cgroup.cpu.nr_periods"":[],""cgroup.cpu.nr_throttled"":[],""cgroup.cpu.throttled_usec"":[]}","[""174dbe834c914bb89787541c8ea36edfb17c68d556d7f500408f29f227d1d205""]",1
6,1,native,1,served,after,4587520,3,11,1,3932160,3,19,1,1830912,6025216,0,6,81783,10522,71261,11,0,0,"{""child.rss_bytes"":[],""child.threads"":[],""child.fd_count"":[],""child.listener_count"":[],""wrapper.rss_bytes"":[],""wrapper.threads"":[],""wrapper.fd_count"":[],""wrapper.listener_count"":[],""cgroup.memory_current_bytes"":[],""cgroup.sum_leaf_lifetime_memory_peak_bytes"":[],""cgroup.memory_swap_current_bytes"":[],""cgroup.pids_current"":[],""cgroup.cpu.usage_usec"":[],""cgroup.cpu.user_usec"":[],""cgroup.cpu.system_usec"":[],""cgroup.cpu.nr_periods"":[],""cgroup.cpu.nr_throttled"":[],""cgroup.cpu.throttled_usec"":[]}","[""174dbe834c914bb89787541c8ea36edfb17c68d556d7f500408f29f227d1d205""]",1
6,1,native,1,final,before,4718592,3,11,1,3932160,3,19,1,2252800,6025216,0,6,168971,22169,146802,15,0,0,"{""child.rss_bytes"":[],""child.threads"":[],""child.fd_count"":[],""child.listener_count"":[],""wrapper.rss_bytes"":[],""wrapper.threads"":[],""wrapper.fd_count"":[],""wrapper.listener_count"":[],""cgroup.memory_current_bytes"":[],""cgroup.sum_leaf_lifetime_memory_peak_bytes"":[],""cgroup.memory_swap_current_bytes"":[],""cgroup.pids_current"":[],""cgroup.cpu.usage_usec"":[],""cgroup.cpu.user_usec"":[],""cgroup.cpu.system_usec"":[],""cgroup.cpu.nr_periods"":[],""cgroup.cpu.nr_throttled"":[],""cgroup.cpu.throttled_usec"":[]}","[""174dbe834c914bb89787541c8ea36edfb17c68d556d7f500408f29f227d1d205""]",1
6,1,native,1,final,after,4718592,3,11,1,3932160,3,19,1,2007040,6025216,0,6,176306,22169,154136,17,0,0,"{""child.rss_bytes"":[],""child.threads"":[],""child.fd_count"":[],""child.listener_count"":[],""wrapper.rss_bytes"":[],""wrapper.threads"":[],""wrapper.fd_count"":[],""wrapper.listener_count"":[],""cgroup.memory_current_bytes"":[],""cgroup.sum_leaf_lifetime_memory_peak_bytes"":[],""cgroup.memory_swap_current_bytes"":[],""cgroup.pids_current"":[],""cgroup.cpu.usage_usec"":[],""cgroup.cpu.user_usec"":[],""cgroup.cpu.system_usec"":[],""cgroup.cpu.nr_periods"":[],""cgroup.cpu.nr_throttled"":[],""cgroup.cpu.throttled_usec"":[]}","[""174dbe834c914bb89787541c8ea36edfb17c68d556d7f500408f29f227d1d205""]",1
6,2,native,8,ready,before,36569088,24,88,8,29491200,24,152,8,12722176,49201152,0,48,479441,90594,388842,45,0,0,"{""child.rss_bytes"":[],""child.threads"":[],""child.fd_count"":[],""child.listener_count"":[],""wrapper.rss_bytes"":[],""wrapper.threads"":[],""wrapper.fd_count"":[],""wrapper.listener_count"":[],""cgroup.memory_current_bytes"":[],""cgroup.sum_leaf_lifetime_memory_peak_bytes"":[],""cgroup.memory_swap_current_bytes"":[],""cgroup.pids_current"":[],""cgroup.cpu.usage_usec"":[],""cgroup.cpu.user_usec"":[],""cgroup.cpu.system_usec"":[],""cgroup.cpu.nr_periods"":[],""cgroup.cpu.nr_throttled"":[],""cgroup.cpu.throttled_usec"":[]}","[""7353cb6b1395407e96334933f84a038f7fef4918f05a399db1d902785517e790"",""d8cdfd389b706b61d461226202046e4be1522b94adfdfeaee891cd239eaeffef"",""fa2b3fb8e878bcb2e9f9e0b5c48b56e07618248a091b9164eb3956980a971593"",""559838bfecdbf3c01c85c17b85f00c4b5ee26e65d40340ae994fc2f0626fb0ee"",""cfde6f12c87409deaa4347cc2a1e95ec192106c1825eec78f25679299ceb2487"",""6e7e63e69e9879500010c70b81704a0d7fa4cdfb59853f01924af35421ba3525"",""21056925e03d70df5a9507af91fdea4051f4ec0178f90ddcedf9d4265eb6d362"",""e507a58331f8a38c334c008ce7068e1b48080e87bfbecb3c5a90f38e43694cca""]",8
6,2,native,8,ready,after,36569088,24,88,8,30146560,24,152,8,14209024,49201152,0,48,555715,95663,460047,61,0,0,"{""child.rss_bytes"":[],""child.threads"":[],""child.fd_count"":[],""child.listener_count"":[],""wrapper.rss_bytes"":[],""wrapper.threads"":[],""wrapper.fd_count"":[],""wrapper.listener_count"":[],""cgroup.memory_current_bytes"":[],""cgroup.sum_leaf_lifetime_memory_peak_bytes"":[],""cgroup.memory_swap_current_bytes"":[],""cgroup.pids_current"":[],""cgroup.cpu.usage_usec"":[],""cgroup.cpu.user_usec"":[],""cgroup.cpu.system_usec"":[],""cgroup.cpu.nr_periods"":[],""cgroup.cpu.nr_throttled"":[],""cgroup.cpu.throttled_usec"":[]}","[""7353cb6b1395407e96334933f84a038f7fef4918f05a399db1d902785517e790"",""d8cdfd389b706b61d461226202046e4be1522b94adfdfeaee891cd239eaeffef"",""fa2b3fb8e878bcb2e9f9e0b5c48b56e07618248a091b9164eb3956980a971593"",""559838bfecdbf3c01c85c17b85f00c4b5ee26e65d40340ae994fc2f0626fb0ee"",""cfde6f12c87409deaa4347cc2a1e95ec192106c1825eec78f25679299ceb2487"",""6e7e63e69e9879500010c70b81704a0d7fa4cdfb59853f01924af35421ba3525"",""21056925e03d70df5a9507af91fdea4051f4ec0178f90ddcedf9d4265eb6d362"",""e507a58331f8a38c334c008ce7068e1b48080e87bfbecb3c5a90f38e43694cca""]",8
6,2,native,8,served,before,36962304,24,88,8,30539776,24,152,8,14614528,49201152,0,48,635556,104233,531318,77,0,0,"{""child.rss_bytes"":[],""child.threads"":[],""child.fd_count"":[],""child.listener_count"":[],""wrapper.rss_bytes"":[],""wrapper.threads"":[],""wrapper.fd_count"":[],""wrapper.listener_count"":[],""cgroup.memory_current_bytes"":[],""cgroup.sum_leaf_lifetime_memory_peak_bytes"":[],""cgroup.memory_swap_current_bytes"":[],""cgroup.pids_current"":[],""cgroup.cpu.usage_usec"":[],""cgroup.cpu.user_usec"":[],""cgroup.cpu.system_usec"":[],""cgroup.cpu.nr_periods"":[],""cgroup.cpu.nr_throttled"":[],""cgroup.cpu.throttled_usec"":[]}","[""7353cb6b1395407e96334933f84a038f7fef4918f05a399db1d902785517e790"",""d8cdfd389b706b61d461226202046e4be1522b94adfdfeaee891cd239eaeffef"",""fa2b3fb8e878bcb2e9f9e0b5c48b56e07618248a091b9164eb3956980a971593"",""559838bfecdbf3c01c85c17b85f00c4b5ee26e65d40340ae994fc2f0626fb0ee"",""cfde6f12c87409deaa4347cc2a1e95ec192106c1825eec78f25679299ceb2487"",""6e7e63e69e9879500010c70b81704a0d7fa4cdfb59853f01924af35421ba3525"",""21056925e03d70df5a9507af91fdea4051f4ec0178f90ddcedf9d4265eb6d362"",""e507a58331f8a38c334c008ce7068e1b48080e87bfbecb3c5a90f38e43694cca""]",8
6,2,native,8,served,after,36962304,24,88,8,30539776,24,152,8,14753792,49201152,0,48,711466,108845,602618,94,0,0,"{""child.rss_bytes"":[],""child.threads"":[],""child.fd_count"":[],""child.listener_count"":[],""wrapper.rss_bytes"":[],""wrapper.threads"":[],""wrapper.fd_count"":[],""wrapper.listener_count"":[],""cgroup.memory_current_bytes"":[],""cgroup.sum_leaf_lifetime_memory_peak_bytes"":[],""cgroup.memory_swap_current_bytes"":[],""cgroup.pids_current"":[],""cgroup.cpu.usage_usec"":[],""cgroup.cpu.user_usec"":[],""cgroup.cpu.system_usec"":[],""cgroup.cpu.nr_periods"":[],""cgroup.cpu.nr_throttled"":[],""cgroup.cpu.throttled_usec"":[]}","[""7353cb6b1395407e96334933f84a038f7fef4918f05a399db1d902785517e790"",""d8cdfd389b706b61d461226202046e4be1522b94adfdfeaee891cd239eaeffef"",""fa2b3fb8e878bcb2e9f9e0b5c48b56e07618248a091b9164eb3956980a971593"",""559838bfecdbf3c01c85c17b85f00c4b5ee26e65d40340ae994fc2f0626fb0ee"",""cfde6f12c87409deaa4347cc2a1e95ec192106c1825eec78f25679299ceb2487"",""6e7e63e69e9879500010c70b81704a0d7fa4cdfb59853f01924af35421ba3525"",""21056925e03d70df5a9507af91fdea4051f4ec0178f90ddcedf9d4265eb6d362"",""e507a58331f8a38c334c008ce7068e1b48080e87bfbecb3c5a90f38e43694cca""]",8
6,2,native,8,final,before,36962304,24,88,8,30539776,24,152,8,15020032,49201152,0,48,790141,114066,676069,126,0,0,"{""child.rss_bytes"":[],""child.threads"":[],""child.fd_count"":[],""child.listener_count"":[],""wrapper.rss_bytes"":[],""wrapper.threads"":[],""wrapper.fd_count"":[],""wrapper.listener_count"":[],""cgroup.memory_current_bytes"":[],""cgroup.sum_leaf_lifetime_memory_peak_bytes"":[],""cgroup.memory_swap_current_bytes"":[],""cgroup.pids_current"":[],""cgroup.cpu.usage_usec"":[],""cgroup.cpu.user_usec"":[],""cgroup.cpu.system_usec"":[],""cgroup.cpu.nr_periods"":[],""cgroup.cpu.nr_throttled"":[],""cgroup.cpu.throttled_usec"":[]}","[""7353cb6b1395407e96334933f84a038f7fef4918f05a399db1d902785517e790"",""d8cdfd389b706b61d461226202046e4be1522b94adfdfeaee891cd239eaeffef"",""fa2b3fb8e878bcb2e9f9e0b5c48b56e07618248a091b9164eb3956980a971593"",""559838bfecdbf3c01c85c17b85f00c4b5ee26e65d40340ae994fc2f0626fb0ee"",""cfde6f12c87409deaa4347cc2a1e95ec192106c1825eec78f25679299ceb2487"",""6e7e63e69e9879500010c70b81704a0d7fa4cdfb59853f01924af35421ba3525"",""21056925e03d70df5a9507af91fdea4051f4ec0178f90ddcedf9d4265eb6d362"",""e507a58331f8a38c334c008ce7068e1b48080e87bfbecb3c5a90f38e43694cca""]",8
6,2,native,8,final,after,36962304,24,88,8,30539776,24,152,8,15118336,49201152,0,48,859872,121846,738020,144,0,0,"{""child.rss_bytes"":[],""child.threads"":[],""child.fd_count"":[],""child.listener_count"":[],""wrapper.rss_bytes"":[],""wrapper.threads"":[],""wrapper.fd_count"":[],""wrapper.listener_count"":[],""cgroup.memory_current_bytes"":[],""cgroup.sum_leaf_lifetime_memory_peak_bytes"":[],""cgroup.memory_swap_current_bytes"":[],""cgroup.pids_current"":[],""cgroup.cpu.usage_usec"":[],""cgroup.cpu.user_usec"":[],""cgroup.cpu.system_usec"":[],""cgroup.cpu.nr_periods"":[],""cgroup.cpu.nr_throttled"":[],""cgroup.cpu.throttled_usec"":[]}","[""7353cb6b1395407e96334933f84a038f7fef4918f05a399db1d902785517e790"",""d8cdfd389b706b61d461226202046e4be1522b94adfdfeaee891cd239eaeffef"",""fa2b3fb8e878bcb2e9f9e0b5c48b56e07618248a091b9164eb3956980a971593"",""559838bfecdbf3c01c85c17b85f00c4b5ee26e65d40340ae994fc2f0626fb0ee"",""cfde6f12c87409deaa4347cc2a1e95ec192106c1825eec78f25679299ceb2487"",""6e7e63e69e9879500010c70b81704a0d7fa4cdfb59853f01924af35421ba3525"",""21056925e03d70df5a9507af91fdea4051f4ec0178f90ddcedf9d4265eb6d362"",""e507a58331f8a38c334c008ce7068e1b48080e87bfbecb3c5a90f38e43694cca""]",8
6,3,lsf,8,ready,before,12582912,7,24,1,4063232,3,33,1,3272704,7921664,0,10,77147,26992,50155,16,0,0,"{""child.rss_bytes"":[],""child.threads"":[],""child.fd_count"":[],""child.listener_count"":[],""wrapper.rss_bytes"":[],""wrapper.threads"":[],""wrapper.fd_count"":[],""wrapper.listener_count"":[],""cgroup.memory_current_bytes"":[],""cgroup.sum_leaf_lifetime_memory_peak_bytes"":[],""cgroup.memory_swap_current_bytes"":[],""cgroup.pids_current"":[],""cgroup.cpu.usage_usec"":[],""cgroup.cpu.user_usec"":[],""cgroup.cpu.system_usec"":[],""cgroup.cpu.nr_periods"":[],""cgroup.cpu.nr_throttled"":[],""cgroup.cpu.throttled_usec"":[]}","[""df54492234221d23d6089a738c4714cf42f8dd904bfc98af14caa1a15bcdde6d""]",1
6,3,lsf,8,ready,after,12582912,7,24,1,4194304,3,33,1,3514368,7921664,0,10,92703,26992,65711,22,0,0,"{""child.rss_bytes"":[],""child.threads"":[],""child.fd_count"":[],""child.listener_count"":[],""wrapper.rss_bytes"":[],""wrapper.threads"":[],""wrapper.fd_count"":[],""wrapper.listener_count"":[],""cgroup.memory_current_bytes"":[],""cgroup.sum_leaf_lifetime_memory_peak_bytes"":[],""cgroup.memory_swap_current_bytes"":[],""cgroup.pids_current"":[],""cgroup.cpu.usage_usec"":[],""cgroup.cpu.user_usec"":[],""cgroup.cpu.system_usec"":[],""cgroup.cpu.nr_periods"":[],""cgroup.cpu.nr_throttled"":[],""cgroup.cpu.throttled_usec"":[]}","[""df54492234221d23d6089a738c4714cf42f8dd904bfc98af14caa1a15bcdde6d""]",1
6,3,lsf,8,served,before,23547904,7,32,1,4194304,3,33,1,7634944,8687616,0,10,427012,341610,85402,30,0,0,"{""child.rss_bytes"":[],""child.threads"":[],""child.fd_count"":[],""child.listener_count"":[],""wrapper.rss_bytes"":[],""wrapper.threads"":[],""wrapper.fd_count"":[],""wrapper.listener_count"":[],""cgroup.memory_current_bytes"":[],""cgroup.sum_leaf_lifetime_memory_peak_bytes"":[],""cgroup.memory_swap_current_bytes"":[],""cgroup.pids_current"":[],""cgroup.cpu.usage_usec"":[],""cgroup.cpu.user_usec"":[],""cgroup.cpu.system_usec"":[],""cgroup.cpu.nr_periods"":[],""cgroup.cpu.nr_throttled"":[],""cgroup.cpu.throttled_usec"":[]}","[""df54492234221d23d6089a738c4714cf42f8dd904bfc98af14caa1a15bcdde6d""]",1
6,3,lsf,8,served,after,23547904,7,32,1,4194304,3,33,1,7667712,8687616,0,10,440227,345599,94628,35,0,0,"{""child.rss_bytes"":[],""child.threads"":[],""child.fd_count"":[],""child.listener_count"":[],""wrapper.rss_bytes"":[],""wrapper.threads"":[],""wrapper.fd_count"":[],""wrapper.listener_count"":[],""cgroup.memory_current_bytes"":[],""cgroup.sum_leaf_lifetime_memory_peak_bytes"":[],""cgroup.memory_swap_current_bytes"":[],""cgroup.pids_current"":[],""cgroup.cpu.usage_usec"":[],""cgroup.cpu.user_usec"":[],""cgroup.cpu.system_usec"":[],""cgroup.cpu.nr_periods"":[],""cgroup.cpu.nr_throttled"":[],""cgroup.cpu.throttled_usec"":[]}","[""df54492234221d23d6089a738c4714cf42f8dd904bfc98af14caa1a15bcdde6d""]",1
6,3,lsf,8,final,before,24858624,7,32,1,4194304,3,33,1,9015296,10280960,0,10,501033,377828,123204,39,0,0,"{""child.rss_bytes"":[],""child.threads"":[],""child.fd_count"":[],""child.listener_count"":[],""wrapper.rss_bytes"":[],""wrapper.threads"":[],""wrapper.fd_count"":[],""wrapper.listener_count"":[],""cgroup.memory_current_bytes"":[],""cgroup.sum_leaf_lifetime_memory_peak_bytes"":[],""cgroup.memory_swap_current_bytes"":[],""cgroup.pids_current"":[],""cgroup.cpu.usage_usec"":[],""cgroup.cpu.user_usec"":[],""cgroup.cpu.system_usec"":[],""cgroup.cpu.nr_periods"":[],""cgroup.cpu.nr_throttled"":[],""cgroup.cpu.throttled_usec"":[]}","[""df54492234221d23d6089a738c4714cf42f8dd904bfc98af14caa1a15bcdde6d""]",1
6,3,lsf,8,final,after,24858624,7,32,1,4194304,3,33,1,9052160,10280960,0,10,515352,382358,132994,45,0,0,"{""child.rss_bytes"":[],""child.threads"":[],""child.fd_count"":[],""child.listener_count"":[],""wrapper.rss_bytes"":[],""wrapper.threads"":[],""wrapper.fd_count"":[],""wrapper.listener_count"":[],""cgroup.memory_current_bytes"":[],""cgroup.sum_leaf_lifetime_memory_peak_bytes"":[],""cgroup.memory_swap_current_bytes"":[],""cgroup.pids_current"":[],""cgroup.cpu.usage_usec"":[],""cgroup.cpu.user_usec"":[],""cgroup.cpu.system_usec"":[],""cgroup.cpu.nr_periods"":[],""cgroup.cpu.nr_throttled"":[],""cgroup.cpu.throttled_usec"":[]}","[""df54492234221d23d6089a738c4714cf42f8dd904bfc98af14caa1a15bcdde6d""]",1
6,4,lsf,32,ready,before,13471744,7,48,1,4063232,3,81,1,4927488,8441856,0,10,125272,59913,65359,33,0,0,"{""child.rss_bytes"":[],""child.threads"":[],""child.fd_count"":[],""child.listener_count"":[],""wrapper.rss_bytes"":[],""wrapper.threads"":[],""wrapper.fd_count"":[],""wrapper.listener_count"":[],""cgroup.memory_current_bytes"":[],""cgroup.sum_leaf_lifetime_memory_peak_bytes"":[],""cgroup.memory_swap_current_bytes"":[],""cgroup.pids_current"":[],""cgroup.cpu.usage_usec"":[],""cgroup.cpu.user_usec"":[],""cgroup.cpu.system_usec"":[],""cgroup.cpu.nr_periods"":[],""cgroup.cpu.nr_throttled"":[],""cgroup.cpu.throttled_usec"":[]}","[""9a299512ac01228eee5462d00389a72fa5810f97e865e6566687a5958efd74f9""]",1
6,4,lsf,32,ready,after,13471744,7,48,1,4325376,3,81,1,5332992,8441856,0,10,138408,59913,78495,38,0,0,"{""child.rss_bytes"":[],""child.threads"":[],""child.fd_count"":[],""child.listener_count"":[],""wrapper.rss_bytes"":[],""wrapper.threads"":[],""wrapper.fd_count"":[],""wrapper.listener_count"":[],""cgroup.memory_current_bytes"":[],""cgroup.sum_leaf_lifetime_memory_peak_bytes"":[],""cgroup.memory_swap_current_bytes"":[],""cgroup.pids_current"":[],""cgroup.cpu.usage_usec"":[],""cgroup.cpu.user_usec"":[],""cgroup.cpu.system_usec"":[],""cgroup.cpu.nr_periods"":[],""cgroup.cpu.nr_throttled"":[],""cgroup.cpu.throttled_usec"":[]}","[""9a299512ac01228eee5462d00389a72fa5810f97e865e6566687a5958efd74f9""]",1
6,4,lsf,32,served,before,28160000,7,80,1,4456448,3,81,1,13602816,14323712,0,10,1290731,1167804,122926,55,0,0,"{""child.rss_bytes"":[],""child.threads"":[],""child.fd_count"":[],""child.listener_count"":[],""wrapper.rss_bytes"":[],""wrapper.threads"":[],""wrapper.fd_count"":[],""wrapper.listener_count"":[],""cgroup.memory_current_bytes"":[],""cgroup.sum_leaf_lifetime_memory_peak_bytes"":[],""cgroup.memory_swap_current_bytes"":[],""cgroup.pids_current"":[],""cgroup.cpu.usage_usec"":[],""cgroup.cpu.user_usec"":[],""cgroup.cpu.system_usec"":[],""cgroup.cpu.nr_periods"":[],""cgroup.cpu.nr_throttled"":[],""cgroup.cpu.throttled_usec"":[]}","[""9a299512ac01228eee5462d00389a72fa5810f97e865e6566687a5958efd74f9""]",1
6,4,lsf,32,served,after,28160000,7,80,1,4456448,3,81,1,13541376,14323712,0,10,1305116,1173784,131332,61,0,0,"{""child.rss_bytes"":[],""child.threads"":[],""child.fd_count"":[],""child.listener_count"":[],""wrapper.rss_bytes"":[],""wrapper.threads"":[],""wrapper.fd_count"":[],""wrapper.listener_count"":[],""cgroup.memory_current_bytes"":[],""cgroup.sum_leaf_lifetime_memory_peak_bytes"":[],""cgroup.memory_swap_current_bytes"":[],""cgroup.pids_current"":[],""cgroup.cpu.usage_usec"":[],""cgroup.cpu.user_usec"":[],""cgroup.cpu.system_usec"":[],""cgroup.cpu.nr_periods"":[],""cgroup.cpu.nr_throttled"":[],""cgroup.cpu.throttled_usec"":[]}","[""9a299512ac01228eee5462d00389a72fa5810f97e865e6566687a5958efd74f9""]",1
6,4,lsf,32,final,before,29601792,7,80,1,4456448,3,81,1,15015936,17641472,0,10,1474822,1279266,195556,64,0,0,"{""child.rss_bytes"":[],""child.threads"":[],""child.fd_count"":[],""child.listener_count"":[],""wrapper.rss_bytes"":[],""wrapper.threads"":[],""wrapper.fd_count"":[],""wrapper.listener_count"":[],""cgroup.memory_current_bytes"":[],""cgroup.sum_leaf_lifetime_memory_peak_bytes"":[],""cgroup.memory_swap_current_bytes"":[],""cgroup.pids_current"":[],""cgroup.cpu.usage_usec"":[],""cgroup.cpu.user_usec"":[],""cgroup.cpu.system_usec"":[],""cgroup.cpu.nr_periods"":[],""cgroup.cpu.nr_throttled"":[],""cgroup.cpu.throttled_usec"":[]}","[""9a299512ac01228eee5462d00389a72fa5810f97e865e6566687a5958efd74f9""]",1
6,4,lsf,32,final,after,29601792,7,80,1,4456448,3,81,1,15278080,17641472,0,10,1489954,1284866,205087,69,0,0,"{""child.rss_bytes"":[],""child.threads"":[],""child.fd_count"":[],""child.listener_count"":[],""wrapper.rss_bytes"":[],""wrapper.threads"":[],""wrapper.fd_count"":[],""wrapper.listener_count"":[],""cgroup.memory_current_bytes"":[],""cgroup.sum_leaf_lifetime_memory_peak_bytes"":[],""cgroup.memory_swap_current_bytes"":[],""cgroup.pids_current"":[],""cgroup.cpu.usage_usec"":[],""cgroup.cpu.user_usec"":[],""cgroup.cpu.system_usec"":[],""cgroup.cpu.nr_periods"":[],""cgroup.cpu.nr_throttled"":[],""cgroup.cpu.throttled_usec"":[]}","[""9a299512ac01228eee5462d00389a72fa5810f97e865e6566687a5958efd74f9""]",1
6,5,native,32,ready,before,146800640,96,352,32,118226944,96,608,32,51671040,185868288,0,192,2094244,485284,1608942,259,72,3217480,"{""child.rss_bytes"":[],""child.threads"":[],""child.fd_count"":[],""child.listener_count"":[],""wrapper.rss_bytes"":[],""wrapper.threads"":[],""wrapper.fd_count"":[],""wrapper.listener_count"":[],""cgroup.memory_current_bytes"":[],""cgroup.sum_leaf_lifetime_memory_peak_bytes"":[],""cgroup.memory_swap_current_bytes"":[],""cgroup.pids_current"":[],""cgroup.cpu.usage_usec"":[],""cgroup.cpu.user_usec"":[],""cgroup.cpu.system_usec"":[],""cgroup.cpu.nr_periods"":[],""cgroup.cpu.nr_throttled"":[],""cgroup.cpu.throttled_usec"":[]}","[""dae4c50ecfa2ce33e2dd011e3f16eb0e0dab4068acc293229764ae5839705aed"",""cfda18059766f78d040d2bda09121943e2f82c942855dd2718f8764cadec6ce4"",""b917974975586b3df995caa1b2c53da4d7e9d7779ad0d33369813f61660bc53a"",""3a230ee0e902e79a97d6fcb69d72d452ebf0f678d14ad863f4ac0f6c62991d3a"",""c761e921bacdee1ce0b16499299b3e50f3cb5c4bd6e60d848c339a6e475fc86b"",""8dccdc126b24605fb9c5c9de7e1594a77eb85ef2b19a5c6a4b72b07b4ca6ecf7"",""08c79902a7121731f65aefb90dd3a421a2484328c889baf4799d9693fca6eb8b"",""908133f60b94c203bbc582d64672add9072d0192820980642ca11c8b885b57ef"",""c397a771bac0d2c928be5782357e037ed7e2bee42eae8506df29925c30d8c4a5"",""3109a70eb5cb6f38ef7cb75d17f69f51cf34eadd981310607579495d1d921ca1"",""a91b2b8c98a27868f6f8bc0bf64e64b85fccb20f63178f7728a09bd718997006"",""c43058783079a83492f8476fa49d7ad8ad0447d09fc65e3784e50c67e4086d4c"",""539603dbf49dc9a63a35bdc978442df3f2240e0dcc52e09675e1d81392662d6d"",""1bb44a88f5707b4bbfe04b7deb7d9d8d814dd2aa35f9ef83d1e2c7065659e51b"",""47430a76ad5eef88653bbf941971440a297aa9cbc525b00d255e2bcc582571d8"",""4170d23ecd60d143db8a0a7304a578f48a962c1dfccfc4b134cee043db696fb4"",""d36f1c9d3b95d0f5725b5b17dbf4c4a41de94bd415790543b26520be7341333d"",""1c762414b64d17fac9fc7a2852b281f33aa64ad165221647c6f86d80073ee6db"",""84d8a6e755d1c690a2650d92e5c961ac7c5793ca16c0e5b1edd30ec59eb32c07"",""10f7df0ceb899164820646e852d6ba986544873903c8c1006910d45e2e4816ef"",""e06b099ede23e974d4c09d65a1d047552f229277ae88a081fb501111ddf887fd"",""0c422f0fca05fe00e56a6db0a0eb15f1bd896e772740a2c40558c434d170987f"",""86fcd4e53de3483ed091e5edbcccc2ce959ecfaa13fad3868799b5f4d8ce530b"",""04d2c84baee2188417cec0d814c641ad78b2dfe4316bf32b23ff067a09bd0d2e"",""c288a8631e2f9b71f277e93c3c0e9a148885c5dba53c4fa0f51e8752584e5952"",""7b107aab2605e2f982bc888565e1351093b8203f8120538616cd87550e28bc2b"",""361b05de75483d507f3832eb2c114036211f1bbd605c7f9919a655fc04a6f1bd"",""f2ebd26f5cf9a88355a6fbf6e07bff13ffaf596d7820d3ee6f1331d0fae316b1"",""ddaf9d9c7cf07a3930393b0890f43640f4837b26dd6092450f7577246a353dc4"",""9c312e6dbf4ed4f3fcee51d6b4309c87b32b5f4584eed9c0cfd972894dc5d256"",""83c6d11df27e8c03608d75df95755586a69bde263a71de02dd8e244012f3469f"",""ff15e52e285173ab11120024ae72ee9876f63941e1382aefea71c91bd98e8feb""]",32
6,5,native,32,ready,after,146800640,96,352,32,120979456,96,608,32,56864768,185868288,0,192,2386552,509274,1877263,324,72,3217480,"{""child.rss_bytes"":[],""child.threads"":[],""child.fd_count"":[],""child.listener_count"":[],""wrapper.rss_bytes"":[],""wrapper.threads"":[],""wrapper.fd_count"":[],""wrapper.listener_count"":[],""cgroup.memory_current_bytes"":[],""cgroup.sum_leaf_lifetime_memory_peak_bytes"":[],""cgroup.memory_swap_current_bytes"":[],""cgroup.pids_current"":[],""cgroup.cpu.usage_usec"":[],""cgroup.cpu.user_usec"":[],""cgroup.cpu.system_usec"":[],""cgroup.cpu.nr_periods"":[],""cgroup.cpu.nr_throttled"":[],""cgroup.cpu.throttled_usec"":[]}","[""dae4c50ecfa2ce33e2dd011e3f16eb0e0dab4068acc293229764ae5839705aed"",""cfda18059766f78d040d2bda09121943e2f82c942855dd2718f8764cadec6ce4"",""b917974975586b3df995caa1b2c53da4d7e9d7779ad0d33369813f61660bc53a"",""3a230ee0e902e79a97d6fcb69d72d452ebf0f678d14ad863f4ac0f6c62991d3a"",""c761e921bacdee1ce0b16499299b3e50f3cb5c4bd6e60d848c339a6e475fc86b"",""8dccdc126b24605fb9c5c9de7e1594a77eb85ef2b19a5c6a4b72b07b4ca6ecf7"",""08c79902a7121731f65aefb90dd3a421a2484328c889baf4799d9693fca6eb8b"",""908133f60b94c203bbc582d64672add9072d0192820980642ca11c8b885b57ef"",""c397a771bac0d2c928be5782357e037ed7e2bee42eae8506df29925c30d8c4a5"",""3109a70eb5cb6f38ef7cb75d17f69f51cf34eadd981310607579495d1d921ca1"",""a91b2b8c98a27868f6f8bc0bf64e64b85fccb20f63178f7728a09bd718997006"",""c43058783079a83492f8476fa49d7ad8ad0447d09fc65e3784e50c67e4086d4c"",""539603dbf49dc9a63a35bdc978442df3f2240e0dcc52e09675e1d81392662d6d"",""1bb44a88f5707b4bbfe04b7deb7d9d8d814dd2aa35f9ef83d1e2c7065659e51b"",""47430a76ad5eef88653bbf941971440a297aa9cbc525b00d255e2bcc582571d8"",""4170d23ecd60d143db8a0a7304a578f48a962c1dfccfc4b134cee043db696fb4"",""d36f1c9d3b95d0f5725b5b17dbf4c4a41de94bd415790543b26520be7341333d"",""1c762414b64d17fac9fc7a2852b281f33aa64ad165221647c6f86d80073ee6db"",""84d8a6e755d1c690a2650d92e5c961ac7c5793ca16c0e5b1edd30ec59eb32c07"",""10f7df0ceb899164820646e852d6ba986544873903c8c1006910d45e2e4816ef"",""e06b099ede23e974d4c09d65a1d047552f229277ae88a081fb501111ddf887fd"",""0c422f0fca05fe00e56a6db0a0eb15f1bd896e772740a2c40558c434d170987f"",""86fcd4e53de3483ed091e5edbcccc2ce959ecfaa13fad3868799b5f4d8ce530b"",""04d2c84baee2188417cec0d814c641ad78b2dfe4316bf32b23ff067a09bd0d2e"",""c288a8631e2f9b71f277e93c3c0e9a148885c5dba53c4fa0f51e8752584e5952"",""7b107aab2605e2f982bc888565e1351093b8203f8120538616cd87550e28bc2b"",""361b05de75483d507f3832eb2c114036211f1bbd605c7f9919a655fc04a6f1bd"",""f2ebd26f5cf9a88355a6fbf6e07bff13ffaf596d7820d3ee6f1331d0fae316b1"",""ddaf9d9c7cf07a3930393b0890f43640f4837b26dd6092450f7577246a353dc4"",""9c312e6dbf4ed4f3fcee51d6b4309c87b32b5f4584eed9c0cfd972894dc5d256"",""83c6d11df27e8c03608d75df95755586a69bde263a71de02dd8e244012f3469f"",""ff15e52e285173ab11120024ae72ee9876f63941e1382aefea71c91bd98e8feb""]",32
6,5,native,32,served,before,148504576,96,352,32,122159104,96,608,32,58392576,185868288,0,192,2719567,530646,2188908,405,72,3217480,"{""child.rss_bytes"":[],""child.threads"":[],""child.fd_count"":[],""child.listener_count"":[],""wrapper.rss_bytes"":[],""wrapper.threads"":[],""wrapper.fd_count"":[],""wrapper.listener_count"":[],""cgroup.memory_current_bytes"":[],""cgroup.sum_leaf_lifetime_memory_peak_bytes"":[],""cgroup.memory_swap_current_bytes"":[],""cgroup.pids_current"":[],""cgroup.cpu.usage_usec"":[],""cgroup.cpu.user_usec"":[],""cgroup.cpu.system_usec"":[],""cgroup.cpu.nr_periods"":[],""cgroup.cpu.nr_throttled"":[],""cgroup.cpu.throttled_usec"":[]}","[""dae4c50ecfa2ce33e2dd011e3f16eb0e0dab4068acc293229764ae5839705aed"",""cfda18059766f78d040d2bda09121943e2f82c942855dd2718f8764cadec6ce4"",""b917974975586b3df995caa1b2c53da4d7e9d7779ad0d33369813f61660bc53a"",""3a230ee0e902e79a97d6fcb69d72d452ebf0f678d14ad863f4ac0f6c62991d3a"",""c761e921bacdee1ce0b16499299b3e50f3cb5c4bd6e60d848c339a6e475fc86b"",""8dccdc126b24605fb9c5c9de7e1594a77eb85ef2b19a5c6a4b72b07b4ca6ecf7"",""08c79902a7121731f65aefb90dd3a421a2484328c889baf4799d9693fca6eb8b"",""908133f60b94c203bbc582d64672add9072d0192820980642ca11c8b885b57ef"",""c397a771bac0d2c928be5782357e037ed7e2bee42eae8506df29925c30d8c4a5"",""3109a70eb5cb6f38ef7cb75d17f69f51cf34eadd981310607579495d1d921ca1"",""a91b2b8c98a27868f6f8bc0bf64e64b85fccb20f63178f7728a09bd718997006"",""c43058783079a83492f8476fa49d7ad8ad0447d09fc65e3784e50c67e4086d4c"",""539603dbf49dc9a63a35bdc978442df3f2240e0dcc52e09675e1d81392662d6d"",""1bb44a88f5707b4bbfe04b7deb7d9d8d814dd2aa35f9ef83d1e2c7065659e51b"",""47430a76ad5eef88653bbf941971440a297aa9cbc525b00d255e2bcc582571d8"",""4170d23ecd60d143db8a0a7304a578f48a962c1dfccfc4b134cee043db696fb4"",""d36f1c9d3b95d0f5725b5b17dbf4c4a41de94bd415790543b26520be7341333d"",""1c762414b64d17fac9fc7a2852b281f33aa64ad165221647c6f86d80073ee6db"",""84d8a6e755d1c690a2650d92e5c961ac7c5793ca16c0e5b1edd30ec59eb32c07"",""10f7df0ceb899164820646e852d6ba986544873903c8c1006910d45e2e4816ef"",""e06b099ede23e974d4c09d65a1d047552f229277ae88a081fb501111ddf887fd"",""0c422f0fca05fe00e56a6db0a0eb15f1bd896e772740a2c40558c434d170987f"",""86fcd4e53de3483ed091e5edbcccc2ce959ecfaa13fad3868799b5f4d8ce530b"",""04d2c84baee2188417cec0d814c641ad78b2dfe4316bf32b23ff067a09bd0d2e"",""c288a8631e2f9b71f277e93c3c0e9a148885c5dba53c4fa0f51e8752584e5952"",""7b107aab2605e2f982bc888565e1351093b8203f8120538616cd87550e28bc2b"",""361b05de75483d507f3832eb2c114036211f1bbd605c7f9919a655fc04a6f1bd"",""f2ebd26f5cf9a88355a6fbf6e07bff13ffaf596d7820d3ee6f1331d0fae316b1"",""ddaf9d9c7cf07a3930393b0890f43640f4837b26dd6092450f7577246a353dc4"",""9c312e6dbf4ed4f3fcee51d6b4309c87b32b5f4584eed9c0cfd972894dc5d256"",""83c6d11df27e8c03608d75df95755586a69bde263a71de02dd8e244012f3469f"",""ff15e52e285173ab11120024ae72ee9876f63941e1382aefea71c91bd98e8feb""]",32
6,5,native,32,served,after,148504576,96,352,32,122159104,96,608,32,59252736,185868288,0,192,3023645,550021,2473612,473,72,3217480,"{""child.rss_bytes"":[],""child.threads"":[],""child.fd_count"":[],""child.listener_count"":[],""wrapper.rss_bytes"":[],""wrapper.threads"":[],""wrapper.fd_count"":[],""wrapper.listener_count"":[],""cgroup.memory_current_bytes"":[],""cgroup.sum_leaf_lifetime_memory_peak_bytes"":[],""cgroup.memory_swap_current_bytes"":[],""cgroup.pids_current"":[],""cgroup.cpu.usage_usec"":[],""cgroup.cpu.user_usec"":[],""cgroup.cpu.system_usec"":[],""cgroup.cpu.nr_periods"":[],""cgroup.cpu.nr_throttled"":[],""cgroup.cpu.throttled_usec"":[]}","[""dae4c50ecfa2ce33e2dd011e3f16eb0e0dab4068acc293229764ae5839705aed"",""cfda18059766f78d040d2bda09121943e2f82c942855dd2718f8764cadec6ce4"",""b917974975586b3df995caa1b2c53da4d7e9d7779ad0d33369813f61660bc53a"",""3a230ee0e902e79a97d6fcb69d72d452ebf0f678d14ad863f4ac0f6c62991d3a"",""c761e921bacdee1ce0b16499299b3e50f3cb5c4bd6e60d848c339a6e475fc86b"",""8dccdc126b24605fb9c5c9de7e1594a77eb85ef2b19a5c6a4b72b07b4ca6ecf7"",""08c79902a7121731f65aefb90dd3a421a2484328c889baf4799d9693fca6eb8b"",""908133f60b94c203bbc582d64672add9072d0192820980642ca11c8b885b57ef"",""c397a771bac0d2c928be5782357e037ed7e2bee42eae8506df29925c30d8c4a5"",""3109a70eb5cb6f38ef7cb75d17f69f51cf34eadd981310607579495d1d921ca1"",""a91b2b8c98a27868f6f8bc0bf64e64b85fccb20f63178f7728a09bd718997006"",""c43058783079a83492f8476fa49d7ad8ad0447d09fc65e3784e50c67e4086d4c"",""539603dbf49dc9a63a35bdc978442df3f2240e0dcc52e09675e1d81392662d6d"",""1bb44a88f5707b4bbfe04b7deb7d9d8d814dd2aa35f9ef83d1e2c7065659e51b"",""47430a76ad5eef88653bbf941971440a297aa9cbc525b00d255e2bcc582571d8"",""4170d23ecd60d143db8a0a7304a578f48a962c1dfccfc4b134cee043db696fb4"",""d36f1c9d3b95d0f5725b5b17dbf4c4a41de94bd415790543b26520be7341333d"",""1c762414b64d17fac9fc7a2852b281f33aa64ad165221647c6f86d80073ee6db"",""84d8a6e755d1c690a2650d92e5c961ac7c5793ca16c0e5b1edd30ec59eb32c07"",""10f7df0ceb899164820646e852d6ba986544873903c8c1006910d45e2e4816ef"",""e06b099ede23e974d4c09d65a1d047552f229277ae88a081fb501111ddf887fd"",""0c422f0fca05fe00e56a6db0a0eb15f1bd896e772740a2c40558c434d170987f"",""86fcd4e53de3483ed091e5edbcccc2ce959ecfaa13fad3868799b5f4d8ce530b"",""04d2c84baee2188417cec0d814c641ad78b2dfe4316bf32b23ff067a09bd0d2e"",""c288a8631e2f9b71f277e93c3c0e9a148885c5dba53c4fa0f51e8752584e5952"",""7b107aab2605e2f982bc888565e1351093b8203f8120538616cd87550e28bc2b"",""361b05de75483d507f3832eb2c114036211f1bbd605c7f9919a655fc04a6f1bd"",""f2ebd26f5cf9a88355a6fbf6e07bff13ffaf596d7820d3ee6f1331d0fae316b1"",""ddaf9d9c7cf07a3930393b0890f43640f4837b26dd6092450f7577246a353dc4"",""9c312e6dbf4ed4f3fcee51d6b4309c87b32b5f4584eed9c0cfd972894dc5d256"",""83c6d11df27e8c03608d75df95755586a69bde263a71de02dd8e244012f3469f"",""ff15e52e285173ab11120024ae72ee9876f63941e1382aefea71c91bd98e8feb""]",32
6,5,native,32,final,before,148504576,96,352,32,122159104,96,608,32,59957248,185868288,0,192,3391837,572053,2819771,598,72,3217480,"{""child.rss_bytes"":[],""child.threads"":[],""child.fd_count"":[],""child.listener_count"":[],""wrapper.rss_bytes"":[],""wrapper.threads"":[],""wrapper.fd_count"":[],""wrapper.listener_count"":[],""cgroup.memory_current_bytes"":[],""cgroup.sum_leaf_lifetime_memory_peak_bytes"":[],""cgroup.memory_swap_current_bytes"":[],""cgroup.pids_current"":[],""cgroup.cpu.usage_usec"":[],""cgroup.cpu.user_usec"":[],""cgroup.cpu.system_usec"":[],""cgroup.cpu.nr_periods"":[],""cgroup.cpu.nr_throttled"":[],""cgroup.cpu.throttled_usec"":[]}","[""dae4c50ecfa2ce33e2dd011e3f16eb0e0dab4068acc293229764ae5839705aed"",""cfda18059766f78d040d2bda09121943e2f82c942855dd2718f8764cadec6ce4"",""b917974975586b3df995caa1b2c53da4d7e9d7779ad0d33369813f61660bc53a"",""3a230ee0e902e79a97d6fcb69d72d452ebf0f678d14ad863f4ac0f6c62991d3a"",""c761e921bacdee1ce0b16499299b3e50f3cb5c4bd6e60d848c339a6e475fc86b"",""8dccdc126b24605fb9c5c9de7e1594a77eb85ef2b19a5c6a4b72b07b4ca6ecf7"",""08c79902a7121731f65aefb90dd3a421a2484328c889baf4799d9693fca6eb8b"",""908133f60b94c203bbc582d64672add9072d0192820980642ca11c8b885b57ef"",""c397a771bac0d2c928be5782357e037ed7e2bee42eae8506df29925c30d8c4a5"",""3109a70eb5cb6f38ef7cb75d17f69f51cf34eadd981310607579495d1d921ca1"",""a91b2b8c98a27868f6f8bc0bf64e64b85fccb20f63178f7728a09bd718997006"",""c43058783079a83492f8476fa49d7ad8ad0447d09fc65e3784e50c67e4086d4c"",""539603dbf49dc9a63a35bdc978442df3f2240e0dcc52e09675e1d81392662d6d"",""1bb44a88f5707b4bbfe04b7deb7d9d8d814dd2aa35f9ef83d1e2c7065659e51b"",""47430a76ad5eef88653bbf941971440a297aa9cbc525b00d255e2bcc582571d8"",""4170d23ecd60d143db8a0a7304a578f48a962c1dfccfc4b134cee043db696fb4"",""d36f1c9d3b95d0f5725b5b17dbf4c4a41de94bd415790543b26520be7341333d"",""1c762414b64d17fac9fc7a2852b281f33aa64ad165221647c6f86d80073ee6db"",""84d8a6e755d1c690a2650d92e5c961ac7c5793ca16c0e5b1edd30ec59eb32c07"",""10f7df0ceb899164820646e852d6ba986544873903c8c1006910d45e2e4816ef"",""e06b099ede23e974d4c09d65a1d047552f229277ae88a081fb501111ddf887fd"",""0c422f0fca05fe00e56a6db0a0eb15f1bd896e772740a2c40558c434d170987f"",""86fcd4e53de3483ed091e5edbcccc2ce959ecfaa13fad3868799b5f4d8ce530b"",""04d2c84baee2188417cec0d814c641ad78b2dfe4316bf32b23ff067a09bd0d2e"",""c288a8631e2f9b71f277e93c3c0e9a148885c5dba53c4fa0f51e8752584e5952"",""7b107aab2605e2f982bc888565e1351093b8203f8120538616cd87550e28bc2b"",""361b05de75483d507f3832eb2c114036211f1bbd605c7f9919a655fc04a6f1bd"",""f2ebd26f5cf9a88355a6fbf6e07bff13ffaf596d7820d3ee6f1331d0fae316b1"",""ddaf9d9c7cf07a3930393b0890f43640f4837b26dd6092450f7577246a353dc4"",""9c312e6dbf4ed4f3fcee51d6b4309c87b32b5f4584eed9c0cfd972894dc5d256"",""83c6d11df27e8c03608d75df95755586a69bde263a71de02dd8e244012f3469f"",""ff15e52e285173ab11120024ae72ee9876f63941e1382aefea71c91bd98e8feb""]",32
6,5,native,32,final,after,148504576,96,352,32,122159104,96,608,32,60502016,185868288,0,192,3702611,591775,3110824,665,72,3217480,"{""child.rss_bytes"":[],""child.threads"":[],""child.fd_count"":[],""child.listener_count"":[],""wrapper.rss_bytes"":[],""wrapper.threads"":[],""wrapper.fd_count"":[],""wrapper.listener_count"":[],""cgroup.memory_current_bytes"":[],""cgroup.sum_leaf_lifetime_memory_peak_bytes"":[],""cgroup.memory_swap_current_bytes"":[],""cgroup.pids_current"":[],""cgroup.cpu.usage_usec"":[],""cgroup.cpu.user_usec"":[],""cgroup.cpu.system_usec"":[],""cgroup.cpu.nr_periods"":[],""cgroup.cpu.nr_throttled"":[],""cgroup.cpu.throttled_usec"":[]}","[""dae4c50ecfa2ce33e2dd011e3f16eb0e0dab4068acc293229764ae5839705aed"",""cfda18059766f78d040d2bda09121943e2f82c942855dd2718f8764cadec6ce4"",""b917974975586b3df995caa1b2c53da4d7e9d7779ad0d33369813f61660bc53a"",""3a230ee0e902e79a97d6fcb69d72d452ebf0f678d14ad863f4ac0f6c62991d3a"",""c761e921bacdee1ce0b16499299b3e50f3cb5c4bd6e60d848c339a6e475fc86b"",""8dccdc126b24605fb9c5c9de7e1594a77eb85ef2b19a5c6a4b72b07b4ca6ecf7"",""08c79902a7121731f65aefb90dd3a421a2484328c889baf4799d9693fca6eb8b"",""908133f60b94c203bbc582d64672add9072d0192820980642ca11c8b885b57ef"",""c397a771bac0d2c928be5782357e037ed7e2bee42eae8506df29925c30d8c4a5"",""3109a70eb5cb6f38ef7cb75d17f69f51cf34eadd981310607579495d1d921ca1"",""a91b2b8c98a27868f6f8bc0bf64e64b85fccb20f63178f7728a09bd718997006"",""c43058783079a83492f8476fa49d7ad8ad0447d09fc65e3784e50c67e4086d4c"",""539603dbf49dc9a63a35bdc978442df3f2240e0dcc52e09675e1d81392662d6d"",""1bb44a88f5707b4bbfe04b7deb7d9d8d814dd2aa35f9ef83d1e2c7065659e51b"",""47430a76ad5eef88653bbf941971440a297aa9cbc525b00d255e2bcc582571d8"",""4170d23ecd60d143db8a0a7304a578f48a962c1dfccfc4b134cee043db696fb4"",""d36f1c9d3b95d0f5725b5b17dbf4c4a41de94bd415790543b26520be7341333d"",""1c762414b64d17fac9fc7a2852b281f33aa64ad165221647c6f86d80073ee6db"",""84d8a6e755d1c690a2650d92e5c961ac7c5793ca16c0e5b1edd30ec59eb32c07"",""10f7df0ceb899164820646e852d6ba986544873903c8c1006910d45e2e4816ef"",""e06b099ede23e974d4c09d65a1d047552f229277ae88a081fb501111ddf887fd"",""0c422f0fca05fe00e56a6db0a0eb15f1bd896e772740a2c40558c434d170987f"",""86fcd4e53de3483ed091e5edbcccc2ce959ecfaa13fad3868799b5f4d8ce530b"",""04d2c84baee2188417cec0d814c641ad78b2dfe4316bf32b23ff067a09bd0d2e"",""c288a8631e2f9b71f277e93c3c0e9a148885c5dba53c4fa0f51e8752584e5952"",""7b107aab2605e2f982bc888565e1351093b8203f8120538616cd87550e28bc2b"",""361b05de75483d507f3832eb2c114036211f1bbd605c7f9919a655fc04a6f1bd"",""f2ebd26f5cf9a88355a6fbf6e07bff13ffaf596d7820d3ee6f1331d0fae316b1"",""ddaf9d9c7cf07a3930393b0890f43640f4837b26dd6092450f7577246a353dc4"",""9c312e6dbf4ed4f3fcee51d6b4309c87b32b5f4584eed9c0cfd972894dc5d256"",""83c6d11df27e8c03608d75df95755586a69bde263a71de02dd8e244012f3469f"",""ff15e52e285173ab11120024ae72ee9876f63941e1382aefea71c91bd98e8feb""]",32
