case,mode,order,metric,candidate,control,difference,percent
closed-one,normal,"control,candidate",metrics.normal_completion_rss_bytes,5111808,4718592,393216,8.333333333333333333333333333
closed-one,normal,"control,candidate",metrics.normal_kernel_high_water_rss_bytes,5111808,4718592,393216,8.333333333333333333333333333
closed-one,normal,"control,candidate",metrics.normal_maximum_observed_rss_bytes,5111808,4718592,393216,8.333333333333333333333333333
closed-one,normal,"control,candidate",metrics.whole_process_cpu_micros,23746,27182,-3436,-12.64071812228680744610403944
closed-one,normal,"control,candidate",raw_summary.counts.admission_calls,136,136,0,0
closed-one,normal,"control,candidate",raw_summary.counts.admitted,136,136,0,0
closed-one,normal,"control,candidate",raw_summary.counts.cancel_accepted,0,0,0,null
closed-one,normal,"control,candidate",raw_summary.counts.cancel_calls,0,0,0,null
closed-one,normal,"control,candidate",raw_summary.counts.cleanup_reclaims,0,0,0,null
closed-one,normal,"control,candidate",raw_summary.counts.enqueue_calls,136,136,0,0
closed-one,normal,"control,candidate",raw_summary.counts.enqueue_results,136,136,0,0
closed-one,normal,"control,candidate",raw_summary.counts.offers,136,136,0,0
closed-one,normal,"control,candidate",raw_summary.counts.release_calls,136,136,0,0
closed-one,normal,"control,candidate",raw_summary.counts.released,136,136,0,0
closed-one,normal,"control,candidate",raw_summary.counts.shutdown_calls,1,1,0,0
closed-one,normal,"control,candidate",raw_summary.elapsed_nanos,1439661115,1452175209,-12514094,-0.8617482189781687699917207442
closed-one,normal,"control,candidate",raw_summary.finished_nanos,1631181930,1642247708,-11065778,-0.6738190558034866199368749553
closed-one,normal,"control,candidate",raw_summary.measured.enqueue_to_result_all_nanos.count,128,128,0,0
closed-one,normal,"control,candidate",raw_summary.measured.enqueue_to_result_all_nanos.maximum,83027,184062,-101035,-54.89182992687246688615792505
closed-one,normal,"control,candidate",raw_summary.measured.enqueue_to_result_all_nanos.mean,26256.054688,31531.101562,-5275.046874,-16.72966250046040811392062205
closed-one,normal,"control,candidate",raw_summary.measured.enqueue_to_result_all_nanos.median,22571.5,26262.5,-3691.0,-14.05425987624940504521656354
closed-one,normal,"control,candidate",raw_summary.measured.enqueue_to_result_all_nanos.median_absolute_deviation,5724.5,8108.5,-2384.0,-29.40124560646235431954122217
closed-one,normal,"control,candidate",raw_summary.measured.enqueue_to_result_all_nanos.minimum,6446,12419,-5973,-48.09565987599645704162976085
closed-one,normal,"control,candidate",raw_summary.measured.enqueue_to_result_all_nanos.p95,50561,68318,-17757,-25.99168593928393688339822594
closed-one,normal,"control,candidate",raw_summary.measured.enqueue_to_result_all_nanos.p99,79957,102074,-22117,-21.66761369202735270490036640
closed-one,normal,"control,candidate",raw_summary.measured.enqueue_to_result_all_nanos.standard_deviation,13105.471421,20562.011671,-7456.540250,-36.26367093505964968966192355
closed-one,normal,"control,candidate",raw_summary.measured.enqueue_to_result_released_nanos.count,128,128,0,0
closed-one,normal,"control,candidate",raw_summary.measured.enqueue_to_result_released_nanos.maximum,83027,184062,-101035,-54.89182992687246688615792505
closed-one,normal,"control,candidate",raw_summary.measured.enqueue_to_result_released_nanos.mean,26256.054688,31531.101562,-5275.046874,-16.72966250046040811392062205
closed-one,normal,"control,candidate",raw_summary.measured.enqueue_to_result_released_nanos.median,22571.5,26262.5,-3691.0,-14.05425987624940504521656354
closed-one,normal,"control,candidate",raw_summary.measured.enqueue_to_result_released_nanos.median_absolute_deviation,5724.5,8108.5,-2384.0,-29.40124560646235431954122217
closed-one,normal,"control,candidate",raw_summary.measured.enqueue_to_result_released_nanos.minimum,6446,12419,-5973,-48.09565987599645704162976085
closed-one,normal,"control,candidate",raw_summary.measured.enqueue_to_result_released_nanos.p95,50561,68318,-17757,-25.99168593928393688339822594
closed-one,normal,"control,candidate",raw_summary.measured.enqueue_to_result_released_nanos.p99,79957,102074,-22117,-21.66761369202735270490036640
closed-one,normal,"control,candidate",raw_summary.measured.enqueue_to_result_released_nanos.standard_deviation,13105.471421,20562.011671,-7456.540250,-36.26367093505964968966192355
closed-one,normal,"control,candidate",raw_summary.measured.observed_hold_nanos.count,128,128,0,0
closed-one,normal,"control,candidate",raw_summary.measured.observed_hold_nanos.maximum,11516637,11669142,-152505,-1.306908425658030384753223502
closed-one,normal,"control,candidate",raw_summary.measured.observed_hold_nanos.mean,11170433.328125,11250166.210938,-79732.882813,-0.7087262651771270820419154320
closed-one,normal,"control,candidate",raw_summary.measured.observed_hold_nanos.median,11179075.5,11253348.5,-74273.0,-0.6600079967309285765032514544
closed-one,normal,"control,candidate",raw_summary.measured.observed_hold_nanos.median_absolute_deviation,54322,66891.5,-12569.5,-18.79087776473841967963044632
closed-one,normal,"control,candidate",raw_summary.measured.observed_hold_nanos.minimum,10174086,10223031,-48945,-0.4787719023839407314719088693
closed-one,normal,"control,candidate",raw_summary.measured.observed_hold_nanos.p95,11340916,11492910,-151994,-1.322502307944637171960800180
closed-one,normal,"control,candidate",raw_summary.measured.observed_hold_nanos.p99,11453795,11591875,-138080,-1.191179166442012185259071548
closed-one,normal,"control,candidate",raw_summary.measured.observed_hold_nanos.standard_deviation,187005.158143,161710.719263,25294.438880,15.64178243426282224240730604
closed-one,normal,"control,candidate",raw_summary.measured.offers,128,128,0,0
closed-one,normal,"control,candidate",raw_summary.measured.outcomes.admission-error,0,0,0,null
closed-one,normal,"control,candidate",raw_summary.measured.outcomes.backpressure,0,0,0,null
closed-one,normal,"control,candidate",raw_summary.measured.outcomes.released,128,128,0,0
closed-one,normal,"control,candidate",raw_summary.measured.outcomes.scheduler-error,0,0,0,null
closed-one,normal,"control,candidate",raw_summary.measured.scheduling_lag_nanos.count,128,128,0,0
closed-one,normal,"control,candidate",raw_summary.measured.scheduling_lag_nanos.maximum,4293,3229,1064,32.95137813564571074636110251
closed-one,normal,"control,candidate",raw_summary.measured.scheduling_lag_nanos.mean,666.015625,1010.90625,-344.890625,-34.11697424959040464929364123
closed-one,normal,"control,candidate",raw_summary.measured.scheduling_lag_nanos.median,584.5,907.5,-323.0,-35.59228650137741046831955923
closed-one,normal,"control,candidate",raw_summary.measured.scheduling_lag_nanos.median_absolute_deviation,199.5,249.5,-50.0,-20.04008016032064128256513026
closed-one,normal,"control,candidate",raw_summary.measured.scheduling_lag_nanos.minimum,98,170,-72,-42.35294117647058823529411765
closed-one,normal,"control,candidate",raw_summary.measured.scheduling_lag_nanos.p95,1328,1799,-471,-26.18121178432462479155086159
closed-one,normal,"control,candidate",raw_summary.measured.scheduling_lag_nanos.p99,1860,2519,-659,-26.16117506947201270345375149
closed-one,normal,"control,candidate",raw_summary.measured.scheduling_lag_nanos.standard_deviation,467.253645,438.196596,29.057049,6.631053108408902382254014588
closed-one,normal,"control,candidate",raw_summary.offered_per_second,88.90981264017817137472661405,88.14363391325460921017554707,0.76617872692356216455106698,0.8692388694543576666651860023
closed-one,normal,"control,candidate",raw_summary.per_tenant.0.enqueue_to_result_all_nanos.count,128,128,0,0
closed-one,normal,"control,candidate",raw_summary.per_tenant.0.enqueue_to_result_all_nanos.maximum,83027,184062,-101035,-54.89182992687246688615792505
closed-one,normal,"control,candidate",raw_summary.per_tenant.0.enqueue_to_result_all_nanos.mean,26256.054688,31531.101562,-5275.046874,-16.72966250046040811392062205
closed-one,normal,"control,candidate",raw_summary.per_tenant.0.enqueue_to_result_all_nanos.median,22571.5,26262.5,-3691.0,-14.05425987624940504521656354
closed-one,normal,"control,candidate",raw_summary.per_tenant.0.enqueue_to_result_all_nanos.median_absolute_deviation,5724.5,8108.5,-2384.0,-29.40124560646235431954122217
closed-one,normal,"control,candidate",raw_summary.per_tenant.0.enqueue_to_result_all_nanos.minimum,6446,12419,-5973,-48.09565987599645704162976085
closed-one,normal,"control,candidate",raw_summary.per_tenant.0.enqueue_to_result_all_nanos.p95,50561,68318,-17757,-25.99168593928393688339822594
closed-one,normal,"control,candidate",raw_summary.per_tenant.0.enqueue_to_result_all_nanos.p99,79957,102074,-22117,-21.66761369202735270490036640
closed-one,normal,"control,candidate",raw_summary.per_tenant.0.enqueue_to_result_all_nanos.standard_deviation,13105.471421,20562.011671,-7456.540250,-36.26367093505964968966192355
closed-one,normal,"control,candidate",raw_summary.per_tenant.0.enqueue_to_result_released_nanos.count,128,128,0,0
closed-one,normal,"control,candidate",raw_summary.per_tenant.0.enqueue_to_result_released_nanos.maximum,83027,184062,-101035,-54.89182992687246688615792505
closed-one,normal,"control,candidate",raw_summary.per_tenant.0.enqueue_to_result_released_nanos.mean,26256.054688,31531.101562,-5275.046874,-16.72966250046040811392062205
closed-one,normal,"control,candidate",raw_summary.per_tenant.0.enqueue_to_result_released_nanos.median,22571.5,26262.5,-3691.0,-14.05425987624940504521656354
closed-one,normal,"control,candidate",raw_summary.per_tenant.0.enqueue_to_result_released_nanos.median_absolute_deviation,5724.5,8108.5,-2384.0,-29.40124560646235431954122217
closed-one,normal,"control,candidate",raw_summary.per_tenant.0.enqueue_to_result_released_nanos.minimum,6446,12419,-5973,-48.09565987599645704162976085
closed-one,normal,"control,candidate",raw_summary.per_tenant.0.enqueue_to_result_released_nanos.p95,50561,68318,-17757,-25.99168593928393688339822594
closed-one,normal,"control,candidate",raw_summary.per_tenant.0.enqueue_to_result_released_nanos.p99,79957,102074,-22117,-21.66761369202735270490036640
closed-one,normal,"control,candidate",raw_summary.per_tenant.0.enqueue_to_result_released_nanos.standard_deviation,13105.471421,20562.011671,-7456.540250,-36.26367093505964968966192355
closed-one,normal,"control,candidate",raw_summary.per_tenant.0.observed_hold_nanos.count,128,128,0,0
closed-one,normal,"control,candidate",raw_summary.per_tenant.0.observed_hold_nanos.maximum,11516637,11669142,-152505,-1.306908425658030384753223502
closed-one,normal,"control,candidate",raw_summary.per_tenant.0.observed_hold_nanos.mean,11170433.328125,11250166.210938,-79732.882813,-0.7087262651771270820419154320
closed-one,normal,"control,candidate",raw_summary.per_tenant.0.observed_hold_nanos.median,11179075.5,11253348.5,-74273.0,-0.6600079967309285765032514544
closed-one,normal,"control,candidate",raw_summary.per_tenant.0.observed_hold_nanos.median_absolute_deviation,54322,66891.5,-12569.5,-18.79087776473841967963044632
closed-one,normal,"control,candidate",raw_summary.per_tenant.0.observed_hold_nanos.minimum,10174086,10223031,-48945,-0.4787719023839407314719088693
closed-one,normal,"control,candidate",raw_summary.per_tenant.0.observed_hold_nanos.p95,11340916,11492910,-151994,-1.322502307944637171960800180
closed-one,normal,"control,candidate",raw_summary.per_tenant.0.observed_hold_nanos.p99,11453795,11591875,-138080,-1.191179166442012185259071548
closed-one,normal,"control,candidate",raw_summary.per_tenant.0.observed_hold_nanos.standard_deviation,187005.158143,161710.719263,25294.438880,15.64178243426282224240730604
closed-one,normal,"control,candidate",raw_summary.per_tenant.0.offers,128,128,0,0
closed-one,normal,"control,candidate",raw_summary.per_tenant.0.outcomes.admission-error,0,0,0,null
closed-one,normal,"control,candidate",raw_summary.per_tenant.0.outcomes.backpressure,0,0,0,null
closed-one,normal,"control,candidate",raw_summary.per_tenant.0.outcomes.released,128,128,0,0
closed-one,normal,"control,candidate",raw_summary.per_tenant.0.outcomes.scheduler-error,0,0,0,null
closed-one,normal,"control,candidate",raw_summary.per_tenant.0.scheduling_lag_nanos.count,128,128,0,0
closed-one,normal,"control,candidate",raw_summary.per_tenant.0.scheduling_lag_nanos.maximum,4293,3229,1064,32.95137813564571074636110251
closed-one,normal,"control,candidate",raw_summary.per_tenant.0.scheduling_lag_nanos.mean,666.015625,1010.90625,-344.890625,-34.11697424959040464929364123
closed-one,normal,"control,candidate",raw_summary.per_tenant.0.scheduling_lag_nanos.median,584.5,907.5,-323.0,-35.59228650137741046831955923
closed-one,normal,"control,candidate",raw_summary.per_tenant.0.scheduling_lag_nanos.median_absolute_deviation,199.5,249.5,-50.0,-20.04008016032064128256513026
closed-one,normal,"control,candidate",raw_summary.per_tenant.0.scheduling_lag_nanos.minimum,98,170,-72,-42.35294117647058823529411765
closed-one,normal,"control,candidate",raw_summary.per_tenant.0.scheduling_lag_nanos.p95,1328,1799,-471,-26.18121178432462479155086159
closed-one,normal,"control,candidate",raw_summary.per_tenant.0.scheduling_lag_nanos.p99,1860,2519,-659,-26.16117506947201270345375149
closed-one,normal,"control,candidate",raw_summary.per_tenant.0.scheduling_lag_nanos.standard_deviation,467.253645,438.196596,29.057049,6.631053108408902382254014588
closed-one,normal,"control,candidate",raw_summary.released_per_second,88.90981264017817137472661405,88.14363391325460921017554707,0.76617872692356216455106698,0.8692388694543576666651860023
closed-one,normal,"control,candidate",raw_summary.scheduler_rejected,0,0,0,null
closed-one,normal,"control,candidate",raw_summary.started_nanos,191520815,190072499,1448316,0.7619808271158680351753569568
closed-one,normal,"control,candidate",raw_summary.warmup.enqueue_to_result_all_nanos.count,8,8,0,0
closed-one,normal,"control,candidate",raw_summary.warmup.enqueue_to_result_all_nanos.maximum,55824,44295,11529,26.02776837114798509989840840
closed-one,normal,"control,candidate",raw_summary.warmup.enqueue_to_result_all_nanos.mean,29575.125,24362.125,5213.000,21.39796918372268428965043074
closed-one,normal,"control,candidate",raw_summary.warmup.enqueue_to_result_all_nanos.median,26135.5,22111,4024.5,18.20134774546605761837999186
closed-one,normal,"control,candidate",raw_summary.warmup.enqueue_to_result_all_nanos.median_absolute_deviation,5021.5,4767.5,254.0,5.327739905610907184058730991
closed-one,normal,"control,candidate",raw_summary.warmup.enqueue_to_result_all_nanos.minimum,15546,16384,-838,-5.11474609375
closed-one,normal,"control,candidate",raw_summary.warmup.enqueue_to_result_all_nanos.p95,55824,44295,11529,26.02776837114798509989840840
closed-one,normal,"control,candidate",raw_summary.warmup.enqueue_to_result_all_nanos.p99,55824,44295,11529,26.02776837114798509989840840
closed-one,normal,"control,candidate",raw_summary.warmup.enqueue_to_result_all_nanos.standard_deviation,12278.67644,8639.987448,3638.688992,42.11451710896050366576875147
closed-one,normal,"control,candidate",raw_summary.warmup.enqueue_to_result_released_nanos.count,8,8,0,0
closed-one,normal,"control,candidate",raw_summary.warmup.enqueue_to_result_released_nanos.maximum,55824,44295,11529,26.02776837114798509989840840
closed-one,normal,"control,candidate",raw_summary.warmup.enqueue_to_result_released_nanos.mean,29575.125,24362.125,5213.000,21.39796918372268428965043074
closed-one,normal,"control,candidate",raw_summary.warmup.enqueue_to_result_released_nanos.median,26135.5,22111,4024.5,18.20134774546605761837999186
closed-one,normal,"control,candidate",raw_summary.warmup.enqueue_to_result_released_nanos.median_absolute_deviation,5021.5,4767.5,254.0,5.327739905610907184058730991
closed-one,normal,"control,candidate",raw_summary.warmup.enqueue_to_result_released_nanos.minimum,15546,16384,-838,-5.11474609375
closed-one,normal,"control,candidate",raw_summary.warmup.enqueue_to_result_released_nanos.p95,55824,44295,11529,26.02776837114798509989840840
closed-one,normal,"control,candidate",raw_summary.warmup.enqueue_to_result_released_nanos.p99,55824,44295,11529,26.02776837114798509989840840
closed-one,normal,"control,candidate",raw_summary.warmup.enqueue_to_result_released_nanos.standard_deviation,12278.67644,8639.987448,3638.688992,42.11451710896050366576875147
closed-one,normal,"control,candidate",raw_summary.warmup.observed_hold_nanos.count,8,8,0,0
closed-one,normal,"control,candidate",raw_summary.warmup.observed_hold_nanos.maximum,11353279,11308611,44668,0.3949910382451036648090556833
closed-one,normal,"control,candidate",raw_summary.warmup.observed_hold_nanos.mean,11264410.125,11107542.125,156868.000,1.412265632078347846013683248
closed-one,normal,"control,candidate",raw_summary.warmup.observed_hold_nanos.median,11279911,11154204.5,125706.5,1.126987585712634190990491523
closed-one,normal,"control,candidate",raw_summary.warmup.observed_hold_nanos.median_absolute_deviation,53498,62943.5,-9445.5,-15.00631518742999674311088516
closed-one,normal,"control,candidate",raw_summary.warmup.observed_hold_nanos.minimum,11135226,10512782,622444,5.920830470944798436798175783
closed-one,normal,"control,candidate",raw_summary.warmup.observed_hold_nanos.p95,11353279,11308611,44668,0.3949910382451036648090556833
closed-one,normal,"control,candidate",raw_summary.warmup.observed_hold_nanos.p99,11353279,11308611,44668,0.3949910382451036648090556833
closed-one,normal,"control,candidate",raw_summary.warmup.observed_hold_nanos.standard_deviation,69821.301804,233522.923947,-163701.622143,-70.10087890992383506736993092
closed-one,normal,"control,candidate",raw_summary.warmup.offers,8,8,0,0
closed-one,normal,"control,candidate",raw_summary.warmup.outcomes.admission-error,0,0,0,null
closed-one,normal,"control,candidate",raw_summary.warmup.outcomes.backpressure,0,0,0,null
closed-one,normal,"control,candidate",raw_summary.warmup.outcomes.released,8,8,0,0
closed-one,normal,"control,candidate",raw_summary.warmup.outcomes.scheduler-error,0,0,0,null
closed-one,normal,"control,candidate",raw_summary.warmup.scheduling_lag_nanos.count,8,8,0,0
closed-one,normal,"control,candidate",raw_summary.warmup.scheduling_lag_nanos.maximum,544,544,0,0
closed-one,normal,"control,candidate",raw_summary.warmup.scheduling_lag_nanos.mean,176.625,155.625,21.000,13.49397590361445783132530120
closed-one,normal,"control,candidate",raw_summary.warmup.scheduling_lag_nanos.median,122.5,83.5,39.0,46.70658682634730538922155689
closed-one,normal,"control,candidate",raw_summary.warmup.scheduling_lag_nanos.median_absolute_deviation,46,35.5,10.5,29.57746478873239436619718310
closed-one,normal,"control,candidate",raw_summary.warmup.scheduling_lag_nanos.minimum,48,48,0,0
closed-one,normal,"control,candidate",raw_summary.warmup.scheduling_lag_nanos.p95,544,544,0,0
closed-one,normal,"control,candidate",raw_summary.warmup.scheduling_lag_nanos.p99,544,544,0,0
closed-one,normal,"control,candidate",raw_summary.warmup.scheduling_lag_nanos.standard_deviation,147.333752,159.849099,-12.515347,-7.829476098579698594359921916
closed-one,normal,"control,candidate",raw_summary.whole_raw_elapsed_nanos,1631482534,1642369062,-10886528,-0.6628551555119345033059323423
saturated-one,normal,"candidate,control",metrics.normal_completion_rss_bytes,25821184,25952256,-131072,-0.5050505050505050505050505051
saturated-one,normal,"candidate,control",metrics.normal_kernel_high_water_rss_bytes,25821184,25952256,-131072,-0.5050505050505050505050505051
saturated-one,normal,"candidate,control",metrics.normal_maximum_observed_rss_bytes,25821184,25952256,-131072,-0.5050505050505050505050505051
saturated-one,normal,"candidate,control",metrics.whole_process_cpu_micros,174432,185080,-10648,-5.753187810676464231683596283
saturated-one,normal,"candidate,control",raw_summary.counts.admission_calls,2008,2008,0,0
saturated-one,normal,"candidate,control",raw_summary.counts.admitted,2008,2008,0,0
saturated-one,normal,"candidate,control",raw_summary.counts.cancel_accepted,0,0,0,null
saturated-one,normal,"candidate,control",raw_summary.counts.cancel_calls,0,0,0,null
saturated-one,normal,"candidate,control",raw_summary.counts.cleanup_reclaims,0,0,0,null
saturated-one,normal,"candidate,control",raw_summary.counts.enqueue_calls,2008,2008,0,0
saturated-one,normal,"candidate,control",raw_summary.counts.enqueue_results,2008,2008,0,0
saturated-one,normal,"candidate,control",raw_summary.counts.offers,2008,2008,0,0
saturated-one,normal,"candidate,control",raw_summary.counts.release_calls,756,752,4,0.5319148936170212765957446809
saturated-one,normal,"candidate,control",raw_summary.counts.released,756,752,4,0.5319148936170212765957446809
saturated-one,normal,"candidate,control",raw_summary.counts.shutdown_calls,1,1,0,0
saturated-one,normal,"candidate,control",raw_summary.elapsed_nanos,2092476034,2094630400,-2154366,-0.1028518444113099857616885537
saturated-one,normal,"candidate,control",raw_summary.finished_nanos,2283469888,2285818781,-2348893,-0.1027593709319514073937429951
saturated-one,normal,"candidate,control",raw_summary.measured.enqueue_to_result_all_nanos.count,2000,2000,0,0
saturated-one,normal,"candidate,control",raw_summary.measured.enqueue_to_result_all_nanos.maximum,91684760,94343838,-2659078,-2.818496741673791138325324437
saturated-one,normal,"candidate,control",raw_summary.measured.enqueue_to_result_all_nanos.mean,31852304.0265,31859397.6025,-7093.5760,-0.02226525463068821060895638132
saturated-one,normal,"candidate,control",raw_summary.measured.enqueue_to_result_all_nanos.median,21999.5,24417.5,-2418.0,-9.902733695095730521142623119
saturated-one,normal,"candidate,control",raw_summary.measured.enqueue_to_result_all_nanos.median_absolute_deviation,15646,17886.5,-2240.5,-12.52620691583037486372403768
saturated-one,normal,"candidate,control",raw_summary.measured.enqueue_to_result_all_nanos.minimum,4219,4296,-77,-1.792364990689013035381750466
saturated-one,normal,"candidate,control",raw_summary.measured.enqueue_to_result_all_nanos.p95,89858517,90572340,-713823,-0.7881247188711255555504031363
saturated-one,normal,"candidate,control",raw_summary.measured.enqueue_to_result_all_nanos.p99,90854596,92050459,-1195863,-1.299138551824059888718208347
saturated-one,normal,"candidate,control",raw_summary.measured.enqueue_to_result_all_nanos.standard_deviation,42009395.686379,42206748.995716,-197353.309337,-0.4675870898207095527019131401
saturated-one,normal,"candidate,control",raw_summary.measured.enqueue_to_result_released_nanos.count,748,744,4,0.5376344086021505376344086022
saturated-one,normal,"candidate,control",raw_summary.measured.enqueue_to_result_released_nanos.maximum,91684760,94343838,-2659078,-2.818496741673791138325324437
saturated-one,normal,"candidate,control",raw_summary.measured.enqueue_to_result_released_nanos.mean,85139089.613636,85614444.41129,-475354.797654,-0.5552273345025817091381586131
saturated-one,normal,"candidate,control",raw_summary.measured.enqueue_to_result_released_nanos.median,88169299.5,88532917,-363617.5,-0.4107144690601350004089439412
saturated-one,normal,"candidate,control",raw_summary.measured.enqueue_to_result_released_nanos.median_absolute_deviation,1171149.5,1237443.5,-66294.0,-5.357335506631211849268269622
saturated-one,normal,"candidate,control",raw_summary.measured.enqueue_to_result_released_nanos.minimum,6471,8947,-2476,-27.67408069744048284341119928
saturated-one,normal,"candidate,control",raw_summary.measured.enqueue_to_result_released_nanos.p95,90491815,91597088,-1105273,-1.206668273122394458653532741
saturated-one,normal,"candidate,control",raw_summary.measured.enqueue_to_result_released_nanos.p99,91265520,92710143,-1444623,-1.558214617358534329949205234
saturated-one,normal,"candidate,control",raw_summary.measured.enqueue_to_result_released_nanos.standard_deviation,13519417.601872,13691356.274281,-171938.672409,-1.255819138473404013479473748
saturated-one,normal,"candidate,control",raw_summary.measured.observed_hold_nanos.count,748,744,4,0.5376344086021505376344086022
saturated-one,normal,"candidate,control",raw_summary.measured.observed_hold_nanos.maximum,12255461,14480861,-2225400,-15.36787073641546590358128567
saturated-one,normal,"candidate,control",raw_summary.measured.observed_hold_nanos.mean,11125357.332888,11191696.592742,-66339.259854,-0.5927542737087967983851927475
saturated-one,normal,"candidate,control",raw_summary.measured.observed_hold_nanos.median,11208468.5,11245205,-36736.5,-0.3266859074601129992739127477
saturated-one,normal,"candidate,control",raw_summary.measured.observed_hold_nanos.median_absolute_deviation,351876,423132,-71256,-16.84013499333541306259039732
saturated-one,normal,"candidate,control",raw_summary.measured.observed_hold_nanos.minimum,10044805,10045422,-617,-0.006142101347260473477371085057
saturated-one,normal,"candidate,control",raw_summary.measured.observed_hold_nanos.p95,11809707,11934412,-124705,-1.044919515096344922565099981
saturated-one,normal,"candidate,control",raw_summary.measured.observed_hold_nanos.p99,12059478,12138229,-78751,-0.6487849257086845206166402034
saturated-one,normal,"candidate,control",raw_summary.measured.observed_hold_nanos.standard_deviation,461420.408702,551768.639174,-90348.230472,-16.37429604684522943292710421
saturated-one,normal,"candidate,control",raw_summary.measured.offers,2000,2000,0,0
saturated-one,normal,"candidate,control",raw_summary.measured.outcomes.admission-error,0,0,0,null
saturated-one,normal,"candidate,control",raw_summary.measured.outcomes.backpressure,0,0,0,null
saturated-one,normal,"candidate,control",raw_summary.measured.outcomes.released,748,744,4,0.5376344086021505376344086022
saturated-one,normal,"candidate,control",raw_summary.measured.outcomes.scheduler-error,1252,1256,-4,-0.3184713375796178343949044586
saturated-one,normal,"candidate,control",raw_summary.measured.scheduling_lag_nanos.count,2000,2000,0,0
saturated-one,normal,"candidate,control",raw_summary.measured.scheduling_lag_nanos.maximum,1816621,4797116,-2980495,-62.13097619486374730150365345
saturated-one,normal,"candidate,control",raw_summary.measured.scheduling_lag_nanos.mean,746389.1815,667963.8205,78425.3610,11.74095940425264394989788223
saturated-one,normal,"candidate,control",raw_summary.measured.scheduling_lag_nanos.median,735491,660431.5,75059.5,11.36522107137530538746259075
saturated-one,normal,"candidate,control",raw_summary.measured.scheduling_lag_nanos.median_absolute_deviation,280410,289946.5,-9536.5,-3.289055049810913392643125542
saturated-one,normal,"candidate,control",raw_summary.measured.scheduling_lag_nanos.minimum,172269,93426,78843,84.39085479416864684349110526
saturated-one,normal,"candidate,control",raw_summary.measured.scheduling_lag_nanos.p95,1273907,1192646,81261,6.813505432458583687028674058
saturated-one,normal,"candidate,control",raw_summary.measured.scheduling_lag_nanos.p99,1395646,1319714,75932,5.753670871112983570682738836
saturated-one,normal,"candidate,control",raw_summary.measured.scheduling_lag_nanos.standard_deviation,332946.701613,360801.639318,-27854.937705,-7.720291337271190596636290198
saturated-one,normal,"candidate,control",raw_summary.offered_per_second,955.8054512943587673128876562,954.8223877587186741871024120,0.9830635356400931257852442,0.1029577383441611260050398186
saturated-one,normal,"candidate,control",raw_summary.per_tenant.0.enqueue_to_result_all_nanos.count,2000,2000,0,0
saturated-one,normal,"candidate,control",raw_summary.per_tenant.0.enqueue_to_result_all_nanos.maximum,91684760,94343838,-2659078,-2.818496741673791138325324437
saturated-one,normal,"candidate,control",raw_summary.per_tenant.0.enqueue_to_result_all_nanos.mean,31852304.0265,31859397.6025,-7093.5760,-0.02226525463068821060895638132
saturated-one,normal,"candidate,control",raw_summary.per_tenant.0.enqueue_to_result_all_nanos.median,21999.5,24417.5,-2418.0,-9.902733695095730521142623119
saturated-one,normal,"candidate,control",raw_summary.per_tenant.0.enqueue_to_result_all_nanos.median_absolute_deviation,15646,17886.5,-2240.5,-12.52620691583037486372403768
saturated-one,normal,"candidate,control",raw_summary.per_tenant.0.enqueue_to_result_all_nanos.minimum,4219,4296,-77,-1.792364990689013035381750466
saturated-one,normal,"candidate,control",raw_summary.per_tenant.0.enqueue_to_result_all_nanos.p95,89858517,90572340,-713823,-0.7881247188711255555504031363
saturated-one,normal,"candidate,control",raw_summary.per_tenant.0.enqueue_to_result_all_nanos.p99,90854596,92050459,-1195863,-1.299138551824059888718208347
saturated-one,normal,"candidate,control",raw_summary.per_tenant.0.enqueue_to_result_all_nanos.standard_deviation,42009395.686379,42206748.995716,-197353.309337,-0.4675870898207095527019131401
saturated-one,normal,"candidate,control",raw_summary.per_tenant.0.enqueue_to_result_released_nanos.count,748,744,4,0.5376344086021505376344086022
saturated-one,normal,"candidate,control",raw_summary.per_tenant.0.enqueue_to_result_released_nanos.maximum,91684760,94343838,-2659078,-2.818496741673791138325324437
saturated-one,normal,"candidate,control",raw_summary.per_tenant.0.enqueue_to_result_released_nanos.mean,85139089.613636,85614444.41129,-475354.797654,-0.5552273345025817091381586131
saturated-one,normal,"candidate,control",raw_summary.per_tenant.0.enqueue_to_result_released_nanos.median,88169299.5,88532917,-363617.5,-0.4107144690601350004089439412
saturated-one,normal,"candidate,control",raw_summary.per_tenant.0.enqueue_to_result_released_nanos.median_absolute_deviation,1171149.5,1237443.5,-66294.0,-5.357335506631211849268269622
saturated-one,normal,"candidate,control",raw_summary.per_tenant.0.enqueue_to_result_released_nanos.minimum,6471,8947,-2476,-27.67408069744048284341119928
saturated-one,normal,"candidate,control",raw_summary.per_tenant.0.enqueue_to_result_released_nanos.p95,90491815,91597088,-1105273,-1.206668273122394458653532741
saturated-one,normal,"candidate,control",raw_summary.per_tenant.0.enqueue_to_result_released_nanos.p99,91265520,92710143,-1444623,-1.558214617358534329949205234
saturated-one,normal,"candidate,control",raw_summary.per_tenant.0.enqueue_to_result_released_nanos.standard_deviation,13519417.601872,13691356.274281,-171938.672409,-1.255819138473404013479473748
saturated-one,normal,"candidate,control",raw_summary.per_tenant.0.observed_hold_nanos.count,748,744,4,0.5376344086021505376344086022
saturated-one,normal,"candidate,control",raw_summary.per_tenant.0.observed_hold_nanos.maximum,12255461,14480861,-2225400,-15.36787073641546590358128567
saturated-one,normal,"candidate,control",raw_summary.per_tenant.0.observed_hold_nanos.mean,11125357.332888,11191696.592742,-66339.259854,-0.5927542737087967983851927475
saturated-one,normal,"candidate,control",raw_summary.per_tenant.0.observed_hold_nanos.median,11208468.5,11245205,-36736.5,-0.3266859074601129992739127477
saturated-one,normal,"candidate,control",raw_summary.per_tenant.0.observed_hold_nanos.median_absolute_deviation,351876,423132,-71256,-16.84013499333541306259039732
saturated-one,normal,"candidate,control",raw_summary.per_tenant.0.observed_hold_nanos.minimum,10044805,10045422,-617,-0.006142101347260473477371085057
saturated-one,normal,"candidate,control",raw_summary.per_tenant.0.observed_hold_nanos.p95,11809707,11934412,-124705,-1.044919515096344922565099981
saturated-one,normal,"candidate,control",raw_summary.per_tenant.0.observed_hold_nanos.p99,12059478,12138229,-78751,-0.6487849257086845206166402034
saturated-one,normal,"candidate,control",raw_summary.per_tenant.0.observed_hold_nanos.standard_deviation,461420.408702,551768.639174,-90348.230472,-16.37429604684522943292710421
saturated-one,normal,"candidate,control",raw_summary.per_tenant.0.offers,2000,2000,0,0
saturated-one,normal,"candidate,control",raw_summary.per_tenant.0.outcomes.admission-error,0,0,0,null
saturated-one,normal,"candidate,control",raw_summary.per_tenant.0.outcomes.backpressure,0,0,0,null
saturated-one,normal,"candidate,control",raw_summary.per_tenant.0.outcomes.released,748,744,4,0.5376344086021505376344086022
saturated-one,normal,"candidate,control",raw_summary.per_tenant.0.outcomes.scheduler-error,1252,1256,-4,-0.3184713375796178343949044586
saturated-one,normal,"candidate,control",raw_summary.per_tenant.0.scheduling_lag_nanos.count,2000,2000,0,0
saturated-one,normal,"candidate,control",raw_summary.per_tenant.0.scheduling_lag_nanos.maximum,1816621,4797116,-2980495,-62.13097619486374730150365345
saturated-one,normal,"candidate,control",raw_summary.per_tenant.0.scheduling_lag_nanos.mean,746389.1815,667963.8205,78425.3610,11.74095940425264394989788223
saturated-one,normal,"candidate,control",raw_summary.per_tenant.0.scheduling_lag_nanos.median,735491,660431.5,75059.5,11.36522107137530538746259075
saturated-one,normal,"candidate,control",raw_summary.per_tenant.0.scheduling_lag_nanos.median_absolute_deviation,280410,289946.5,-9536.5,-3.289055049810913392643125542
saturated-one,normal,"candidate,control",raw_summary.per_tenant.0.scheduling_lag_nanos.minimum,172269,93426,78843,84.39085479416864684349110526
saturated-one,normal,"candidate,control",raw_summary.per_tenant.0.scheduling_lag_nanos.p95,1273907,1192646,81261,6.813505432458583687028674058
saturated-one,normal,"candidate,control",raw_summary.per_tenant.0.scheduling_lag_nanos.p99,1395646,1319714,75932,5.753670871112983570682738836
saturated-one,normal,"candidate,control",raw_summary.per_tenant.0.scheduling_lag_nanos.standard_deviation,332946.701613,360801.639318,-27854.937705,-7.720291337271190596636290198
saturated-one,normal,"candidate,control",raw_summary.released_per_second,357.4712387840901789750199834,355.1939282462433467976020972,2.2773105378468321774178862,0.6411456831739684438867873574
saturated-one,normal,"candidate,control",raw_summary.scheduler_rejected,1252,1256,-4,-0.3184713375796178343949044586
saturated-one,normal,"candidate,control",raw_summary.started_nanos,190993854,191188381,-194527,-0.1017462457616605896150143141
saturated-one,normal,"candidate,control",raw_summary.warmup.enqueue_to_result_all_nanos.count,8,8,0,0
saturated-one,normal,"candidate,control",raw_summary.warmup.enqueue_to_result_all_nanos.maximum,66391,55225,11166,20.21910366681756450882752377
saturated-one,normal,"candidate,control",raw_summary.warmup.enqueue_to_result_all_nanos.mean,30436.375,33497.625,-3061.250,-9.138707594941432414984644434
saturated-one,normal,"candidate,control",raw_summary.warmup.enqueue_to_result_all_nanos.median,26468.5,28446.5,-1978.0,-6.953403757931555727418135799
saturated-one,normal,"candidate,control",raw_summary.warmup.enqueue_to_result_all_nanos.median_absolute_deviation,5251.5,7485,-2233.5,-29.83967935871743486973947896
saturated-one,normal,"candidate,control",raw_summary.warmup.enqueue_to_result_all_nanos.minimum,14689,20423,-5734,-28.07618861087989031973755080
saturated-one,normal,"candidate,control",raw_summary.warmup.enqueue_to_result_all_nanos.p95,66391,55225,11166,20.21910366681756450882752377
saturated-one,normal,"candidate,control",raw_summary.warmup.enqueue_to_result_all_nanos.p99,66391,55225,11166,20.21910366681756450882752377
saturated-one,normal,"candidate,control",raw_summary.warmup.enqueue_to_result_all_nanos.standard_deviation,14579.861984,12153.498817,2426.363167,19.96431812381522528270963175
saturated-one,normal,"candidate,control",raw_summary.warmup.enqueue_to_result_released_nanos.count,8,8,0,0
saturated-one,normal,"candidate,control",raw_summary.warmup.enqueue_to_result_released_nanos.maximum,66391,55225,11166,20.21910366681756450882752377
saturated-one,normal,"candidate,control",raw_summary.warmup.enqueue_to_result_released_nanos.mean,30436.375,33497.625,-3061.250,-9.138707594941432414984644434
saturated-one,normal,"candidate,control",raw_summary.warmup.enqueue_to_result_released_nanos.median,26468.5,28446.5,-1978.0,-6.953403757931555727418135799
saturated-one,normal,"candidate,control",raw_summary.warmup.enqueue_to_result_released_nanos.median_absolute_deviation,5251.5,7485,-2233.5,-29.83967935871743486973947896
saturated-one,normal,"candidate,control",raw_summary.warmup.enqueue_to_result_released_nanos.minimum,14689,20423,-5734,-28.07618861087989031973755080
saturated-one,normal,"candidate,control",raw_summary.warmup.enqueue_to_result_released_nanos.p95,66391,55225,11166,20.21910366681756450882752377
saturated-one,normal,"candidate,control",raw_summary.warmup.enqueue_to_result_released_nanos.p99,66391,55225,11166,20.21910366681756450882752377
saturated-one,normal,"candidate,control",raw_summary.warmup.enqueue_to_result_released_nanos.standard_deviation,14579.861984,12153.498817,2426.363167,19.96431812381522528270963175
saturated-one,normal,"candidate,control",raw_summary.warmup.observed_hold_nanos.count,8,8,0,0
saturated-one,normal,"candidate,control",raw_summary.warmup.observed_hold_nanos.maximum,11284789,11349383,-64594,-0.5691410713692541700284500047
saturated-one,normal,"candidate,control",raw_summary.warmup.observed_hold_nanos.mean,11195610.375,11216855.375,-21245.000,-0.1894024598672335115134708599
saturated-one,normal,"candidate,control",raw_summary.warmup.observed_hold_nanos.median,11184309.5,11189107,-4797.5,-0.04287652267513394947425205604
saturated-one,normal,"candidate,control",raw_summary.warmup.observed_hold_nanos.median_absolute_deviation,39150,54456,-15306,-28.10709563684442485676509476
saturated-one,normal,"candidate,control",raw_summary.warmup.observed_hold_nanos.minimum,11128390,11124653,3737,0.03359205900624495883152490239
saturated-one,normal,"candidate,control",raw_summary.warmup.observed_hold_nanos.p95,11284789,11349383,-64594,-0.5691410713692541700284500047
saturated-one,normal,"candidate,control",raw_summary.warmup.observed_hold_nanos.p99,11284789,11349383,-64594,-0.5691410713692541700284500047
saturated-one,normal,"candidate,control",raw_summary.warmup.observed_hold_nanos.standard_deviation,49199.709262,84358.830122,-35159.120860,-41.67805647512272408276676741
saturated-one,normal,"candidate,control",raw_summary.warmup.offers,8,8,0,0
saturated-one,normal,"candidate,control",raw_summary.warmup.outcomes.admission-error,0,0,0,null
saturated-one,normal,"candidate,control",raw_summary.warmup.outcomes.backpressure,0,0,0,null
saturated-one,normal,"candidate,control",raw_summary.warmup.outcomes.released,8,8,0,0
saturated-one,normal,"candidate,control",raw_summary.warmup.outcomes.scheduler-error,0,0,0,null
saturated-one,normal,"candidate,control",raw_summary.warmup.scheduling_lag_nanos.count,8,8,0,0
saturated-one,normal,"candidate,control",raw_summary.warmup.scheduling_lag_nanos.maximum,450,456,-6,-1.315789473684210526315789474
saturated-one,normal,"candidate,control",raw_summary.warmup.scheduling_lag_nanos.mean,130.375,212.25,-81.875,-38.57479387514723203769140165
saturated-one,normal,"candidate,control",raw_summary.warmup.scheduling_lag_nanos.median,83.5,186.5,-103.0,-55.22788203753351206434316354
saturated-one,normal,"candidate,control",raw_summary.warmup.scheduling_lag_nanos.median_absolute_deviation,29.5,73,-43.5,-59.58904109589041095890410959
saturated-one,normal,"candidate,control",raw_summary.warmup.scheduling_lag_nanos.minimum,47,68,-21,-30.88235294117647058823529412
saturated-one,normal,"candidate,control",raw_summary.warmup.scheduling_lag_nanos.p95,450,456,-6,-1.315789473684210526315789474
saturated-one,normal,"candidate,control",raw_summary.warmup.scheduling_lag_nanos.p99,450,456,-6,-1.315789473684210526315789474
saturated-one,normal,"candidate,control",raw_summary.warmup.scheduling_lag_nanos.standard_deviation,123.800179,122.016136,1.784043,1.462136942281142225320100286
saturated-one,normal,"candidate,control",raw_summary.whole_raw_elapsed_nanos,2283903680,2286419678,-2515998,-0.1100409528578243805685090854
saturated-many,normal,"control,candidate",metrics.normal_completion_rss_bytes,26214400,26214400,0,0
saturated-many,normal,"control,candidate",metrics.normal_kernel_high_water_rss_bytes,26214400,26214400,0,0
saturated-many,normal,"control,candidate",metrics.normal_maximum_observed_rss_bytes,26214400,26214400,0,0
saturated-many,normal,"control,candidate",metrics.whole_process_cpu_micros,188462,173869,14593,8.393100552714975067435828123
saturated-many,normal,"control,candidate",raw_summary.counts.admission_calls,2008,2008,0,0
saturated-many,normal,"control,candidate",raw_summary.counts.admitted,2008,2008,0,0
saturated-many,normal,"control,candidate",raw_summary.counts.cancel_accepted,0,0,0,null
saturated-many,normal,"control,candidate",raw_summary.counts.cancel_calls,0,0,0,null
saturated-many,normal,"control,candidate",raw_summary.counts.cleanup_reclaims,0,0,0,null
saturated-many,normal,"control,candidate",raw_summary.counts.enqueue_calls,2008,2008,0,0
saturated-many,normal,"control,candidate",raw_summary.counts.enqueue_results,2008,2008,0,0
saturated-many,normal,"control,candidate",raw_summary.counts.offers,2008,2008,0,0
saturated-many,normal,"control,candidate",raw_summary.counts.release_calls,754,756,-2,-0.2645502645502645502645502646
saturated-many,normal,"control,candidate",raw_summary.counts.released,754,756,-2,-0.2645502645502645502645502646
saturated-many,normal,"control,candidate",raw_summary.counts.shutdown_calls,1,1,0,0
saturated-many,normal,"control,candidate",raw_summary.elapsed_nanos,2101763273,2095710487,6052786,0.2888178513943753529539884390
saturated-many,normal,"control,candidate",raw_summary.finished_nanos,2293257188,2285354633,7902555,0.3457911908239057093420476593
saturated-many,normal,"control,candidate",raw_summary.measured.enqueue_to_result_all_nanos.count,2000,2000,0,0
saturated-many,normal,"control,candidate",raw_summary.measured.enqueue_to_result_all_nanos.maximum,227461180,212514587,14946593,7.033208031032712121544861295
saturated-many,normal,"control,candidate",raw_summary.measured.enqueue_to_result_all_nanos.mean,32032267.7625,32105432.1995,-73164.4370,-0.2278880301170324695102069436
saturated-many,normal,"control,candidate",raw_summary.measured.enqueue_to_result_all_nanos.median,23056.5,22264,792.5,3.559558030901904419690980956
saturated-many,normal,"control,candidate",raw_summary.measured.enqueue_to_result_all_nanos.median_absolute_deviation,16554.5,15895,659.5,4.149103491664045297263290343
saturated-many,normal,"control,candidate",raw_summary.measured.enqueue_to_result_all_nanos.minimum,4593,4358,235,5.392381826525929325378614043
saturated-many,normal,"control,candidate",raw_summary.measured.enqueue_to_result_all_nanos.p95,120246649,118558853,1687796,1.423593394581845355740747593
saturated-many,normal,"control,candidate",raw_summary.measured.enqueue_to_result_all_nanos.p99,157789974,152143163,5646811,3.711511505778278055123646930
saturated-many,normal,"control,candidate",raw_summary.measured.enqueue_to_result_all_nanos.standard_deviation,45364733.896612,45098950.631748,265783.264864,0.5893335901188316603736525179
saturated-many,normal,"control,candidate",raw_summary.measured.enqueue_to_result_released_nanos.count,746,748,-2,-0.2673796791443850267379679144
saturated-many,normal,"control,candidate",raw_summary.measured.enqueue_to_result_released_nanos.maximum,227461180,212514587,14946593,7.033208031032712121544861295
saturated-many,normal,"control,candidate",raw_summary.measured.enqueue_to_result_released_nanos.mean,85848709.969169,85817202.086898,31507.882271,0.03671511247721092276995147468
saturated-many,normal,"control,candidate",raw_summary.measured.enqueue_to_result_released_nanos.median,78671744,79255259.5,-583515.5,-0.7362482990797601262033594124
saturated-many,normal,"control,candidate",raw_summary.measured.enqueue_to_result_released_nanos.median_absolute_deviation,15396434.5,15790825.5,-394391.0,-2.497595834999253205603468926
saturated-many,normal,"control,candidate",raw_summary.measured.enqueue_to_result_released_nanos.minimum,9157,6039,3118,51.63106474581884417949991720
saturated-many,normal,"control,candidate",raw_summary.measured.enqueue_to_result_released_nanos.p95,137423195,138573173,-1149978,-0.8298705839693805669009253328
saturated-many,normal,"control,candidate",raw_summary.measured.enqueue_to_result_released_nanos.p99,179116481,165815334,13301147,8.021662821606112737438384317
saturated-many,normal,"control,candidate",raw_summary.measured.enqueue_to_result_released_nanos.standard_deviation,29969356.626655,28804911.739805,1164444.886850,4.042521974614746442720739805
saturated-many,normal,"control,candidate",raw_summary.measured.observed_hold_nanos.count,746,748,-2,-0.2673796791443850267379679144
saturated-many,normal,"control,candidate",raw_summary.measured.observed_hold_nanos.maximum,12167386,12211638,-44252,-0.3623756288877872075801788425
saturated-many,normal,"control,candidate",raw_summary.measured.observed_hold_nanos.mean,11155044.104558,11143075.279412,11968.825146,0.1074104306565500770112406030
saturated-many,normal,"control,candidate",raw_summary.measured.observed_hold_nanos.median,11173990,11194249,-20259,-0.1809768569557457583800396078
saturated-many,normal,"control,candidate",raw_summary.measured.observed_hold_nanos.median_absolute_deviation,321711,385437.5,-63726.5,-16.53354953786281822604183558
saturated-many,normal,"control,candidate",raw_summary.measured.observed_hold_nanos.minimum,10068415,10145766,-77351,-0.7623968461326626299088703603
saturated-many,normal,"control,candidate",raw_summary.measured.observed_hold_nanos.p95,11901325,11887975,13350,0.1122983519060226825847127034
saturated-many,normal,"control,candidate",raw_summary.measured.observed_hold_nanos.p99,12045656,12070523,-24867,-0.2060142712954525665540755773
saturated-many,normal,"control,candidate",raw_summary.measured.observed_hold_nanos.standard_deviation,451420.400209,481929.363887,-30508.963678,-6.330588248852494640937321874
saturated-many,normal,"control,candidate",raw_summary.measured.offers,2000,2000,0,0
saturated-many,normal,"control,candidate",raw_summary.measured.outcomes.admission-error,0,0,0,null
saturated-many,normal,"control,candidate",raw_summary.measured.outcomes.backpressure,0,0,0,null
saturated-many,normal,"control,candidate",raw_summary.measured.outcomes.released,746,748,-2,-0.2673796791443850267379679144
saturated-many,normal,"control,candidate",raw_summary.measured.outcomes.scheduler-error,1254,1252,2,0.1597444089456869009584664537
saturated-many,normal,"control,candidate",raw_summary.measured.scheduling_lag_nanos.count,2000,2000,0,0
saturated-many,normal,"control,candidate",raw_summary.measured.scheduling_lag_nanos.maximum,2112726,2212832,-100106,-4.523886133244638544634206302
saturated-many,normal,"control,candidate",raw_summary.measured.scheduling_lag_nanos.mean,1269702.763,1199384.9465,70317.8165,5.862822999838275859167622128
saturated-many,normal,"control,candidate",raw_summary.measured.scheduling_lag_nanos.median,1269319,1191639,77680,6.518752743070678284279047597
saturated-many,normal,"control,candidate",raw_summary.measured.scheduling_lag_nanos.median_absolute_deviation,287760,288718.5,-958.5,-0.3319842684136970786423453987
saturated-many,normal,"control,candidate",raw_summary.measured.scheduling_lag_nanos.minimum,680663,624853,55810,8.931700736013110283538688299
saturated-many,normal,"control,candidate",raw_summary.measured.scheduling_lag_nanos.p95,1806103,1722682,83421,4.842507206785698114916159802
saturated-many,normal,"control,candidate",raw_summary.measured.scheduling_lag_nanos.p99,1939154,1858233,80921,4.354728389819791167200238076
saturated-many,normal,"control,candidate",raw_summary.measured.scheduling_lag_nanos.standard_deviation,341324.843689,337727.096211,3597.747478,1.065282447977539248070102195
saturated-many,normal,"control,candidate",raw_summary.offered_per_second,951.5819529690677966281124563,954.3302915198896936187350386,-2.7483385508218969906225823,-0.2879860961391915996240743192
saturated-many,normal,"control,candidate",raw_summary.per_tenant.0.enqueue_to_result_all_nanos.count,63,63,0,0
saturated-many,normal,"control,candidate",raw_summary.per_tenant.0.enqueue_to_result_all_nanos.maximum,158736681,125350301,33386380,26.63446336678521418149606198
saturated-many,normal,"control,candidate",raw_summary.per_tenant.0.enqueue_to_result_all_nanos.mean,25069473.746032,25226574.984127,-157101.238095,-0.6227608710015165873848143393
saturated-many,normal,"control,candidate",raw_summary.per_tenant.0.enqueue_to_result_all_nanos.median,20675,24467,-3792,-15.49842645195569542649282707
saturated-many,normal,"control,candidate",raw_summary.per_tenant.0.enqueue_to_result_all_nanos.median_absolute_deviation,13438,16929,-3491,-20.62141886703290212062141887
saturated-many,normal,"control,candidate",raw_summary.per_tenant.0.enqueue_to_result_all_nanos.minimum,5580,4656,924,19.84536082474226804123711340
saturated-many,normal,"control,candidate",raw_summary.per_tenant.0.enqueue_to_result_all_nanos.p95,101218521,91421149,9797372,10.71674564055194712111964377
saturated-many,normal,"control,candidate",raw_summary.per_tenant.0.enqueue_to_result_all_nanos.p99,158736681,125350301,33386380,26.63446336678521418149606198
saturated-many,normal,"control,candidate",raw_summary.per_tenant.0.enqueue_to_result_all_nanos.standard_deviation,40632481.600943,36948062.888588,3684418.712355,9.971886005133415616508072444
saturated-many,normal,"control,candidate",raw_summary.per_tenant.0.enqueue_to_result_released_nanos.count,20,22,-2,-9.090909090909090909090909091
saturated-many,normal,"control,candidate",raw_summary.per_tenant.0.enqueue_to_result_released_nanos.maximum,158736681,125350301,33386380,26.63446336678521418149606198
saturated-many,normal,"control,candidate",raw_summary.per_tenant.0.enqueue_to_result_released_nanos.mean,78932272.65,72202535.045455,6729737.604545,9.320638950292124182543888456
saturated-many,normal,"control,candidate",raw_summary.per_tenant.0.enqueue_to_result_released_nanos.median,76887997,69332020.5,7555976.5,10.89824938824622888352143149
saturated-many,normal,"control,candidate",raw_summary.per_tenant.0.enqueue_to_result_released_nanos.median_absolute_deviation,17005059.5,8175762,8829297.5,107.9935729538115223999915849
saturated-many,normal,"control,candidate",raw_summary.per_tenant.0.enqueue_to_result_released_nanos.minimum,33945,15722,18223,115.9076453377432896578043506
saturated-many,normal,"control,candidate",raw_summary.per_tenant.0.enqueue_to_result_released_nanos.p95,121721542,101565441,20156101,19.84543246358768825707161553
saturated-many,normal,"control,candidate",raw_summary.per_tenant.0.enqueue_to_result_released_nanos.p99,158736681,125350301,33386380,26.63446336678521418149606198
saturated-many,normal,"control,candidate",raw_summary.per_tenant.0.enqueue_to_result_released_nanos.standard_deviation,30822850.861765,22770013.556641,8052837.305124,35.36597501399091437660063833
saturated-many,normal,"control,candidate",raw_summary.per_tenant.0.observed_hold_nanos.count,20,22,-2,-9.090909090909090909090909091
saturated-many,normal,"control,candidate",raw_summary.per_tenant.0.observed_hold_nanos.maximum,12084436,12078310,6126,0.05071901615374998654613103986
saturated-many,normal,"control,candidate",raw_summary.per_tenant.0.observed_hold_nanos.mean,11186388.6,11141703.681818,44684.918182,0.4010600125268160871808653552
saturated-many,normal,"control,candidate",raw_summary.per_tenant.0.observed_hold_nanos.median,11101073,11279996.5,-178923.5,-1.586201733307275405626234015
saturated-many,normal,"control,candidate",raw_summary.per_tenant.0.observed_hold_nanos.median_absolute_deviation,322113.5,440408,-118294.5,-26.86020689905723783400846488
saturated-many,normal,"control,candidate",raw_summary.per_tenant.0.observed_hold_nanos.minimum,10171983,10300880,-128897,-1.251320275549273460131561575
saturated-many,normal,"control,candidate",raw_summary.per_tenant.0.observed_hold_nanos.p95,11999130,11781686,217444,1.845610212324449998073280853
saturated-many,normal,"control,candidate",raw_summary.per_tenant.0.observed_hold_nanos.p99,12084436,12078310,6126,0.05071901615374998654613103986
saturated-many,normal,"control,candidate",raw_summary.per_tenant.0.observed_hold_nanos.standard_deviation,488337.87956,475411.686807,12926.192753,2.718947201280638289918950162
saturated-many,normal,"control,candidate",raw_summary.per_tenant.0.offers,63,63,0,0
saturated-many,normal,"control,candidate",raw_summary.per_tenant.0.outcomes.admission-error,0,0,0,null
saturated-many,normal,"control,candidate",raw_summary.per_tenant.0.outcomes.backpressure,0,0,0,null
saturated-many,normal,"control,candidate",raw_summary.per_tenant.0.outcomes.released,20,22,-2,-9.090909090909090909090909091
saturated-many,normal,"control,candidate",raw_summary.per_tenant.0.outcomes.scheduler-error,43,41,2,4.878048780487804878048780488
saturated-many,normal,"control,candidate",raw_summary.per_tenant.0.scheduling_lag_nanos.count,63,63,0,0
saturated-many,normal,"control,candidate",raw_summary.per_tenant.0.scheduling_lag_nanos.maximum,1835228,2000722,-165494,-8.271713911278028631663969307
saturated-many,normal,"control,candidate",raw_summary.per_tenant.0.scheduling_lag_nanos.mean,1223460.746032,1191912.936508,31547.809524,2.646821639206888016594947743
saturated-many,normal,"control,candidate",raw_summary.per_tenant.0.scheduling_lag_nanos.median,1296847,1196823,100024,8.357459707910025124851377355
saturated-many,normal,"control,candidate",raw_summary.per_tenant.0.scheduling_lag_nanos.median_absolute_deviation,286355,329930,-43575,-13.20734701300275816082199254
saturated-many,normal,"control,candidate",raw_summary.per_tenant.0.scheduling_lag_nanos.minimum,690519,631809,58710,9.292365255955518202494741290
saturated-many,normal,"control,candidate",raw_summary.per_tenant.0.scheduling_lag_nanos.p95,1756986,1799399,-42413,-2.357064775516714191794037898
saturated-many,normal,"control,candidate",raw_summary.per_tenant.0.scheduling_lag_nanos.p99,1835228,2000722,-165494,-8.271713911278028631663969307
saturated-many,normal,"control,candidate",raw_summary.per_tenant.0.scheduling_lag_nanos.standard_deviation,330021.550177,368383.377321,-38361.827144,-10.41356084603471933648856010
saturated-many,normal,"control,candidate",raw_summary.per_tenant.1.enqueue_to_result_all_nanos.count,63,63,0,0
saturated-many,normal,"control,candidate",raw_summary.per_tenant.1.enqueue_to_result_all_nanos.maximum,128454471,149918400,-21463929,-14.31707448852175583517433484
saturated-many,normal,"control,candidate",raw_summary.per_tenant.1.enqueue_to_result_all_nanos.mean,23379348.174603,32630600.301587,-9251252.126984,-28.35146163870623705256728611
saturated-many,normal,"control,candidate",raw_summary.per_tenant.1.enqueue_to_result_all_nanos.median,14141,19426,-5285,-27.20580665088026356429527437
saturated-many,normal,"control,candidate",raw_summary.per_tenant.1.enqueue_to_result_all_nanos.median_absolute_deviation,7678,13429,-5751,-42.82522898205376424156675851
saturated-many,normal,"control,candidate",raw_summary.per_tenant.1.enqueue_to_result_all_nanos.minimum,5350,5567,-217,-3.897970181426261900485000898
saturated-many,normal,"control,candidate",raw_summary.per_tenant.1.enqueue_to_result_all_nanos.p95,93149730,117378965,-24229235,-20.64188843375812693526476401
saturated-many,normal,"control,candidate",raw_summary.per_tenant.1.enqueue_to_result_all_nanos.p99,128454471,149918400,-21463929,-14.31707448852175583517433484
saturated-many,normal,"control,candidate",raw_summary.per_tenant.1.enqueue_to_result_all_nanos.standard_deviation,36950415.088281,46787184.809013,-9836769.720732,-21.02449583339124560992275610
saturated-many,normal,"control,candidate",raw_summary.per_tenant.1.enqueue_to_result_released_nanos.count,20,23,-3,-13.04347826086956521739130435
saturated-many,normal,"control,candidate",raw_summary.per_tenant.1.enqueue_to_result_released_nanos.maximum,128454471,149918400,-21463929,-14.31707448852175583517433484
saturated-many,normal,"control,candidate",raw_summary.per_tenant.1.enqueue_to_result_released_nanos.mean,73615611.05,89350873.782609,-15735262.732609,-17.61064225392238614501343822
saturated-many,normal,"control,candidate",raw_summary.per_tenant.1.enqueue_to_result_released_nanos.median,75875862,92391654,-16515792,-17.87584839643632746308449029
saturated-many,normal,"control,candidate",raw_summary.per_tenant.1.enqueue_to_result_released_nanos.median_absolute_deviation,13469495,18572711,-5103216,-27.47695799498522321270168905
saturated-many,normal,"control,candidate",raw_summary.per_tenant.1.enqueue_to_result_released_nanos.minimum,24932,6039,18893,312.8498095711210465308825965
saturated-many,normal,"control,candidate",raw_summary.per_tenant.1.enqueue_to_result_released_nanos.p95,102545391,129318306,-26772915,-20.70311298386479018678144454
saturated-many,normal,"control,candidate",raw_summary.per_tenant.1.enqueue_to_result_released_nanos.p99,128454471,149918400,-21463929,-14.31707448852175583517433484
saturated-many,normal,"control,candidate",raw_summary.per_tenant.1.enqueue_to_result_released_nanos.standard_deviation,24562400.021346,30479404.82935,-5917004.808004,-19.41312450532579939909744522
saturated-many,normal,"control,candidate",raw_summary.per_tenant.1.observed_hold_nanos.count,20,23,-3,-13.04347826086956521739130435
saturated-many,normal,"control,candidate",raw_summary.per_tenant.1.observed_hold_nanos.maximum,11841864,11943341,-101477,-0.8496533758853573719447514728
saturated-many,normal,"control,candidate",raw_summary.per_tenant.1.observed_hold_nanos.mean,11182127.95,10953167.130435,228960.819565,2.090361781559950745042764761
saturated-many,normal,"control,candidate",raw_summary.per_tenant.1.observed_hold_nanos.median,11356086,10842974,513112,4.732207233919402555055467255
saturated-many,normal,"control,candidate",raw_summary.per_tenant.1.observed_hold_nanos.median_absolute_deviation,215433.5,276300,-60866.5,-22.02913499819037278320665943
saturated-many,normal,"control,candidate",raw_summary.per_tenant.1.observed_hold_nanos.minimum,10213949,10270026,-56077,-0.5460258815313612643239656842
saturated-many,normal,"control,candidate",raw_summary.per_tenant.1.observed_hold_nanos.p95,11702276,11848513,-146237,-1.234222387231207831733821788
saturated-many,normal,"control,candidate",raw_summary.per_tenant.1.observed_hold_nanos.p99,11841864,11943341,-101477,-0.8496533758853573719447514728
saturated-many,normal,"control,candidate",raw_summary.per_tenant.1.observed_hold_nanos.standard_deviation,393434.906611,453169.744791,-59734.838180,-13.18155919865070840622424619
saturated-many,normal,"control,candidate",raw_summary.per_tenant.1.offers,63,63,0,0
saturated-many,normal,"control,candidate",raw_summary.per_tenant.1.outcomes.admission-error,0,0,0,null
saturated-many,normal,"control,candidate",raw_summary.per_tenant.1.outcomes.backpressure,0,0,0,null
saturated-many,normal,"control,candidate",raw_summary.per_tenant.1.outcomes.released,20,23,-3,-13.04347826086956521739130435
saturated-many,normal,"control,candidate",raw_summary.per_tenant.1.outcomes.scheduler-error,43,40,3,7.5
saturated-many,normal,"control,candidate",raw_summary.per_tenant.1.scheduling_lag_nanos.count,63,63,0,0
saturated-many,normal,"control,candidate",raw_summary.per_tenant.1.scheduling_lag_nanos.maximum,1724169,1816983,-92814,-5.108138050823810679571575518
saturated-many,normal,"control,candidate",raw_summary.per_tenant.1.scheduling_lag_nanos.mean,1255294.333333,1176296.84127,78997.492063,6.715778644590221904677069592
saturated-many,normal,"control,candidate",raw_summary.per_tenant.1.scheduling_lag_nanos.median,1275018,1115368,159650,14.31366150006096642543088918
saturated-many,normal,"control,candidate",raw_summary.per_tenant.1.scheduling_lag_nanos.median_absolute_deviation,307146,290229,16917,5.828845497865478639281395036
saturated-many,normal,"control,candidate",raw_summary.per_tenant.1.scheduling_lag_nanos.minimum,687112,646604,40508,6.264730808964992483807709201
saturated-many,normal,"control,candidate",raw_summary.per_tenant.1.scheduling_lag_nanos.p95,1673349,1696584,-23235,-1.369516628708039212912534835
saturated-many,normal,"control,candidate",raw_summary.per_tenant.1.scheduling_lag_nanos.p99,1724169,1816983,-92814,-5.108138050823810679571575518
saturated-many,normal,"control,candidate",raw_summary.per_tenant.1.scheduling_lag_nanos.standard_deviation,322935.947056,333550.49688,-10614.549824,-3.182291713934622036171496529
saturated-many,normal,"control,candidate",raw_summary.per_tenant.10.enqueue_to_result_all_nanos.count,63,63,0,0
saturated-many,normal,"control,candidate",raw_summary.per_tenant.10.enqueue_to_result_all_nanos.maximum,125272568,133813291,-8540723,-6.382567035138534930734197397
saturated-many,normal,"control,candidate",raw_summary.per_tenant.10.enqueue_to_result_all_nanos.mean,21944442.396825,25903838.920635,-3959396.523810,-15.28497971262454244301189530
saturated-many,normal,"control,candidate",raw_summary.per_tenant.10.enqueue_to_result_all_nanos.median,15324,18617,-3293,-17.68813450072514368587849815
saturated-many,normal,"control,candidate",raw_summary.per_tenant.10.enqueue_to_result_all_nanos.median_absolute_deviation,8239,12799,-4560,-35.62778342057973279162434565
saturated-many,normal,"control,candidate",raw_summary.per_tenant.10.enqueue_to_result_all_nanos.minimum,4973,4532,441,9.730803177405119152691968226
saturated-many,normal,"control,candidate",raw_summary.per_tenant.10.enqueue_to_result_all_nanos.p95,102217699,99635791,2581908,2.591345915043721587958286997
saturated-many,normal,"control,candidate",raw_summary.per_tenant.10.enqueue_to_result_all_nanos.p99,125272568,133813291,-8540723,-6.382567035138534930734197397
saturated-many,normal,"control,candidate",raw_summary.per_tenant.10.enqueue_to_result_all_nanos.standard_deviation,36887968.973532,38816913.884382,-1928944.910850,-4.969341242828971303937247670
saturated-many,normal,"control,candidate",raw_summary.per_tenant.10.enqueue_to_result_released_nanos.count,18,21,-3,-14.28571428571428571428571429
saturated-many,normal,"control,candidate",raw_summary.per_tenant.10.enqueue_to_result_released_nanos.maximum,125272568,133813291,-8540723,-6.382567035138534930734197397
saturated-many,normal,"control,candidate",raw_summary.per_tenant.10.enqueue_to_result_released_nanos.mean,76764883.944444,77681865.952381,-916982.007937,-1.180432520118801164940311715
saturated-many,normal,"control,candidate",raw_summary.per_tenant.10.enqueue_to_result_released_nanos.median,71355693.5,74213411,-2857717.5,-3.850675317969147112777231059
saturated-many,normal,"control,candidate",raw_summary.per_tenant.10.enqueue_to_result_released_nanos.median_absolute_deviation,7050847,8333126,-1282279,-15.38773084674346697745839916
saturated-many,normal,"control,candidate",raw_summary.per_tenant.10.enqueue_to_result_released_nanos.minimum,14824925,13547434,1277491,9.429763599512645715786472922
saturated-many,normal,"control,candidate",raw_summary.per_tenant.10.enqueue_to_result_released_nanos.p95,125272568,100755044,24517524,24.33379315481217992421302501
saturated-many,normal,"control,candidate",raw_summary.per_tenant.10.enqueue_to_result_released_nanos.p99,125272568,133813291,-8540723,-6.382567035138534930734197397
saturated-many,normal,"control,candidate",raw_summary.per_tenant.10.enqueue_to_result_released_nanos.standard_deviation,23561285.653722,22334098.178485,1227187.475237,5.494681116872588311155260234
saturated-many,normal,"control,candidate",raw_summary.per_tenant.10.observed_hold_nanos.count,18,21,-3,-14.28571428571428571428571429
saturated-many,normal,"control,candidate",raw_summary.per_tenant.10.observed_hold_nanos.maximum,11950470,11949814,656,0.005489625194166202084819060782
saturated-many,normal,"control,candidate",raw_summary.per_tenant.10.observed_hold_nanos.mean,11249321.833333,10870781.333333,378540.500000,3.482183004079788995939822044
saturated-many,normal,"control,candidate",raw_summary.per_tenant.10.observed_hold_nanos.median,11251771.5,10650350,601421.5,5.646964653743773678799288286
saturated-many,normal,"control,candidate",raw_summary.per_tenant.10.observed_hold_nanos.median_absolute_deviation,388400.5,279822,108578.5,38.80270314700059323427035758
saturated-many,normal,"control,candidate",raw_summary.per_tenant.10.observed_hold_nanos.minimum,10417656,10146832,270824,2.669049807861212248315533361
saturated-many,normal,"control,candidate",raw_summary.per_tenant.10.observed_hold_nanos.p95,11950470,11667541,282929,2.424923983554032507792344591
saturated-many,normal,"control,candidate",raw_summary.per_tenant.10.observed_hold_nanos.p99,11950470,11949814,656,0.005489625194166202084819060782
saturated-many,normal,"control,candidate",raw_summary.per_tenant.10.observed_hold_nanos.standard_deviation,435558.606013,473390.20872,-37831.602707,-7.991631852566804816866639818
saturated-many,normal,"control,candidate",raw_summary.per_tenant.10.offers,63,63,0,0
saturated-many,normal,"control,candidate",raw_summary.per_tenant.10.outcomes.admission-error,0,0,0,null
saturated-many,normal,"control,candidate",raw_summary.per_tenant.10.outcomes.backpressure,0,0,0,null
saturated-many,normal,"control,candidate",raw_summary.per_tenant.10.outcomes.released,18,21,-3,-14.28571428571428571428571429
saturated-many,normal,"control,candidate",raw_summary.per_tenant.10.outcomes.scheduler-error,45,42,3,7.142857142857142857142857143
saturated-many,normal,"control,candidate",raw_summary.per_tenant.10.scheduling_lag_nanos.count,63,63,0,0
saturated-many,normal,"control,candidate",raw_summary.per_tenant.10.scheduling_lag_nanos.maximum,2022049,1905643,116406,6.108489365531739155760024307
saturated-many,normal,"control,candidate",raw_summary.per_tenant.10.scheduling_lag_nanos.mean,1307555.507937,1178637.920635,128917.587302,10.93784486694138307504328534
saturated-many,normal,"control,candidate",raw_summary.per_tenant.10.scheduling_lag_nanos.median,1324433,1166739,157694,13.51579059241184189437397738
saturated-many,normal,"control,candidate",raw_summary.per_tenant.10.scheduling_lag_nanos.median_absolute_deviation,318827,325646,-6819,-2.093991635088408885722533057
saturated-many,normal,"control,candidate",raw_summary.per_tenant.10.scheduling_lag_nanos.minimum,728242,636300,91942,14.44947351878044947351878045
saturated-many,normal,"control,candidate",raw_summary.per_tenant.10.scheduling_lag_nanos.p95,1798906,1761222,37684,2.139650765207338995311210058
saturated-many,normal,"control,candidate",raw_summary.per_tenant.10.scheduling_lag_nanos.p99,2022049,1905643,116406,6.108489365531739155760024307
saturated-many,normal,"control,candidate",raw_summary.per_tenant.10.scheduling_lag_nanos.standard_deviation,348491.106426,345357.516836,3133.589590,0.9073465719548963452867394823
saturated-many,normal,"control,candidate",raw_summary.per_tenant.11.enqueue_to_result_all_nanos.count,63,63,0,0
saturated-many,normal,"control,candidate",raw_summary.per_tenant.11.enqueue_to_result_all_nanos.maximum,135291195,163301080,-28009885,-17.15229623711000564111394732
saturated-many,normal,"control,candidate",raw_summary.per_tenant.11.enqueue_to_result_all_nanos.mean,25486850.428571,31818713.253968,-6331862.825397,-19.89980793647391011665349241
saturated-many,normal,"control,candidate",raw_summary.per_tenant.11.enqueue_to_result_all_nanos.median,22993,16424,6569,39.99634680954700438382854359
saturated-many,normal,"control,candidate",raw_summary.per_tenant.11.enqueue_to_result_all_nanos.median_absolute_deviation,15947,10063,5884,58.47162873894464871310742323
saturated-many,normal,"control,candidate",raw_summary.per_tenant.11.enqueue_to_result_all_nanos.minimum,5413,5788,-375,-6.478921907394609536973047685
saturated-many,normal,"control,candidate",raw_summary.per_tenant.11.enqueue_to_result_all_nanos.p95,101080218,124657534,-23577316,-18.91367111433473407231046300
saturated-many,normal,"control,candidate",raw_summary.per_tenant.11.enqueue_to_result_all_nanos.p99,135291195,163301080,-28009885,-17.15229623711000564111394732
saturated-many,normal,"control,candidate",raw_summary.per_tenant.11.enqueue_to_result_all_nanos.standard_deviation,38833308.547723,47765400.529331,-8932091.981608,-18.69992061748362454049951510
saturated-many,normal,"control,candidate",raw_summary.per_tenant.11.enqueue_to_result_released_nanos.count,21,22,-1,-4.545454545454545454545454545
saturated-many,normal,"control,candidate",raw_summary.per_tenant.11.enqueue_to_result_released_nanos.maximum,135291195,163301080,-28009885,-17.15229623711000564111394732
saturated-many,normal,"control,candidate",raw_summary.per_tenant.11.enqueue_to_result_released_nanos.mean,76427940.238095,91089816.818182,-14661876.580087,-16.09606550132002611575127556
saturated-many,normal,"control,candidate",raw_summary.per_tenant.11.enqueue_to_result_released_nanos.median,68754255,90671480.5,-21917225.5,-24.17212708906854123772689473
saturated-many,normal,"control,candidate",raw_summary.per_tenant.11.enqueue_to_result_released_nanos.median_absolute_deviation,9031767,24333606.5,-15301839.5,-62.88356598517363219463584241
saturated-many,normal,"control,candidate",raw_summary.per_tenant.11.enqueue_to_result_released_nanos.minimum,13364584,13537196,-172612,-1.275094192327569165726787143
saturated-many,normal,"control,candidate",raw_summary.per_tenant.11.enqueue_to_result_released_nanos.p95,125298292,159379583,-34081291,-21.38372453892039609615492594
saturated-many,normal,"control,candidate",raw_summary.per_tenant.11.enqueue_to_result_released_nanos.p99,135291195,163301080,-28009885,-17.15229623711000564111394732
saturated-many,normal,"control,candidate",raw_summary.per_tenant.11.enqueue_to_result_released_nanos.standard_deviation,25131362.693906,33695099.503392,-8563736.809486,-25.41537771278553543960395380
saturated-many,normal,"control,candidate",raw_summary.per_tenant.11.observed_hold_nanos.count,21,22,-1,-4.545454545454545454545454545
saturated-many,normal,"control,candidate",raw_summary.per_tenant.11.observed_hold_nanos.maximum,11866731,11895269,-28538,-0.2399105055968049146261425446
saturated-many,normal,"control,candidate",raw_summary.per_tenant.11.observed_hold_nanos.mean,11117262.47619,11006062.454545,111200.021645,1.010352449881651190820555024
saturated-many,normal,"control,candidate",raw_summary.per_tenant.11.observed_hold_nanos.median,11145892,11030139,115753,1.049424671801506762516773361
saturated-many,normal,"control,candidate",raw_summary.per_tenant.11.observed_hold_nanos.median_absolute_deviation,425168,444023.5,-18855.5,-4.246509475286780992447471812
saturated-many,normal,"control,candidate",raw_summary.per_tenant.11.observed_hold_nanos.minimum,10289199,10228968,60231,0.5888277292489330301942483347
saturated-many,normal,"control,candidate",raw_summary.per_tenant.11.observed_hold_nanos.p95,11792696,11829861,-37165,-0.3141626093493406220073084544
saturated-many,normal,"control,candidate",raw_summary.per_tenant.11.observed_hold_nanos.p99,11866731,11895269,-28538,-0.2399105055968049146261425446
saturated-many,normal,"control,candidate",raw_summary.per_tenant.11.observed_hold_nanos.standard_deviation,454546.341077,512995.58845,-58449.247373,-11.39371345270288941799573481
saturated-many,normal,"control,candidate",raw_summary.per_tenant.11.offers,63,63,0,0
saturated-many,normal,"control,candidate",raw_summary.per_tenant.11.outcomes.admission-error,0,0,0,null
saturated-many,normal,"control,candidate",raw_summary.per_tenant.11.outcomes.backpressure,0,0,0,null
saturated-many,normal,"control,candidate",raw_summary.per_tenant.11.outcomes.released,21,22,-1,-4.545454545454545454545454545
saturated-many,normal,"control,candidate",raw_summary.per_tenant.11.outcomes.scheduler-error,42,41,1,2.439024390243902439024390244
saturated-many,normal,"control,candidate",raw_summary.per_tenant.11.scheduling_lag_nanos.count,63,63,0,0
saturated-many,normal,"control,candidate",raw_summary.per_tenant.11.scheduling_lag_nanos.maximum,1808371,1794533,13838,0.7711198400921019563306999648
saturated-many,normal,"control,candidate",raw_summary.per_tenant.11.scheduling_lag_nanos.mean,1214784.285714,1210571.428571,4212.857143,0.3480056643971021969545894863
saturated-many,normal,"control,candidate",raw_summary.per_tenant.11.scheduling_lag_nanos.median,1224706,1186545,38161,3.216144351878774087792709084
saturated-many,normal,"control,candidate",raw_summary.per_tenant.11.scheduling_lag_nanos.median_absolute_deviation,332687,250841,81846,32.62863726424308625782866437
saturated-many,normal,"control,candidate",raw_summary.per_tenant.11.scheduling_lag_nanos.minimum,715040,644359,70681,10.96919574336666361453785855
saturated-many,normal,"control,candidate",raw_summary.per_tenant.11.scheduling_lag_nanos.p95,1707238,1747950,-40712,-2.329128407563145398895849424
saturated-many,normal,"control,candidate",raw_summary.per_tenant.11.scheduling_lag_nanos.p99,1808371,1794533,13838,0.7711198400921019563306999648
saturated-many,normal,"control,candidate",raw_summary.per_tenant.11.scheduling_lag_nanos.standard_deviation,338541.929635,329982.142839,8559.786796,2.594015155594757259488298792
saturated-many,normal,"control,candidate",raw_summary.per_tenant.12.enqueue_to_result_all_nanos.count,63,63,0,0
saturated-many,normal,"control,candidate",raw_summary.per_tenant.12.enqueue_to_result_all_nanos.maximum,127155517,106223706,20931811,19.70540455442215506960376623
saturated-many,normal,"control,candidate",raw_summary.per_tenant.12.enqueue_to_result_all_nanos.mean,28788131.460317,24090889.968254,4697241.492063,19.49799902889778987706096526
saturated-many,normal,"control,candidate",raw_summary.per_tenant.12.enqueue_to_result_all_nanos.median,21066,14881,6185,41.56306699818560580606142060
saturated-many,normal,"control,candidate",raw_summary.per_tenant.12.enqueue_to_result_all_nanos.median_absolute_deviation,14071,7705,6366,82.62167423750811161583387411
saturated-many,normal,"control,candidate",raw_summary.per_tenant.12.enqueue_to_result_all_nanos.minimum,4924,5717,-793,-13.87091131712436592618506210
saturated-many,normal,"control,candidate",raw_summary.per_tenant.12.enqueue_to_result_all_nanos.p95,98919788,99699025,-779237,-0.7815893886625270407609302097
saturated-many,normal,"control,candidate",raw_summary.per_tenant.12.enqueue_to_result_all_nanos.p99,127155517,106223706,20931811,19.70540455442215506960376623
saturated-many,normal,"control,candidate",raw_summary.per_tenant.12.enqueue_to_result_all_nanos.standard_deviation,39929697.64946,36699638.123067,3230059.526393,8.801338900295028129634188031
saturated-many,normal,"control,candidate",raw_summary.per_tenant.12.enqueue_to_result_released_nanos.count,23,20,3,15
saturated-many,normal,"control,candidate",raw_summary.per_tenant.12.enqueue_to_result_released_nanos.maximum,127155517,106223706,20931811,19.70540455442215506960376623
saturated-many,normal,"control,candidate",raw_summary.per_tenant.12.enqueue_to_result_released_nanos.mean,78830580.173913,75858125.45,2972454.723913,3.918439463511683704543743112
saturated-many,normal,"control,candidate",raw_summary.per_tenant.12.enqueue_to_result_released_nanos.median,77487300,74662028,2825272,3.784081514635525303438047517
saturated-many,normal,"control,candidate",raw_summary.per_tenant.12.enqueue_to_result_released_nanos.median_absolute_deviation,13075313,6135355,6939958,113.1142044755356454516486821
saturated-many,normal,"control,candidate",raw_summary.per_tenant.12.enqueue_to_result_released_nanos.minimum,21891599,22456936,-565337,-2.517427132534910372456865888
saturated-many,normal,"control,candidate",raw_summary.per_tenant.12.enqueue_to_result_released_nanos.p95,104464394,101682763,2781631,2.735597379469320675324292673
saturated-many,normal,"control,candidate",raw_summary.per_tenant.12.enqueue_to_result_released_nanos.p99,127155517,106223706,20931811,19.70540455442215506960376623
saturated-many,normal,"control,candidate",raw_summary.per_tenant.12.enqueue_to_result_released_nanos.standard_deviation,20567649.461364,17785741.331806,2781908.129558,15.64122674258818451526899266
saturated-many,normal,"control,candidate",raw_summary.per_tenant.12.observed_hold_nanos.count,23,20,3,15
saturated-many,normal,"control,candidate",raw_summary.per_tenant.12.observed_hold_nanos.maximum,11931712,12147406,-215694,-1.775638354394345591149254417
saturated-many,normal,"control,candidate",raw_summary.per_tenant.12.observed_hold_nanos.mean,11354365.043478,11076872.25,277492.793478,2.505154769461207788146152900
saturated-many,normal,"control,candidate",raw_summary.per_tenant.12.observed_hold_nanos.median,11364241,11037918.5,326322.5,2.956377146651336481602033934
saturated-many,normal,"control,candidate",raw_summary.per_tenant.12.observed_hold_nanos.median_absolute_deviation,235804,443271.5,-207467.5,-46.80370833676426298555174425
saturated-many,normal,"control,candidate",raw_summary.per_tenant.12.observed_hold_nanos.minimum,10486047,10178076,307971,3.025827278161412824977923136
saturated-many,normal,"control,candidate",raw_summary.per_tenant.12.observed_hold_nanos.p95,11901325,11858802,42523,0.3585775359096138041599817587
saturated-many,normal,"control,candidate",raw_summary.per_tenant.12.observed_hold_nanos.p99,11931712,12147406,-215694,-1.775638354394345591149254417
saturated-many,normal,"control,candidate",raw_summary.per_tenant.12.observed_hold_nanos.standard_deviation,388039.634568,537654.132203,-149614.497635,-27.82727569152405032501566971
saturated-many,normal,"control,candidate",raw_summary.per_tenant.12.offers,63,63,0,0
saturated-many,normal,"control,candidate",raw_summary.per_tenant.12.outcomes.admission-error,0,0,0,null
saturated-many,normal,"control,candidate",raw_summary.per_tenant.12.outcomes.backpressure,0,0,0,null
saturated-many,normal,"control,candidate",raw_summary.per_tenant.12.outcomes.released,23,20,3,15
saturated-many,normal,"control,candidate",raw_summary.per_tenant.12.outcomes.scheduler-error,40,43,-3,-6.976744186046511627906976744
saturated-many,normal,"control,candidate",raw_summary.per_tenant.12.scheduling_lag_nanos.count,63,63,0,0
saturated-many,normal,"control,candidate",raw_summary.per_tenant.12.scheduling_lag_nanos.maximum,2074654,2008717,65937,3.282543036176823315579048716
saturated-many,normal,"control,candidate",raw_summary.per_tenant.12.scheduling_lag_nanos.mean,1274405.047619,1173105.253968,101299.793651,8.635183697997763701377070500
saturated-many,normal,"control,candidate",raw_summary.per_tenant.12.scheduling_lag_nanos.median,1214698,1213497,1201,0.09897016638689671255882791634
saturated-many,normal,"control,candidate",raw_summary.per_tenant.12.scheduling_lag_nanos.median_absolute_deviation,325352,278387,46965,16.87039983907294521655106021
saturated-many,normal,"control,candidate",raw_summary.per_tenant.12.scheduling_lag_nanos.minimum,697704,629128,68576,10.90016657977390928396129246
saturated-many,normal,"control,candidate",raw_summary.per_tenant.12.scheduling_lag_nanos.p95,1782093,1669117,112976,6.768608791354949952579717300
saturated-many,normal,"control,candidate",raw_summary.per_tenant.12.scheduling_lag_nanos.p99,2074654,2008717,65937,3.282543036176823315579048716
saturated-many,normal,"control,candidate",raw_summary.per_tenant.12.scheduling_lag_nanos.standard_deviation,355201.037187,328737.140237,26463.896950,8.050169485237079789642302327
saturated-many,normal,"control,candidate",raw_summary.per_tenant.13.enqueue_to_result_all_nanos.count,63,63,0,0
saturated-many,normal,"control,candidate",raw_summary.per_tenant.13.enqueue_to_result_all_nanos.maximum,174280100,134802152,39477948,29.28584404201499691191873554
saturated-many,normal,"control,candidate",raw_summary.per_tenant.13.enqueue_to_result_all_nanos.mean,35399326.84127,28223712.825397,7175614.015873,25.42406117956263777679340928
saturated-many,normal,"control,candidate",raw_summary.per_tenant.13.enqueue_to_result_all_nanos.median,31534,24362,7172,29.43929069862901239635497907
saturated-many,normal,"control,candidate",raw_summary.per_tenant.13.enqueue_to_result_all_nanos.median_absolute_deviation,25325,18052,7273,40.28916463549745180589408376
saturated-many,normal,"control,candidate",raw_summary.per_tenant.13.enqueue_to_result_all_nanos.minimum,4941,4429,512,11.56017159629713253556107473
saturated-many,normal,"control,candidate",raw_summary.per_tenant.13.enqueue_to_result_all_nanos.p95,126091220,103606993,22484227,21.70145696632658762714983920
saturated-many,normal,"control,candidate",raw_summary.per_tenant.13.enqueue_to_result_all_nanos.p99,174280100,134802152,39477948,29.28584404201499691191873554
saturated-many,normal,"control,candidate",raw_summary.per_tenant.13.enqueue_to_result_all_nanos.standard_deviation,49191731.342286,40918858.896621,8272872.445665,20.21774963609299906504377726
saturated-many,normal,"control,candidate",raw_summary.per_tenant.13.enqueue_to_result_released_nanos.count,24,22,2,9.090909090909090909090909091
saturated-many,normal,"control,candidate",raw_summary.per_tenant.13.enqueue_to_result_released_nanos.maximum,174280100,134802152,39477948,29.28584404201499691191873554
saturated-many,normal,"control,candidate",raw_summary.per_tenant.13.enqueue_to_result_released_nanos.mean,92894233.541667,80790443.136364,12103790.405303,14.98171062742327099261051303
saturated-many,normal,"control,candidate",raw_summary.per_tenant.13.enqueue_to_result_released_nanos.median,87008734,76919624.5,10089109.5,13.11643103509950181829085762
saturated-many,normal,"control,candidate",raw_summary.per_tenant.13.enqueue_to_result_released_nanos.median_absolute_deviation,17639655,14179308,3460347,24.40420223610348262411677636
saturated-many,normal,"control,candidate",raw_summary.per_tenant.13.enqueue_to_result_released_nanos.minimum,20663314,21316012,-652698,-3.062008034148226225430910810
saturated-many,normal,"control,candidate",raw_summary.per_tenant.13.enqueue_to_result_released_nanos.p95,145496025,111456296,34039729,30.54087586043591471943406409
saturated-many,normal,"control,candidate",raw_summary.per_tenant.13.enqueue_to_result_released_nanos.p99,174280100,134802152,39477948,29.28584404201499691191873554
saturated-many,normal,"control,candidate",raw_summary.per_tenant.13.enqueue_to_result_released_nanos.standard_deviation,31813908.747641,23425438.991357,8388469.756284,35.80923183287618177535750084
saturated-many,normal,"control,candidate",raw_summary.per_tenant.13.observed_hold_nanos.count,24,22,2,9.090909090909090909090909091
saturated-many,normal,"control,candidate",raw_summary.per_tenant.13.observed_hold_nanos.maximum,11978099,12152005,-173906,-1.431088943758663693769052926
saturated-many,normal,"control,candidate",raw_summary.per_tenant.13.observed_hold_nanos.mean,11249848.041667,11114505.863636,135342.178031,1.217707558856099727316102328
saturated-many,normal,"control,candidate",raw_summary.per_tenant.13.observed_hold_nanos.median,11214112,11228830.5,-14718.5,-0.1310777645098481092933053001
saturated-many,normal,"control,candidate",raw_summary.per_tenant.13.observed_hold_nanos.median_absolute_deviation,204979,398287,-193308,-48.53485049725449236354688955
saturated-many,normal,"control,candidate",raw_summary.per_tenant.13.observed_hold_nanos.minimum,10351712,10221779,129933,1.271138810572993213803585462
saturated-many,normal,"control,candidate",raw_summary.per_tenant.13.observed_hold_nanos.p95,11964575,11817704,146871,1.242804862941227839180944116
saturated-many,normal,"control,candidate",raw_summary.per_tenant.13.observed_hold_nanos.p99,11978099,12152005,-173906,-1.431088943758663693769052926
saturated-many,normal,"control,candidate",raw_summary.per_tenant.13.observed_hold_nanos.standard_deviation,447843.193611,535723.807148,-87880.613537,-16.40408963806268690531933433
saturated-many,normal,"control,candidate",raw_summary.per_tenant.13.offers,63,63,0,0
saturated-many,normal,"control,candidate",raw_summary.per_tenant.13.outcomes.admission-error,0,0,0,null
saturated-many,normal,"control,candidate",raw_summary.per_tenant.13.outcomes.backpressure,0,0,0,null
saturated-many,normal,"control,candidate",raw_summary.per_tenant.13.outcomes.released,24,22,2,9.090909090909090909090909091
saturated-many,normal,"control,candidate",raw_summary.per_tenant.13.outcomes.scheduler-error,39,41,-2,-4.878048780487804878048780488
saturated-many,normal,"control,candidate",raw_summary.per_tenant.13.scheduling_lag_nanos.count,63,63,0,0
saturated-many,normal,"control,candidate",raw_summary.per_tenant.13.scheduling_lag_nanos.maximum,2112726,1811598,301128,16.62223075980432745012966453
saturated-many,normal,"control,candidate",raw_summary.per_tenant.13.scheduling_lag_nanos.mean,1265905.603175,1207005.492063,58900.111112,4.879854441368663772570286020
saturated-many,normal,"control,candidate",raw_summary.per_tenant.13.scheduling_lag_nanos.median,1252890,1179141,73749,6.254468295140275844873513855
saturated-many,normal,"control,candidate",raw_summary.per_tenant.13.scheduling_lag_nanos.median_absolute_deviation,314465,249572,64893,26.00171493597038129277322777
saturated-many,normal,"control,candidate",raw_summary.per_tenant.13.scheduling_lag_nanos.minimum,703235,640013,63222,9.878236848314018621496750847
saturated-many,normal,"control,candidate",raw_summary.per_tenant.13.scheduling_lag_nanos.p95,1812988,1652618,160370,9.703996930930196814992938477
saturated-many,normal,"control,candidate",raw_summary.per_tenant.13.scheduling_lag_nanos.p99,2112726,1811598,301128,16.62223075980432745012966453
saturated-many,normal,"control,candidate",raw_summary.per_tenant.13.scheduling_lag_nanos.standard_deviation,365916.63923,319899.624389,46017.014841,14.38482928165086373917655497
saturated-many,normal,"control,candidate",raw_summary.per_tenant.14.enqueue_to_result_all_nanos.count,63,63,0,0
saturated-many,normal,"control,candidate",raw_summary.per_tenant.14.enqueue_to_result_all_nanos.maximum,146840051,152241138,-5401087,-3.547718488546768482510949176
saturated-many,normal,"control,candidate",raw_summary.per_tenant.14.enqueue_to_result_all_nanos.mean,35035588.698413,32414305.428571,2621283.269842,8.086809929086179138550313524
saturated-many,normal,"control,candidate",raw_summary.per_tenant.14.enqueue_to_result_all_nanos.median,25119,20863,4256,20.39975075492498681877007142
saturated-many,normal,"control,candidate",raw_summary.per_tenant.14.enqueue_to_result_all_nanos.median_absolute_deviation,19067,14550,4517,31.04467353951890034364261168
saturated-many,normal,"control,candidate",raw_summary.per_tenant.14.enqueue_to_result_all_nanos.minimum,4793,4640,153,3.297413793103448275862068966
saturated-many,normal,"control,candidate",raw_summary.per_tenant.14.enqueue_to_result_all_nanos.p95,120246649,130246233,-9999584,-7.677445842138098535256678018
saturated-many,normal,"control,candidate",raw_summary.per_tenant.14.enqueue_to_result_all_nanos.p99,146840051,152241138,-5401087,-3.547718488546768482510949176
saturated-many,normal,"control,candidate",raw_summary.per_tenant.14.enqueue_to_result_all_nanos.standard_deviation,46043435.431407,46411065.111197,-367629.679790,-0.7921164466042532634609192843
saturated-many,normal,"control,candidate",raw_summary.per_tenant.14.enqueue_to_result_released_nanos.count,25,23,2,8.695652173913043478260869565
saturated-many,normal,"control,candidate",raw_summary.per_tenant.14.enqueue_to_result_released_nanos.maximum,146840051,152241138,-5401087,-3.547718488546768482510949176
saturated-many,normal,"control,candidate",raw_summary.per_tenant.14.enqueue_to_result_released_nanos.mean,88263927.72,88758982.086957,-495054.366957,-0.5577512892971172330096189788
saturated-many,normal,"control,candidate",raw_summary.per_tenant.14.enqueue_to_result_released_nanos.median,91609811,89978874,1630937,1.812577694626407527615871254
saturated-many,normal,"control,candidate",raw_summary.per_tenant.14.enqueue_to_result_released_nanos.median_absolute_deviation,14388388,21069443,-6681055,-31.70968971510067921586726332
saturated-many,normal,"control,candidate",raw_summary.per_tenant.14.enqueue_to_result_released_nanos.minimum,21836355,21265931,570424,2.682337302796665709110031439
saturated-many,normal,"control,candidate",raw_summary.per_tenant.14.enqueue_to_result_released_nanos.p95,124808442,142820638,-18012196,-12.61175993346283749271586366
saturated-many,normal,"control,candidate",raw_summary.per_tenant.14.enqueue_to_result_released_nanos.p99,146840051,152241138,-5401087,-3.547718488546768482510949176
saturated-many,normal,"control,candidate",raw_summary.per_tenant.14.enqueue_to_result_released_nanos.standard_deviation,25399879.985754,29997714.019702,-4597834.033948,-15.32728137526819218105973267
saturated-many,normal,"control,candidate",raw_summary.per_tenant.14.observed_hold_nanos.count,25,23,2,8.695652173913043478260869565
saturated-many,normal,"control,candidate",raw_summary.per_tenant.14.observed_hold_nanos.maximum,11965002,11917782,47220,0.3962146647757107824257903023
saturated-many,normal,"control,candidate",raw_summary.per_tenant.14.observed_hold_nanos.mean,11236030.96,11233600.26087,2430.69913,0.02163775702850006444729990276
saturated-many,normal,"control,candidate",raw_summary.per_tenant.14.observed_hold_nanos.median,11369519,11268984,100535,0.8921389896373976571446015009
saturated-many,normal,"control,candidate",raw_summary.per_tenant.14.observed_hold_nanos.median_absolute_deviation,280386,400257,-119871,-29.94850808355631506756908686
saturated-many,normal,"control,candidate",raw_summary.per_tenant.14.observed_hold_nanos.minimum,10277123,10513633,-236510,-2.249555410579768192403139809
saturated-many,normal,"control,candidate",raw_summary.per_tenant.14.observed_hold_nanos.p95,11935813,11880800,55013,0.4630412093461719749511817386
saturated-many,normal,"control,candidate",raw_summary.per_tenant.14.observed_hold_nanos.p99,11965002,11917782,47220,0.3962146647757107824257903023
saturated-many,normal,"control,candidate",raw_summary.per_tenant.14.observed_hold_nanos.standard_deviation,469473.269991,430331.35643,39141.913561,9.095761435029667191942302033
saturated-many,normal,"control,candidate",raw_summary.per_tenant.14.offers,63,63,0,0
saturated-many,normal,"control,candidate",raw_summary.per_tenant.14.outcomes.admission-error,0,0,0,null
saturated-many,normal,"control,candidate",raw_summary.per_tenant.14.outcomes.backpressure,0,0,0,null
saturated-many,normal,"control,candidate",raw_summary.per_tenant.14.outcomes.released,25,23,2,8.695652173913043478260869565
saturated-many,normal,"control,candidate",raw_summary.per_tenant.14.outcomes.scheduler-error,38,40,-2,-5
saturated-many,normal,"control,candidate",raw_summary.per_tenant.14.scheduling_lag_nanos.count,63,63,0,0
saturated-many,normal,"control,candidate",raw_summary.per_tenant.14.scheduling_lag_nanos.maximum,1953468,2009761,-56293,-2.800979817998259494536912598
saturated-many,normal,"control,candidate",raw_summary.per_tenant.14.scheduling_lag_nanos.mean,1262974.333333,1207612.984127,55361.349206,4.584361872029843993671576665
saturated-many,normal,"control,candidate",raw_summary.per_tenant.14.scheduling_lag_nanos.median,1272932,1201149,71783,5.976194460470765908309460358
saturated-many,normal,"control,candidate",raw_summary.per_tenant.14.scheduling_lag_nanos.median_absolute_deviation,281415,277844,3571,1.285253595542822591094283123
saturated-many,normal,"control,candidate",raw_summary.per_tenant.14.scheduling_lag_nanos.minimum,681152,625265,55887,8.938130232781300728491119765
saturated-many,normal,"control,candidate",raw_summary.per_tenant.14.scheduling_lag_nanos.p95,1800516,1756228,44288,2.521768244214304748586174460
saturated-many,normal,"control,candidate",raw_summary.per_tenant.14.scheduling_lag_nanos.p99,1953468,2009761,-56293,-2.800979817998259494536912598
saturated-many,normal,"control,candidate",raw_summary.per_tenant.14.scheduling_lag_nanos.standard_deviation,335457.19631,351543.963095,-16086.766785,-4.576032722442959122492224062
saturated-many,normal,"control,candidate",raw_summary.per_tenant.15.enqueue_to_result_all_nanos.count,63,63,0,0
saturated-many,normal,"control,candidate",raw_summary.per_tenant.15.enqueue_to_result_all_nanos.maximum,124845715,122913953,1931762,1.571637680548765688139571917
saturated-many,normal,"control,candidate",raw_summary.per_tenant.15.enqueue_to_result_all_nanos.mean,34256467.777778,30002066.507937,4254401.269841,14.18036077186718043417743204
saturated-many,normal,"control,candidate",raw_summary.per_tenant.15.enqueue_to_result_all_nanos.median,24451,22948,1503,6.549590378246470280634477950
saturated-many,normal,"control,candidate",raw_summary.per_tenant.15.enqueue_to_result_all_nanos.median_absolute_deviation,18521,16607,1914,11.52526043234780514240982718
saturated-many,normal,"control,candidate",raw_summary.per_tenant.15.enqueue_to_result_all_nanos.minimum,5559,4640,919,19.80603448275862068965517241
saturated-many,normal,"control,candidate",raw_summary.per_tenant.15.enqueue_to_result_all_nanos.p95,102698129,100847960,1850169,1.834612222200627558554481419
saturated-many,normal,"control,candidate",raw_summary.per_tenant.15.enqueue_to_result_all_nanos.p99,124845715,122913953,1931762,1.571637680548765688139571917
saturated-many,normal,"control,candidate",raw_summary.per_tenant.15.enqueue_to_result_all_nanos.standard_deviation,42938152.169636,40388711.383024,2549440.786612,6.312260776122630615431265711
saturated-many,normal,"control,candidate",raw_summary.per_tenant.15.enqueue_to_result_released_nanos.count,26,24,2,8.333333333333333333333333333
saturated-many,normal,"control,candidate",raw_summary.per_tenant.15.enqueue_to_result_released_nanos.maximum,124845715,122913953,1931762,1.571637680548765688139571917
saturated-many,normal,"control,candidate",raw_summary.per_tenant.15.enqueue_to_result_released_nanos.mean,82987402.076923,78732003.5,4255398.576923,5.404915901731117511826051778
saturated-many,normal,"control,candidate",raw_summary.per_tenant.15.enqueue_to_result_released_nanos.median,85141508,76273186,8868322,11.62705069118261298275910488
saturated-many,normal,"control,candidate",raw_summary.per_tenant.15.enqueue_to_result_released_nanos.median_absolute_deviation,14480657.5,11910715.5,2569942.0,21.57672223805530406632582232
saturated-many,normal,"control,candidate",raw_summary.per_tenant.15.enqueue_to_result_released_nanos.minimum,20539021,21279794,-740773,-3.481109826533095198195997574
saturated-many,normal,"control,candidate",raw_summary.per_tenant.15.enqueue_to_result_released_nanos.p95,111810864,112669860,-858996,-0.7624008763301915880609064394
saturated-many,normal,"control,candidate",raw_summary.per_tenant.15.enqueue_to_result_released_nanos.p99,124845715,122913953,1931762,1.571637680548765688139571917
saturated-many,normal,"control,candidate",raw_summary.per_tenant.15.enqueue_to_result_released_nanos.standard_deviation,20590662.738543,21121615.079754,-530952.341211,-2.513786655074219424566289273
saturated-many,normal,"control,candidate",raw_summary.per_tenant.15.observed_hold_nanos.count,26,24,2,8.333333333333333333333333333
saturated-many,normal,"control,candidate",raw_summary.per_tenant.15.observed_hold_nanos.maximum,12089780,11887975,201805,1.697555723325461232884490420
saturated-many,normal,"control,candidate",raw_summary.per_tenant.15.observed_hold_nanos.mean,11238870,11087980.541667,150889.458333,1.360838051311324087917638314
saturated-many,normal,"control,candidate",raw_summary.per_tenant.15.observed_hold_nanos.median,11226533,11007602,218931,1.988907302426086989700390694
saturated-many,normal,"control,candidate",raw_summary.per_tenant.15.observed_hold_nanos.median_absolute_deviation,294074.5,406177,-112102.5,-27.59942094210159610219190156
saturated-many,normal,"control,candidate",raw_summary.per_tenant.15.observed_hold_nanos.minimum,10526007,10292843,233164,2.265302210477707665413724857
saturated-many,normal,"control,candidate",raw_summary.per_tenant.15.observed_hold_nanos.p95,12041568,11787849,253719,2.152377418475584476862572637
saturated-many,normal,"control,candidate",raw_summary.per_tenant.15.observed_hold_nanos.p99,12089780,11887975,201805,1.697555723325461232884490420
saturated-many,normal,"control,candidate",raw_summary.per_tenant.15.observed_hold_nanos.standard_deviation,429381.869715,473280.008029,-43898.138314,-9.275299520217672735320118340
saturated-many,normal,"control,candidate",raw_summary.per_tenant.15.offers,63,63,0,0
saturated-many,normal,"control,candidate",raw_summary.per_tenant.15.outcomes.admission-error,0,0,0,null
saturated-many,normal,"control,candidate",raw_summary.per_tenant.15.outcomes.backpressure,0,0,0,null
saturated-many,normal,"control,candidate",raw_summary.per_tenant.15.outcomes.released,26,24,2,8.333333333333333333333333333
saturated-many,normal,"control,candidate",raw_summary.per_tenant.15.outcomes.scheduler-error,37,39,-2,-5.128205128205128205128205128
saturated-many,normal,"control,candidate",raw_summary.per_tenant.15.scheduling_lag_nanos.count,63,63,0,0
saturated-many,normal,"control,candidate",raw_summary.per_tenant.15.scheduling_lag_nanos.maximum,1998381,1818105,180276,9.915598934054963822221488858
saturated-many,normal,"control,candidate",raw_summary.per_tenant.15.scheduling_lag_nanos.mean,1260280.539683,1254377.15873,5903.380953,0.4706224847857486146175530975
saturated-many,normal,"control,candidate",raw_summary.per_tenant.15.scheduling_lag_nanos.median,1239070,1248309,-9239,-0.7401212360080717194220341278
saturated-many,normal,"control,candidate",raw_summary.per_tenant.15.scheduling_lag_nanos.median_absolute_deviation,274238,269530,4708,1.746744332727340184766074277
saturated-many,normal,"control,candidate",raw_summary.per_tenant.15.scheduling_lag_nanos.minimum,735834,677904,57930,8.545457763931176095730368902
saturated-many,normal,"control,candidate",raw_summary.per_tenant.15.scheduling_lag_nanos.p95,1706979,1697847,9132,0.5378576514844977197592009174
saturated-many,normal,"control,candidate",raw_summary.per_tenant.15.scheduling_lag_nanos.p99,1998381,1818105,180276,9.915598934054963822221488858
saturated-many,normal,"control,candidate",raw_summary.per_tenant.15.scheduling_lag_nanos.standard_deviation,329746.926007,309787.42518,19959.500827,6.442966758706445180700410507
saturated-many,normal,"control,candidate",raw_summary.per_tenant.16.enqueue_to_result_all_nanos.count,62,62,0,0
saturated-many,normal,"control,candidate",raw_summary.per_tenant.16.enqueue_to_result_all_nanos.maximum,148893657,182157578,-33263921,-18.26106899598763879041035559
saturated-many,normal,"control,candidate",raw_summary.per_tenant.16.enqueue_to_result_all_nanos.mean,39939112.370968,38714224.387097,1224887.983871,3.163922313472050071878228357
saturated-many,normal,"control,candidate",raw_summary.per_tenant.16.enqueue_to_result_all_nanos.median,53441.5,40365,13076.5,32.39563978694413477022172674
saturated-many,normal,"control,candidate",raw_summary.per_tenant.16.enqueue_to_result_all_nanos.median_absolute_deviation,47045.5,34153.5,12892.0,37.74722942011799669140790841
saturated-many,normal,"control,candidate",raw_summary.per_tenant.16.enqueue_to_result_all_nanos.minimum,6011,4781,1230,25.72683539008575611796695252
saturated-many,normal,"control,candidate",raw_summary.per_tenant.16.enqueue_to_result_all_nanos.p95,114840327,114270548,569779,0.4986227947379757030656753304
saturated-many,normal,"control,candidate",raw_summary.per_tenant.16.enqueue_to_result_all_nanos.p99,148893657,182157578,-33263921,-18.26106899598763879041035559
saturated-many,normal,"control,candidate",raw_summary.per_tenant.16.enqueue_to_result_all_nanos.standard_deviation,47317448.366011,47920695.998531,-603247.632520,-1.258845724065636366563883376
saturated-many,normal,"control,candidate",raw_summary.per_tenant.16.enqueue_to_result_released_nanos.count,28,27,1,3.703703703703703703703703704
saturated-many,normal,"control,candidate",raw_summary.per_tenant.16.enqueue_to_result_released_nanos.maximum,148893657,182157578,-33263921,-18.26106899598763879041035559
saturated-many,normal,"control,candidate",raw_summary.per_tenant.16.enqueue_to_result_released_nanos.mean,88412677.321429,88875430.333333,-462753.011904,-0.5206759732902728661367205167
saturated-many,normal,"control,candidate",raw_summary.per_tenant.16.enqueue_to_result_released_nanos.median,82911467.5,79674375,3237092.5,4.062902909498819413393578550
saturated-many,normal,"control,candidate",raw_summary.per_tenant.16.enqueue_to_result_released_nanos.median_absolute_deviation,16579139.5,10555146,6023993.5,57.07162648437075147989426200
saturated-many,normal,"control,candidate",raw_summary.per_tenant.16.enqueue_to_result_released_nanos.minimum,28863966,28753876,110090,0.3828701215794350646848445754
saturated-many,normal,"control,candidate",raw_summary.per_tenant.16.enqueue_to_result_released_nanos.p95,144349615,147079678,-2730063,-1.856179614426406345545575644
saturated-many,normal,"control,candidate",raw_summary.per_tenant.16.enqueue_to_result_released_nanos.p99,148893657,182157578,-33263921,-18.26106899598763879041035559
saturated-many,normal,"control,candidate",raw_summary.per_tenant.16.enqueue_to_result_released_nanos.standard_deviation,25940934.83789,28566145.879733,-2625211.041843,-9.189937812736315599743783016
saturated-many,normal,"control,candidate",raw_summary.per_tenant.16.observed_hold_nanos.count,28,27,1,3.703703703703703703703703704
saturated-many,normal,"control,candidate",raw_summary.per_tenant.16.observed_hold_nanos.maximum,12084455,12005972,78483,0.6536996754615119875342038112
saturated-many,normal,"control,candidate",raw_summary.per_tenant.16.observed_hold_nanos.mean,11201377.821429,11191990.851852,9386.969577,0.08387220559107843402546408803
saturated-many,normal,"control,candidate",raw_summary.per_tenant.16.observed_hold_nanos.median,11197644.5,11222076,-24431.5,-0.2177092723307167051800397716
saturated-many,normal,"control,candidate",raw_summary.per_tenant.16.observed_hold_nanos.median_absolute_deviation,371007,315560,55447,17.57098491570541259982253771
saturated-many,normal,"control,candidate",raw_summary.per_tenant.16.observed_hold_nanos.minimum,10267792,10286509,-18717,-0.1819567746453145571544243047
saturated-many,normal,"control,candidate",raw_summary.per_tenant.16.observed_hold_nanos.p95,11866031,11904551,-38520,-0.3235737324322437696306227761
saturated-many,normal,"control,candidate",raw_summary.per_tenant.16.observed_hold_nanos.p99,12084455,12005972,78483,0.6536996754615119875342038112
saturated-many,normal,"control,candidate",raw_summary.per_tenant.16.observed_hold_nanos.standard_deviation,446787.709134,427698.781333,19088.927801,4.463170959128275071259285168
saturated-many,normal,"control,candidate",raw_summary.per_tenant.16.offers,62,62,0,0
saturated-many,normal,"control,candidate",raw_summary.per_tenant.16.outcomes.admission-error,0,0,0,null
saturated-many,normal,"control,candidate",raw_summary.per_tenant.16.outcomes.backpressure,0,0,0,null
saturated-many,normal,"control,candidate",raw_summary.per_tenant.16.outcomes.released,28,27,1,3.703703703703703703703703704
saturated-many,normal,"control,candidate",raw_summary.per_tenant.16.outcomes.scheduler-error,34,35,-1,-2.857142857142857142857142857
saturated-many,normal,"control,candidate",raw_summary.per_tenant.16.scheduling_lag_nanos.count,62,62,0,0
saturated-many,normal,"control,candidate",raw_summary.per_tenant.16.scheduling_lag_nanos.maximum,1964095,1924627,39468,2.050683067420336511957901453
saturated-many,normal,"control,candidate",raw_summary.per_tenant.16.scheduling_lag_nanos.mean,1289950.354839,1237944.870968,52005.483871,4.200953135363352137779992683
saturated-many,normal,"control,candidate",raw_summary.per_tenant.16.scheduling_lag_nanos.median,1290190,1272532.5,17657.5,1.387587350421305546223770316
saturated-many,normal,"control,candidate",raw_summary.per_tenant.16.scheduling_lag_nanos.median_absolute_deviation,316296.5,262716,53580.5,20.39483701030770870445652339
saturated-many,normal,"control,candidate",raw_summary.per_tenant.16.scheduling_lag_nanos.minimum,692901,667583,25318,3.792487226307440423138396274
saturated-many,normal,"control,candidate",raw_summary.per_tenant.16.scheduling_lag_nanos.p95,1798656,1701037,97619,5.738793453640338217216909450
saturated-many,normal,"control,candidate",raw_summary.per_tenant.16.scheduling_lag_nanos.p99,1964095,1924627,39468,2.050683067420336511957901453
saturated-many,normal,"control,candidate",raw_summary.per_tenant.16.scheduling_lag_nanos.standard_deviation,347423.461695,337171.08651,10252.375185,3.040704139586989641248880051
saturated-many,normal,"control,candidate",raw_summary.per_tenant.17.enqueue_to_result_all_nanos.count,62,62,0,0
saturated-many,normal,"control,candidate",raw_summary.per_tenant.17.enqueue_to_result_all_nanos.maximum,155942111,145671878,10270233,7.050250975689350280772792673
saturated-many,normal,"control,candidate",raw_summary.per_tenant.17.enqueue_to_result_all_nanos.mean,45986497.435484,39103481.16129,6883016.274194,17.60205503393328444536435393
saturated-many,normal,"control,candidate",raw_summary.per_tenant.17.enqueue_to_result_all_nanos.median,32542.5,35604.5,-3062.0,-8.600036512238621522560350517
saturated-many,normal,"control,candidate",raw_summary.per_tenant.17.enqueue_to_result_all_nanos.median_absolute_deviation,26677,29118.5,-2441.5,-8.384703882411525318955303329
saturated-many,normal,"control,candidate",raw_summary.per_tenant.17.enqueue_to_result_all_nanos.minimum,4897,6065,-1168,-19.25803792250618301731244847
saturated-many,normal,"control,candidate",raw_summary.per_tenant.17.enqueue_to_result_all_nanos.p95,139268711,126282772,12985939,10.28322295617647670895282533
saturated-many,normal,"control,candidate",raw_summary.per_tenant.17.enqueue_to_result_all_nanos.p99,155942111,145671878,10270233,7.050250975689350280772792673
saturated-many,normal,"control,candidate",raw_summary.per_tenant.17.enqueue_to_result_all_nanos.standard_deviation,53360436.291486,47657740.512945,5702695.778541,11.96593820261371665253759645
saturated-many,normal,"control,candidate",raw_summary.per_tenant.17.enqueue_to_result_released_nanos.count,29,27,2,7.407407407407407407407407407
saturated-many,normal,"control,candidate",raw_summary.per_tenant.17.enqueue_to_result_released_nanos.maximum,155942111,145671878,10270233,7.050250975689350280772792673
saturated-many,normal,"control,candidate",raw_summary.per_tenant.17.enqueue_to_result_released_nanos.mean,98299177.758621,89766954.222222,8532223.536399,9.504860235401447940058425463
saturated-many,normal,"control,candidate",raw_summary.per_tenant.17.enqueue_to_result_released_nanos.median,98522954,91412460,7110494,7.778473525381550830160352320
saturated-many,normal,"control,candidate",raw_summary.per_tenant.17.enqueue_to_result_released_nanos.median_absolute_deviation,21543740,17446373,4097367,23.48549466413448801077450310
saturated-many,normal,"control,candidate",raw_summary.per_tenant.17.enqueue_to_result_released_nanos.minimum,28821971,27631785,1190186,4.307307689315040631649384938
saturated-many,normal,"control,candidate",raw_summary.per_tenant.17.enqueue_to_result_released_nanos.p95,148929434,139494885,9434549,6.763365552794283460644453021
saturated-many,normal,"control,candidate",raw_summary.per_tenant.17.enqueue_to_result_released_nanos.p99,155942111,145671878,10270233,7.050250975689350280772792673
saturated-many,normal,"control,candidate",raw_summary.per_tenant.17.enqueue_to_result_released_nanos.standard_deviation,30755264.075558,25857400.917431,4897863.158127,18.94182316995847329436942179
saturated-many,normal,"control,candidate",raw_summary.per_tenant.17.observed_hold_nanos.count,29,27,2,7.407407407407407407407407407
saturated-many,normal,"control,candidate",raw_summary.per_tenant.17.observed_hold_nanos.maximum,12029909,11835026,194883,1.646663049155954536982005785
saturated-many,normal,"control,candidate",raw_summary.per_tenant.17.observed_hold_nanos.mean,11094729.965517,11161467.296296,-66737.330779,-0.5979261418536538139054471563
saturated-many,normal,"control,candidate",raw_summary.per_tenant.17.observed_hold_nanos.median,11282685,11307056,-24371,-0.2155379791167568286563717381
saturated-many,normal,"control,candidate",raw_summary.per_tenant.17.observed_hold_nanos.median_absolute_deviation,375747,240661,135086,56.13123854716800811099430319
saturated-many,normal,"control,candidate",raw_summary.per_tenant.17.observed_hold_nanos.minimum,10271493,10158470,113023,1.112598649206032010726024687
saturated-many,normal,"control,candidate",raw_summary.per_tenant.17.observed_hold_nanos.p95,11699062,11813424,-114362,-0.9680681908987605964198017442
saturated-many,normal,"control,candidate",raw_summary.per_tenant.17.observed_hold_nanos.p99,12029909,11835026,194883,1.646663049155954536982005785
saturated-many,normal,"control,candidate",raw_summary.per_tenant.17.observed_hold_nanos.standard_deviation,461297.906035,434921.184094,26376.721941,6.064713080358755232410746422
saturated-many,normal,"control,candidate",raw_summary.per_tenant.17.offers,62,62,0,0
saturated-many,normal,"control,candidate",raw_summary.per_tenant.17.outcomes.admission-error,0,0,0,null
saturated-many,normal,"control,candidate",raw_summary.per_tenant.17.outcomes.backpressure,0,0,0,null
saturated-many,normal,"control,candidate",raw_summary.per_tenant.17.outcomes.released,29,27,2,7.407407407407407407407407407
saturated-many,normal,"control,candidate",raw_summary.per_tenant.17.outcomes.scheduler-error,33,35,-2,-5.714285714285714285714285714
saturated-many,normal,"control,candidate",raw_summary.per_tenant.17.scheduling_lag_nanos.count,62,62,0,0
saturated-many,normal,"control,candidate",raw_summary.per_tenant.17.scheduling_lag_nanos.maximum,1930792,1771605,159187,8.985467979600418829253699329
saturated-many,normal,"control,candidate",raw_summary.per_tenant.17.scheduling_lag_nanos.mean,1253099.096774,1197441.854839,55657.241935,4.648012069235988033128334297
saturated-many,normal,"control,candidate",raw_summary.per_tenant.17.scheduling_lag_nanos.median,1260017,1213220,46797,3.857255897528890061159558860
saturated-many,normal,"control,candidate",raw_summary.per_tenant.17.scheduling_lag_nanos.median_absolute_deviation,300063.5,292063,8000.5,2.739306245570305036926964388
saturated-many,normal,"control,candidate",raw_summary.per_tenant.17.scheduling_lag_nanos.minimum,693128,634883,58245,9.174131296632607897833144060
saturated-many,normal,"control,candidate",raw_summary.per_tenant.17.scheduling_lag_nanos.p95,1781604,1710743,70861,4.142118366113437260886059449
saturated-many,normal,"control,candidate",raw_summary.per_tenant.17.scheduling_lag_nanos.p99,1930792,1771605,159187,8.985467979600418829253699329
saturated-many,normal,"control,candidate",raw_summary.per_tenant.17.scheduling_lag_nanos.standard_deviation,342152.482448,338600.639953,3551.842495,1.048976899598600623676122494
saturated-many,normal,"control,candidate",raw_summary.per_tenant.18.enqueue_to_result_all_nanos.count,62,62,0,0
saturated-many,normal,"control,candidate",raw_summary.per_tenant.18.enqueue_to_result_all_nanos.maximum,137468026,149047606,-11579580,-7.769047964447010306223905401
saturated-many,normal,"control,candidate",raw_summary.per_tenant.18.enqueue_to_result_all_nanos.mean,25003350.306452,40013826.177419,-15010475.870967,-37.51322306547595515975706776
saturated-many,normal,"control,candidate",raw_summary.per_tenant.18.enqueue_to_result_all_nanos.median,18033,35003.5,-16970.5,-48.48229462768008913394374848
saturated-many,normal,"control,candidate",raw_summary.per_tenant.18.enqueue_to_result_all_nanos.median_absolute_deviation,11429,28426,-16997,-59.79385070006332231056075424
saturated-many,normal,"control,candidate",raw_summary.per_tenant.18.enqueue_to_result_all_nanos.minimum,6071,5930,141,2.377740303541315345699831366
saturated-many,normal,"control,candidate",raw_summary.per_tenant.18.enqueue_to_result_all_nanos.p95,90594675,126561194,-35966519,-28.41828356960665209906284544
saturated-many,normal,"control,candidate",raw_summary.per_tenant.18.enqueue_to_result_all_nanos.p99,137468026,149047606,-11579580,-7.769047964447010306223905401
saturated-many,normal,"control,candidate",raw_summary.per_tenant.18.enqueue_to_result_all_nanos.standard_deviation,38302944.883196,49062998.12363,-10760053.240434,-21.93109604374479105642568931
saturated-many,normal,"control,candidate",raw_summary.per_tenant.18.enqueue_to_result_released_nanos.count,20,27,-7,-25.92592592592592592592592593
saturated-many,normal,"control,candidate",raw_summary.per_tenant.18.enqueue_to_result_released_nanos.maximum,137468026,149047606,-11579580,-7.769047964447010306223905401
saturated-many,normal,"control,candidate",raw_summary.per_tenant.18.enqueue_to_result_released_nanos.mean,77476546.15,91863055.888889,-14386509.738889,-15.66082207877984814695591781
saturated-many,normal,"control,candidate",raw_summary.per_tenant.18.enqueue_to_result_released_nanos.median,78115636,88813693,-10698057,-12.04550406433386347305702061
saturated-many,normal,"control,candidate",raw_summary.per_tenant.18.enqueue_to_result_released_nanos.median_absolute_deviation,13268021,21789718,-8521697,-39.10879892984388324805304961
saturated-many,normal,"control,candidate",raw_summary.per_tenant.18.enqueue_to_result_released_nanos.minimum,28762555,27638720,1123835,4.066161529911660163712357157
saturated-many,normal,"control,candidate",raw_summary.per_tenant.18.enqueue_to_result_released_nanos.p95,102606518,135467447,-32860929,-24.25743581039066898485213204
saturated-many,normal,"control,candidate",raw_summary.per_tenant.18.enqueue_to_result_released_nanos.p99,137468026,149047606,-11579580,-7.769047964447010306223905401
saturated-many,normal,"control,candidate",raw_summary.per_tenant.18.enqueue_to_result_released_nanos.standard_deviation,21987757.349433,27665615.074008,-5677857.724575,-20.52315739008954501370213359
saturated-many,normal,"control,candidate",raw_summary.per_tenant.18.observed_hold_nanos.count,20,27,-7,-25.92592592592592592592592593
saturated-many,normal,"control,candidate",raw_summary.per_tenant.18.observed_hold_nanos.maximum,12044711,11899662,145049,1.218933781480516001210790693
saturated-many,normal,"control,candidate",raw_summary.per_tenant.18.observed_hold_nanos.mean,11323315.55,11036981.925926,286333.624074,2.594310890383891619493117577
saturated-many,normal,"control,candidate",raw_summary.per_tenant.18.observed_hold_nanos.median,11393240,11043841,349399,3.163745294775612941185951518
saturated-many,normal,"control,candidate",raw_summary.per_tenant.18.observed_hold_nanos.median_absolute_deviation,388399,414699,-26300,-6.341949221001256332906517739
saturated-many,normal,"control,candidate",raw_summary.per_tenant.18.observed_hold_nanos.minimum,10529508,10390593,138915,1.336930433133123393438661297
saturated-many,normal,"control,candidate",raw_summary.per_tenant.18.observed_hold_nanos.p95,11982331,11676059,306272,2.623076844678499826011499257
saturated-many,normal,"control,candidate",raw_summary.per_tenant.18.observed_hold_nanos.p99,12044711,11899662,145049,1.218933781480516001210790693
saturated-many,normal,"control,candidate",raw_summary.per_tenant.18.observed_hold_nanos.standard_deviation,481284.358506,447109.603788,34174.754718,7.643484825301177791215260256
saturated-many,normal,"control,candidate",raw_summary.per_tenant.18.offers,62,62,0,0
saturated-many,normal,"control,candidate",raw_summary.per_tenant.18.outcomes.admission-error,0,0,0,null
saturated-many,normal,"control,candidate",raw_summary.per_tenant.18.outcomes.backpressure,0,0,0,null
saturated-many,normal,"control,candidate",raw_summary.per_tenant.18.outcomes.released,20,27,-7,-25.92592592592592592592592593
saturated-many,normal,"control,candidate",raw_summary.per_tenant.18.outcomes.scheduler-error,42,35,7,20
saturated-many,normal,"control,candidate",raw_summary.per_tenant.18.scheduling_lag_nanos.count,62,62,0,0
saturated-many,normal,"control,candidate",raw_summary.per_tenant.18.scheduling_lag_nanos.maximum,1816403,2006563,-190160,-9.476901547571643651358068498
saturated-many,normal,"control,candidate",raw_summary.per_tenant.18.scheduling_lag_nanos.mean,1272106.967742,1207198.580645,64908.387097,5.376777950013806529031118301
saturated-many,normal,"control,candidate",raw_summary.per_tenant.18.scheduling_lag_nanos.median,1313642,1251884.5,61757.5,4.933162763817269085127262140
saturated-many,normal,"control,candidate",raw_summary.per_tenant.18.scheduling_lag_nanos.median_absolute_deviation,294123,323482,-29359,-9.075930036292591241552853018
saturated-many,normal,"control,candidate",raw_summary.per_tenant.18.scheduling_lag_nanos.minimum,720776,633601,87175,13.75865884050056739178126297
saturated-many,normal,"control,candidate",raw_summary.per_tenant.18.scheduling_lag_nanos.p95,1743078,1765740,-22662,-1.283427911244011009548404635
saturated-many,normal,"control,candidate",raw_summary.per_tenant.18.scheduling_lag_nanos.p99,1816403,2006563,-190160,-9.476901547571643651358068498
saturated-many,normal,"control,candidate",raw_summary.per_tenant.18.scheduling_lag_nanos.standard_deviation,321927.01294,366332.972525,-44405.959585,-12.12174794939310657127696125
saturated-many,normal,"control,candidate",raw_summary.per_tenant.19.enqueue_to_result_all_nanos.count,62,62,0,0
saturated-many,normal,"control,candidate",raw_summary.per_tenant.19.enqueue_to_result_all_nanos.maximum,125636628,134657049,-9020421,-6.698810843537793554350058570
saturated-many,normal,"control,candidate",raw_summary.per_tenant.19.enqueue_to_result_all_nanos.mean,28737524.774194,34650569.822581,-5913045.048387,-17.06478444268931192293503489
saturated-many,normal,"control,candidate",raw_summary.per_tenant.19.enqueue_to_result_all_nanos.median,20714.5,23296,-2581.5,-11.08130151098901098901098901
saturated-many,normal,"control,candidate",raw_summary.per_tenant.19.enqueue_to_result_all_nanos.median_absolute_deviation,14782,16675,-1893,-11.35232383808095952023988006
saturated-many,normal,"control,candidate",raw_summary.per_tenant.19.enqueue_to_result_all_nanos.minimum,4593,5397,-804,-14.89716509171762090050027793
saturated-many,normal,"control,candidate",raw_summary.per_tenant.19.enqueue_to_result_all_nanos.p95,100796902,109464229,-8667327,-7.917953727148619481894857177
saturated-many,normal,"control,candidate",raw_summary.per_tenant.19.enqueue_to_result_all_nanos.p99,125636628,134657049,-9020421,-6.698810843537793554350058570
saturated-many,normal,"control,candidate",raw_summary.per_tenant.19.enqueue_to_result_all_nanos.standard_deviation,39606663.654625,43785962.040353,-4179298.385728,-9.544836269387828501321792507
saturated-many,normal,"control,candidate",raw_summary.per_tenant.19.enqueue_to_result_released_nanos.count,23,26,-3,-11.53846153846153846153846154
saturated-many,normal,"control,candidate",raw_summary.per_tenant.19.enqueue_to_result_released_nanos.maximum,125636628,134657049,-9020421,-6.698810843537793554350058570
saturated-many,normal,"control,candidate",raw_summary.per_tenant.19.enqueue_to_result_released_nanos.mean,77438511.73913,82608969.576923,-5170457.837793,-6.258954523065954009052220652
saturated-many,normal,"control,candidate",raw_summary.per_tenant.19.enqueue_to_result_released_nanos.median,67705285,82023662,-14318377,-17.45639813057846649177892106
saturated-many,normal,"control,candidate",raw_summary.per_tenant.19.enqueue_to_result_released_nanos.median_absolute_deviation,11251628,17153088.5,-5901460.5,-34.40465254988919342426292501
saturated-many,normal,"control,candidate",raw_summary.per_tenant.19.enqueue_to_result_released_nanos.minimum,27647350,27661408,-14058,-0.05082170799114781142015619740
saturated-many,normal,"control,candidate",raw_summary.per_tenant.19.enqueue_to_result_released_nanos.p95,112748311,122622979,-9874668,-8.052869111914170671061579739
saturated-many,normal,"control,candidate",raw_summary.per_tenant.19.enqueue_to_result_released_nanos.p99,125636628,134657049,-9020421,-6.698810843537793554350058570
saturated-many,normal,"control,candidate",raw_summary.per_tenant.19.enqueue_to_result_released_nanos.standard_deviation,21403376.417784,24712029.174888,-3308652.757104,-13.38883478037572159411316658
saturated-many,normal,"control,candidate",raw_summary.per_tenant.19.observed_hold_nanos.count,23,26,-3,-11.53846153846153846153846154
saturated-many,normal,"control,candidate",raw_summary.per_tenant.19.observed_hold_nanos.maximum,12048377,12100686,-52309,-0.4322812772763461509537558449
saturated-many,normal,"control,candidate",raw_summary.per_tenant.19.observed_hold_nanos.mean,11142721.217391,11222227.769231,-79506.551840,-0.7084738741267605201354310812
saturated-many,normal,"control,candidate",raw_summary.per_tenant.19.observed_hold_nanos.median,11210249,11302384.5,-92135.5,-0.8151863883236320618892411597
saturated-many,normal,"control,candidate",raw_summary.per_tenant.19.observed_hold_nanos.median_absolute_deviation,385671,518217.5,-132546.5,-25.57738787285261497344261821
saturated-many,normal,"control,candidate",raw_summary.per_tenant.19.observed_hold_nanos.minimum,10140069,10221194,-81125,-0.7936939656952015586437357514
saturated-many,normal,"control,candidate",raw_summary.per_tenant.19.observed_hold_nanos.p95,11757050,11978719,-221669,-1.850523415734186602089922971
saturated-many,normal,"control,candidate",raw_summary.per_tenant.19.observed_hold_nanos.p99,12048377,12100686,-52309,-0.4322812772763461509537558449
saturated-many,normal,"control,candidate",raw_summary.per_tenant.19.observed_hold_nanos.standard_deviation,475621.91487,559832.926888,-84211.012018,-15.04216847088867795148378604
saturated-many,normal,"control,candidate",raw_summary.per_tenant.19.offers,62,62,0,0
saturated-many,normal,"control,candidate",raw_summary.per_tenant.19.outcomes.admission-error,0,0,0,null
saturated-many,normal,"control,candidate",raw_summary.per_tenant.19.outcomes.backpressure,0,0,0,null
saturated-many,normal,"control,candidate",raw_summary.per_tenant.19.outcomes.released,23,26,-3,-11.53846153846153846153846154
saturated-many,normal,"control,candidate",raw_summary.per_tenant.19.outcomes.scheduler-error,39,36,3,8.333333333333333333333333333
saturated-many,normal,"control,candidate",raw_summary.per_tenant.19.scheduling_lag_nanos.count,62,62,0,0
saturated-many,normal,"control,candidate",raw_summary.per_tenant.19.scheduling_lag_nanos.maximum,2092925,1744166,348759,19.99574581777193225874142713
saturated-many,normal,"control,candidate",raw_summary.per_tenant.19.scheduling_lag_nanos.mean,1316392.532258,1180025.903226,136366.629032,11.55624030448786656099848527
saturated-many,normal,"control,candidate",raw_summary.per_tenant.19.scheduling_lag_nanos.median,1275287,1110969.5,164317.5,14.79046004413262470301839970
saturated-many,normal,"control,candidate",raw_summary.per_tenant.19.scheduling_lag_nanos.median_absolute_deviation,335981,280759.5,55221.5,19.66861317248392307295033650
saturated-many,normal,"control,candidate",raw_summary.per_tenant.19.scheduling_lag_nanos.minimum,688761,626372,62389,9.960374984833293953114123875
saturated-many,normal,"control,candidate",raw_summary.per_tenant.19.scheduling_lag_nanos.p95,1830089,1706224,123865,7.259597801929875561473757256
saturated-many,normal,"control,candidate",raw_summary.per_tenant.19.scheduling_lag_nanos.p99,2092925,1744166,348759,19.99574581777193225874142713
saturated-many,normal,"control,candidate",raw_summary.per_tenant.19.scheduling_lag_nanos.standard_deviation,369951.687467,331840.973898,38110.713569,11.48463166598417840326850715
saturated-many,normal,"control,candidate",raw_summary.per_tenant.2.enqueue_to_result_all_nanos.count,63,63,0,0
saturated-many,normal,"control,candidate",raw_summary.per_tenant.2.enqueue_to_result_all_nanos.maximum,169983189,124333126,45650063,36.71592959063862031426765543
saturated-many,normal,"control,candidate",raw_summary.per_tenant.2.enqueue_to_result_all_nanos.mean,39680010.079365,26372706.492063,13307303.587302,50.45861937343025684401849118
saturated-many,normal,"control,candidate",raw_summary.per_tenant.2.enqueue_to_result_all_nanos.median,22492,14162,8330,58.81937579437932495410252789
saturated-many,normal,"control,candidate",raw_summary.per_tenant.2.enqueue_to_result_all_nanos.median_absolute_deviation,16380,8141,8239,101.2037833190025795356835770
saturated-many,normal,"control,candidate",raw_summary.per_tenant.2.enqueue_to_result_all_nanos.minimum,4838,4878,-40,-0.8200082000820008200082000820
saturated-many,normal,"control,candidate",raw_summary.per_tenant.2.enqueue_to_result_all_nanos.p95,133948448,103277498,30670950,29.69761138094185821581386489
saturated-many,normal,"control,candidate",raw_summary.per_tenant.2.enqueue_to_result_all_nanos.p99,169983189,124333126,45650063,36.71592959063862031426765543
saturated-many,normal,"control,candidate",raw_summary.per_tenant.2.enqueue_to_result_all_nanos.standard_deviation,51331864.44182,40108469.954869,11223394.486951,27.98260442140981493790828615
saturated-many,normal,"control,candidate",raw_summary.per_tenant.2.enqueue_to_result_released_nanos.count,27,21,6,28.57142857142857142857142857
saturated-many,normal,"control,candidate",raw_summary.per_tenant.2.enqueue_to_result_released_nanos.maximum,169983189,124333126,45650063,36.71592959063862031426765543
saturated-many,normal,"control,candidate",raw_summary.per_tenant.2.enqueue_to_result_released_nanos.mean,92567506.777778,79092635,13474871.777778,17.03682242699083170006916573
saturated-many,normal,"control,candidate",raw_summary.per_tenant.2.enqueue_to_result_released_nanos.median,90435399,75537065,14898334,19.72321005588448531856513091
saturated-many,normal,"control,candidate",raw_summary.per_tenant.2.enqueue_to_result_released_nanos.median_absolute_deviation,19714865,12428640,7286225,58.62447540519316675034436592
saturated-many,normal,"control,candidate",raw_summary.per_tenant.2.enqueue_to_result_released_nanos.minimum,9157,24920,-15763,-63.25441412520064205457463884
saturated-many,normal,"control,candidate",raw_summary.per_tenant.2.enqueue_to_result_released_nanos.p95,165830518,111013812,54816706,49.37827556088246028341050031
saturated-many,normal,"control,candidate",raw_summary.per_tenant.2.enqueue_to_result_released_nanos.p99,169983189,124333126,45650063,36.71592959063862031426765543
saturated-many,normal,"control,candidate",raw_summary.per_tenant.2.enqueue_to_result_released_nanos.standard_deviation,35402511.471464,25631652.943937,9770858.527527,38.12028256194937569069649349
saturated-many,normal,"control,candidate",raw_summary.per_tenant.2.observed_hold_nanos.count,27,21,6,28.57142857142857142857142857
saturated-many,normal,"control,candidate",raw_summary.per_tenant.2.observed_hold_nanos.maximum,11822750,11711476,111274,0.9501278916508901183761978422
saturated-many,normal,"control,candidate",raw_summary.per_tenant.2.observed_hold_nanos.mean,11071771.592593,11209325.333333,-137553.740740,-1.227136662105421603032609082
saturated-many,normal,"control,candidate",raw_summary.per_tenant.2.observed_hold_nanos.median,11036006,11323678,-287672,-2.540446664060917309729224021
saturated-many,normal,"control,candidate",raw_summary.per_tenant.2.observed_hold_nanos.median_absolute_deviation,365485,165806,199679,120.4292968891354956997937348
saturated-many,normal,"control,candidate",raw_summary.per_tenant.2.observed_hold_nanos.minimum,10488597,10419595,69002,0.6622330330497490545457860886
saturated-many,normal,"control,candidate",raw_summary.per_tenant.2.observed_hold_nanos.p95,11638184,11607202,30982,0.2669204860913077932132136582
saturated-many,normal,"control,candidate",raw_summary.per_tenant.2.observed_hold_nanos.p99,11822750,11711476,111274,0.9501278916508901183761978422
saturated-many,normal,"control,candidate",raw_summary.per_tenant.2.observed_hold_nanos.standard_deviation,378807.267711,359951.736285,18855.531426,5.238349902296540883596365953
saturated-many,normal,"control,candidate",raw_summary.per_tenant.2.offers,63,63,0,0
saturated-many,normal,"control,candidate",raw_summary.per_tenant.2.outcomes.admission-error,0,0,0,null
saturated-many,normal,"control,candidate",raw_summary.per_tenant.2.outcomes.backpressure,0,0,0,null
saturated-many,normal,"control,candidate",raw_summary.per_tenant.2.outcomes.released,27,21,6,28.57142857142857142857142857
saturated-many,normal,"control,candidate",raw_summary.per_tenant.2.outcomes.scheduler-error,36,42,-6,-14.28571428571428571428571429
saturated-many,normal,"control,candidate",raw_summary.per_tenant.2.scheduling_lag_nanos.count,63,63,0,0
saturated-many,normal,"control,candidate",raw_summary.per_tenant.2.scheduling_lag_nanos.maximum,1985684,1824296,161388,8.846590684845003223161153672
saturated-many,normal,"control,candidate",raw_summary.per_tenant.2.scheduling_lag_nanos.mean,1337464.793651,1197279.285714,140185.507937,11.70867228805349955280467524
saturated-many,normal,"control,candidate",raw_summary.per_tenant.2.scheduling_lag_nanos.median,1344398,1202909,141489,11.76223637864543369448561778
saturated-many,normal,"control,candidate",raw_summary.per_tenant.2.scheduling_lag_nanos.median_absolute_deviation,328134,306895,21239,6.920608025546196581892829795
saturated-many,normal,"control,candidate",raw_summary.per_tenant.2.scheduling_lag_nanos.minimum,701242,646640,54602,8.443956451812445874056662130
saturated-many,normal,"control,candidate",raw_summary.per_tenant.2.scheduling_lag_nanos.p95,1880234,1728208,152026,8.796742058826252395544980697
saturated-many,normal,"control,candidate",raw_summary.per_tenant.2.scheduling_lag_nanos.p99,1985684,1824296,161388,8.846590684845003223161153672
saturated-many,normal,"control,candidate",raw_summary.per_tenant.2.scheduling_lag_nanos.standard_deviation,365017.90067,345821.257435,19196.643235,5.551030430397463284846898440
saturated-many,normal,"control,candidate",raw_summary.per_tenant.20.enqueue_to_result_all_nanos.count,62,62,0,0
saturated-many,normal,"control,candidate",raw_summary.per_tenant.20.enqueue_to_result_all_nanos.maximum,102843139,114503850,-11660711,-10.18368465339811718121268411
saturated-many,normal,"control,candidate",raw_summary.per_tenant.20.enqueue_to_result_all_nanos.mean,20009052.387097,20456702.467742,-447650.080645,-2.188280742465192529951598046
saturated-many,normal,"control,candidate",raw_summary.per_tenant.20.enqueue_to_result_all_nanos.median,15030.5,15743.5,-713.0,-4.528853177501826150474799123
saturated-many,normal,"control,candidate",raw_summary.per_tenant.20.enqueue_to_result_all_nanos.median_absolute_deviation,7959.5,9183.5,-1224.0,-13.32825175586649970054989928
saturated-many,normal,"control,candidate",raw_summary.per_tenant.20.enqueue_to_result_all_nanos.minimum,6097,6027,70,1.161440185830429732868757259
saturated-many,normal,"control,candidate",raw_summary.per_tenant.20.enqueue_to_result_all_nanos.p95,96855325,90434004,6421321,7.100560315785641869843560172
saturated-many,normal,"control,candidate",raw_summary.per_tenant.20.enqueue_to_result_all_nanos.p99,102843139,114503850,-11660711,-10.18368465339811718121268411
saturated-many,normal,"control,candidate",raw_summary.per_tenant.20.enqueue_to_result_all_nanos.standard_deviation,33978669.353743,34622560.150591,-643890.796848,-1.859743456426658605061354620
saturated-many,normal,"control,candidate",raw_summary.per_tenant.20.enqueue_to_result_released_nanos.count,17,17,0,0
saturated-many,normal,"control,candidate",raw_summary.per_tenant.20.enqueue_to_result_released_nanos.maximum,102843139,114503850,-11660711,-10.18368465339811718121268411
saturated-many,normal,"control,candidate",raw_summary.per_tenant.20.enqueue_to_result_released_nanos.mean,72933947.882353,74564834.411765,-1630886.529412,-2.187205996335821292363911727
saturated-many,normal,"control,candidate",raw_summary.per_tenant.20.enqueue_to_result_released_nanos.median,67218604,70921906,-3703302,-5.221661696458073193915572433
saturated-many,normal,"control,candidate",raw_summary.per_tenant.20.enqueue_to_result_released_nanos.median_absolute_deviation,10558510,9684812,873698,9.021321219245143839653263274
saturated-many,normal,"control,candidate",raw_summary.per_tenant.20.enqueue_to_result_released_nanos.minimum,35643989,36934509,-1290520,-3.494076501734461936396663619
saturated-many,normal,"control,candidate",raw_summary.per_tenant.20.enqueue_to_result_released_nanos.p95,102843139,114503850,-11660711,-10.18368465339811718121268411
saturated-many,normal,"control,candidate",raw_summary.per_tenant.20.enqueue_to_result_released_nanos.p99,102843139,114503850,-11660711,-10.18368465339811718121268411
saturated-many,normal,"control,candidate",raw_summary.per_tenant.20.enqueue_to_result_released_nanos.standard_deviation,18748185.029954,18387547.634287,360637.395667,1.961313182376341199294156514
saturated-many,normal,"control,candidate",raw_summary.per_tenant.20.observed_hold_nanos.count,17,17,0,0
saturated-many,normal,"control,candidate",raw_summary.per_tenant.20.observed_hold_nanos.maximum,11896594,11939899,-43305,-0.3626915102045670570580203400
saturated-many,normal,"control,candidate",raw_summary.per_tenant.20.observed_hold_nanos.mean,11133463.176471,11245853.588235,-112390.411764,-0.9993942290123599958948794560
saturated-many,normal,"control,candidate",raw_summary.per_tenant.20.observed_hold_nanos.median,11311555,11361291,-49736,-0.4377671516379608620182336673
saturated-many,normal,"control,candidate",raw_summary.per_tenant.20.observed_hold_nanos.median_absolute_deviation,322619,202482,120137,59.33218755247380014025938108
saturated-many,normal,"control,candidate",raw_summary.per_tenant.20.observed_hold_nanos.minimum,10281227,10445950,-164723,-1.576907796801631254218141959
saturated-many,normal,"control,candidate",raw_summary.per_tenant.20.observed_hold_nanos.p95,11896594,11939899,-43305,-0.3626915102045670570580203400
saturated-many,normal,"control,candidate",raw_summary.per_tenant.20.observed_hold_nanos.p99,11896594,11939899,-43305,-0.3626915102045670570580203400
saturated-many,normal,"control,candidate",raw_summary.per_tenant.20.observed_hold_nanos.standard_deviation,480749.020083,430838.464888,49910.555195,11.58451699710114300884283398
saturated-many,normal,"control,candidate",raw_summary.per_tenant.20.offers,62,62,0,0
saturated-many,normal,"control,candidate",raw_summary.per_tenant.20.outcomes.admission-error,0,0,0,null
saturated-many,normal,"control,candidate",raw_summary.per_tenant.20.outcomes.backpressure,0,0,0,null
saturated-many,normal,"control,candidate",raw_summary.per_tenant.20.outcomes.released,17,17,0,0
saturated-many,normal,"control,candidate",raw_summary.per_tenant.20.outcomes.scheduler-error,45,45,0,0
saturated-many,normal,"control,candidate",raw_summary.per_tenant.20.scheduling_lag_nanos.count,62,62,0,0
saturated-many,normal,"control,candidate",raw_summary.per_tenant.20.scheduling_lag_nanos.maximum,2073754,1848499,225255,12.18583293796750769137554308
saturated-many,normal,"control,candidate",raw_summary.per_tenant.20.scheduling_lag_nanos.mean,1195334.435484,1172376.903226,22957.532258,1.958204071986435133421479270
saturated-many,normal,"control,candidate",raw_summary.per_tenant.20.scheduling_lag_nanos.median,1169896.5,1131864.5,38032.0,3.360119519606808058738479739
saturated-many,normal,"control,candidate",raw_summary.per_tenant.20.scheduling_lag_nanos.median_absolute_deviation,302762.5,305885.5,-3123.0,-1.020970265017465685689579925
saturated-many,normal,"control,candidate",raw_summary.per_tenant.20.scheduling_lag_nanos.minimum,680663,626878,53785,8.579819358790705687550049611
saturated-many,normal,"control,candidate",raw_summary.per_tenant.20.scheduling_lag_nanos.p95,1732695,1742211,-9516,-0.5462024978604772900641770715
saturated-many,normal,"control,candidate",raw_summary.per_tenant.20.scheduling_lag_nanos.p99,2073754,1848499,225255,12.18583293796750769137554308
saturated-many,normal,"control,candidate",raw_summary.per_tenant.20.scheduling_lag_nanos.standard_deviation,348382.979599,342773.004876,5609.974723,1.636644264045658696902522060
saturated-many,normal,"control,candidate",raw_summary.per_tenant.21.enqueue_to_result_all_nanos.count,62,62,0,0
saturated-many,normal,"control,candidate",raw_summary.per_tenant.21.enqueue_to_result_all_nanos.maximum,126170434,132058711,-5888277,-4.458832708127826569502105772
saturated-many,normal,"control,candidate",raw_summary.per_tenant.21.enqueue_to_result_all_nanos.mean,26224614.919355,25924363.209677,300251.709678,1.158183548230502256031246687
saturated-many,normal,"control,candidate",raw_summary.per_tenant.21.enqueue_to_result_all_nanos.median,21422.5,14868,6554.5,44.08461124562819478073715362
saturated-many,normal,"control,candidate",raw_summary.per_tenant.21.enqueue_to_result_all_nanos.median_absolute_deviation,12175,8603,3572,41.52039986051377426479135185
saturated-many,normal,"control,candidate",raw_summary.per_tenant.21.enqueue_to_result_all_nanos.minimum,5837,5818,19,0.3265727053970436576143004469
saturated-many,normal,"control,candidate",raw_summary.per_tenant.21.enqueue_to_result_all_nanos.p95,106451902,100548771,5903131,5.870913131300232401647156881
saturated-many,normal,"control,candidate",raw_summary.per_tenant.21.enqueue_to_result_all_nanos.p99,126170434,132058711,-5888277,-4.458832708127826569502105772
saturated-many,normal,"control,candidate",raw_summary.per_tenant.21.enqueue_to_result_all_nanos.standard_deviation,39948628.017765,39829199.146114,119428.871651,0.2998525559423714155295049492
saturated-many,normal,"control,candidate",raw_summary.per_tenant.21.enqueue_to_result_released_nanos.count,20,20,0,0
saturated-many,normal,"control,candidate",raw_summary.per_tenant.21.enqueue_to_result_released_nanos.maximum,126170434,132058711,-5888277,-4.458832708127826569502105772
saturated-many,normal,"control,candidate",raw_summary.per_tenant.21.enqueue_to_result_released_nanos.mean,81262745.5,80338289,924456.5,1.150704740550299745616937398
saturated-many,normal,"control,candidate",raw_summary.per_tenant.21.enqueue_to_result_released_nanos.median,75916864,74954511,962353,1.283916054098465134406653657
saturated-many,normal,"control,candidate",raw_summary.per_tenant.21.enqueue_to_result_released_nanos.median_absolute_deviation,13008172.5,12192342,815830.5,6.691335430059294596559053216
saturated-many,normal,"control,candidate",raw_summary.per_tenant.21.enqueue_to_result_released_nanos.minimum,34400675,35832240,-1431565,-3.995187015938718874399144458
saturated-many,normal,"control,candidate",raw_summary.per_tenant.21.enqueue_to_result_released_nanos.p95,110028326,126532513,-16504187,-13.04343572153664568410176126
saturated-many,normal,"control,candidate",raw_summary.per_tenant.21.enqueue_to_result_released_nanos.p99,126170434,132058711,-5888277,-4.458832708127826569502105772
saturated-many,normal,"control,candidate",raw_summary.per_tenant.21.enqueue_to_result_released_nanos.standard_deviation,21808204.449116,23386229.08111,-1578024.631994,-6.747666015418595682501770773
saturated-many,normal,"control,candidate",raw_summary.per_tenant.21.observed_hold_nanos.count,20,20,0,0
saturated-many,normal,"control,candidate",raw_summary.per_tenant.21.observed_hold_nanos.maximum,11962894,11849942,112952,0.9531860999825990709490392442
saturated-many,normal,"control,candidate",raw_summary.per_tenant.21.observed_hold_nanos.mean,11136636.45,11185248.1,-48611.65,-0.4346050223061212205029229526
saturated-many,normal,"control,candidate",raw_summary.per_tenant.21.observed_hold_nanos.median,11206868.5,11266373.5,-59505.0,-0.5281646307926858629353979788
saturated-many,normal,"control,candidate",raw_summary.per_tenant.21.observed_hold_nanos.median_absolute_deviation,350039.5,371934,-21894.5,-5.886662687466055805599918265
saturated-many,normal,"control,candidate",raw_summary.per_tenant.21.observed_hold_nanos.minimum,10306603,10413979,-107376,-1.031075634010784926683643207
saturated-many,normal,"control,candidate",raw_summary.per_tenant.21.observed_hold_nanos.p95,11722144,11701727,20417,0.1744785192818119923665968280
saturated-many,normal,"control,candidate",raw_summary.per_tenant.21.observed_hold_nanos.p99,11962894,11849942,112952,0.9531860999825990709490392442
saturated-many,normal,"control,candidate",raw_summary.per_tenant.21.observed_hold_nanos.standard_deviation,456835.815513,454250.876728,2584.938785,0.5690553210638777640254831072
saturated-many,normal,"control,candidate",raw_summary.per_tenant.21.offers,62,62,0,0
saturated-many,normal,"control,candidate",raw_summary.per_tenant.21.outcomes.admission-error,0,0,0,null
saturated-many,normal,"control,candidate",raw_summary.per_tenant.21.outcomes.backpressure,0,0,0,null
saturated-many,normal,"control,candidate",raw_summary.per_tenant.21.outcomes.released,20,20,0,0
saturated-many,normal,"control,candidate",raw_summary.per_tenant.21.outcomes.scheduler-error,42,42,0,0
saturated-many,normal,"control,candidate",raw_summary.per_tenant.21.scheduling_lag_nanos.count,62,62,0,0
saturated-many,normal,"control,candidate",raw_summary.per_tenant.21.scheduling_lag_nanos.maximum,2046503,1805320,241183,13.35957060244167239049032858
saturated-many,normal,"control,candidate",raw_summary.per_tenant.21.scheduling_lag_nanos.mean,1277981.403226,1181637.645161,96343.758065,8.153409673392134559646554199
saturated-many,normal,"control,candidate",raw_summary.per_tenant.21.scheduling_lag_nanos.median,1276380.5,1200573.5,75807.0,6.314232323135568126399591529
saturated-many,normal,"control,candidate",raw_summary.per_tenant.21.scheduling_lag_nanos.median_absolute_deviation,270273.5,298026.5,-27753.0,-9.312259144740484487117756307
saturated-many,normal,"control,candidate",raw_summary.per_tenant.21.scheduling_lag_nanos.minimum,699333,633775,65558,10.34404954439667074277148830
saturated-many,normal,"control,candidate",raw_summary.per_tenant.21.scheduling_lag_nanos.p95,1829087,1637309,191778,11.71299980638963079052274189
saturated-many,normal,"control,candidate",raw_summary.per_tenant.21.scheduling_lag_nanos.p99,2046503,1805320,241183,13.35957060244167239049032858
saturated-many,normal,"control,candidate",raw_summary.per_tenant.21.scheduling_lag_nanos.standard_deviation,336259.01933,320343.693817,15915.325513,4.968203158103000391613293539
saturated-many,normal,"control,candidate",raw_summary.per_tenant.22.enqueue_to_result_all_nanos.count,62,62,0,0
saturated-many,normal,"control,candidate",raw_summary.per_tenant.22.enqueue_to_result_all_nanos.maximum,126234378,129032103,-2797725,-2.168239480681795909348234059
saturated-many,normal,"control,candidate",raw_summary.per_tenant.22.enqueue_to_result_all_nanos.mean,20787503.354839,26701796.725806,-5914293.370967,-22.14942099851700397794842754
saturated-many,normal,"control,candidate",raw_summary.per_tenant.22.enqueue_to_result_all_nanos.median,12817.5,19311,-6493.5,-33.62591269224794158769613174
saturated-many,normal,"control,candidate",raw_summary.per_tenant.22.enqueue_to_result_all_nanos.median_absolute_deviation,5947.5,12518.5,-6571.0,-52.49031433478451891201022487
saturated-many,normal,"control,candidate",raw_summary.per_tenant.22.enqueue_to_result_all_nanos.minimum,5663,4358,1305,29.94492886645250114731528224
saturated-many,normal,"control,candidate",raw_summary.per_tenant.22.enqueue_to_result_all_nanos.p95,92159513,100573657,-8414144,-8.366150989219771535204293108
saturated-many,normal,"control,candidate",raw_summary.per_tenant.22.enqueue_to_result_all_nanos.p99,126234378,129032103,-2797725,-2.168239480681795909348234059
saturated-many,normal,"control,candidate",raw_summary.per_tenant.22.enqueue_to_result_all_nanos.standard_deviation,35438178.761333,40349555.428143,-4911376.666810,-12.17207132692325518527024041
saturated-many,normal,"control,candidate",raw_summary.per_tenant.22.enqueue_to_result_released_nanos.count,17,20,-3,-15
saturated-many,normal,"control,candidate",raw_summary.per_tenant.22.enqueue_to_result_released_nanos.maximum,126234378,129032103,-2797725,-2.168239480681795909348234059
saturated-many,normal,"control,candidate",raw_summary.per_tenant.22.enqueue_to_result_released_nanos.mean,75775748,82745545.85,-6969797.85,-8.423169825521188461650591674
saturated-many,normal,"control,candidate",raw_summary.per_tenant.22.enqueue_to_result_released_nanos.median,74474923,80576049.5,-6101126.5,-7.571885861691444676746034813
saturated-many,normal,"control,candidate",raw_summary.per_tenant.22.enqueue_to_result_released_nanos.median_absolute_deviation,8849855,13879448.5,-5029593.5,-36.23770425748544691815384451
saturated-many,normal,"control,candidate",raw_summary.per_tenant.22.enqueue_to_result_released_nanos.minimum,35660237,35835220,-174983,-0.4882989416557230568139389126
saturated-many,normal,"control,candidate",raw_summary.per_tenant.22.enqueue_to_result_released_nanos.p95,126234378,106779621,19454757,18.21954116132328283877314005
saturated-many,normal,"control,candidate",raw_summary.per_tenant.22.enqueue_to_result_released_nanos.p99,126234378,129032103,-2797725,-2.168239480681795909348234059
saturated-many,normal,"control,candidate",raw_summary.per_tenant.22.enqueue_to_result_released_nanos.standard_deviation,20352274.98373,20260774.74012,91500.24361,0.4516127580689842104740621530
saturated-many,normal,"control,candidate",raw_summary.per_tenant.22.observed_hold_nanos.count,17,20,-3,-15
saturated-many,normal,"control,candidate",raw_summary.per_tenant.22.observed_hold_nanos.maximum,11914380,12211638,-297258,-2.434218898398396677005983964
saturated-many,normal,"control,candidate",raw_summary.per_tenant.22.observed_hold_nanos.mean,11144375.647059,11423886.65,-279511.002941,-2.446724232343464297240729362
saturated-many,normal,"control,candidate",raw_summary.per_tenant.22.observed_hold_nanos.median,11232904,11524186,-291282,-2.527571144721197662030099132
saturated-many,normal,"control,candidate",raw_summary.per_tenant.22.observed_hold_nanos.median_absolute_deviation,264852,317343.5,-52491.5,-16.54090914104117462623308812
saturated-many,normal,"control,candidate",raw_summary.per_tenant.22.observed_hold_nanos.minimum,10159338,10407643,-248305,-2.385794747187235380767768456
saturated-many,normal,"control,candidate",raw_summary.per_tenant.22.observed_hold_nanos.p95,11914380,12067954,-153574,-1.272576942205779040921103942
saturated-many,normal,"control,candidate",raw_summary.per_tenant.22.observed_hold_nanos.p99,11914380,12211638,-297258,-2.434218898398396677005983964
saturated-many,normal,"control,candidate",raw_summary.per_tenant.22.observed_hold_nanos.standard_deviation,410885.343374,486843.642291,-75958.298917,-15.60219592466149734769157008
saturated-many,normal,"control,candidate",raw_summary.per_tenant.22.offers,62,62,0,0
saturated-many,normal,"control,candidate",raw_summary.per_tenant.22.outcomes.admission-error,0,0,0,null
saturated-many,normal,"control,candidate",raw_summary.per_tenant.22.outcomes.backpressure,0,0,0,null
saturated-many,normal,"control,candidate",raw_summary.per_tenant.22.outcomes.released,17,20,-3,-15
saturated-many,normal,"control,candidate",raw_summary.per_tenant.22.outcomes.scheduler-error,45,42,3,7.142857142857142857142857143
saturated-many,normal,"control,candidate",raw_summary.per_tenant.22.scheduling_lag_nanos.count,62,62,0,0
saturated-many,normal,"control,candidate",raw_summary.per_tenant.22.scheduling_lag_nanos.maximum,1902594,1772940,129654,7.312937832075535551118481167
saturated-many,normal,"control,candidate",raw_summary.per_tenant.22.scheduling_lag_nanos.mean,1296687.064516,1179089.516129,117597.548387,9.973589517874575819902532082
saturated-many,normal,"control,candidate",raw_summary.per_tenant.22.scheduling_lag_nanos.median,1329922,1164897.5,165024.5,14.16643953652574582742258439
saturated-many,normal,"control,candidate",raw_summary.per_tenant.22.scheduling_lag_nanos.median_absolute_deviation,247499.5,274067.5,-26568.0,-9.693962253824331597143039580
saturated-many,normal,"control,candidate",raw_summary.per_tenant.22.scheduling_lag_nanos.minimum,706189,629416,76773,12.19749736263456918794565121
saturated-many,normal,"control,candidate",raw_summary.per_tenant.22.scheduling_lag_nanos.p95,1772759,1740728,32031,1.840092191313059823246365888
saturated-many,normal,"control,candidate",raw_summary.per_tenant.22.scheduling_lag_nanos.p99,1902594,1772940,129654,7.312937832075535551118481167
saturated-many,normal,"control,candidate",raw_summary.per_tenant.22.scheduling_lag_nanos.standard_deviation,330713.906186,332390.614277,-1676.708091,-0.5044390602445542590208593262
saturated-many,normal,"control,candidate",raw_summary.per_tenant.23.enqueue_to_result_all_nanos.count,62,62,0,0
saturated-many,normal,"control,candidate",raw_summary.per_tenant.23.enqueue_to_result_all_nanos.maximum,194748448,130763624,63984824,48.93166925382857238646123787
saturated-many,normal,"control,candidate",raw_summary.per_tenant.23.enqueue_to_result_all_nanos.mean,39477395.032258,26428058.564516,13049336.467742,49.37682590601972142021827494
saturated-many,normal,"control,candidate",raw_summary.per_tenant.23.enqueue_to_result_all_nanos.median,31871,16731,15140,90.49070587532125993664455203
saturated-many,normal,"control,candidate",raw_summary.per_tenant.23.enqueue_to_result_all_nanos.median_absolute_deviation,25669.5,10634,15035.5,141.3908218920443859319164943
saturated-many,normal,"control,candidate",raw_summary.per_tenant.23.enqueue_to_result_all_nanos.minimum,4826,5467,-641,-11.72489482348637278214743003
saturated-many,normal,"control,candidate",raw_summary.per_tenant.23.enqueue_to_result_all_nanos.p95,131596243,100600502,30995741,30.81072199818645040160932795
saturated-many,normal,"control,candidate",raw_summary.per_tenant.23.enqueue_to_result_all_nanos.p99,194748448,130763624,63984824,48.93166925382857238646123787
saturated-many,normal,"control,candidate",raw_summary.per_tenant.23.enqueue_to_result_all_nanos.standard_deviation,53172332.560634,40423481.706749,12748850.853885,31.53823054226544968961074127
saturated-many,normal,"control,candidate",raw_summary.per_tenant.23.enqueue_to_result_released_nanos.count,25,20,5,25
saturated-many,normal,"control,candidate",raw_summary.per_tenant.23.enqueue_to_result_released_nanos.maximum,194748448,130763624,63984824,48.93166925382857238646123787
saturated-many,normal,"control,candidate",raw_summary.per_tenant.23.enqueue_to_result_released_nanos.mean,97878971.4,81894128.05,15984843.35,19.51891268717159264021249934
saturated-many,normal,"control,candidate",raw_summary.per_tenant.23.enqueue_to_result_released_nanos.median,95604016,74874152.5,20729863.5,27.68627464598013313072224757
saturated-many,normal,"control,candidate",raw_summary.per_tenant.23.enqueue_to_result_released_nanos.median_absolute_deviation,26456432,13256003,13200429,99.58076352276021663543679041
saturated-many,normal,"control,candidate",raw_summary.per_tenant.23.enqueue_to_result_released_nanos.minimum,35686966,34712387,974579,2.807582780175849042014886501
saturated-many,normal,"control,candidate",raw_summary.per_tenant.23.enqueue_to_result_released_nanos.p95,158205578,123786610,34418968,27.80508166432540643935559751
saturated-many,normal,"control,candidate",raw_summary.per_tenant.23.enqueue_to_result_released_nanos.p99,194748448,130763624,63984824,48.93166925382857238646123787
saturated-many,normal,"control,candidate",raw_summary.per_tenant.23.enqueue_to_result_released_nanos.standard_deviation,36005485.97469,22893259.384388,13112226.590302,57.27549044084063262579394687
saturated-many,normal,"control,candidate",raw_summary.per_tenant.23.observed_hold_nanos.count,25,20,5,25
saturated-many,normal,"control,candidate",raw_summary.per_tenant.23.observed_hold_nanos.maximum,11880300,11969642,-89342,-0.7464049467811986356818357642
saturated-many,normal,"control,candidate",raw_summary.per_tenant.23.observed_hold_nanos.mean,11150883.48,11319831,-168947.52,-1.492491539847193831780704147
saturated-many,normal,"control,candidate",raw_summary.per_tenant.23.observed_hold_nanos.median,11154832,11394145,-239313,-2.100315556805710301211718826
saturated-many,normal,"control,candidate",raw_summary.per_tenant.23.observed_hold_nanos.median_absolute_deviation,225047,541303,-316256,-58.42494868862725682288847466
saturated-many,normal,"control,candidate",raw_summary.per_tenant.23.observed_hold_nanos.minimum,10559055,10468326,90729,0.8667001772776277697121774771
saturated-many,normal,"control,candidate",raw_summary.per_tenant.23.observed_hold_nanos.p95,11639038,11959349,-320311,-2.678331404159206324692088173
saturated-many,normal,"control,candidate",raw_summary.per_tenant.23.observed_hold_nanos.p99,11880300,11969642,-89342,-0.7464049467811986356818357642
saturated-many,normal,"control,candidate",raw_summary.per_tenant.23.observed_hold_nanos.standard_deviation,327224.949054,527492.563918,-200267.614864,-37.96595981874961313224780980
saturated-many,normal,"control,candidate",raw_summary.per_tenant.23.offers,62,62,0,0
saturated-many,normal,"control,candidate",raw_summary.per_tenant.23.outcomes.admission-error,0,0,0,null
saturated-many,normal,"control,candidate",raw_summary.per_tenant.23.outcomes.backpressure,0,0,0,null
saturated-many,normal,"control,candidate",raw_summary.per_tenant.23.outcomes.released,25,20,5,25
saturated-many,normal,"control,candidate",raw_summary.per_tenant.23.outcomes.scheduler-error,37,42,-5,-11.90476190476190476190476190
saturated-many,normal,"control,candidate",raw_summary.per_tenant.23.scheduling_lag_nanos.count,62,62,0,0
saturated-many,normal,"control,candidate",raw_summary.per_tenant.23.scheduling_lag_nanos.maximum,1959639,2212832,-253193,-11.44203446081763098147532212
saturated-many,normal,"control,candidate",raw_summary.per_tenant.23.scheduling_lag_nanos.mean,1293742,1229757.129032,63984.870968,5.203049403613989880016668172
saturated-many,normal,"control,candidate",raw_summary.per_tenant.23.scheduling_lag_nanos.median,1250947,1178538.5,72408.5,6.143923172641368949762778221
saturated-many,normal,"control,candidate",raw_summary.per_tenant.23.scheduling_lag_nanos.median_absolute_deviation,300787.5,277098.5,23689.0,8.548945591549575331515688465
saturated-many,normal,"control,candidate",raw_summary.per_tenant.23.scheduling_lag_nanos.minimum,748126,634400,113726,17.92654476670870113493064313
saturated-many,normal,"control,candidate",raw_summary.per_tenant.23.scheduling_lag_nanos.p95,1849398,1764680,84718,4.800757077770473966951515289
saturated-many,normal,"control,candidate",raw_summary.per_tenant.23.scheduling_lag_nanos.p99,1959639,2212832,-253193,-11.44203446081763098147532212
saturated-many,normal,"control,candidate",raw_summary.per_tenant.23.scheduling_lag_nanos.standard_deviation,362199.073308,346487.446006,15711.627302,4.534544464196237381757325129
saturated-many,normal,"control,candidate",raw_summary.per_tenant.24.enqueue_to_result_all_nanos.count,62,62,0,0
saturated-many,normal,"control,candidate",raw_summary.per_tenant.24.enqueue_to_result_all_nanos.maximum,129046211,181834237,-52788026,-29.03085077426865436787902599
saturated-many,normal,"control,candidate",raw_summary.per_tenant.24.enqueue_to_result_all_nanos.mean,31866030.580645,37509732.290323,-5643701.709678,-15.04596638012795992842898184
saturated-many,normal,"control,candidate",raw_summary.per_tenant.24.enqueue_to_result_all_nanos.median,22826.5,14026.5,8800.0,62.73838805118882115994724272
saturated-many,normal,"control,candidate",raw_summary.per_tenant.24.enqueue_to_result_all_nanos.median_absolute_deviation,15576.5,8060,7516.5,93.25682382133995037220843672
saturated-many,normal,"control,candidate",raw_summary.per_tenant.24.enqueue_to_result_all_nanos.minimum,5761,4724,1037,21.95173581710414902624894157
saturated-many,normal,"control,candidate",raw_summary.per_tenant.24.enqueue_to_result_all_nanos.p95,111075245,146304321,-35229076,-24.07931341959476371172933436
saturated-many,normal,"control,candidate",raw_summary.per_tenant.24.enqueue_to_result_all_nanos.p99,129046211,181834237,-52788026,-29.03085077426865436787902599
saturated-many,normal,"control,candidate",raw_summary.per_tenant.24.enqueue_to_result_all_nanos.standard_deviation,43710811.424179,51602160.350635,-7891348.926456,-15.29267161071269283645791082
saturated-many,normal,"control,candidate",raw_summary.per_tenant.24.enqueue_to_result_released_nanos.count,23,24,-1,-4.166666666666666666666666667
saturated-many,normal,"control,candidate",raw_summary.per_tenant.24.enqueue_to_result_released_nanos.maximum,129046211,181834237,-52788026,-29.03085077426865436787902599
saturated-many,normal,"control,candidate",raw_summary.per_tenant.24.enqueue_to_result_released_nanos.mean,85872818.173913,96883029.333333,-11010211.159420,-11.36443733766682716870364880
saturated-many,normal,"control,candidate",raw_summary.per_tenant.24.enqueue_to_result_released_nanos.median,77557290,94141040,-16583750,-17.61585595400263264565592222
saturated-many,normal,"control,candidate",raw_summary.per_tenant.24.enqueue_to_result_released_nanos.median_absolute_deviation,15185139,22440026.5,-7254887.5,-32.33012002013455732772864595
saturated-many,normal,"control,candidate",raw_summary.per_tenant.24.enqueue_to_result_released_nanos.minimum,43384441,42987724,396717,0.9228611405432862647019879443
saturated-many,normal,"control,candidate",raw_summary.per_tenant.24.enqueue_to_result_released_nanos.p95,126950644,152143163,-25192519,-16.55842990460241713260555783
saturated-many,normal,"control,candidate",raw_summary.per_tenant.24.enqueue_to_result_released_nanos.p99,129046211,181834237,-52788026,-29.03085077426865436787902599
saturated-many,normal,"control,candidate",raw_summary.per_tenant.24.enqueue_to_result_released_nanos.standard_deviation,22661631.169756,33574286.665887,-10912655.496131,-32.50301519352532833696000831
saturated-many,normal,"control,candidate",raw_summary.per_tenant.24.observed_hold_nanos.count,23,24,-1,-4.166666666666666666666666667
saturated-many,normal,"control,candidate",raw_summary.per_tenant.24.observed_hold_nanos.maximum,11976723,11932064,44659,0.3742772415568672779495651381
saturated-many,normal,"control,candidate",raw_summary.per_tenant.24.observed_hold_nanos.mean,11102245.217391,11008745.875,93499.342391,0.8493187457740275978529661536
saturated-many,normal,"control,candidate",raw_summary.per_tenant.24.observed_hold_nanos.median,11136588,10917482,219106,2.006927971120080619322294280
saturated-many,normal,"control,candidate",raw_summary.per_tenant.24.observed_hold_nanos.median_absolute_deviation,291585,381975.5,-90390.5,-23.66395226919003967531949039
saturated-many,normal,"control,candidate",raw_summary.per_tenant.24.observed_hold_nanos.minimum,10320272,10210642,109630,1.073683711562896828622529318
saturated-many,normal,"control,candidate",raw_summary.per_tenant.24.observed_hold_nanos.p95,11822165,11870229,-48064,-0.4049121546012296814155817887
saturated-many,normal,"control,candidate",raw_summary.per_tenant.24.observed_hold_nanos.p99,11976723,11932064,44659,0.3742772415568672779495651381
saturated-many,normal,"control,candidate",raw_summary.per_tenant.24.observed_hold_nanos.standard_deviation,471733.186757,484983.961144,-13250.774387,-2.732208783924221228245756653
saturated-many,normal,"control,candidate",raw_summary.per_tenant.24.offers,62,62,0,0
saturated-many,normal,"control,candidate",raw_summary.per_tenant.24.outcomes.admission-error,0,0,0,null
saturated-many,normal,"control,candidate",raw_summary.per_tenant.24.outcomes.backpressure,0,0,0,null
saturated-many,normal,"control,candidate",raw_summary.per_tenant.24.outcomes.released,23,24,-1,-4.166666666666666666666666667
saturated-many,normal,"control,candidate",raw_summary.per_tenant.24.outcomes.scheduler-error,39,38,1,2.631578947368421052631578947
saturated-many,normal,"control,candidate",raw_summary.per_tenant.24.scheduling_lag_nanos.count,62,62,0,0
saturated-many,normal,"control,candidate",raw_summary.per_tenant.24.scheduling_lag_nanos.maximum,1986684,1821578,165106,9.063899542045413372361765458
saturated-many,normal,"control,candidate",raw_summary.per_tenant.24.scheduling_lag_nanos.mean,1235723.983871,1229604.048387,6119.935484,0.4977159510842663775374858817
saturated-many,normal,"control,candidate",raw_summary.per_tenant.24.scheduling_lag_nanos.median,1168894,1254002.5,-85108.5,-6.786948191889569598146734157
saturated-many,normal,"control,candidate",raw_summary.per_tenant.24.scheduling_lag_nanos.median_absolute_deviation,269709,269650,59,0.02188021509363990357871314667
saturated-many,normal,"control,candidate",raw_summary.per_tenant.24.scheduling_lag_nanos.minimum,701557,648531,53026,8.176324647549615978264724431
saturated-many,normal,"control,candidate",raw_summary.per_tenant.24.scheduling_lag_nanos.p95,1822208,1703982,118226,6.938218830950092195809580148
saturated-many,normal,"control,candidate",raw_summary.per_tenant.24.scheduling_lag_nanos.p99,1986684,1821578,165106,9.063899542045413372361765458
saturated-many,normal,"control,candidate",raw_summary.per_tenant.24.scheduling_lag_nanos.standard_deviation,342384.368334,313366.974753,29017.393581,9.259876093794470189997634999
saturated-many,normal,"control,candidate",raw_summary.per_tenant.25.enqueue_to_result_all_nanos.count,62,62,0,0
saturated-many,normal,"control,candidate",raw_summary.per_tenant.25.enqueue_to_result_all_nanos.maximum,227461180,148100237,79360943,53.58596623987846825660380273
saturated-many,normal,"control,candidate",raw_summary.per_tenant.25.enqueue_to_result_all_nanos.mean,54361130.064516,35563147.145161,18797982.919355,52.85804105757496382537126639
saturated-many,normal,"control,candidate",raw_summary.per_tenant.25.enqueue_to_result_all_nanos.median,39123.5,28265,10858.5,38.41676985671324960198124889
saturated-many,normal,"control,candidate",raw_summary.per_tenant.25.enqueue_to_result_all_nanos.median_absolute_deviation,31435,22088.5,9346.5,42.31387373520157548045362972
saturated-many,normal,"control,candidate",raw_summary.per_tenant.25.enqueue_to_result_all_nanos.minimum,5875,5790,85,1.468048359240069084628670121
saturated-many,normal,"control,candidate",raw_summary.per_tenant.25.enqueue_to_result_all_nanos.p95,197041583,123228288,73813295,59.89963522012088652891128375
saturated-many,normal,"control,candidate",raw_summary.per_tenant.25.enqueue_to_result_all_nanos.p99,227461180,148100237,79360943,53.58596623987846825660380273
saturated-many,normal,"control,candidate",raw_summary.per_tenant.25.enqueue_to_result_all_nanos.standard_deviation,70816074.00179,46271614.973168,24544459.028622,53.04431030309802098009170631
saturated-many,normal,"control,candidate",raw_summary.per_tenant.25.enqueue_to_result_released_nanos.count,27,25,2,8
saturated-many,normal,"control,candidate",raw_summary.per_tenant.25.enqueue_to_result_released_nanos.maximum,227461180,148100237,79360943,53.58596623987846825660380273
saturated-many,normal,"control,candidate",raw_summary.per_tenant.25.enqueue_to_result_released_nanos.mean,124804538.296296,88170307.92,36634230.376296,41.54939598207541339842016965
saturated-many,normal,"control,candidate",raw_summary.per_tenant.25.enqueue_to_result_released_nanos.median,112638280,88642983,23995297,27.06959557080790027113595669
saturated-many,normal,"control,candidate",raw_summary.per_tenant.25.enqueue_to_result_released_nanos.median_absolute_deviation,37170282,21556453,15613829,72.43227352848819794239803738
saturated-many,normal,"control,candidate",raw_summary.per_tenant.25.enqueue_to_result_released_nanos.minimum,42133171,41916331,216840,0.5173162698805866381768957784
saturated-many,normal,"control,candidate",raw_summary.per_tenant.25.enqueue_to_result_released_nanos.p95,208044330,136819488,71224842,52.05752706807381123952166814
saturated-many,normal,"control,candidate",raw_summary.per_tenant.25.enqueue_to_result_released_nanos.p99,227461180,148100237,79360943,53.58596623987846825660380273
saturated-many,normal,"control,candidate",raw_summary.per_tenant.25.enqueue_to_result_released_nanos.standard_deviation,52205555.054828,25930276.318007,26275278.736821,101.3305003563514546924893105
saturated-many,normal,"control,candidate",raw_summary.per_tenant.25.observed_hold_nanos.count,27,25,2,8
saturated-many,normal,"control,candidate",raw_summary.per_tenant.25.observed_hold_nanos.maximum,12143252,12136927,6325,0.05211368577894552715032396586
saturated-many,normal,"control,candidate",raw_summary.per_tenant.25.observed_hold_nanos.mean,11074802.592593,11270762.76,-195960.167407,-1.738659322175281063231251973
saturated-many,normal,"control,candidate",raw_summary.per_tenant.25.observed_hold_nanos.median,11120490,11301859,-181369,-1.604771392033823816064242175
saturated-many,normal,"control,candidate",raw_summary.per_tenant.25.observed_hold_nanos.median_absolute_deviation,350763,358128,-7365,-2.056527275164187106286020641
saturated-many,normal,"control,candidate",raw_summary.per_tenant.25.observed_hold_nanos.minimum,10156499,10407224,-250725,-2.409143879290000868627407270
saturated-many,normal,"control,candidate",raw_summary.per_tenant.25.observed_hold_nanos.p95,12003918,12019612,-15694,-0.1305699385304617154031261575
saturated-many,normal,"control,candidate",raw_summary.per_tenant.25.observed_hold_nanos.p99,12143252,12136927,6325,0.05211368577894552715032396586
saturated-many,normal,"control,candidate",raw_summary.per_tenant.25.observed_hold_nanos.standard_deviation,500981.276257,455170.968117,45810.308140,10.06441784490627511231332709
saturated-many,normal,"control,candidate",raw_summary.per_tenant.25.offers,62,62,0,0
saturated-many,normal,"control,candidate",raw_summary.per_tenant.25.outcomes.admission-error,0,0,0,null
saturated-many,normal,"control,candidate",raw_summary.per_tenant.25.outcomes.backpressure,0,0,0,null
saturated-many,normal,"control,candidate",raw_summary.per_tenant.25.outcomes.released,27,25,2,8
saturated-many,normal,"control,candidate",raw_summary.per_tenant.25.outcomes.scheduler-error,35,37,-2,-5.405405405405405405405405405
saturated-many,normal,"control,candidate",raw_summary.per_tenant.25.scheduling_lag_nanos.count,62,62,0,0
saturated-many,normal,"control,candidate",raw_summary.per_tenant.25.scheduling_lag_nanos.maximum,1894602,1878183,16419,0.8741959649299349424417109515
saturated-many,normal,"control,candidate",raw_summary.per_tenant.25.scheduling_lag_nanos.mean,1256131.758065,1257216.774194,-1085.016129,-0.08630302675492079682476887269
saturated-many,normal,"control,candidate",raw_summary.per_tenant.25.scheduling_lag_nanos.median,1271183.5,1296416,-25232.5,-1.946327413422851924073754104
saturated-many,normal,"control,candidate",raw_summary.per_tenant.25.scheduling_lag_nanos.median_absolute_deviation,235755.5,274891.5,-39136.0,-14.23688982744100854337074810
saturated-many,normal,"control,candidate",raw_summary.per_tenant.25.scheduling_lag_nanos.minimum,709527,654770,54757,8.362783878308413641431342303
saturated-many,normal,"control,candidate",raw_summary.per_tenant.25.scheduling_lag_nanos.p95,1819406,1699245,120161,7.071434666572507201727826182
saturated-many,normal,"control,candidate",raw_summary.per_tenant.25.scheduling_lag_nanos.p99,1894602,1878183,16419,0.8741959649299349424417109515
saturated-many,normal,"control,candidate",raw_summary.per_tenant.25.scheduling_lag_nanos.standard_deviation,315593.525089,333333.422676,-17739.897587,-5.321967849663601190364300149
saturated-many,normal,"control,candidate",raw_summary.per_tenant.26.enqueue_to_result_all_nanos.count,62,62,0,0
saturated-many,normal,"control,candidate",raw_summary.per_tenant.26.enqueue_to_result_all_nanos.maximum,133719587,138681280,-4961693,-3.577766948790781279203653153
saturated-many,normal,"control,candidate",raw_summary.per_tenant.26.enqueue_to_result_all_nanos.mean,38592982.354839,39037866.645161,-444884.290322,-1.139622444960491533703310566
saturated-many,normal,"control,candidate",raw_summary.per_tenant.26.enqueue_to_result_all_nanos.median,24774,23841.5,932.5,3.911247195017092045383050563
saturated-many,normal,"control,candidate",raw_summary.per_tenant.26.enqueue_to_result_all_nanos.median_absolute_deviation,17905,17611.5,293.5,1.666524713965306759787638759
saturated-many,normal,"control,candidate",raw_summary.per_tenant.26.enqueue_to_result_all_nanos.minimum,5452,5235,217,4.145176695319961795606494747
saturated-many,normal,"control,candidate",raw_summary.per_tenant.26.enqueue_to_result_all_nanos.p95,123757609,121055817,2701792,2.231856400589159627083430448
saturated-many,normal,"control,candidate",raw_summary.per_tenant.26.enqueue_to_result_all_nanos.p99,133719587,138681280,-4961693,-3.577766948790781279203653153
saturated-many,normal,"control,candidate",raw_summary.per_tenant.26.enqueue_to_result_all_nanos.standard_deviation,46609045.893081,49939641.415686,-3330595.522605,-6.669241965279435717626654230
saturated-many,normal,"control,candidate",raw_summary.per_tenant.26.enqueue_to_result_released_nanos.count,27,25,2,8
saturated-many,normal,"control,candidate",raw_summary.per_tenant.26.enqueue_to_result_released_nanos.maximum,133719587,138681280,-4961693,-3.577766948790781279203653153
saturated-many,normal,"control,candidate",raw_summary.per_tenant.26.enqueue_to_result_released_nanos.mean,88602656,96791960.52,-8189304.52,-8.460728015017171180241323621
saturated-many,normal,"control,candidate",raw_summary.per_tenant.26.enqueue_to_result_released_nanos.median,90359712,96971648,-6611936,-6.818421813353115335319453373
saturated-many,normal,"control,candidate",raw_summary.per_tenant.26.enqueue_to_result_released_nanos.median_absolute_deviation,17890863,20956103,-3065240,-14.62695616642082738379363759
saturated-many,normal,"control,candidate",raw_summary.per_tenant.26.enqueue_to_result_released_nanos.minimum,43275729,43307459,-31730,-0.07326682454401215273332014238
saturated-many,normal,"control,candidate",raw_summary.per_tenant.26.enqueue_to_result_released_nanos.p95,126999834,138573173,-11573339,-8.351788985881127222222154067
saturated-many,normal,"control,candidate",raw_summary.per_tenant.26.enqueue_to_result_released_nanos.p99,133719587,138681280,-4961693,-3.577766948790781279203653153
saturated-many,normal,"control,candidate",raw_summary.per_tenant.26.enqueue_to_result_released_nanos.standard_deviation,23626172.700769,24408280.548555,-782107.847786,-3.204272608347668878259529081
saturated-many,normal,"control,candidate",raw_summary.per_tenant.26.observed_hold_nanos.count,27,25,2,8
saturated-many,normal,"control,candidate",raw_summary.per_tenant.26.observed_hold_nanos.maximum,11871307,12070523,-199216,-1.650433871009566031231621032
saturated-many,normal,"control,candidate",raw_summary.per_tenant.26.observed_hold_nanos.mean,10990810.703704,11183780.48,-192969.776296,-1.725443168712839399365607004
saturated-many,normal,"control,candidate",raw_summary.per_tenant.26.observed_hold_nanos.median,11008031,11170423,-162392,-1.453767686326650297844584757
saturated-many,normal,"control,candidate",raw_summary.per_tenant.26.observed_hold_nanos.median_absolute_deviation,375822,518632,-142810,-27.53590214255965694365176079
saturated-many,normal,"control,candidate",raw_summary.per_tenant.26.observed_hold_nanos.minimum,10304483,10268925,35558,0.3462679881292345596058009967
saturated-many,normal,"control,candidate",raw_summary.per_tenant.26.observed_hold_nanos.p95,11856828,11990269,-133441,-1.112910811258696531328863431
saturated-many,normal,"control,candidate",raw_summary.per_tenant.26.observed_hold_nanos.p99,11871307,12070523,-199216,-1.650433871009566031231621032
saturated-many,normal,"control,candidate",raw_summary.per_tenant.26.observed_hold_nanos.standard_deviation,444630.947306,525417.077788,-80786.130482,-15.37561946446596341215004101
saturated-many,normal,"control,candidate",raw_summary.per_tenant.26.offers,62,62,0,0
saturated-many,normal,"control,candidate",raw_summary.per_tenant.26.outcomes.admission-error,0,0,0,null
saturated-many,normal,"control,candidate",raw_summary.per_tenant.26.outcomes.backpressure,0,0,0,null
saturated-many,normal,"control,candidate",raw_summary.per_tenant.26.outcomes.released,27,25,2,8
saturated-many,normal,"control,candidate",raw_summary.per_tenant.26.outcomes.scheduler-error,35,37,-2,-5.405405405405405405405405405
saturated-many,normal,"control,candidate",raw_summary.per_tenant.26.scheduling_lag_nanos.count,62,62,0,0
saturated-many,normal,"control,candidate",raw_summary.per_tenant.26.scheduling_lag_nanos.maximum,1785324,1858233,-72909,-3.923566097470015869915129050
saturated-many,normal,"control,candidate",raw_summary.per_tenant.26.scheduling_lag_nanos.mean,1270262.5,1202736.919355,67525.580645,5.614326754117800554759707017
saturated-many,normal,"control,candidate",raw_summary.per_tenant.26.scheduling_lag_nanos.median,1327057,1217078,109979,9.036314845884980255990166612
saturated-many,normal,"control,candidate",raw_summary.per_tenant.26.scheduling_lag_nanos.median_absolute_deviation,251154.5,344951.5,-93797.0,-27.19135878522053100218436505
saturated-many,normal,"control,candidate",raw_summary.per_tenant.26.scheduling_lag_nanos.minimum,716534,624853,91681,14.67241095105568829788766318
saturated-many,normal,"control,candidate",raw_summary.per_tenant.26.scheduling_lag_nanos.p95,1742607,1732158,10449,0.6032359634629173551142563207
saturated-many,normal,"control,candidate",raw_summary.per_tenant.26.scheduling_lag_nanos.p99,1785324,1858233,-72909,-3.923566097470015869915129050
saturated-many,normal,"control,candidate",raw_summary.per_tenant.26.scheduling_lag_nanos.standard_deviation,306775.399226,377226.949581,-70451.550355,-18.67617105120754408044271749
saturated-many,normal,"control,candidate",raw_summary.per_tenant.27.enqueue_to_result_all_nanos.count,62,62,0,0
saturated-many,normal,"control,candidate",raw_summary.per_tenant.27.enqueue_to_result_all_nanos.maximum,126108704,154229230,-28120526,-18.23294196567019105262990680
saturated-many,normal,"control,candidate",raw_summary.per_tenant.27.enqueue_to_result_all_nanos.mean,34160545.112903,38891860.16129,-4731315.048387,-12.16530921577310204726532418
saturated-many,normal,"control,candidate",raw_summary.per_tenant.27.enqueue_to_result_all_nanos.median,21575.5,27211,-5635.5,-20.71037448090845613906140899
saturated-many,normal,"control,candidate",raw_summary.per_tenant.27.enqueue_to_result_all_nanos.median_absolute_deviation,15464.5,21065.5,-5601.0,-26.58849778073152785359948731
saturated-many,normal,"control,candidate",raw_summary.per_tenant.27.enqueue_to_result_all_nanos.minimum,4870,4940,-70,-1.417004048582995951417004049
saturated-many,normal,"control,candidate",raw_summary.per_tenant.27.enqueue_to_result_all_nanos.p95,113596848,127014237,-13417389,-10.56368901385440751811153265
saturated-many,normal,"control,candidate",raw_summary.per_tenant.27.enqueue_to_result_all_nanos.p99,126108704,154229230,-28120526,-18.23294196567019105262990680
saturated-many,normal,"control,candidate",raw_summary.per_tenant.27.enqueue_to_result_all_nanos.standard_deviation,43850519.804,49215670.733849,-5365150.929849,-10.90130612841372268161173106
saturated-many,normal,"control,candidate",raw_summary.per_tenant.27.enqueue_to_result_released_nanos.count,25,26,-1,-3.846153846153846153846153846
saturated-many,normal,"control,candidate",raw_summary.per_tenant.27.enqueue_to_result_released_nanos.maximum,126108704,154229230,-28120526,-18.23294196567019105262990680
saturated-many,normal,"control,candidate",raw_summary.per_tenant.27.enqueue_to_result_released_nanos.mean,84698685.16,92720847,-8022161.84,-8.651950558648369551671589022
saturated-many,normal,"control,candidate",raw_summary.per_tenant.27.enqueue_to_result_released_nanos.median,86359366,89294267,-2934901,-3.286774278577145383812826416
saturated-many,normal,"control,candidate",raw_summary.per_tenant.27.enqueue_to_result_released_nanos.median_absolute_deviation,17649418,19987399,-2337981,-11.69727486803060268121930222
saturated-many,normal,"control,candidate",raw_summary.per_tenant.27.enqueue_to_result_released_nanos.minimum,42047927,42166925,-118998,-0.2822069667162118176746347997
saturated-many,normal,"control,candidate",raw_summary.per_tenant.27.enqueue_to_result_released_nanos.p95,124793116,147690766,-22897650,-15.50377902434333640059798999
saturated-many,normal,"control,candidate",raw_summary.per_tenant.27.enqueue_to_result_released_nanos.p99,126108704,154229230,-28120526,-18.23294196567019105262990680
saturated-many,normal,"control,candidate",raw_summary.per_tenant.27.enqueue_to_result_released_nanos.standard_deviation,22110257.608139,28030890.912571,-5920633.304432,-21.12181636644583588520225724
saturated-many,normal,"control,candidate",raw_summary.per_tenant.27.observed_hold_nanos.count,25,26,-1,-3.846153846153846153846153846
saturated-many,normal,"control,candidate",raw_summary.per_tenant.27.observed_hold_nanos.maximum,12151228,12153558,-2330,-0.01917134060659438166173230917
saturated-many,normal,"control,candidate",raw_summary.per_tenant.27.observed_hold_nanos.mean,11224943.76,11173054.730769,51889.029231,0.4644121995402475772669512032
saturated-many,normal,"control,candidate",raw_summary.per_tenant.27.observed_hold_nanos.median,11242444,11131440,111004,0.9972115018362404145375620764
saturated-many,normal,"control,candidate",raw_summary.per_tenant.27.observed_hold_nanos.median_absolute_deviation,223636,379915.5,-156279.5,-41.13533140922126104357416320
saturated-many,normal,"control,candidate",raw_summary.per_tenant.27.observed_hold_nanos.minimum,10286049,10170106,115943,1.140037281813975193572220388
saturated-many,normal,"control,candidate",raw_summary.per_tenant.27.observed_hold_nanos.p95,12045656,12052966,-7310,-0.06064897221148719742509851932
saturated-many,normal,"control,candidate",raw_summary.per_tenant.27.observed_hold_nanos.p99,12151228,12153558,-2330,-0.01917134060659438166173230917
saturated-many,normal,"control,candidate",raw_summary.per_tenant.27.observed_hold_nanos.standard_deviation,491053.431471,549034.874304,-57981.442833,-10.56061200237996894761276938
saturated-many,normal,"control,candidate",raw_summary.per_tenant.27.offers,62,62,0,0
saturated-many,normal,"control,candidate",raw_summary.per_tenant.27.outcomes.admission-error,0,0,0,null
saturated-many,normal,"control,candidate",raw_summary.per_tenant.27.outcomes.backpressure,0,0,0,null
saturated-many,normal,"control,candidate",raw_summary.per_tenant.27.outcomes.released,25,26,-1,-3.846153846153846153846153846
saturated-many,normal,"control,candidate",raw_summary.per_tenant.27.outcomes.scheduler-error,37,36,1,2.777777777777777777777777778
saturated-many,normal,"control,candidate",raw_summary.per_tenant.27.scheduling_lag_nanos.count,62,62,0,0
saturated-many,normal,"control,candidate",raw_summary.per_tenant.27.scheduling_lag_nanos.maximum,2038387,1999032,39355,1.968702852180455340384746217
saturated-many,normal,"control,candidate",raw_summary.per_tenant.27.scheduling_lag_nanos.mean,1293295.645161,1120719.225806,172576.419355,15.39872033790500150262753705
saturated-many,normal,"control,candidate",raw_summary.per_tenant.27.scheduling_lag_nanos.median,1356804,1023912.5,332891.5,32.51171364740639458938141687
saturated-many,normal,"control,candidate",raw_summary.per_tenant.27.scheduling_lag_nanos.median_absolute_deviation,247246.5,268597,-21350.5,-7.948897418809592065436322818
saturated-many,normal,"control,candidate",raw_summary.per_tenant.27.scheduling_lag_nanos.minimum,694676,649803,44873,6.905631399054790451875414549
saturated-many,normal,"control,candidate",raw_summary.per_tenant.27.scheduling_lag_nanos.p95,1747539,1692769,54770,3.235527115631252698980191627
saturated-many,normal,"control,candidate",raw_summary.per_tenant.27.scheduling_lag_nanos.p99,2038387,1999032,39355,1.968702852180455340384746217
saturated-many,normal,"control,candidate",raw_summary.per_tenant.27.scheduling_lag_nanos.standard_deviation,335911.0692,354260.424564,-18349.355364,-5.179623263474365624878430642
saturated-many,normal,"control,candidate",raw_summary.per_tenant.28.enqueue_to_result_all_nanos.count,62,62,0,0
saturated-many,normal,"control,candidate",raw_summary.per_tenant.28.enqueue_to_result_all_nanos.maximum,157789974,135639543,22150431,16.33036392639571190534017060
saturated-many,normal,"control,candidate",raw_summary.per_tenant.28.enqueue_to_result_all_nanos.mean,36356789.596774,33399664.983871,2957124.612903,8.853755312608740819318588395
saturated-many,normal,"control,candidate",raw_summary.per_tenant.28.enqueue_to_result_all_nanos.median,34369,18579,15790,84.98842779482211098552128748
saturated-many,normal,"control,candidate",raw_summary.per_tenant.28.enqueue_to_result_all_nanos.median_absolute_deviation,27582,12677.5,14904.5,117.5665549201340958390849931
saturated-many,normal,"control,candidate",raw_summary.per_tenant.28.enqueue_to_result_all_nanos.minimum,5828,5057,771,15.24619339529365236306110342
saturated-many,normal,"control,candidate",raw_summary.per_tenant.28.enqueue_to_result_all_nanos.p95,123006874,104196720,18810154,18.05253946573366224963703272
saturated-many,normal,"control,candidate",raw_summary.per_tenant.28.enqueue_to_result_all_nanos.p99,157789974,135639543,22150431,16.33036392639571190534017060
saturated-many,normal,"control,candidate",raw_summary.per_tenant.28.enqueue_to_result_all_nanos.standard_deviation,47649019.236628,41562842.324214,6086176.912414,14.64331256495484741071674313
saturated-many,normal,"control,candidate",raw_summary.per_tenant.28.enqueue_to_result_released_nanos.count,25,26,-1,-3.846153846153846153846153846
saturated-many,normal,"control,candidate",raw_summary.per_tenant.28.enqueue_to_result_released_nanos.maximum,157789974,135639543,22150431,16.33036392639571190534017060
saturated-many,normal,"control,candidate",raw_summary.per_tenant.28.enqueue_to_result_released_nanos.mean,90138731.56,79626628.461538,10512103.098462,13.20174331321795762472837948
saturated-many,normal,"control,candidate",raw_summary.per_tenant.28.enqueue_to_result_released_nanos.median,89763474,73366915.5,16396558.5,22.34870907173411154241587272
saturated-many,normal,"control,candidate",raw_summary.per_tenant.28.enqueue_to_result_released_nanos.median_absolute_deviation,24221493,13991932.5,10229560.5,73.11041916475797749881940897
saturated-many,normal,"control,candidate",raw_summary.per_tenant.28.enqueue_to_result_released_nanos.minimum,49111635,49399095,-287460,-0.5819134945690806683806656782
saturated-many,normal,"control,candidate",raw_summary.per_tenant.28.enqueue_to_result_released_nanos.p95,135913425,113082837,22830588,20.18926002006829736682322535
saturated-many,normal,"control,candidate",raw_summary.per_tenant.28.enqueue_to_result_released_nanos.p99,157789974,135639543,22150431,16.33036392639571190534017060
saturated-many,normal,"control,candidate",raw_summary.per_tenant.28.enqueue_to_result_released_nanos.standard_deviation,27996006.246527,20954213.664245,7041792.582282,33.60561601172220556761466359
saturated-many,normal,"control,candidate",raw_summary.per_tenant.28.observed_hold_nanos.count,25,26,-1,-3.846153846153846153846153846
saturated-many,normal,"control,candidate",raw_summary.per_tenant.28.observed_hold_nanos.maximum,11978463,11990780,-12317,-0.1027205903202293762374090760
saturated-many,normal,"control,candidate",raw_summary.per_tenant.28.observed_hold_nanos.mean,11080822,10967775.230769,113046.769231,1.030717413991659483401030079
saturated-many,normal,"control,candidate",raw_summary.per_tenant.28.observed_hold_nanos.median,11086047,10927627,158420,1.449720053585284343984288629
saturated-many,normal,"control,candidate",raw_summary.per_tenant.28.observed_hold_nanos.median_absolute_deviation,285302,335921.5,-50619.5,-15.06884793024560797686364225
saturated-many,normal,"control,candidate",raw_summary.per_tenant.28.observed_hold_nanos.minimum,10149255,10227366,-78111,-0.7637450346452840350096007124
saturated-many,normal,"control,candidate",raw_summary.per_tenant.28.observed_hold_nanos.p95,11882586,11704030,178556,1.525594175681367870724869981
saturated-many,normal,"control,candidate",raw_summary.per_tenant.28.observed_hold_nanos.p99,11978463,11990780,-12317,-0.1027205903202293762374090760
saturated-many,normal,"control,candidate",raw_summary.per_tenant.28.observed_hold_nanos.standard_deviation,483364.157416,464256.055589,19108.101827,4.115854084608033694177382682
saturated-many,normal,"control,candidate",raw_summary.per_tenant.28.offers,62,62,0,0
saturated-many,normal,"control,candidate",raw_summary.per_tenant.28.outcomes.admission-error,0,0,0,null
saturated-many,normal,"control,candidate",raw_summary.per_tenant.28.outcomes.backpressure,0,0,0,null
saturated-many,normal,"control,candidate",raw_summary.per_tenant.28.outcomes.released,25,26,-1,-3.846153846153846153846153846
saturated-many,normal,"control,candidate",raw_summary.per_tenant.28.outcomes.scheduler-error,37,36,1,2.777777777777777777777777778
saturated-many,normal,"control,candidate",raw_summary.per_tenant.28.scheduling_lag_nanos.count,62,62,0,0
saturated-many,normal,"control,candidate",raw_summary.per_tenant.28.scheduling_lag_nanos.maximum,1962425,1849503,112922,6.105532134849200028331935661
saturated-many,normal,"control,candidate",raw_summary.per_tenant.28.scheduling_lag_nanos.mean,1351015.387097,1151739.935484,199275.451613,17.30212224769802119617755352
saturated-many,normal,"control,candidate",raw_summary.per_tenant.28.scheduling_lag_nanos.median,1350362,1095765.5,254596.5,23.23457893134981891654738172
saturated-many,normal,"control,candidate",raw_summary.per_tenant.28.scheduling_lag_nanos.median_absolute_deviation,313452,252668.5,60783.5,24.05661964194191203098130554
saturated-many,normal,"control,candidate",raw_summary.per_tenant.28.scheduling_lag_nanos.minimum,684210,643732,40478,6.288020480572660672453754047
saturated-many,normal,"control,candidate",raw_summary.per_tenant.28.scheduling_lag_nanos.p95,1849931,1701236,148695,8.740409913733309194021288052
saturated-many,normal,"control,candidate",raw_summary.per_tenant.28.scheduling_lag_nanos.p99,1962425,1849503,112922,6.105532134849200028331935661
saturated-many,normal,"control,candidate",raw_summary.per_tenant.28.scheduling_lag_nanos.standard_deviation,357274.882009,328386.709909,28888.172100,8.796997938194657184438778913
saturated-many,normal,"control,candidate",raw_summary.per_tenant.29.enqueue_to_result_all_nanos.count,62,62,0,0
saturated-many,normal,"control,candidate",raw_summary.per_tenant.29.enqueue_to_result_all_nanos.maximum,136775380,104645261,32130119,30.70384525105250585595080125
saturated-many,normal,"control,candidate",raw_summary.per_tenant.29.enqueue_to_result_all_nanos.mean,25385364.209677,28091610.435484,-2706246.225807,-9.633645717899452120625161488
saturated-many,normal,"control,candidate",raw_summary.per_tenant.29.enqueue_to_result_all_nanos.median,18789.5,22167,-3377.5,-15.23661298326340957278837912
saturated-many,normal,"control,candidate",raw_summary.per_tenant.29.enqueue_to_result_all_nanos.median_absolute_deviation,12151,15655.5,-3504.5,-22.38510427645236498355210629
saturated-many,normal,"control,candidate",raw_summary.per_tenant.29.enqueue_to_result_all_nanos.minimum,5675,4681,994,21.23477889339884640034180731
saturated-many,normal,"control,candidate",raw_summary.per_tenant.29.enqueue_to_result_all_nanos.p95,102864727,93803784,9060943,9.659464270652450438459923962
saturated-many,normal,"control,candidate",raw_summary.per_tenant.29.enqueue_to_result_all_nanos.p99,136775380,104645261,32130119,30.70384525105250585595080125
saturated-many,normal,"control,candidate",raw_summary.per_tenant.29.enqueue_to_result_all_nanos.standard_deviation,39311991.821033,37821018.951273,1490972.869760,3.942180594554859397915075580
saturated-many,normal,"control,candidate",raw_summary.per_tenant.29.enqueue_to_result_released_nanos.count,20,23,-3,-13.04347826086956521739130435
saturated-many,normal,"control,candidate",raw_summary.per_tenant.29.enqueue_to_result_released_nanos.maximum,136775380,104645261,32130119,30.70384525105250585595080125
saturated-many,normal,"control,candidate",raw_summary.per_tenant.29.enqueue_to_result_released_nanos.mean,78660428.35,75699958.826087,2960469.523913,3.910794100581189672961070423
saturated-many,normal,"control,candidate",raw_summary.per_tenant.29.enqueue_to_result_released_nanos.median,67204781,69325325,-2120544,-3.058830232674711586278174679
saturated-many,normal,"control,candidate",raw_summary.per_tenant.29.enqueue_to_result_released_nanos.median_absolute_deviation,11630442.5,9557943,2072499.5,21.68353065089423529728101538
saturated-many,normal,"control,candidate",raw_summary.per_tenant.29.enqueue_to_result_released_nanos.minimum,49085093,49364692,-279599,-0.5663947017029904693824484917
saturated-many,normal,"control,candidate",raw_summary.per_tenant.29.enqueue_to_result_released_nanos.p95,124710121,102713420,21996701,21.41560567255963242193668559
saturated-many,normal,"control,candidate",raw_summary.per_tenant.29.enqueue_to_result_released_nanos.p99,136775380,104645261,32130119,30.70384525105250585595080125
saturated-many,normal,"control,candidate",raw_summary.per_tenant.29.enqueue_to_result_released_nanos.standard_deviation,24516714.18415,15896512.666157,8620201.517993,54.22699744922697886274067177
saturated-many,normal,"control,candidate",raw_summary.per_tenant.29.observed_hold_nanos.count,20,23,-3,-13.04347826086956521739130435
saturated-many,normal,"control,candidate",raw_summary.per_tenant.29.observed_hold_nanos.maximum,11904573,11752906,151667,1.290463822309137842164312384
saturated-many,normal,"control,candidate",raw_summary.per_tenant.29.observed_hold_nanos.mean,11177850.45,11300067.478261,-122217.028261,-1.081560163212479605814398379
saturated-many,normal,"control,candidate",raw_summary.per_tenant.29.observed_hold_nanos.median,11147491,11429463,-281972,-2.467062538283732140346401226
saturated-many,normal,"control,candidate",raw_summary.per_tenant.29.observed_hold_nanos.median_absolute_deviation,290565,226665,63900,28.19138376017470716696446297
saturated-many,normal,"control,candidate",raw_summary.per_tenant.29.observed_hold_nanos.minimum,10274338,10310632,-36294,-0.3520055802592896342338665564
saturated-many,normal,"control,candidate",raw_summary.per_tenant.29.observed_hold_nanos.p95,11885127,11702205,182922,1.563141305420645083554765961
saturated-many,normal,"control,candidate",raw_summary.per_tenant.29.observed_hold_nanos.p99,11904573,11752906,151667,1.290463822309137842164312384
saturated-many,normal,"control,candidate",raw_summary.per_tenant.29.observed_hold_nanos.standard_deviation,440701.145281,347175.267287,93525.877994,26.93909584195258786496333935
saturated-many,normal,"control,candidate",raw_summary.per_tenant.29.offers,62,62,0,0
saturated-many,normal,"control,candidate",raw_summary.per_tenant.29.outcomes.admission-error,0,0,0,null
saturated-many,normal,"control,candidate",raw_summary.per_tenant.29.outcomes.backpressure,0,0,0,null
saturated-many,normal,"control,candidate",raw_summary.per_tenant.29.outcomes.released,20,23,-3,-13.04347826086956521739130435
saturated-many,normal,"control,candidate",raw_summary.per_tenant.29.outcomes.scheduler-error,42,39,3,7.692307692307692307692307692
saturated-many,normal,"control,candidate",raw_summary.per_tenant.29.scheduling_lag_nanos.count,62,62,0,0
saturated-many,normal,"control,candidate",raw_summary.per_tenant.29.scheduling_lag_nanos.maximum,1939353,1728046,211307,12.22808883559812643876378291
saturated-many,normal,"control,candidate",raw_summary.per_tenant.29.scheduling_lag_nanos.mean,1231559.451613,1146800.612903,84758.838710,7.390895832837261393916968856
saturated-many,normal,"control,candidate",raw_summary.per_tenant.29.scheduling_lag_nanos.median,1253559,1164158,89401,7.679455881418158016351732325
saturated-many,normal,"control,candidate",raw_summary.per_tenant.29.scheduling_lag_nanos.median_absolute_deviation,331638.5,213648,117990.5,55.22658765820414888040140792
saturated-many,normal,"control,candidate",raw_summary.per_tenant.29.scheduling_lag_nanos.minimum,739285,649222,90063,13.87245040987520447551068818
saturated-many,normal,"control,candidate",raw_summary.per_tenant.29.scheduling_lag_nanos.p95,1772340,1606673,165667,10.31118342064626716201741113
saturated-many,normal,"control,candidate",raw_summary.per_tenant.29.scheduling_lag_nanos.p99,1939353,1728046,211307,12.22808883559812643876378291
saturated-many,normal,"control,candidate",raw_summary.per_tenant.29.scheduling_lag_nanos.standard_deviation,344198.427251,282451.760878,61746.666373,21.86095996748640245168569191
saturated-many,normal,"control,candidate",raw_summary.per_tenant.3.enqueue_to_result_all_nanos.count,63,63,0,0
saturated-many,normal,"control,candidate",raw_summary.per_tenant.3.enqueue_to_result_all_nanos.maximum,179116481,155155535,23960946,15.44317835647951586129363674
saturated-many,normal,"control,candidate",raw_summary.per_tenant.3.enqueue_to_result_all_nanos.mean,39085619.619048,25811855.52381,13273764.095238,51.42506738035044189960911483
saturated-many,normal,"control,candidate",raw_summary.per_tenant.3.enqueue_to_result_all_nanos.median,20376,15575,4801,30.82504012841091492776886035
saturated-many,normal,"control,candidate",raw_summary.per_tenant.3.enqueue_to_result_all_nanos.median_absolute_deviation,13998,8203,5795,70.64488601731073997318054370
saturated-many,normal,"control,candidate",raw_summary.per_tenant.3.enqueue_to_result_all_nanos.minimum,4645,4932,-287,-5.819140308191403081914030819
saturated-many,normal,"control,candidate",raw_summary.per_tenant.3.enqueue_to_result_all_nanos.p95,137479470,101759546,35719924,35.10228318039076157041816991
saturated-many,normal,"control,candidate",raw_summary.per_tenant.3.enqueue_to_result_all_nanos.p99,179116481,155155535,23960946,15.44317835647951586129363674
saturated-many,normal,"control,candidate",raw_summary.per_tenant.3.enqueue_to_result_all_nanos.standard_deviation,53735539.264612,41469036.509369,12266502.755243,29.57990777642412415448047318
saturated-many,normal,"control,candidate",raw_summary.per_tenant.3.enqueue_to_result_released_nanos.count,25,20,5,25
saturated-many,normal,"control,candidate",raw_summary.per_tenant.3.enqueue_to_result_released_nanos.maximum,179116481,155155535,23960946,15.44317835647951586129363674
saturated-many,normal,"control,candidate",raw_summary.per_tenant.3.enqueue_to_result_released_nanos.mean,98475498,81279939.25,17195558.75,21.15596899883263630761141348
saturated-many,normal,"control,candidate",raw_summary.per_tenant.3.enqueue_to_result_released_nanos.median,99742107,76296328,23445779,30.72989174524886702280088761
saturated-many,normal,"control,candidate",raw_summary.per_tenant.3.enqueue_to_result_released_nanos.median_absolute_deviation,24773065,15549126.5,9223938.5,59.32126476686648603701307594
saturated-many,normal,"control,candidate",raw_summary.per_tenant.3.enqueue_to_result_released_nanos.minimum,20376,34546,-14170,-41.01777340357783824465929485
saturated-many,normal,"control,candidate",raw_summary.per_tenant.3.enqueue_to_result_released_nanos.p95,171419409,125170368,46249041,36.94887355448215986710209241
saturated-many,normal,"control,candidate",raw_summary.per_tenant.3.enqueue_to_result_released_nanos.p99,179116481,155155535,23960946,15.44317835647951586129363674
saturated-many,normal,"control,candidate",raw_summary.per_tenant.3.enqueue_to_result_released_nanos.standard_deviation,37800322.498812,30153931.591228,7646390.907584,25.35785718174273245344389019
saturated-many,normal,"control,candidate",raw_summary.per_tenant.3.observed_hold_nanos.count,25,20,5,25
saturated-many,normal,"control,candidate",raw_summary.per_tenant.3.observed_hold_nanos.maximum,11725476,11874463,-148987,-1.254684106557071254506414311
saturated-many,normal,"control,candidate",raw_summary.per_tenant.3.observed_hold_nanos.mean,11159775.48,11101912.5,57862.98,0.5211983070484477336675099898
saturated-many,normal,"control,candidate",raw_summary.per_tenant.3.observed_hold_nanos.median,11239953,11205972,33981,0.3032400937642892557646940399
saturated-many,normal,"control,candidate",raw_summary.per_tenant.3.observed_hold_nanos.median_absolute_deviation,292347,444274,-151927,-34.19668943039655707964004196
saturated-many,normal,"control,candidate",raw_summary.per_tenant.3.observed_hold_nanos.minimum,10480661,10145766,334895,3.300835047841631671773230331
saturated-many,normal,"control,candidate",raw_summary.per_tenant.3.observed_hold_nanos.p95,11640802,11790102,-149300,-1.266316440688977924024745503
saturated-many,normal,"control,candidate",raw_summary.per_tenant.3.observed_hold_nanos.p99,11725476,11874463,-148987,-1.254684106557071254506414311
saturated-many,normal,"control,candidate",raw_summary.per_tenant.3.observed_hold_nanos.standard_deviation,378518.812945,504109.191851,-125590.378906,-24.91332848838845601682637032
saturated-many,normal,"control,candidate",raw_summary.per_tenant.3.offers,63,63,0,0
saturated-many,normal,"control,candidate",raw_summary.per_tenant.3.outcomes.admission-error,0,0,0,null
saturated-many,normal,"control,candidate",raw_summary.per_tenant.3.outcomes.backpressure,0,0,0,null
saturated-many,normal,"control,candidate",raw_summary.per_tenant.3.outcomes.released,25,20,5,25
saturated-many,normal,"control,candidate",raw_summary.per_tenant.3.outcomes.scheduler-error,38,43,-5,-11.62790697674418604651162791
saturated-many,normal,"control,candidate",raw_summary.per_tenant.3.scheduling_lag_nanos.count,63,63,0,0
saturated-many,normal,"control,candidate",raw_summary.per_tenant.3.scheduling_lag_nanos.maximum,1939154,1957910,-18756,-0.9579602739656061821023438258
saturated-many,normal,"control,candidate",raw_summary.per_tenant.3.scheduling_lag_nanos.mean,1234359.84127,1163307.15873,71052.68254,6.107817871383967667367953738
saturated-many,normal,"control,candidate",raw_summary.per_tenant.3.scheduling_lag_nanos.median,1196423,1132284,64139,5.664568253194428252982467296
saturated-many,normal,"control,candidate",raw_summary.per_tenant.3.scheduling_lag_nanos.median_absolute_deviation,320451,287015,33436,11.64956535372715711722383848
saturated-many,normal,"control,candidate",raw_summary.per_tenant.3.scheduling_lag_nanos.minimum,699916,646739,53177,8.222327708704747974066818299
saturated-many,normal,"control,candidate",raw_summary.per_tenant.3.scheduling_lag_nanos.p95,1820903,1664486,156417,9.397315447531550280386858165
saturated-many,normal,"control,candidate",raw_summary.per_tenant.3.scheduling_lag_nanos.p99,1939154,1957910,-18756,-0.9579602739656061821023438258
saturated-many,normal,"control,candidate",raw_summary.per_tenant.3.scheduling_lag_nanos.standard_deviation,355106.656788,335495.862055,19610.794733,5.845316425925120938076185120
saturated-many,normal,"control,candidate",raw_summary.per_tenant.30.enqueue_to_result_all_nanos.count,62,62,0,0
saturated-many,normal,"control,candidate",raw_summary.per_tenant.30.enqueue_to_result_all_nanos.maximum,124796211,121905420,2890791,2.371339190661087915533205989
saturated-many,normal,"control,candidate",raw_summary.per_tenant.30.enqueue_to_result_all_nanos.mean,25779133.725806,28799577.612903,-3020443.887097,-10.48780620221234899545381044
saturated-many,normal,"control,candidate",raw_summary.per_tenant.30.enqueue_to_result_all_nanos.median,23176.5,19778,3398.5,17.18323389624835676003640409
saturated-many,normal,"control,candidate",raw_summary.per_tenant.30.enqueue_to_result_all_nanos.median_absolute_deviation,16895,13476,3419,25.37102997922232116355001484
saturated-many,normal,"control,candidate",raw_summary.per_tenant.30.enqueue_to_result_all_nanos.minimum,5423,5698,-275,-4.826254826254826254826254826
saturated-many,normal,"control,candidate",raw_summary.per_tenant.30.enqueue_to_result_all_nanos.p95,109095444,101002712,8092732,8.012390796001596471983841384
saturated-many,normal,"control,candidate",raw_summary.per_tenant.30.enqueue_to_result_all_nanos.p99,124796211,121905420,2890791,2.371339190661087915533205989
saturated-many,normal,"control,candidate",raw_summary.per_tenant.30.enqueue_to_result_all_nanos.standard_deviation,39448832.891284,39102892.591976,345940.299308,0.8846923497904799865040882273
saturated-many,normal,"control,candidate",raw_summary.per_tenant.30.enqueue_to_result_released_nanos.count,20,23,-3,-13.04347826086956521739130435
saturated-many,normal,"control,candidate",raw_summary.per_tenant.30.enqueue_to_result_released_nanos.maximum,124796211,121905420,2890791,2.371339190661087915533205989
saturated-many,normal,"control,candidate",raw_summary.per_tenant.30.enqueue_to_result_released_nanos.mean,79874241.6,77609235.391304,2265006.208696,2.918475098067762428346217956
saturated-many,normal,"control,candidate",raw_summary.per_tenant.30.enqueue_to_result_released_nanos.median,69746242,74119403,-4373161,-5.900156805094612000585055981
saturated-many,normal,"control,candidate",raw_summary.per_tenant.30.enqueue_to_result_released_nanos.median_absolute_deviation,13352327,12721209,631118,4.961147953783323581901688747
saturated-many,normal,"control,candidate",raw_summary.per_tenant.30.enqueue_to_result_released_nanos.minimum,50209635,51126556,-916921,-1.793433925023230588815722303
saturated-many,normal,"control,candidate",raw_summary.per_tenant.30.enqueue_to_result_released_nanos.p95,121158066,101794509,19363557,19.02220187534869881832231245
saturated-many,normal,"control,candidate",raw_summary.per_tenant.30.enqueue_to_result_released_nanos.p99,124796211,121905420,2890791,2.371339190661087915533205989
saturated-many,normal,"control,candidate",raw_summary.per_tenant.30.enqueue_to_result_released_nanos.standard_deviation,22461162.14829,18285839.452566,4175322.695724,22.83363969455659201600218495
saturated-many,normal,"control,candidate",raw_summary.per_tenant.30.observed_hold_nanos.count,20,23,-3,-13.04347826086956521739130435
saturated-many,normal,"control,candidate",raw_summary.per_tenant.30.observed_hold_nanos.maximum,11969727,11774581,195146,1.657349845400018905131316350
saturated-many,normal,"control,candidate",raw_summary.per_tenant.30.observed_hold_nanos.mean,11054452.6,11092601.869565,-38149.269565,-0.3439163328278366854232107186
saturated-many,normal,"control,candidate",raw_summary.per_tenant.30.observed_hold_nanos.median,11057605,11193740,-136135,-1.216170824049870731319469632
saturated-many,normal,"control,candidate",raw_summary.per_tenant.30.observed_hold_nanos.median_absolute_deviation,300436,407887,-107451,-26.34332547985103717451156815
saturated-many,normal,"control,candidate",raw_summary.per_tenant.30.observed_hold_nanos.minimum,10165923,10213324,-47401,-0.4641094319537889917131778058
saturated-many,normal,"control,candidate",raw_summary.per_tenant.30.observed_hold_nanos.p95,11966977,11754144,212833,1.810706079489922873158606871
saturated-many,normal,"control,candidate",raw_summary.per_tenant.30.observed_hold_nanos.p99,11969727,11774581,195146,1.657349845400018905131316350
saturated-many,normal,"control,candidate",raw_summary.per_tenant.30.observed_hold_nanos.standard_deviation,472831.312907,453719.310174,19112.002733,4.212296524401970911826646879
saturated-many,normal,"control,candidate",raw_summary.per_tenant.30.offers,62,62,0,0
saturated-many,normal,"control,candidate",raw_summary.per_tenant.30.outcomes.admission-error,0,0,0,null
saturated-many,normal,"control,candidate",raw_summary.per_tenant.30.outcomes.backpressure,0,0,0,null
saturated-many,normal,"control,candidate",raw_summary.per_tenant.30.outcomes.released,20,23,-3,-13.04347826086956521739130435
saturated-many,normal,"control,candidate",raw_summary.per_tenant.30.outcomes.scheduler-error,42,39,3,7.692307692307692307692307692
saturated-many,normal,"control,candidate",raw_summary.per_tenant.30.scheduling_lag_nanos.count,62,62,0,0
saturated-many,normal,"control,candidate",raw_summary.per_tenant.30.scheduling_lag_nanos.maximum,1988111,2064505,-76394,-3.700354322222518230762337703
saturated-many,normal,"control,candidate",raw_summary.per_tenant.30.scheduling_lag_nanos.mean,1216533.887097,1255932.080645,-39398.193548,-3.136968483818532072161933162
saturated-many,normal,"control,candidate",raw_summary.per_tenant.30.scheduling_lag_nanos.median,1265339.5,1300497.5,-35158.0,-2.703426957760395540937218257
saturated-many,normal,"control,candidate",raw_summary.per_tenant.30.scheduling_lag_nanos.median_absolute_deviation,260241,224739.5,35501.5,15.79673355151186151077135973
saturated-many,normal,"control,candidate",raw_summary.per_tenant.30.scheduling_lag_nanos.minimum,701286,643822,57464,8.925448338205280341460838555
saturated-many,normal,"control,candidate",raw_summary.per_tenant.30.scheduling_lag_nanos.p95,1652859,1715257,-62398,-3.637822203902971974462135995
saturated-many,normal,"control,candidate",raw_summary.per_tenant.30.scheduling_lag_nanos.p99,1988111,2064505,-76394,-3.700354322222518230762337703
saturated-many,normal,"control,candidate",raw_summary.per_tenant.30.scheduling_lag_nanos.standard_deviation,322814.955376,317563.883677,5251.071699,1.653548142250634678428844891
saturated-many,normal,"control,candidate",raw_summary.per_tenant.31.enqueue_to_result_all_nanos.count,62,62,0,0
saturated-many,normal,"control,candidate",raw_summary.per_tenant.31.enqueue_to_result_all_nanos.maximum,102557643,122293826,-19736183,-16.13833146409206299588664435
saturated-many,normal,"control,candidate",raw_summary.per_tenant.31.enqueue_to_result_all_nanos.mean,24786237.66129,25208765.548387,-422527.887097,-1.676114946152274933912565959
saturated-many,normal,"control,candidate",raw_summary.per_tenant.31.enqueue_to_result_all_nanos.median,76684,46523,30161,64.83029899189648131031962685
saturated-many,normal,"control,candidate",raw_summary.per_tenant.31.enqueue_to_result_all_nanos.median_absolute_deviation,45746.5,21462.5,24284.0,113.1461852067559697146185207
saturated-many,normal,"control,candidate",raw_summary.per_tenant.31.enqueue_to_result_all_nanos.minimum,21840,20853,987,4.733131923464249748237663646
saturated-many,normal,"control,candidate",raw_summary.per_tenant.31.enqueue_to_result_all_nanos.p95,101026106,90210157,10815949,11.98972417263390861851620544
saturated-many,normal,"control,candidate",raw_summary.per_tenant.31.enqueue_to_result_all_nanos.p99,102557643,122293826,-19736183,-16.13833146409206299588664435
saturated-many,normal,"control,candidate",raw_summary.per_tenant.31.enqueue_to_result_all_nanos.standard_deviation,37275952.26061,36578806.425046,697145.835564,1.905873656628267903134433662
saturated-many,normal,"control,candidate",raw_summary.per_tenant.31.enqueue_to_result_released_nanos.count,20,21,-1,-4.761904761904761904761904762
saturated-many,normal,"control,candidate",raw_summary.per_tenant.31.enqueue_to_result_released_nanos.maximum,102557643,122293826,-19736183,-16.13833146409206299588664435
saturated-many,normal,"control,candidate",raw_summary.per_tenant.31.enqueue_to_result_released_nanos.mean,76725348.25,74350716,2374632.25,3.193825665377586948860048638
saturated-many,normal,"control,candidate",raw_summary.per_tenant.31.enqueue_to_result_released_nanos.median,71493216.5,69268906,2224310.5,3.211124050378390558095431737
saturated-many,normal,"control,candidate",raw_summary.per_tenant.31.enqueue_to_result_released_nanos.median_absolute_deviation,12992711,10318424,2674287,25.91759167872923229361383095
saturated-many,normal,"control,candidate",raw_summary.per_tenant.31.enqueue_to_result_released_nanos.minimum,48981891,50703454,-1721563,-3.395356458358832911067557646
saturated-many,normal,"control,candidate",raw_summary.per_tenant.31.enqueue_to_result_released_nanos.p95,101508819,101813862,-305043,-0.2996085149976925538881925528
saturated-many,normal,"control,candidate",raw_summary.per_tenant.31.enqueue_to_result_released_nanos.p99,102557643,122293826,-19736183,-16.13833146409206299588664435
saturated-many,normal,"control,candidate",raw_summary.per_tenant.31.enqueue_to_result_released_nanos.standard_deviation,18032232.940628,17276130.726506,756102.214122,4.376571502564205291236490504
saturated-many,normal,"control,candidate",raw_summary.per_tenant.31.observed_hold_nanos.count,20,21,-1,-4.761904761904761904761904762
saturated-many,normal,"control,candidate",raw_summary.per_tenant.31.observed_hold_nanos.maximum,12035293,11950078,85215,0.7130915798206505430341124133
saturated-many,normal,"control,candidate",raw_summary.per_tenant.31.observed_hold_nanos.mean,11125216.35,11183014.619048,-57798.269048,-0.5168397879901932452420118511
saturated-many,normal,"control,candidate",raw_summary.per_tenant.31.observed_hold_nanos.median,11197771,11307212,-109441,-0.9678866903707120729672354246
saturated-many,normal,"control,candidate",raw_summary.per_tenant.31.observed_hold_nanos.median_absolute_deviation,363682,268051,95631,35.67641978578703306460337772
saturated-many,normal,"control,candidate",raw_summary.per_tenant.31.observed_hold_nanos.minimum,10289999,10183198,106801,1.048796262235105317602584178
saturated-many,normal,"control,candidate",raw_summary.per_tenant.31.observed_hold_nanos.p95,11887875,11869731,18144,0.1528594034692108860765252389
saturated-many,normal,"control,candidate",raw_summary.per_tenant.31.observed_hold_nanos.p99,12035293,11950078,85215,0.7130915798206505430341124133
saturated-many,normal,"control,candidate",raw_summary.per_tenant.31.observed_hold_nanos.standard_deviation,502195.206473,447958.101058,54237.105415,12.10762910345884672816618376
saturated-many,normal,"control,candidate",raw_summary.per_tenant.31.offers,62,62,0,0
saturated-many,normal,"control,candidate",raw_summary.per_tenant.31.outcomes.admission-error,0,0,0,null
saturated-many,normal,"control,candidate",raw_summary.per_tenant.31.outcomes.backpressure,0,0,0,null
saturated-many,normal,"control,candidate",raw_summary.per_tenant.31.outcomes.released,20,21,-1,-4.761904761904761904761904762
saturated-many,normal,"control,candidate",raw_summary.per_tenant.31.outcomes.scheduler-error,42,41,1,2.439024390243902439024390244
saturated-many,normal,"control,candidate",raw_summary.per_tenant.31.scheduling_lag_nanos.count,62,62,0,0
saturated-many,normal,"control,candidate",raw_summary.per_tenant.31.scheduling_lag_nanos.maximum,1893549,1854951,38598,2.080809681765178702833659757
saturated-many,normal,"control,candidate",raw_summary.per_tenant.31.scheduling_lag_nanos.mean,1337618.822581,1272949.145161,64669.677420,5.080303299298002332067257584
saturated-many,normal,"control,candidate",raw_summary.per_tenant.31.scheduling_lag_nanos.median,1283949.5,1339366.5,-55417.0,-4.137553089464310179476640636
saturated-many,normal,"control,candidate",raw_summary.per_tenant.31.scheduling_lag_nanos.median_absolute_deviation,276125,245866,30259,12.30711037719733513377205470
saturated-many,normal,"control,candidate",raw_summary.per_tenant.31.scheduling_lag_nanos.minimum,726207,644527,81680,12.67285932164207240348348479
saturated-many,normal,"control,candidate",raw_summary.per_tenant.31.scheduling_lag_nanos.p95,1840268,1742342,97926,5.620366150847537395069395102
saturated-many,normal,"control,candidate",raw_summary.per_tenant.31.scheduling_lag_nanos.p99,1893549,1854951,38598,2.080809681765178702833659757
saturated-many,normal,"control,candidate",raw_summary.per_tenant.31.scheduling_lag_nanos.standard_deviation,329307.631544,332691.703633,-3384.072089,-1.017179584596148834377867812
saturated-many,normal,"control,candidate",raw_summary.per_tenant.4.enqueue_to_result_all_nanos.count,63,63,0,0
saturated-many,normal,"control,candidate",raw_summary.per_tenant.4.enqueue_to_result_all_nanos.maximum,138143622,156842856,-18699234,-11.92227333580306647820797142
saturated-many,normal,"control,candidate",raw_summary.per_tenant.4.enqueue_to_result_all_nanos.mean,39479738.222222,31282386.888889,8197351.333333,26.20436657358958491109109957
saturated-many,normal,"control,candidate",raw_summary.per_tenant.4.enqueue_to_result_all_nanos.median,21056,15183,5873,38.68142000922083909635776856
saturated-many,normal,"control,candidate",raw_summary.per_tenant.4.enqueue_to_result_all_nanos.median_absolute_deviation,15190,8387,6803,81.11362823417193275307022773
saturated-many,normal,"control,candidate",raw_summary.per_tenant.4.enqueue_to_result_all_nanos.minimum,5835,4480,1355,30.24553571428571428571428571
saturated-many,normal,"control,candidate",raw_summary.per_tenant.4.enqueue_to_result_all_nanos.p95,112372667,123031010,-10658343,-8.663135416022350787821704463
saturated-many,normal,"control,candidate",raw_summary.per_tenant.4.enqueue_to_result_all_nanos.p99,138143622,156842856,-18699234,-11.92227333580306647820797142
saturated-many,normal,"control,candidate",raw_summary.per_tenant.4.enqueue_to_result_all_nanos.standard_deviation,46246239.515086,45175929.077117,1070310.437969,2.369205149366026462816960273
saturated-many,normal,"control,candidate",raw_summary.per_tenant.4.enqueue_to_result_released_nanos.count,29,23,6,26.08695652173913043478260870
saturated-many,normal,"control,candidate",raw_summary.per_tenant.4.enqueue_to_result_released_nanos.maximum,138143622,156842856,-18699234,-11.92227333580306647820797142
saturated-many,normal,"control,candidate",raw_summary.per_tenant.4.enqueue_to_result_released_nanos.mean,85751704.896552,85665747.173913,85957.722639,0.1003408310494207801596837049
saturated-many,normal,"control,candidate",raw_summary.per_tenant.4.enqueue_to_result_released_nanos.median,88260614,76466560,11794054,15.42380617095891328183195373
saturated-many,normal,"control,candidate",raw_summary.per_tenant.4.enqueue_to_result_released_nanos.median_absolute_deviation,13143749,13891137,-747388,-5.380322719443340023210483058
saturated-many,normal,"control,candidate",raw_summary.per_tenant.4.enqueue_to_result_released_nanos.minimum,7904982,7058402,846580,11.99393290435993869433903028
saturated-many,normal,"control,candidate",raw_summary.per_tenant.4.enqueue_to_result_released_nanos.p95,135990864,128346264,7644600,5.956231028275197788382839098
saturated-many,normal,"control,candidate",raw_summary.per_tenant.4.enqueue_to_result_released_nanos.p99,138143622,156842856,-18699234,-11.92227333580306647820797142
saturated-many,normal,"control,candidate",raw_summary.per_tenant.4.enqueue_to_result_released_nanos.standard_deviation,26054755.624506,30529545.08764,-4474789.463134,-14.65724251798837046944195245
saturated-many,normal,"control,candidate",raw_summary.per_tenant.4.observed_hold_nanos.count,29,23,6,26.08695652173913043478260870
saturated-many,normal,"control,candidate",raw_summary.per_tenant.4.observed_hold_nanos.maximum,11908432,12027934,-119502,-0.9935372109624146590761139860
saturated-many,normal,"control,candidate",raw_summary.per_tenant.4.observed_hold_nanos.mean,11180417.137931,11096579.391304,83837.746627,0.7555278403424094905874861699
saturated-many,normal,"control,candidate",raw_summary.per_tenant.4.observed_hold_nanos.median,11179278,11129901,49377,0.4436427601647130553991450598
saturated-many,normal,"control,candidate",raw_summary.per_tenant.4.observed_hold_nanos.median_absolute_deviation,282290,297013,-14723,-4.957022083208479090140835586
saturated-many,normal,"control,candidate",raw_summary.per_tenant.4.observed_hold_nanos.minimum,10550495,10267896,282599,2.752258106237149266022951537
saturated-many,normal,"control,candidate",raw_summary.per_tenant.4.observed_hold_nanos.p95,11626081,11725884,-99803,-0.8511341234486031074501504535
saturated-many,normal,"control,candidate",raw_summary.per_tenant.4.observed_hold_nanos.p99,11908432,12027934,-119502,-0.9935372109624146590761139860
saturated-many,normal,"control,candidate",raw_summary.per_tenant.4.observed_hold_nanos.standard_deviation,342625.905997,447131.660133,-104505.754136,-23.37247917199927258589583378
saturated-many,normal,"control,candidate",raw_summary.per_tenant.4.offers,63,63,0,0
saturated-many,normal,"control,candidate",raw_summary.per_tenant.4.outcomes.admission-error,0,0,0,null
saturated-many,normal,"control,candidate",raw_summary.per_tenant.4.outcomes.backpressure,0,0,0,null
saturated-many,normal,"control,candidate",raw_summary.per_tenant.4.outcomes.released,29,23,6,26.08695652173913043478260870
saturated-many,normal,"control,candidate",raw_summary.per_tenant.4.outcomes.scheduler-error,34,40,-6,-15
saturated-many,normal,"control,candidate",raw_summary.per_tenant.4.scheduling_lag_nanos.count,63,63,0,0
saturated-many,normal,"control,candidate",raw_summary.per_tenant.4.scheduling_lag_nanos.maximum,1921345,1848347,72998,3.949366650309709161753718322
saturated-many,normal,"control,candidate",raw_summary.per_tenant.4.scheduling_lag_nanos.mean,1266073.698413,1161575.111111,104498.587302,8.996283262478936291417179024
saturated-many,normal,"control,candidate",raw_summary.per_tenant.4.scheduling_lag_nanos.median,1206006,1120072,85934,7.672185359512602761251062432
saturated-many,normal,"control,candidate",raw_summary.per_tenant.4.scheduling_lag_nanos.median_absolute_deviation,288987,269961,19026,7.047684665562803516063431385
saturated-many,normal,"control,candidate",raw_summary.per_tenant.4.scheduling_lag_nanos.minimum,710305,626433,83872,13.38882210866924315928439274
saturated-many,normal,"control,candidate",raw_summary.per_tenant.4.scheduling_lag_nanos.p95,1848546,1682476,166070,9.870571705034722634973693533
saturated-many,normal,"control,candidate",raw_summary.per_tenant.4.scheduling_lag_nanos.p99,1921345,1848347,72998,3.949366650309709161753718322
saturated-many,normal,"control,candidate",raw_summary.per_tenant.4.scheduling_lag_nanos.standard_deviation,343380.44582,331761.918567,11618.527253,3.502067778961681700094121339
saturated-many,normal,"control,candidate",raw_summary.per_tenant.5.enqueue_to_result_all_nanos.count,63,63,0,0
saturated-many,normal,"control,candidate",raw_summary.per_tenant.5.enqueue_to_result_all_nanos.maximum,138674267,161508850,-22834583,-14.13828592055481789388011864
saturated-many,normal,"control,candidate",raw_summary.per_tenant.5.enqueue_to_result_all_nanos.mean,34701290.253968,34718622.190476,-17331.936508,-0.04992115301382694447199831044
saturated-many,normal,"control,candidate",raw_summary.per_tenant.5.enqueue_to_result_all_nanos.median,21307,22535,-1228,-5.449301087197692478366984690
saturated-many,normal,"control,candidate",raw_summary.per_tenant.5.enqueue_to_result_all_nanos.median_absolute_deviation,14757,15772,-1015,-6.435455237129089525741820949
saturated-many,normal,"control,candidate",raw_summary.per_tenant.5.enqueue_to_result_all_nanos.minimum,5848,5694,154,2.704601334738321039690902705
saturated-many,normal,"control,candidate",raw_summary.per_tenant.5.enqueue_to_result_all_nanos.p95,103231126,118595571,-15364445,-12.95532781742751590613784388
saturated-many,normal,"control,candidate",raw_summary.per_tenant.5.enqueue_to_result_all_nanos.p99,138674267,161508850,-22834583,-14.13828592055481789388011864
saturated-many,normal,"control,candidate",raw_summary.per_tenant.5.enqueue_to_result_all_nanos.standard_deviation,43114770.237856,46683483.271695,-3568713.033839,-7.644487479799460853764606281
saturated-many,normal,"control,candidate",raw_summary.per_tenant.5.enqueue_to_result_released_nanos.count,27,25,2,8
saturated-many,normal,"control,candidate",raw_summary.per_tenant.5.enqueue_to_result_released_nanos.maximum,138674267,161508850,-22834583,-14.13828592055481789388011864
saturated-many,normal,"control,candidate",raw_summary.per_tenant.5.enqueue_to_result_released_nanos.mean,80947554.444444,87470048.88,-6522494.435556,-7.456831817373508251776799510
saturated-many,normal,"control,candidate",raw_summary.per_tenant.5.enqueue_to_result_released_nanos.median,82239257,76249534,5989723,7.855422434450550215821646858
saturated-many,normal,"control,candidate",raw_summary.per_tenant.5.enqueue_to_result_released_nanos.median_absolute_deviation,11366016,20390722,-9024706,-44.25888401597550101462812352
saturated-many,normal,"control,candidate",raw_summary.per_tenant.5.enqueue_to_result_released_nanos.minimum,6538320,5981294,557026,9.312800875529609479152838834
saturated-many,normal,"control,candidate",raw_summary.per_tenant.5.enqueue_to_result_released_nanos.p95,126004466,123646143,2358323,1.907316267843470054702798129
saturated-many,normal,"control,candidate",raw_summary.per_tenant.5.enqueue_to_result_released_nanos.p99,138674267,161508850,-22834583,-14.13828592055481789388011864
saturated-many,normal,"control,candidate",raw_summary.per_tenant.5.enqueue_to_result_released_nanos.standard_deviation,24385232.205608,29639679.750614,-5254447.545006,-17.72774736170066625365329026
saturated-many,normal,"control,candidate",raw_summary.per_tenant.5.observed_hold_nanos.count,27,25,2,8
saturated-many,normal,"control,candidate",raw_summary.per_tenant.5.observed_hold_nanos.maximum,11954939,11959360,-4421,-0.03696686110293527412838145185
saturated-many,normal,"control,candidate",raw_summary.per_tenant.5.observed_hold_nanos.mean,11070216.481481,11098868.96,-28652.478519,-0.2581567421172616493347624856
saturated-many,normal,"control,candidate",raw_summary.per_tenant.5.observed_hold_nanos.median,11026254,11123212,-96958,-0.8716726787190606454322726205
saturated-many,normal,"control,candidate",raw_summary.per_tenant.5.observed_hold_nanos.median_absolute_deviation,351512,332045,19467,5.862759565721513650258248129
saturated-many,normal,"control,candidate",raw_summary.per_tenant.5.observed_hold_nanos.minimum,10068415,10297501,-229086,-2.224675676166479614811399387
saturated-many,normal,"control,candidate",raw_summary.per_tenant.5.observed_hold_nanos.p95,11938431,11840732,97699,0.8251094611380445060322284129
saturated-many,normal,"control,candidate",raw_summary.per_tenant.5.observed_hold_nanos.p99,11954939,11959360,-4421,-0.03696686110293527412838145185
saturated-many,normal,"control,candidate",raw_summary.per_tenant.5.observed_hold_nanos.standard_deviation,465764.07037,455804.724514,9959.345856,2.185002769907467164091002000
saturated-many,normal,"control,candidate",raw_summary.per_tenant.5.offers,63,63,0,0
saturated-many,normal,"control,candidate",raw_summary.per_tenant.5.outcomes.admission-error,0,0,0,null
saturated-many,normal,"control,candidate",raw_summary.per_tenant.5.outcomes.backpressure,0,0,0,null
saturated-many,normal,"control,candidate",raw_summary.per_tenant.5.outcomes.released,27,25,2,8
saturated-many,normal,"control,candidate",raw_summary.per_tenant.5.outcomes.scheduler-error,36,38,-2,-5.263157894736842105263157895
saturated-many,normal,"control,candidate",raw_summary.per_tenant.5.scheduling_lag_nanos.count,63,63,0,0
saturated-many,normal,"control,candidate",raw_summary.per_tenant.5.scheduling_lag_nanos.maximum,1900191,1687554,212637,12.60030790125827084644402490
saturated-many,normal,"control,candidate",raw_summary.per_tenant.5.scheduling_lag_nanos.mean,1234757.190476,1154590.904762,80166.285714,6.943263227118956603988069412
saturated-many,normal,"control,candidate",raw_summary.per_tenant.5.scheduling_lag_nanos.median,1232835,1156147,76688,6.633066556415403923549514032
saturated-many,normal,"control,candidate",raw_summary.per_tenant.5.scheduling_lag_nanos.median_absolute_deviation,254682,299577,-44895,-14.98613044392593556915250503
saturated-many,normal,"control,candidate",raw_summary.per_tenant.5.scheduling_lag_nanos.minimum,700692,639948,60744,9.492021226724671379549588404
saturated-many,normal,"control,candidate",raw_summary.per_tenant.5.scheduling_lag_nanos.p95,1782019,1626587,155432,9.555713896643708575071606991
saturated-many,normal,"control,candidate",raw_summary.per_tenant.5.scheduling_lag_nanos.p99,1900191,1687554,212637,12.60030790125827084644402490
saturated-many,normal,"control,candidate",raw_summary.per_tenant.5.scheduling_lag_nanos.standard_deviation,319170.415608,314648.804762,4521.610846,1.437034171930238644699117155
saturated-many,normal,"control,candidate",raw_summary.per_tenant.6.enqueue_to_result_all_nanos.count,63,63,0,0
saturated-many,normal,"control,candidate",raw_summary.per_tenant.6.enqueue_to_result_all_nanos.maximum,137423195,162012290,-24589095,-15.17730228984480128019917501
saturated-many,normal,"control,candidate",raw_summary.per_tenant.6.enqueue_to_result_all_nanos.mean,30246708.920635,52571492.555556,-22324783.634921,-42.46556936029318225309186280
saturated-many,normal,"control,candidate",raw_summary.per_tenant.6.enqueue_to_result_all_nanos.median,25404,47492,-22088,-46.50888570706645329739745641
saturated-many,normal,"control,candidate",raw_summary.per_tenant.6.enqueue_to_result_all_nanos.median_absolute_deviation,18719,41687,-22968,-55.09631299925636289490728524
saturated-many,normal,"control,candidate",raw_summary.per_tenant.6.enqueue_to_result_all_nanos.minimum,5764,5805,-41,-0.7062876830318690783807062877
saturated-many,normal,"control,candidate",raw_summary.per_tenant.6.enqueue_to_result_all_nanos.p95,101034225,152453683,-51419458,-33.72792115491234147488585107
saturated-many,normal,"control,candidate",raw_summary.per_tenant.6.enqueue_to_result_all_nanos.p99,137423195,162012290,-24589095,-15.17730228984480128019917501
saturated-many,normal,"control,candidate",raw_summary.per_tenant.6.enqueue_to_result_all_nanos.standard_deviation,41773235.626968,58549836.40111,-16776600.774142,-28.65353996757529062260524826
saturated-many,normal,"control,candidate",raw_summary.per_tenant.6.enqueue_to_result_released_nanos.count,24,31,-7,-22.58064516129032258064516129
saturated-many,normal,"control,candidate",raw_summary.per_tenant.6.enqueue_to_result_released_nanos.maximum,137423195,162012290,-24589095,-15.17730228984480128019917501
saturated-many,normal,"control,candidate",raw_summary.per_tenant.6.enqueue_to_result_released_nanos.mean,79367292.375,106824289.193548,-27456996.818548,-25.70295297617234650976983968
saturated-many,normal,"control,candidate",raw_summary.per_tenant.6.enqueue_to_result_released_nanos.median,76517488.5,106911960,-30394471.5,-28.42943998033522161599132595
saturated-many,normal,"control,candidate",raw_summary.per_tenant.6.enqueue_to_result_released_nanos.median_absolute_deviation,14729590,25166247,-10436657,-41.47085181195273176807014570
saturated-many,normal,"control,candidate",raw_summary.per_tenant.6.enqueue_to_result_released_nanos.minimum,7716444,7121690,594754,8.351304255029353987606874211
saturated-many,normal,"control,candidate",raw_summary.per_tenant.6.enqueue_to_result_released_nanos.p95,125045353,158678164,-33632811,-21.19561390942234496738946387
saturated-many,normal,"control,candidate",raw_summary.per_tenant.6.enqueue_to_result_released_nanos.p99,137423195,162012290,-24589095,-15.17730228984480128019917501
saturated-many,normal,"control,candidate",raw_summary.per_tenant.6.enqueue_to_result_released_nanos.standard_deviation,26133916.317474,34234459.758073,-8100543.440599,-23.66195785721073089867404055
saturated-many,normal,"control,candidate",raw_summary.per_tenant.6.observed_hold_nanos.count,24,31,-7,-22.58064516129032258064516129
saturated-many,normal,"control,candidate",raw_summary.per_tenant.6.observed_hold_nanos.maximum,11844966,11959428,-114462,-0.9570859074530989274737888802
saturated-many,normal,"control,candidate",raw_summary.per_tenant.6.observed_hold_nanos.mean,11163397.75,11184413.935484,-21016.185484,-0.1879060056720847298696398785
saturated-many,normal,"control,candidate",raw_summary.per_tenant.6.observed_hold_nanos.median,11166766,11254909,-88143,-0.7831516007814901035628097926
saturated-many,normal,"control,candidate",raw_summary.per_tenant.6.observed_hold_nanos.median_absolute_deviation,344445,257365,87080,33.83521457851689235132982340
saturated-many,normal,"control,candidate",raw_summary.per_tenant.6.observed_hold_nanos.minimum,10628692,10220856,407836,3.990233303355413675723442342
saturated-many,normal,"control,candidate",raw_summary.per_tenant.6.observed_hold_nanos.p95,11680290,11905801,-225511,-1.894127073012559171785249896
saturated-many,normal,"control,candidate",raw_summary.per_tenant.6.observed_hold_nanos.p99,11844966,11959428,-114462,-0.9570859074530989274737888802
saturated-many,normal,"control,candidate",raw_summary.per_tenant.6.observed_hold_nanos.standard_deviation,355605.319631,412656.756971,-57051.437340,-13.82539759163797366380577948
saturated-many,normal,"control,candidate",raw_summary.per_tenant.6.offers,63,63,0,0
saturated-many,normal,"control,candidate",raw_summary.per_tenant.6.outcomes.admission-error,0,0,0,null
saturated-many,normal,"control,candidate",raw_summary.per_tenant.6.outcomes.backpressure,0,0,0,null
saturated-many,normal,"control,candidate",raw_summary.per_tenant.6.outcomes.released,24,31,-7,-22.58064516129032258064516129
saturated-many,normal,"control,candidate",raw_summary.per_tenant.6.outcomes.scheduler-error,39,32,7,21.875
saturated-many,normal,"control,candidate",raw_summary.per_tenant.6.scheduling_lag_nanos.count,63,63,0,0
saturated-many,normal,"control,candidate",raw_summary.per_tenant.6.scheduling_lag_nanos.maximum,1913855,1881276,32579,1.731750152556031119304131876
saturated-many,normal,"control,candidate",raw_summary.per_tenant.6.scheduling_lag_nanos.mean,1229787.984127,1255231.428571,-25443.444444,-2.026992303161634505294354929
saturated-many,normal,"control,candidate",raw_summary.per_tenant.6.scheduling_lag_nanos.median,1251884,1269123,-17239,-1.358339577802939510197199168
saturated-many,normal,"control,candidate",raw_summary.per_tenant.6.scheduling_lag_nanos.median_absolute_deviation,256305,319663,-63358,-19.82024819888445018660276604
saturated-many,normal,"control,candidate",raw_summary.per_tenant.6.scheduling_lag_nanos.minimum,682182,648847,33335,5.137574805770851988219102500
saturated-many,normal,"control,candidate",raw_summary.per_tenant.6.scheduling_lag_nanos.p95,1715689,1769229,-53540,-3.026176939220417481287046504
saturated-many,normal,"control,candidate",raw_summary.per_tenant.6.scheduling_lag_nanos.p99,1913855,1881276,32579,1.731750152556031119304131876
saturated-many,normal,"control,candidate",raw_summary.per_tenant.6.scheduling_lag_nanos.standard_deviation,325406.449841,344406.390028,-18999.940187,-5.516721157657765314939663492
saturated-many,normal,"control,candidate",raw_summary.per_tenant.7.enqueue_to_result_all_nanos.count,63,63,0,0
saturated-many,normal,"control,candidate",raw_summary.per_tenant.7.enqueue_to_result_all_nanos.maximum,132890504,212514587,-79624083,-37.46758475454675494816739333
saturated-many,normal,"control,candidate",raw_summary.per_tenant.7.enqueue_to_result_all_nanos.mean,29912745.174603,57746618.238095,-27833873.063492,-48.20000532105654625666634917
saturated-many,normal,"control,candidate",raw_summary.per_tenant.7.enqueue_to_result_all_nanos.median,21720,57915,-36195,-62.49676249676249676249676250
saturated-many,normal,"control,candidate",raw_summary.per_tenant.7.enqueue_to_result_all_nanos.median_absolute_deviation,15841,52187,-36346,-69.64569720428459194818632993
saturated-many,normal,"control,candidate",raw_summary.per_tenant.7.enqueue_to_result_all_nanos.minimum,4656,5728,-1072,-18.71508379888268156424581006
saturated-many,normal,"control,candidate",raw_summary.per_tenant.7.enqueue_to_result_all_nanos.p95,112343923,177943795,-65599872,-36.86550126684664671785829902
saturated-many,normal,"control,candidate",raw_summary.per_tenant.7.enqueue_to_result_all_nanos.p99,132890504,212514587,-79624083,-37.46758475454675494816739333
saturated-many,normal,"control,candidate",raw_summary.per_tenant.7.enqueue_to_result_all_nanos.standard_deviation,41771485.208649,66825645.303366,-25054160.094717,-37.49183413191076938709319654
saturated-many,normal,"control,candidate",raw_summary.per_tenant.7.enqueue_to_result_released_nanos.count,24,31,-7,-22.58064516129032258064516129
saturated-many,normal,"control,candidate",raw_summary.per_tenant.7.enqueue_to_result_released_nanos.maximum,132890504,212514587,-79624083,-37.46758475454675494816739333
saturated-many,normal,"control,candidate",raw_summary.per_tenant.7.enqueue_to_result_released_nanos.mean,78492986.375,117342065.709677,-38849079.334677,-33.10754681172549248468643934
saturated-many,normal,"control,candidate",raw_summary.per_tenant.7.enqueue_to_result_released_nanos.median,67181439,119940885,-52759446,-43.98787452668871002577644812
saturated-many,normal,"control,candidate",raw_summary.per_tenant.7.enqueue_to_result_released_nanos.median_absolute_deviation,5100458.5,32469482,-27369023.5,-84.29153104444351776230985145
saturated-many,normal,"control,candidate",raw_summary.per_tenant.7.enqueue_to_result_released_nanos.minimum,6542508,7122655,-580147,-8.145094771542353237662079660
saturated-many,normal,"control,candidate",raw_summary.per_tenant.7.enqueue_to_result_released_nanos.p95,131865347,188574142,-56708795,-30.07241310953439204830108679
saturated-many,normal,"control,candidate",raw_summary.per_tenant.7.enqueue_to_result_released_nanos.p99,132890504,212514587,-79624083,-37.46758475454675494816739333
saturated-many,normal,"control,candidate",raw_summary.per_tenant.7.enqueue_to_result_released_nanos.standard_deviation,27710594.237259,45641436.246826,-17930842.009567,-39.28632287686597042202353109
saturated-many,normal,"control,candidate",raw_summary.per_tenant.7.observed_hold_nanos.count,24,31,-7,-22.58064516129032258064516129
saturated-many,normal,"control,candidate",raw_summary.per_tenant.7.observed_hold_nanos.maximum,11973839,11838436,135403,1.143757503102605783399090893
saturated-many,normal,"control,candidate",raw_summary.per_tenant.7.observed_hold_nanos.mean,11213334.208333,11256929.806452,-43595.598119,-0.3872778712186055539670823003
saturated-many,normal,"control,candidate",raw_summary.per_tenant.7.observed_hold_nanos.median,11196300,11380841,-184541,-1.621505827205564158219941742
saturated-many,normal,"control,candidate",raw_summary.per_tenant.7.observed_hold_nanos.median_absolute_deviation,304064,313663,-9599,-3.060290821678042995189104230
saturated-many,normal,"control,candidate",raw_summary.per_tenant.7.observed_hold_nanos.minimum,10252050,10513129,-261079,-2.483361518725776122408466594
saturated-many,normal,"control,candidate",raw_summary.per_tenant.7.observed_hold_nanos.p95,11828055,11821594,6461,0.05465422006541588215599351492
saturated-many,normal,"control,candidate",raw_summary.per_tenant.7.observed_hold_nanos.p99,11973839,11838436,135403,1.143757503102605783399090893
saturated-many,normal,"control,candidate",raw_summary.per_tenant.7.observed_hold_nanos.standard_deviation,394453.947642,402118.388398,-7664.440756,-1.906015983634664422541660939
saturated-many,normal,"control,candidate",raw_summary.per_tenant.7.offers,63,63,0,0
saturated-many,normal,"control,candidate",raw_summary.per_tenant.7.outcomes.admission-error,0,0,0,null
saturated-many,normal,"control,candidate",raw_summary.per_tenant.7.outcomes.backpressure,0,0,0,null
saturated-many,normal,"control,candidate",raw_summary.per_tenant.7.outcomes.released,24,31,-7,-22.58064516129032258064516129
saturated-many,normal,"control,candidate",raw_summary.per_tenant.7.outcomes.scheduler-error,39,32,7,21.875
saturated-many,normal,"control,candidate",raw_summary.per_tenant.7.scheduling_lag_nanos.count,63,63,0,0
saturated-many,normal,"control,candidate",raw_summary.per_tenant.7.scheduling_lag_nanos.maximum,1927054,1808778,118276,6.539000363781514370475536522
saturated-many,normal,"control,candidate",raw_summary.per_tenant.7.scheduling_lag_nanos.mean,1278482.365079,1172088.15873,106394.206349,9.077321151702614129864019738
saturated-many,normal,"control,candidate",raw_summary.per_tenant.7.scheduling_lag_nanos.median,1283935,1154360,129575,11.22483454035136352610970581
saturated-many,normal,"control,candidate",raw_summary.per_tenant.7.scheduling_lag_nanos.median_absolute_deviation,243482,297233,-53751,-18.08379284938078880877964425
saturated-many,normal,"control,candidate",raw_summary.per_tenant.7.scheduling_lag_nanos.minimum,726269,651580,74689,11.46275207956045305257988275
saturated-many,normal,"control,candidate",raw_summary.per_tenant.7.scheduling_lag_nanos.p95,1783709,1682280,101429,6.029257911881494162683976508
saturated-many,normal,"control,candidate",raw_summary.per_tenant.7.scheduling_lag_nanos.p99,1927054,1808778,118276,6.539000363781514370475536522
saturated-many,normal,"control,candidate",raw_summary.per_tenant.7.scheduling_lag_nanos.standard_deviation,324589.018829,332652.137778,-8063.118949,-2.423889112169492152494830073
saturated-many,normal,"control,candidate",raw_summary.per_tenant.8.enqueue_to_result_all_nanos.count,63,63,0,0
saturated-many,normal,"control,candidate",raw_summary.per_tenant.8.enqueue_to_result_all_nanos.maximum,124938058,134870615,-9932557,-7.364507828484358879804915252
saturated-many,normal,"control,candidate",raw_summary.per_tenant.8.enqueue_to_result_all_nanos.mean,28416781.571429,28976331.142857,-559549.571428,-1.931057347009700454423826888
saturated-many,normal,"control,candidate",raw_summary.per_tenant.8.enqueue_to_result_all_nanos.median,18027,11100,6927,62.40540540540540540540540541
saturated-many,normal,"control,candidate",raw_summary.per_tenant.8.enqueue_to_result_all_nanos.median_absolute_deviation,11175,5030,6145,122.1669980119284294234592445
saturated-many,normal,"control,candidate",raw_summary.per_tenant.8.enqueue_to_result_all_nanos.minimum,5460,5184,276,5.324074074074074074074074074
saturated-many,normal,"control,candidate",raw_summary.per_tenant.8.enqueue_to_result_all_nanos.p95,104857780,100946918,3910862,3.874176723255681763360026504
saturated-many,normal,"control,candidate",raw_summary.per_tenant.8.enqueue_to_result_all_nanos.p99,124938058,134870615,-9932557,-7.364507828484358879804915252
saturated-many,normal,"control,candidate",raw_summary.per_tenant.8.enqueue_to_result_all_nanos.standard_deviation,40178656.485894,40957583.611989,-778927.126095,-1.901789747838040003736200355
saturated-many,normal,"control,candidate",raw_summary.per_tenant.8.enqueue_to_result_released_nanos.count,23,23,0,0
saturated-many,normal,"control,candidate",raw_summary.per_tenant.8.enqueue_to_result_released_nanos.maximum,124938058,134870615,-9932557,-7.364507828484358879804915252
saturated-many,normal,"control,candidate",raw_summary.per_tenant.8.enqueue_to_result_released_nanos.mean,77814147.173913,79349264.521739,-1535117.347826,-1.934633366898353610284524954
saturated-many,normal,"control,candidate",raw_summary.per_tenant.8.enqueue_to_result_released_nanos.median,69538576,75369123,-5830547,-7.735988914187047128039422722
saturated-many,normal,"control,candidate",raw_summary.per_tenant.8.enqueue_to_result_released_nanos.median_absolute_deviation,10635236,14027899,-3392663,-24.18511139836407433500911291
saturated-many,normal,"control,candidate",raw_summary.per_tenant.8.enqueue_to_result_released_nanos.minimum,14957354,14927998,29356,0.1966506158427941911567780221
saturated-many,normal,"control,candidate",raw_summary.per_tenant.8.enqueue_to_result_released_nanos.p95,123039574,121908263,1131311,0.9280019025453590459245572222
saturated-many,normal,"control,candidate",raw_summary.per_tenant.8.enqueue_to_result_released_nanos.p99,124938058,134870615,-9932557,-7.364507828484358879804915252
saturated-many,normal,"control,candidate",raw_summary.per_tenant.8.enqueue_to_result_released_nanos.standard_deviation,24055935.461034,24464256.111409,-408320.650375,-1.669049933566457772159288476
saturated-many,normal,"control,candidate",raw_summary.per_tenant.8.observed_hold_nanos.count,23,23,0,0
saturated-many,normal,"control,candidate",raw_summary.per_tenant.8.observed_hold_nanos.maximum,12167386,11986237,181149,1.511308344729042150593217871
saturated-many,normal,"control,candidate",raw_summary.per_tenant.8.observed_hold_nanos.mean,11260313,11136798.434783,123514.565217,1.109067080097572723680274930
saturated-many,normal,"control,candidate",raw_summary.per_tenant.8.observed_hold_nanos.median,11251767,11214121,37646,0.3357017460396583914156089452
saturated-many,normal,"control,candidate",raw_summary.per_tenant.8.observed_hold_nanos.median_absolute_deviation,357700,468997,-111297,-23.73085542125002931788476259
saturated-many,normal,"control,candidate",raw_summary.per_tenant.8.observed_hold_nanos.minimum,10154637,10174980,-20343,-0.1999315969171438174817051237
saturated-many,normal,"control,candidate",raw_summary.per_tenant.8.observed_hold_nanos.p95,11929677,11864621,65056,0.5483192425615618063147571254
saturated-many,normal,"control,candidate",raw_summary.per_tenant.8.observed_hold_nanos.p99,12167386,11986237,181149,1.511308344729042150593217871
saturated-many,normal,"control,candidate",raw_summary.per_tenant.8.observed_hold_nanos.standard_deviation,500786.593607,530627.708636,-29841.115029,-5.623738554043435439350210224
saturated-many,normal,"control,candidate",raw_summary.per_tenant.8.offers,63,63,0,0
saturated-many,normal,"control,candidate",raw_summary.per_tenant.8.outcomes.admission-error,0,0,0,null
saturated-many,normal,"control,candidate",raw_summary.per_tenant.8.outcomes.backpressure,0,0,0,null
saturated-many,normal,"control,candidate",raw_summary.per_tenant.8.outcomes.released,23,23,0,0
saturated-many,normal,"control,candidate",raw_summary.per_tenant.8.outcomes.scheduler-error,40,40,0,0
saturated-many,normal,"control,candidate",raw_summary.per_tenant.8.scheduling_lag_nanos.count,63,63,0,0
saturated-many,normal,"control,candidate",raw_summary.per_tenant.8.scheduling_lag_nanos.maximum,1942718,1903390,39328,2.066208186446287938887984071
saturated-many,normal,"control,candidate",raw_summary.per_tenant.8.scheduling_lag_nanos.mean,1313492.142857,1234241.349206,79250.793651,6.421012689453553047324270184
saturated-many,normal,"control,candidate",raw_summary.per_tenant.8.scheduling_lag_nanos.median,1309935,1246019,63916,5.129616803596092836465575565
saturated-many,normal,"control,candidate",raw_summary.per_tenant.8.scheduling_lag_nanos.median_absolute_deviation,295260,284536,10724,3.768943121432788821098209014
saturated-many,normal,"control,candidate",raw_summary.per_tenant.8.scheduling_lag_nanos.minimum,686495,650285,36210,5.568327733224663032362733263
saturated-many,normal,"control,candidate",raw_summary.per_tenant.8.scheduling_lag_nanos.p95,1802827,1709819,93008,5.439640102256437669718256728
saturated-many,normal,"control,candidate",raw_summary.per_tenant.8.scheduling_lag_nanos.p99,1942718,1903390,39328,2.066208186446287938887984071
saturated-many,normal,"control,candidate",raw_summary.per_tenant.8.scheduling_lag_nanos.standard_deviation,337764.115307,328106.256274,9657.859033,2.943515659431610195557316062
saturated-many,normal,"control,candidate",raw_summary.per_tenant.9.enqueue_to_result_all_nanos.count,63,63,0,0
saturated-many,normal,"control,candidate",raw_summary.per_tenant.9.enqueue_to_result_all_nanos.maximum,183301792,100960283,82341509,81.55831833395316453302730936
saturated-many,normal,"control,candidate",raw_summary.per_tenant.9.enqueue_to_result_all_nanos.mean,36775145.904762,21164190.555556,15610955.349206,73.76117365900312776906927925
saturated-many,normal,"control,candidate",raw_summary.per_tenant.9.enqueue_to_result_all_nanos.median,22602,15328,7274,47.45563674321503131524008351
saturated-many,normal,"control,candidate",raw_summary.per_tenant.9.enqueue_to_result_all_nanos.median_absolute_deviation,16107,9550,6557,68.65968586387434554973821990
saturated-many,normal,"control,candidate",raw_summary.per_tenant.9.enqueue_to_result_all_nanos.minimum,4768,4637,131,2.825102436920422687082165193
saturated-many,normal,"control,candidate",raw_summary.per_tenant.9.enqueue_to_result_all_nanos.p95,146987285,79274862,67712423,85.41474723727680535098250944
saturated-many,normal,"control,candidate",raw_summary.per_tenant.9.enqueue_to_result_all_nanos.p99,183301792,100960283,82341509,81.55831833395316453302730936
saturated-many,normal,"control,candidate",raw_summary.per_tenant.9.enqueue_to_result_all_nanos.standard_deviation,52460237.057597,32374714.107656,20085522.949941,62.04077318845314036207049493
saturated-many,normal,"control,candidate",raw_summary.per_tenant.9.enqueue_to_result_released_nanos.count,24,20,4,20
saturated-many,normal,"control,candidate",raw_summary.per_tenant.9.enqueue_to_result_released_nanos.maximum,183301792,100960283,82341509,81.55831833395316453302730936
saturated-many,normal,"control,candidate",raw_summary.per_tenant.9.enqueue_to_result_released_nanos.mean,96511558.625,66633488.55,29878070.075,44.83942042533206075100505900
saturated-many,normal,"control,candidate",raw_summary.per_tenant.9.enqueue_to_result_released_nanos.median,93437107.5,66044118,27392989.5,41.47680418716470708262013583
saturated-many,normal,"control,candidate",raw_summary.per_tenant.9.enqueue_to_result_released_nanos.median_absolute_deviation,28845727,5310457,23535270,443.1872812452864226186183223
saturated-many,normal,"control,candidate",raw_summary.per_tenant.9.enqueue_to_result_released_nanos.minimum,13627037,13616271,10766,0.07906716897746820697091002375
saturated-many,normal,"control,candidate",raw_summary.per_tenant.9.enqueue_to_result_released_nanos.p95,158212409,92626453,65585956,70.80693892056948353619888694
saturated-many,normal,"control,candidate",raw_summary.per_tenant.9.enqueue_to_result_released_nanos.p99,183301792,100960283,82341509,81.55831833395316453302730936
saturated-many,normal,"control,candidate",raw_summary.per_tenant.9.enqueue_to_result_released_nanos.standard_deviation,38207317.913907,16508155.130888,21699162.783019,131.4451106799828541298772751
saturated-many,normal,"control,candidate",raw_summary.per_tenant.9.observed_hold_nanos.count,24,20,4,20
saturated-many,normal,"control,candidate",raw_summary.per_tenant.9.observed_hold_nanos.maximum,11935625,11757652,177973,1.513678071097868860211205435
saturated-many,normal,"control,candidate",raw_summary.per_tenant.9.observed_hold_nanos.mean,10946447.541667,11043787.2,-97339.658333,-0.8813974460953032488710032370
saturated-many,normal,"control,candidate",raw_summary.per_tenant.9.observed_hold_nanos.median,10952557.5,11115185,-162627.5,-1.463111050333395260627690857
saturated-many,normal,"control,candidate",raw_summary.per_tenant.9.observed_hold_nanos.median_absolute_deviation,359269,412763,-53494,-12.95997945552290297337697420
saturated-many,normal,"control,candidate",raw_summary.per_tenant.9.observed_hold_nanos.minimum,10172742,10172724,18,0.0001769437566575088442387702645
saturated-many,normal,"control,candidate",raw_summary.per_tenant.9.observed_hold_nanos.p95,11653701,11746838,-93137,-0.7928686851729801670883688019
saturated-many,normal,"control,candidate",raw_summary.per_tenant.9.observed_hold_nanos.p99,11935625,11757652,177973,1.513678071097868860211205435
saturated-many,normal,"control,candidate",raw_summary.per_tenant.9.observed_hold_nanos.standard_deviation,462110.35342,447693.247303,14417.106117,3.220309040587887984608956902
saturated-many,normal,"control,candidate",raw_summary.per_tenant.9.offers,63,63,0,0
saturated-many,normal,"control,candidate",raw_summary.per_tenant.9.outcomes.admission-error,0,0,0,null
saturated-many,normal,"control,candidate",raw_summary.per_tenant.9.outcomes.backpressure,0,0,0,null
saturated-many,normal,"control,candidate",raw_summary.per_tenant.9.outcomes.released,24,20,4,20
saturated-many,normal,"control,candidate",raw_summary.per_tenant.9.outcomes.scheduler-error,39,43,-4,-9.302325581395348837209302326
saturated-many,normal,"control,candidate",raw_summary.per_tenant.9.scheduling_lag_nanos.count,63,63,0,0
saturated-many,normal,"control,candidate",raw_summary.per_tenant.9.scheduling_lag_nanos.maximum,1878907,1868278,10629,0.5689196147468417441087461288
saturated-many,normal,"control,candidate",raw_summary.per_tenant.9.scheduling_lag_nanos.mean,1285120.603175,1219837.730159,65282.873016,5.351766993425485411117221157
saturated-many,normal,"control,candidate",raw_summary.per_tenant.9.scheduling_lag_nanos.median,1343990,1205889,138101,11.45221492193725956534971295
saturated-many,normal,"control,candidate",raw_summary.per_tenant.9.scheduling_lag_nanos.median_absolute_deviation,254686,284111,-29425,-10.35686756232599230582413212
saturated-many,normal,"control,candidate",raw_summary.per_tenant.9.scheduling_lag_nanos.minimum,693391,634019,59372,9.364388133478649693463445102
saturated-many,normal,"control,candidate",raw_summary.per_tenant.9.scheduling_lag_nanos.p95,1780068,1740583,39485,2.268492798102704668493257719
saturated-many,normal,"control,candidate",raw_summary.per_tenant.9.scheduling_lag_nanos.p99,1878907,1868278,10629,0.5689196147468417441087461288
saturated-many,normal,"control,candidate",raw_summary.per_tenant.9.scheduling_lag_nanos.standard_deviation,334916.698679,351479.435849,-16562.737170,-4.712291952441724314189181672
saturated-many,normal,"control,candidate",raw_summary.released_per_second,354.9400684574622881422859462,356.9195290284387454134069044,-1.9794605709764572711209582,-0.5545957589837392156678602066
saturated-many,normal,"control,candidate",raw_summary.scheduler_rejected,1254,1252,2,0.1597444089456869009584664537
saturated-many,normal,"control,candidate",raw_summary.started_nanos,191493915,189644146,1849769,0.9753894538880203557667422015
saturated-many,normal,"control,candidate",raw_summary.warmup.enqueue_to_result_all_nanos.count,8,8,0,0
saturated-many,normal,"control,candidate",raw_summary.warmup.enqueue_to_result_all_nanos.maximum,58436,30845,27591,89.45047819743880693791538337
saturated-many,normal,"control,candidate",raw_summary.warmup.enqueue_to_result_all_nanos.mean,30777.5,18835.375,11942.125,63.40263997929428004486239324
saturated-many,normal,"control,candidate",raw_summary.warmup.enqueue_to_result_all_nanos.median,24766,16782,7984,47.57478250506495054224764629
saturated-many,normal,"control,candidate",raw_summary.warmup.enqueue_to_result_all_nanos.median_absolute_deviation,10795,4422.5,6372.5,144.0927077444884115319389486
saturated-many,normal,"control,candidate",raw_summary.warmup.enqueue_to_result_all_nanos.minimum,12562,9552,3010,31.51172529313232830820770519
saturated-many,normal,"control,candidate",raw_summary.warmup.enqueue_to_result_all_nanos.p95,58436,30845,27591,89.45047819743880693791538337
saturated-many,normal,"control,candidate",raw_summary.warmup.enqueue_to_result_all_nanos.p99,58436,30845,27591,89.45047819743880693791538337
saturated-many,normal,"control,candidate",raw_summary.warmup.enqueue_to_result_all_nanos.standard_deviation,16873.035034,7100.94432,9772.090714,137.6167770598713834162270970
saturated-many,normal,"control,candidate",raw_summary.warmup.enqueue_to_result_released_nanos.count,8,8,0,0
saturated-many,normal,"control,candidate",raw_summary.warmup.enqueue_to_result_released_nanos.maximum,58436,30845,27591,89.45047819743880693791538337
saturated-many,normal,"control,candidate",raw_summary.warmup.enqueue_to_result_released_nanos.mean,30777.5,18835.375,11942.125,63.40263997929428004486239324
saturated-many,normal,"control,candidate",raw_summary.warmup.enqueue_to_result_released_nanos.median,24766,16782,7984,47.57478250506495054224764629
saturated-many,normal,"control,candidate",raw_summary.warmup.enqueue_to_result_released_nanos.median_absolute_deviation,10795,4422.5,6372.5,144.0927077444884115319389486
saturated-many,normal,"control,candidate",raw_summary.warmup.enqueue_to_result_released_nanos.minimum,12562,9552,3010,31.51172529313232830820770519
saturated-many,normal,"control,candidate",raw_summary.warmup.enqueue_to_result_released_nanos.p95,58436,30845,27591,89.45047819743880693791538337
saturated-many,normal,"control,candidate",raw_summary.warmup.enqueue_to_result_released_nanos.p99,58436,30845,27591,89.45047819743880693791538337
saturated-many,normal,"control,candidate",raw_summary.warmup.enqueue_to_result_released_nanos.standard_deviation,16873.035034,7100.94432,9772.090714,137.6167770598713834162270970
saturated-many,normal,"control,candidate",raw_summary.warmup.observed_hold_nanos.count,8,8,0,0
saturated-many,normal,"control,candidate",raw_summary.warmup.observed_hold_nanos.maximum,11354268,11346571,7697,0.06783547205583078799753687700
saturated-many,normal,"control,candidate",raw_summary.warmup.observed_hold_nanos.mean,11236048.375,11041223.5,194824.875,1.764522518722675978798907567
saturated-many,normal,"control,candidate",raw_summary.warmup.observed_hold_nanos.median,11243723,11120119.5,123603.5,1.111530321234407597867990537
saturated-many,normal,"control,candidate",raw_summary.warmup.observed_hold_nanos.median_absolute_deviation,33052,32661.5,390.5,1.195597262832386755047992284
saturated-many,normal,"control,candidate",raw_summary.warmup.observed_hold_nanos.minimum,11108846,10199960,908886,8.910682002674520292236440143
saturated-many,normal,"control,candidate",raw_summary.warmup.observed_hold_nanos.p95,11354268,11346571,7697,0.06783547205583078799753687700
saturated-many,normal,"control,candidate",raw_summary.warmup.observed_hold_nanos.p99,11354268,11346571,7697,0.06783547205583078799753687700
saturated-many,normal,"control,candidate",raw_summary.warmup.observed_hold_nanos.standard_deviation,71226.173467,327185.090918,-255958.917451,-78.23061763995508782665258180
saturated-many,normal,"control,candidate",raw_summary.warmup.offers,8,8,0,0
saturated-many,normal,"control,candidate",raw_summary.warmup.outcomes.admission-error,0,0,0,null
saturated-many,normal,"control,candidate",raw_summary.warmup.outcomes.backpressure,0,0,0,null
saturated-many,normal,"control,candidate",raw_summary.warmup.outcomes.released,8,8,0,0
saturated-many,normal,"control,candidate",raw_summary.warmup.outcomes.scheduler-error,0,0,0,null
saturated-many,normal,"control,candidate",raw_summary.warmup.scheduling_lag_nanos.count,8,8,0,0
saturated-many,normal,"control,candidate",raw_summary.warmup.scheduling_lag_nanos.maximum,1061,325,736,226.4615384615384615384615385
saturated-many,normal,"control,candidate",raw_summary.warmup.scheduling_lag_nanos.mean,239.125,101.5,137.625,135.5911330049261083743842365
saturated-many,normal,"control,candidate",raw_summary.warmup.scheduling_lag_nanos.median,110,54.5,55.5,101.8348623853211009174311927
saturated-many,normal,"control,candidate",raw_summary.warmup.scheduling_lag_nanos.median_absolute_deviation,52.5,8.5,44.0,517.6470588235294117647058824
saturated-many,normal,"control,candidate",raw_summary.warmup.scheduling_lag_nanos.minimum,56,36,20,55.55555555555555555555555556
saturated-many,normal,"control,candidate",raw_summary.warmup.scheduling_lag_nanos.p95,1061,325,736,226.4615384615384615384615385
saturated-many,normal,"control,candidate",raw_summary.warmup.scheduling_lag_nanos.p99,1061,325,736,226.4615384615384615384615385
saturated-many,normal,"control,candidate",raw_summary.warmup.scheduling_lag_nanos.standard_deviation,318.734779,96.606159,222.128620,229.9321516343486961323035315
saturated-many,normal,"control,candidate",raw_summary.whole_raw_elapsed_nanos,2293532457,2286035593,7496864,0.3279417005997596468744045491
reference-many,normal,"candidate,control",metrics.normal_completion_rss_bytes,5242880,5373952,-131072,-2.439024390243902439024390244
reference-many,normal,"candidate,control",metrics.normal_kernel_high_water_rss_bytes,5242880,5373952,-131072,-2.439024390243902439024390244
reference-many,normal,"candidate,control",metrics.normal_maximum_observed_rss_bytes,5242880,5373952,-131072,-2.439024390243902439024390244
reference-many,normal,"candidate,control",metrics.whole_process_cpu_micros,39052,33919,5133,15.13311123559067189480821958
reference-many,normal,"candidate,control",raw_summary.counts.admission_calls,208,208,0,0
reference-many,normal,"candidate,control",raw_summary.counts.admitted,208,208,0,0
reference-many,normal,"candidate,control",raw_summary.counts.cancel_accepted,0,0,0,null
reference-many,normal,"candidate,control",raw_summary.counts.cancel_calls,0,0,0,null
reference-many,normal,"candidate,control",raw_summary.counts.cleanup_reclaims,0,0,0,null
reference-many,normal,"candidate,control",raw_summary.counts.enqueue_calls,208,208,0,0
reference-many,normal,"candidate,control",raw_summary.counts.enqueue_results,208,208,0,0
reference-many,normal,"candidate,control",raw_summary.counts.offers,208,208,0,0
reference-many,normal,"candidate,control",raw_summary.counts.release_calls,208,208,0,0
reference-many,normal,"candidate,control",raw_summary.counts.released,208,208,0,0
reference-many,normal,"candidate,control",raw_summary.counts.shutdown_calls,1,1,0,0
reference-many,normal,"candidate,control",raw_summary.elapsed_nanos,2001408875,2002707691,-1298816,-0.06485299905906238415698978808
reference-many,normal,"candidate,control",raw_summary.finished_nanos,2192543124,2191967046,576078,0.02628132576405530505407059847
reference-many,normal,"candidate,control",raw_summary.measured.enqueue_to_result_all_nanos.count,200,200,0,0
reference-many,normal,"candidate,control",raw_summary.measured.enqueue_to_result_all_nanos.maximum,255281,186910,68371,36.57963725857364506981969932
reference-many,normal,"candidate,control",raw_summary.measured.enqueue_to_result_all_nanos.mean,38158.045,29161.42,8996.625,30.85112110452783163508498557
reference-many,normal,"candidate,control",raw_summary.measured.enqueue_to_result_all_nanos.median,32010.5,26076.5,5934.0,22.75612141199930972331409507
reference-many,normal,"candidate,control",raw_summary.measured.enqueue_to_result_all_nanos.median_absolute_deviation,7521,9436.5,-1915.5,-20.29883961214433317437609283
reference-many,normal,"candidate,control",raw_summary.measured.enqueue_to_result_all_nanos.minimum,6777,8483,-1706,-20.11080985500412589885653660
reference-many,normal,"candidate,control",raw_summary.measured.enqueue_to_result_all_nanos.p95,68941,56727,12214,21.53119325894195004142648122
reference-many,normal,"candidate,control",raw_summary.measured.enqueue_to_result_all_nanos.p99,149210,94406,54804,58.05139503845094591445458975
reference-many,normal,"candidate,control",raw_summary.measured.enqueue_to_result_all_nanos.standard_deviation,28155.144541,18885.838265,9269.306276,49.08072464635183086483982447
reference-many,normal,"candidate,control",raw_summary.measured.enqueue_to_result_released_nanos.count,200,200,0,0
reference-many,normal,"candidate,control",raw_summary.measured.enqueue_to_result_released_nanos.maximum,255281,186910,68371,36.57963725857364506981969932
reference-many,normal,"candidate,control",raw_summary.measured.enqueue_to_result_released_nanos.mean,38158.045,29161.42,8996.625,30.85112110452783163508498557
reference-many,normal,"candidate,control",raw_summary.measured.enqueue_to_result_released_nanos.median,32010.5,26076.5,5934.0,22.75612141199930972331409507
reference-many,normal,"candidate,control",raw_summary.measured.enqueue_to_result_released_nanos.median_absolute_deviation,7521,9436.5,-1915.5,-20.29883961214433317437609283
reference-many,normal,"candidate,control",raw_summary.measured.enqueue_to_result_released_nanos.minimum,6777,8483,-1706,-20.11080985500412589885653660
reference-many,normal,"candidate,control",raw_summary.measured.enqueue_to_result_released_nanos.p95,68941,56727,12214,21.53119325894195004142648122
reference-many,normal,"candidate,control",raw_summary.measured.enqueue_to_result_released_nanos.p99,149210,94406,54804,58.05139503845094591445458975
reference-many,normal,"candidate,control",raw_summary.measured.enqueue_to_result_released_nanos.standard_deviation,28155.144541,18885.838265,9269.306276,49.08072464635183086483982447
reference-many,normal,"candidate,control",raw_summary.measured.observed_hold_nanos.count,200,200,0,0
reference-many,normal,"candidate,control",raw_summary.measured.observed_hold_nanos.maximum,11935418,14132115,-2196697,-15.54400739025970281164567370
reference-many,normal,"candidate,control",raw_summary.measured.observed_hold_nanos.mean,11098930.49,11132079.705,-33149.215,-0.2977809706582585055251362845
reference-many,normal,"candidate,control",raw_summary.measured.observed_hold_nanos.median,11374048.5,11362388,11660.5,0.1026236738263118633160564487
reference-many,normal,"candidate,control",raw_summary.measured.observed_hold_nanos.median_absolute_deviation,237138.5,253819.5,-16681.0,-6.571993089577435933803352382
reference-many,normal,"candidate,control",raw_summary.measured.observed_hold_nanos.minimum,10206266,10171174,35092,0.3450142530252653233540198998
reference-many,normal,"candidate,control",raw_summary.measured.observed_hold_nanos.p95,11666547,11697538,-30991,-0.2649360916801467112139323676
reference-many,normal,"candidate,control",raw_summary.measured.observed_hold_nanos.p99,11825512,11792053,33459,0.2837419404407358074119917880
reference-many,normal,"candidate,control",raw_summary.measured.observed_hold_nanos.standard_deviation,514337.166095,532269.591678,-17932.425583,-3.369049418447398198806108428
reference-many,normal,"candidate,control",raw_summary.measured.offers,200,200,0,0
reference-many,normal,"candidate,control",raw_summary.measured.outcomes.admission-error,0,0,0,null
reference-many,normal,"candidate,control",raw_summary.measured.outcomes.backpressure,0,0,0,null
reference-many,normal,"candidate,control",raw_summary.measured.outcomes.released,200,200,0,0
reference-many,normal,"candidate,control",raw_summary.measured.outcomes.scheduler-error,0,0,0,null
reference-many,normal,"candidate,control",raw_summary.measured.scheduling_lag_nanos.count,200,200,0,0
reference-many,normal,"candidate,control",raw_summary.measured.scheduling_lag_nanos.maximum,1325517,2194435,-868918,-39.59643370617038098644981510
reference-many,normal,"candidate,control",raw_summary.measured.scheduling_lag_nanos.mean,684426.015,1498445.835,-814019.820,-54.32427392345483078472436076
reference-many,normal,"candidate,control",raw_summary.measured.scheduling_lag_nanos.median,660188,1477097,-816909,-55.30503413113695309109692864
reference-many,normal,"candidate,control",raw_summary.measured.scheduling_lag_nanos.median_absolute_deviation,284778,275840,8938,3.240284222737819025522041763
reference-many,normal,"candidate,control",raw_summary.measured.scheduling_lag_nanos.minimum,158054,987870,-829816,-84.00052638505066456112646401
reference-many,normal,"candidate,control",raw_summary.measured.scheduling_lag_nanos.p95,1224746,1992094,-767348,-38.51966824858666307915188741
reference-many,normal,"candidate,control",raw_summary.measured.scheduling_lag_nanos.p99,1294827,2129845,-835018,-39.20557599261918120802218002
reference-many,normal,"candidate,control",raw_summary.measured.scheduling_lag_nanos.standard_deviation,321368.343292,316018.166307,5350.176985,1.692996655072829031267276855
reference-many,normal,"candidate,control",raw_summary.offered_per_second,99.92960583828729149609671837,99.86479849195326228963885274,0.06480734633402920645786563,0.06489508546823047339589718232
reference-many,normal,"candidate,control",raw_summary.per_tenant.0.enqueue_to_result_all_nanos.count,7,7,0,0
reference-many,normal,"candidate,control",raw_summary.per_tenant.0.enqueue_to_result_all_nanos.maximum,52024,186910,-134886,-72.16628323792199454282809909
reference-many,normal,"candidate,control",raw_summary.per_tenant.0.enqueue_to_result_all_nanos.mean,34798,48367.428571,-13569.428571,-28.05488935819903792420695484
reference-many,normal,"candidate,control",raw_summary.per_tenant.0.enqueue_to_result_all_nanos.median,31573,18132,13441,74.12861239797043900286785793
reference-many,normal,"candidate,control",raw_summary.per_tenant.0.enqueue_to_result_all_nanos.median_absolute_deviation,16019,9649,6370,66.01720385532179500466369572
reference-many,normal,"candidate,control",raw_summary.per_tenant.0.enqueue_to_result_all_nanos.minimum,14490,8483,6007,70.81221266061534834374631616
reference-many,normal,"candidate,control",raw_summary.per_tenant.0.enqueue_to_result_all_nanos.p95,52024,186910,-134886,-72.16628323792199454282809909
reference-many,normal,"candidate,control",raw_summary.per_tenant.0.enqueue_to_result_all_nanos.p99,52024,186910,-134886,-72.16628323792199454282809909
reference-many,normal,"candidate,control",raw_summary.per_tenant.0.enqueue_to_result_all_nanos.standard_deviation,14046.349999,58673.959497,-44627.609498,-76.06033388675909969328518385
reference-many,normal,"candidate,control",raw_summary.per_tenant.0.enqueue_to_result_released_nanos.count,7,7,0,0
reference-many,normal,"candidate,control",raw_summary.per_tenant.0.enqueue_to_result_released_nanos.maximum,52024,186910,-134886,-72.16628323792199454282809909
reference-many,normal,"candidate,control",raw_summary.per_tenant.0.enqueue_to_result_released_nanos.mean,34798,48367.428571,-13569.428571,-28.05488935819903792420695484
reference-many,normal,"candidate,control",raw_summary.per_tenant.0.enqueue_to_result_released_nanos.median,31573,18132,13441,74.12861239797043900286785793
reference-many,normal,"candidate,control",raw_summary.per_tenant.0.enqueue_to_result_released_nanos.median_absolute_deviation,16019,9649,6370,66.01720385532179500466369572
reference-many,normal,"candidate,control",raw_summary.per_tenant.0.enqueue_to_result_released_nanos.minimum,14490,8483,6007,70.81221266061534834374631616
reference-many,normal,"candidate,control",raw_summary.per_tenant.0.enqueue_to_result_released_nanos.p95,52024,186910,-134886,-72.16628323792199454282809909
reference-many,normal,"candidate,control",raw_summary.per_tenant.0.enqueue_to_result_released_nanos.p99,52024,186910,-134886,-72.16628323792199454282809909
reference-many,normal,"candidate,control",raw_summary.per_tenant.0.enqueue_to_result_released_nanos.standard_deviation,14046.349999,58673.959497,-44627.609498,-76.06033388675909969328518385
reference-many,normal,"candidate,control",raw_summary.per_tenant.0.observed_hold_nanos.count,7,7,0,0
reference-many,normal,"candidate,control",raw_summary.per_tenant.0.observed_hold_nanos.maximum,11450224,11644785,-194561,-1.670799417936870453168521360
reference-many,normal,"candidate,control",raw_summary.per_tenant.0.observed_hold_nanos.mean,11130799.285714,10968792,162007.285714,1.476983843927389634154791157
reference-many,normal,"candidate,control",raw_summary.per_tenant.0.observed_hold_nanos.median,11434311,10794562,639749,5.926585997653262818815622162
reference-many,normal,"candidate,control",raw_summary.per_tenant.0.observed_hold_nanos.median_absolute_deviation,15913,424507,-408594,-96.25141634884701547913226401
reference-many,normal,"candidate,control",raw_summary.per_tenant.0.observed_hold_nanos.minimum,10374046,10370055,3991,0.03848581323821329780796726729
reference-many,normal,"candidate,control",raw_summary.per_tenant.0.observed_hold_nanos.p95,11450224,11644785,-194561,-1.670799417936870453168521360
reference-many,normal,"candidate,control",raw_summary.per_tenant.0.observed_hold_nanos.p99,11450224,11644785,-194561,-1.670799417936870453168521360
reference-many,normal,"candidate,control",raw_summary.per_tenant.0.observed_hold_nanos.standard_deviation,420729.20933,519330.762557,-98601.553227,-18.98627239825367070047105243
reference-many,normal,"candidate,control",raw_summary.per_tenant.0.offers,7,7,0,0
reference-many,normal,"candidate,control",raw_summary.per_tenant.0.outcomes.admission-error,0,0,0,null
reference-many,normal,"candidate,control",raw_summary.per_tenant.0.outcomes.backpressure,0,0,0,null
reference-many,normal,"candidate,control",raw_summary.per_tenant.0.outcomes.released,7,7,0,0
reference-many,normal,"candidate,control",raw_summary.per_tenant.0.outcomes.scheduler-error,0,0,0,null
reference-many,normal,"candidate,control",raw_summary.per_tenant.0.scheduling_lag_nanos.count,7,7,0,0
reference-many,normal,"candidate,control",raw_summary.per_tenant.0.scheduling_lag_nanos.maximum,1230111,1780810,-550699,-30.92407387649440423178216654
reference-many,normal,"candidate,control",raw_summary.per_tenant.0.scheduling_lag_nanos.mean,764903,1352010.142857,-587107.142857,-43.42475875338883496951294943
reference-many,normal,"candidate,control",raw_summary.per_tenant.0.scheduling_lag_nanos.median,790489,1290574,-500085,-38.74903725009181960894919625
reference-many,normal,"candidate,control",raw_summary.per_tenant.0.scheduling_lag_nanos.median_absolute_deviation,398697,194140,204557,105.3657154630678891521582363
reference-many,normal,"candidate,control",raw_summary.per_tenant.0.scheduling_lag_nanos.minimum,262119,996439,-734320,-73.69442585045346478811046135
reference-many,normal,"candidate,control",raw_summary.per_tenant.0.scheduling_lag_nanos.p95,1230111,1780810,-550699,-30.92407387649440423178216654
reference-many,normal,"candidate,control",raw_summary.per_tenant.0.scheduling_lag_nanos.p99,1230111,1780810,-550699,-30.92407387649440423178216654
reference-many,normal,"candidate,control",raw_summary.per_tenant.0.scheduling_lag_nanos.standard_deviation,368535.367488,273836.403879,94698.963609,34.58231347897944179458518034
reference-many,normal,"candidate,control",raw_summary.per_tenant.1.enqueue_to_result_all_nanos.count,7,7,0,0
reference-many,normal,"candidate,control",raw_summary.per_tenant.1.enqueue_to_result_all_nanos.maximum,174276,27697,146579,529.2233815936744051702350435
reference-many,normal,"candidate,control",raw_summary.per_tenant.1.enqueue_to_result_all_nanos.mean,60852.857143,18058.571429,42794.285714,236.9749228628199923377228069
reference-many,normal,"candidate,control",raw_summary.per_tenant.1.enqueue_to_result_all_nanos.median,37116,17947,19169,106.8089374268680002228784755
reference-many,normal,"candidate,control",raw_summary.per_tenant.1.enqueue_to_result_all_nanos.median_absolute_deviation,12364,3909,8455,216.2957278076234331030954208
reference-many,normal,"candidate,control",raw_summary.per_tenant.1.enqueue_to_result_all_nanos.minimum,11508,10475,1033,9.861575178997613365155131265
reference-many,normal,"candidate,control",raw_summary.per_tenant.1.enqueue_to_result_all_nanos.p95,174276,27697,146579,529.2233815936744051702350435
reference-many,normal,"candidate,control",raw_summary.per_tenant.1.enqueue_to_result_all_nanos.p99,174276,27697,146579,529.2233815936744051702350435
reference-many,normal,"candidate,control",raw_summary.per_tenant.1.enqueue_to_result_all_nanos.standard_deviation,51309.374812,5583.882338,45725.492474,818.8835241535134224026337283
reference-many,normal,"candidate,control",raw_summary.per_tenant.1.enqueue_to_result_released_nanos.count,7,7,0,0
reference-many,normal,"candidate,control",raw_summary.per_tenant.1.enqueue_to_result_released_nanos.maximum,174276,27697,146579,529.2233815936744051702350435
reference-many,normal,"candidate,control",raw_summary.per_tenant.1.enqueue_to_result_released_nanos.mean,60852.857143,18058.571429,42794.285714,236.9749228628199923377228069
reference-many,normal,"candidate,control",raw_summary.per_tenant.1.enqueue_to_result_released_nanos.median,37116,17947,19169,106.8089374268680002228784755
reference-many,normal,"candidate,control",raw_summary.per_tenant.1.enqueue_to_result_released_nanos.median_absolute_deviation,12364,3909,8455,216.2957278076234331030954208
reference-many,normal,"candidate,control",raw_summary.per_tenant.1.enqueue_to_result_released_nanos.minimum,11508,10475,1033,9.861575178997613365155131265
reference-many,normal,"candidate,control",raw_summary.per_tenant.1.enqueue_to_result_released_nanos.p95,174276,27697,146579,529.2233815936744051702350435
reference-many,normal,"candidate,control",raw_summary.per_tenant.1.enqueue_to_result_released_nanos.p99,174276,27697,146579,529.2233815936744051702350435
reference-many,normal,"candidate,control",raw_summary.per_tenant.1.enqueue_to_result_released_nanos.standard_deviation,51309.374812,5583.882338,45725.492474,818.8835241535134224026337283
reference-many,normal,"candidate,control",raw_summary.per_tenant.1.observed_hold_nanos.count,7,7,0,0
reference-many,normal,"candidate,control",raw_summary.per_tenant.1.observed_hold_nanos.maximum,11530128,11701324,-171196,-1.463048113187875149854836940
reference-many,normal,"candidate,control",raw_summary.per_tenant.1.observed_hold_nanos.mean,11177022.857143,11217329.285714,-40306.428571,-0.3593228614794509419541990407
reference-many,normal,"candidate,control",raw_summary.per_tenant.1.observed_hold_nanos.median,11380180,11413158,-32978,-0.2889471958593756434459244321
reference-many,normal,"candidate,control",raw_summary.per_tenant.1.observed_hold_nanos.median_absolute_deviation,78692,224503,-145811,-64.94835258326169360765780413
reference-many,normal,"candidate,control",raw_summary.per_tenant.1.observed_hold_nanos.minimum,10469865,10402240,67625,0.6501003629987387331959270311
reference-many,normal,"candidate,control",raw_summary.per_tenant.1.observed_hold_nanos.p95,11530128,11701324,-171196,-1.463048113187875149854836940
reference-many,normal,"candidate,control",raw_summary.per_tenant.1.observed_hold_nanos.p99,11530128,11701324,-171196,-1.463048113187875149854836940
reference-many,normal,"candidate,control",raw_summary.per_tenant.1.observed_hold_nanos.standard_deviation,411186.918669,522479.206403,-111292.287734,-21.30080706946981302640332322
reference-many,normal,"candidate,control",raw_summary.per_tenant.1.offers,7,7,0,0
reference-many,normal,"candidate,control",raw_summary.per_tenant.1.outcomes.admission-error,0,0,0,null
reference-many,normal,"candidate,control",raw_summary.per_tenant.1.outcomes.backpressure,0,0,0,null
reference-many,normal,"candidate,control",raw_summary.per_tenant.1.outcomes.released,7,7,0,0
reference-many,normal,"candidate,control",raw_summary.per_tenant.1.outcomes.scheduler-error,0,0,0,null
reference-many,normal,"candidate,control",raw_summary.per_tenant.1.scheduling_lag_nanos.count,7,7,0,0
reference-many,normal,"candidate,control",raw_summary.per_tenant.1.scheduling_lag_nanos.maximum,614793,1992094,-1377301,-69.13835391301816078960129391
reference-many,normal,"candidate,control",raw_summary.per_tenant.1.scheduling_lag_nanos.mean,436229.714286,1374780.285714,-938550.571428,-68.26913225196260329853268244
reference-many,normal,"candidate,control",raw_summary.per_tenant.1.scheduling_lag_nanos.median,418341,1441420,-1023079,-70.97716141027597785517059566
reference-many,normal,"candidate,control",raw_summary.per_tenant.1.scheduling_lag_nanos.median_absolute_deviation,148199,343136,-194937,-56.81041919239018931269234356
reference-many,normal,"candidate,control",raw_summary.per_tenant.1.scheduling_lag_nanos.minimum,241795,987870,-746075,-75.52360128356970046666059299
reference-many,normal,"candidate,control",raw_summary.per_tenant.1.scheduling_lag_nanos.p95,614793,1992094,-1377301,-69.13835391301816078960129391
reference-many,normal,"candidate,control",raw_summary.per_tenant.1.scheduling_lag_nanos.p99,614793,1992094,-1377301,-69.13835391301816078960129391
reference-many,normal,"candidate,control",raw_summary.per_tenant.1.scheduling_lag_nanos.standard_deviation,137791.850878,325277.308308,-187485.457430,-57.63865251014465179623119374
reference-many,normal,"candidate,control",raw_summary.per_tenant.10.enqueue_to_result_all_nanos.count,6,6,0,0
reference-many,normal,"candidate,control",raw_summary.per_tenant.10.enqueue_to_result_all_nanos.maximum,58283,39862,18421,46.21193116251066178315187397
reference-many,normal,"candidate,control",raw_summary.per_tenant.10.enqueue_to_result_all_nanos.mean,34428,26607.166667,7820.833333,29.39370971318011175293398255
reference-many,normal,"candidate,control",raw_summary.per_tenant.10.enqueue_to_result_all_nanos.median,33517.5,24717.5,8800.0,35.60230605846060483463133408
reference-many,normal,"candidate,control",raw_summary.per_tenant.10.enqueue_to_result_all_nanos.median_absolute_deviation,17888,8702.5,9185.5,105.5501292731973570812984774
reference-many,normal,"candidate,control",raw_summary.per_tenant.10.enqueue_to_result_all_nanos.minimum,13596,14732,-1136,-7.711105077382568558240564757
reference-many,normal,"candidate,control",raw_summary.per_tenant.10.enqueue_to_result_all_nanos.p95,58283,39862,18421,46.21193116251066178315187397
reference-many,normal,"candidate,control",raw_summary.per_tenant.10.enqueue_to_result_all_nanos.p99,58283,39862,18421,46.21193116251066178315187397
reference-many,normal,"candidate,control",raw_summary.per_tenant.10.enqueue_to_result_all_nanos.standard_deviation,16916.477372,9651.055701,7265.421671,75.28110805792146572546240037
reference-many,normal,"candidate,control",raw_summary.per_tenant.10.enqueue_to_result_released_nanos.count,6,6,0,0
reference-many,normal,"candidate,control",raw_summary.per_tenant.10.enqueue_to_result_released_nanos.maximum,58283,39862,18421,46.21193116251066178315187397
reference-many,normal,"candidate,control",raw_summary.per_tenant.10.enqueue_to_result_released_nanos.mean,34428,26607.166667,7820.833333,29.39370971318011175293398255
reference-many,normal,"candidate,control",raw_summary.per_tenant.10.enqueue_to_result_released_nanos.median,33517.5,24717.5,8800.0,35.60230605846060483463133408
reference-many,normal,"candidate,control",raw_summary.per_tenant.10.enqueue_to_result_released_nanos.median_absolute_deviation,17888,8702.5,9185.5,105.5501292731973570812984774
reference-many,normal,"candidate,control",raw_summary.per_tenant.10.enqueue_to_result_released_nanos.minimum,13596,14732,-1136,-7.711105077382568558240564757
reference-many,normal,"candidate,control",raw_summary.per_tenant.10.enqueue_to_result_released_nanos.p95,58283,39862,18421,46.21193116251066178315187397
reference-many,normal,"candidate,control",raw_summary.per_tenant.10.enqueue_to_result_released_nanos.p99,58283,39862,18421,46.21193116251066178315187397
reference-many,normal,"candidate,control",raw_summary.per_tenant.10.enqueue_to_result_released_nanos.standard_deviation,16916.477372,9651.055701,7265.421671,75.28110805792146572546240037
reference-many,normal,"candidate,control",raw_summary.per_tenant.10.observed_hold_nanos.count,6,6,0,0
reference-many,normal,"candidate,control",raw_summary.per_tenant.10.observed_hold_nanos.maximum,11633896,11688852,-54956,-0.4701573773027496626700380842
reference-many,normal,"candidate,control",raw_summary.per_tenant.10.observed_hold_nanos.mean,11279246.833333,11371873,-92626.166667,-0.8145198831098447898600344904
reference-many,normal,"candidate,control",raw_summary.per_tenant.10.observed_hold_nanos.median,11424152.5,11526676.5,-102524.0,-0.8894497906660258921988484712
reference-many,normal,"candidate,control",raw_summary.per_tenant.10.observed_hold_nanos.median_absolute_deviation,56556.5,105017,-48460.5,-46.14538598512621765999790510
reference-many,normal,"candidate,control",raw_summary.per_tenant.10.observed_hold_nanos.minimum,10367733,10386181,-18448,-0.1776206287951269094963779276
reference-many,normal,"candidate,control",raw_summary.per_tenant.10.observed_hold_nanos.p95,11633896,11688852,-54956,-0.4701573773027496626700380842
reference-many,normal,"candidate,control",raw_summary.per_tenant.10.observed_hold_nanos.p99,11633896,11688852,-54956,-0.4701573773027496626700380842
reference-many,normal,"candidate,control",raw_summary.per_tenant.10.observed_hold_nanos.standard_deviation,416519.231871,449103.316018,-32584.084147,-7.255364853661876396909272041
reference-many,normal,"candidate,control",raw_summary.per_tenant.10.offers,6,6,0,0
reference-many,normal,"candidate,control",raw_summary.per_tenant.10.outcomes.admission-error,0,0,0,null
reference-many,normal,"candidate,control",raw_summary.per_tenant.10.outcomes.backpressure,0,0,0,null
reference-many,normal,"candidate,control",raw_summary.per_tenant.10.outcomes.released,6,6,0,0
reference-many,normal,"candidate,control",raw_summary.per_tenant.10.outcomes.scheduler-error,0,0,0,null
reference-many,normal,"candidate,control",raw_summary.per_tenant.10.scheduling_lag_nanos.count,6,6,0,0
reference-many,normal,"candidate,control",raw_summary.per_tenant.10.scheduling_lag_nanos.maximum,1021834,1720912,-699078,-40.62253037924077465901800906
reference-many,normal,"candidate,control",raw_summary.per_tenant.10.scheduling_lag_nanos.mean,664420.666667,1320513.333333,-656092.666666,-49.68466808358610153326322241
reference-many,normal,"candidate,control",raw_summary.per_tenant.10.scheduling_lag_nanos.median,609029.5,1182904.5,-573875.0,-48.51406009529932467075744492
reference-many,normal,"candidate,control",raw_summary.per_tenant.10.scheduling_lag_nanos.median_absolute_deviation,197632,64652,132980,205.6858256511786178308482336
reference-many,normal,"candidate,control",raw_summary.per_tenant.10.scheduling_lag_nanos.minimum,177419,1105024,-927605,-83.94433062087339279508861346
reference-many,normal,"candidate,control",raw_summary.per_tenant.10.scheduling_lag_nanos.p95,1021834,1720912,-699078,-40.62253037924077465901800906
reference-many,normal,"candidate,control",raw_summary.per_tenant.10.scheduling_lag_nanos.p99,1021834,1720912,-699078,-40.62253037924077465901800906
reference-many,normal,"candidate,control",raw_summary.per_tenant.10.scheduling_lag_nanos.standard_deviation,282552.014515,244974.096652,37577.917863,15.33954747729170126136851130
reference-many,normal,"candidate,control",raw_summary.per_tenant.11.enqueue_to_result_all_nanos.count,6,6,0,0
reference-many,normal,"candidate,control",raw_summary.per_tenant.11.enqueue_to_result_all_nanos.maximum,46700,48479,-1779,-3.669630149136739619216567999
reference-many,normal,"candidate,control",raw_summary.per_tenant.11.enqueue_to_result_all_nanos.mean,33397.833333,25655.166667,7742.666666,30.17975586164996321908322608
reference-many,normal,"candidate,control",raw_summary.per_tenant.11.enqueue_to_result_all_nanos.median,31823.5,25416,6407.5,25.21049732451998740950582310
reference-many,normal,"candidate,control",raw_summary.per_tenant.11.enqueue_to_result_all_nanos.median_absolute_deviation,2723,10726.5,-8003.5,-74.61427306204260476390248450
reference-many,normal,"candidate,control",raw_summary.per_tenant.11.enqueue_to_result_all_nanos.minimum,24746,9323,15423,165.4295827523329400407594122
reference-many,normal,"candidate,control",raw_summary.per_tenant.11.enqueue_to_result_all_nanos.p95,46700,48479,-1779,-3.669630149136739619216567999
reference-many,normal,"candidate,control",raw_summary.per_tenant.11.enqueue_to_result_all_nanos.p99,46700,48479,-1779,-3.669630149136739619216567999
reference-many,normal,"candidate,control",raw_summary.per_tenant.11.enqueue_to_result_all_nanos.standard_deviation,6808.06322,13801.793777,-6993.730557,-50.67262031298208984969678844
reference-many,normal,"candidate,control",raw_summary.per_tenant.11.enqueue_to_result_released_nanos.count,6,6,0,0
reference-many,normal,"candidate,control",raw_summary.per_tenant.11.enqueue_to_result_released_nanos.maximum,46700,48479,-1779,-3.669630149136739619216567999
reference-many,normal,"candidate,control",raw_summary.per_tenant.11.enqueue_to_result_released_nanos.mean,33397.833333,25655.166667,7742.666666,30.17975586164996321908322608
reference-many,normal,"candidate,control",raw_summary.per_tenant.11.enqueue_to_result_released_nanos.median,31823.5,25416,6407.5,25.21049732451998740950582310
reference-many,normal,"candidate,control",raw_summary.per_tenant.11.enqueue_to_result_released_nanos.median_absolute_deviation,2723,10726.5,-8003.5,-74.61427306204260476390248450
reference-many,normal,"candidate,control",raw_summary.per_tenant.11.enqueue_to_result_released_nanos.minimum,24746,9323,15423,165.4295827523329400407594122
reference-many,normal,"candidate,control",raw_summary.per_tenant.11.enqueue_to_result_released_nanos.p95,46700,48479,-1779,-3.669630149136739619216567999
reference-many,normal,"candidate,control",raw_summary.per_tenant.11.enqueue_to_result_released_nanos.p99,46700,48479,-1779,-3.669630149136739619216567999
reference-many,normal,"candidate,control",raw_summary.per_tenant.11.enqueue_to_result_released_nanos.standard_deviation,6808.06322,13801.793777,-6993.730557,-50.67262031298208984969678844
reference-many,normal,"candidate,control",raw_summary.per_tenant.11.observed_hold_nanos.count,6,6,0,0
reference-many,normal,"candidate,control",raw_summary.per_tenant.11.observed_hold_nanos.maximum,11610827,11792053,-181226,-1.536848587773477612422535754
reference-many,normal,"candidate,control",raw_summary.per_tenant.11.observed_hold_nanos.mean,11006536.666667,11226612.833333,-220076.166666,-1.960307796600686203046864393
reference-many,normal,"candidate,control",raw_summary.per_tenant.11.observed_hold_nanos.median,10992610,11452275,-459665,-4.013743994097242687588273946
reference-many,normal,"candidate,control",raw_summary.per_tenant.11.observed_hold_nanos.median_absolute_deviation,555521,177476,378045,213.0119002005905023777862922
reference-many,normal,"candidate,control",raw_summary.per_tenant.11.observed_hold_nanos.minimum,10437046,10472538,-35492,-0.3389054305651600404792037995
reference-many,normal,"candidate,control",raw_summary.per_tenant.11.observed_hold_nanos.p95,11610827,11792053,-181226,-1.536848587773477612422535754
reference-many,normal,"candidate,control",raw_summary.per_tenant.11.observed_hold_nanos.p99,11610827,11792053,-181226,-1.536848587773477612422535754
reference-many,normal,"candidate,control",raw_summary.per_tenant.11.observed_hold_nanos.standard_deviation,561463.556542,465787.829311,95675.727231,20.54062412333205446989842034
reference-many,normal,"candidate,control",raw_summary.per_tenant.11.offers,6,6,0,0
reference-many,normal,"candidate,control",raw_summary.per_tenant.11.outcomes.admission-error,0,0,0,null
reference-many,normal,"candidate,control",raw_summary.per_tenant.11.outcomes.backpressure,0,0,0,null
reference-many,normal,"candidate,control",raw_summary.per_tenant.11.outcomes.released,6,6,0,0
reference-many,normal,"candidate,control",raw_summary.per_tenant.11.outcomes.scheduler-error,0,0,0,null
reference-many,normal,"candidate,control",raw_summary.per_tenant.11.scheduling_lag_nanos.count,6,6,0,0
reference-many,normal,"candidate,control",raw_summary.per_tenant.11.scheduling_lag_nanos.maximum,1133331,2105234,-971903,-46.16603189954180865404985859
reference-many,normal,"candidate,control",raw_summary.per_tenant.11.scheduling_lag_nanos.mean,695847.833333,1573287,-877439.166667,-55.77108097041417109529284867
reference-many,normal,"candidate,control",raw_summary.per_tenant.11.scheduling_lag_nanos.median,742458,1521176.5,-778718.5,-51.19185709219147153535437867
reference-many,normal,"candidate,control",raw_summary.per_tenant.11.scheduling_lag_nanos.median_absolute_deviation,288118,172926,115192,66.61346471901275690179614402
reference-many,normal,"candidate,control",raw_summary.per_tenant.11.scheduling_lag_nanos.minimum,304194,1131393,-827199,-73.11332136578536370651046984
reference-many,normal,"candidate,control",raw_summary.per_tenant.11.scheduling_lag_nanos.p95,1133331,2105234,-971903,-46.16603189954180865404985859
reference-many,normal,"candidate,control",raw_summary.per_tenant.11.scheduling_lag_nanos.p99,1133331,2105234,-971903,-46.16603189954180865404985859
reference-many,normal,"candidate,control",raw_summary.per_tenant.11.scheduling_lag_nanos.standard_deviation,305181.589291,301286.576428,3895.012863,1.292793362777253111772678741
reference-many,normal,"candidate,control",raw_summary.per_tenant.12.enqueue_to_result_all_nanos.count,6,6,0,0
reference-many,normal,"candidate,control",raw_summary.per_tenant.12.enqueue_to_result_all_nanos.maximum,43566,46373,-2807,-6.053091238436158971815496086
reference-many,normal,"candidate,control",raw_summary.per_tenant.12.enqueue_to_result_all_nanos.mean,35892.333333,29255.5,6636.833333,22.68576278990275332843396968
reference-many,normal,"candidate,control",raw_summary.per_tenant.12.enqueue_to_result_all_nanos.median,36085.5,27898.5,8187.0,29.34566374536265390612398516
reference-many,normal,"candidate,control",raw_summary.per_tenant.12.enqueue_to_result_all_nanos.median_absolute_deviation,4035.5,13108,-9072.5,-69.21345743057674702471772963
reference-many,normal,"candidate,control",raw_summary.per_tenant.12.enqueue_to_result_all_nanos.minimum,28566,13644,14922,109.3667546174142480211081794
reference-many,normal,"candidate,control",raw_summary.per_tenant.12.enqueue_to_result_all_nanos.p95,43566,46373,-2807,-6.053091238436158971815496086
reference-many,normal,"candidate,control",raw_summary.per_tenant.12.enqueue_to_result_all_nanos.p99,43566,46373,-2807,-6.053091238436158971815496086
reference-many,normal,"candidate,control",raw_summary.per_tenant.12.enqueue_to_result_all_nanos.standard_deviation,5083.099798,12928.671274,-7845.571476,-60.68350961771077357813869961
reference-many,normal,"candidate,control",raw_summary.per_tenant.12.enqueue_to_result_released_nanos.count,6,6,0,0
reference-many,normal,"candidate,control",raw_summary.per_tenant.12.enqueue_to_result_released_nanos.maximum,43566,46373,-2807,-6.053091238436158971815496086
reference-many,normal,"candidate,control",raw_summary.per_tenant.12.enqueue_to_result_released_nanos.mean,35892.333333,29255.5,6636.833333,22.68576278990275332843396968
reference-many,normal,"candidate,control",raw_summary.per_tenant.12.enqueue_to_result_released_nanos.median,36085.5,27898.5,8187.0,29.34566374536265390612398516
reference-many,normal,"candidate,control",raw_summary.per_tenant.12.enqueue_to_result_released_nanos.median_absolute_deviation,4035.5,13108,-9072.5,-69.21345743057674702471772963
reference-many,normal,"candidate,control",raw_summary.per_tenant.12.enqueue_to_result_released_nanos.minimum,28566,13644,14922,109.3667546174142480211081794
reference-many,normal,"candidate,control",raw_summary.per_tenant.12.enqueue_to_result_released_nanos.p95,43566,46373,-2807,-6.053091238436158971815496086
reference-many,normal,"candidate,control",raw_summary.per_tenant.12.enqueue_to_result_released_nanos.p99,43566,46373,-2807,-6.053091238436158971815496086
reference-many,normal,"candidate,control",raw_summary.per_tenant.12.enqueue_to_result_released_nanos.standard_deviation,5083.099798,12928.671274,-7845.571476,-60.68350961771077357813869961
reference-many,normal,"candidate,control",raw_summary.per_tenant.12.observed_hold_nanos.count,6,6,0,0
reference-many,normal,"candidate,control",raw_summary.per_tenant.12.observed_hold_nanos.maximum,11676448,11620335,56113,0.4828862506975917647813079399
reference-many,normal,"candidate,control",raw_summary.per_tenant.12.observed_hold_nanos.mean,11137339.5,10844562,292777.5,2.699763254615539106143705942
reference-many,normal,"candidate,control",raw_summary.per_tenant.12.observed_hold_nanos.median,11102216,10572721.5,529494.5,5.008119243470094242054895705
reference-many,normal,"candidate,control",raw_summary.per_tenant.12.observed_hold_nanos.median_absolute_deviation,425080.5,132443,292637.5,220.9535422785651185793133650
reference-many,normal,"candidate,control",raw_summary.per_tenant.12.observed_hold_nanos.minimum,10647420,10428713,218707,2.097161941267345261107482774
reference-many,normal,"candidate,control",raw_summary.per_tenant.12.observed_hold_nanos.p95,11676448,11620335,56113,0.4828862506975917647813079399
reference-many,normal,"candidate,control",raw_summary.per_tenant.12.observed_hold_nanos.p99,11676448,11620335,56113,0.4828862506975917647813079399
reference-many,normal,"candidate,control",raw_summary.per_tenant.12.observed_hold_nanos.standard_deviation,443196.477613,485943.885629,-42747.408016,-8.796778656998279183507129416
reference-many,normal,"candidate,control",raw_summary.per_tenant.12.offers,6,6,0,0
reference-many,normal,"candidate,control",raw_summary.per_tenant.12.outcomes.admission-error,0,0,0,null
reference-many,normal,"candidate,control",raw_summary.per_tenant.12.outcomes.backpressure,0,0,0,null
reference-many,normal,"candidate,control",raw_summary.per_tenant.12.outcomes.released,6,6,0,0
reference-many,normal,"candidate,control",raw_summary.per_tenant.12.outcomes.scheduler-error,0,0,0,null
reference-many,normal,"candidate,control",raw_summary.per_tenant.12.scheduling_lag_nanos.count,6,6,0,0
reference-many,normal,"candidate,control",raw_summary.per_tenant.12.scheduling_lag_nanos.maximum,1070910,1976145,-905235,-45.80812642796960749337725724
reference-many,normal,"candidate,control",raw_summary.per_tenant.12.scheduling_lag_nanos.mean,549897,1652707.666667,-1102810.666667,-66.72750958377460028531285436
reference-many,normal,"candidate,control",raw_summary.per_tenant.12.scheduling_lag_nanos.median,492176.5,1761068,-1268891.5,-72.05238525712806092666495558
reference-many,normal,"candidate,control",raw_summary.per_tenant.12.scheduling_lag_nanos.median_absolute_deviation,288375,125158.5,163216.5,130.4078428552595309148000336
reference-many,normal,"candidate,control",raw_summary.per_tenant.12.scheduling_lag_nanos.minimum,188077,1199056,-1010979,-84.31457746760785150985441881
reference-many,normal,"candidate,control",raw_summary.per_tenant.12.scheduling_lag_nanos.p95,1070910,1976145,-905235,-45.80812642796960749337725724
reference-many,normal,"candidate,control",raw_summary.per_tenant.12.scheduling_lag_nanos.p99,1070910,1976145,-905235,-45.80812642796960749337725724
reference-many,normal,"candidate,control",raw_summary.per_tenant.12.scheduling_lag_nanos.standard_deviation,333867.431881,260643.36902,73224.062861,28.09358363357453504726801356
reference-many,normal,"candidate,control",raw_summary.per_tenant.13.enqueue_to_result_all_nanos.count,6,6,0,0
reference-many,normal,"candidate,control",raw_summary.per_tenant.13.enqueue_to_result_all_nanos.maximum,115419,60246,55173,91.57952395179762971815556220
reference-many,normal,"candidate,control",raw_summary.per_tenant.13.enqueue_to_result_all_nanos.mean,46157.666667,30849.166667,15308.500000,49.62370674464870788789920087
reference-many,normal,"candidate,control",raw_summary.per_tenant.13.enqueue_to_result_all_nanos.median,34343,29696.5,4646.5,15.64662502315087636590170559
reference-many,normal,"candidate,control",raw_summary.per_tenant.13.enqueue_to_result_all_nanos.median_absolute_deviation,9549.5,3879.5,5670.0,146.1528547493233664131975770
reference-many,normal,"candidate,control",raw_summary.per_tenant.13.enqueue_to_result_all_nanos.minimum,24152,11925,12227,102.5324947589098532494758910
reference-many,normal,"candidate,control",raw_summary.per_tenant.13.enqueue_to_result_all_nanos.p95,115419,60246,55173,91.57952395179762971815556220
reference-many,normal,"candidate,control",raw_summary.per_tenant.13.enqueue_to_result_all_nanos.p99,115419,60246,55173,91.57952395179762971815556220
reference-many,normal,"candidate,control",raw_summary.per_tenant.13.enqueue_to_result_all_nanos.standard_deviation,31852.888747,14656.513358,17196.375389,117.3292376499193854178589423
reference-many,normal,"candidate,control",raw_summary.per_tenant.13.enqueue_to_result_released_nanos.count,6,6,0,0
reference-many,normal,"candidate,control",raw_summary.per_tenant.13.enqueue_to_result_released_nanos.maximum,115419,60246,55173,91.57952395179762971815556220
reference-many,normal,"candidate,control",raw_summary.per_tenant.13.enqueue_to_result_released_nanos.mean,46157.666667,30849.166667,15308.500000,49.62370674464870788789920087
reference-many,normal,"candidate,control",raw_summary.per_tenant.13.enqueue_to_result_released_nanos.median,34343,29696.5,4646.5,15.64662502315087636590170559
reference-many,normal,"candidate,control",raw_summary.per_tenant.13.enqueue_to_result_released_nanos.median_absolute_deviation,9549.5,3879.5,5670.0,146.1528547493233664131975770
reference-many,normal,"candidate,control",raw_summary.per_tenant.13.enqueue_to_result_released_nanos.minimum,24152,11925,12227,102.5324947589098532494758910
reference-many,normal,"candidate,control",raw_summary.per_tenant.13.enqueue_to_result_released_nanos.p95,115419,60246,55173,91.57952395179762971815556220
reference-many,normal,"candidate,control",raw_summary.per_tenant.13.enqueue_to_result_released_nanos.p99,115419,60246,55173,91.57952395179762971815556220
reference-many,normal,"candidate,control",raw_summary.per_tenant.13.enqueue_to_result_released_nanos.standard_deviation,31852.888747,14656.513358,17196.375389,117.3292376499193854178589423
reference-many,normal,"candidate,control",raw_summary.per_tenant.13.observed_hold_nanos.count,6,6,0,0
reference-many,normal,"candidate,control",raw_summary.per_tenant.13.observed_hold_nanos.maximum,11935418,11858665,76753,0.6472313704788861140777650773
reference-many,normal,"candidate,control",raw_summary.per_tenant.13.observed_hold_nanos.mean,11333916,11361496.333333,-27580.333333,-0.2427526491566366963180570680
reference-many,normal,"candidate,control",raw_summary.per_tenant.13.observed_hold_nanos.median,11426716.5,11477700,-50983.5,-0.4441961368566873154029117332
reference-many,normal,"candidate,control",raw_summary.per_tenant.13.observed_hold_nanos.median_absolute_deviation,126919.5,155582,-28662.5,-18.42276098777493540383849031
reference-many,normal,"candidate,control",raw_summary.per_tenant.13.observed_hold_nanos.minimum,10339740,10558235,-218495,-2.069427323790387313788715633
reference-many,normal,"candidate,control",raw_summary.per_tenant.13.observed_hold_nanos.p95,11935418,11858665,76753,0.6472313704788861140777650773
reference-many,normal,"candidate,control",raw_summary.per_tenant.13.observed_hold_nanos.p99,11935418,11858665,76753,0.6472313704788861140777650773
reference-many,normal,"candidate,control",raw_summary.per_tenant.13.observed_hold_nanos.standard_deviation,490893.085089,403293.005829,87600.079260,21.72119972175844069168086034
reference-many,normal,"candidate,control",raw_summary.per_tenant.13.offers,6,6,0,0
reference-many,normal,"candidate,control",raw_summary.per_tenant.13.outcomes.admission-error,0,0,0,null
reference-many,normal,"candidate,control",raw_summary.per_tenant.13.outcomes.backpressure,0,0,0,null
reference-many,normal,"candidate,control",raw_summary.per_tenant.13.outcomes.released,6,6,0,0
reference-many,normal,"candidate,control",raw_summary.per_tenant.13.outcomes.scheduler-error,0,0,0,null
reference-many,normal,"candidate,control",raw_summary.per_tenant.13.scheduling_lag_nanos.count,6,6,0,0
reference-many,normal,"candidate,control",raw_summary.per_tenant.13.scheduling_lag_nanos.maximum,1043948,1823504,-779556,-42.75044090937009186708666392
reference-many,normal,"candidate,control",raw_summary.per_tenant.13.scheduling_lag_nanos.mean,546085.5,1377070.833333,-830985.333333,-60.34441462402632263884368725
reference-many,normal,"candidate,control",raw_summary.per_tenant.13.scheduling_lag_nanos.median,504033,1199983.5,-695950.5,-57.99667245424624588588093086
reference-many,normal,"candidate,control",raw_summary.per_tenant.13.scheduling_lag_nanos.median_absolute_deviation,211650.5,36080,175570.5,486.6144678492239467849223947
reference-many,normal,"candidate,control",raw_summary.per_tenant.13.scheduling_lag_nanos.minimum,158054,1160232,-1002178,-86.37737969647449820380751436
reference-many,normal,"candidate,control",raw_summary.per_tenant.13.scheduling_lag_nanos.p95,1043948,1823504,-779556,-42.75044090937009186708666392
reference-many,normal,"candidate,control",raw_summary.per_tenant.13.scheduling_lag_nanos.p99,1043948,1823504,-779556,-42.75044090937009186708666392
reference-many,normal,"candidate,control",raw_summary.per_tenant.13.scheduling_lag_nanos.standard_deviation,290198.312966,278379.42576,11818.887206,4.245603702117500912255635655
reference-many,normal,"candidate,control",raw_summary.per_tenant.14.enqueue_to_result_all_nanos.count,6,6,0,0
reference-many,normal,"candidate,control",raw_summary.per_tenant.14.enqueue_to_result_all_nanos.maximum,52777,39085,13692,35.03134194703850582064730715
reference-many,normal,"candidate,control",raw_summary.per_tenant.14.enqueue_to_result_all_nanos.mean,28084.166667,23066.666667,5017.500000,21.75216762974346578569734876
reference-many,normal,"candidate,control",raw_summary.per_tenant.14.enqueue_to_result_all_nanos.median,25927.5,21130.5,4797.0,22.70178178462412153048910343
reference-many,normal,"candidate,control",raw_summary.per_tenant.14.enqueue_to_result_all_nanos.median_absolute_deviation,6994,4418.5,2575.5,58.28901210818150956206857531
reference-many,normal,"candidate,control",raw_summary.per_tenant.14.enqueue_to_result_all_nanos.minimum,16371,14281,2090,14.63482949373293186751628037
reference-many,normal,"candidate,control",raw_summary.per_tenant.14.enqueue_to_result_all_nanos.p95,52777,39085,13692,35.03134194703850582064730715
reference-many,normal,"candidate,control",raw_summary.per_tenant.14.enqueue_to_result_all_nanos.p99,52777,39085,13692,35.03134194703850582064730715
reference-many,normal,"candidate,control",raw_summary.per_tenant.14.enqueue_to_result_all_nanos.standard_deviation,12263.768975,8225.901666,4037.867309,49.08723046969620801202512211
reference-many,normal,"candidate,control",raw_summary.per_tenant.14.enqueue_to_result_released_nanos.count,6,6,0,0
reference-many,normal,"candidate,control",raw_summary.per_tenant.14.enqueue_to_result_released_nanos.maximum,52777,39085,13692,35.03134194703850582064730715
reference-many,normal,"candidate,control",raw_summary.per_tenant.14.enqueue_to_result_released_nanos.mean,28084.166667,23066.666667,5017.500000,21.75216762974346578569734876
reference-many,normal,"candidate,control",raw_summary.per_tenant.14.enqueue_to_result_released_nanos.median,25927.5,21130.5,4797.0,22.70178178462412153048910343
reference-many,normal,"candidate,control",raw_summary.per_tenant.14.enqueue_to_result_released_nanos.median_absolute_deviation,6994,4418.5,2575.5,58.28901210818150956206857531
reference-many,normal,"candidate,control",raw_summary.per_tenant.14.enqueue_to_result_released_nanos.minimum,16371,14281,2090,14.63482949373293186751628037
reference-many,normal,"candidate,control",raw_summary.per_tenant.14.enqueue_to_result_released_nanos.p95,52777,39085,13692,35.03134194703850582064730715
reference-many,normal,"candidate,control",raw_summary.per_tenant.14.enqueue_to_result_released_nanos.p99,52777,39085,13692,35.03134194703850582064730715
reference-many,normal,"candidate,control",raw_summary.per_tenant.14.enqueue_to_result_released_nanos.standard_deviation,12263.768975,8225.901666,4037.867309,49.08723046969620801202512211
reference-many,normal,"candidate,control",raw_summary.per_tenant.14.observed_hold_nanos.count,6,6,0,0
reference-many,normal,"candidate,control",raw_summary.per_tenant.14.observed_hold_nanos.maximum,11476487,11403645,72842,0.6387606769589898668364369463
reference-many,normal,"candidate,control",raw_summary.per_tenant.14.observed_hold_nanos.mean,11008098.333333,11065484.333333,-57386.000000,-0.5186035990050057035792048327
reference-many,normal,"candidate,control",raw_summary.per_tenant.14.observed_hold_nanos.median,11179851,11105570,74281,0.6688625617595494873293311374
reference-many,normal,"candidate,control",raw_summary.per_tenant.14.observed_hold_nanos.median_absolute_deviation,279176.5,281181,-2004.5,-0.7128860058112034596932225150
reference-many,normal,"candidate,control",raw_summary.per_tenant.14.observed_hold_nanos.minimum,10251297,10548655,-297358,-2.818918620430756338130311400
reference-many,normal,"candidate,control",raw_summary.per_tenant.14.observed_hold_nanos.p95,11476487,11403645,72842,0.6387606769589898668364369463
reference-many,normal,"candidate,control",raw_summary.per_tenant.14.observed_hold_nanos.p99,11476487,11403645,72842,0.6387606769589898668364369463
reference-many,normal,"candidate,control",raw_summary.per_tenant.14.observed_hold_nanos.standard_deviation,480903.660429,331321.975433,149581.684996,45.14692537387953610112990805
reference-many,normal,"candidate,control",raw_summary.per_tenant.14.offers,6,6,0,0
reference-many,normal,"candidate,control",raw_summary.per_tenant.14.outcomes.admission-error,0,0,0,null
reference-many,normal,"candidate,control",raw_summary.per_tenant.14.outcomes.backpressure,0,0,0,null
reference-many,normal,"candidate,control",raw_summary.per_tenant.14.outcomes.released,6,6,0,0
reference-many,normal,"candidate,control",raw_summary.per_tenant.14.outcomes.scheduler-error,0,0,0,null
reference-many,normal,"candidate,control",raw_summary.per_tenant.14.scheduling_lag_nanos.count,6,6,0,0
reference-many,normal,"candidate,control",raw_summary.per_tenant.14.scheduling_lag_nanos.maximum,1217593,1748856,-531263,-30.37774407955829410769097055
reference-many,normal,"candidate,control",raw_summary.per_tenant.14.scheduling_lag_nanos.mean,770587.833333,1396911.333333,-626323.500000,-44.83631029792032524858364199
reference-many,normal,"candidate,control",raw_summary.per_tenant.14.scheduling_lag_nanos.median,821490.5,1475707,-654216.5,-44.33241151529402516895291545
reference-many,normal,"candidate,control",raw_summary.per_tenant.14.scheduling_lag_nanos.median_absolute_deviation,151383,180810,-29427,-16.27509540401526464244234279
reference-many,normal,"candidate,control",raw_summary.per_tenant.14.scheduling_lag_nanos.minimum,265171,1000787,-735616,-73.50375254674571112534435399
reference-many,normal,"candidate,control",raw_summary.per_tenant.14.scheduling_lag_nanos.p95,1217593,1748856,-531263,-30.37774407955829410769097055
reference-many,normal,"candidate,control",raw_summary.per_tenant.14.scheduling_lag_nanos.p99,1217593,1748856,-531263,-30.37774407955829410769097055
reference-many,normal,"candidate,control",raw_summary.per_tenant.14.scheduling_lag_nanos.standard_deviation,291055.343553,258864.01419,32191.329363,12.43561391247388042368053027
reference-many,normal,"candidate,control",raw_summary.per_tenant.15.enqueue_to_result_all_nanos.count,6,6,0,0
reference-many,normal,"candidate,control",raw_summary.per_tenant.15.enqueue_to_result_all_nanos.maximum,107318,41057,66261,161.3878266799814891492315561
reference-many,normal,"candidate,control",raw_summary.per_tenant.15.enqueue_to_result_all_nanos.mean,42905.666667,24189.833333,18715.833334,77.37065847604531736440302493
reference-many,normal,"candidate,control",raw_summary.per_tenant.15.enqueue_to_result_all_nanos.median,32834.5,23031.5,9803.0,42.56344571565030501704187743
reference-many,normal,"candidate,control",raw_summary.per_tenant.15.enqueue_to_result_all_nanos.median_absolute_deviation,5219.5,6407,-1187.5,-18.53441548306539722178866864
reference-many,normal,"candidate,control",raw_summary.per_tenant.15.enqueue_to_result_all_nanos.minimum,18914,12419,6495,52.29889685159835735566470730
reference-many,normal,"candidate,control",raw_summary.per_tenant.15.enqueue_to_result_all_nanos.p95,107318,41057,66261,161.3878266799814891492315561
reference-many,normal,"candidate,control",raw_summary.per_tenant.15.enqueue_to_result_all_nanos.p99,107318,41057,66261,161.3878266799814891492315561
reference-many,normal,"candidate,control",raw_summary.per_tenant.15.enqueue_to_result_all_nanos.standard_deviation,29403.791687,9509.622608,19894.169079,209.2004057265528869870794772
reference-many,normal,"candidate,control",raw_summary.per_tenant.15.enqueue_to_result_released_nanos.count,6,6,0,0
reference-many,normal,"candidate,control",raw_summary.per_tenant.15.enqueue_to_result_released_nanos.maximum,107318,41057,66261,161.3878266799814891492315561
reference-many,normal,"candidate,control",raw_summary.per_tenant.15.enqueue_to_result_released_nanos.mean,42905.666667,24189.833333,18715.833334,77.37065847604531736440302493
reference-many,normal,"candidate,control",raw_summary.per_tenant.15.enqueue_to_result_released_nanos.median,32834.5,23031.5,9803.0,42.56344571565030501704187743
reference-many,normal,"candidate,control",raw_summary.per_tenant.15.enqueue_to_result_released_nanos.median_absolute_deviation,5219.5,6407,-1187.5,-18.53441548306539722178866864
reference-many,normal,"candidate,control",raw_summary.per_tenant.15.enqueue_to_result_released_nanos.minimum,18914,12419,6495,52.29889685159835735566470730
reference-many,normal,"candidate,control",raw_summary.per_tenant.15.enqueue_to_result_released_nanos.p95,107318,41057,66261,161.3878266799814891492315561
reference-many,normal,"candidate,control",raw_summary.per_tenant.15.enqueue_to_result_released_nanos.p99,107318,41057,66261,161.3878266799814891492315561
reference-many,normal,"candidate,control",raw_summary.per_tenant.15.enqueue_to_result_released_nanos.standard_deviation,29403.791687,9509.622608,19894.169079,209.2004057265528869870794772
reference-many,normal,"candidate,control",raw_summary.per_tenant.15.observed_hold_nanos.count,6,6,0,0
reference-many,normal,"candidate,control",raw_summary.per_tenant.15.observed_hold_nanos.maximum,11607137,11617589,-10452,-0.08996703188587580435148807554
reference-many,normal,"candidate,control",raw_summary.per_tenant.15.observed_hold_nanos.mean,11154016,11289796.333333,-135780.333333,-1.202681867095423619300221076
reference-many,normal,"candidate,control",raw_summary.per_tenant.15.observed_hold_nanos.median,11456226.5,11447979,8247.5,0.07204328379707894292957735160
reference-many,normal,"candidate,control",raw_summary.per_tenant.15.observed_hold_nanos.median_absolute_deviation,94905,122929,-28024,-22.79689902301328409081665026
reference-many,normal,"candidate,control",raw_summary.per_tenant.15.observed_hold_nanos.minimum,10370996,10337127,33869,0.3276442284205272896424702918
reference-many,normal,"candidate,control",raw_summary.per_tenant.15.observed_hold_nanos.p95,11607137,11617589,-10452,-0.08996703188587580435148807554
reference-many,normal,"candidate,control",raw_summary.per_tenant.15.observed_hold_nanos.p99,11607137,11617589,-10452,-0.08996703188587580435148807554
reference-many,normal,"candidate,control",raw_summary.per_tenant.15.observed_hold_nanos.standard_deviation,499801.973502,437009.436542,62792.536960,14.36869131634075129339612886
reference-many,normal,"candidate,control",raw_summary.per_tenant.15.offers,6,6,0,0
reference-many,normal,"candidate,control",raw_summary.per_tenant.15.outcomes.admission-error,0,0,0,null
reference-many,normal,"candidate,control",raw_summary.per_tenant.15.outcomes.backpressure,0,0,0,null
reference-many,normal,"candidate,control",raw_summary.per_tenant.15.outcomes.released,6,6,0,0
reference-many,normal,"candidate,control",raw_summary.per_tenant.15.outcomes.scheduler-error,0,0,0,null
reference-many,normal,"candidate,control",raw_summary.per_tenant.15.scheduling_lag_nanos.count,6,6,0,0
reference-many,normal,"candidate,control",raw_summary.per_tenant.15.scheduling_lag_nanos.maximum,1121976,2129845,-1007869,-47.32123699142425857280694135
reference-many,normal,"candidate,control",raw_summary.per_tenant.15.scheduling_lag_nanos.mean,663444,1544386.166667,-880942.166667,-57.04157325937434655575470290
reference-many,normal,"candidate,control",raw_summary.per_tenant.15.scheduling_lag_nanos.median,614818.5,1443515.5,-828697.0,-57.40825089858751083725806893
reference-many,normal,"candidate,control",raw_summary.per_tenant.15.scheduling_lag_nanos.median_absolute_deviation,268277,208630.5,59646.5,28.58953988031471908469758736
reference-many,normal,"candidate,control",raw_summary.per_tenant.15.scheduling_lag_nanos.minimum,308070,1233736,-925666,-75.02950388089510235577141301
reference-many,normal,"candidate,control",raw_summary.per_tenant.15.scheduling_lag_nanos.p95,1121976,2129845,-1007869,-47.32123699142425857280694135
reference-many,normal,"candidate,control",raw_summary.per_tenant.15.scheduling_lag_nanos.p99,1121976,2129845,-1007869,-47.32123699142425857280694135
reference-many,normal,"candidate,control",raw_summary.per_tenant.15.scheduling_lag_nanos.standard_deviation,288132.891562,318995.265107,-30862.373545,-9.674868852566789769670573307
reference-many,normal,"candidate,control",raw_summary.per_tenant.16.enqueue_to_result_all_nanos.count,6,6,0,0
reference-many,normal,"candidate,control",raw_summary.per_tenant.16.enqueue_to_result_all_nanos.maximum,54365,39886,14479,36.30095772952915810058667202
reference-many,normal,"candidate,control",raw_summary.per_tenant.16.enqueue_to_result_all_nanos.mean,41691.5,25622.666667,16068.833333,62.71335275845978361921137816
reference-many,normal,"candidate,control",raw_summary.per_tenant.16.enqueue_to_result_all_nanos.median,39561,25087,14474,57.69522063219994419420416949
reference-many,normal,"candidate,control",raw_summary.per_tenant.16.enqueue_to_result_all_nanos.median_absolute_deviation,3183.5,10363.5,-7180.0,-69.28161335456168282916003281
reference-many,normal,"candidate,control",raw_summary.per_tenant.16.enqueue_to_result_all_nanos.minimum,36353,10115,26238,259.3969352446861097380128522
reference-many,normal,"candidate,control",raw_summary.per_tenant.16.enqueue_to_result_all_nanos.p95,54365,39886,14479,36.30095772952915810058667202
reference-many,normal,"candidate,control",raw_summary.per_tenant.16.enqueue_to_result_all_nanos.p99,54365,39886,14479,36.30095772952915810058667202
reference-many,normal,"candidate,control",raw_summary.per_tenant.16.enqueue_to_result_all_nanos.standard_deviation,6302.752937,10641.628739,-4338.875802,-40.77266655712823397719175025
reference-many,normal,"candidate,control",raw_summary.per_tenant.16.enqueue_to_result_released_nanos.count,6,6,0,0
reference-many,normal,"candidate,control",raw_summary.per_tenant.16.enqueue_to_result_released_nanos.maximum,54365,39886,14479,36.30095772952915810058667202
reference-many,normal,"candidate,control",raw_summary.per_tenant.16.enqueue_to_result_released_nanos.mean,41691.5,25622.666667,16068.833333,62.71335275845978361921137816
reference-many,normal,"candidate,control",raw_summary.per_tenant.16.enqueue_to_result_released_nanos.median,39561,25087,14474,57.69522063219994419420416949
reference-many,normal,"candidate,control",raw_summary.per_tenant.16.enqueue_to_result_released_nanos.median_absolute_deviation,3183.5,10363.5,-7180.0,-69.28161335456168282916003281
reference-many,normal,"candidate,control",raw_summary.per_tenant.16.enqueue_to_result_released_nanos.minimum,36353,10115,26238,259.3969352446861097380128522
reference-many,normal,"candidate,control",raw_summary.per_tenant.16.enqueue_to_result_released_nanos.p95,54365,39886,14479,36.30095772952915810058667202
reference-many,normal,"candidate,control",raw_summary.per_tenant.16.enqueue_to_result_released_nanos.p99,54365,39886,14479,36.30095772952915810058667202
reference-many,normal,"candidate,control",raw_summary.per_tenant.16.enqueue_to_result_released_nanos.standard_deviation,6302.752937,10641.628739,-4338.875802,-40.77266655712823397719175025
reference-many,normal,"candidate,control",raw_summary.per_tenant.16.observed_hold_nanos.count,6,6,0,0
reference-many,normal,"candidate,control",raw_summary.per_tenant.16.observed_hold_nanos.maximum,11511852,11369770,142082,1.249647090486439039663950986
reference-many,normal,"candidate,control",raw_summary.per_tenant.16.observed_hold_nanos.mean,10897728.333333,10586010.833333,311717.500000,2.944617239748808261885863011
reference-many,normal,"candidate,control",raw_summary.per_tenant.16.observed_hold_nanos.median,10910604.5,10492209.5,418395.0,3.987672949153369459502309785
reference-many,normal,"candidate,control",raw_summary.per_tenant.16.observed_hold_nanos.median_absolute_deviation,592668,151353,441315,291.5799488612713325801272522
reference-many,normal,"candidate,control",raw_summary.per_tenant.16.observed_hold_nanos.minimum,10277259,10224816,52443,0.5128992052277517756798753151
reference-many,normal,"candidate,control",raw_summary.per_tenant.16.observed_hold_nanos.p95,11511852,11369770,142082,1.249647090486439039663950986
reference-many,normal,"candidate,control",raw_summary.per_tenant.16.observed_hold_nanos.p99,11511852,11369770,142082,1.249647090486439039663950986
reference-many,normal,"candidate,control",raw_summary.per_tenant.16.observed_hold_nanos.standard_deviation,581156.147572,378271.381853,202884.765719,53.63471186351681937159330876
reference-many,normal,"candidate,control",raw_summary.per_tenant.16.offers,6,6,0,0
reference-many,normal,"candidate,control",raw_summary.per_tenant.16.outcomes.admission-error,0,0,0,null
reference-many,normal,"candidate,control",raw_summary.per_tenant.16.outcomes.backpressure,0,0,0,null
reference-many,normal,"candidate,control",raw_summary.per_tenant.16.outcomes.released,6,6,0,0
reference-many,normal,"candidate,control",raw_summary.per_tenant.16.outcomes.scheduler-error,0,0,0,null
reference-many,normal,"candidate,control",raw_summary.per_tenant.16.scheduling_lag_nanos.count,6,6,0,0
reference-many,normal,"candidate,control",raw_summary.per_tenant.16.scheduling_lag_nanos.maximum,1052608,1842573,-789965,-42.87292823676456780816825168
reference-many,normal,"candidate,control",raw_summary.per_tenant.16.scheduling_lag_nanos.mean,698963,1532035.5,-833072.5,-54.37684048444047151648901086
reference-many,normal,"candidate,control",raw_summary.per_tenant.16.scheduling_lag_nanos.median,802557,1583517.5,-780960.5,-49.31808458068824626188217055
reference-many,normal,"candidate,control",raw_summary.per_tenant.16.scheduling_lag_nanos.median_absolute_deviation,169774.5,146723,23051.5,15.71089740531477682435609959
reference-many,normal,"candidate,control",raw_summary.per_tenant.16.scheduling_lag_nanos.minimum,297594,1003607,-706013,-70.34755636419435097602946173
reference-many,normal,"candidate,control",raw_summary.per_tenant.16.scheduling_lag_nanos.p95,1052608,1842573,-789965,-42.87292823676456780816825168
reference-many,normal,"candidate,control",raw_summary.per_tenant.16.scheduling_lag_nanos.p99,1052608,1842573,-789965,-42.87292823676456780816825168
reference-many,normal,"candidate,control",raw_summary.per_tenant.16.scheduling_lag_nanos.standard_deviation,280475.586789,270472.091383,10003.495406,3.698531465797195499182479880
reference-many,normal,"candidate,control",raw_summary.per_tenant.17.enqueue_to_result_all_nanos.count,6,6,0,0
reference-many,normal,"candidate,control",raw_summary.per_tenant.17.enqueue_to_result_all_nanos.maximum,58563,34182,24381,71.32701421800947867298578199
reference-many,normal,"candidate,control",raw_summary.per_tenant.17.enqueue_to_result_all_nanos.mean,33293.166667,23809,9484.166667,39.83437635767986895711705658
reference-many,normal,"candidate,control",raw_summary.per_tenant.17.enqueue_to_result_all_nanos.median,30544.5,23059.5,7485.0,32.45950692773043647954205425
reference-many,normal,"candidate,control",raw_summary.per_tenant.17.enqueue_to_result_all_nanos.median_absolute_deviation,4864.5,5661.5,-797.0,-14.07754128764461715093173187
reference-many,normal,"candidate,control",raw_summary.per_tenant.17.enqueue_to_result_all_nanos.minimum,23048,15134,7914,52.29285053521871283203383111
reference-many,normal,"candidate,control",raw_summary.per_tenant.17.enqueue_to_result_all_nanos.p95,58563,34182,24381,71.32701421800947867298578199
reference-many,normal,"candidate,control",raw_summary.per_tenant.17.enqueue_to_result_all_nanos.p99,58563,34182,24381,71.32701421800947867298578199
reference-many,normal,"candidate,control",raw_summary.per_tenant.17.enqueue_to_result_all_nanos.standard_deviation,11998.646138,6869.092177,5129.553961,74.67586442027155810577791290
reference-many,normal,"candidate,control",raw_summary.per_tenant.17.enqueue_to_result_released_nanos.count,6,6,0,0
reference-many,normal,"candidate,control",raw_summary.per_tenant.17.enqueue_to_result_released_nanos.maximum,58563,34182,24381,71.32701421800947867298578199
reference-many,normal,"candidate,control",raw_summary.per_tenant.17.enqueue_to_result_released_nanos.mean,33293.166667,23809,9484.166667,39.83437635767986895711705658
reference-many,normal,"candidate,control",raw_summary.per_tenant.17.enqueue_to_result_released_nanos.median,30544.5,23059.5,7485.0,32.45950692773043647954205425
reference-many,normal,"candidate,control",raw_summary.per_tenant.17.enqueue_to_result_released_nanos.median_absolute_deviation,4864.5,5661.5,-797.0,-14.07754128764461715093173187
reference-many,normal,"candidate,control",raw_summary.per_tenant.17.enqueue_to_result_released_nanos.minimum,23048,15134,7914,52.29285053521871283203383111
reference-many,normal,"candidate,control",raw_summary.per_tenant.17.enqueue_to_result_released_nanos.p95,58563,34182,24381,71.32701421800947867298578199
reference-many,normal,"candidate,control",raw_summary.per_tenant.17.enqueue_to_result_released_nanos.p99,58563,34182,24381,71.32701421800947867298578199
reference-many,normal,"candidate,control",raw_summary.per_tenant.17.enqueue_to_result_released_nanos.standard_deviation,11998.646138,6869.092177,5129.553961,74.67586442027155810577791290
reference-many,normal,"candidate,control",raw_summary.per_tenant.17.observed_hold_nanos.count,6,6,0,0
reference-many,normal,"candidate,control",raw_summary.per_tenant.17.observed_hold_nanos.maximum,11536993,11574792,-37799,-0.3265631036825542955761105686
reference-many,normal,"candidate,control",raw_summary.per_tenant.17.observed_hold_nanos.mean,11099982.833333,11239679.666667,-139696.833334,-1.242889810714912637640393164
reference-many,normal,"candidate,control",raw_summary.per_tenant.17.observed_hold_nanos.median,11404076,11311676.5,92399.5,0.8168506233359838393539631371
reference-many,normal,"candidate,control",raw_summary.per_tenant.17.observed_hold_nanos.median_absolute_deviation,116553.5,111019.5,5534.0,4.984709893307031647593440792
reference-many,normal,"candidate,control",raw_summary.per_tenant.17.observed_hold_nanos.minimum,10369095,10610140,-241045,-2.271836186892915644845402605
reference-many,normal,"candidate,control",raw_summary.per_tenant.17.observed_hold_nanos.p95,11536993,11574792,-37799,-0.3265631036825542955761105686
reference-many,normal,"candidate,control",raw_summary.per_tenant.17.observed_hold_nanos.p99,11536993,11574792,-37799,-0.3265631036825542955761105686
reference-many,normal,"candidate,control",raw_summary.per_tenant.17.observed_hold_nanos.standard_deviation,516040.552389,304462.988308,211577.564081,69.49204737718874849847386199
reference-many,normal,"candidate,control",raw_summary.per_tenant.17.offers,6,6,0,0
reference-many,normal,"candidate,control",raw_summary.per_tenant.17.outcomes.admission-error,0,0,0,null
reference-many,normal,"candidate,control",raw_summary.per_tenant.17.outcomes.backpressure,0,0,0,null
reference-many,normal,"candidate,control",raw_summary.per_tenant.17.outcomes.released,6,6,0,0
reference-many,normal,"candidate,control",raw_summary.per_tenant.17.outcomes.scheduler-error,0,0,0,null
reference-many,normal,"candidate,control",raw_summary.per_tenant.17.scheduling_lag_nanos.count,6,6,0,0
reference-many,normal,"candidate,control",raw_summary.per_tenant.17.scheduling_lag_nanos.maximum,1235661,1963700,-728039,-37.07485868513520395172378673
reference-many,normal,"candidate,control",raw_summary.per_tenant.17.scheduling_lag_nanos.mean,721939.333333,1560890.333333,-838951.000000,-53.74823471477149435326863055
reference-many,normal,"candidate,control",raw_summary.per_tenant.17.scheduling_lag_nanos.median,707542.5,1552181.5,-844639.0,-54.41625222308087037501735461
reference-many,normal,"candidate,control",raw_summary.per_tenant.17.scheduling_lag_nanos.median_absolute_deviation,416222.5,360929.5,55293.0,15.31961227885224122716486184
reference-many,normal,"candidate,control",raw_summary.per_tenant.17.scheduling_lag_nanos.minimum,230387,1123578,-893191,-79.49523753580080777658515920
reference-many,normal,"candidate,control",raw_summary.per_tenant.17.scheduling_lag_nanos.p95,1235661,1963700,-728039,-37.07485868513520395172378673
reference-many,normal,"candidate,control",raw_summary.per_tenant.17.scheduling_lag_nanos.p99,1235661,1963700,-728039,-37.07485868513520395172378673
reference-many,normal,"candidate,control",raw_summary.per_tenant.17.scheduling_lag_nanos.standard_deviation,376937.373722,357784.354736,19153.018986,5.353229880644872491672382762
reference-many,normal,"candidate,control",raw_summary.per_tenant.18.enqueue_to_result_all_nanos.count,6,6,0,0
reference-many,normal,"candidate,control",raw_summary.per_tenant.18.enqueue_to_result_all_nanos.maximum,57043,56368,675,1.197487936417825716718705649
reference-many,normal,"candidate,control",raw_summary.per_tenant.18.enqueue_to_result_all_nanos.mean,32427.166667,31795.666667,631.500000,1.986119701825341821193398033
reference-many,normal,"candidate,control",raw_summary.per_tenant.18.enqueue_to_result_all_nanos.median,31417.5,31358.5,59.0,0.1881467544684854186265286924
reference-many,normal,"candidate,control",raw_summary.per_tenant.18.enqueue_to_result_all_nanos.median_absolute_deviation,2955.5,7174.5,-4219.0,-58.80549167189351174297860478
reference-many,normal,"candidate,control",raw_summary.per_tenant.18.enqueue_to_result_all_nanos.minimum,10214,10318,-104,-1.007947276603993021903469665
reference-many,normal,"candidate,control",raw_summary.per_tenant.18.enqueue_to_result_all_nanos.p95,57043,56368,675,1.197487936417825716718705649
reference-many,normal,"candidate,control",raw_summary.per_tenant.18.enqueue_to_result_all_nanos.p99,57043,56368,675,1.197487936417825716718705649
reference-many,normal,"candidate,control",raw_summary.per_tenant.18.enqueue_to_result_all_nanos.standard_deviation,13666.375591,13970.021984,-303.646393,-2.173557016214928813958837074
reference-many,normal,"candidate,control",raw_summary.per_tenant.18.enqueue_to_result_released_nanos.count,6,6,0,0
reference-many,normal,"candidate,control",raw_summary.per_tenant.18.enqueue_to_result_released_nanos.maximum,57043,56368,675,1.197487936417825716718705649
reference-many,normal,"candidate,control",raw_summary.per_tenant.18.enqueue_to_result_released_nanos.mean,32427.166667,31795.666667,631.500000,1.986119701825341821193398033
reference-many,normal,"candidate,control",raw_summary.per_tenant.18.enqueue_to_result_released_nanos.median,31417.5,31358.5,59.0,0.1881467544684854186265286924
reference-many,normal,"candidate,control",raw_summary.per_tenant.18.enqueue_to_result_released_nanos.median_absolute_deviation,2955.5,7174.5,-4219.0,-58.80549167189351174297860478
reference-many,normal,"candidate,control",raw_summary.per_tenant.18.enqueue_to_result_released_nanos.minimum,10214,10318,-104,-1.007947276603993021903469665
reference-many,normal,"candidate,control",raw_summary.per_tenant.18.enqueue_to_result_released_nanos.p95,57043,56368,675,1.197487936417825716718705649
reference-many,normal,"candidate,control",raw_summary.per_tenant.18.enqueue_to_result_released_nanos.p99,57043,56368,675,1.197487936417825716718705649
reference-many,normal,"candidate,control",raw_summary.per_tenant.18.enqueue_to_result_released_nanos.standard_deviation,13666.375591,13970.021984,-303.646393,-2.173557016214928813958837074
reference-many,normal,"candidate,control",raw_summary.per_tenant.18.observed_hold_nanos.count,6,6,0,0
reference-many,normal,"candidate,control",raw_summary.per_tenant.18.observed_hold_nanos.maximum,11569237,11476800,92437,0.8054248571030252335145685208
reference-many,normal,"candidate,control",raw_summary.per_tenant.18.observed_hold_nanos.mean,11069619.833333,11077518,-7898.166667,-0.07129906416762310835333330084
reference-many,normal,"candidate,control",raw_summary.per_tenant.18.observed_hold_nanos.median,11316217.5,11420624.5,-104407.0,-0.9141969425577384143923127846
reference-many,normal,"candidate,control",raw_summary.per_tenant.18.observed_hold_nanos.median_absolute_deviation,193949,37941.5,156007.5,411.1790519615724207002886022
reference-many,normal,"candidate,control",raw_summary.per_tenant.18.observed_hold_nanos.minimum,10321960,10290700,31260,0.3037694228769665814764787624
reference-many,normal,"candidate,control",raw_summary.per_tenant.18.observed_hold_nanos.p95,11569237,11476800,92437,0.8054248571030252335145685208
reference-many,normal,"candidate,control",raw_summary.per_tenant.18.observed_hold_nanos.p99,11569237,11476800,92437,0.8054248571030252335145685208
reference-many,normal,"candidate,control",raw_summary.per_tenant.18.observed_hold_nanos.standard_deviation,495916.037911,513675.011892,-17758.973981,-3.457239221271253575981413295
reference-many,normal,"candidate,control",raw_summary.per_tenant.18.offers,6,6,0,0
reference-many,normal,"candidate,control",raw_summary.per_tenant.18.outcomes.admission-error,0,0,0,null
reference-many,normal,"candidate,control",raw_summary.per_tenant.18.outcomes.backpressure,0,0,0,null
reference-many,normal,"candidate,control",raw_summary.per_tenant.18.outcomes.released,6,6,0,0
reference-many,normal,"candidate,control",raw_summary.per_tenant.18.outcomes.scheduler-error,0,0,0,null
reference-many,normal,"candidate,control",raw_summary.per_tenant.18.scheduling_lag_nanos.count,6,6,0,0
reference-many,normal,"candidate,control",raw_summary.per_tenant.18.scheduling_lag_nanos.maximum,1184806,1791748,-606942,-33.87429482270944351549436640
reference-many,normal,"candidate,control",raw_summary.per_tenant.18.scheduling_lag_nanos.mean,736489.166667,1359746.666667,-623257.500000,-45.83629548640289948728527792
reference-many,normal,"candidate,control",raw_summary.per_tenant.18.scheduling_lag_nanos.median,609373.5,1340378.5,-731005.0,-54.53720721423090567328556822
reference-many,normal,"candidate,control",raw_summary.per_tenant.18.scheduling_lag_nanos.median_absolute_deviation,168096.5,255425,-87328.5,-34.18948810805520211412351962
reference-many,normal,"candidate,control",raw_summary.per_tenant.18.scheduling_lag_nanos.minimum,430961,1015205,-584244,-57.54936195152703148625154525
reference-many,normal,"candidate,control",raw_summary.per_tenant.18.scheduling_lag_nanos.p95,1184806,1791748,-606942,-33.87429482270944351549436640
reference-many,normal,"candidate,control",raw_summary.per_tenant.18.scheduling_lag_nanos.p99,1184806,1791748,-606942,-33.87429482270944351549436640
reference-many,normal,"candidate,control",raw_summary.per_tenant.18.scheduling_lag_nanos.standard_deviation,309879.486172,304701.799442,5177.686730,1.699263588033247857815583317
reference-many,normal,"candidate,control",raw_summary.per_tenant.19.enqueue_to_result_all_nanos.count,6,6,0,0
reference-many,normal,"candidate,control",raw_summary.per_tenant.19.enqueue_to_result_all_nanos.maximum,54644,35833,18811,52.49630229118410403817709932
reference-many,normal,"candidate,control",raw_summary.per_tenant.19.enqueue_to_result_all_nanos.mean,24143.166667,24067,76.166667,0.3164776124984418498358748494
reference-many,normal,"candidate,control",raw_summary.per_tenant.19.enqueue_to_result_all_nanos.median,20100,21972,-1872,-8.519934462042599672310212998
reference-many,normal,"candidate,control",raw_summary.per_tenant.19.enqueue_to_result_all_nanos.median_absolute_deviation,7410,7311,99,1.354123922855970455478046779
reference-many,normal,"candidate,control",raw_summary.per_tenant.19.enqueue_to_result_all_nanos.minimum,11681,14368,-2687,-18.70128062360801781737193764
reference-many,normal,"candidate,control",raw_summary.per_tenant.19.enqueue_to_result_all_nanos.p95,54644,35833,18811,52.49630229118410403817709932
reference-many,normal,"candidate,control",raw_summary.per_tenant.19.enqueue_to_result_all_nanos.p99,54644,35833,18811,52.49630229118410403817709932
reference-many,normal,"candidate,control",raw_summary.per_tenant.19.enqueue_to_result_all_nanos.standard_deviation,15042.174892,9075.948435,5966.226457,65.73667203740564222366034190
reference-many,normal,"candidate,control",raw_summary.per_tenant.19.enqueue_to_result_released_nanos.count,6,6,0,0
reference-many,normal,"candidate,control",raw_summary.per_tenant.19.enqueue_to_result_released_nanos.maximum,54644,35833,18811,52.49630229118410403817709932
reference-many,normal,"candidate,control",raw_summary.per_tenant.19.enqueue_to_result_released_nanos.mean,24143.166667,24067,76.166667,0.3164776124984418498358748494
reference-many,normal,"candidate,control",raw_summary.per_tenant.19.enqueue_to_result_released_nanos.median,20100,21972,-1872,-8.519934462042599672310212998
reference-many,normal,"candidate,control",raw_summary.per_tenant.19.enqueue_to_result_released_nanos.median_absolute_deviation,7410,7311,99,1.354123922855970455478046779
reference-many,normal,"candidate,control",raw_summary.per_tenant.19.enqueue_to_result_released_nanos.minimum,11681,14368,-2687,-18.70128062360801781737193764
reference-many,normal,"candidate,control",raw_summary.per_tenant.19.enqueue_to_result_released_nanos.p95,54644,35833,18811,52.49630229118410403817709932
reference-many,normal,"candidate,control",raw_summary.per_tenant.19.enqueue_to_result_released_nanos.p99,54644,35833,18811,52.49630229118410403817709932
reference-many,normal,"candidate,control",raw_summary.per_tenant.19.enqueue_to_result_released_nanos.standard_deviation,15042.174892,9075.948435,5966.226457,65.73667203740564222366034190
reference-many,normal,"candidate,control",raw_summary.per_tenant.19.observed_hold_nanos.count,6,6,0,0
reference-many,normal,"candidate,control",raw_summary.per_tenant.19.observed_hold_nanos.maximum,11480675,11516477,-35802,-0.3108763209443304580037801491
reference-many,normal,"candidate,control",raw_summary.per_tenant.19.observed_hold_nanos.mean,10975700.166667,11123716.333333,-148016.166666,-1.330635933446622728990645381
reference-many,normal,"candidate,control",raw_summary.per_tenant.19.observed_hold_nanos.median,11049744,11363844,-314100,-2.764029495653055427371231073
reference-many,normal,"candidate,control",raw_summary.per_tenant.19.observed_hold_nanos.median_absolute_deviation,428822,138741,290081,209.0809493949157062440086204
reference-many,normal,"candidate,control",raw_summary.per_tenant.19.observed_hold_nanos.minimum,10290559,10494830,-204271,-1.946396463782643453967334392
reference-many,normal,"candidate,control",raw_summary.per_tenant.19.observed_hold_nanos.p95,11480675,11516477,-35802,-0.3108763209443304580037801491
reference-many,normal,"candidate,control",raw_summary.per_tenant.19.observed_hold_nanos.p99,11480675,11516477,-35802,-0.3108763209443304580037801491
reference-many,normal,"candidate,control",raw_summary.per_tenant.19.observed_hold_nanos.standard_deviation,498367.417414,441473.349361,56894.068053,12.88731655837208583666434871
reference-many,normal,"candidate,control",raw_summary.per_tenant.19.offers,6,6,0,0
reference-many,normal,"candidate,control",raw_summary.per_tenant.19.outcomes.admission-error,0,0,0,null
reference-many,normal,"candidate,control",raw_summary.per_tenant.19.outcomes.backpressure,0,0,0,null
reference-many,normal,"candidate,control",raw_summary.per_tenant.19.outcomes.released,6,6,0,0
reference-many,normal,"candidate,control",raw_summary.per_tenant.19.outcomes.scheduler-error,0,0,0,null
reference-many,normal,"candidate,control",raw_summary.per_tenant.19.scheduling_lag_nanos.count,6,6,0,0
reference-many,normal,"candidate,control",raw_summary.per_tenant.19.scheduling_lag_nanos.maximum,1047632,2090147,-1042515,-49.87759234159128520625582794
reference-many,normal,"candidate,control",raw_summary.per_tenant.19.scheduling_lag_nanos.mean,744522.833333,1560339.5,-815816.666667,-52.28456157566991029836775907
reference-many,normal,"candidate,control",raw_summary.per_tenant.19.scheduling_lag_nanos.median,815467.5,1412005.5,-596538.0,-42.24756914898702590039486390
reference-many,normal,"candidate,control",raw_summary.per_tenant.19.scheduling_lag_nanos.median_absolute_deviation,228048.5,165734.5,62314.0,37.59868947020686700717110801
reference-many,normal,"candidate,control",raw_summary.per_tenant.19.scheduling_lag_nanos.minimum,354179,1145586,-791407,-69.08315918665207151623710485
reference-many,normal,"candidate,control",raw_summary.per_tenant.19.scheduling_lag_nanos.p95,1047632,2090147,-1042515,-49.87759234159128520625582794
reference-many,normal,"candidate,control",raw_summary.per_tenant.19.scheduling_lag_nanos.p99,1047632,2090147,-1042515,-49.87759234159128520625582794
reference-many,normal,"candidate,control",raw_summary.per_tenant.19.scheduling_lag_nanos.standard_deviation,279054.490809,342535.267161,-63480.776352,-18.53262494053275800232921990
reference-many,normal,"candidate,control",raw_summary.per_tenant.2.enqueue_to_result_all_nanos.count,7,7,0,0
reference-many,normal,"candidate,control",raw_summary.per_tenant.2.enqueue_to_result_all_nanos.maximum,57612,95110,-37498,-39.42592787298917043423404479
reference-many,normal,"candidate,control",raw_summary.per_tenant.2.enqueue_to_result_all_nanos.mean,37094,35771.428571,1322.571429,3.697284346290302927471529188
reference-many,normal,"candidate,control",raw_summary.per_tenant.2.enqueue_to_result_all_nanos.median,39184,23191,15993,68.96209736535725065758268294
reference-many,normal,"candidate,control",raw_summary.per_tenant.2.enqueue_to_result_all_nanos.median_absolute_deviation,5596,14360,-8764,-61.03064066852367688022284123
reference-many,normal,"candidate,control",raw_summary.per_tenant.2.enqueue_to_result_all_nanos.minimum,16778,8831,7947,89.98980862869437209829011437
reference-many,normal,"candidate,control",raw_summary.per_tenant.2.enqueue_to_result_all_nanos.p95,57612,95110,-37498,-39.42592787298917043423404479
reference-many,normal,"candidate,control",raw_summary.per_tenant.2.enqueue_to_result_all_nanos.p99,57612,95110,-37498,-39.42592787298917043423404479
reference-many,normal,"candidate,control",raw_summary.per_tenant.2.enqueue_to_result_all_nanos.standard_deviation,12890.305549,28100.229429,-15209.923880,-54.12740105354105648145738490
reference-many,normal,"candidate,control",raw_summary.per_tenant.2.enqueue_to_result_released_nanos.count,7,7,0,0
reference-many,normal,"candidate,control",raw_summary.per_tenant.2.enqueue_to_result_released_nanos.maximum,57612,95110,-37498,-39.42592787298917043423404479
reference-many,normal,"candidate,control",raw_summary.per_tenant.2.enqueue_to_result_released_nanos.mean,37094,35771.428571,1322.571429,3.697284346290302927471529188
reference-many,normal,"candidate,control",raw_summary.per_tenant.2.enqueue_to_result_released_nanos.median,39184,23191,15993,68.96209736535725065758268294
reference-many,normal,"candidate,control",raw_summary.per_tenant.2.enqueue_to_result_released_nanos.median_absolute_deviation,5596,14360,-8764,-61.03064066852367688022284123
reference-many,normal,"candidate,control",raw_summary.per_tenant.2.enqueue_to_result_released_nanos.minimum,16778,8831,7947,89.98980862869437209829011437
reference-many,normal,"candidate,control",raw_summary.per_tenant.2.enqueue_to_result_released_nanos.p95,57612,95110,-37498,-39.42592787298917043423404479
reference-many,normal,"candidate,control",raw_summary.per_tenant.2.enqueue_to_result_released_nanos.p99,57612,95110,-37498,-39.42592787298917043423404479
reference-many,normal,"candidate,control",raw_summary.per_tenant.2.enqueue_to_result_released_nanos.standard_deviation,12890.305549,28100.229429,-15209.923880,-54.12740105354105648145738490
reference-many,normal,"candidate,control",raw_summary.per_tenant.2.observed_hold_nanos.count,7,7,0,0
reference-many,normal,"candidate,control",raw_summary.per_tenant.2.observed_hold_nanos.maximum,11577499,14132115,-2554616,-18.07667146778808409073942577
reference-many,normal,"candidate,control",raw_summary.per_tenant.2.observed_hold_nanos.mean,11026857.857143,11406363.142857,-379505.285714,-3.327136625065785049360356601
reference-many,normal,"candidate,control",raw_summary.per_tenant.2.observed_hold_nanos.median,11367541,11283838,83703,0.7417954777443632210955173231
reference-many,normal,"candidate,control",raw_summary.per_tenant.2.observed_hold_nanos.median_absolute_deviation,209958,835995,-626037,-74.88525649076848545744890819
reference-many,normal,"candidate,control",raw_summary.per_tenant.2.observed_hold_nanos.minimum,10219158,10302762,-83604,-0.8114717199135532782374279829
reference-many,normal,"candidate,control",raw_summary.per_tenant.2.observed_hold_nanos.p95,11577499,14132115,-2554616,-18.07667146778808409073942577
reference-many,normal,"candidate,control",raw_summary.per_tenant.2.observed_hold_nanos.p99,11577499,14132115,-2554616,-18.07667146778808409073942577
reference-many,normal,"candidate,control",raw_summary.per_tenant.2.observed_hold_nanos.standard_deviation,532570.463747,1247032.876229,-714462.412482,-57.29298931095695142506480168
reference-many,normal,"candidate,control",raw_summary.per_tenant.2.offers,7,7,0,0
reference-many,normal,"candidate,control",raw_summary.per_tenant.2.outcomes.admission-error,0,0,0,null
reference-many,normal,"candidate,control",raw_summary.per_tenant.2.outcomes.backpressure,0,0,0,null
reference-many,normal,"candidate,control",raw_summary.per_tenant.2.outcomes.released,7,7,0,0
reference-many,normal,"candidate,control",raw_summary.per_tenant.2.outcomes.scheduler-error,0,0,0,null
reference-many,normal,"candidate,control",raw_summary.per_tenant.2.scheduling_lag_nanos.count,7,7,0,0
reference-many,normal,"candidate,control",raw_summary.per_tenant.2.scheduling_lag_nanos.maximum,1325517,1995628,-670111,-33.57895359255332156093219778
reference-many,normal,"candidate,control",raw_summary.per_tenant.2.scheduling_lag_nanos.mean,878274.285714,1627963.142857,-749688.857143,-46.05072666616584077865804314
reference-many,normal,"candidate,control",raw_summary.per_tenant.2.scheduling_lag_nanos.median,907407,1589878,-682471,-42.92599809545134909722632806
reference-many,normal,"candidate,control",raw_summary.per_tenant.2.scheduling_lag_nanos.median_absolute_deviation,92128,233126,-140998,-60.48145637981177560632447689
reference-many,normal,"candidate,control",raw_summary.per_tenant.2.scheduling_lag_nanos.minimum,561262,1303472,-742210,-56.94100065057016951649134005
reference-many,normal,"candidate,control",raw_summary.per_tenant.2.scheduling_lag_nanos.p95,1325517,1995628,-670111,-33.57895359255332156093219778
reference-many,normal,"candidate,control",raw_summary.per_tenant.2.scheduling_lag_nanos.p99,1325517,1995628,-670111,-33.57895359255332156093219778
reference-many,normal,"candidate,control",raw_summary.per_tenant.2.scheduling_lag_nanos.standard_deviation,241213.581038,235059.049221,6154.531817,2.618291802590239832151950028
reference-many,normal,"candidate,control",raw_summary.per_tenant.20.enqueue_to_result_all_nanos.count,6,6,0,0
reference-many,normal,"candidate,control",raw_summary.per_tenant.20.enqueue_to_result_all_nanos.maximum,32988,56727,-23739,-41.84779734517954413242371358
reference-many,normal,"candidate,control",raw_summary.per_tenant.20.enqueue_to_result_all_nanos.mean,25559.833333,27428.833333,-1869.000000,-6.813997435871181754429598801
reference-many,normal,"candidate,control",raw_summary.per_tenant.20.enqueue_to_result_all_nanos.median,28436.5,23453,4983.5,21.24888074020381187907730354
reference-many,normal,"candidate,control",raw_summary.per_tenant.20.enqueue_to_result_all_nanos.median_absolute_deviation,3279,10641.5,-7362.5,-69.18667481088192454071324531
reference-many,normal,"candidate,control",raw_summary.per_tenant.20.enqueue_to_result_all_nanos.minimum,9506,11618,-2112,-18.17868824238250989843346531
reference-many,normal,"candidate,control",raw_summary.per_tenant.20.enqueue_to_result_all_nanos.p95,32988,56727,-23739,-41.84779734517954413242371358
reference-many,normal,"candidate,control",raw_summary.per_tenant.20.enqueue_to_result_all_nanos.p99,32988,56727,-23739,-41.84779734517954413242371358
reference-many,normal,"candidate,control",raw_summary.per_tenant.20.enqueue_to_result_all_nanos.standard_deviation,7722.245214,15200.418847,-7478.173633,-49.19715508020961312132716918
reference-many,normal,"candidate,control",raw_summary.per_tenant.20.enqueue_to_result_released_nanos.count,6,6,0,0
reference-many,normal,"candidate,control",raw_summary.per_tenant.20.enqueue_to_result_released_nanos.maximum,32988,56727,-23739,-41.84779734517954413242371358
reference-many,normal,"candidate,control",raw_summary.per_tenant.20.enqueue_to_result_released_nanos.mean,25559.833333,27428.833333,-1869.000000,-6.813997435871181754429598801
reference-many,normal,"candidate,control",raw_summary.per_tenant.20.enqueue_to_result_released_nanos.median,28436.5,23453,4983.5,21.24888074020381187907730354
reference-many,normal,"candidate,control",raw_summary.per_tenant.20.enqueue_to_result_released_nanos.median_absolute_deviation,3279,10641.5,-7362.5,-69.18667481088192454071324531
reference-many,normal,"candidate,control",raw_summary.per_tenant.20.enqueue_to_result_released_nanos.minimum,9506,11618,-2112,-18.17868824238250989843346531
reference-many,normal,"candidate,control",raw_summary.per_tenant.20.enqueue_to_result_released_nanos.p95,32988,56727,-23739,-41.84779734517954413242371358
reference-many,normal,"candidate,control",raw_summary.per_tenant.20.enqueue_to_result_released_nanos.p99,32988,56727,-23739,-41.84779734517954413242371358
reference-many,normal,"candidate,control",raw_summary.per_tenant.20.enqueue_to_result_released_nanos.standard_deviation,7722.245214,15200.418847,-7478.173633,-49.19715508020961312132716918
reference-many,normal,"candidate,control",raw_summary.per_tenant.20.observed_hold_nanos.count,6,6,0,0
reference-many,normal,"candidate,control",raw_summary.per_tenant.20.observed_hold_nanos.maximum,11854758,11537624,317134,2.748694185215257491490448987
reference-many,normal,"candidate,control",raw_summary.per_tenant.20.observed_hold_nanos.mean,11378643.5,11238243.333333,140400.166667,1.249307053626152405997426827
reference-many,normal,"candidate,control",raw_summary.per_tenant.20.observed_hold_nanos.median,11598152.5,11351085,247067.5,2.176598096129136553906520830
reference-many,normal,"candidate,control",raw_summary.per_tenant.20.observed_hold_nanos.median_absolute_deviation,162500,85607,76893,89.82092585886668146296447720
reference-many,normal,"candidate,control",raw_summary.per_tenant.20.observed_hold_nanos.minimum,10322270,10454100,-131830,-1.261036339809261438096058006
reference-many,normal,"candidate,control",raw_summary.per_tenant.20.observed_hold_nanos.p95,11854758,11537624,317134,2.748694185215257491490448987
reference-many,normal,"candidate,control",raw_summary.per_tenant.20.observed_hold_nanos.p99,11854758,11537624,317134,2.748694185215257491490448987
reference-many,normal,"candidate,control",raw_summary.per_tenant.20.observed_hold_nanos.standard_deviation,508067.759273,360847.991643,147219.767630,40.79827823335922936023777259
reference-many,normal,"candidate,control",raw_summary.per_tenant.20.offers,6,6,0,0
reference-many,normal,"candidate,control",raw_summary.per_tenant.20.outcomes.admission-error,0,0,0,null
reference-many,normal,"candidate,control",raw_summary.per_tenant.20.outcomes.backpressure,0,0,0,null
reference-many,normal,"candidate,control",raw_summary.per_tenant.20.outcomes.released,6,6,0,0
reference-many,normal,"candidate,control",raw_summary.per_tenant.20.outcomes.scheduler-error,0,0,0,null
reference-many,normal,"candidate,control",raw_summary.per_tenant.20.scheduling_lag_nanos.count,6,6,0,0
reference-many,normal,"candidate,control",raw_summary.per_tenant.20.scheduling_lag_nanos.maximum,1140311,1876800,-736489,-39.24174126172208013640238704
reference-many,normal,"candidate,control",raw_summary.per_tenant.20.scheduling_lag_nanos.mean,642596,1607459.333333,-964863.333333,-60.02412087977342798944416498
reference-many,normal,"candidate,control",raw_summary.per_tenant.20.scheduling_lag_nanos.median,540821,1659477.5,-1118656.5,-67.41016374129808930823105465
reference-many,normal,"candidate,control",raw_summary.per_tenant.20.scheduling_lag_nanos.median_absolute_deviation,242636.5,214716.5,27920.0,13.00319258184629499828844080
reference-many,normal,"candidate,control",raw_summary.per_tenant.20.scheduling_lag_nanos.minimum,282503,1205237,-922734,-76.56037775142980177342713508
reference-many,normal,"candidate,control",raw_summary.per_tenant.20.scheduling_lag_nanos.p95,1140311,1876800,-736489,-39.24174126172208013640238704
reference-many,normal,"candidate,control",raw_summary.per_tenant.20.scheduling_lag_nanos.p99,1140311,1876800,-736489,-39.24174126172208013640238704
reference-many,normal,"candidate,control",raw_summary.per_tenant.20.scheduling_lag_nanos.standard_deviation,351689.340725,250719.833939,100969.506786,40.27184654667800489747994289
reference-many,normal,"candidate,control",raw_summary.per_tenant.21.enqueue_to_result_all_nanos.count,6,6,0,0
reference-many,normal,"candidate,control",raw_summary.per_tenant.21.enqueue_to_result_all_nanos.maximum,255281,42633,212648,498.7873243731381793446391293
reference-many,normal,"candidate,control",raw_summary.per_tenant.21.enqueue_to_result_all_nanos.mean,67601,26694.166667,40906.833333,153.2425935722131227974624528
reference-many,normal,"candidate,control",raw_summary.per_tenant.21.enqueue_to_result_all_nanos.median,30558,28585,1973,6.902221444813713486094105300
reference-many,normal,"candidate,control",raw_summary.per_tenant.21.enqueue_to_result_all_nanos.median_absolute_deviation,13517,6635,6882,103.7226827430293896006028636
reference-many,normal,"candidate,control",raw_summary.per_tenant.21.enqueue_to_result_all_nanos.minimum,8963,13906,-4943,-35.54580756507982165971523084
reference-many,normal,"candidate,control",raw_summary.per_tenant.21.enqueue_to_result_all_nanos.p95,255281,42633,212648,498.7873243731381793446391293
reference-many,normal,"candidate,control",raw_summary.per_tenant.21.enqueue_to_result_all_nanos.p99,255281,42633,212648,498.7873243731381793446391293
reference-many,normal,"candidate,control",raw_summary.per_tenant.21.enqueue_to_result_all_nanos.standard_deviation,85017.724819,9472.866856,75544.857963,797.4867493798964886454221689
reference-many,normal,"candidate,control",raw_summary.per_tenant.21.enqueue_to_result_released_nanos.count,6,6,0,0
reference-many,normal,"candidate,control",raw_summary.per_tenant.21.enqueue_to_result_released_nanos.maximum,255281,42633,212648,498.7873243731381793446391293
reference-many,normal,"candidate,control",raw_summary.per_tenant.21.enqueue_to_result_released_nanos.mean,67601,26694.166667,40906.833333,153.2425935722131227974624528
reference-many,normal,"candidate,control",raw_summary.per_tenant.21.enqueue_to_result_released_nanos.median,30558,28585,1973,6.902221444813713486094105300
reference-many,normal,"candidate,control",raw_summary.per_tenant.21.enqueue_to_result_released_nanos.median_absolute_deviation,13517,6635,6882,103.7226827430293896006028636
reference-many,normal,"candidate,control",raw_summary.per_tenant.21.enqueue_to_result_released_nanos.minimum,8963,13906,-4943,-35.54580756507982165971523084
reference-many,normal,"candidate,control",raw_summary.per_tenant.21.enqueue_to_result_released_nanos.p95,255281,42633,212648,498.7873243731381793446391293
reference-many,normal,"candidate,control",raw_summary.per_tenant.21.enqueue_to_result_released_nanos.p99,255281,42633,212648,498.7873243731381793446391293
reference-many,normal,"candidate,control",raw_summary.per_tenant.21.enqueue_to_result_released_nanos.standard_deviation,85017.724819,9472.866856,75544.857963,797.4867493798964886454221689
reference-many,normal,"candidate,control",raw_summary.per_tenant.21.observed_hold_nanos.count,6,6,0,0
reference-many,normal,"candidate,control",raw_summary.per_tenant.21.observed_hold_nanos.maximum,11542455,11662959,-120504,-1.033219785819361964660940676
reference-many,normal,"candidate,control",raw_summary.per_tenant.21.observed_hold_nanos.mean,10775505,10969121.166667,-193616.166667,-1.765101904930737915181052692
reference-many,normal,"candidate,control",raw_summary.per_tenant.21.observed_hold_nanos.median,10475729,10986536,-510807,-4.649390854405792690252869512
reference-many,normal,"candidate,control",raw_summary.per_tenant.21.observed_hold_nanos.median_absolute_deviation,104066,668535.5,-564469.5,-84.43373612919583178454996032
reference-many,normal,"candidate,control",raw_summary.per_tenant.21.observed_hold_nanos.minimum,10346416,10210461,135955,1.331526558888966913442987540
reference-many,normal,"candidate,control",raw_summary.per_tenant.21.observed_hold_nanos.p95,11542455,11662959,-120504,-1.033219785819361964660940676
reference-many,normal,"candidate,control",raw_summary.per_tenant.21.observed_hold_nanos.p99,11542455,11662959,-120504,-1.033219785819361964660940676
reference-many,normal,"candidate,control",raw_summary.per_tenant.21.observed_hold_nanos.standard_deviation,500896.249529,631729.189425,-130832.939896,-20.71028885258320276483558024
reference-many,normal,"candidate,control",raw_summary.per_tenant.21.offers,6,6,0,0
reference-many,normal,"candidate,control",raw_summary.per_tenant.21.outcomes.admission-error,0,0,0,null
reference-many,normal,"candidate,control",raw_summary.per_tenant.21.outcomes.backpressure,0,0,0,null
reference-many,normal,"candidate,control",raw_summary.per_tenant.21.outcomes.released,6,6,0,0
reference-many,normal,"candidate,control",raw_summary.per_tenant.21.outcomes.scheduler-error,0,0,0,null
reference-many,normal,"candidate,control",raw_summary.per_tenant.21.scheduling_lag_nanos.count,6,6,0,0
reference-many,normal,"candidate,control",raw_summary.per_tenant.21.scheduling_lag_nanos.maximum,1054679,1803435,-748756,-41.51832475248622767108323838
reference-many,normal,"candidate,control",raw_summary.per_tenant.21.scheduling_lag_nanos.mean,659971,1397275,-737304,-52.76727916838131362831225063
reference-many,normal,"candidate,control",raw_summary.per_tenant.21.scheduling_lag_nanos.median,712789.5,1400849,-688059.5,-49.11732099605310779391640355
reference-many,normal,"candidate,control",raw_summary.per_tenant.21.scheduling_lag_nanos.median_absolute_deviation,218149.5,270470,-52320.5,-19.34428957000776426221022664
reference-many,normal,"candidate,control",raw_summary.per_tenant.21.scheduling_lag_nanos.minimum,275093,1034435,-759342,-73.40644893105898388975624375
reference-many,normal,"candidate,control",raw_summary.per_tenant.21.scheduling_lag_nanos.p95,1054679,1803435,-748756,-41.51832475248622767108323838
reference-many,normal,"candidate,control",raw_summary.per_tenant.21.scheduling_lag_nanos.p99,1054679,1803435,-748756,-41.51832475248622767108323838
reference-many,normal,"candidate,control",raw_summary.per_tenant.21.scheduling_lag_nanos.standard_deviation,268852.995734,276271.248737,-7418.253003,-2.685133917088094172963212569
reference-many,normal,"candidate,control",raw_summary.per_tenant.22.enqueue_to_result_all_nanos.count,6,6,0,0
reference-many,normal,"candidate,control",raw_summary.per_tenant.22.enqueue_to_result_all_nanos.maximum,43563,66723,-23160,-34.71066948428577851715300571
reference-many,normal,"candidate,control",raw_summary.per_tenant.22.enqueue_to_result_all_nanos.mean,28104.333333,31775.833333,-3671.500000,-11.55437832746641187828765479
reference-many,normal,"candidate,control",raw_summary.per_tenant.22.enqueue_to_result_all_nanos.median,30946,26921.5,4024.5,14.94901844250877551399439110
reference-many,normal,"candidate,control",raw_summary.per_tenant.22.enqueue_to_result_all_nanos.median_absolute_deviation,10426.5,7554,2872.5,38.02621127879269261318506751
reference-many,normal,"candidate,control",raw_summary.per_tenant.22.enqueue_to_result_all_nanos.minimum,6777,9797,-3020,-30.82576298867000102072062876
reference-many,normal,"candidate,control",raw_summary.per_tenant.22.enqueue_to_result_all_nanos.p95,43563,66723,-23160,-34.71066948428577851715300571
reference-many,normal,"candidate,control",raw_summary.per_tenant.22.enqueue_to_result_all_nanos.p99,43563,66723,-23160,-34.71066948428577851715300571
reference-many,normal,"candidate,control",raw_summary.per_tenant.22.enqueue_to_result_all_nanos.standard_deviation,12739.559682,17704.959676,-4965.399994,-28.04524881652715490770937580
reference-many,normal,"candidate,control",raw_summary.per_tenant.22.enqueue_to_result_released_nanos.count,6,6,0,0
reference-many,normal,"candidate,control",raw_summary.per_tenant.22.enqueue_to_result_released_nanos.maximum,43563,66723,-23160,-34.71066948428577851715300571
reference-many,normal,"candidate,control",raw_summary.per_tenant.22.enqueue_to_result_released_nanos.mean,28104.333333,31775.833333,-3671.500000,-11.55437832746641187828765479
reference-many,normal,"candidate,control",raw_summary.per_tenant.22.enqueue_to_result_released_nanos.median,30946,26921.5,4024.5,14.94901844250877551399439110
reference-many,normal,"candidate,control",raw_summary.per_tenant.22.enqueue_to_result_released_nanos.median_absolute_deviation,10426.5,7554,2872.5,38.02621127879269261318506751
reference-many,normal,"candidate,control",raw_summary.per_tenant.22.enqueue_to_result_released_nanos.minimum,6777,9797,-3020,-30.82576298867000102072062876
reference-many,normal,"candidate,control",raw_summary.per_tenant.22.enqueue_to_result_released_nanos.p95,43563,66723,-23160,-34.71066948428577851715300571
reference-many,normal,"candidate,control",raw_summary.per_tenant.22.enqueue_to_result_released_nanos.p99,43563,66723,-23160,-34.71066948428577851715300571
reference-many,normal,"candidate,control",raw_summary.per_tenant.22.enqueue_to_result_released_nanos.standard_deviation,12739.559682,17704.959676,-4965.399994,-28.04524881652715490770937580
reference-many,normal,"candidate,control",raw_summary.per_tenant.22.observed_hold_nanos.count,6,6,0,0
reference-many,normal,"candidate,control",raw_summary.per_tenant.22.observed_hold_nanos.maximum,11637304,11700735,-63431,-0.5421112434389805426753105681
reference-many,normal,"candidate,control",raw_summary.per_tenant.22.observed_hold_nanos.mean,11521800.333333,11128069,393731.333333,3.538181991260118893942875444
reference-many,normal,"candidate,control",raw_summary.per_tenant.22.observed_hold_nanos.median,11580662,11343209.5,237452.5,2.093344921470418050552623576
reference-many,normal,"candidate,control",raw_summary.per_tenant.22.observed_hold_nanos.median_absolute_deviation,43687.5,203350,-159662.5,-78.51610523727563314482419474
reference-many,normal,"candidate,control",raw_summary.per_tenant.22.observed_hold_nanos.minimum,11350690,10313331,1037359,10.05842826144142954395626398
reference-many,normal,"candidate,control",raw_summary.per_tenant.22.observed_hold_nanos.p95,11637304,11700735,-63431,-0.5421112434389805426753105681
reference-many,normal,"candidate,control",raw_summary.per_tenant.22.observed_hold_nanos.p99,11637304,11700735,-63431,-0.5421112434389805426753105681
reference-many,normal,"candidate,control",raw_summary.per_tenant.22.observed_hold_nanos.standard_deviation,116159.390596,476038.032811,-359878.642215,-75.59871636514420559546395499
reference-many,normal,"candidate,control",raw_summary.per_tenant.22.offers,6,6,0,0
reference-many,normal,"candidate,control",raw_summary.per_tenant.22.outcomes.admission-error,0,0,0,null
reference-many,normal,"candidate,control",raw_summary.per_tenant.22.outcomes.backpressure,0,0,0,null
reference-many,normal,"candidate,control",raw_summary.per_tenant.22.outcomes.released,6,6,0,0
reference-many,normal,"candidate,control",raw_summary.per_tenant.22.outcomes.scheduler-error,0,0,0,null
reference-many,normal,"candidate,control",raw_summary.per_tenant.22.scheduling_lag_nanos.count,6,6,0,0
reference-many,normal,"candidate,control",raw_summary.per_tenant.22.scheduling_lag_nanos.maximum,1294827,1864948,-570121,-30.57034298007236662898911927
reference-many,normal,"candidate,control",raw_summary.per_tenant.22.scheduling_lag_nanos.mean,955692.333333,1592941.666667,-637249.333334,-40.00456179085026035441958007
reference-many,normal,"candidate,control",raw_summary.per_tenant.22.scheduling_lag_nanos.median,1127240,1636078,-508838,-31.10108442262532715432882784
reference-many,normal,"candidate,control",raw_summary.per_tenant.22.scheduling_lag_nanos.median_absolute_deviation,140719,226271,-85552,-37.80952928126008193714616544
reference-many,normal,"candidate,control",raw_summary.per_tenant.22.scheduling_lag_nanos.minimum,376535,1145240,-768705,-67.12173867486291083091753694
reference-many,normal,"candidate,control",raw_summary.per_tenant.22.scheduling_lag_nanos.p95,1294827,1864948,-570121,-30.57034298007236662898911927
reference-many,normal,"candidate,control",raw_summary.per_tenant.22.scheduling_lag_nanos.p99,1294827,1864948,-570121,-30.57034298007236662898911927
reference-many,normal,"candidate,control",raw_summary.per_tenant.22.scheduling_lag_nanos.standard_deviation,353857.656801,264047.66401,89809.992791,34.01279580629000392117500407
reference-many,normal,"candidate,control",raw_summary.per_tenant.23.enqueue_to_result_all_nanos.count,6,6,0,0
reference-many,normal,"candidate,control",raw_summary.per_tenant.23.enqueue_to_result_all_nanos.maximum,51859,42713,9146,21.41268466274904595790508744
reference-many,normal,"candidate,control",raw_summary.per_tenant.23.enqueue_to_result_all_nanos.mean,35843.5,28431.5,7412.0,26.06967623938237518245607865
reference-many,normal,"candidate,control",raw_summary.per_tenant.23.enqueue_to_result_all_nanos.median,35579,27229.5,8349.5,30.66343487761435208138232432
reference-many,normal,"candidate,control",raw_summary.per_tenant.23.enqueue_to_result_all_nanos.median_absolute_deviation,7425,5440.5,1984.5,36.47642679900744416873449132
reference-many,normal,"candidate,control",raw_summary.per_tenant.23.enqueue_to_result_all_nanos.minimum,24566,16632,7934,47.70322270322270322270322270
reference-many,normal,"candidate,control",raw_summary.per_tenant.23.enqueue_to_result_all_nanos.p95,51859,42713,9146,21.41268466274904595790508744
reference-many,normal,"candidate,control",raw_summary.per_tenant.23.enqueue_to_result_all_nanos.p99,51859,42713,9146,21.41268466274904595790508744
reference-many,normal,"candidate,control",raw_summary.per_tenant.23.enqueue_to_result_all_nanos.standard_deviation,9261.305753,8219.813841,1041.491912,12.67050485748342630865671450
reference-many,normal,"candidate,control",raw_summary.per_tenant.23.enqueue_to_result_released_nanos.count,6,6,0,0
reference-many,normal,"candidate,control",raw_summary.per_tenant.23.enqueue_to_result_released_nanos.maximum,51859,42713,9146,21.41268466274904595790508744
reference-many,normal,"candidate,control",raw_summary.per_tenant.23.enqueue_to_result_released_nanos.mean,35843.5,28431.5,7412.0,26.06967623938237518245607865
reference-many,normal,"candidate,control",raw_summary.per_tenant.23.enqueue_to_result_released_nanos.median,35579,27229.5,8349.5,30.66343487761435208138232432
reference-many,normal,"candidate,control",raw_summary.per_tenant.23.enqueue_to_result_released_nanos.median_absolute_deviation,7425,5440.5,1984.5,36.47642679900744416873449132
reference-many,normal,"candidate,control",raw_summary.per_tenant.23.enqueue_to_result_released_nanos.minimum,24566,16632,7934,47.70322270322270322270322270
reference-many,normal,"candidate,control",raw_summary.per_tenant.23.enqueue_to_result_released_nanos.p95,51859,42713,9146,21.41268466274904595790508744
reference-many,normal,"candidate,control",raw_summary.per_tenant.23.enqueue_to_result_released_nanos.p99,51859,42713,9146,21.41268466274904595790508744
reference-many,normal,"candidate,control",raw_summary.per_tenant.23.enqueue_to_result_released_nanos.standard_deviation,9261.305753,8219.813841,1041.491912,12.67050485748342630865671450
reference-many,normal,"candidate,control",raw_summary.per_tenant.23.observed_hold_nanos.count,6,6,0,0
reference-many,normal,"candidate,control",raw_summary.per_tenant.23.observed_hold_nanos.maximum,11472928,11696769,-223841,-1.913699415624947367944087807
reference-many,normal,"candidate,control",raw_summary.per_tenant.23.observed_hold_nanos.mean,10823807.333333,11169044,-345236.666667,-3.091013578843453387774280413
reference-many,normal,"candidate,control",raw_summary.per_tenant.23.observed_hold_nanos.median,10545909,11437348,-891439,-7.794105766476634268713341589
reference-many,normal,"candidate,control",raw_summary.per_tenant.23.observed_hold_nanos.median_absolute_deviation,69326,233113.5,-163787.5,-70.26083860437083223408339714
reference-many,normal,"candidate,control",raw_summary.per_tenant.23.observed_hold_nanos.minimum,10472965,10171174,301791,2.967120609675933181361364971
reference-many,normal,"candidate,control",raw_summary.per_tenant.23.observed_hold_nanos.p95,11472928,11696769,-223841,-1.913699415624947367944087807
reference-many,normal,"candidate,control",raw_summary.per_tenant.23.observed_hold_nanos.p99,11472928,11696769,-223841,-1.913699415624947367944087807
reference-many,normal,"candidate,control",raw_summary.per_tenant.23.observed_hold_nanos.standard_deviation,444276.313543,571087.602708,-126811.289165,-22.20522535661472904382324839
reference-many,normal,"candidate,control",raw_summary.per_tenant.23.offers,6,6,0,0
reference-many,normal,"candidate,control",raw_summary.per_tenant.23.outcomes.admission-error,0,0,0,null
reference-many,normal,"candidate,control",raw_summary.per_tenant.23.outcomes.backpressure,0,0,0,null
reference-many,normal,"candidate,control",raw_summary.per_tenant.23.outcomes.released,6,6,0,0
reference-many,normal,"candidate,control",raw_summary.per_tenant.23.outcomes.scheduler-error,0,0,0,null
reference-many,normal,"candidate,control",raw_summary.per_tenant.23.scheduling_lag_nanos.count,6,6,0,0
reference-many,normal,"candidate,control",raw_summary.per_tenant.23.scheduling_lag_nanos.maximum,901076,1983508,-1082432,-54.57159739209521716070719150
reference-many,normal,"candidate,control",raw_summary.per_tenant.23.scheduling_lag_nanos.mean,622800.5,1452140.333333,-829339.833333,-57.11154867721854971057141138
reference-many,normal,"candidate,control",raw_summary.per_tenant.23.scheduling_lag_nanos.median,563334.5,1432006.5,-868672.0,-60.66117716644442605532865947
reference-many,normal,"candidate,control",raw_summary.per_tenant.23.scheduling_lag_nanos.median_absolute_deviation,115086,328412,-213326,-64.95682252780044578151833672
reference-many,normal,"candidate,control",raw_summary.per_tenant.23.scheduling_lag_nanos.minimum,347889,1036925,-689036,-66.44993610916893700122959713
reference-many,normal,"candidate,control",raw_summary.per_tenant.23.scheduling_lag_nanos.p95,901076,1983508,-1082432,-54.57159739209521716070719150
reference-many,normal,"candidate,control",raw_summary.per_tenant.23.scheduling_lag_nanos.p99,901076,1983508,-1082432,-54.57159739209521716070719150
reference-many,normal,"candidate,control",raw_summary.per_tenant.23.scheduling_lag_nanos.standard_deviation,183447.070238,355337.665002,-171890.594764,-48.37387411858872954479177585
reference-many,normal,"candidate,control",raw_summary.per_tenant.24.enqueue_to_result_all_nanos.count,6,6,0,0
reference-many,normal,"candidate,control",raw_summary.per_tenant.24.enqueue_to_result_all_nanos.maximum,51045,40367,10678,26.45230014615899125523323507
reference-many,normal,"candidate,control",raw_summary.per_tenant.24.enqueue_to_result_all_nanos.mean,33501,23045.833333,10455.166667,45.36684144126366792900037849
reference-many,normal,"candidate,control",raw_summary.per_tenant.24.enqueue_to_result_all_nanos.median,32448.5,19119.5,13329.0,69.71416616543319647480321138
reference-many,normal,"candidate,control",raw_summary.per_tenant.24.enqueue_to_result_all_nanos.median_absolute_deviation,1601.5,7328,-5726.5,-78.14546943231441048034934498
reference-many,normal,"candidate,control",raw_summary.per_tenant.24.enqueue_to_result_all_nanos.minimum,20373,10560,9813,92.92613636363636363636363636
reference-many,normal,"candidate,control",raw_summary.per_tenant.24.enqueue_to_result_all_nanos.p95,51045,40367,10678,26.45230014615899125523323507
reference-many,normal,"candidate,control",raw_summary.per_tenant.24.enqueue_to_result_all_nanos.p99,51045,40367,10678,26.45230014615899125523323507
reference-many,normal,"candidate,control",raw_summary.per_tenant.24.enqueue_to_result_all_nanos.standard_deviation,9039.70997,11489.175738,-2449.465768,-21.31976935384918559072353185
reference-many,normal,"candidate,control",raw_summary.per_tenant.24.enqueue_to_result_released_nanos.count,6,6,0,0
reference-many,normal,"candidate,control",raw_summary.per_tenant.24.enqueue_to_result_released_nanos.maximum,51045,40367,10678,26.45230014615899125523323507
reference-many,normal,"candidate,control",raw_summary.per_tenant.24.enqueue_to_result_released_nanos.mean,33501,23045.833333,10455.166667,45.36684144126366792900037849
reference-many,normal,"candidate,control",raw_summary.per_tenant.24.enqueue_to_result_released_nanos.median,32448.5,19119.5,13329.0,69.71416616543319647480321138
reference-many,normal,"candidate,control",raw_summary.per_tenant.24.enqueue_to_result_released_nanos.median_absolute_deviation,1601.5,7328,-5726.5,-78.14546943231441048034934498
reference-many,normal,"candidate,control",raw_summary.per_tenant.24.enqueue_to_result_released_nanos.minimum,20373,10560,9813,92.92613636363636363636363636
reference-many,normal,"candidate,control",raw_summary.per_tenant.24.enqueue_to_result_released_nanos.p95,51045,40367,10678,26.45230014615899125523323507
reference-many,normal,"candidate,control",raw_summary.per_tenant.24.enqueue_to_result_released_nanos.p99,51045,40367,10678,26.45230014615899125523323507
reference-many,normal,"candidate,control",raw_summary.per_tenant.24.enqueue_to_result_released_nanos.standard_deviation,9039.70997,11489.175738,-2449.465768,-21.31976935384918559072353185
reference-many,normal,"candidate,control",raw_summary.per_tenant.24.observed_hold_nanos.count,6,6,0,0
reference-many,normal,"candidate,control",raw_summary.per_tenant.24.observed_hold_nanos.maximum,11464649,11614826,-150177,-1.292976752299173487403082922
reference-many,normal,"candidate,control",raw_summary.per_tenant.24.observed_hold_nanos.mean,11277462.333333,11193247.333333,84215.000000,0.7523732612359187385436503925
reference-many,normal,"candidate,control",raw_summary.per_tenant.24.observed_hold_nanos.median,11377158.5,11350861.5,26297.0,0.2316740451815045051866767998
reference-many,normal,"candidate,control",raw_summary.per_tenant.24.observed_hold_nanos.median_absolute_deviation,29320.5,220126.5,-190806.0,-86.68015890862753916498013642
reference-many,normal,"candidate,control",raw_summary.per_tenant.24.observed_hold_nanos.minimum,10675079,10240055,435024,4.248258432205686395239088071
reference-many,normal,"candidate,control",raw_summary.per_tenant.24.observed_hold_nanos.p95,11464649,11614826,-150177,-1.292976752299173487403082922
reference-many,normal,"candidate,control",raw_summary.per_tenant.24.observed_hold_nanos.p99,11464649,11614826,-150177,-1.292976752299173487403082922
reference-many,normal,"candidate,control",raw_summary.per_tenant.24.observed_hold_nanos.standard_deviation,271674.403755,458492.389493,-186817.985738,-40.74614759572846308536185472
reference-many,normal,"candidate,control",raw_summary.per_tenant.24.offers,6,6,0,0
reference-many,normal,"candidate,control",raw_summary.per_tenant.24.outcomes.admission-error,0,0,0,null
reference-many,normal,"candidate,control",raw_summary.per_tenant.24.outcomes.backpressure,0,0,0,null
reference-many,normal,"candidate,control",raw_summary.per_tenant.24.outcomes.released,6,6,0,0
reference-many,normal,"candidate,control",raw_summary.per_tenant.24.outcomes.scheduler-error,0,0,0,null
reference-many,normal,"candidate,control",raw_summary.per_tenant.24.scheduling_lag_nanos.count,6,6,0,0
reference-many,normal,"candidate,control",raw_summary.per_tenant.24.scheduling_lag_nanos.maximum,1166738,1963638,-796900,-40.58283655133991092044460333
reference-many,normal,"candidate,control",raw_summary.per_tenant.24.scheduling_lag_nanos.mean,724645.833333,1481280.166667,-756634.333334,-51.07975860073036380162592911
reference-many,normal,"candidate,control",raw_summary.per_tenant.24.scheduling_lag_nanos.median,759880.5,1486820.5,-726940.0,-48.89225027499957123270764696
reference-many,normal,"candidate,control",raw_summary.per_tenant.24.scheduling_lag_nanos.median_absolute_deviation,279311.5,237890.5,41421.0,17.41179240028500507586473609
reference-many,normal,"candidate,control",raw_summary.per_tenant.24.scheduling_lag_nanos.minimum,197017,1110359,-913342,-82.25645939736607709758735688
reference-many,normal,"candidate,control",raw_summary.per_tenant.24.scheduling_lag_nanos.p95,1166738,1963638,-796900,-40.58283655133991092044460333
reference-many,normal,"candidate,control",raw_summary.per_tenant.24.scheduling_lag_nanos.p99,1166738,1963638,-796900,-40.58283655133991092044460333
reference-many,normal,"candidate,control",raw_summary.per_tenant.24.scheduling_lag_nanos.standard_deviation,328211.886595,296221.040467,31990.846128,10.79965355518487744735708926
reference-many,normal,"candidate,control",raw_summary.per_tenant.25.enqueue_to_result_all_nanos.count,6,6,0,0
reference-many,normal,"candidate,control",raw_summary.per_tenant.25.enqueue_to_result_all_nanos.maximum,56547,52536,4011,7.634764732754682503426222019
reference-many,normal,"candidate,control",raw_summary.per_tenant.25.enqueue_to_result_all_nanos.mean,33000.666667,28041.166667,4959.500000,17.68649663865998803379959241
reference-many,normal,"candidate,control",raw_summary.per_tenant.25.enqueue_to_result_all_nanos.median,34667,23473.5,11193.5,47.68568811638656357168722176
reference-many,normal,"candidate,control",raw_summary.per_tenant.25.enqueue_to_result_all_nanos.median_absolute_deviation,14857.5,10380,4477.5,43.13583815028901734104046243
reference-many,normal,"candidate,control",raw_summary.per_tenant.25.enqueue_to_result_all_nanos.minimum,9364,9222,142,1.539796139666016048579483843
reference-many,normal,"candidate,control",raw_summary.per_tenant.25.enqueue_to_result_all_nanos.p95,56547,52536,4011,7.634764732754682503426222019
reference-many,normal,"candidate,control",raw_summary.per_tenant.25.enqueue_to_result_all_nanos.p99,56547,52536,4011,7.634764732754682503426222019
reference-many,normal,"candidate,control",raw_summary.per_tenant.25.enqueue_to_result_all_nanos.standard_deviation,16620.198832,14972.065493,1648.133339,11.00805590097481147853806012
reference-many,normal,"candidate,control",raw_summary.per_tenant.25.enqueue_to_result_released_nanos.count,6,6,0,0
reference-many,normal,"candidate,control",raw_summary.per_tenant.25.enqueue_to_result_released_nanos.maximum,56547,52536,4011,7.634764732754682503426222019
reference-many,normal,"candidate,control",raw_summary.per_tenant.25.enqueue_to_result_released_nanos.mean,33000.666667,28041.166667,4959.500000,17.68649663865998803379959241
reference-many,normal,"candidate,control",raw_summary.per_tenant.25.enqueue_to_result_released_nanos.median,34667,23473.5,11193.5,47.68568811638656357168722176
reference-many,normal,"candidate,control",raw_summary.per_tenant.25.enqueue_to_result_released_nanos.median_absolute_deviation,14857.5,10380,4477.5,43.13583815028901734104046243
reference-many,normal,"candidate,control",raw_summary.per_tenant.25.enqueue_to_result_released_nanos.minimum,9364,9222,142,1.539796139666016048579483843
reference-many,normal,"candidate,control",raw_summary.per_tenant.25.enqueue_to_result_released_nanos.p95,56547,52536,4011,7.634764732754682503426222019
reference-many,normal,"candidate,control",raw_summary.per_tenant.25.enqueue_to_result_released_nanos.p99,56547,52536,4011,7.634764732754682503426222019
reference-many,normal,"candidate,control",raw_summary.per_tenant.25.enqueue_to_result_released_nanos.standard_deviation,16620.198832,14972.065493,1648.133339,11.00805590097481147853806012
reference-many,normal,"candidate,control",raw_summary.per_tenant.25.observed_hold_nanos.count,6,6,0,0
reference-many,normal,"candidate,control",raw_summary.per_tenant.25.observed_hold_nanos.maximum,11825512,11561361,264151,2.284774257978796786987275979
reference-many,normal,"candidate,control",raw_summary.per_tenant.25.observed_hold_nanos.mean,11157809.166667,11006840,150969.166667,1.371594087558281941047566786
reference-many,normal,"candidate,control",raw_summary.per_tenant.25.observed_hold_nanos.median,11159662,10911194,248468,2.277184330147553054230361957
reference-many,normal,"candidate,control",raw_summary.per_tenant.25.observed_hold_nanos.median_absolute_deviation,642862.5,362843,280019.5,77.17373629917071570899810662
reference-many,normal,"candidate,control",raw_summary.per_tenant.25.observed_hold_nanos.minimum,10492200,10522323,-30123,-0.2862770891940876553589924962
reference-many,normal,"candidate,control",raw_summary.per_tenant.25.observed_hold_nanos.p95,11825512,11561361,264151,2.284774257978796786987275979
reference-many,normal,"candidate,control",raw_summary.per_tenant.25.observed_hold_nanos.p99,11825512,11561361,264151,2.284774257978796786987275979
reference-many,normal,"candidate,control",raw_summary.per_tenant.25.observed_hold_nanos.standard_deviation,604514.518542,441340.776855,163173.741687,36.97227862101892388712530853
reference-many,normal,"candidate,control",raw_summary.per_tenant.25.offers,6,6,0,0
reference-many,normal,"candidate,control",raw_summary.per_tenant.25.outcomes.admission-error,0,0,0,null
reference-many,normal,"candidate,control",raw_summary.per_tenant.25.outcomes.backpressure,0,0,0,null
reference-many,normal,"candidate,control",raw_summary.per_tenant.25.outcomes.released,6,6,0,0
reference-many,normal,"candidate,control",raw_summary.per_tenant.25.outcomes.scheduler-error,0,0,0,null
reference-many,normal,"candidate,control",raw_summary.per_tenant.25.scheduling_lag_nanos.count,6,6,0,0
reference-many,normal,"candidate,control",raw_summary.per_tenant.25.scheduling_lag_nanos.maximum,997586,1973528,-975942,-49.45164193262016044363191199
reference-many,normal,"candidate,control",raw_summary.per_tenant.25.scheduling_lag_nanos.mean,535819,1545233.5,-1009414.5,-65.32439919274336208734796392
reference-many,normal,"candidate,control",raw_summary.per_tenant.25.scheduling_lag_nanos.median,470938.5,1554964.5,-1084026.0,-69.71387449681327129976279201
reference-many,normal,"candidate,control",raw_summary.per_tenant.25.scheduling_lag_nanos.median_absolute_deviation,203092,256488.5,-53396.5,-20.81828230115580230692604152
reference-many,normal,"candidate,control",raw_summary.per_tenant.25.scheduling_lag_nanos.minimum,245488,1127575,-882087,-78.22867658470611710972662572
reference-many,normal,"candidate,control",raw_summary.per_tenant.25.scheduling_lag_nanos.p95,997586,1973528,-975942,-49.45164193262016044363191199
reference-many,normal,"candidate,control",raw_summary.per_tenant.25.scheduling_lag_nanos.p99,997586,1973528,-975942,-49.45164193262016044363191199
reference-many,normal,"candidate,control",raw_summary.per_tenant.25.scheduling_lag_nanos.standard_deviation,261594.583035,289104.470514,-27509.887479,-9.515552433378169660412448118
reference-many,normal,"candidate,control",raw_summary.per_tenant.26.enqueue_to_result_all_nanos.count,6,6,0,0
reference-many,normal,"candidate,control",raw_summary.per_tenant.26.enqueue_to_result_all_nanos.maximum,49686,31871,17815,55.89721063035361300241598946
reference-many,normal,"candidate,control",raw_summary.per_tenant.26.enqueue_to_result_all_nanos.mean,30610.666667,17621.833333,12988.833334,73.70875145933943217144147756
reference-many,normal,"candidate,control",raw_summary.per_tenant.26.enqueue_to_result_all_nanos.median,28247.5,12427.5,15820.0,127.2983303158318245825789580
reference-many,normal,"candidate,control",raw_summary.per_tenant.26.enqueue_to_result_all_nanos.median_absolute_deviation,12150.5,1089,11061.5,1015.748393021120293847566575
reference-many,normal,"candidate,control",raw_summary.per_tenant.26.enqueue_to_result_all_nanos.minimum,12467,11032,1435,13.00761421319796954314720812
reference-many,normal,"candidate,control",raw_summary.per_tenant.26.enqueue_to_result_all_nanos.p95,49686,31871,17815,55.89721063035361300241598946
reference-many,normal,"candidate,control",raw_summary.per_tenant.26.enqueue_to_result_all_nanos.p99,49686,31871,17815,55.89721063035361300241598946
reference-many,normal,"candidate,control",raw_summary.per_tenant.26.enqueue_to_result_all_nanos.standard_deviation,13870.305748,8287.767601,5582.538147,67.35876795491239788686733954
reference-many,normal,"candidate,control",raw_summary.per_tenant.26.enqueue_to_result_released_nanos.count,6,6,0,0
reference-many,normal,"candidate,control",raw_summary.per_tenant.26.enqueue_to_result_released_nanos.maximum,49686,31871,17815,55.89721063035361300241598946
reference-many,normal,"candidate,control",raw_summary.per_tenant.26.enqueue_to_result_released_nanos.mean,30610.666667,17621.833333,12988.833334,73.70875145933943217144147756
reference-many,normal,"candidate,control",raw_summary.per_tenant.26.enqueue_to_result_released_nanos.median,28247.5,12427.5,15820.0,127.2983303158318245825789580
reference-many,normal,"candidate,control",raw_summary.per_tenant.26.enqueue_to_result_released_nanos.median_absolute_deviation,12150.5,1089,11061.5,1015.748393021120293847566575
reference-many,normal,"candidate,control",raw_summary.per_tenant.26.enqueue_to_result_released_nanos.minimum,12467,11032,1435,13.00761421319796954314720812
reference-many,normal,"candidate,control",raw_summary.per_tenant.26.enqueue_to_result_released_nanos.p95,49686,31871,17815,55.89721063035361300241598946
reference-many,normal,"candidate,control",raw_summary.per_tenant.26.enqueue_to_result_released_nanos.p99,49686,31871,17815,55.89721063035361300241598946
reference-many,normal,"candidate,control",raw_summary.per_tenant.26.enqueue_to_result_released_nanos.standard_deviation,13870.305748,8287.767601,5582.538147,67.35876795491239788686733954
reference-many,normal,"candidate,control",raw_summary.per_tenant.26.observed_hold_nanos.count,6,6,0,0
reference-many,normal,"candidate,control",raw_summary.per_tenant.26.observed_hold_nanos.maximum,11624643,11718348,-93705,-0.7996434309682559350515960099
reference-many,normal,"candidate,control",raw_summary.per_tenant.26.observed_hold_nanos.mean,11025690,11343220.166667,-317530.166667,-2.799294750533793915024496533
reference-many,normal,"candidate,control",raw_summary.per_tenant.26.observed_hold_nanos.median,11013411.5,11504982.5,-491571.0,-4.272679250055356450998513036
reference-many,normal,"candidate,control",raw_summary.per_tenant.26.observed_hold_nanos.median_absolute_deviation,556373.5,70860,485513.5,685.1728760937058989556872707
reference-many,normal,"candidate,control",raw_summary.per_tenant.26.observed_hold_nanos.minimum,10453474,10371020,82454,0.7950423391334699962009522689
reference-many,normal,"candidate,control",raw_summary.per_tenant.26.observed_hold_nanos.p95,11624643,11718348,-93705,-0.7996434309682559350515960099
reference-many,normal,"candidate,control",raw_summary.per_tenant.26.observed_hold_nanos.p99,11624643,11718348,-93705,-0.7996434309682559350515960099
reference-many,normal,"candidate,control",raw_summary.per_tenant.26.observed_hold_nanos.standard_deviation,523829.803118,444554.607637,79275.195481,17.83249889195434253102922811
reference-many,normal,"candidate,control",raw_summary.per_tenant.26.offers,6,6,0,0
reference-many,normal,"candidate,control",raw_summary.per_tenant.26.outcomes.admission-error,0,0,0,null
reference-many,normal,"candidate,control",raw_summary.per_tenant.26.outcomes.backpressure,0,0,0,null
reference-many,normal,"candidate,control",raw_summary.per_tenant.26.outcomes.released,6,6,0,0
reference-many,normal,"candidate,control",raw_summary.per_tenant.26.outcomes.scheduler-error,0,0,0,null
reference-many,normal,"candidate,control",raw_summary.per_tenant.26.scheduling_lag_nanos.count,6,6,0,0
reference-many,normal,"candidate,control",raw_summary.per_tenant.26.scheduling_lag_nanos.maximum,1259575,2188964,-929389,-42.45793900676301665993593316
reference-many,normal,"candidate,control",raw_summary.per_tenant.26.scheduling_lag_nanos.mean,740320.666667,1477925,-737604.333333,-49.90810314007815010910567180
reference-many,normal,"candidate,control",raw_summary.per_tenant.26.scheduling_lag_nanos.median,872719.5,1356185,-483465.5,-35.64893432680644602321954601
reference-many,normal,"candidate,control",raw_summary.per_tenant.26.scheduling_lag_nanos.median_absolute_deviation,236400,204802,31598,15.42856026796613314323102313
reference-many,normal,"candidate,control",raw_summary.per_tenant.26.scheduling_lag_nanos.minimum,175448,1082669,-907221,-83.79486251107217441341721246
reference-many,normal,"candidate,control",raw_summary.per_tenant.26.scheduling_lag_nanos.p95,1259575,2188964,-929389,-42.45793900676301665993593316
reference-many,normal,"candidate,control",raw_summary.per_tenant.26.scheduling_lag_nanos.p99,1259575,2188964,-929389,-42.45793900676301665993593316
reference-many,normal,"candidate,control",raw_summary.per_tenant.26.scheduling_lag_nanos.standard_deviation,381134.104477,367625.1521,13508.952377,3.674654005535874214195258812
reference-many,normal,"candidate,control",raw_summary.per_tenant.27.enqueue_to_result_all_nanos.count,6,6,0,0
reference-many,normal,"candidate,control",raw_summary.per_tenant.27.enqueue_to_result_all_nanos.maximum,40325,46450,-6125,-13.18622174381054897739504844
reference-many,normal,"candidate,control",raw_summary.per_tenant.27.enqueue_to_result_all_nanos.mean,32478.333333,29255.333333,3223.000000,11.01679465864932655764930983
reference-many,normal,"candidate,control",raw_summary.per_tenant.27.enqueue_to_result_all_nanos.median,32097.5,27523,4574.5,16.62064455182937906478218217
reference-many,normal,"candidate,control",raw_summary.per_tenant.27.enqueue_to_result_all_nanos.median_absolute_deviation,5502,12403.5,-6901.5,-55.64155278751965171121054541
reference-many,normal,"candidate,control",raw_summary.per_tenant.27.enqueue_to_result_all_nanos.minimum,24570,14378,10192,70.88607594936708860759493671
reference-many,normal,"candidate,control",raw_summary.per_tenant.27.enqueue_to_result_all_nanos.p95,40325,46450,-6125,-13.18622174381054897739504844
reference-many,normal,"candidate,control",raw_summary.per_tenant.27.enqueue_to_result_all_nanos.p99,40325,46450,-6125,-13.18622174381054897739504844
reference-many,normal,"candidate,control",raw_summary.per_tenant.27.enqueue_to_result_all_nanos.standard_deviation,5557.066692,12480.298563,-6923.231871,-55.47328724590865382809191694
reference-many,normal,"candidate,control",raw_summary.per_tenant.27.enqueue_to_result_released_nanos.count,6,6,0,0
reference-many,normal,"candidate,control",raw_summary.per_tenant.27.enqueue_to_result_released_nanos.maximum,40325,46450,-6125,-13.18622174381054897739504844
reference-many,normal,"candidate,control",raw_summary.per_tenant.27.enqueue_to_result_released_nanos.mean,32478.333333,29255.333333,3223.000000,11.01679465864932655764930983
reference-many,normal,"candidate,control",raw_summary.per_tenant.27.enqueue_to_result_released_nanos.median,32097.5,27523,4574.5,16.62064455182937906478218217
reference-many,normal,"candidate,control",raw_summary.per_tenant.27.enqueue_to_result_released_nanos.median_absolute_deviation,5502,12403.5,-6901.5,-55.64155278751965171121054541
reference-many,normal,"candidate,control",raw_summary.per_tenant.27.enqueue_to_result_released_nanos.minimum,24570,14378,10192,70.88607594936708860759493671
reference-many,normal,"candidate,control",raw_summary.per_tenant.27.enqueue_to_result_released_nanos.p95,40325,46450,-6125,-13.18622174381054897739504844
reference-many,normal,"candidate,control",raw_summary.per_tenant.27.enqueue_to_result_released_nanos.p99,40325,46450,-6125,-13.18622174381054897739504844
reference-many,normal,"candidate,control",raw_summary.per_tenant.27.enqueue_to_result_released_nanos.standard_deviation,5557.066692,12480.298563,-6923.231871,-55.47328724590865382809191694
reference-many,normal,"candidate,control",raw_summary.per_tenant.27.observed_hold_nanos.count,6,6,0,0
reference-many,normal,"candidate,control",raw_summary.per_tenant.27.observed_hold_nanos.maximum,11763267,11454650,308617,2.694250806441052323728791364
reference-many,normal,"candidate,control",raw_summary.per_tenant.27.observed_hold_nanos.mean,11163078,10843246,319832,2.949596458477470676216328579
reference-many,normal,"candidate,control",raw_summary.per_tenant.27.observed_hold_nanos.median,11444472.5,10696483,747989.5,6.992854567244205408450609420
reference-many,normal,"candidate,control",raw_summary.per_tenant.27.observed_hold_nanos.median_absolute_deviation,246770,257466,-10696,-4.154334941312639338786480545
reference-many,normal,"candidate,control",raw_summary.per_tenant.27.observed_hold_nanos.minimum,10253206,10325157,-71951,-0.6968513892815382855679579497
reference-many,normal,"candidate,control",raw_summary.per_tenant.27.observed_hold_nanos.p95,11763267,11454650,308617,2.694250806441052323728791364
reference-many,normal,"candidate,control",raw_summary.per_tenant.27.observed_hold_nanos.p99,11763267,11454650,308617,2.694250806441052323728791364
reference-many,normal,"candidate,control",raw_summary.per_tenant.27.observed_hold_nanos.standard_deviation,586448.296187,412878.838219,173569.457968,42.03883607033764927568425003
reference-many,normal,"candidate,control",raw_summary.per_tenant.27.offers,6,6,0,0
reference-many,normal,"candidate,control",raw_summary.per_tenant.27.outcomes.admission-error,0,0,0,null
reference-many,normal,"candidate,control",raw_summary.per_tenant.27.outcomes.backpressure,0,0,0,null
reference-many,normal,"candidate,control",raw_summary.per_tenant.27.outcomes.released,6,6,0,0
reference-many,normal,"candidate,control",raw_summary.per_tenant.27.outcomes.scheduler-error,0,0,0,null
reference-many,normal,"candidate,control",raw_summary.per_tenant.27.scheduling_lag_nanos.count,6,6,0,0
reference-many,normal,"candidate,control",raw_summary.per_tenant.27.scheduling_lag_nanos.maximum,796680,2089585,-1292905,-61.87376919340443198051287696
reference-many,normal,"candidate,control",raw_summary.per_tenant.27.scheduling_lag_nanos.mean,449636,1667391.833333,-1217755.833333,-73.03357309234212865444092118
reference-many,normal,"candidate,control",raw_summary.per_tenant.27.scheduling_lag_nanos.median,404263.5,1623855,-1219591.5,-75.10470454566448358997570596
reference-many,normal,"candidate,control",raw_summary.per_tenant.27.scheduling_lag_nanos.median_absolute_deviation,130447,165530,-35083,-21.19434543587265148311484323
reference-many,normal,"candidate,control",raw_summary.per_tenant.27.scheduling_lag_nanos.minimum,250177,1422178,-1172001,-82.40888271369687901233178969
reference-many,normal,"candidate,control",raw_summary.per_tenant.27.scheduling_lag_nanos.p95,796680,2089585,-1292905,-61.87376919340443198051287696
reference-many,normal,"candidate,control",raw_summary.per_tenant.27.scheduling_lag_nanos.p99,796680,2089585,-1292905,-61.87376919340443198051287696
reference-many,normal,"candidate,control",raw_summary.per_tenant.27.scheduling_lag_nanos.standard_deviation,191523.938474,234368.009052,-42844.070578,-18.28068205695003592848970327
reference-many,normal,"candidate,control",raw_summary.per_tenant.28.enqueue_to_result_all_nanos.count,6,6,0,0
reference-many,normal,"candidate,control",raw_summary.per_tenant.28.enqueue_to_result_all_nanos.maximum,58970,40007,18963,47.39920513910065738495763241
reference-many,normal,"candidate,control",raw_summary.per_tenant.28.enqueue_to_result_all_nanos.mean,34777.5,30215.5,4562.0,15.09821118300210157038606013
reference-many,normal,"candidate,control",raw_summary.per_tenant.28.enqueue_to_result_all_nanos.median,30264,28796,1468,5.097930268092790665370190304
reference-many,normal,"candidate,control",raw_summary.per_tenant.28.enqueue_to_result_all_nanos.median_absolute_deviation,1766,5752.5,-3986.5,-69.30030421555845284658843981
reference-many,normal,"candidate,control",raw_summary.per_tenant.28.enqueue_to_result_all_nanos.minimum,27749,17943,9806,54.65083876720726745806163964
reference-many,normal,"candidate,control",raw_summary.per_tenant.28.enqueue_to_result_all_nanos.p95,58970,40007,18963,47.39920513910065738495763241
reference-many,normal,"candidate,control",raw_summary.per_tenant.28.enqueue_to_result_all_nanos.p99,58970,40007,18963,47.39920513910065738495763241
reference-many,normal,"candidate,control",raw_summary.per_tenant.28.enqueue_to_result_all_nanos.standard_deviation,10917.429333,7439.859984,3477.569349,46.74240316993578517861526465
reference-many,normal,"candidate,control",raw_summary.per_tenant.28.enqueue_to_result_released_nanos.count,6,6,0,0
reference-many,normal,"candidate,control",raw_summary.per_tenant.28.enqueue_to_result_released_nanos.maximum,58970,40007,18963,47.39920513910065738495763241
reference-many,normal,"candidate,control",raw_summary.per_tenant.28.enqueue_to_result_released_nanos.mean,34777.5,30215.5,4562.0,15.09821118300210157038606013
reference-many,normal,"candidate,control",raw_summary.per_tenant.28.enqueue_to_result_released_nanos.median,30264,28796,1468,5.097930268092790665370190304
reference-many,normal,"candidate,control",raw_summary.per_tenant.28.enqueue_to_result_released_nanos.median_absolute_deviation,1766,5752.5,-3986.5,-69.30030421555845284658843981
reference-many,normal,"candidate,control",raw_summary.per_tenant.28.enqueue_to_result_released_nanos.minimum,27749,17943,9806,54.65083876720726745806163964
reference-many,normal,"candidate,control",raw_summary.per_tenant.28.enqueue_to_result_released_nanos.p95,58970,40007,18963,47.39920513910065738495763241
reference-many,normal,"candidate,control",raw_summary.per_tenant.28.enqueue_to_result_released_nanos.p99,58970,40007,18963,47.39920513910065738495763241
reference-many,normal,"candidate,control",raw_summary.per_tenant.28.enqueue_to_result_released_nanos.standard_deviation,10917.429333,7439.859984,3477.569349,46.74240316993578517861526465
reference-many,normal,"candidate,control",raw_summary.per_tenant.28.observed_hold_nanos.count,6,6,0,0
reference-many,normal,"candidate,control",raw_summary.per_tenant.28.observed_hold_nanos.maximum,11431435,11681869,-250434,-2.143783670232905368139293464
reference-many,normal,"candidate,control",raw_summary.per_tenant.28.observed_hold_nanos.mean,10747626.5,11141035.666667,-393409.166667,-3.531172311422049088006347763
reference-many,normal,"candidate,control",raw_summary.per_tenant.28.observed_hold_nanos.median,10536903,11332156.5,-795253.5,-7.017671349667647106709124605
reference-many,normal,"candidate,control",raw_summary.per_tenant.28.observed_hold_nanos.median_absolute_deviation,214511,341484.5,-126973.5,-37.18280039064730610027687933
reference-many,normal,"candidate,control",raw_summary.per_tenant.28.observed_hold_nanos.minimum,10277577,10395205,-117628,-1.131560176061943944347417872
reference-many,normal,"candidate,control",raw_summary.per_tenant.28.observed_hold_nanos.p95,11431435,11681869,-250434,-2.143783670232905368139293464
reference-many,normal,"candidate,control",raw_summary.per_tenant.28.observed_hold_nanos.p99,11431435,11681869,-250434,-2.143783670232905368139293464
reference-many,normal,"candidate,control",raw_summary.per_tenant.28.observed_hold_nanos.standard_deviation,469695.305663,532498.569101,-62803.263438,-11.79407177450799637881222619
reference-many,normal,"candidate,control",raw_summary.per_tenant.28.offers,6,6,0,0
reference-many,normal,"candidate,control",raw_summary.per_tenant.28.outcomes.admission-error,0,0,0,null
reference-many,normal,"candidate,control",raw_summary.per_tenant.28.outcomes.backpressure,0,0,0,null
reference-many,normal,"candidate,control",raw_summary.per_tenant.28.outcomes.released,6,6,0,0
reference-many,normal,"candidate,control",raw_summary.per_tenant.28.outcomes.scheduler-error,0,0,0,null
reference-many,normal,"candidate,control",raw_summary.per_tenant.28.scheduling_lag_nanos.count,6,6,0,0
reference-many,normal,"candidate,control",raw_summary.per_tenant.28.scheduling_lag_nanos.maximum,1157791,2068192,-910401,-44.01917230121768191734616515
reference-many,normal,"candidate,control",raw_summary.per_tenant.28.scheduling_lag_nanos.mean,874999,1593971.333333,-718972.333333,-45.10572544799950516162524033
reference-many,normal,"candidate,control",raw_summary.per_tenant.28.scheduling_lag_nanos.median,786817,1559010,-772193,-49.53098440677096362435135118
reference-many,normal,"candidate,control",raw_summary.per_tenant.28.scheduling_lag_nanos.median_absolute_deviation,93225.5,320791.5,-227566.0,-70.93891203476401338564145247
reference-many,normal,"candidate,control",raw_summary.per_tenant.28.scheduling_lag_nanos.minimum,655263,1144069,-488806,-42.72522024458315014216799861
reference-many,normal,"candidate,control",raw_summary.per_tenant.28.scheduling_lag_nanos.p95,1157791,2068192,-910401,-44.01917230121768191734616515
reference-many,normal,"candidate,control",raw_summary.per_tenant.28.scheduling_lag_nanos.p99,1157791,2068192,-910401,-44.01917230121768191734616515
reference-many,normal,"candidate,control",raw_summary.per_tenant.28.scheduling_lag_nanos.standard_deviation,195821.841664,350168.413073,-154346.571409,-44.07781103226555101828849073
reference-many,normal,"candidate,control",raw_summary.per_tenant.29.enqueue_to_result_all_nanos.count,6,6,0,0
reference-many,normal,"candidate,control",raw_summary.per_tenant.29.enqueue_to_result_all_nanos.maximum,62633,39601,23032,58.16014747102345900356051615
reference-many,normal,"candidate,control",raw_summary.per_tenant.29.enqueue_to_result_all_nanos.mean,33217,23332.333333,9884.666667,42.36467277372408350034607317
reference-many,normal,"candidate,control",raw_summary.per_tenant.29.enqueue_to_result_all_nanos.median,28472,22451.5,6020.5,26.81558025076275527247622653
reference-many,normal,"candidate,control",raw_summary.per_tenant.29.enqueue_to_result_all_nanos.median_absolute_deviation,10309.5,7588.5,2721.0,35.85688871318442379916979640
reference-many,normal,"candidate,control",raw_summary.per_tenant.29.enqueue_to_result_all_nanos.minimum,16906,12107,4799,39.63822581977368464524655158
reference-many,normal,"candidate,control",raw_summary.per_tenant.29.enqueue_to_result_all_nanos.p95,62633,39601,23032,58.16014747102345900356051615
reference-many,normal,"candidate,control",raw_summary.per_tenant.29.enqueue_to_result_all_nanos.p99,62633,39601,23032,58.16014747102345900356051615
reference-many,normal,"candidate,control",raw_summary.per_tenant.29.enqueue_to_result_all_nanos.standard_deviation,15655.791569,9554.269685,6101.521884,63.86172973094175329424982628
reference-many,normal,"candidate,control",raw_summary.per_tenant.29.enqueue_to_result_released_nanos.count,6,6,0,0
reference-many,normal,"candidate,control",raw_summary.per_tenant.29.enqueue_to_result_released_nanos.maximum,62633,39601,23032,58.16014747102345900356051615
reference-many,normal,"candidate,control",raw_summary.per_tenant.29.enqueue_to_result_released_nanos.mean,33217,23332.333333,9884.666667,42.36467277372408350034607317
reference-many,normal,"candidate,control",raw_summary.per_tenant.29.enqueue_to_result_released_nanos.median,28472,22451.5,6020.5,26.81558025076275527247622653
reference-many,normal,"candidate,control",raw_summary.per_tenant.29.enqueue_to_result_released_nanos.median_absolute_deviation,10309.5,7588.5,2721.0,35.85688871318442379916979640
reference-many,normal,"candidate,control",raw_summary.per_tenant.29.enqueue_to_result_released_nanos.minimum,16906,12107,4799,39.63822581977368464524655158
reference-many,normal,"candidate,control",raw_summary.per_tenant.29.enqueue_to_result_released_nanos.p95,62633,39601,23032,58.16014747102345900356051615
reference-many,normal,"candidate,control",raw_summary.per_tenant.29.enqueue_to_result_released_nanos.p99,62633,39601,23032,58.16014747102345900356051615
reference-many,normal,"candidate,control",raw_summary.per_tenant.29.enqueue_to_result_released_nanos.standard_deviation,15655.791569,9554.269685,6101.521884,63.86172973094175329424982628
reference-many,normal,"candidate,control",raw_summary.per_tenant.29.observed_hold_nanos.count,6,6,0,0
reference-many,normal,"candidate,control",raw_summary.per_tenant.29.observed_hold_nanos.maximum,11805928,11521122,284806,2.472033539788919863881312949
reference-many,normal,"candidate,control",raw_summary.per_tenant.29.observed_hold_nanos.mean,11486472,11024320.666667,462151.333333,4.192107135729052870827362573
reference-many,normal,"candidate,control",raw_summary.per_tenant.29.observed_hold_nanos.median,11451018.5,11107607.5,343411.0,3.091673882066862733491438188
reference-many,normal,"candidate,control",raw_summary.per_tenant.29.observed_hold_nanos.median_absolute_deviation,142476.5,362836.5,-220360.0,-60.73258892090514598173006299
reference-many,normal,"candidate,control",raw_summary.per_tenant.29.observed_hold_nanos.minimum,11270630,10403570,867060,8.334254491487056846832385422
reference-many,normal,"candidate,control",raw_summary.per_tenant.29.observed_hold_nanos.p95,11805928,11521122,284806,2.472033539788919863881312949
reference-many,normal,"candidate,control",raw_summary.per_tenant.29.observed_hold_nanos.p99,11805928,11521122,284806,2.472033539788919863881312949
reference-many,normal,"candidate,control",raw_summary.per_tenant.29.observed_hold_nanos.standard_deviation,179770.818367,423823.912959,-244053.094592,-57.58360657096978827008697199
reference-many,normal,"candidate,control",raw_summary.per_tenant.29.offers,6,6,0,0
reference-many,normal,"candidate,control",raw_summary.per_tenant.29.outcomes.admission-error,0,0,0,null
reference-many,normal,"candidate,control",raw_summary.per_tenant.29.outcomes.backpressure,0,0,0,null
reference-many,normal,"candidate,control",raw_summary.per_tenant.29.outcomes.released,6,6,0,0
reference-many,normal,"candidate,control",raw_summary.per_tenant.29.outcomes.scheduler-error,0,0,0,null
reference-many,normal,"candidate,control",raw_summary.per_tenant.29.scheduling_lag_nanos.count,6,6,0,0
reference-many,normal,"candidate,control",raw_summary.per_tenant.29.scheduling_lag_nanos.maximum,1279927,1812586,-532659,-29.38668841092229554901119174
reference-many,normal,"candidate,control",raw_summary.per_tenant.29.scheduling_lag_nanos.mean,739724.5,1444297.166667,-704572.666667,-48.78308169037955760450258689
reference-many,normal,"candidate,control",raw_summary.per_tenant.29.scheduling_lag_nanos.median,713874,1483158,-769284,-51.86797360766688377098056984
reference-many,normal,"candidate,control",raw_summary.per_tenant.29.scheduling_lag_nanos.median_absolute_deviation,409345,280552.5,128792.5,45.90673759813225688596608478
reference-many,normal,"candidate,control",raw_summary.per_tenant.29.scheduling_lag_nanos.minimum,260546,1073510,-812964,-75.72952278041191977717953256
reference-many,normal,"candidate,control",raw_summary.per_tenant.29.scheduling_lag_nanos.p95,1279927,1812586,-532659,-29.38668841092229554901119174
reference-many,normal,"candidate,control",raw_summary.per_tenant.29.scheduling_lag_nanos.p99,1279927,1812586,-532659,-29.38668841092229554901119174
reference-many,normal,"candidate,control",raw_summary.per_tenant.29.scheduling_lag_nanos.standard_deviation,436672.769356,297650.132624,139022.636732,46.70672762898355428753601938
reference-many,normal,"candidate,control",raw_summary.per_tenant.3.enqueue_to_result_all_nanos.count,7,7,0,0
reference-many,normal,"candidate,control",raw_summary.per_tenant.3.enqueue_to_result_all_nanos.maximum,57850,49900,7950,15.93186372745490981963927856
reference-many,normal,"candidate,control",raw_summary.per_tenant.3.enqueue_to_result_all_nanos.mean,34410,32317.857143,2092.142857,6.473643496048298625279927954
reference-many,normal,"candidate,control",raw_summary.per_tenant.3.enqueue_to_result_all_nanos.median,32225,34101,-1876,-5.501304947069000909064250315
reference-many,normal,"candidate,control",raw_summary.per_tenant.3.enqueue_to_result_all_nanos.median_absolute_deviation,5890,8252,-2362,-28.62336403296170625302956859
reference-many,normal,"candidate,control",raw_summary.per_tenant.3.enqueue_to_result_all_nanos.minimum,22563,10753,11810,109.8298149353668743606435413
reference-many,normal,"candidate,control",raw_summary.per_tenant.3.enqueue_to_result_all_nanos.p95,57850,49900,7950,15.93186372745490981963927856
reference-many,normal,"candidate,control",raw_summary.per_tenant.3.enqueue_to_result_all_nanos.p99,57850,49900,7950,15.93186372745490981963927856
reference-many,normal,"candidate,control",raw_summary.per_tenant.3.enqueue_to_result_all_nanos.standard_deviation,10967.478132,11800.765453,-833.287321,-7.061298898946941048062198106
reference-many,normal,"candidate,control",raw_summary.per_tenant.3.enqueue_to_result_released_nanos.count,7,7,0,0
reference-many,normal,"candidate,control",raw_summary.per_tenant.3.enqueue_to_result_released_nanos.maximum,57850,49900,7950,15.93186372745490981963927856
reference-many,normal,"candidate,control",raw_summary.per_tenant.3.enqueue_to_result_released_nanos.mean,34410,32317.857143,2092.142857,6.473643496048298625279927954
reference-many,normal,"candidate,control",raw_summary.per_tenant.3.enqueue_to_result_released_nanos.median,32225,34101,-1876,-5.501304947069000909064250315
reference-many,normal,"candidate,control",raw_summary.per_tenant.3.enqueue_to_result_released_nanos.median_absolute_deviation,5890,8252,-2362,-28.62336403296170625302956859
reference-many,normal,"candidate,control",raw_summary.per_tenant.3.enqueue_to_result_released_nanos.minimum,22563,10753,11810,109.8298149353668743606435413
reference-many,normal,"candidate,control",raw_summary.per_tenant.3.enqueue_to_result_released_nanos.p95,57850,49900,7950,15.93186372745490981963927856
reference-many,normal,"candidate,control",raw_summary.per_tenant.3.enqueue_to_result_released_nanos.p99,57850,49900,7950,15.93186372745490981963927856
reference-many,normal,"candidate,control",raw_summary.per_tenant.3.enqueue_to_result_released_nanos.standard_deviation,10967.478132,11800.765453,-833.287321,-7.061298898946941048062198106
reference-many,normal,"candidate,control",raw_summary.per_tenant.3.observed_hold_nanos.count,7,7,0,0
reference-many,normal,"candidate,control",raw_summary.per_tenant.3.observed_hold_nanos.maximum,11606160,11744974,-138814,-1.181901296673794254461525415
reference-many,normal,"candidate,control",raw_summary.per_tenant.3.observed_hold_nanos.mean,11024042.142857,11244592.428571,-220550.285714,-1.961389771261173757200572658
reference-many,normal,"candidate,control",raw_summary.per_tenant.3.observed_hold_nanos.median,11331264,11446800,-115536,-1.009330118461054617884474264
reference-many,normal,"candidate,control",raw_summary.per_tenant.3.observed_hold_nanos.median_absolute_deviation,274896,276706,-1810,-0.6541238715459729821543443221
reference-many,normal,"candidate,control",raw_summary.per_tenant.3.observed_hold_nanos.minimum,10388303,10536341,-148038,-1.405022863250154868753773250
reference-many,normal,"candidate,control",raw_summary.per_tenant.3.observed_hold_nanos.p95,11606160,11744974,-138814,-1.181901296673794254461525415
reference-many,normal,"candidate,control",raw_summary.per_tenant.3.observed_hold_nanos.p99,11606160,11744974,-138814,-1.181901296673794254461525415
reference-many,normal,"candidate,control",raw_summary.per_tenant.3.observed_hold_nanos.standard_deviation,517354.019311,394564.263564,122789.755747,31.12034390491195102894977496
reference-many,normal,"candidate,control",raw_summary.per_tenant.3.offers,7,7,0,0
reference-many,normal,"candidate,control",raw_summary.per_tenant.3.outcomes.admission-error,0,0,0,null
reference-many,normal,"candidate,control",raw_summary.per_tenant.3.outcomes.backpressure,0,0,0,null
reference-many,normal,"candidate,control",raw_summary.per_tenant.3.outcomes.released,7,7,0,0
reference-many,normal,"candidate,control",raw_summary.per_tenant.3.outcomes.scheduler-error,0,0,0,null
reference-many,normal,"candidate,control",raw_summary.per_tenant.3.scheduling_lag_nanos.count,7,7,0,0
reference-many,normal,"candidate,control",raw_summary.per_tenant.3.scheduling_lag_nanos.maximum,1125727,1963181,-837454,-42.65801268451558974949329685
reference-many,normal,"candidate,control",raw_summary.per_tenant.3.scheduling_lag_nanos.mean,648527.571429,1571956.857143,-923429.285714,-58.74393317589607203567601582
reference-many,normal,"candidate,control",raw_summary.per_tenant.3.scheduling_lag_nanos.median,566662,1740992,-1174330,-67.45177462044627430798073742
reference-many,normal,"candidate,control",raw_summary.per_tenant.3.scheduling_lag_nanos.median_absolute_deviation,349308,222189,127119,57.21210320942980975655860551
reference-many,normal,"candidate,control",raw_summary.per_tenant.3.scheduling_lag_nanos.minimum,217354,1050005,-832651,-79.29971762039228384626739873
reference-many,normal,"candidate,control",raw_summary.per_tenant.3.scheduling_lag_nanos.p95,1125727,1963181,-837454,-42.65801268451558974949329685
reference-many,normal,"candidate,control",raw_summary.per_tenant.3.scheduling_lag_nanos.p99,1125727,1963181,-837454,-42.65801268451558974949329685
reference-many,normal,"candidate,control",raw_summary.per_tenant.3.scheduling_lag_nanos.standard_deviation,342183.842131,369059.913236,-26876.071105,-7.282305701896634475043606982
reference-many,normal,"candidate,control",raw_summary.per_tenant.30.enqueue_to_result_all_nanos.count,6,6,0,0
reference-many,normal,"candidate,control",raw_summary.per_tenant.30.enqueue_to_result_all_nanos.maximum,43202,45017,-1815,-4.031810205033653952951107359
reference-many,normal,"candidate,control",raw_summary.per_tenant.30.enqueue_to_result_all_nanos.mean,32436.666667,28550.833333,3885.833334,13.61022737472473339802953485
reference-many,normal,"candidate,control",raw_summary.per_tenant.30.enqueue_to_result_all_nanos.median,31739.5,24049,7690.5,31.97846064285417273067487214
reference-many,normal,"candidate,control",raw_summary.per_tenant.30.enqueue_to_result_all_nanos.median_absolute_deviation,5335,5826,-491,-8.427737727428767593546172331
reference-many,normal,"candidate,control",raw_summary.per_tenant.30.enqueue_to_result_all_nanos.minimum,24883,17306,7577,43.78250317808852421125621172
reference-many,normal,"candidate,control",raw_summary.per_tenant.30.enqueue_to_result_all_nanos.p95,43202,45017,-1815,-4.031810205033653952951107359
reference-many,normal,"candidate,control",raw_summary.per_tenant.30.enqueue_to_result_all_nanos.p99,43202,45017,-1815,-4.031810205033653952951107359
reference-many,normal,"candidate,control",raw_summary.per_tenant.30.enqueue_to_result_all_nanos.standard_deviation,6226.066834,10809.315665,-4583.248831,-42.40091577527262453205449986
reference-many,normal,"candidate,control",raw_summary.per_tenant.30.enqueue_to_result_released_nanos.count,6,6,0,0
reference-many,normal,"candidate,control",raw_summary.per_tenant.30.enqueue_to_result_released_nanos.maximum,43202,45017,-1815,-4.031810205033653952951107359
reference-many,normal,"candidate,control",raw_summary.per_tenant.30.enqueue_to_result_released_nanos.mean,32436.666667,28550.833333,3885.833334,13.61022737472473339802953485
reference-many,normal,"candidate,control",raw_summary.per_tenant.30.enqueue_to_result_released_nanos.median,31739.5,24049,7690.5,31.97846064285417273067487214
reference-many,normal,"candidate,control",raw_summary.per_tenant.30.enqueue_to_result_released_nanos.median_absolute_deviation,5335,5826,-491,-8.427737727428767593546172331
reference-many,normal,"candidate,control",raw_summary.per_tenant.30.enqueue_to_result_released_nanos.minimum,24883,17306,7577,43.78250317808852421125621172
reference-many,normal,"candidate,control",raw_summary.per_tenant.30.enqueue_to_result_released_nanos.p95,43202,45017,-1815,-4.031810205033653952951107359
reference-many,normal,"candidate,control",raw_summary.per_tenant.30.enqueue_to_result_released_nanos.p99,43202,45017,-1815,-4.031810205033653952951107359
reference-many,normal,"candidate,control",raw_summary.per_tenant.30.enqueue_to_result_released_nanos.standard_deviation,6226.066834,10809.315665,-4583.248831,-42.40091577527262453205449986
reference-many,normal,"candidate,control",raw_summary.per_tenant.30.observed_hold_nanos.count,6,6,0,0
reference-many,normal,"candidate,control",raw_summary.per_tenant.30.observed_hold_nanos.maximum,11714604,11530575,184029,1.596008872064055782127083862
reference-many,normal,"candidate,control",raw_summary.per_tenant.30.observed_hold_nanos.mean,11004659.333333,11147896.166667,-143236.833334,-1.284877713180432090266802347
reference-many,normal,"candidate,control",raw_summary.per_tenant.30.observed_hold_nanos.median,11085030,11459322.5,-374292.5,-3.266270759026111709483697662
reference-many,normal,"candidate,control",raw_summary.per_tenant.30.observed_hold_nanos.median_absolute_deviation,543472,69227.5,474244.5,685.0521830197537105918890614
reference-many,normal,"candidate,control",raw_summary.per_tenant.30.observed_hold_nanos.minimum,10284573,10351468,-66895,-0.6462368429289449573722297166
reference-many,normal,"candidate,control",raw_summary.per_tenant.30.observed_hold_nanos.p95,11714604,11530575,184029,1.596008872064055782127083862
reference-many,normal,"candidate,control",raw_summary.per_tenant.30.observed_hold_nanos.p99,11714604,11530575,184029,1.596008872064055782127083862
reference-many,normal,"candidate,control",raw_summary.per_tenant.30.observed_hold_nanos.standard_deviation,594519.599978,494090.08637,100429.513608,20.32615435493543355305026214
reference-many,normal,"candidate,control",raw_summary.per_tenant.30.offers,6,6,0,0
reference-many,normal,"candidate,control",raw_summary.per_tenant.30.outcomes.admission-error,0,0,0,null
reference-many,normal,"candidate,control",raw_summary.per_tenant.30.outcomes.backpressure,0,0,0,null
reference-many,normal,"candidate,control",raw_summary.per_tenant.30.outcomes.released,6,6,0,0
reference-many,normal,"candidate,control",raw_summary.per_tenant.30.outcomes.scheduler-error,0,0,0,null
reference-many,normal,"candidate,control",raw_summary.per_tenant.30.scheduling_lag_nanos.count,6,6,0,0
reference-many,normal,"candidate,control",raw_summary.per_tenant.30.scheduling_lag_nanos.maximum,867510,1793212,-925702,-51.62256331097494328612567839
reference-many,normal,"candidate,control",raw_summary.per_tenant.30.scheduling_lag_nanos.mean,581271.833333,1324827.5,-743555.666667,-56.12471560765458144550894362
reference-many,normal,"candidate,control",raw_summary.per_tenant.30.scheduling_lag_nanos.median,609998,1329514,-719516,-54.11872308226916000884533747
reference-many,normal,"candidate,control",raw_summary.per_tenant.30.scheduling_lag_nanos.median_absolute_deviation,246051,227949,18102,7.941250016451048260795177869
reference-many,normal,"candidate,control",raw_summary.per_tenant.30.scheduling_lag_nanos.minimum,221301,1002161,-780860,-77.91762002313001603534761381
reference-many,normal,"candidate,control",raw_summary.per_tenant.30.scheduling_lag_nanos.p95,867510,1793212,-925702,-51.62256331097494328612567839
reference-many,normal,"candidate,control",raw_summary.per_tenant.30.scheduling_lag_nanos.p99,867510,1793212,-925702,-51.62256331097494328612567839
reference-many,normal,"candidate,control",raw_summary.per_tenant.30.scheduling_lag_nanos.standard_deviation,246728.13927,274368.092402,-27639.953132,-10.07404064008374436881069525
reference-many,normal,"candidate,control",raw_summary.per_tenant.31.enqueue_to_result_all_nanos.count,6,6,0,0
reference-many,normal,"candidate,control",raw_summary.per_tenant.31.enqueue_to_result_all_nanos.maximum,135210,94406,40804,43.22182912103044298031904752
reference-many,normal,"candidate,control",raw_summary.per_tenant.31.enqueue_to_result_all_nanos.mean,106961.5,69242.333333,37719.166667,54.47414154228614547719981584
reference-many,normal,"candidate,control",raw_summary.per_tenant.31.enqueue_to_result_all_nanos.median,123060.5,66794.5,56266.0,84.23747464237324929447783874
reference-many,normal,"candidate,control",raw_summary.per_tenant.31.enqueue_to_result_all_nanos.median_absolute_deviation,12117.5,6287.5,5830.0,92.72365805168986083499005964
reference-many,normal,"candidate,control",raw_summary.per_tenant.31.enqueue_to_result_all_nanos.minimum,56351,52944,3407,6.435101239045028709579933515
reference-many,normal,"candidate,control",raw_summary.per_tenant.31.enqueue_to_result_all_nanos.p95,135210,94406,40804,43.22182912103044298031904752
reference-many,normal,"candidate,control",raw_summary.per_tenant.31.enqueue_to_result_all_nanos.p99,135210,94406,40804,43.22182912103044298031904752
reference-many,normal,"candidate,control",raw_summary.per_tenant.31.enqueue_to_result_all_nanos.standard_deviation,32305.112829,12899.862463,19405.250366,150.4299012618085151440114234
reference-many,normal,"candidate,control",raw_summary.per_tenant.31.enqueue_to_result_released_nanos.count,6,6,0,0
reference-many,normal,"candidate,control",raw_summary.per_tenant.31.enqueue_to_result_released_nanos.maximum,135210,94406,40804,43.22182912103044298031904752
reference-many,normal,"candidate,control",raw_summary.per_tenant.31.enqueue_to_result_released_nanos.mean,106961.5,69242.333333,37719.166667,54.47414154228614547719981584
reference-many,normal,"candidate,control",raw_summary.per_tenant.31.enqueue_to_result_released_nanos.median,123060.5,66794.5,56266.0,84.23747464237324929447783874
reference-many,normal,"candidate,control",raw_summary.per_tenant.31.enqueue_to_result_released_nanos.median_absolute_deviation,12117.5,6287.5,5830.0,92.72365805168986083499005964
reference-many,normal,"candidate,control",raw_summary.per_tenant.31.enqueue_to_result_released_nanos.minimum,56351,52944,3407,6.435101239045028709579933515
reference-many,normal,"candidate,control",raw_summary.per_tenant.31.enqueue_to_result_released_nanos.p95,135210,94406,40804,43.22182912103044298031904752
reference-many,normal,"candidate,control",raw_summary.per_tenant.31.enqueue_to_result_released_nanos.p99,135210,94406,40804,43.22182912103044298031904752
reference-many,normal,"candidate,control",raw_summary.per_tenant.31.enqueue_to_result_released_nanos.standard_deviation,32305.112829,12899.862463,19405.250366,150.4299012618085151440114234
reference-many,normal,"candidate,control",raw_summary.per_tenant.31.observed_hold_nanos.count,6,6,0,0
reference-many,normal,"candidate,control",raw_summary.per_tenant.31.observed_hold_nanos.maximum,11584887,11697538,-112651,-0.9630317080397601614972312977
reference-many,normal,"candidate,control",raw_summary.per_tenant.31.observed_hold_nanos.mean,11137625.5,11314552,-176926.5,-1.563707515772608584060597362
reference-many,normal,"candidate,control",raw_summary.per_tenant.31.observed_hold_nanos.median,11422800,11453005.5,-30205.5,-0.2637342660841296199499773225
reference-many,normal,"candidate,control",raw_summary.per_tenant.31.observed_hold_nanos.median_absolute_deviation,154245.5,54966,99279.5,180.6198377178619510242695484
reference-many,normal,"candidate,control",raw_summary.per_tenant.31.observed_hold_nanos.minimum,10298771,10412043,-113272,-1.087894085723618313908231074
reference-many,normal,"candidate,control",raw_summary.per_tenant.31.observed_hold_nanos.p95,11584887,11697538,-112651,-0.9630317080397601614972312977
reference-many,normal,"candidate,control",raw_summary.per_tenant.31.observed_hold_nanos.p99,11584887,11697538,-112651,-0.9630317080397601614972312977
reference-many,normal,"candidate,control",raw_summary.per_tenant.31.observed_hold_nanos.standard_deviation,520440.939592,415429.780389,105011.159203,25.27771579222598956874032973
reference-many,normal,"candidate,control",raw_summary.per_tenant.31.offers,6,6,0,0
reference-many,normal,"candidate,control",raw_summary.per_tenant.31.outcomes.admission-error,0,0,0,null
reference-many,normal,"candidate,control",raw_summary.per_tenant.31.outcomes.backpressure,0,0,0,null
reference-many,normal,"candidate,control",raw_summary.per_tenant.31.outcomes.released,6,6,0,0
reference-many,normal,"candidate,control",raw_summary.per_tenant.31.outcomes.scheduler-error,0,0,0,null
reference-many,normal,"candidate,control",raw_summary.per_tenant.31.scheduling_lag_nanos.count,6,6,0,0
reference-many,normal,"candidate,control",raw_summary.per_tenant.31.scheduling_lag_nanos.maximum,1254868,1925174,-670306,-34.81794372872270246741333511
reference-many,normal,"candidate,control",raw_summary.per_tenant.31.scheduling_lag_nanos.mean,782311.833333,1547093.833333,-764782.000000,-49.43345927198111846033729717
reference-many,normal,"candidate,control",raw_summary.per_tenant.31.scheduling_lag_nanos.median,739121.5,1543669.5,-804548.0,-52.11918742969269004796687374
reference-many,normal,"candidate,control",raw_summary.per_tenant.31.scheduling_lag_nanos.median_absolute_deviation,200425.5,248752,-48326.5,-19.42758249179906091207306876
reference-many,normal,"candidate,control",raw_summary.per_tenant.31.scheduling_lag_nanos.minimum,343797,1138832,-795035,-69.81143838599547606670694185
reference-many,normal,"candidate,control",raw_summary.per_tenant.31.scheduling_lag_nanos.p95,1254868,1925174,-670306,-34.81794372872270246741333511
reference-many,normal,"candidate,control",raw_summary.per_tenant.31.scheduling_lag_nanos.p99,1254868,1925174,-670306,-34.81794372872270246741333511
reference-many,normal,"candidate,control",raw_summary.per_tenant.31.scheduling_lag_nanos.standard_deviation,290214.218183,286925.664491,3288.553692,1.146134382169620136714980340
reference-many,normal,"candidate,control",raw_summary.per_tenant.4.enqueue_to_result_all_nanos.count,7,7,0,0
reference-many,normal,"candidate,control",raw_summary.per_tenant.4.enqueue_to_result_all_nanos.maximum,43144,52066,-8922,-17.13594284177774363308108939
reference-many,normal,"candidate,control",raw_summary.per_tenant.4.enqueue_to_result_all_nanos.mean,31159.285714,38214.285714,-7055.000000,-18.46168224312868547471498083
reference-many,normal,"candidate,control",raw_summary.per_tenant.4.enqueue_to_result_all_nanos.median,31182,38291,-7109,-18.56572040427254446214515160
reference-many,normal,"candidate,control",raw_summary.per_tenant.4.enqueue_to_result_all_nanos.median_absolute_deviation,6508,7655,-1147,-14.98367080339647289353363815
reference-many,normal,"candidate,control",raw_summary.per_tenant.4.enqueue_to_result_all_nanos.minimum,11462,24030,-12568,-52.30129005409904286308780691
reference-many,normal,"candidate,control",raw_summary.per_tenant.4.enqueue_to_result_all_nanos.p95,43144,52066,-8922,-17.13594284177774363308108939
reference-many,normal,"candidate,control",raw_summary.per_tenant.4.enqueue_to_result_all_nanos.p99,43144,52066,-8922,-17.13594284177774363308108939
reference-many,normal,"candidate,control",raw_summary.per_tenant.4.enqueue_to_result_all_nanos.standard_deviation,10346.624415,9741.11105,605.513365,6.216060589926238444843517106
reference-many,normal,"candidate,control",raw_summary.per_tenant.4.enqueue_to_result_released_nanos.count,7,7,0,0
reference-many,normal,"candidate,control",raw_summary.per_tenant.4.enqueue_to_result_released_nanos.maximum,43144,52066,-8922,-17.13594284177774363308108939
reference-many,normal,"candidate,control",raw_summary.per_tenant.4.enqueue_to_result_released_nanos.mean,31159.285714,38214.285714,-7055.000000,-18.46168224312868547471498083
reference-many,normal,"candidate,control",raw_summary.per_tenant.4.enqueue_to_result_released_nanos.median,31182,38291,-7109,-18.56572040427254446214515160
reference-many,normal,"candidate,control",raw_summary.per_tenant.4.enqueue_to_result_released_nanos.median_absolute_deviation,6508,7655,-1147,-14.98367080339647289353363815
reference-many,normal,"candidate,control",raw_summary.per_tenant.4.enqueue_to_result_released_nanos.minimum,11462,24030,-12568,-52.30129005409904286308780691
reference-many,normal,"candidate,control",raw_summary.per_tenant.4.enqueue_to_result_released_nanos.p95,43144,52066,-8922,-17.13594284177774363308108939
reference-many,normal,"candidate,control",raw_summary.per_tenant.4.enqueue_to_result_released_nanos.p99,43144,52066,-8922,-17.13594284177774363308108939
reference-many,normal,"candidate,control",raw_summary.per_tenant.4.enqueue_to_result_released_nanos.standard_deviation,10346.624415,9741.11105,605.513365,6.216060589926238444843517106
reference-many,normal,"candidate,control",raw_summary.per_tenant.4.observed_hold_nanos.count,7,7,0,0
reference-many,normal,"candidate,control",raw_summary.per_tenant.4.observed_hold_nanos.maximum,11518242,11703752,-185510,-1.585047256640434623016618944
reference-many,normal,"candidate,control",raw_summary.per_tenant.4.observed_hold_nanos.mean,10866580.857143,11383698.857143,-517118.000000,-4.542618409793234885060836199
reference-many,normal,"candidate,control",raw_summary.per_tenant.4.observed_hold_nanos.median,10615949,11460557,-844608,-7.369694160589227905764091571
reference-many,normal,"candidate,control",raw_summary.per_tenant.4.observed_hold_nanos.median_absolute_deviation,409683,90129,319554,354.5518090736610857770528909
reference-many,normal,"candidate,control",raw_summary.per_tenant.4.observed_hold_nanos.minimum,10206266,10561599,-355333,-3.364386396415921490675796345
reference-many,normal,"candidate,control",raw_summary.per_tenant.4.observed_hold_nanos.p95,11518242,11703752,-185510,-1.585047256640434623016618944
reference-many,normal,"candidate,control",raw_summary.per_tenant.4.observed_hold_nanos.p99,11518242,11703752,-185510,-1.585047256640434623016618944
reference-many,normal,"candidate,control",raw_summary.per_tenant.4.observed_hold_nanos.standard_deviation,508244.67193,348238.247889,160006.424041,45.94740095637100008083311115
reference-many,normal,"candidate,control",raw_summary.per_tenant.4.offers,7,7,0,0
reference-many,normal,"candidate,control",raw_summary.per_tenant.4.outcomes.admission-error,0,0,0,null
reference-many,normal,"candidate,control",raw_summary.per_tenant.4.outcomes.backpressure,0,0,0,null
reference-many,normal,"candidate,control",raw_summary.per_tenant.4.outcomes.released,7,7,0,0
reference-many,normal,"candidate,control",raw_summary.per_tenant.4.outcomes.scheduler-error,0,0,0,null
reference-many,normal,"candidate,control",raw_summary.per_tenant.4.scheduling_lag_nanos.count,7,7,0,0
reference-many,normal,"candidate,control",raw_summary.per_tenant.4.scheduling_lag_nanos.maximum,960302,2021126,-1060824,-52.48678212046156449424726613
reference-many,normal,"candidate,control",raw_summary.per_tenant.4.scheduling_lag_nanos.mean,575249.428571,1402412.714286,-827163.285715,-58.98144514014389254169215036
reference-many,normal,"candidate,control",raw_summary.per_tenant.4.scheduling_lag_nanos.median,565102,1324411,-759309,-57.33182524156021053887350679
reference-many,normal,"candidate,control",raw_summary.per_tenant.4.scheduling_lag_nanos.median_absolute_deviation,276083,96525,179558,186.0222740222740222740222740
reference-many,normal,"candidate,control",raw_summary.per_tenant.4.scheduling_lag_nanos.minimum,240761,1123459,-882698,-78.56966742889593656733356535
reference-many,normal,"candidate,control",raw_summary.per_tenant.4.scheduling_lag_nanos.p95,960302,2021126,-1060824,-52.48678212046156449424726613
reference-many,normal,"candidate,control",raw_summary.per_tenant.4.scheduling_lag_nanos.p99,960302,2021126,-1060824,-52.48678212046156449424726613
reference-many,normal,"candidate,control",raw_summary.per_tenant.4.scheduling_lag_nanos.standard_deviation,269735.237736,275984.692951,-6249.455215,-2.264420953269885249433831380
reference-many,normal,"candidate,control",raw_summary.per_tenant.5.enqueue_to_result_all_nanos.count,7,7,0,0
reference-many,normal,"candidate,control",raw_summary.per_tenant.5.enqueue_to_result_all_nanos.maximum,52852,30978,21874,70.61140163987345858351087869
reference-many,normal,"candidate,control",raw_summary.per_tenant.5.enqueue_to_result_all_nanos.mean,33236.857143,24272.857143,8964.000000,36.93013948539267765590375683
reference-many,normal,"candidate,control",raw_summary.per_tenant.5.enqueue_to_result_all_nanos.median,31723,24696,7027,28.45400064787819889860706187
reference-many,normal,"candidate,control",raw_summary.per_tenant.5.enqueue_to_result_all_nanos.median_absolute_deviation,5077,3568,1509,42.29260089686098654708520179
reference-many,normal,"candidate,control",raw_summary.per_tenant.5.enqueue_to_result_all_nanos.minimum,24953,13983,10970,78.45240649359937066437817350
reference-many,normal,"candidate,control",raw_summary.per_tenant.5.enqueue_to_result_all_nanos.p95,52852,30978,21874,70.61140163987345858351087869
reference-many,normal,"candidate,control",raw_summary.per_tenant.5.enqueue_to_result_all_nanos.p99,52852,30978,21874,70.61140163987345858351087869
reference-many,normal,"candidate,control",raw_summary.per_tenant.5.enqueue_to_result_all_nanos.standard_deviation,8874.0021,5171.361037,3702.641063,71.59896662616248117893687878
reference-many,normal,"candidate,control",raw_summary.per_tenant.5.enqueue_to_result_released_nanos.count,7,7,0,0
reference-many,normal,"candidate,control",raw_summary.per_tenant.5.enqueue_to_result_released_nanos.maximum,52852,30978,21874,70.61140163987345858351087869
reference-many,normal,"candidate,control",raw_summary.per_tenant.5.enqueue_to_result_released_nanos.mean,33236.857143,24272.857143,8964.000000,36.93013948539267765590375683
reference-many,normal,"candidate,control",raw_summary.per_tenant.5.enqueue_to_result_released_nanos.median,31723,24696,7027,28.45400064787819889860706187
reference-many,normal,"candidate,control",raw_summary.per_tenant.5.enqueue_to_result_released_nanos.median_absolute_deviation,5077,3568,1509,42.29260089686098654708520179
reference-many,normal,"candidate,control",raw_summary.per_tenant.5.enqueue_to_result_released_nanos.minimum,24953,13983,10970,78.45240649359937066437817350
reference-many,normal,"candidate,control",raw_summary.per_tenant.5.enqueue_to_result_released_nanos.p95,52852,30978,21874,70.61140163987345858351087869
reference-many,normal,"candidate,control",raw_summary.per_tenant.5.enqueue_to_result_released_nanos.p99,52852,30978,21874,70.61140163987345858351087869
reference-many,normal,"candidate,control",raw_summary.per_tenant.5.enqueue_to_result_released_nanos.standard_deviation,8874.0021,5171.361037,3702.641063,71.59896662616248117893687878
reference-many,normal,"candidate,control",raw_summary.per_tenant.5.observed_hold_nanos.count,7,7,0,0
reference-many,normal,"candidate,control",raw_summary.per_tenant.5.observed_hold_nanos.maximum,11740794,11630118,110676,0.9516326489550664920166760131
reference-many,normal,"candidate,control",raw_summary.per_tenant.5.observed_hold_nanos.mean,11345526.571429,10965908.285714,379618.285715,3.461804310451450371795414340
reference-many,normal,"candidate,control",raw_summary.per_tenant.5.observed_hold_nanos.median,11426450,10805334,621116,5.748235084635051540285566369
reference-many,normal,"candidate,control",raw_summary.per_tenant.5.observed_hold_nanos.median_absolute_deviation,205397,403398,-198001,-49.08328747291756528292158117
reference-many,normal,"candidate,control",raw_summary.per_tenant.5.observed_hold_nanos.minimum,10453961,10401936,52025,0.5001472802755179420446347680
reference-many,normal,"candidate,control",raw_summary.per_tenant.5.observed_hold_nanos.p95,11740794,11630118,110676,0.9516326489550664920166760131
reference-many,normal,"candidate,control",raw_summary.per_tenant.5.observed_hold_nanos.p99,11740794,11630118,110676,0.9516326489550664920166760131
reference-many,normal,"candidate,control",raw_summary.per_tenant.5.observed_hold_nanos.standard_deviation,401383.52906,444344.379993,-42960.850933,-9.668368244845762599076689882
reference-many,normal,"candidate,control",raw_summary.per_tenant.5.offers,7,7,0,0
reference-many,normal,"candidate,control",raw_summary.per_tenant.5.outcomes.admission-error,0,0,0,null
reference-many,normal,"candidate,control",raw_summary.per_tenant.5.outcomes.backpressure,0,0,0,null
reference-many,normal,"candidate,control",raw_summary.per_tenant.5.outcomes.released,7,7,0,0
reference-many,normal,"candidate,control",raw_summary.per_tenant.5.outcomes.scheduler-error,0,0,0,null
reference-many,normal,"candidate,control",raw_summary.per_tenant.5.scheduling_lag_nanos.count,7,7,0,0
reference-many,normal,"candidate,control",raw_summary.per_tenant.5.scheduling_lag_nanos.maximum,1311120,2194435,-883315,-40.25250235254177043293604048
reference-many,normal,"candidate,control",raw_summary.per_tenant.5.scheduling_lag_nanos.mean,824721.428571,1695032.428571,-870311.000000,-51.34479938733190982339924855
reference-many,normal,"candidate,control",raw_summary.per_tenant.5.scheduling_lag_nanos.median,628784,1662093,-1033309,-62.16914456651944265453256827
reference-many,normal,"candidate,control",raw_summary.per_tenant.5.scheduling_lag_nanos.median_absolute_deviation,305879,124974,180905,144.7541088546417654872213420
reference-many,normal,"candidate,control",raw_summary.per_tenant.5.scheduling_lag_nanos.minimum,322905,1343978,-1021073,-75.97393707337471297893269086
reference-many,normal,"candidate,control",raw_summary.per_tenant.5.scheduling_lag_nanos.p95,1311120,2194435,-883315,-40.25250235254177043293604048
reference-many,normal,"candidate,control",raw_summary.per_tenant.5.scheduling_lag_nanos.p99,1311120,2194435,-883315,-40.25250235254177043293604048
reference-many,normal,"candidate,control",raw_summary.per_tenant.5.scheduling_lag_nanos.standard_deviation,358927.160083,247798.460335,111128.699748,44.84640445213604034720161894
reference-many,normal,"candidate,control",raw_summary.per_tenant.6.enqueue_to_result_all_nanos.count,7,7,0,0
reference-many,normal,"candidate,control",raw_summary.per_tenant.6.enqueue_to_result_all_nanos.maximum,50130,81937,-31807,-38.81884862760413488411828600
reference-many,normal,"candidate,control",raw_summary.per_tenant.6.enqueue_to_result_all_nanos.mean,32563.428571,28968.142857,3595.285714,12.41117089123722695814237920
reference-many,normal,"candidate,control",raw_summary.per_tenant.6.enqueue_to_result_all_nanos.median,30683,18952,11731,61.89848037146475306036302237
reference-many,normal,"candidate,control",raw_summary.per_tenant.6.enqueue_to_result_all_nanos.median_absolute_deviation,8286,6960,1326,19.05172413793103448275862069
reference-many,normal,"candidate,control",raw_summary.per_tenant.6.enqueue_to_result_all_nanos.minimum,14798,11992,2806,23.39893262174783188792528352
reference-many,normal,"candidate,control",raw_summary.per_tenant.6.enqueue_to_result_all_nanos.p95,50130,81937,-31807,-38.81884862760413488411828600
reference-many,normal,"candidate,control",raw_summary.per_tenant.6.enqueue_to_result_all_nanos.p99,50130,81937,-31807,-38.81884862760413488411828600
reference-many,normal,"candidate,control",raw_summary.per_tenant.6.enqueue_to_result_all_nanos.standard_deviation,11999.020351,23065.067659,-11066.047308,-47.97751938820792166660429045
reference-many,normal,"candidate,control",raw_summary.per_tenant.6.enqueue_to_result_released_nanos.count,7,7,0,0
reference-many,normal,"candidate,control",raw_summary.per_tenant.6.enqueue_to_result_released_nanos.maximum,50130,81937,-31807,-38.81884862760413488411828600
reference-many,normal,"candidate,control",raw_summary.per_tenant.6.enqueue_to_result_released_nanos.mean,32563.428571,28968.142857,3595.285714,12.41117089123722695814237920
reference-many,normal,"candidate,control",raw_summary.per_tenant.6.enqueue_to_result_released_nanos.median,30683,18952,11731,61.89848037146475306036302237
reference-many,normal,"candidate,control",raw_summary.per_tenant.6.enqueue_to_result_released_nanos.median_absolute_deviation,8286,6960,1326,19.05172413793103448275862069
reference-many,normal,"candidate,control",raw_summary.per_tenant.6.enqueue_to_result_released_nanos.minimum,14798,11992,2806,23.39893262174783188792528352
reference-many,normal,"candidate,control",raw_summary.per_tenant.6.enqueue_to_result_released_nanos.p95,50130,81937,-31807,-38.81884862760413488411828600
reference-many,normal,"candidate,control",raw_summary.per_tenant.6.enqueue_to_result_released_nanos.p99,50130,81937,-31807,-38.81884862760413488411828600
reference-many,normal,"candidate,control",raw_summary.per_tenant.6.enqueue_to_result_released_nanos.standard_deviation,11999.020351,23065.067659,-11066.047308,-47.97751938820792166660429045
reference-many,normal,"candidate,control",raw_summary.per_tenant.6.observed_hold_nanos.count,7,7,0,0
reference-many,normal,"candidate,control",raw_summary.per_tenant.6.observed_hold_nanos.maximum,11643743,11489285,154458,1.344365641552107028418217496
reference-many,normal,"candidate,control",raw_summary.per_tenant.6.observed_hold_nanos.mean,11139137.571429,10836083.714286,303053.857143,2.796710187311140671982170492
reference-many,normal,"candidate,control",raw_summary.per_tenant.6.observed_hold_nanos.median,10879479,10778655,100824,0.9354042781775648260381281338
reference-many,normal,"candidate,control",raw_summary.per_tenant.6.observed_hold_nanos.median_absolute_deviation,226915,139866,87049,62.23742725179814965752934952
reference-many,normal,"candidate,control",raw_summary.per_tenant.6.observed_hold_nanos.minimum,10652564,10493725,158839,1.513656971189925407803234790
reference-many,normal,"candidate,control",raw_summary.per_tenant.6.observed_hold_nanos.p95,11643743,11489285,154458,1.344365641552107028418217496
reference-many,normal,"candidate,control",raw_summary.per_tenant.6.observed_hold_nanos.p99,11643743,11489285,154458,1.344365641552107028418217496
reference-many,normal,"candidate,control",raw_summary.per_tenant.6.observed_hold_nanos.standard_deviation,431286.758637,303118.67367,128168.084967,42.28313729906800565079155059
reference-many,normal,"candidate,control",raw_summary.per_tenant.6.offers,7,7,0,0
reference-many,normal,"candidate,control",raw_summary.per_tenant.6.outcomes.admission-error,0,0,0,null
reference-many,normal,"candidate,control",raw_summary.per_tenant.6.outcomes.backpressure,0,0,0,null
reference-many,normal,"candidate,control",raw_summary.per_tenant.6.outcomes.released,7,7,0,0
reference-many,normal,"candidate,control",raw_summary.per_tenant.6.outcomes.scheduler-error,0,0,0,null
reference-many,normal,"candidate,control",raw_summary.per_tenant.6.scheduling_lag_nanos.count,7,7,0,0
reference-many,normal,"candidate,control",raw_summary.per_tenant.6.scheduling_lag_nanos.maximum,1067560,1760600,-693040,-39.36385323185277746222878564
reference-many,normal,"candidate,control",raw_summary.per_tenant.6.scheduling_lag_nanos.mean,734386.857143,1349629.571429,-615242.714286,-45.58604281577614279468987327
reference-many,normal,"candidate,control",raw_summary.per_tenant.6.scheduling_lag_nanos.median,874481,1279821,-405340,-31.67161657763077805411850563
reference-many,normal,"candidate,control",raw_summary.per_tenant.6.scheduling_lag_nanos.median_absolute_deviation,193079,248328,-55249,-22.24839728101543120389162720
reference-many,normal,"candidate,control",raw_summary.per_tenant.6.scheduling_lag_nanos.minimum,321243,1010137,-688894,-68.19807610254846619814935994
reference-many,normal,"candidate,control",raw_summary.per_tenant.6.scheduling_lag_nanos.p95,1067560,1760600,-693040,-39.36385323185277746222878564
reference-many,normal,"candidate,control",raw_summary.per_tenant.6.scheduling_lag_nanos.p99,1067560,1760600,-693040,-39.36385323185277746222878564
reference-many,normal,"candidate,control",raw_summary.per_tenant.6.scheduling_lag_nanos.standard_deviation,245271.436412,268099.772221,-22828.335809,-8.514865797865037567700082556
reference-many,normal,"candidate,control",raw_summary.per_tenant.7.enqueue_to_result_all_nanos.count,7,7,0,0
reference-many,normal,"candidate,control",raw_summary.per_tenant.7.enqueue_to_result_all_nanos.maximum,149210,40155,109055,271.5851077076329224256007969
reference-many,normal,"candidate,control",raw_summary.per_tenant.7.enqueue_to_result_all_nanos.mean,47501.285714,26207.142857,21294.142857,81.25320250739304007908091055
reference-many,normal,"candidate,control",raw_summary.per_tenant.7.enqueue_to_result_all_nanos.median,32728,23645,9083,38.41404102347219285261154578
reference-many,normal,"candidate,control",raw_summary.per_tenant.7.enqueue_to_result_all_nanos.median_absolute_deviation,9504,4075,5429,133.2269938650306748466257669
reference-many,normal,"candidate,control",raw_summary.per_tenant.7.enqueue_to_result_all_nanos.minimum,15470,16596,-1126,-6.784767413834658953964810798
reference-many,normal,"candidate,control",raw_summary.per_tenant.7.enqueue_to_result_all_nanos.p95,149210,40155,109055,271.5851077076329224256007969
reference-many,normal,"candidate,control",raw_summary.per_tenant.7.enqueue_to_result_all_nanos.p99,149210,40155,109055,271.5851077076329224256007969
reference-many,normal,"candidate,control",raw_summary.per_tenant.7.enqueue_to_result_all_nanos.standard_deviation,42541.383746,7940.404226,34600.979520,435.7584139948796606768618684
reference-many,normal,"candidate,control",raw_summary.per_tenant.7.enqueue_to_result_released_nanos.count,7,7,0,0
reference-many,normal,"candidate,control",raw_summary.per_tenant.7.enqueue_to_result_released_nanos.maximum,149210,40155,109055,271.5851077076329224256007969
reference-many,normal,"candidate,control",raw_summary.per_tenant.7.enqueue_to_result_released_nanos.mean,47501.285714,26207.142857,21294.142857,81.25320250739304007908091055
reference-many,normal,"candidate,control",raw_summary.per_tenant.7.enqueue_to_result_released_nanos.median,32728,23645,9083,38.41404102347219285261154578
reference-many,normal,"candidate,control",raw_summary.per_tenant.7.enqueue_to_result_released_nanos.median_absolute_deviation,9504,4075,5429,133.2269938650306748466257669
reference-many,normal,"candidate,control",raw_summary.per_tenant.7.enqueue_to_result_released_nanos.minimum,15470,16596,-1126,-6.784767413834658953964810798
reference-many,normal,"candidate,control",raw_summary.per_tenant.7.enqueue_to_result_released_nanos.p95,149210,40155,109055,271.5851077076329224256007969
reference-many,normal,"candidate,control",raw_summary.per_tenant.7.enqueue_to_result_released_nanos.p99,149210,40155,109055,271.5851077076329224256007969
reference-many,normal,"candidate,control",raw_summary.per_tenant.7.enqueue_to_result_released_nanos.standard_deviation,42541.383746,7940.404226,34600.979520,435.7584139948796606768618684
reference-many,normal,"candidate,control",raw_summary.per_tenant.7.observed_hold_nanos.count,7,7,0,0
reference-many,normal,"candidate,control",raw_summary.per_tenant.7.observed_hold_nanos.maximum,11474794,11598531,-123737,-1.066833377433745704520684559
reference-many,normal,"candidate,control",raw_summary.per_tenant.7.observed_hold_nanos.mean,10998657.428571,11279434.428571,-280777.000000,-2.489282612333709435201253329
reference-many,normal,"candidate,control",raw_summary.per_tenant.7.observed_hold_nanos.median,11408165,11359895,48270,0.4249158993106890512632379084
reference-many,normal,"candidate,control",raw_summary.per_tenant.7.observed_hold_nanos.median_absolute_deviation,66629,150914,-84285,-55.84968922697695376174509986
reference-many,normal,"candidate,control",raw_summary.per_tenant.7.observed_hold_nanos.minimum,10374637,10485275,-110638,-1.055174995410230060728020963
reference-many,normal,"candidate,control",raw_summary.per_tenant.7.observed_hold_nanos.p95,11474794,11598531,-123737,-1.066833377433745704520684559
reference-many,normal,"candidate,control",raw_summary.per_tenant.7.observed_hold_nanos.p99,11474794,11598531,-123737,-1.066833377433745704520684559
reference-many,normal,"candidate,control",raw_summary.per_tenant.7.observed_hold_nanos.standard_deviation,503444.747407,348480.134994,154964.612413,44.46870763972475000860048594
reference-many,normal,"candidate,control",raw_summary.per_tenant.7.offers,7,7,0,0
reference-many,normal,"candidate,control",raw_summary.per_tenant.7.outcomes.admission-error,0,0,0,null
reference-many,normal,"candidate,control",raw_summary.per_tenant.7.outcomes.backpressure,0,0,0,null
reference-many,normal,"candidate,control",raw_summary.per_tenant.7.outcomes.released,7,7,0,0
reference-many,normal,"candidate,control",raw_summary.per_tenant.7.outcomes.scheduler-error,0,0,0,null
reference-many,normal,"candidate,control",raw_summary.per_tenant.7.scheduling_lag_nanos.count,7,7,0,0
reference-many,normal,"candidate,control",raw_summary.per_tenant.7.scheduling_lag_nanos.maximum,973272,2093610,-1120338,-53.51225873013598521214552854
reference-many,normal,"candidate,control",raw_summary.per_tenant.7.scheduling_lag_nanos.mean,591602.142857,1541071.428571,-949469.285714,-61.61098493626742368063117518
reference-many,normal,"candidate,control",raw_summary.per_tenant.7.scheduling_lag_nanos.median,599679,1440996,-841317,-58.38440911702738938900593756
reference-many,normal,"candidate,control",raw_summary.per_tenant.7.scheduling_lag_nanos.median_absolute_deviation,180561,381283,-200722,-52.64383673019777960202789004
reference-many,normal,"candidate,control",raw_summary.per_tenant.7.scheduling_lag_nanos.minimum,176335,1059713,-883378,-83.36011731478239863057261730
reference-many,normal,"candidate,control",raw_summary.per_tenant.7.scheduling_lag_nanos.p95,973272,2093610,-1120338,-53.51225873013598521214552854
reference-many,normal,"candidate,control",raw_summary.per_tenant.7.scheduling_lag_nanos.p99,973272,2093610,-1120338,-53.51225873013598521214552854
reference-many,normal,"candidate,control",raw_summary.per_tenant.7.scheduling_lag_nanos.standard_deviation,238782.433794,361851.451161,-123069.017367,-34.01092270657840043935840824
reference-many,normal,"candidate,control",raw_summary.per_tenant.8.enqueue_to_result_all_nanos.count,6,6,0,0
reference-many,normal,"candidate,control",raw_summary.per_tenant.8.enqueue_to_result_all_nanos.maximum,50699,34304,16395,47.79326026119402985074626866
reference-many,normal,"candidate,control",raw_summary.per_tenant.8.enqueue_to_result_all_nanos.mean,30982.833333,23989.5,6993.333333,29.15164273119489776777340086
reference-many,normal,"candidate,control",raw_summary.per_tenant.8.enqueue_to_result_all_nanos.median,24521.5,23883,638.5,2.673449734120504124272495080
reference-many,normal,"candidate,control",raw_summary.per_tenant.8.enqueue_to_result_all_nanos.median_absolute_deviation,6037.5,8956,-2918.5,-32.58709245198749441715051362
reference-many,normal,"candidate,control",raw_summary.per_tenant.8.enqueue_to_result_all_nanos.minimum,15464,14121,1343,9.510657885418879682742015438
reference-many,normal,"candidate,control",raw_summary.per_tenant.8.enqueue_to_result_all_nanos.p95,50699,34304,16395,47.79326026119402985074626866
reference-many,normal,"candidate,control",raw_summary.per_tenant.8.enqueue_to_result_all_nanos.p99,50699,34304,16395,47.79326026119402985074626866
reference-many,normal,"candidate,control",raw_summary.per_tenant.8.enqueue_to_result_all_nanos.standard_deviation,13804.811063,8252.605099,5552.205964,67.27822181474286486999636816
reference-many,normal,"candidate,control",raw_summary.per_tenant.8.enqueue_to_result_released_nanos.count,6,6,0,0
reference-many,normal,"candidate,control",raw_summary.per_tenant.8.enqueue_to_result_released_nanos.maximum,50699,34304,16395,47.79326026119402985074626866
reference-many,normal,"candidate,control",raw_summary.per_tenant.8.enqueue_to_result_released_nanos.mean,30982.833333,23989.5,6993.333333,29.15164273119489776777340086
reference-many,normal,"candidate,control",raw_summary.per_tenant.8.enqueue_to_result_released_nanos.median,24521.5,23883,638.5,2.673449734120504124272495080
reference-many,normal,"candidate,control",raw_summary.per_tenant.8.enqueue_to_result_released_nanos.median_absolute_deviation,6037.5,8956,-2918.5,-32.58709245198749441715051362
reference-many,normal,"candidate,control",raw_summary.per_tenant.8.enqueue_to_result_released_nanos.minimum,15464,14121,1343,9.510657885418879682742015438
reference-many,normal,"candidate,control",raw_summary.per_tenant.8.enqueue_to_result_released_nanos.p95,50699,34304,16395,47.79326026119402985074626866
reference-many,normal,"candidate,control",raw_summary.per_tenant.8.enqueue_to_result_released_nanos.p99,50699,34304,16395,47.79326026119402985074626866
reference-many,normal,"candidate,control",raw_summary.per_tenant.8.enqueue_to_result_released_nanos.standard_deviation,13804.811063,8252.605099,5552.205964,67.27822181474286486999636816
reference-many,normal,"candidate,control",raw_summary.per_tenant.8.observed_hold_nanos.count,6,6,0,0
reference-many,normal,"candidate,control",raw_summary.per_tenant.8.observed_hold_nanos.maximum,11582688,11749567,-166879,-1.420299148045200303977159329
reference-many,normal,"candidate,control",raw_summary.per_tenant.8.observed_hold_nanos.mean,11018618.666667,11150667.333333,-132048.666666,-1.184222098270865349765860676
reference-many,normal,"candidate,control",raw_summary.per_tenant.8.observed_hold_nanos.median,11052842,11468537.5,-415695.5,-3.624660075445539590379331279
reference-many,normal,"candidate,control",raw_summary.per_tenant.8.observed_hold_nanos.median_absolute_deviation,479610.5,144080,335530.5,232.8779150471960022209883398
reference-many,normal,"candidate,control",raw_summary.per_tenant.8.observed_hold_nanos.minimum,10469271,10339770,129501,1.252455325408592260756283747
reference-many,normal,"candidate,control",raw_summary.per_tenant.8.observed_hold_nanos.p95,11582688,11749567,-166879,-1.420299148045200303977159329
reference-many,normal,"candidate,control",raw_summary.per_tenant.8.observed_hold_nanos.p99,11582688,11749567,-166879,-1.420299148045200303977159329
reference-many,normal,"candidate,control",raw_summary.per_tenant.8.observed_hold_nanos.standard_deviation,479427.358371,560440.477898,-81013.119527,-14.45525844793536908247624406
reference-many,normal,"candidate,control",raw_summary.per_tenant.8.offers,6,6,0,0
reference-many,normal,"candidate,control",raw_summary.per_tenant.8.outcomes.admission-error,0,0,0,null
reference-many,normal,"candidate,control",raw_summary.per_tenant.8.outcomes.backpressure,0,0,0,null
reference-many,normal,"candidate,control",raw_summary.per_tenant.8.outcomes.released,6,6,0,0
reference-many,normal,"candidate,control",raw_summary.per_tenant.8.outcomes.scheduler-error,0,0,0,null
reference-many,normal,"candidate,control",raw_summary.per_tenant.8.scheduling_lag_nanos.count,6,6,0,0
reference-many,normal,"candidate,control",raw_summary.per_tenant.8.scheduling_lag_nanos.maximum,1260242,1938687,-678445,-34.99507656470590662649514852
reference-many,normal,"candidate,control",raw_summary.per_tenant.8.scheduling_lag_nanos.mean,913442.666667,1426999.666667,-513557.000000,-35.98858584175422872422026863
reference-many,normal,"candidate,control",raw_summary.per_tenant.8.scheduling_lag_nanos.median,944979,1472356,-527377,-35.81857920231248420898206684
reference-many,normal,"candidate,control",raw_summary.per_tenant.8.scheduling_lag_nanos.median_absolute_deviation,57835,183051,-125216,-68.40498003288700963119567771
reference-many,normal,"candidate,control",raw_summary.per_tenant.8.scheduling_lag_nanos.minimum,473068,1050583,-577515,-54.97090662993785355369352065
reference-many,normal,"candidate,control",raw_summary.per_tenant.8.scheduling_lag_nanos.p95,1260242,1938687,-678445,-34.99507656470590662649514852
reference-many,normal,"candidate,control",raw_summary.per_tenant.8.scheduling_lag_nanos.p99,1260242,1938687,-678445,-34.99507656470590662649514852
reference-many,normal,"candidate,control",raw_summary.per_tenant.8.scheduling_lag_nanos.standard_deviation,233327.959887,288751.537819,-55423.577932,-19.19421047957899395432414253
reference-many,normal,"candidate,control",raw_summary.per_tenant.9.enqueue_to_result_all_nanos.count,6,6,0,0
reference-many,normal,"candidate,control",raw_summary.per_tenant.9.enqueue_to_result_all_nanos.maximum,40015,40233,-218,-0.5418437600974324559441254691
reference-many,normal,"candidate,control",raw_summary.per_tenant.9.enqueue_to_result_all_nanos.mean,30887.666667,25297.166667,5590.500000,22.09931283447949621717215372
reference-many,normal,"candidate,control",raw_summary.per_tenant.9.enqueue_to_result_all_nanos.median,29336,21860,7476,34.19945105215004574565416285
reference-many,normal,"candidate,control",raw_summary.per_tenant.9.enqueue_to_result_all_nanos.median_absolute_deviation,3422.5,4472.5,-1050.0,-23.47680268306316377864728899
reference-many,normal,"candidate,control",raw_summary.per_tenant.9.enqueue_to_result_all_nanos.minimum,24826,14674,10152,69.18359002317023306528553905
reference-many,normal,"candidate,control",raw_summary.per_tenant.9.enqueue_to_result_all_nanos.p95,40015,40233,-218,-0.5418437600974324559441254691
reference-many,normal,"candidate,control",raw_summary.per_tenant.9.enqueue_to_result_all_nanos.p99,40015,40233,-218,-0.5418437600974324559441254691
reference-many,normal,"candidate,control",raw_summary.per_tenant.9.enqueue_to_result_all_nanos.standard_deviation,5088.783701,8630.848016,-3542.064315,-41.03958624266892663586442188
reference-many,normal,"candidate,control",raw_summary.per_tenant.9.enqueue_to_result_released_nanos.count,6,6,0,0
reference-many,normal,"candidate,control",raw_summary.per_tenant.9.enqueue_to_result_released_nanos.maximum,40015,40233,-218,-0.5418437600974324559441254691
reference-many,normal,"candidate,control",raw_summary.per_tenant.9.enqueue_to_result_released_nanos.mean,30887.666667,25297.166667,5590.500000,22.09931283447949621717215372
reference-many,normal,"candidate,control",raw_summary.per_tenant.9.enqueue_to_result_released_nanos.median,29336,21860,7476,34.19945105215004574565416285
reference-many,normal,"candidate,control",raw_summary.per_tenant.9.enqueue_to_result_released_nanos.median_absolute_deviation,3422.5,4472.5,-1050.0,-23.47680268306316377864728899
reference-many,normal,"candidate,control",raw_summary.per_tenant.9.enqueue_to_result_released_nanos.minimum,24826,14674,10152,69.18359002317023306528553905
reference-many,normal,"candidate,control",raw_summary.per_tenant.9.enqueue_to_result_released_nanos.p95,40015,40233,-218,-0.5418437600974324559441254691
reference-many,normal,"candidate,control",raw_summary.per_tenant.9.enqueue_to_result_released_nanos.p99,40015,40233,-218,-0.5418437600974324559441254691
reference-many,normal,"candidate,control",raw_summary.per_tenant.9.enqueue_to_result_released_nanos.standard_deviation,5088.783701,8630.848016,-3542.064315,-41.03958624266892663586442188
reference-many,normal,"candidate,control",raw_summary.per_tenant.9.observed_hold_nanos.count,6,6,0,0
reference-many,normal,"candidate,control",raw_summary.per_tenant.9.observed_hold_nanos.maximum,11647410,11544974,102436,0.8872778752035301248837805958
reference-many,normal,"candidate,control",raw_summary.per_tenant.9.observed_hold_nanos.mean,10989972.166667,11027168.5,-37196.333333,-0.3373153618991130860111550848
reference-many,normal,"candidate,control",raw_summary.per_tenant.9.observed_hold_nanos.median,10972973,11028037.5,-55064.5,-0.4993136811513381233968419132
reference-many,normal,"candidate,control",raw_summary.per_tenant.9.observed_hold_nanos.median_absolute_deviation,515317.5,415358,99959.5,24.06586607215943836401369421
reference-many,normal,"candidate,control",raw_summary.per_tenant.9.observed_hold_nanos.minimum,10391536,10508876,-117340,-1.116579927291938738262779007
reference-many,normal,"candidate,control",raw_summary.per_tenant.9.observed_hold_nanos.p95,11647410,11544974,102436,0.8872778752035301248837805958
reference-many,normal,"candidate,control",raw_summary.per_tenant.9.observed_hold_nanos.p99,11647410,11544974,102436,0.8872778752035301248837805958
reference-many,normal,"candidate,control",raw_summary.per_tenant.9.observed_hold_nanos.standard_deviation,510417.960201,411402.442652,99015.517549,24.06780011093807344893780701
reference-many,normal,"candidate,control",raw_summary.per_tenant.9.offers,6,6,0,0
reference-many,normal,"candidate,control",raw_summary.per_tenant.9.outcomes.admission-error,0,0,0,null
reference-many,normal,"candidate,control",raw_summary.per_tenant.9.outcomes.backpressure,0,0,0,null
reference-many,normal,"candidate,control",raw_summary.per_tenant.9.outcomes.released,6,6,0,0
reference-many,normal,"candidate,control",raw_summary.per_tenant.9.outcomes.scheduler-error,0,0,0,null
reference-many,normal,"candidate,control",raw_summary.per_tenant.9.scheduling_lag_nanos.count,6,6,0,0
reference-many,normal,"candidate,control",raw_summary.per_tenant.9.scheduling_lag_nanos.maximum,873003,1931254,-1058251,-54.79605479134282699220299350
reference-many,normal,"candidate,control",raw_summary.per_tenant.9.scheduling_lag_nanos.mean,435895.333333,1610803.833333,-1174908.500000,-72.93926645114410046960014562
reference-many,normal,"candidate,control",raw_summary.per_tenant.9.scheduling_lag_nanos.median,358417.5,1617903.5,-1259486.0,-77.84679370555784074884565118
reference-many,normal,"candidate,control",raw_summary.per_tenant.9.scheduling_lag_nanos.median_absolute_deviation,120368.5,286684.5,-166316.0,-58.01360031672448283740488237
reference-many,normal,"candidate,control",raw_summary.per_tenant.9.scheduling_lag_nanos.minimum,216925,1232445,-1015520,-82.39880887179549594505231471
reference-many,normal,"candidate,control",raw_summary.per_tenant.9.scheduling_lag_nanos.p95,873003,1931254,-1058251,-54.79605479134282699220299350
reference-many,normal,"candidate,control",raw_summary.per_tenant.9.scheduling_lag_nanos.p99,873003,1931254,-1058251,-54.79605479134282699220299350
reference-many,normal,"candidate,control",raw_summary.per_tenant.9.scheduling_lag_nanos.standard_deviation,222258.13311,276825.858668,-54567.725558,-19.71193219468836359191623320
reference-many,normal,"candidate,control",raw_summary.released_per_second,99.92960583828729149609671837,99.86479849195326228963885274,0.06480734633402920645786563,0.06489508546823047339589718232
reference-many,normal,"candidate,control",raw_summary.scheduler_rejected,0,0,0,null
reference-many,normal,"candidate,control",raw_summary.started_nanos,191134249,189259355,1874894,0.9906479920107515953438602810
reference-many,normal,"candidate,control",raw_summary.warmup.enqueue_to_result_all_nanos.count,8,8,0,0
reference-many,normal,"candidate,control",raw_summary.warmup.enqueue_to_result_all_nanos.maximum,48573,35665,12908,36.19234543670264965652600589
reference-many,normal,"candidate,control",raw_summary.warmup.enqueue_to_result_all_nanos.mean,33283.25,23240.625,10042.625,43.21151001748016673389807718
reference-many,normal,"candidate,control",raw_summary.warmup.enqueue_to_result_all_nanos.median,30943.5,21530,9413.5,43.72271249419414770088248955
reference-many,normal,"candidate,control",raw_summary.warmup.enqueue_to_result_all_nanos.median_absolute_deviation,3795,7467.5,-3672.5,-49.17977904251757616337462337
reference-many,normal,"candidate,control",raw_summary.warmup.enqueue_to_result_all_nanos.minimum,20741,12959,7782,60.05092985569874218689713712
reference-many,normal,"candidate,control",raw_summary.warmup.enqueue_to_result_all_nanos.p95,48573,35665,12908,36.19234543670264965652600589
reference-many,normal,"candidate,control",raw_summary.warmup.enqueue_to_result_all_nanos.p99,48573,35665,12908,36.19234543670264965652600589
reference-many,normal,"candidate,control",raw_summary.warmup.enqueue_to_result_all_nanos.standard_deviation,9308.694508,8163.24508,1145.449428,14.03179025956672612847732853
reference-many,normal,"candidate,control",raw_summary.warmup.enqueue_to_result_released_nanos.count,8,8,0,0
reference-many,normal,"candidate,control",raw_summary.warmup.enqueue_to_result_released_nanos.maximum,48573,35665,12908,36.19234543670264965652600589
reference-many,normal,"candidate,control",raw_summary.warmup.enqueue_to_result_released_nanos.mean,33283.25,23240.625,10042.625,43.21151001748016673389807718
reference-many,normal,"candidate,control",raw_summary.warmup.enqueue_to_result_released_nanos.median,30943.5,21530,9413.5,43.72271249419414770088248955
reference-many,normal,"candidate,control",raw_summary.warmup.enqueue_to_result_released_nanos.median_absolute_deviation,3795,7467.5,-3672.5,-49.17977904251757616337462337
reference-many,normal,"candidate,control",raw_summary.warmup.enqueue_to_result_released_nanos.minimum,20741,12959,7782,60.05092985569874218689713712
reference-many,normal,"candidate,control",raw_summary.warmup.enqueue_to_result_released_nanos.p95,48573,35665,12908,36.19234543670264965652600589
reference-many,normal,"candidate,control",raw_summary.warmup.enqueue_to_result_released_nanos.p99,48573,35665,12908,36.19234543670264965652600589
reference-many,normal,"candidate,control",raw_summary.warmup.enqueue_to_result_released_nanos.standard_deviation,9308.694508,8163.24508,1145.449428,14.03179025956672612847732853
reference-many,normal,"candidate,control",raw_summary.warmup.observed_hold_nanos.count,8,8,0,0
reference-many,normal,"candidate,control",raw_summary.warmup.observed_hold_nanos.maximum,11418864,11280646,138218,1.225266709016487176354971160
reference-many,normal,"candidate,control",raw_summary.warmup.observed_hold_nanos.mean,11210541.75,11024306.25,186235.50,1.689317184924901737014063810
reference-many,normal,"candidate,control",raw_summary.warmup.observed_hold_nanos.median,11178870.5,11122902.5,55968.0,0.5031780149111259403739266797
reference-many,normal,"candidate,control",raw_summary.warmup.observed_hold_nanos.median_absolute_deviation,38017.5,25155,12862.5,51.13297555158020274299344067
reference-many,normal,"candidate,control",raw_summary.warmup.observed_hold_nanos.minimum,11129339,10190320,939019,9.214813666302922773769616656
reference-many,normal,"candidate,control",raw_summary.warmup.observed_hold_nanos.p95,11418864,11280646,138218,1.225266709016487176354971160
reference-many,normal,"candidate,control",raw_summary.warmup.observed_hold_nanos.p99,11418864,11280646,138218,1.225266709016487176354971160
reference-many,normal,"candidate,control",raw_summary.warmup.observed_hold_nanos.standard_deviation,90246.449681,320014.868267,-229768.418586,-71.79929477348405042068157451
reference-many,normal,"candidate,control",raw_summary.warmup.offers,8,8,0,0
reference-many,normal,"candidate,control",raw_summary.warmup.outcomes.admission-error,0,0,0,null
reference-many,normal,"candidate,control",raw_summary.warmup.outcomes.backpressure,0,0,0,null
reference-many,normal,"candidate,control",raw_summary.warmup.outcomes.released,8,8,0,0
reference-many,normal,"candidate,control",raw_summary.warmup.outcomes.scheduler-error,0,0,0,null
reference-many,normal,"candidate,control",raw_summary.warmup.scheduling_lag_nanos.count,8,8,0,0
reference-many,normal,"candidate,control",raw_summary.warmup.scheduling_lag_nanos.maximum,386,291,95,32.64604810996563573883161512
reference-many,normal,"candidate,control",raw_summary.warmup.scheduling_lag_nanos.mean,139.25,107.875,31.375,29.08458864426419466975666280
reference-many,normal,"candidate,control",raw_summary.warmup.scheduling_lag_nanos.median,97.5,68,29.5,43.38235294117647058823529412
reference-many,normal,"candidate,control",raw_summary.warmup.scheduling_lag_nanos.median_absolute_deviation,37.5,16,21.5,134.375
reference-many,normal,"candidate,control",raw_summary.warmup.scheduling_lag_nanos.minimum,60,46,14,30.43478260869565217391304348
reference-many,normal,"candidate,control",raw_summary.warmup.scheduling_lag_nanos.p95,386,291,95,32.64604810996563573883161512
reference-many,normal,"candidate,control",raw_summary.warmup.scheduling_lag_nanos.p99,386,291,95,32.64604810996563573883161512
reference-many,normal,"candidate,control",raw_summary.warmup.scheduling_lag_nanos.standard_deviation,103.974456,84.392591,19.581865,23.20329873507497832363032911
reference-many,normal,"candidate,control",raw_summary.whole_raw_elapsed_nanos,2192640840,2192056507,584333,0.02665684019248688099626621532
cancel-one,normal,"control,candidate",metrics.normal_completion_rss_bytes,4587520,4587520,0,0
cancel-one,normal,"control,candidate",metrics.normal_kernel_high_water_rss_bytes,4587520,4587520,0,0
cancel-one,normal,"control,candidate",metrics.normal_maximum_observed_rss_bytes,4587520,4587520,0,0
cancel-one,normal,"control,candidate",metrics.whole_process_cpu_micros,5093,4809,284,5.905593678519442711582449574
cancel-one,normal,"control,candidate",raw_summary.counts.admission_calls,68,68,0,0
cancel-one,normal,"control,candidate",raw_summary.counts.admitted,68,68,0,0
cancel-one,normal,"control,candidate",raw_summary.counts.cancel_accepted,32,32,0,0
cancel-one,normal,"control,candidate",raw_summary.counts.cancel_calls,32,32,0,0
cancel-one,normal,"control,candidate",raw_summary.counts.cleanup_reclaims,0,0,0,null
cancel-one,normal,"control,candidate",raw_summary.counts.enqueue_calls,68,68,0,0
cancel-one,normal,"control,candidate",raw_summary.counts.enqueue_results,68,68,0,0
cancel-one,normal,"control,candidate",raw_summary.counts.offers,68,68,0,0
cancel-one,normal,"control,candidate",raw_summary.counts.release_calls,36,36,0,0
cancel-one,normal,"control,candidate",raw_summary.counts.released,36,36,0,0
cancel-one,normal,"control,candidate",raw_summary.counts.shutdown_calls,1,1,0,0
cancel-one,normal,"control,candidate",raw_summary.elapsed_nanos,631611,702421,-70810,-10.08084894956158770879572222
cancel-one,normal,"control,candidate",raw_summary.finished_nanos,101437226,101152483,284743,0.2814987744789220843941122038
cancel-one,normal,"control,candidate",raw_summary.frame.cancel_calls,32,32,0,0
cancel-one,normal,"control,candidate",raw_summary.frame.finished_nanos,101290233,100999659,290574,0.2876980010397856887813848956
cancel-one,normal,"control,candidate",raw_summary.frame.polls,1,1,0,0
cancel-one,normal,"control,candidate",raw_summary.frame.settled,32,32,0,0
cancel-one,normal,"control,candidate",raw_summary.frame.started_nanos,101228130,100933704,294426,0.2917023633651649205304107338
cancel-one,normal,"control,candidate",raw_summary.measured.cancel_to_original_settlement_nanos.count,32,32,0,0
cancel-one,normal,"control,candidate",raw_summary.measured.cancel_to_original_settlement_nanos.maximum,49679,52849,-3170,-5.998221347613010652992488032
cancel-one,normal,"control,candidate",raw_summary.measured.cancel_to_original_settlement_nanos.mean,36408.96875,36786.59375,-377.62500,-1.026528856045553279854838422
cancel-one,normal,"control,candidate",raw_summary.measured.cancel_to_original_settlement_nanos.median,36640.5,37861.5,-1221.0,-3.224911849768234222098965968
cancel-one,normal,"control,candidate",raw_summary.measured.cancel_to_original_settlement_nanos.median_absolute_deviation,6726.5,7927,-1200.5,-15.14444304276523274883310206
cancel-one,normal,"control,candidate",raw_summary.measured.cancel_to_original_settlement_nanos.minimum,22759,18747,4012,21.40075745452605750253373873
cancel-one,normal,"control,candidate",raw_summary.measured.cancel_to_original_settlement_nanos.p95,48800,51421,-2621,-5.097139301063767721358977850
cancel-one,normal,"control,candidate",raw_summary.measured.cancel_to_original_settlement_nanos.p99,49679,52849,-3170,-5.998221347613010652992488032
cancel-one,normal,"control,candidate",raw_summary.measured.cancel_to_original_settlement_nanos.standard_deviation,8057.889525,10070.589468,-2012.699943,-19.98591988478424587886298693
cancel-one,normal,"control,candidate",raw_summary.measured.enqueue_to_result_all_nanos.count,68,68,0,0
cancel-one,normal,"control,candidate",raw_summary.measured.enqueue_to_result_all_nanos.maximum,432742,473284,-40542,-8.566104072818857176663483236
cancel-one,normal,"control,candidate",raw_summary.measured.enqueue_to_result_all_nanos.mean,309321.044118,345594.970588,-36273.926470,-10.49608054430972950776997434
cancel-one,normal,"control,candidate",raw_summary.measured.enqueue_to_result_all_nanos.median,341573,376311.5,-34738.5,-9.231315014290023026136591627
cancel-one,normal,"control,candidate",raw_summary.measured.enqueue_to_result_all_nanos.median_absolute_deviation,54514.5,56179.5,-1665.0,-2.963714522201158785678049822
cancel-one,normal,"control,candidate",raw_summary.measured.enqueue_to_result_all_nanos.minimum,3608,2341,1267,54.12217001281503630926954293
cancel-one,normal,"control,candidate",raw_summary.measured.enqueue_to_result_all_nanos.p95,422687,463045,-40358,-8.715783563152609357621829412
cancel-one,normal,"control,candidate",raw_summary.measured.enqueue_to_result_all_nanos.p99,432742,473284,-40542,-8.566104072818857176663483236
cancel-one,normal,"control,candidate",raw_summary.measured.enqueue_to_result_all_nanos.standard_deviation,99539.904612,107981.425857,-8441.521245,-7.817567862253571316073013318
cancel-one,normal,"control,candidate",raw_summary.measured.enqueue_to_result_released_nanos.count,36,36,0,0
cancel-one,normal,"control,candidate",raw_summary.measured.enqueue_to_result_released_nanos.maximum,432742,473284,-40542,-8.566104072818857176663483236
cancel-one,normal,"control,candidate",raw_summary.measured.enqueue_to_result_released_nanos.mean,343048.361111,377427.777778,-34379.416667,-9.108872926470636694039200650
cancel-one,normal,"control,candidate",raw_summary.measured.enqueue_to_result_released_nanos.median,378604.5,413683.5,-35079.0,-8.479671052870128975412362349
cancel-one,normal,"control,candidate",raw_summary.measured.enqueue_to_result_released_nanos.median_absolute_deviation,26630.5,26933,-302.5,-1.123157464820109159766828797
cancel-one,normal,"control,candidate",raw_summary.measured.enqueue_to_result_released_nanos.minimum,3608,2341,1267,54.12217001281503630926954293
cancel-one,normal,"control,candidate",raw_summary.measured.enqueue_to_result_released_nanos.p95,430010,472438,-42428,-8.980649312714049250906997320
cancel-one,normal,"control,candidate",raw_summary.measured.enqueue_to_result_released_nanos.p99,432742,473284,-40542,-8.566104072818857176663483236
cancel-one,normal,"control,candidate",raw_summary.measured.enqueue_to_result_released_nanos.standard_deviation,119889.490977,132107.381639,-12217.890662,-9.248454182058440607982807952
cancel-one,normal,"control,candidate",raw_summary.measured.observed_hold_nanos.count,36,36,0,0
cancel-one,normal,"control,candidate",raw_summary.measured.observed_hold_nanos.maximum,435777,488543,-52766,-10.80068694055589784317859431
cancel-one,normal,"control,candidate",raw_summary.measured.observed_hold_nanos.mean,48091.75,54133.083333,-6041.333333,-11.16015006172233030670845050
cancel-one,normal,"control,candidate",raw_summary.measured.observed_hold_nanos.median,69,74,-5,-6.756756756756756756756756757
cancel-one,normal,"control,candidate",raw_summary.measured.observed_hold_nanos.median_absolute_deviation,9,11,-2,-18.18181818181818181818181818
cancel-one,normal,"control,candidate",raw_summary.measured.observed_hold_nanos.minimum,53,61,-8,-13.11475409836065573770491803
cancel-one,normal,"control,candidate",raw_summary.measured.observed_hold_nanos.p95,432534,488439,-55905,-11.44564623218047698893822975
cancel-one,normal,"control,candidate",raw_summary.measured.observed_hold_nanos.p99,435777,488543,-52766,-10.80068694055589784317859431
cancel-one,normal,"control,candidate",raw_summary.measured.observed_hold_nanos.standard_deviation,135744.912569,152773.753901,-17028.841332,-11.14644426622846475551434058
cancel-one,normal,"control,candidate",raw_summary.measured.offers,68,68,0,0
cancel-one,normal,"control,candidate",raw_summary.measured.outcomes.admission-error,0,0,0,null
cancel-one,normal,"control,candidate",raw_summary.measured.outcomes.backpressure,0,0,0,null
cancel-one,normal,"control,candidate",raw_summary.measured.outcomes.released,36,36,0,0
cancel-one,normal,"control,candidate",raw_summary.measured.outcomes.scheduler-error,32,32,0,0
cancel-one,normal,"control,candidate",raw_summary.measured.scheduling_lag_nanos.count,68,68,0,0
cancel-one,normal,"control,candidate",raw_summary.measured.scheduling_lag_nanos.maximum,48,50,-2,-4
cancel-one,normal,"control,candidate",raw_summary.measured.scheduling_lag_nanos.mean,22.264706,20.911765,1.352941,6.469759965263572921750029230
cancel-one,normal,"control,candidate",raw_summary.measured.scheduling_lag_nanos.median,22,20,2,10
cancel-one,normal,"control,candidate",raw_summary.measured.scheduling_lag_nanos.median_absolute_deviation,3,0,3,null
cancel-one,normal,"control,candidate",raw_summary.measured.scheduling_lag_nanos.minimum,17,18,-1,-5.555555555555555555555555556
cancel-one,normal,"control,candidate",raw_summary.measured.scheduling_lag_nanos.p95,28,25,3,12
cancel-one,normal,"control,candidate",raw_summary.measured.scheduling_lag_nanos.p99,48,50,-2,-4
cancel-one,normal,"control,candidate",raw_summary.measured.scheduling_lag_nanos.standard_deviation,5.60624,4.648641,0.957599,20.59954726553416364051343178
cancel-one,normal,"control,candidate",raw_summary.offered_per_second,107661.2028606214901260427700,96808.03962296115862139656986,10853.16323766033150464620014,11.21101437435383487621336551
cancel-one,normal,"control,candidate",raw_summary.per_tenant.0.cancel_to_original_settlement_nanos.count,32,32,0,0
cancel-one,normal,"control,candidate",raw_summary.per_tenant.0.cancel_to_original_settlement_nanos.maximum,49679,52849,-3170,-5.998221347613010652992488032
cancel-one,normal,"control,candidate",raw_summary.per_tenant.0.cancel_to_original_settlement_nanos.mean,36408.96875,36786.59375,-377.62500,-1.026528856045553279854838422
cancel-one,normal,"control,candidate",raw_summary.per_tenant.0.cancel_to_original_settlement_nanos.median,36640.5,37861.5,-1221.0,-3.224911849768234222098965968
cancel-one,normal,"control,candidate",raw_summary.per_tenant.0.cancel_to_original_settlement_nanos.median_absolute_deviation,6726.5,7927,-1200.5,-15.14444304276523274883310206
cancel-one,normal,"control,candidate",raw_summary.per_tenant.0.cancel_to_original_settlement_nanos.minimum,22759,18747,4012,21.40075745452605750253373873
cancel-one,normal,"control,candidate",raw_summary.per_tenant.0.cancel_to_original_settlement_nanos.p95,48800,51421,-2621,-5.097139301063767721358977850
cancel-one,normal,"control,candidate",raw_summary.per_tenant.0.cancel_to_original_settlement_nanos.p99,49679,52849,-3170,-5.998221347613010652992488032
cancel-one,normal,"control,candidate",raw_summary.per_tenant.0.cancel_to_original_settlement_nanos.standard_deviation,8057.889525,10070.589468,-2012.699943,-19.98591988478424587886298693
cancel-one,normal,"control,candidate",raw_summary.per_tenant.0.enqueue_to_result_all_nanos.count,68,68,0,0
cancel-one,normal,"control,candidate",raw_summary.per_tenant.0.enqueue_to_result_all_nanos.maximum,432742,473284,-40542,-8.566104072818857176663483236
cancel-one,normal,"control,candidate",raw_summary.per_tenant.0.enqueue_to_result_all_nanos.mean,309321.044118,345594.970588,-36273.926470,-10.49608054430972950776997434
cancel-one,normal,"control,candidate",raw_summary.per_tenant.0.enqueue_to_result_all_nanos.median,341573,376311.5,-34738.5,-9.231315014290023026136591627
cancel-one,normal,"control,candidate",raw_summary.per_tenant.0.enqueue_to_result_all_nanos.median_absolute_deviation,54514.5,56179.5,-1665.0,-2.963714522201158785678049822
cancel-one,normal,"control,candidate",raw_summary.per_tenant.0.enqueue_to_result_all_nanos.minimum,3608,2341,1267,54.12217001281503630926954293
cancel-one,normal,"control,candidate",raw_summary.per_tenant.0.enqueue_to_result_all_nanos.p95,422687,463045,-40358,-8.715783563152609357621829412
cancel-one,normal,"control,candidate",raw_summary.per_tenant.0.enqueue_to_result_all_nanos.p99,432742,473284,-40542,-8.566104072818857176663483236
cancel-one,normal,"control,candidate",raw_summary.per_tenant.0.enqueue_to_result_all_nanos.standard_deviation,99539.904612,107981.425857,-8441.521245,-7.817567862253571316073013318
cancel-one,normal,"control,candidate",raw_summary.per_tenant.0.enqueue_to_result_released_nanos.count,36,36,0,0
cancel-one,normal,"control,candidate",raw_summary.per_tenant.0.enqueue_to_result_released_nanos.maximum,432742,473284,-40542,-8.566104072818857176663483236
cancel-one,normal,"control,candidate",raw_summary.per_tenant.0.enqueue_to_result_released_nanos.mean,343048.361111,377427.777778,-34379.416667,-9.108872926470636694039200650
cancel-one,normal,"control,candidate",raw_summary.per_tenant.0.enqueue_to_result_released_nanos.median,378604.5,413683.5,-35079.0,-8.479671052870128975412362349
cancel-one,normal,"control,candidate",raw_summary.per_tenant.0.enqueue_to_result_released_nanos.median_absolute_deviation,26630.5,26933,-302.5,-1.123157464820109159766828797
cancel-one,normal,"control,candidate",raw_summary.per_tenant.0.enqueue_to_result_released_nanos.minimum,3608,2341,1267,54.12217001281503630926954293
cancel-one,normal,"control,candidate",raw_summary.per_tenant.0.enqueue_to_result_released_nanos.p95,430010,472438,-42428,-8.980649312714049250906997320
cancel-one,normal,"control,candidate",raw_summary.per_tenant.0.enqueue_to_result_released_nanos.p99,432742,473284,-40542,-8.566104072818857176663483236
cancel-one,normal,"control,candidate",raw_summary.per_tenant.0.enqueue_to_result_released_nanos.standard_deviation,119889.490977,132107.381639,-12217.890662,-9.248454182058440607982807952
cancel-one,normal,"control,candidate",raw_summary.per_tenant.0.observed_hold_nanos.count,36,36,0,0
cancel-one,normal,"control,candidate",raw_summary.per_tenant.0.observed_hold_nanos.maximum,435777,488543,-52766,-10.80068694055589784317859431
cancel-one,normal,"control,candidate",raw_summary.per_tenant.0.observed_hold_nanos.mean,48091.75,54133.083333,-6041.333333,-11.16015006172233030670845050
cancel-one,normal,"control,candidate",raw_summary.per_tenant.0.observed_hold_nanos.median,69,74,-5,-6.756756756756756756756756757
cancel-one,normal,"control,candidate",raw_summary.per_tenant.0.observed_hold_nanos.median_absolute_deviation,9,11,-2,-18.18181818181818181818181818
cancel-one,normal,"control,candidate",raw_summary.per_tenant.0.observed_hold_nanos.minimum,53,61,-8,-13.11475409836065573770491803
cancel-one,normal,"control,candidate",raw_summary.per_tenant.0.observed_hold_nanos.p95,432534,488439,-55905,-11.44564623218047698893822975
cancel-one,normal,"control,candidate",raw_summary.per_tenant.0.observed_hold_nanos.p99,435777,488543,-52766,-10.80068694055589784317859431
cancel-one,normal,"control,candidate",raw_summary.per_tenant.0.observed_hold_nanos.standard_deviation,135744.912569,152773.753901,-17028.841332,-11.14644426622846475551434058
cancel-one,normal,"control,candidate",raw_summary.per_tenant.0.offers,68,68,0,0
cancel-one,normal,"control,candidate",raw_summary.per_tenant.0.outcomes.admission-error,0,0,0,null
cancel-one,normal,"control,candidate",raw_summary.per_tenant.0.outcomes.backpressure,0,0,0,null
cancel-one,normal,"control,candidate",raw_summary.per_tenant.0.outcomes.released,36,36,0,0
cancel-one,normal,"control,candidate",raw_summary.per_tenant.0.outcomes.scheduler-error,32,32,0,0
cancel-one,normal,"control,candidate",raw_summary.per_tenant.0.scheduling_lag_nanos.count,68,68,0,0
cancel-one,normal,"control,candidate",raw_summary.per_tenant.0.scheduling_lag_nanos.maximum,48,50,-2,-4
cancel-one,normal,"control,candidate",raw_summary.per_tenant.0.scheduling_lag_nanos.mean,22.264706,20.911765,1.352941,6.469759965263572921750029230
cancel-one,normal,"control,candidate",raw_summary.per_tenant.0.scheduling_lag_nanos.median,22,20,2,10
cancel-one,normal,"control,candidate",raw_summary.per_tenant.0.scheduling_lag_nanos.median_absolute_deviation,3,0,3,null
cancel-one,normal,"control,candidate",raw_summary.per_tenant.0.scheduling_lag_nanos.minimum,17,18,-1,-5.555555555555555555555555556
cancel-one,normal,"control,candidate",raw_summary.per_tenant.0.scheduling_lag_nanos.p95,28,25,3,12
cancel-one,normal,"control,candidate",raw_summary.per_tenant.0.scheduling_lag_nanos.p99,48,50,-2,-4
cancel-one,normal,"control,candidate",raw_summary.per_tenant.0.scheduling_lag_nanos.standard_deviation,5.60624,4.648641,0.957599,20.59954726553416364051343178
cancel-one,normal,"control,candidate",raw_summary.released_per_second,56997.10739679961241966970176,51251.31509450884868191583110,5745.79230229076373775387066,11.21101437435383487621336551
cancel-one,normal,"control,candidate",raw_summary.scheduler_rejected,32,32,0,0
cancel-one,normal,"control,candidate",raw_summary.started_nanos,100805615,100450062,355553,0.3539599607215772549747156950
cancel-one,normal,"control,candidate",raw_summary.whole_raw_elapsed_nanos,101497287,101213572,283715,0.2803131975225614999537809020
cancel-one,normal,"control,candidate",raw_summary.work.cancel_entry_visits,0,544,-544,-100
cancel-one,normal,"control,candidate",raw_summary.work.entry_shifted_slots,0,1008,-1008,-100
cancel-one,normal,"control,candidate",raw_summary.work.entry_unlinks,32,32,0,0
cancel-one,normal,"control,candidate",raw_summary.work.tenant_index_lookups,0,0,0,null
cancel-one,normal,"control,candidate",raw_summary.work.tenant_linear_visits,0,32,-32,-100
cancel-one,normal,"control,candidate",raw_summary.work.tenant_shifted_slots,0,0,0,null
cancel-one,normal,"control,candidate",raw_summary.work.winner_comparisons,0,0,0,null
cancel-many,normal,"candidate,control",metrics.normal_completion_rss_bytes,4980736,4718592,262144,5.555555555555555555555555556
cancel-many,normal,"candidate,control",metrics.normal_kernel_high_water_rss_bytes,4980736,4718592,262144,5.555555555555555555555555556
cancel-many,normal,"candidate,control",metrics.normal_maximum_observed_rss_bytes,4980736,4718592,262144,5.555555555555555555555555556
cancel-many,normal,"candidate,control",metrics.whole_process_cpu_micros,6168,4765,1403,29.44386149003147953830010493
cancel-many,normal,"candidate,control",raw_summary.counts.admission_calls,68,68,0,0
cancel-many,normal,"candidate,control",raw_summary.counts.admitted,68,68,0,0
cancel-many,normal,"candidate,control",raw_summary.counts.cancel_accepted,32,32,0,0
cancel-many,normal,"candidate,control",raw_summary.counts.cancel_calls,32,32,0,0
cancel-many,normal,"candidate,control",raw_summary.counts.cleanup_reclaims,0,0,0,null
cancel-many,normal,"candidate,control",raw_summary.counts.enqueue_calls,68,68,0,0
cancel-many,normal,"candidate,control",raw_summary.counts.enqueue_results,68,68,0,0
cancel-many,normal,"candidate,control",raw_summary.counts.offers,68,68,0,0
cancel-many,normal,"candidate,control",raw_summary.counts.release_calls,36,36,0,0
cancel-many,normal,"candidate,control",raw_summary.counts.released,36,36,0,0
cancel-many,normal,"candidate,control",raw_summary.counts.shutdown_calls,1,1,0,0
cancel-many,normal,"candidate,control",raw_summary.elapsed_nanos,2357050,924084,1432966,155.0688032689668904558460053
cancel-many,normal,"candidate,control",raw_summary.finished_nanos,102900502,101304053,1596449,1.575898448998876678705046480
cancel-many,normal,"candidate,control",raw_summary.frame.cancel_calls,32,32,0,0
cancel-many,normal,"candidate,control",raw_summary.frame.finished_nanos,102721793,101172582,1549211,1.531255770461605892394838752
cancel-many,normal,"candidate,control",raw_summary.frame.polls,1,1,0,0
cancel-many,normal,"candidate,control",raw_summary.frame.settled,32,32,0,0
cancel-many,normal,"candidate,control",raw_summary.frame.started_nanos,102647830,101116199,1531631,1.514723669547744768372869712
cancel-many,normal,"candidate,control",raw_summary.measured.cancel_to_original_settlement_nanos.count,32,32,0,0
cancel-many,normal,"candidate,control",raw_summary.measured.cancel_to_original_settlement_nanos.maximum,57893,44516,13377,30.04986970976727468775271812
cancel-many,normal,"candidate,control",raw_summary.measured.cancel_to_original_settlement_nanos.mean,42541.28125,29849.40625,12691.87500,42.51968998545825346190931352
cancel-many,normal,"candidate,control",raw_summary.measured.cancel_to_original_settlement_nanos.median,42678.5,30075.5,12603.0,41.90454024039500590181376868
cancel-many,normal,"candidate,control",raw_summary.measured.cancel_to_original_settlement_nanos.median_absolute_deviation,7268.5,6968.5,300.0,4.305087178015354810934921432
cancel-many,normal,"candidate,control",raw_summary.measured.cancel_to_original_settlement_nanos.minimum,28536,16619,11917,71.70708225525001504302304591
cancel-many,normal,"candidate,control",raw_summary.measured.cancel_to_original_settlement_nanos.p95,56734,43490,13244,30.45297769602207404000919752
cancel-many,normal,"candidate,control",raw_summary.measured.cancel_to_original_settlement_nanos.p99,57893,44516,13377,30.04986970976727468775271812
cancel-many,normal,"candidate,control",raw_summary.measured.cancel_to_original_settlement_nanos.standard_deviation,8839.412273,8376.574053,462.838220,5.525388029420433036312584247
cancel-many,normal,"candidate,control",raw_summary.measured.enqueue_to_result_all_nanos.count,68,68,0,0
cancel-many,normal,"candidate,control",raw_summary.measured.enqueue_to_result_all_nanos.maximum,1771331,450250,1321081,293.4105496946141032759578012
cancel-many,normal,"candidate,control",raw_summary.measured.enqueue_to_result_all_nanos.mean,1067483.235294,341309.558824,726173.676470,212.7610134834985338722837879
cancel-many,normal,"candidate,control",raw_summary.measured.enqueue_to_result_all_nanos.median,1074698.5,370120.5,704578.0,190.3644894027755825467651751
cancel-many,normal,"candidate,control",raw_summary.measured.enqueue_to_result_all_nanos.median_absolute_deviation,391785.5,71145.5,320640.0,450.6820529759436647433780070
cancel-many,normal,"candidate,control",raw_summary.measured.enqueue_to_result_all_nanos.minimum,22796,11178,11618,103.9363034532116657720522455
cancel-many,normal,"candidate,control",raw_summary.measured.enqueue_to_result_all_nanos.p95,1713930,444283,1269647,285.7743825444592748315825724
cancel-many,normal,"candidate,control",raw_summary.measured.enqueue_to_result_all_nanos.p99,1771331,450250,1321081,293.4105496946141032759578012
cancel-many,normal,"candidate,control",raw_summary.measured.enqueue_to_result_all_nanos.standard_deviation,489401.019898,104296.124553,385104.895345,369.2418073974568844879253890
cancel-many,normal,"candidate,control",raw_summary.measured.enqueue_to_result_released_nanos.count,36,36,0,0
cancel-many,normal,"candidate,control",raw_summary.measured.enqueue_to_result_released_nanos.maximum,1684649,445846,1238803,277.8544609573709307698173809
cancel-many,normal,"candidate,control",raw_summary.measured.enqueue_to_result_released_nanos.mean,1061966.305556,365468.333333,696497.972223,190.5768321624678625436426027
cancel-many,normal,"candidate,control",raw_summary.measured.enqueue_to_result_released_nanos.median,884419.5,372264,512155.5,137.5785732705821674940364902
cancel-many,normal,"candidate,control",raw_summary.measured.enqueue_to_result_released_nanos.median_absolute_deviation,578392.5,69242,509150.5,735.3203258138124259842292250
cancel-many,normal,"candidate,control",raw_summary.measured.enqueue_to_result_released_nanos.minimum,22796,11178,11618,103.9363034532116657720522455
cancel-many,normal,"candidate,control",raw_summary.measured.enqueue_to_result_released_nanos.p95,1667533,445676,1221857,274.1581328139724822516805931
cancel-many,normal,"candidate,control",raw_summary.measured.enqueue_to_result_released_nanos.p99,1684649,445846,1238803,277.8544609573709307698173809
cancel-many,normal,"candidate,control",raw_summary.measured.enqueue_to_result_released_nanos.standard_deviation,508342.106171,122113.845944,386228.260227,316.2853951910742548449432857
cancel-many,normal,"candidate,control",raw_summary.measured.observed_hold_nanos.count,36,36,0,0
cancel-many,normal,"candidate,control",raw_summary.measured.observed_hold_nanos.maximum,2028944,656388,1372556,209.1074181733974417570095736
cancel-many,normal,"candidate,control",raw_summary.measured.observed_hold_nanos.mean,219354.444444,68300.777778,151053.666666,221.1595117656992371592784880
cancel-many,normal,"candidate,control",raw_summary.measured.observed_hold_nanos.median,82.5,64,18.5,28.90625
cancel-many,normal,"candidate,control",raw_summary.measured.observed_hold_nanos.median_absolute_deviation,7.5,4.5,3.0,66.66666666666666666666666667
cancel-many,normal,"candidate,control",raw_summary.measured.observed_hold_nanos.minimum,66,55,11,20
cancel-many,normal,"candidate,control",raw_summary.measured.observed_hold_nanos.p95,2001783,623268,1378515,221.1753210496929089893914015
cancel-many,normal,"candidate,control",raw_summary.measured.observed_hold_nanos.p99,2028944,656388,1372556,209.1074181733974417570095736
cancel-many,normal,"candidate,control",raw_summary.measured.observed_hold_nanos.standard_deviation,620321.441097,193266.657051,427054.784046,220.9666119144944013408416617
cancel-many,normal,"candidate,control",raw_summary.measured.offers,68,68,0,0
cancel-many,normal,"candidate,control",raw_summary.measured.outcomes.admission-error,0,0,0,null
cancel-many,normal,"candidate,control",raw_summary.measured.outcomes.backpressure,0,0,0,null
cancel-many,normal,"candidate,control",raw_summary.measured.outcomes.released,36,36,0,0
cancel-many,normal,"candidate,control",raw_summary.measured.outcomes.scheduler-error,32,32,0,0
cancel-many,normal,"candidate,control",raw_summary.measured.scheduling_lag_nanos.count,68,68,0,0
cancel-many,normal,"candidate,control",raw_summary.measured.scheduling_lag_nanos.maximum,479,298,181,60.73825503355704697986577181
cancel-many,normal,"candidate,control",raw_summary.measured.scheduling_lag_nanos.mean,145.279412,33.279412,112.000000,336.5444076956648152317114257
cancel-many,normal,"candidate,control",raw_summary.measured.scheduling_lag_nanos.median,134.5,19,115.5,607.8947368421052631578947368
cancel-many,normal,"candidate,control",raw_summary.measured.scheduling_lag_nanos.median_absolute_deviation,38.5,0,38.5,null
cancel-many,normal,"candidate,control",raw_summary.measured.scheduling_lag_nanos.minimum,79,18,61,338.8888888888888888888888889
cancel-many,normal,"candidate,control",raw_summary.measured.scheduling_lag_nanos.p95,282,96,186,193.75
cancel-many,normal,"candidate,control",raw_summary.measured.scheduling_lag_nanos.p99,479,298,181,60.73825503355704697986577181
cancel-many,normal,"candidate,control",raw_summary.measured.scheduling_lag_nanos.standard_deviation,67.455834,44.148761,23.307073,52.79213384946408801823453211
cancel-many,normal,"candidate,control",raw_summary.offered_per_second,28849.62134871979805265055896,73586.38392180797416685063263,-44736.76257308817611420007367,-60.79489191998472667105067776
cancel-many,normal,"candidate,control",raw_summary.per_tenant.0.cancel_to_original_settlement_nanos.count,4,4,0,0
cancel-many,normal,"candidate,control",raw_summary.per_tenant.0.cancel_to_original_settlement_nanos.maximum,50146,36796,13350,36.28111751277312751386020220
cancel-many,normal,"candidate,control",raw_summary.per_tenant.0.cancel_to_original_settlement_nanos.mean,39393.5,26697,12696.5,47.55777802749372588680376072
cancel-many,normal,"candidate,control",raw_summary.per_tenant.0.cancel_to_original_settlement_nanos.median,39363,26686.5,12676.5,47.50154572536675847338541959
cancel-many,normal,"candidate,control",raw_summary.per_tenant.0.cancel_to_original_settlement_nanos.median_absolute_deviation,7207.5,6947.5,260.0,3.742353364519611370996761425
cancel-many,normal,"candidate,control",raw_summary.per_tenant.0.cancel_to_original_settlement_nanos.minimum,28702,16619,12083,72.70593898549852578374150069
cancel-many,normal,"candidate,control",raw_summary.per_tenant.0.cancel_to_original_settlement_nanos.p95,50146,36796,13350,36.28111751277312751386020220
cancel-many,normal,"candidate,control",raw_summary.per_tenant.0.cancel_to_original_settlement_nanos.p99,50146,36796,13350,36.28111751277312751386020220
cancel-many,normal,"candidate,control",raw_summary.per_tenant.0.cancel_to_original_settlement_nanos.standard_deviation,8032.921651,7629.8037,403.117951,5.283464252166802141973849209
cancel-many,normal,"candidate,control",raw_summary.per_tenant.0.enqueue_to_result_all_nanos.count,9,9,0,0
cancel-many,normal,"candidate,control",raw_summary.per_tenant.0.enqueue_to_result_all_nanos.maximum,1771331,450250,1321081,293.4105496946141032759578012
cancel-many,normal,"candidate,control",raw_summary.per_tenant.0.enqueue_to_result_all_nanos.mean,1077972.777778,337415.666667,740557.111111,219.4791719146419014608937918
cancel-many,normal,"candidate,control",raw_summary.per_tenant.0.enqueue_to_result_all_nanos.median,1103051,372144,730907,196.4043488542069736446106883
cancel-many,normal,"candidate,control",raw_summary.per_tenant.0.enqueue_to_result_all_nanos.median_absolute_deviation,461480,71073,390407,549.3042364892434539135818103
cancel-many,normal,"candidate,control",raw_summary.per_tenant.0.enqueue_to_result_all_nanos.minimum,102536,78216,24320,31.09338242814769356653370154
cancel-many,normal,"candidate,control",raw_summary.per_tenant.0.enqueue_to_result_all_nanos.p95,1771331,450250,1321081,293.4105496946141032759578012
cancel-many,normal,"candidate,control",raw_summary.per_tenant.0.enqueue_to_result_all_nanos.p99,1771331,450250,1321081,293.4105496946141032759578012
cancel-many,normal,"candidate,control",raw_summary.per_tenant.0.enqueue_to_result_all_nanos.standard_deviation,531650.604511,114285.684263,417364.920248,365.1944011531126899212622515
cancel-many,normal,"candidate,control",raw_summary.per_tenant.0.enqueue_to_result_released_nanos.count,5,5,0,0
cancel-many,normal,"candidate,control",raw_summary.per_tenant.0.enqueue_to_result_released_nanos.maximum,1684649,444154,1240495,279.2938935594410947554226687
cancel-many,normal,"candidate,control",raw_summary.per_tenant.0.enqueue_to_result_released_nanos.mean,1017869.2,342023,675846.2,197.6025588922382412878666055
cancel-many,normal,"candidate,control",raw_summary.per_tenant.0.enqueue_to_result_released_nanos.median,926304,372384,553920,148.7496777519979376127868007
cancel-many,normal,"candidate,control",raw_summary.per_tenant.0.enqueue_to_result_released_nanos.median_absolute_deviation,638227,70833,567394,801.0305930851439300890827722
cancel-many,normal,"candidate,control",raw_summary.per_tenant.0.enqueue_to_result_released_nanos.minimum,102536,78216,24320,31.09338242814769356653370154
cancel-many,normal,"candidate,control",raw_summary.per_tenant.0.enqueue_to_result_released_nanos.p95,1684649,444154,1240495,279.2938935594410947554226687
cancel-many,normal,"candidate,control",raw_summary.per_tenant.0.enqueue_to_result_released_nanos.p99,1684649,444154,1240495,279.2938935594410947554226687
cancel-many,normal,"candidate,control",raw_summary.per_tenant.0.enqueue_to_result_released_nanos.standard_deviation,571369.157657,135716.001273,435653.156384,321.0035311220674414336419218
cancel-many,normal,"candidate,control",raw_summary.per_tenant.0.observed_hold_nanos.count,5,5,0,0
cancel-many,normal,"candidate,control",raw_summary.per_tenant.0.observed_hold_nanos.maximum,2028944,656388,1372556,209.1074181733974417570095736
cancel-many,normal,"candidate,control",raw_summary.per_tenant.0.observed_hold_nanos.mean,405923.6,131333.4,274590.2,209.0787263559764690474776409
cancel-many,normal,"candidate,control",raw_summary.per_tenant.0.observed_hold_nanos.median,174,64,110,171.875
cancel-many,normal,"candidate,control",raw_summary.per_tenant.0.observed_hold_nanos.median_absolute_deviation,105,6,99,1650
cancel-many,normal,"candidate,control",raw_summary.per_tenant.0.observed_hold_nanos.minimum,69,58,11,18.96551724137931034482758621
cancel-many,normal,"candidate,control",raw_summary.per_tenant.0.observed_hold_nanos.p95,2028944,656388,1372556,209.1074181733974417570095736
cancel-many,normal,"candidate,control",raw_summary.per_tenant.0.observed_hold_nanos.p99,2028944,656388,1372556,209.1074181733974417570095736
cancel-many,normal,"candidate,control",raw_summary.per_tenant.0.observed_hold_nanos.standard_deviation,811510.206986,262527.300413,548982.906573,209.1145971140360312695217567
cancel-many,normal,"candidate,control",raw_summary.per_tenant.0.offers,9,9,0,0
cancel-many,normal,"candidate,control",raw_summary.per_tenant.0.outcomes.admission-error,0,0,0,null
cancel-many,normal,"candidate,control",raw_summary.per_tenant.0.outcomes.backpressure,0,0,0,null
cancel-many,normal,"candidate,control",raw_summary.per_tenant.0.outcomes.released,5,5,0,0
cancel-many,normal,"candidate,control",raw_summary.per_tenant.0.outcomes.scheduler-error,4,4,0,0
cancel-many,normal,"candidate,control",raw_summary.per_tenant.0.scheduling_lag_nanos.count,9,9,0,0
cancel-many,normal,"candidate,control",raw_summary.per_tenant.0.scheduling_lag_nanos.maximum,247,298,-51,-17.11409395973154362416107383
cancel-many,normal,"candidate,control",raw_summary.per_tenant.0.scheduling_lag_nanos.mean,166.222222,68.555556,97.666666,142.4635313292477709611165578
cancel-many,normal,"candidate,control",raw_summary.per_tenant.0.scheduling_lag_nanos.median,157,19,138,726.3157894736842105263157895
cancel-many,normal,"candidate,control",raw_summary.per_tenant.0.scheduling_lag_nanos.median_absolute_deviation,55,0,55,null
cancel-many,normal,"candidate,control",raw_summary.per_tenant.0.scheduling_lag_nanos.minimum,87,18,69,383.3333333333333333333333333
cancel-many,normal,"candidate,control",raw_summary.per_tenant.0.scheduling_lag_nanos.p95,247,298,-51,-17.11409395973154362416107383
cancel-many,normal,"candidate,control",raw_summary.per_tenant.0.scheduling_lag_nanos.p99,247,298,-51,-17.11409395973154362416107383
cancel-many,normal,"candidate,control",raw_summary.per_tenant.0.scheduling_lag_nanos.standard_deviation,56.373315,96.588602,-40.215287,-41.63564454530566660443019975
cancel-many,normal,"candidate,control",raw_summary.per_tenant.1.cancel_to_original_settlement_nanos.count,4,4,0,0
cancel-many,normal,"candidate,control",raw_summary.per_tenant.1.cancel_to_original_settlement_nanos.maximum,51547,38649,12898,33.37214416931874045900282025
cancel-many,normal,"candidate,control",raw_summary.per_tenant.1.cancel_to_original_settlement_nanos.mean,40206.25,27764.5,12441.75,44.81172000216103297376145798
cancel-many,normal,"candidate,control",raw_summary.per_tenant.1.cancel_to_original_settlement_nanos.median,40371,27586.5,12784.5,46.34332010222391387091512153
cancel-many,normal,"candidate,control",raw_summary.per_tenant.1.cancel_to_original_settlement_nanos.median_absolute_deviation,7435.5,7014.5,421.0,6.001853303870553852733623209
cancel-many,normal,"candidate,control",raw_summary.per_tenant.1.cancel_to_original_settlement_nanos.minimum,28536,17236,11300,65.56045486191691807844047343
cancel-many,normal,"candidate,control",raw_summary.per_tenant.1.cancel_to_original_settlement_nanos.p95,51547,38649,12898,33.37214416931874045900282025
cancel-many,normal,"candidate,control",raw_summary.per_tenant.1.cancel_to_original_settlement_nanos.p99,51547,38649,12898,33.37214416931874045900282025
cancel-many,normal,"candidate,control",raw_summary.per_tenant.1.cancel_to_original_settlement_nanos.standard_deviation,8546.456587,8006.992959,539.463628,6.737406049466216347149906367
cancel-many,normal,"candidate,control",raw_summary.per_tenant.1.enqueue_to_result_all_nanos.count,9,9,0,0
cancel-many,normal,"candidate,control",raw_summary.per_tenant.1.enqueue_to_result_all_nanos.maximum,1749961,443539,1306422,294.5450118253411763114404821
cancel-many,normal,"candidate,control",raw_summary.per_tenant.1.enqueue_to_result_all_nanos.mean,1053156.666667,329687.777778,723468.888889,219.4406155317526409730878355
cancel-many,normal,"candidate,control",raw_summary.per_tenant.1.enqueue_to_result_all_nanos.median,1080682,370380,710302,191.7765538096009503752902425
cancel-many,normal,"candidate,control",raw_summary.per_tenant.1.enqueue_to_result_all_nanos.median_absolute_deviation,459548,72463,387085,534.1829623394007976484550736
cancel-many,normal,"candidate,control",raw_summary.per_tenant.1.enqueue_to_result_all_nanos.minimum,22796,25727,-2931,-11.39270027597465697516228087
cancel-many,normal,"candidate,control",raw_summary.per_tenant.1.enqueue_to_result_all_nanos.p95,1749961,443539,1306422,294.5450118253411763114404821
cancel-many,normal,"candidate,control",raw_summary.per_tenant.1.enqueue_to_result_all_nanos.p99,1749961,443539,1306422,294.5450118253411763114404821
cancel-many,normal,"candidate,control",raw_summary.per_tenant.1.enqueue_to_result_all_nanos.standard_deviation,542480.280789,127210.27646,415270.004329,326.4437558702873366902200976
cancel-many,normal,"candidate,control",raw_summary.per_tenant.1.enqueue_to_result_released_nanos.count,5,5,0,0
cancel-many,normal,"candidate,control",raw_summary.per_tenant.1.enqueue_to_result_released_nanos.maximum,1667533,443099,1224434,276.3341826544406554742845278
cancel-many,normal,"candidate,control",raw_summary.per_tenant.1.enqueue_to_result_released_nanos.mean,985390.2,330701.4,654688.8,197.9697697076577238560223815
cancel-many,normal,"candidate,control",raw_summary.per_tenant.1.enqueue_to_result_released_nanos.median,896716,371458,525258,141.4044118042955058176159889
cancel-many,normal,"candidate,control",raw_summary.per_tenant.1.enqueue_to_result_released_nanos.median_absolute_deviation,643514,71385,572129,801.4694963927996077607340478
cancel-many,normal,"candidate,control",raw_summary.per_tenant.1.enqueue_to_result_released_nanos.minimum,22796,25727,-2931,-11.39270027597465697516228087
cancel-many,normal,"candidate,control",raw_summary.per_tenant.1.enqueue_to_result_released_nanos.p95,1667533,443099,1224434,276.3341826544406554742845278
cancel-many,normal,"candidate,control",raw_summary.per_tenant.1.enqueue_to_result_released_nanos.p99,1667533,443099,1224434,276.3341826544406554742845278
cancel-many,normal,"candidate,control",raw_summary.per_tenant.1.enqueue_to_result_released_nanos.standard_deviation,590272.221091,155854.95522,434417.265871,278.7317639389714105234978874
cancel-many,normal,"candidate,control",raw_summary.per_tenant.1.observed_hold_nanos.count,5,5,0,0
cancel-many,normal,"candidate,control",raw_summary.per_tenant.1.observed_hold_nanos.maximum,2001783,623268,1378515,221.1753210496929089893914015
cancel-many,normal,"candidate,control",raw_summary.per_tenant.1.observed_hold_nanos.mean,400422.4,124706.8,275715.6,221.0910712166457643047532292
cancel-many,normal,"candidate,control",raw_summary.per_tenant.1.observed_hold_nanos.median,82,64,18,28.125
cancel-many,normal,"candidate,control",raw_summary.per_tenant.1.observed_hold_nanos.median_absolute_deviation,2,6,-4,-66.66666666666666666666666667
cancel-many,normal,"candidate,control",raw_summary.per_tenant.1.observed_hold_nanos.minimum,80,58,22,37.93103448275862068965517241
cancel-many,normal,"candidate,control",raw_summary.per_tenant.1.observed_hold_nanos.p95,2001783,623268,1378515,221.1753210496929089893914015
cancel-many,normal,"candidate,control",raw_summary.per_tenant.1.observed_hold_nanos.p99,2001783,623268,1378515,221.1753210496929089893914015
cancel-many,normal,"candidate,control",raw_summary.per_tenant.1.observed_hold_nanos.standard_deviation,800680.300003,249280.600153,551399.699850,221.1963945495836885578488484
cancel-many,normal,"candidate,control",raw_summary.per_tenant.1.offers,9,9,0,0
cancel-many,normal,"candidate,control",raw_summary.per_tenant.1.outcomes.admission-error,0,0,0,null
cancel-many,normal,"candidate,control",raw_summary.per_tenant.1.outcomes.backpressure,0,0,0,null
cancel-many,normal,"candidate,control",raw_summary.per_tenant.1.outcomes.released,5,5,0,0
cancel-many,normal,"candidate,control",raw_summary.per_tenant.1.outcomes.scheduler-error,4,4,0,0
cancel-many,normal,"candidate,control",raw_summary.per_tenant.1.scheduling_lag_nanos.count,9,9,0,0
cancel-many,normal,"candidate,control",raw_summary.per_tenant.1.scheduling_lag_nanos.maximum,479,119,360,302.5210084033613445378151261
cancel-many,normal,"candidate,control",raw_summary.per_tenant.1.scheduling_lag_nanos.mean,170.111111,37.666667,132.444444,351.6224145874122602883870771
cancel-many,normal,"candidate,control",raw_summary.per_tenant.1.scheduling_lag_nanos.median,135,19,116,610.5263157894736842105263158
cancel-many,normal,"candidate,control",raw_summary.per_tenant.1.scheduling_lag_nanos.median_absolute_deviation,35,1,34,3400
cancel-many,normal,"candidate,control",raw_summary.per_tenant.1.scheduling_lag_nanos.minimum,83,18,65,361.1111111111111111111111111
cancel-many,normal,"candidate,control",raw_summary.per_tenant.1.scheduling_lag_nanos.p95,479,119,360,302.5210084033613445378151261
cancel-many,normal,"candidate,control",raw_summary.per_tenant.1.scheduling_lag_nanos.p99,479,119,360,302.5210084033613445378151261
cancel-many,normal,"candidate,control",raw_summary.per_tenant.1.scheduling_lag_nanos.standard_deviation,117.645838,35.944402,81.701436,227.2994721125142101404274301
cancel-many,normal,"candidate,control",raw_summary.per_tenant.2.cancel_to_original_settlement_nanos.count,4,4,0,0
cancel-many,normal,"candidate,control",raw_summary.per_tenant.2.cancel_to_original_settlement_nanos.maximum,52261,39385,12876,32.69264948584486479624222420
cancel-many,normal,"candidate,control",raw_summary.per_tenant.2.cancel_to_original_settlement_nanos.mean,41106,28588,12518,43.78760319014971316636350916
cancel-many,normal,"candidate,control",raw_summary.per_tenant.2.cancel_to_original_settlement_nanos.median,41304.5,28468.5,12836.0,45.08843107294026731299506472
cancel-many,normal,"candidate,control",raw_summary.per_tenant.2.cancel_to_original_settlement_nanos.median_absolute_deviation,7248.5,6986,262.5,3.757515030060120240480961924
cancel-many,normal,"candidate,control",raw_summary.per_tenant.2.cancel_to_original_settlement_nanos.minimum,29554,18030,11524,63.91569606211869107043815862
cancel-many,normal,"candidate,control",raw_summary.per_tenant.2.cancel_to_original_settlement_nanos.p95,52261,39385,12876,32.69264948584486479624222420
cancel-many,normal,"candidate,control",raw_summary.per_tenant.2.cancel_to_original_settlement_nanos.p99,52261,39385,12876,32.69264948584486479624222420
cancel-many,normal,"candidate,control",raw_summary.per_tenant.2.cancel_to_original_settlement_nanos.standard_deviation,8411.774694,7953.715767,458.058927,5.759055772403741216064504106
cancel-many,normal,"candidate,control",raw_summary.per_tenant.2.enqueue_to_result_all_nanos.count,9,9,0,0
cancel-many,normal,"candidate,control",raw_summary.per_tenant.2.enqueue_to_result_all_nanos.maximum,1723538,442487,1281051,289.5115562717096773464531161
cancel-many,normal,"candidate,control",raw_summary.per_tenant.2.enqueue_to_result_all_nanos.mean,1039111.444444,325543.777778,713567.666666,219.1925373405869341775910071
cancel-many,normal,"candidate,control",raw_summary.per_tenant.2.enqueue_to_result_all_nanos.median,1068715,368374,700341,190.1168377789963461047739526
cancel-many,normal,"candidate,control",raw_summary.per_tenant.2.enqueue_to_result_all_nanos.median_absolute_deviation,453235,61628,391607,635.4368144349970792496916986
cancel-many,normal,"candidate,control",raw_summary.per_tenant.2.enqueue_to_result_all_nanos.minimum,37979,11178,26801,239.7656110216496689926641617
cancel-many,normal,"candidate,control",raw_summary.per_tenant.2.enqueue_to_result_all_nanos.p95,1723538,442487,1281051,289.5115562717096773464531161
cancel-many,normal,"candidate,control",raw_summary.per_tenant.2.enqueue_to_result_all_nanos.p99,1723538,442487,1281051,289.5115562717096773464531161
cancel-many,normal,"candidate,control",raw_summary.per_tenant.2.enqueue_to_result_all_nanos.standard_deviation,534188.961749,129608.510049,404580.451700,312.1557770759371195863534049
cancel-many,normal,"candidate,control",raw_summary.per_tenant.2.enqueue_to_result_released_nanos.count,5,5,0,0
cancel-many,normal,"candidate,control",raw_summary.per_tenant.2.enqueue_to_result_released_nanos.maximum,1658299,442487,1215812,274.7678462870095618628343884
cancel-many,normal,"candidate,control",raw_summary.per_tenant.2.enqueue_to_result_released_nanos.mean,976159,326831.8,649327.2,198.6732013225151285768398302
cancel-many,normal,"candidate,control",raw_summary.per_tenant.2.enqueue_to_result_released_nanos.median,872123,370422,501701,135.4403896096884094357246600
cancel-many,normal,"candidate,control",raw_summary.per_tenant.2.enqueue_to_result_released_nanos.median_absolute_deviation,649827,71276,578551,811.7052023121387283236994220
cancel-many,normal,"candidate,control",raw_summary.per_tenant.2.enqueue_to_result_released_nanos.minimum,37979,11178,26801,239.7656110216496689926641617
cancel-many,normal,"candidate,control",raw_summary.per_tenant.2.enqueue_to_result_released_nanos.p95,1658299,442487,1215812,274.7678462870095618628343884
cancel-many,normal,"candidate,control",raw_summary.per_tenant.2.enqueue_to_result_released_nanos.p99,1658299,442487,1215812,274.7678462870095618628343884
cancel-many,normal,"candidate,control",raw_summary.per_tenant.2.enqueue_to_result_released_nanos.standard_deviation,581153.690206,161141.894342,420011.795864,260.6471753227541562817803206
cancel-many,normal,"candidate,control",raw_summary.per_tenant.2.observed_hold_nanos.count,5,5,0,0
cancel-many,normal,"candidate,control",raw_summary.per_tenant.2.observed_hold_nanos.maximum,1953557,604154,1349403,223.3541448041393419558589366
cancel-many,normal,"candidate,control",raw_summary.per_tenant.2.observed_hold_nanos.mean,390794,120880,269914,223.2908669755129053606882859
cancel-many,normal,"candidate,control",raw_summary.per_tenant.2.observed_hold_nanos.median,82,64,18,28.125
cancel-many,normal,"candidate,control",raw_summary.per_tenant.2.observed_hold_nanos.median_absolute_deviation,16,5,11,220
cancel-many,normal,"candidate,control",raw_summary.per_tenant.2.observed_hold_nanos.minimum,66,55,11,20
cancel-many,normal,"candidate,control",raw_summary.per_tenant.2.observed_hold_nanos.p95,1953557,604154,1349403,223.3541448041393419558589366
cancel-many,normal,"candidate,control",raw_summary.per_tenant.2.observed_hold_nanos.p99,1953557,604154,1349403,223.3541448041393419558589366
cancel-many,normal,"candidate,control",raw_summary.per_tenant.2.observed_hold_nanos.standard_deviation,781381.501187,241637.00004,539744.501147,223.3699727515455045789269848
cancel-many,normal,"candidate,control",raw_summary.per_tenant.2.offers,9,9,0,0
cancel-many,normal,"candidate,control",raw_summary.per_tenant.2.outcomes.admission-error,0,0,0,null
cancel-many,normal,"candidate,control",raw_summary.per_tenant.2.outcomes.backpressure,0,0,0,null
cancel-many,normal,"candidate,control",raw_summary.per_tenant.2.outcomes.released,5,5,0,0
cancel-many,normal,"candidate,control",raw_summary.per_tenant.2.outcomes.scheduler-error,4,4,0,0
cancel-many,normal,"candidate,control",raw_summary.per_tenant.2.scheduling_lag_nanos.count,9,9,0,0
cancel-many,normal,"candidate,control",raw_summary.per_tenant.2.scheduling_lag_nanos.maximum,282,88,194,220.4545454545454545454545455
cancel-many,normal,"candidate,control",raw_summary.per_tenant.2.scheduling_lag_nanos.mean,145.444444,33.777778,111.666666,330.5921011145256505623312463
cancel-many,normal,"candidate,control",raw_summary.per_tenant.2.scheduling_lag_nanos.median,134,19,115,605.2631578947368421052631579
cancel-many,normal,"candidate,control",raw_summary.per_tenant.2.scheduling_lag_nanos.median_absolute_deviation,26,1,25,2500
cancel-many,normal,"candidate,control",raw_summary.per_tenant.2.scheduling_lag_nanos.minimum,86,18,68,377.7777777777777777777777778
cancel-many,normal,"candidate,control",raw_summary.per_tenant.2.scheduling_lag_nanos.p95,282,88,194,220.4545454545454545454545455
cancel-many,normal,"candidate,control",raw_summary.per_tenant.2.scheduling_lag_nanos.p99,282,88,194,220.4545454545454545454545455
cancel-many,normal,"candidate,control",raw_summary.per_tenant.2.scheduling_lag_nanos.standard_deviation,55.257199,28.455727,26.801472,94.18656567797406827806578268
cancel-many,normal,"candidate,control",raw_summary.per_tenant.3.cancel_to_original_settlement_nanos.count,4,4,0,0
cancel-many,normal,"candidate,control",raw_summary.per_tenant.3.cancel_to_original_settlement_nanos.maximum,53843,40773,13070,32.05552694184877247197900571
cancel-many,normal,"candidate,control",raw_summary.per_tenant.3.cancel_to_original_settlement_nanos.mean,42117.5,29503,12614.5,42.75666881334101616784733756
cancel-many,normal,"candidate,control",raw_summary.per_tenant.3.cancel_to_original_settlement_nanos.median,42104,29228.5,12875.5,44.05118292077937629368595720
cancel-many,normal,"candidate,control",raw_summary.per_tenant.3.cancel_to_original_settlement_nanos.median_absolute_deviation,7611.5,6973.5,638.0,9.148920914892091489209148921
cancel-many,normal,"candidate,control",raw_summary.per_tenant.3.cancel_to_original_settlement_nanos.minimum,30419,18782,11637,61.95825790650622936854435097
cancel-many,normal,"candidate,control",raw_summary.per_tenant.3.cancel_to_original_settlement_nanos.p95,53843,40773,13070,32.05552694184877247197900571
cancel-many,normal,"candidate,control",raw_summary.per_tenant.3.cancel_to_original_settlement_nanos.p99,53843,40773,13070,32.05552694184877247197900571
cancel-many,normal,"candidate,control",raw_summary.per_tenant.3.cancel_to_original_settlement_nanos.standard_deviation,8651.264431,8164.105003,487.159428,5.967089201094147171884432952
cancel-many,normal,"candidate,control",raw_summary.per_tenant.3.enqueue_to_result_all_nanos.count,9,9,0,0
cancel-many,normal,"candidate,control",raw_summary.per_tenant.3.enqueue_to_result_all_nanos.maximum,1713930,442677,1271253,287.1739439817293421614405085
cancel-many,normal,"candidate,control",raw_summary.per_tenant.3.enqueue_to_result_all_nanos.mean,1022028.333333,322130.555556,699897.777777,217.2714651576503364368723512
cancel-many,normal,"candidate,control",raw_summary.per_tenant.3.enqueue_to_result_all_nanos.median,1039965,368694,671271,182.0672427541538511611254862
cancel-many,normal,"candidate,control",raw_summary.per_tenant.3.enqueue_to_result_all_nanos.median_absolute_deviation,473419,72807,400612,550.2383012622412680099440988
cancel-many,normal,"candidate,control",raw_summary.per_tenant.3.enqueue_to_result_all_nanos.minimum,36103,24188,11915,49.25996361832313543906069125
cancel-many,normal,"candidate,control",raw_summary.per_tenant.3.enqueue_to_result_all_nanos.p95,1713930,442677,1271253,287.1739439817293421614405085
cancel-many,normal,"candidate,control",raw_summary.per_tenant.3.enqueue_to_result_all_nanos.p99,1713930,442677,1271253,287.1739439817293421614405085
cancel-many,normal,"candidate,control",raw_summary.per_tenant.3.enqueue_to_result_all_nanos.standard_deviation,533361.738907,125147.073637,408214.665270,326.1879430389736744715856787
cancel-many,normal,"candidate,control",raw_summary.per_tenant.3.enqueue_to_result_released_nanos.count,5,5,0,0
cancel-many,normal,"candidate,control",raw_summary.per_tenant.3.enqueue_to_result_released_nanos.maximum,1633323,442677,1190646,268.9649563903252258418666432
cancel-many,normal,"candidate,control",raw_summary.per_tenant.3.enqueue_to_result_released_nanos.mean,964082.6,329240.6,634842.0,192.8200835498416659427786245
cancel-many,normal,"candidate,control",raw_summary.per_tenant.3.enqueue_to_result_released_nanos.median,857896,369143,488753,132.4020772437781564326019998
cancel-many,normal,"candidate,control",raw_summary.per_tenant.3.enqueue_to_result_released_nanos.median_absolute_deviation,655488,72358,583130,805.8956853423256585311921280
cancel-many,normal,"candidate,control",raw_summary.per_tenant.3.enqueue_to_result_released_nanos.minimum,36103,24188,11915,49.25996361832313543906069125
cancel-many,normal,"candidate,control",raw_summary.per_tenant.3.enqueue_to_result_released_nanos.p95,1633323,442677,1190646,268.9649563903252258418666432
cancel-many,normal,"candidate,control",raw_summary.per_tenant.3.enqueue_to_result_released_nanos.p99,1633323,442677,1190646,268.9649563903252258418666432
cancel-many,normal,"candidate,control",raw_summary.per_tenant.3.enqueue_to_result_released_nanos.standard_deviation,575505.140715,155997.484157,419507.656558,268.9195013784942729177375653
cancel-many,normal,"candidate,control",raw_summary.per_tenant.3.observed_hold_nanos.count,5,5,0,0
cancel-many,normal,"candidate,control",raw_summary.per_tenant.3.observed_hold_nanos.maximum,1909138,572976,1336162,233.1968529222864482980089917
cancel-many,normal,"candidate,control",raw_summary.per_tenant.3.observed_hold_nanos.mean,381911.6,114645.4,267266.2,233.1242247835499723495229639
cancel-many,normal,"candidate,control",raw_summary.per_tenant.3.observed_hold_nanos.median,86,63,23,36.50793650793650793650793651
cancel-many,normal,"candidate,control",raw_summary.per_tenant.3.observed_hold_nanos.median_absolute_deviation,16,4,12,300
cancel-many,normal,"candidate,control",raw_summary.per_tenant.3.observed_hold_nanos.minimum,70,59,11,18.64406779661016949152542373
cancel-many,normal,"candidate,control",raw_summary.per_tenant.3.observed_hold_nanos.p95,1909138,572976,1336162,233.1968529222864482980089917
cancel-many,normal,"candidate,control",raw_summary.per_tenant.3.observed_hold_nanos.p99,1909138,572976,1336162,233.1968529222864482980089917
cancel-many,normal,"candidate,control",raw_summary.per_tenant.3.observed_hold_nanos.standard_deviation,763613.201373,229165.300035,534447.901338,233.2150204487218365271475905
cancel-many,normal,"candidate,control",raw_summary.per_tenant.3.offers,9,9,0,0
cancel-many,normal,"candidate,control",raw_summary.per_tenant.3.outcomes.admission-error,0,0,0,null
cancel-many,normal,"candidate,control",raw_summary.per_tenant.3.outcomes.backpressure,0,0,0,null
cancel-many,normal,"candidate,control",raw_summary.per_tenant.3.outcomes.released,5,5,0,0
cancel-many,normal,"candidate,control",raw_summary.per_tenant.3.outcomes.scheduler-error,4,4,0,0
cancel-many,normal,"candidate,control",raw_summary.per_tenant.3.scheduling_lag_nanos.count,9,9,0,0
cancel-many,normal,"candidate,control",raw_summary.per_tenant.3.scheduling_lag_nanos.maximum,190,96,94,97.91666666666666666666666667
cancel-many,normal,"candidate,control",raw_summary.per_tenant.3.scheduling_lag_nanos.mean,125.555556,35.444444,90.111112,254.2319806173289105621180008
cancel-many,normal,"candidate,control",raw_summary.per_tenant.3.scheduling_lag_nanos.median,121,19,102,536.8421052631578947368421053
cancel-many,normal,"candidate,control",raw_summary.per_tenant.3.scheduling_lag_nanos.median_absolute_deviation,31,0,31,null
cancel-many,normal,"candidate,control",raw_summary.per_tenant.3.scheduling_lag_nanos.minimum,87,18,69,383.3333333333333333333333333
cancel-many,normal,"candidate,control",raw_summary.per_tenant.3.scheduling_lag_nanos.p95,190,96,94,97.91666666666666666666666667
cancel-many,normal,"candidate,control",raw_summary.per_tenant.3.scheduling_lag_nanos.p99,190,96,94,97.91666666666666666666666667
cancel-many,normal,"candidate,control",raw_summary.per_tenant.3.scheduling_lag_nanos.standard_deviation,37.31878,30.550909,6.767871,22.15276475079677661964166107
cancel-many,normal,"candidate,control",raw_summary.per_tenant.4.cancel_to_original_settlement_nanos.count,4,4,0,0
cancel-many,normal,"candidate,control",raw_summary.per_tenant.4.cancel_to_original_settlement_nanos.maximum,54834,41648,13186,31.66058394160583941605839416
cancel-many,normal,"candidate,control",raw_summary.per_tenant.4.cancel_to_original_settlement_nanos.mean,43027.75,30265.5,12762.25,42.16764963407179792172605772
cancel-many,normal,"candidate,control",raw_summary.per_tenant.4.cancel_to_original_settlement_nanos.median,42996,30005,12991,43.29611731378103649391768039
cancel-many,normal,"candidate,control",raw_summary.per_tenant.4.cancel_to_original_settlement_nanos.median_absolute_deviation,7699.5,7051,648.5,9.197276981988370443908665438
cancel-many,normal,"candidate,control",raw_summary.per_tenant.4.cancel_to_original_settlement_nanos.minimum,31285,19404,11881,61.22964337250051535765821480
cancel-many,normal,"candidate,control",raw_summary.per_tenant.4.cancel_to_original_settlement_nanos.p95,54834,41648,13186,31.66058394160583941605839416
cancel-many,normal,"candidate,control",raw_summary.per_tenant.4.cancel_to_original_settlement_nanos.p99,54834,41648,13186,31.66058394160583941605839416
cancel-many,normal,"candidate,control",raw_summary.per_tenant.4.cancel_to_original_settlement_nanos.standard_deviation,8724.740981,8248.987983,475.752998,5.767410486964701400753634726
cancel-many,normal,"candidate,control",raw_summary.per_tenant.4.enqueue_to_result_all_nanos.count,8,8,0,0
cancel-many,normal,"candidate,control",raw_summary.per_tenant.4.enqueue_to_result_all_nanos.maximum,1692786,445846,1246940,279.6795306002521049869237360
cancel-many,normal,"candidate,control",raw_summary.per_tenant.4.enqueue_to_result_all_nanos.mean,1130103.125,358304.125,771799.000,215.4033253175636758298554336
cancel-many,normal,"candidate,control",raw_summary.per_tenant.4.enqueue_to_result_all_nanos.median,1104359.5,372213,732146.5,196.7009481130428007619293254
cancel-many,normal,"candidate,control",raw_summary.per_tenant.4.enqueue_to_result_all_nanos.median_absolute_deviation,359700.5,60232,299468.5,497.1916921237880196573250100
cancel-many,normal,"candidate,control",raw_summary.per_tenant.4.enqueue_to_result_all_nanos.minimum,398927,219631,179296,81.63510615532415733662370066
cancel-many,normal,"candidate,control",raw_summary.per_tenant.4.enqueue_to_result_all_nanos.p95,1692786,445846,1246940,279.6795306002521049869237360
cancel-many,normal,"candidate,control",raw_summary.per_tenant.4.enqueue_to_result_all_nanos.p99,1692786,445846,1246940,279.6795306002521049869237360
cancel-many,normal,"candidate,control",raw_summary.per_tenant.4.enqueue_to_result_all_nanos.standard_deviation,426093.022732,72680.500285,353412.522447,486.2549391668651472876966039
cancel-many,normal,"candidate,control",raw_summary.per_tenant.4.enqueue_to_result_released_nanos.count,4,4,0,0
cancel-many,normal,"candidate,control",raw_summary.per_tenant.4.enqueue_to_result_released_nanos.maximum,1627557,445846,1181711,265.0491425290346891078982429
cancel-many,normal,"candidate,control",raw_summary.per_tenant.4.enqueue_to_result_released_nanos.mean,1185098.25,408987,776111.25,189.7642834613325117913283307
cancel-many,normal,"candidate,control",raw_summary.per_tenant.4.enqueue_to_result_released_nanos.median,1170221.5,409257,760964.5,185.9380535946850023334970446
cancel-many,normal,"candidate,control",raw_summary.per_tenant.4.enqueue_to_result_released_nanos.median_absolute_deviation,359700.5,36504,323196.5,885.3728358536050843743151435
cancel-many,normal,"candidate,control",raw_summary.per_tenant.4.enqueue_to_result_released_nanos.minimum,772393,371588,400805,107.8627404544818454847842234
cancel-many,normal,"candidate,control",raw_summary.per_tenant.4.enqueue_to_result_released_nanos.p95,1627557,445846,1181711,265.0491425290346891078982429
cancel-many,normal,"candidate,control",raw_summary.per_tenant.4.enqueue_to_result_released_nanos.p99,1627557,445846,1181711,265.0491425290346891078982429
cancel-many,normal,"candidate,control",raw_summary.per_tenant.4.enqueue_to_result_released_nanos.standard_deviation,378601.290847,36776.704597,341824.586250,929.4595315043093500691991868
cancel-many,normal,"candidate,control",raw_summary.per_tenant.4.observed_hold_nanos.count,4,4,0,0
cancel-many,normal,"candidate,control",raw_summary.per_tenant.4.observed_hold_nanos.maximum,92,66,26,39.39393939393939393939393939
cancel-many,normal,"candidate,control",raw_summary.per_tenant.4.observed_hold_nanos.mean,84.5,63.25,21.25,33.59683794466403162055335968
cancel-many,normal,"candidate,control",raw_summary.per_tenant.4.observed_hold_nanos.median,83.5,63,20.5,32.53968253968253968253968254
cancel-many,normal,"candidate,control",raw_summary.per_tenant.4.observed_hold_nanos.median_absolute_deviation,2.5,1.5,1.0,66.66666666666666666666666667
cancel-many,normal,"candidate,control",raw_summary.per_tenant.4.observed_hold_nanos.minimum,79,61,18,29.50819672131147540983606557
cancel-many,normal,"candidate,control",raw_summary.per_tenant.4.observed_hold_nanos.p95,92,66,26,39.39393939393939393939393939
cancel-many,normal,"candidate,control",raw_summary.per_tenant.4.observed_hold_nanos.p99,92,66,26,39.39393939393939393939393939
cancel-many,normal,"candidate,control",raw_summary.per_tenant.4.observed_hold_nanos.standard_deviation,4.716991,1.920286,2.796705,145.6400244546906033788716889
cancel-many,normal,"candidate,control",raw_summary.per_tenant.4.offers,8,8,0,0
cancel-many,normal,"candidate,control",raw_summary.per_tenant.4.outcomes.admission-error,0,0,0,null
cancel-many,normal,"candidate,control",raw_summary.per_tenant.4.outcomes.backpressure,0,0,0,null
cancel-many,normal,"candidate,control",raw_summary.per_tenant.4.outcomes.released,4,4,0,0
cancel-many,normal,"candidate,control",raw_summary.per_tenant.4.outcomes.scheduler-error,4,4,0,0
cancel-many,normal,"candidate,control",raw_summary.per_tenant.4.scheduling_lag_nanos.count,8,8,0,0
cancel-many,normal,"candidate,control",raw_summary.per_tenant.4.scheduling_lag_nanos.maximum,317,93,224,240.8602150537634408602150538
cancel-many,normal,"candidate,control",raw_summary.per_tenant.4.scheduling_lag_nanos.mean,138.5,28.125,110.375,392.4444444444444444444444444
cancel-many,normal,"candidate,control",raw_summary.per_tenant.4.scheduling_lag_nanos.median,118.5,19,99.5,523.6842105263157894736842105
cancel-many,normal,"candidate,control",raw_summary.per_tenant.4.scheduling_lag_nanos.median_absolute_deviation,31.5,0.5,31.0,6200
cancel-many,normal,"candidate,control",raw_summary.per_tenant.4.scheduling_lag_nanos.minimum,79,18,61,338.8888888888888888888888889
cancel-many,normal,"candidate,control",raw_summary.per_tenant.4.scheduling_lag_nanos.p95,317,93,224,240.8602150537634408602150538
cancel-many,normal,"candidate,control",raw_summary.per_tenant.4.scheduling_lag_nanos.p99,317,93,224,240.8602150537634408602150538
cancel-many,normal,"candidate,control",raw_summary.per_tenant.4.scheduling_lag_nanos.standard_deviation,73.167616,24.527727,48.639889,198.3057337518474500307346050
cancel-many,normal,"candidate,control",raw_summary.per_tenant.5.cancel_to_original_settlement_nanos.count,4,4,0,0
cancel-many,normal,"candidate,control",raw_summary.per_tenant.5.cancel_to_original_settlement_nanos.maximum,55830,42577,13253,31.12713436832092444277426780
cancel-many,normal,"candidate,control",raw_summary.per_tenant.5.cancel_to_original_settlement_nanos.mean,43856.5,31029,12827.5,41.34035901898224241838280318
cancel-many,normal,"candidate,control",raw_summary.per_tenant.5.cancel_to_original_settlement_nanos.median,43760,30764.5,12995.5,42.24186968746444765882754474
cancel-many,normal,"candidate,control",raw_summary.per_tenant.5.cancel_to_original_settlement_nanos.median_absolute_deviation,7655,7121.5,533.5,7.491399283858737625500245735
cancel-many,normal,"candidate,control",raw_summary.per_tenant.5.cancel_to_original_settlement_nanos.minimum,32076,20010,12066,60.29985007496251874062968516
cancel-many,normal,"candidate,control",raw_summary.per_tenant.5.cancel_to_original_settlement_nanos.p95,55830,42577,13253,31.12713436832092444277426780
cancel-many,normal,"candidate,control",raw_summary.per_tenant.5.cancel_to_original_settlement_nanos.p99,55830,42577,13253,31.12713436832092444277426780
cancel-many,normal,"candidate,control",raw_summary.per_tenant.5.cancel_to_original_settlement_nanos.standard_deviation,8781.504128,8355.445081,426.059047,5.099178354589917506274852146
cancel-many,normal,"candidate,control",raw_summary.per_tenant.5.enqueue_to_result_all_nanos.count,8,8,0,0
cancel-many,normal,"candidate,control",raw_summary.per_tenant.5.enqueue_to_result_all_nanos.maximum,1675922,444283,1231639,277.2194749742844088115007777
cancel-many,normal,"candidate,control",raw_summary.per_tenant.5.enqueue_to_result_all_nanos.mean,1098476.375,356325.625,742150.750,208.2788039731916558063989925
cancel-many,normal,"candidate,control",raw_summary.per_tenant.5.enqueue_to_result_all_nanos.median,1016903,370806,646097,174.2412474447554786060635481
cancel-many,normal,"candidate,control",raw_summary.per_tenant.5.enqueue_to_result_all_nanos.median_absolute_deviation,354942,60384.5,294557.5,487.8031614073147910473714281
cancel-many,normal,"candidate,control",raw_summary.per_tenant.5.enqueue_to_result_all_nanos.minimum,386356,217608,168748,77.54678136833204661593323775
cancel-many,normal,"candidate,control",raw_summary.per_tenant.5.enqueue_to_result_all_nanos.p95,1675922,444283,1231639,277.2194749742844088115007777
cancel-many,normal,"candidate,control",raw_summary.per_tenant.5.enqueue_to_result_all_nanos.p99,1675922,444283,1231639,277.2194749742844088115007777
cancel-many,normal,"candidate,control",raw_summary.per_tenant.5.enqueue_to_result_all_nanos.standard_deviation,431620.219645,72900.819853,358719.399792,492.0649733642715004378264958
cancel-many,normal,"candidate,control",raw_summary.per_tenant.5.enqueue_to_result_released_nanos.count,4,4,0,0
cancel-many,normal,"candidate,control",raw_summary.per_tenant.5.enqueue_to_result_released_nanos.maximum,1618513,444283,1174230,264.2977561599250927899559515
cancel-many,normal,"candidate,control",raw_summary.per_tenant.5.enqueue_to_result_released_nanos.mean,1172931.75,407408,765523.75,187.9010107803479558575187527
cancel-many,normal,"candidate,control",raw_summary.per_tenant.5.enqueue_to_result_released_nanos.median,1155212.5,407409.5,747803.0,183.5507026713908242198574162
cancel-many,normal,"candidate,control",raw_summary.per_tenant.5.enqueue_to_result_released_nanos.median_absolute_deviation,354942,36600.5,318341.5,869.7736369721725113044903758
cancel-many,normal,"candidate,control",raw_summary.per_tenant.5.enqueue_to_result_released_nanos.minimum,762789,370530,392259,105.8643024856286940328718322
cancel-many,normal,"candidate,control",raw_summary.per_tenant.5.enqueue_to_result_released_nanos.p95,1618513,444283,1174230,264.2977561599250927899559515
cancel-many,normal,"candidate,control",raw_summary.per_tenant.5.enqueue_to_result_released_nanos.p99,1618513,444283,1174230,264.2977561599250927899559515
cancel-many,normal,"candidate,control",raw_summary.per_tenant.5.enqueue_to_result_released_nanos.standard_deviation,377143.874235,36603.029335,340540.844900,930.3624620336359381277423988
cancel-many,normal,"candidate,control",raw_summary.per_tenant.5.observed_hold_nanos.count,4,4,0,0
cancel-many,normal,"candidate,control",raw_summary.per_tenant.5.observed_hold_nanos.maximum,85,65,20,30.76923076923076923076923077
cancel-many,normal,"candidate,control",raw_summary.per_tenant.5.observed_hold_nanos.mean,80,63.5,16.5,25.98425196850393700787401575
cancel-many,normal,"candidate,control",raw_summary.per_tenant.5.observed_hold_nanos.median,80,64,16,25
cancel-many,normal,"candidate,control",raw_summary.per_tenant.5.observed_hold_nanos.median_absolute_deviation,4.5,0.5,4.0,800
cancel-many,normal,"candidate,control",raw_summary.per_tenant.5.observed_hold_nanos.minimum,75,61,14,22.95081967213114754098360656
cancel-many,normal,"candidate,control",raw_summary.per_tenant.5.observed_hold_nanos.p95,85,65,20,30.76923076923076923076923077
cancel-many,normal,"candidate,control",raw_summary.per_tenant.5.observed_hold_nanos.p99,85,65,20,30.76923076923076923076923077
cancel-many,normal,"candidate,control",raw_summary.per_tenant.5.observed_hold_nanos.standard_deviation,4.527693,1.5,3.027693,201.84620
cancel-many,normal,"candidate,control",raw_summary.per_tenant.5.offers,8,8,0,0
cancel-many,normal,"candidate,control",raw_summary.per_tenant.5.outcomes.admission-error,0,0,0,null
cancel-many,normal,"candidate,control",raw_summary.per_tenant.5.outcomes.backpressure,0,0,0,null
cancel-many,normal,"candidate,control",raw_summary.per_tenant.5.outcomes.released,4,4,0,0
cancel-many,normal,"candidate,control",raw_summary.per_tenant.5.outcomes.scheduler-error,4,4,0,0
cancel-many,normal,"candidate,control",raw_summary.per_tenant.5.scheduling_lag_nanos.count,8,8,0,0
cancel-many,normal,"candidate,control",raw_summary.per_tenant.5.scheduling_lag_nanos.maximum,186,19,167,878.9473684210526315789473684
cancel-many,normal,"candidate,control",raw_summary.per_tenant.5.scheduling_lag_nanos.mean,129.25,18.875,110.375,584.7682119205298013245033113
cancel-many,normal,"candidate,control",raw_summary.per_tenant.5.scheduling_lag_nanos.median,126,19,107,563.1578947368421052631578947
cancel-many,normal,"candidate,control",raw_summary.per_tenant.5.scheduling_lag_nanos.median_absolute_deviation,36.5,0,36.5,null
cancel-many,normal,"candidate,control",raw_summary.per_tenant.5.scheduling_lag_nanos.minimum,86,18,68,377.7777777777777777777777778
cancel-many,normal,"candidate,control",raw_summary.per_tenant.5.scheduling_lag_nanos.p95,186,19,167,878.9473684210526315789473684
cancel-many,normal,"candidate,control",raw_summary.per_tenant.5.scheduling_lag_nanos.p99,186,19,167,878.9473684210526315789473684
cancel-many,normal,"candidate,control",raw_summary.per_tenant.5.scheduling_lag_nanos.standard_deviation,36.396257,0.330719,36.065538,10905.19081153486796948466825
cancel-many,normal,"candidate,control",raw_summary.per_tenant.6.cancel_to_original_settlement_nanos.count,4,4,0,0
cancel-many,normal,"candidate,control",raw_summary.per_tenant.6.cancel_to_original_settlement_nanos.maximum,56734,43490,13244,30.45297769602207404000919752
cancel-many,normal,"candidate,control",raw_summary.per_tenant.6.cancel_to_original_settlement_nanos.mean,44749.25,31996,12753.25,39.85888861107638454806850856
cancel-many,normal,"candidate,control",raw_summary.per_tenant.6.cancel_to_original_settlement_nanos.median,44676.5,31903,12773.5,40.03855436792778108641820518
cancel-many,normal,"candidate,control",raw_summary.per_tenant.6.cancel_to_original_settlement_nanos.median_absolute_deviation,7644.5,7170.5,474.0,6.610417683564604978732305976
cancel-many,normal,"candidate,control",raw_summary.per_tenant.6.cancel_to_original_settlement_nanos.minimum,32910,20688,12222,59.07772621809744779582366589
cancel-many,normal,"candidate,control",raw_summary.per_tenant.6.cancel_to_original_settlement_nanos.p95,56734,43490,13244,30.45297769602207404000919752
cancel-many,normal,"candidate,control",raw_summary.per_tenant.6.cancel_to_original_settlement_nanos.p99,56734,43490,13244,30.45297769602207404000919752
cancel-many,normal,"candidate,control",raw_summary.per_tenant.6.cancel_to_original_settlement_nanos.standard_deviation,8783.915282,8359.783939,424.131343,5.073472545400912902708453599
cancel-many,normal,"candidate,control",raw_summary.per_tenant.6.enqueue_to_result_all_nanos.count,8,8,0,0
cancel-many,normal,"candidate,control",raw_summary.per_tenant.6.enqueue_to_result_all_nanos.maximum,1654080,443165,1210915,273.2424717655952072027348730
cancel-many,normal,"candidate,control",raw_summary.per_tenant.6.enqueue_to_result_all_nanos.mean,1072779.875,354566.5,718213.375,202.5609793931462786247431723
cancel-many,normal,"candidate,control",raw_summary.per_tenant.6.enqueue_to_result_all_nanos.median,989389,370166,619223,167.2825164926006170204718964
cancel-many,normal,"candidate,control",raw_summary.per_tenant.6.enqueue_to_result_all_nanos.median_absolute_deviation,375144,60950,314194,515.4946677604593929450369155
cancel-many,normal,"candidate,control",raw_summary.per_tenant.6.enqueue_to_result_all_nanos.minimum,380031,215532,164499,76.32230944824898390958187183
cancel-many,normal,"candidate,control",raw_summary.per_tenant.6.enqueue_to_result_all_nanos.p95,1654080,443165,1210915,273.2424717655952072027348730
cancel-many,normal,"candidate,control",raw_summary.per_tenant.6.enqueue_to_result_all_nanos.p99,1654080,443165,1210915,273.2424717655952072027348730
cancel-many,normal,"candidate,control",raw_summary.per_tenant.6.enqueue_to_result_all_nanos.standard_deviation,430970.062731,73278.813488,357691.249243,488.1236911697196665723393024
cancel-many,normal,"candidate,control",raw_summary.per_tenant.6.enqueue_to_result_released_nanos.count,4,4,0,0
cancel-many,normal,"candidate,control",raw_summary.per_tenant.6.enqueue_to_result_released_nanos.maximum,1586801,443165,1143636,258.0609930838401047014091817
cancel-many,normal,"candidate,control",raw_summary.per_tenant.6.enqueue_to_result_released_nanos.mean,1142337.5,406549.25,735788.25,180.9837922465728321968371606
cancel-many,normal,"candidate,control",raw_summary.per_tenant.6.enqueue_to_result_released_nanos.median,1139943,406699.5,733243.5,180.2912223890120346840849325
cancel-many,normal,"candidate,control",raw_summary.per_tenant.6.enqueue_to_result_released_nanos.median_absolute_deviation,375144,36233,338911,935.3655507410371760549775067
cancel-many,normal,"candidate,control",raw_summary.per_tenant.6.enqueue_to_result_released_nanos.minimum,702663,369633,333030,90.09747506310313202554966683
cancel-many,normal,"candidate,control",raw_summary.per_tenant.6.enqueue_to_result_released_nanos.p95,1586801,443165,1143636,258.0609930838401047014091817
cancel-many,normal,"candidate,control",raw_summary.per_tenant.6.enqueue_to_result_released_nanos.p99,1586801,443165,1143636,258.0609930838401047014091817
cancel-many,normal,"candidate,control",raw_summary.per_tenant.6.enqueue_to_result_released_nanos.standard_deviation,383021.197903,36385.573421,346635.624482,952.6732490134087531163770580
cancel-many,normal,"candidate,control",raw_summary.per_tenant.6.observed_hold_nanos.count,4,4,0,0
cancel-many,normal,"candidate,control",raw_summary.per_tenant.6.observed_hold_nanos.maximum,186,60,126,210
cancel-many,normal,"candidate,control",raw_summary.per_tenant.6.observed_hold_nanos.mean,129.5,58.25,71.25,122.3175965665236051502145923
cancel-many,normal,"candidate,control",raw_summary.per_tenant.6.observed_hold_nanos.median,128.5,58,70.5,121.5517241379310344827586207
cancel-many,normal,"candidate,control",raw_summary.per_tenant.6.observed_hold_nanos.median_absolute_deviation,52.5,1,51.5,5150.0
cancel-many,normal,"candidate,control",raw_summary.per_tenant.6.observed_hold_nanos.minimum,75,57,18,31.57894736842105263157894737
cancel-many,normal,"candidate,control",raw_summary.per_tenant.6.observed_hold_nanos.p95,186,60,126,210
cancel-many,normal,"candidate,control",raw_summary.per_tenant.6.observed_hold_nanos.p99,186,60,126,210
cancel-many,normal,"candidate,control",raw_summary.per_tenant.6.observed_hold_nanos.standard_deviation,53.546709,1.299038,52.247671,4022.027916042486824865785297
cancel-many,normal,"candidate,control",raw_summary.per_tenant.6.offers,8,8,0,0
cancel-many,normal,"candidate,control",raw_summary.per_tenant.6.outcomes.admission-error,0,0,0,null
cancel-many,normal,"candidate,control",raw_summary.per_tenant.6.outcomes.backpressure,0,0,0,null
cancel-many,normal,"candidate,control",raw_summary.per_tenant.6.outcomes.released,4,4,0,0
cancel-many,normal,"candidate,control",raw_summary.per_tenant.6.outcomes.scheduler-error,4,4,0,0
cancel-many,normal,"candidate,control",raw_summary.per_tenant.6.scheduling_lag_nanos.count,8,8,0,0
cancel-many,normal,"candidate,control",raw_summary.per_tenant.6.scheduling_lag_nanos.maximum,302,21,281,1338.095238095238095238095238
cancel-many,normal,"candidate,control",raw_summary.per_tenant.6.scheduling_lag_nanos.mean,143,19.25,123.75,642.8571428571428571428571429
cancel-many,normal,"candidate,control",raw_summary.per_tenant.6.scheduling_lag_nanos.median,127,19,108,568.4210526315789473684210526
cancel-many,normal,"candidate,control",raw_summary.per_tenant.6.scheduling_lag_nanos.median_absolute_deviation,38.5,0,38.5,null
cancel-many,normal,"candidate,control",raw_summary.per_tenant.6.scheduling_lag_nanos.minimum,86,18,68,377.7777777777777777777777778
cancel-many,normal,"candidate,control",raw_summary.per_tenant.6.scheduling_lag_nanos.p95,302,21,281,1338.095238095238095238095238
cancel-many,normal,"candidate,control",raw_summary.per_tenant.6.scheduling_lag_nanos.p99,302,21,281,1338.095238095238095238095238
cancel-many,normal,"candidate,control",raw_summary.per_tenant.6.scheduling_lag_nanos.standard_deviation,67.355401,0.829156,66.526245,8023.368943841689621735837406
cancel-many,normal,"candidate,control",raw_summary.per_tenant.7.cancel_to_original_settlement_nanos.count,4,4,0,0
cancel-many,normal,"candidate,control",raw_summary.per_tenant.7.cancel_to_original_settlement_nanos.maximum,57893,44516,13377,30.04986970976727468775271812
cancel-many,normal,"candidate,control",raw_summary.per_tenant.7.cancel_to_original_settlement_nanos.mean,45873.5,32952.25,12921.25,39.21204166635055269367038670
cancel-many,normal,"candidate,control",raw_summary.per_tenant.7.cancel_to_original_settlement_nanos.median,45686,32759,12927,39.46091150523520253976006594
cancel-many,normal,"candidate,control",raw_summary.per_tenant.7.cancel_to_original_settlement_nanos.median_absolute_deviation,7451.5,7053,398.5,5.650077981000992485467177088
cancel-many,normal,"candidate,control",raw_summary.per_tenant.7.cancel_to_original_settlement_nanos.minimum,34229,21775,12454,57.19402985074626865671641791
cancel-many,normal,"candidate,control",raw_summary.per_tenant.7.cancel_to_original_settlement_nanos.p95,57893,44516,13377,30.04986970976727468775271812
cancel-many,normal,"candidate,control",raw_summary.per_tenant.7.cancel_to_original_settlement_nanos.p99,57893,44516,13377,30.04986970976727468775271812
cancel-many,normal,"candidate,control",raw_summary.per_tenant.7.cancel_to_original_settlement_nanos.standard_deviation,8716.118761,8339.959394,376.159367,4.510326120659766847780889807
cancel-many,normal,"candidate,control",raw_summary.per_tenant.7.enqueue_to_result_all_nanos.count,8,8,0,0
cancel-many,normal,"candidate,control",raw_summary.per_tenant.7.enqueue_to_result_all_nanos.maximum,1628646,441511,1187135,268.8800505536668395577913121
cancel-many,normal,"candidate,control",raw_summary.per_tenant.7.enqueue_to_result_all_nanos.mean,1055945.25,352810,703135.25,199.2957257447351265553697458
cancel-many,normal,"candidate,control",raw_summary.per_tenant.7.enqueue_to_result_all_nanos.median,975029,369278.5,605750.5,164.0362219842205814852475841
cancel-many,normal,"candidate,control",raw_summary.per_tenant.7.enqueue_to_result_all_nanos.median_absolute_deviation,374120.5,61202.5,312918.0,511.2830358237000122544013725
cancel-many,normal,"candidate,control",raw_summary.per_tenant.7.enqueue_to_result_all_nanos.minimum,367057,213198,153859,72.16718730944943198341447856
cancel-many,normal,"candidate,control",raw_summary.per_tenant.7.enqueue_to_result_all_nanos.p95,1628646,441511,1187135,268.8800505536668395577913121
cancel-many,normal,"candidate,control",raw_summary.per_tenant.7.enqueue_to_result_all_nanos.p99,1628646,441511,1187135,268.8800505536668395577913121
cancel-many,normal,"candidate,control",raw_summary.per_tenant.7.enqueue_to_result_all_nanos.standard_deviation,428407.916872,73429.992415,354977.924457,483.4236158582068130804668012
cancel-many,normal,"candidate,control",raw_summary.per_tenant.7.enqueue_to_result_released_nanos.count,4,4,0,0
cancel-many,normal,"candidate,control",raw_summary.per_tenant.7.enqueue_to_result_released_nanos.maximum,1567474,441511,1125963,255.0249031167966370033815692
cancel-many,normal,"candidate,control",raw_summary.per_tenant.7.enqueue_to_result_released_nanos.mean,1127953,405274.75,722678.25,178.3181039529356319385799387
cancel-many,normal,"candidate,control",raw_summary.per_tenant.7.enqueue_to_result_released_nanos.median,1127618,405446,722172,178.1179244584975557780814214
cancel-many,normal,"candidate,control",raw_summary.per_tenant.7.enqueue_to_result_released_nanos.median_absolute_deviation,374120.5,35825,338295.5,944.3000697836706210746685276
cancel-many,normal,"candidate,control",raw_summary.per_tenant.7.enqueue_to_result_released_nanos.minimum,689102,368696,320406,86.90248877123700826697333304
cancel-many,normal,"candidate,control",raw_summary.per_tenant.7.enqueue_to_result_released_nanos.p95,1567474,441511,1125963,255.0249031167966370033815692
cancel-many,normal,"candidate,control",raw_summary.per_tenant.7.enqueue_to_result_released_nanos.p99,1567474,441511,1125963,255.0249031167966370033815692
cancel-many,normal,"candidate,control",raw_summary.per_tenant.7.enqueue_to_result_released_nanos.standard_deviation,380009.304275,35999.006475,344010.297800,955.6105334154225432689528135
cancel-many,normal,"candidate,control",raw_summary.per_tenant.7.observed_hold_nanos.count,4,4,0,0
cancel-many,normal,"candidate,control",raw_summary.per_tenant.7.observed_hold_nanos.maximum,92,69,23,33.33333333333333333333333333
cancel-many,normal,"candidate,control",raw_summary.per_tenant.7.observed_hold_nanos.mean,81.5,65,16.5,25.38461538461538461538461538
cancel-many,normal,"candidate,control",raw_summary.per_tenant.7.observed_hold_nanos.median,79.5,65.5,14.0,21.37404580152671755725190840
cancel-many,normal,"candidate,control",raw_summary.per_tenant.7.observed_hold_nanos.median_absolute_deviation,2.5,2.5,0.0,0
cancel-many,normal,"candidate,control",raw_summary.per_tenant.7.observed_hold_nanos.minimum,75,60,15,25
cancel-many,normal,"candidate,control",raw_summary.per_tenant.7.observed_hold_nanos.p95,92,69,23,33.33333333333333333333333333
cancel-many,normal,"candidate,control",raw_summary.per_tenant.7.observed_hold_nanos.p99,92,69,23,33.33333333333333333333333333
cancel-many,normal,"candidate,control",raw_summary.per_tenant.7.observed_hold_nanos.standard_deviation,6.344289,3.391165,2.953124,87.08287564892890791217767345
cancel-many,normal,"candidate,control",raw_summary.per_tenant.7.offers,8,8,0,0
cancel-many,normal,"candidate,control",raw_summary.per_tenant.7.outcomes.admission-error,0,0,0,null
cancel-many,normal,"candidate,control",raw_summary.per_tenant.7.outcomes.backpressure,0,0,0,null
cancel-many,normal,"candidate,control",raw_summary.per_tenant.7.outcomes.released,4,4,0,0
cancel-many,normal,"candidate,control",raw_summary.per_tenant.7.outcomes.scheduler-error,4,4,0,0
cancel-many,normal,"candidate,control",raw_summary.per_tenant.7.scheduling_lag_nanos.count,8,8,0,0
cancel-many,normal,"candidate,control",raw_summary.per_tenant.7.scheduling_lag_nanos.maximum,193,20,173,865
cancel-many,normal,"candidate,control",raw_summary.per_tenant.7.scheduling_lag_nanos.mean,140.875,19.25,121.625,631.8181818181818181818181818
cancel-many,normal,"candidate,control",raw_summary.per_tenant.7.scheduling_lag_nanos.median,141,19,122,642.1052631578947368421052632
cancel-many,normal,"candidate,control",raw_summary.per_tenant.7.scheduling_lag_nanos.median_absolute_deviation,33.5,0,33.5,null
cancel-many,normal,"candidate,control",raw_summary.per_tenant.7.scheduling_lag_nanos.minimum,86,19,67,352.6315789473684210526315789
cancel-many,normal,"candidate,control",raw_summary.per_tenant.7.scheduling_lag_nanos.p95,193,20,173,865
cancel-many,normal,"candidate,control",raw_summary.per_tenant.7.scheduling_lag_nanos.p99,193,20,173,865
cancel-many,normal,"candidate,control",raw_summary.per_tenant.7.scheduling_lag_nanos.standard_deviation,36.913539,0.433013,36.480526,8424.810802447039696267779489
cancel-many,normal,"candidate,control",raw_summary.released_per_second,15273.32894932224602787382533,38957.49737036892750009739374,-23684.16842104668147222356841,-60.79489191998472667105067776
cancel-many,normal,"candidate,control",raw_summary.scheduler_rejected,32,32,0,0
cancel-many,normal,"candidate,control",raw_summary.started_nanos,100543452,100379969,163483,0.1628641666546041670923409032
cancel-many,normal,"candidate,control",raw_summary.whole_raw_elapsed_nanos,102975918,101361285,1614633,1.592948431938288864431819309
cancel-many,normal,"candidate,control",raw_summary.work.cancel_entry_visits,0,712,-712,-100
cancel-many,normal,"candidate,control",raw_summary.work.entry_shifted_slots,0,112,-112,-100
cancel-many,normal,"candidate,control",raw_summary.work.entry_unlinks,32,32,0,0
cancel-many,normal,"candidate,control",raw_summary.work.tenant_index_lookups,0,0,0,null
cancel-many,normal,"candidate,control",raw_summary.work.tenant_linear_visits,0,144,-144,-100
cancel-many,normal,"candidate,control",raw_summary.work.tenant_shifted_slots,0,0,0,null
cancel-many,normal,"candidate,control",raw_summary.work.winner_comparisons,0,0,0,null
cancel-many,allocation,"control,candidate",metrics.selected_frame.allocated_bytes,21760,21760,0,0
cancel-many,allocation,"control,candidate",metrics.selected_frame.allocation_count,224,224,0,0
cancel-many,allocation,"control,candidate",metrics.selected_frame.live_bytes,0,0,0,null
cancel-many,allocation,"control,candidate",metrics.selected_frame.peak_live_bytes,20992,20992,0,0
cancel-many,allocation,"control,candidate",metrics.selected_frame.remaining_allocations,0,0,0,null
cancel-many,allocation,"control,candidate",metrics.whole_process_allocated_bytes,1643919,1622973,20946,1.290594483087519016027993072
cancel-many,allocation,"control,candidate",metrics.whole_process_allocation_count,13758,13776,-18,-0.1306620209059233449477351916
cancel-many,allocation,"control,candidate",metrics.whole_process_peak_live_bytes,689084,689072,12,0.001741472589221445654445399029
cancel-many,allocation,"control,candidate",metrics.whole_process_remaining_allocations,3,3,0,0
cancel-many,allocation,"control,candidate",metrics.whole_process_remaining_live_bytes,928,928,0,0
cancel-many,allocation,"control,candidate",raw_summary.counts.admission_calls,68,68,0,0
cancel-many,allocation,"control,candidate",raw_summary.counts.admitted,68,68,0,0
cancel-many,allocation,"control,candidate",raw_summary.counts.cancel_accepted,32,32,0,0
cancel-many,allocation,"control,candidate",raw_summary.counts.cancel_calls,32,32,0,0
cancel-many,allocation,"control,candidate",raw_summary.counts.cleanup_reclaims,0,0,0,null
cancel-many,allocation,"control,candidate",raw_summary.counts.enqueue_calls,68,68,0,0
cancel-many,allocation,"control,candidate",raw_summary.counts.enqueue_results,68,68,0,0
cancel-many,allocation,"control,candidate",raw_summary.counts.offers,68,68,0,0
cancel-many,allocation,"control,candidate",raw_summary.counts.release_calls,36,36,0,0
cancel-many,allocation,"control,candidate",raw_summary.counts.released,36,36,0,0
cancel-many,allocation,"control,candidate",raw_summary.counts.shutdown_calls,1,1,0,0
cancel-many,allocation,"control,candidate",raw_summary.elapsed_nanos,63284821,71734188,-8449367,-11.77871700450557828855607873
cancel-many,allocation,"control,candidate",raw_summary.finished_nanos,164705289,173141254,-8435965,-4.872302126216551486914840065
cancel-many,allocation,"control,candidate",raw_summary.frame.cancel_calls,32,32,0,0
cancel-many,allocation,"control,candidate",raw_summary.frame.finished_nanos,163556925,171574673,-8017748,-4.673037028023361000373289361
cancel-many,allocation,"control,candidate",raw_summary.frame.polls,1,1,0,0
cancel-many,allocation,"control,candidate",raw_summary.frame.settled,32,32,0,0
cancel-many,allocation,"control,candidate",raw_summary.frame.started_nanos,161027086,168780547,-7753461,-4.593811987112472150004348546
cancel-many,allocation,"control,candidate",raw_summary.measured.cancel_to_original_settlement_nanos.count,32,32,0,0
cancel-many,allocation,"control,candidate",raw_summary.measured.cancel_to_original_settlement_nanos.maximum,2473844,2743547,-269703,-9.830449414571720477177901454
cancel-many,allocation,"control,candidate",raw_summary.measured.cancel_to_original_settlement_nanos.mean,1102473.40625,1236718.375,-134244.96875,-10.85493443485061827435045590
cancel-many,allocation,"control,candidate",raw_summary.measured.cancel_to_original_settlement_nanos.median,206865,156386,50479,32.27846482421700152187535969
cancel-many,allocation,"control,candidate",raw_summary.measured.cancel_to_original_settlement_nanos.median_absolute_deviation,47560,50251,-2691,-5.355117311098286601261666434
cancel-many,allocation,"control,candidate",raw_summary.measured.cancel_to_original_settlement_nanos.minimum,151931,101774,50157,49.28272446793876628608485468
cancel-many,allocation,"control,candidate",raw_summary.measured.cancel_to_original_settlement_nanos.p95,2470056,2731813,-261757,-9.581805196768592872206113669
cancel-many,allocation,"control,candidate",raw_summary.measured.cancel_to_original_settlement_nanos.p99,2473844,2743547,-269703,-9.830449414571720477177901454
cancel-many,allocation,"control,candidate",raw_summary.measured.cancel_to_original_settlement_nanos.standard_deviation,1112134.11495,1255159.686697,-143025.571747,-11.39500999457504726914977737
cancel-many,allocation,"control,candidate",raw_summary.measured.enqueue_to_result_all_nanos.count,68,68,0,0
cancel-many,allocation,"control,candidate",raw_summary.measured.enqueue_to_result_all_nanos.maximum,61574826,70194779,-8619953,-12.28004863438632665258480264
cancel-many,allocation,"control,candidate",raw_summary.measured.enqueue_to_result_all_nanos.mean,50282423.220588,55598835.088235,-5316411.867647,-9.562092189899101224409698575
cancel-many,allocation,"control,candidate",raw_summary.measured.enqueue_to_result_all_nanos.median,58997823,66591694.5,-7593871.5,-11.40363157450513592201802283
cancel-many,allocation,"control,candidate",raw_summary.measured.enqueue_to_result_all_nanos.median_absolute_deviation,2558720,3358100,-799380,-23.80453232482653881659271612
cancel-many,allocation,"control,candidate",raw_summary.measured.enqueue_to_result_all_nanos.minimum,14117,11218,2899,25.84239614904617578891067927
cancel-many,allocation,"control,candidate",raw_summary.measured.enqueue_to_result_all_nanos.p95,61569687,70183993,-8614306,-12.27388985975762308080704385
cancel-many,allocation,"control,candidate",raw_summary.measured.enqueue_to_result_all_nanos.p99,61574826,70194779,-8619953,-12.28004863438632665258480264
cancel-many,allocation,"control,candidate",raw_summary.measured.enqueue_to_result_all_nanos.standard_deviation,17757419.107824,20914185.561816,-3156766.453992,-15.09390095378829926896376110
cancel-many,allocation,"control,candidate",raw_summary.measured.enqueue_to_result_released_nanos.count,36,36,0,0
cancel-many,allocation,"control,candidate",raw_summary.measured.enqueue_to_result_released_nanos.maximum,61574826,70194779,-8619953,-12.28004863438632665258480264
cancel-many,allocation,"control,candidate",raw_summary.measured.enqueue_to_result_released_nanos.mean,50320678.722222,55070306.416667,-4749627.694445,-8.624661825029409339953024749
cancel-many,allocation,"control,candidate",raw_summary.measured.enqueue_to_result_released_nanos.median,61411555,69846463,-8434908,-12.07635667965033533623599523
cancel-many,allocation,"control,candidate",raw_summary.measured.enqueue_to_result_released_nanos.median_absolute_deviation,157658.5,334594.5,-176936.0,-52.88072577403394257825517156
cancel-many,allocation,"control,candidate",raw_summary.measured.enqueue_to_result_released_nanos.minimum,14117,11218,2899,25.84239614904617578891067927
cancel-many,allocation,"control,candidate",raw_summary.measured.enqueue_to_result_released_nanos.p95,61571907,70190096,-8618189,-12.27835476959598402600845567
cancel-many,allocation,"control,candidate",raw_summary.measured.enqueue_to_result_released_nanos.p99,61574826,70194779,-8619953,-12.28004863438632665258480264
cancel-many,allocation,"control,candidate",raw_summary.measured.enqueue_to_result_released_nanos.standard_deviation,19050709.678277,22462136.189829,-3411426.511552,-15.18745360068075762858761340
cancel-many,allocation,"control,candidate",raw_summary.measured.observed_hold_nanos.count,36,36,0,0
cancel-many,allocation,"control,candidate",raw_summary.measured.observed_hold_nanos.maximum,61771275,69983402,-8212127,-11.73439239207033690645676242
cancel-many,allocation,"control,candidate",raw_summary.measured.observed_hold_nanos.mean,6861508.361111,7771659.916667,-910151.555556,-11.71116036104591893714335969
cancel-many,allocation,"control,candidate",raw_summary.measured.observed_hold_nanos.median,227.5,245,-17.5,-7.142857142857142857142857143
cancel-many,allocation,"control,candidate",raw_summary.measured.observed_hold_nanos.median_absolute_deviation,114.5,88.5,26.0,29.37853107344632768361581921
cancel-many,allocation,"control,candidate",raw_summary.measured.observed_hold_nanos.minimum,95,84,11,13.09523809523809523809523810
cancel-many,allocation,"control,candidate",raw_summary.measured.observed_hold_nanos.p95,61752624,69978599,-8225975,-11.75498669243149609211238996
cancel-many,allocation,"control,candidate",raw_summary.measured.observed_hold_nanos.p99,61771275,69983402,-8212127,-11.73439239207033690645676242
cancel-many,allocation,"control,candidate",raw_summary.measured.observed_hold_nanos.standard_deviation,19406228.413289,21980921.062818,-2574692.649529,-11.71330647233086884854003527
cancel-many,allocation,"control,candidate",raw_summary.measured.offers,68,68,0,0
cancel-many,allocation,"control,candidate",raw_summary.measured.outcomes.admission-error,0,0,0,null
cancel-many,allocation,"control,candidate",raw_summary.measured.outcomes.backpressure,0,0,0,null
cancel-many,allocation,"control,candidate",raw_summary.measured.outcomes.released,36,36,0,0
cancel-many,allocation,"control,candidate",raw_summary.measured.outcomes.scheduler-error,32,32,0,0
cancel-many,allocation,"control,candidate",raw_summary.measured.scheduling_lag_nanos.count,68,68,0,0
cancel-many,allocation,"control,candidate",raw_summary.measured.scheduling_lag_nanos.maximum,174,249,-75,-30.12048192771084337349397590
cancel-many,allocation,"control,candidate",raw_summary.measured.scheduling_lag_nanos.mean,36.867647,44.941176,-8.073529,-17.96465895774511997638869085
cancel-many,allocation,"control,candidate",raw_summary.measured.scheduling_lag_nanos.median,25,27,-2,-7.407407407407407407407407407
cancel-many,allocation,"control,candidate",raw_summary.measured.scheduling_lag_nanos.median_absolute_deviation,2,5,-3,-60
cancel-many,allocation,"control,candidate",raw_summary.measured.scheduling_lag_nanos.minimum,22,19,3,15.78947368421052631578947368
cancel-many,allocation,"control,candidate",raw_summary.measured.scheduling_lag_nanos.p95,92,112,-20,-17.85714285714285714285714286
cancel-many,allocation,"control,candidate",raw_summary.measured.scheduling_lag_nanos.p99,174,249,-75,-30.12048192771084337349397590
cancel-many,allocation,"control,candidate",raw_summary.measured.scheduling_lag_nanos.standard_deviation,26.041203,37.403948,-11.362745,-30.37846432681384328734496155
cancel-many,allocation,"control,candidate",raw_summary.offered_per_second,1074.507266126264305938386078,947.9440960564020045783469383,126.5631700698623013600391397,13.35133269951099332334368137
cancel-many,allocation,"control,candidate",raw_summary.per_tenant.0.cancel_to_original_settlement_nanos.count,4,4,0,0
cancel-many,allocation,"control,candidate",raw_summary.per_tenant.0.cancel_to_original_settlement_nanos.maximum,2447010,2657560,-210550,-7.922680955462905823386866148
cancel-many,allocation,"control,candidate",raw_summary.per_tenant.0.cancel_to_original_settlement_nanos.mean,748155.75,762782.5,-14626.75,-1.917551857836277051453068208
cancel-many,allocation,"control,candidate",raw_summary.per_tenant.0.cancel_to_original_settlement_nanos.median,193290,143098.5,50191.5,35.07479114036834767660038365
cancel-many,allocation,"control,candidate",raw_summary.per_tenant.0.cancel_to_original_settlement_nanos.median_absolute_deviation,24503,25375.5,-872.5,-3.438355894465133691946956710
cancel-many,allocation,"control,candidate",raw_summary.per_tenant.0.cancel_to_original_settlement_nanos.minimum,159033,107373,51660,48.11265401916682964991198905
cancel-many,allocation,"control,candidate",raw_summary.per_tenant.0.cancel_to_original_settlement_nanos.p95,2447010,2657560,-210550,-7.922680955462905823386866148
cancel-many,allocation,"control,candidate",raw_summary.per_tenant.0.cancel_to_original_settlement_nanos.p99,2447010,2657560,-210550,-7.922680955462905823386866148
cancel-many,allocation,"control,candidate",raw_summary.per_tenant.0.cancel_to_original_settlement_nanos.standard_deviation,980989.098354,1094099.108652,-113110.010298,-10.33818686109330249684031986
cancel-many,allocation,"control,candidate",raw_summary.per_tenant.0.enqueue_to_result_all_nanos.count,9,9,0,0
cancel-many,allocation,"control,candidate",raw_summary.per_tenant.0.enqueue_to_result_all_nanos.maximum,61571907,70123975,-8552068,-12.19564064929291301584087325
cancel-many,allocation,"control,candidate",raw_summary.per_tenant.0.enqueue_to_result_all_nanos.mean,50189418,55136190.555556,-4946772.555556,-8.971915733952570580380067949
cancel-many,allocation,"control,candidate",raw_summary.per_tenant.0.enqueue_to_result_all_nanos.median,58764613,66316186,-7551573,-11.38722453067490944066053497
cancel-many,allocation,"control,candidate",raw_summary.per_tenant.0.enqueue_to_result_all_nanos.median_absolute_deviation,2797273,3640284,-843011,-23.15783603696854421248452044
cancel-many,allocation,"control,candidate",raw_summary.per_tenant.0.enqueue_to_result_all_nanos.minimum,228166,302980,-74814,-24.69271899135256452571126807
cancel-many,allocation,"control,candidate",raw_summary.per_tenant.0.enqueue_to_result_all_nanos.p95,61571907,70123975,-8552068,-12.19564064929291301584087325
cancel-many,allocation,"control,candidate",raw_summary.per_tenant.0.enqueue_to_result_all_nanos.p99,61571907,70123975,-8552068,-12.19564064929291301584087325
cancel-many,allocation,"control,candidate",raw_summary.per_tenant.0.enqueue_to_result_all_nanos.standard_deviation,18722600.236745,21918540.626003,-3195940.389258,-14.58099078670641495963801038
cancel-many,allocation,"control,candidate",raw_summary.per_tenant.0.enqueue_to_result_released_nanos.count,5,5,0,0
cancel-many,allocation,"control,candidate",raw_summary.per_tenant.0.enqueue_to_result_released_nanos.maximum,61571907,70123975,-8552068,-12.19564064929291301584087325
cancel-many,allocation,"control,candidate",raw_summary.per_tenant.0.enqueue_to_result_released_nanos.mean,46100738.6,50916351.6,-4815613.0,-9.457890930268460162019935458
cancel-many,allocation,"control,candidate",raw_summary.per_tenant.0.enqueue_to_result_released_nanos.median,61375089,69841470,-8466381,-12.12228350863749001846610617
cancel-many,allocation,"control,candidate",raw_summary.per_tenant.0.enqueue_to_result_released_nanos.median_absolute_deviation,196818,282505,-85687,-30.33114458151183164899736288
cancel-many,allocation,"control,candidate",raw_summary.per_tenant.0.enqueue_to_result_released_nanos.minimum,228166,302980,-74814,-24.69271899135256452571126807
cancel-many,allocation,"control,candidate",raw_summary.per_tenant.0.enqueue_to_result_released_nanos.p95,61571907,70123975,-8552068,-12.19564064929291301584087325
cancel-many,allocation,"control,candidate",raw_summary.per_tenant.0.enqueue_to_result_released_nanos.p99,61571907,70123975,-8552068,-12.19564064929291301584087325
cancel-many,allocation,"control,candidate",raw_summary.per_tenant.0.enqueue_to_result_released_nanos.standard_deviation,23732317.401398,27182197.43593,-3449880.034532,-12.69168926707844468210180398
cancel-many,allocation,"control,candidate",raw_summary.per_tenant.0.observed_hold_nanos.count,5,5,0,0
cancel-many,allocation,"control,candidate",raw_summary.per_tenant.0.observed_hold_nanos.maximum,61747807,69873973,-8126166,-11.62974660106990051932498528
cancel-many,allocation,"control,candidate",raw_summary.per_tenant.0.observed_hold_nanos.mean,12349824.2,13975037.2,-1625213.0,-11.62940017075589609163974175
cancel-many,allocation,"control,candidate",raw_summary.per_tenant.0.observed_hold_nanos.median,244,279,-35,-12.54480286738351254480286738
cancel-many,allocation,"control,candidate",raw_summary.per_tenant.0.observed_hold_nanos.median_absolute_deviation,130,150,-20,-13.33333333333333333333333333
cancel-many,allocation,"control,candidate",raw_summary.per_tenant.0.observed_hold_nanos.minimum,114,129,-15,-11.62790697674418604651162791
cancel-many,allocation,"control,candidate",raw_summary.per_tenant.0.observed_hold_nanos.p95,61747807,69873973,-8126166,-11.62974660106990051932498528
cancel-many,allocation,"control,candidate",raw_summary.per_tenant.0.observed_hold_nanos.p99,61747807,69873973,-8126166,-11.62974660106990051932498528
cancel-many,allocation,"control,candidate",raw_summary.per_tenant.0.observed_hold_nanos.standard_deviation,24698991.400906,27949467.90035,-3250476.499444,-11.62983320839283521304756244
cancel-many,allocation,"control,candidate",raw_summary.per_tenant.0.offers,9,9,0,0
cancel-many,allocation,"control,candidate",raw_summary.per_tenant.0.outcomes.admission-error,0,0,0,null
cancel-many,allocation,"control,candidate",raw_summary.per_tenant.0.outcomes.backpressure,0,0,0,null
cancel-many,allocation,"control,candidate",raw_summary.per_tenant.0.outcomes.released,5,5,0,0
cancel-many,allocation,"control,candidate",raw_summary.per_tenant.0.outcomes.scheduler-error,4,4,0,0
cancel-many,allocation,"control,candidate",raw_summary.per_tenant.0.scheduling_lag_nanos.count,9,9,0,0
cancel-many,allocation,"control,candidate",raw_summary.per_tenant.0.scheduling_lag_nanos.maximum,174,249,-75,-30.12048192771084337349397590
cancel-many,allocation,"control,candidate",raw_summary.per_tenant.0.scheduling_lag_nanos.mean,52.222222,52.777778,-0.555556,-1.052632416620495087913704893
cancel-many,allocation,"control,candidate",raw_summary.per_tenant.0.scheduling_lag_nanos.median,25,24,1,4.166666666666666666666666667
cancel-many,allocation,"control,candidate",raw_summary.per_tenant.0.scheduling_lag_nanos.median_absolute_deviation,2,3,-1,-33.33333333333333333333333333
cancel-many,allocation,"control,candidate",raw_summary.per_tenant.0.scheduling_lag_nanos.minimum,23,19,4,21.05263157894736842105263158
cancel-many,allocation,"control,candidate",raw_summary.per_tenant.0.scheduling_lag_nanos.p95,174,249,-75,-30.12048192771084337349397590
cancel-many,allocation,"control,candidate",raw_summary.per_tenant.0.scheduling_lag_nanos.p99,174,249,-75,-30.12048192771084337349397590
cancel-many,allocation,"control,candidate",raw_summary.per_tenant.0.scheduling_lag_nanos.standard_deviation,46.692321,70.316393,-23.624072,-33.59682001891081074081828970
cancel-many,allocation,"control,candidate",raw_summary.per_tenant.1.cancel_to_original_settlement_nanos.count,4,4,0,0
cancel-many,allocation,"control,candidate",raw_summary.per_tenant.1.cancel_to_original_settlement_nanos.maximum,2449914,2669284,-219370,-8.218308729981523135042955339
cancel-many,allocation,"control,candidate",raw_summary.per_tenant.1.cancel_to_original_settlement_nanos.mean,748898.25,766191.25,-17293.00,-2.257008286116553797762634329
cancel-many,allocation,"control,candidate",raw_summary.per_tenant.1.cancel_to_original_settlement_nanos.median,196874,146853.5,50020.5,34.06149666163898034435679095
cancel-many,allocation,"control,candidate",raw_summary.per_tenant.1.cancel_to_original_settlement_nanos.median_absolute_deviation,30248.5,30134.5,114.0,0.3783039373475584462990924024
cancel-many,allocation,"control,candidate",raw_summary.per_tenant.1.cancel_to_original_settlement_nanos.minimum,151931,101774,50157,49.28272446793876628608485468
cancel-many,allocation,"control,candidate",raw_summary.per_tenant.1.cancel_to_original_settlement_nanos.p95,2449914,2669284,-219370,-8.218308729981523135042955339
cancel-many,allocation,"control,candidate",raw_summary.per_tenant.1.cancel_to_original_settlement_nanos.p99,2449914,2669284,-219370,-8.218308729981523135042955339
cancel-many,allocation,"control,candidate",raw_summary.per_tenant.1.cancel_to_original_settlement_nanos.standard_deviation,982314.852571,1098957.714857,-116642.862286,-10.61395363161702301650544788
cancel-many,allocation,"control,candidate",raw_summary.per_tenant.1.enqueue_to_result_all_nanos.count,9,9,0,0
cancel-many,allocation,"control,candidate",raw_summary.per_tenant.1.enqueue_to_result_all_nanos.maximum,61568740,70133603,-8564863,-12.21221017263293887810098677
cancel-many,allocation,"control,candidate",raw_summary.per_tenant.1.enqueue_to_result_all_nanos.mean,47441701.666667,52749459.666667,-5307758.000000,-10.06220354396167266772733286
cancel-many,allocation,"control,candidate",raw_summary.per_tenant.1.enqueue_to_result_all_nanos.median,58755653,66308836,-7553183,-11.39091477944206410138160169
cancel-many,allocation,"control,candidate",raw_summary.per_tenant.1.enqueue_to_result_all_nanos.median_absolute_deviation,2806474,3603516,-797042,-22.11845319959728220993052341
cancel-many,allocation,"control,candidate",raw_summary.per_tenant.1.enqueue_to_result_all_nanos.minimum,16134,17828,-1694,-9.501907112407448956697330043
cancel-many,allocation,"control,candidate",raw_summary.per_tenant.1.enqueue_to_result_all_nanos.p95,61568740,70133603,-8564863,-12.21221017263293887810098677
cancel-many,allocation,"control,candidate",raw_summary.per_tenant.1.enqueue_to_result_all_nanos.p99,61568740,70133603,-8564863,-12.21221017263293887810098677
cancel-many,allocation,"control,candidate",raw_summary.per_tenant.1.enqueue_to_result_all_nanos.standard_deviation,21020442.229516,24238049.858581,-3217607.629065,-13.27502685999249211521876729
cancel-many,allocation,"control,candidate",raw_summary.per_tenant.1.enqueue_to_result_released_nanos.count,5,5,0,0
cancel-many,allocation,"control,candidate",raw_summary.per_tenant.1.enqueue_to_result_released_nanos.maximum,61568740,70133603,-8564863,-12.21221017263293887810098677
cancel-many,allocation,"control,candidate",raw_summary.per_tenant.1.enqueue_to_result_released_nanos.mean,46054154,50856845,-4802691,-9.443548847750976294341499163
cancel-many,allocation,"control,candidate",raw_summary.per_tenant.1.enqueue_to_result_released_nanos.median,61373425,69867629,-8494204,-12.15756727625607561407300654
cancel-many,allocation,"control,candidate",raw_summary.per_tenant.1.enqueue_to_result_released_nanos.median_absolute_deviation,195315,265974,-70659,-26.56613052403618398790859257
cancel-many,allocation,"control,candidate",raw_summary.per_tenant.1.enqueue_to_result_released_nanos.minimum,16134,17828,-1694,-9.501907112407448956697330043
cancel-many,allocation,"control,candidate",raw_summary.per_tenant.1.enqueue_to_result_released_nanos.p95,61568740,70133603,-8564863,-12.21221017263293887810098677
cancel-many,allocation,"control,candidate",raw_summary.per_tenant.1.enqueue_to_result_released_nanos.p99,61568740,70133603,-8564863,-12.21221017263293887810098677
cancel-many,allocation,"control,candidate",raw_summary.per_tenant.1.enqueue_to_result_released_nanos.standard_deviation,23813740.803696,27287446.696588,-3473705.892892,-12.73005104331124297385353980
cancel-many,allocation,"control,candidate",raw_summary.per_tenant.1.observed_hold_nanos.count,5,5,0,0
cancel-many,allocation,"control,candidate",raw_summary.per_tenant.1.observed_hold_nanos.maximum,61771275,69983402,-8212127,-11.73439239207033690645676242
cancel-many,allocation,"control,candidate",raw_summary.per_tenant.1.observed_hold_nanos.mean,12354423.2,13996870.4,-1642447.2,-11.73438885309676083019244073
cancel-many,allocation,"control,candidate",raw_summary.per_tenant.1.observed_hold_nanos.median,228,291,-63,-21.64948453608247422680412371
cancel-many,allocation,"control,candidate",raw_summary.per_tenant.1.observed_hold_nanos.median_absolute_deviation,11,88,-77,-87.5
cancel-many,allocation,"control,candidate",raw_summary.per_tenant.1.observed_hold_nanos.minimum,150,138,12,8.695652173913043478260869565
cancel-many,allocation,"control,candidate",raw_summary.per_tenant.1.observed_hold_nanos.p95,61771275,69983402,-8212127,-11.73439239207033690645676242
cancel-many,allocation,"control,candidate",raw_summary.per_tenant.1.observed_hold_nanos.p99,61771275,69983402,-8212127,-11.73439239207033690645676242
cancel-many,allocation,"control,candidate",raw_summary.per_tenant.1.observed_hold_nanos.standard_deviation,24708425.90002,27993265.800073,-3284839.900053,-11.73439327698747422641840933
cancel-many,allocation,"control,candidate",raw_summary.per_tenant.1.offers,9,9,0,0
cancel-many,allocation,"control,candidate",raw_summary.per_tenant.1.outcomes.admission-error,0,0,0,null
cancel-many,allocation,"control,candidate",raw_summary.per_tenant.1.outcomes.backpressure,0,0,0,null
cancel-many,allocation,"control,candidate",raw_summary.per_tenant.1.outcomes.released,5,5,0,0
cancel-many,allocation,"control,candidate",raw_summary.per_tenant.1.outcomes.scheduler-error,4,4,0,0
cancel-many,allocation,"control,candidate",raw_summary.per_tenant.1.scheduling_lag_nanos.count,9,9,0,0
cancel-many,allocation,"control,candidate",raw_summary.per_tenant.1.scheduling_lag_nanos.maximum,48,111,-63,-56.75675675675675675675675676
cancel-many,allocation,"control,candidate",raw_summary.per_tenant.1.scheduling_lag_nanos.mean,32.333333,40.444444,-8.111111,-20.05494500060379121542627709
cancel-many,allocation,"control,candidate",raw_summary.per_tenant.1.scheduling_lag_nanos.median,31,26,5,19.23076923076923076923076923
cancel-many,allocation,"control,candidate",raw_summary.per_tenant.1.scheduling_lag_nanos.median_absolute_deviation,6,3,3,100
cancel-many,allocation,"control,candidate",raw_summary.per_tenant.1.scheduling_lag_nanos.minimum,23,21,2,9.523809523809523809523809524
cancel-many,allocation,"control,candidate",raw_summary.per_tenant.1.scheduling_lag_nanos.p95,48,111,-63,-56.75675675675675675675675676
cancel-many,allocation,"control,candidate",raw_summary.per_tenant.1.scheduling_lag_nanos.p99,48,111,-63,-56.75675675675675675675675676
cancel-many,allocation,"control,candidate",raw_summary.per_tenant.1.scheduling_lag_nanos.standard_deviation,9.128709,27.1707,-18.041991,-66.40237829720986209409400568
cancel-many,allocation,"control,candidate",raw_summary.per_tenant.2.cancel_to_original_settlement_nanos.count,4,4,0,0
cancel-many,allocation,"control,candidate",raw_summary.per_tenant.2.cancel_to_original_settlement_nanos.maximum,2453634,2680130,-226496,-8.450933350247935734460641835
cancel-many,allocation,"control,candidate",raw_summary.per_tenant.2.cancel_to_original_settlement_nanos.mean,753024.25,1365743,-612718.75,-44.86340036156143578989604926
cancel-many,allocation,"control,candidate",raw_summary.per_tenant.2.cancel_to_original_settlement_nanos.median,200885,1338972.5,-1138087.5,-84.99707798330436211348627399
cancel-many,allocation,"control,candidate",raw_summary.per_tenant.2.cancel_to_original_settlement_nanos.median_absolute_deviation,29510,1218091.5,-1188581.5,-97.57735769439323728964531811
cancel-many,allocation,"control,candidate",raw_summary.per_tenant.2.cancel_to_original_settlement_nanos.minimum,156693,104897,51796,49.37796123816696378352097772
cancel-many,allocation,"control,candidate",raw_summary.per_tenant.2.cancel_to_original_settlement_nanos.p95,2453634,2680130,-226496,-8.450933350247935734460641835
cancel-many,allocation,"control,candidate",raw_summary.per_tenant.2.cancel_to_original_settlement_nanos.p99,2453634,2680130,-226496,-8.450933350247935734460641835
cancel-many,allocation,"control,candidate",raw_summary.per_tenant.2.cancel_to_original_settlement_nanos.standard_deviation,982069.208797,1245883.624575,-263814.415778,-21.17488428086477645082423328
cancel-many,allocation,"control,candidate",raw_summary.per_tenant.2.enqueue_to_result_all_nanos.count,9,9,0,0
cancel-many,allocation,"control,candidate",raw_summary.per_tenant.2.enqueue_to_result_all_nanos.maximum,61564468,70178122,-8613654,-12.27398761112473200693515281
cancel-many,allocation,"control,candidate",raw_summary.per_tenant.2.enqueue_to_result_all_nanos.mean,47430072.888889,52982735,-5552662.111111,-10.48013491774443127558439556
cancel-many,allocation,"control,candidate",raw_summary.per_tenant.2.enqueue_to_result_all_nanos.median,58751065,66620458,-7869393,-11.81227694351786053467239748
cancel-many,allocation,"control,candidate",raw_summary.per_tenant.2.enqueue_to_result_all_nanos.median_absolute_deviation,2804636,3256322,-451686,-13.87104837912221211538662331
cancel-many,allocation,"control,candidate",raw_summary.per_tenant.2.enqueue_to_result_all_nanos.minimum,14117,11218,2899,25.84239614904617578891067927
cancel-many,allocation,"control,candidate",raw_summary.per_tenant.2.enqueue_to_result_all_nanos.p95,61564468,70178122,-8613654,-12.27398761112473200693515281
cancel-many,allocation,"control,candidate",raw_summary.per_tenant.2.enqueue_to_result_all_nanos.p99,61564468,70178122,-8613654,-12.27398761112473200693515281
cancel-many,allocation,"control,candidate",raw_summary.per_tenant.2.enqueue_to_result_all_nanos.standard_deviation,21026047.505866,24408099.821395,-3382052.315529,-13.85627041956150533166377800
cancel-many,allocation,"control,candidate",raw_summary.per_tenant.2.enqueue_to_result_released_nanos.count,5,5,0,0
cancel-many,allocation,"control,candidate",raw_summary.per_tenant.2.enqueue_to_result_released_nanos.maximum,61564468,70178122,-8613654,-12.27398761112473200693515281
cancel-many,allocation,"control,candidate",raw_summary.per_tenant.2.enqueue_to_result_released_nanos.mean,46048474,50813318.4,-4764844.4,-9.377156521232039826786829179
cancel-many,allocation,"control,candidate",raw_summary.per_tenant.2.enqueue_to_result_released_nanos.median,61369078,69851456,-8482378,-12.14345195610525283825150330
cancel-many,allocation,"control,candidate",raw_summary.per_tenant.2.enqueue_to_result_released_nanos.median_absolute_deviation,195390,326666,-131276,-40.18661262574005253071945045
cancel-many,allocation,"control,candidate",raw_summary.per_tenant.2.enqueue_to_result_released_nanos.minimum,14117,11218,2899,25.84239614904617578891067927
cancel-many,allocation,"control,candidate",raw_summary.per_tenant.2.enqueue_to_result_released_nanos.p95,61564468,70178122,-8613654,-12.27398761112473200693515281
cancel-many,allocation,"control,candidate",raw_summary.per_tenant.2.enqueue_to_result_released_nanos.p99,61564468,70178122,-8613654,-12.27398761112473200693515281
cancel-many,allocation,"control,candidate",raw_summary.per_tenant.2.enqueue_to_result_released_nanos.standard_deviation,23812596.921835,27298821.225277,-3486224.303442,-12.77060380985965238301855930
cancel-many,allocation,"control,candidate",raw_summary.per_tenant.2.observed_hold_nanos.count,5,5,0,0
cancel-many,allocation,"control,candidate",raw_summary.per_tenant.2.observed_hold_nanos.maximum,61752624,69978599,-8225975,-11.75498669243149609211238996
cancel-many,allocation,"control,candidate",raw_summary.per_tenant.2.observed_hold_nanos.mean,12350668,13995928.8,-1645260.8,-11.75528129294284492216050713
cancel-many,allocation,"control,candidate",raw_summary.per_tenant.2.observed_hold_nanos.median,201,265,-64,-24.15094339622641509433962264
cancel-many,allocation,"control,candidate",raw_summary.per_tenant.2.observed_hold_nanos.median_absolute_deviation,3,111,-108,-97.29729729729729729729729730
cancel-many,allocation,"control,candidate",raw_summary.per_tenant.2.observed_hold_nanos.minimum,112,154,-42,-27.27272727272727272727272727
cancel-many,allocation,"control,candidate",raw_summary.per_tenant.2.observed_hold_nanos.p95,61752624,69978599,-8225975,-11.75498669243149609211238996
cancel-many,allocation,"control,candidate",raw_summary.per_tenant.2.observed_hold_nanos.p99,61752624,69978599,-8225975,-11.75498669243149609211238996
cancel-many,allocation,"control,candidate",raw_summary.per_tenant.2.observed_hold_nanos.standard_deviation,24700978.000024,27991335.100217,-3290357.100193,-11.75491304152723975892055928
cancel-many,allocation,"control,candidate",raw_summary.per_tenant.2.offers,9,9,0,0
cancel-many,allocation,"control,candidate",raw_summary.per_tenant.2.outcomes.admission-error,0,0,0,null
cancel-many,allocation,"control,candidate",raw_summary.per_tenant.2.outcomes.backpressure,0,0,0,null
cancel-many,allocation,"control,candidate",raw_summary.per_tenant.2.outcomes.released,5,5,0,0
cancel-many,allocation,"control,candidate",raw_summary.per_tenant.2.outcomes.scheduler-error,4,4,0,0
cancel-many,allocation,"control,candidate",raw_summary.per_tenant.2.scheduling_lag_nanos.count,9,9,0,0
cancel-many,allocation,"control,candidate",raw_summary.per_tenant.2.scheduling_lag_nanos.maximum,128,112,16,14.28571428571428571428571429
cancel-many,allocation,"control,candidate",raw_summary.per_tenant.2.scheduling_lag_nanos.mean,43.111111,44.111111,-1.000000,-2.267002524602021472549172475
cancel-many,allocation,"control,candidate",raw_summary.per_tenant.2.scheduling_lag_nanos.median,32,26,6,23.07692307692307692307692308
cancel-many,allocation,"control,candidate",raw_summary.per_tenant.2.scheduling_lag_nanos.median_absolute_deviation,7,2,5,250
cancel-many,allocation,"control,candidate",raw_summary.per_tenant.2.scheduling_lag_nanos.minimum,24,23,1,4.347826086956521739130434783
cancel-many,allocation,"control,candidate",raw_summary.per_tenant.2.scheduling_lag_nanos.p95,128,112,16,14.28571428571428571428571429
cancel-many,allocation,"control,candidate",raw_summary.per_tenant.2.scheduling_lag_nanos.p99,128,112,16,14.28571428571428571428571429
cancel-many,allocation,"control,candidate",raw_summary.per_tenant.2.scheduling_lag_nanos.standard_deviation,31.624338,34.517128,-2.892790,-8.380737818047897843644465438
cancel-many,allocation,"control,candidate",raw_summary.per_tenant.3.cancel_to_original_settlement_nanos.count,4,4,0,0
cancel-many,allocation,"control,candidate",raw_summary.per_tenant.3.cancel_to_original_settlement_nanos.maximum,2457923,2697972,-240049,-8.897386629661093591779306827
cancel-many,allocation,"control,candidate",raw_summary.per_tenant.3.cancel_to_original_settlement_nanos.mean,1299672.25,1383434,-83761.75,-6.054625663385459660525908717
cancel-many,allocation,"control,candidate",raw_summary.per_tenant.3.cancel_to_original_settlement_nanos.median,1290594.5,1363248,-72653.5,-5.329441158175181625060150464
cancel-many,allocation,"control,candidate",raw_summary.per_tenant.3.cancel_to_original_settlement_nanos.median_absolute_deviation,1115632.5,1238816.5,-123184.0,-9.943684153383491421045812677
cancel-many,allocation,"control,candidate",raw_summary.per_tenant.3.cancel_to_original_settlement_nanos.minimum,159577,109268,50309,46.04184207636270454295859721
cancel-many,allocation,"control,candidate",raw_summary.per_tenant.3.cancel_to_original_settlement_nanos.p95,2457923,2697972,-240049,-8.897386629661093591779306827
cancel-many,allocation,"control,candidate",raw_summary.per_tenant.3.cancel_to_original_settlement_nanos.p99,2457923,2697972,-240049,-8.897386629661093591779306827
cancel-many,allocation,"control,candidate",raw_summary.per_tenant.3.cancel_to_original_settlement_nanos.standard_deviation,1125012.879099,1259660.413267,-134647.534168,-10.68919311505424393953747030
cancel-many,allocation,"control,candidate",raw_summary.per_tenant.3.enqueue_to_result_all_nanos.count,9,9,0,0
cancel-many,allocation,"control,candidate",raw_summary.per_tenant.3.enqueue_to_result_all_nanos.maximum,61557007,70171502,-8614495,-12.27634403493315562776467290
cancel-many,allocation,"control,candidate",raw_summary.per_tenant.3.enqueue_to_result_all_nanos.mean,47655016.888889,52979901.666667,-5324884.777778,-10.05076379960180465438891055
cancel-many,allocation,"control,candidate",raw_summary.per_tenant.3.enqueue_to_result_all_nanos.median,59041994,66611308,-7569314,-11.36340694585970298016066581
cancel-many,allocation,"control,candidate",raw_summary.per_tenant.3.enqueue_to_result_all_nanos.median_absolute_deviation,2510509,3276222,-765713,-23.37182889315803385729050107
cancel-many,allocation,"control,candidate",raw_summary.per_tenant.3.enqueue_to_result_all_nanos.minimum,14841,46249,-31408,-67.91065752773032930441739281
cancel-many,allocation,"control,candidate",raw_summary.per_tenant.3.enqueue_to_result_all_nanos.p95,61557007,70171502,-8614495,-12.27634403493315562776467290
cancel-many,allocation,"control,candidate",raw_summary.per_tenant.3.enqueue_to_result_all_nanos.p99,61557007,70171502,-8614495,-12.27634403493315562776467290
cancel-many,allocation,"control,candidate",raw_summary.per_tenant.3.enqueue_to_result_all_nanos.standard_deviation,21175523.464987,24405258.071287,-3229734.606300,-13.23376543229350673646198640
cancel-many,allocation,"control,candidate",raw_summary.per_tenant.3.enqueue_to_result_released_nanos.count,5,5,0,0
cancel-many,allocation,"control,candidate",raw_summary.per_tenant.3.enqueue_to_result_released_nanos.maximum,61557007,70171502,-8614495,-12.27634403493315562776467290
cancel-many,allocation,"control,candidate",raw_summary.per_tenant.3.enqueue_to_result_released_nanos.mean,46042047.2,50816315.4,-4774268.2,-9.395148314905177088065696318
cancel-many,allocation,"control,candidate",raw_summary.per_tenant.3.enqueue_to_result_released_nanos.median,61356323,69808892,-8452569,-12.10815521896551516674981749
cancel-many,allocation,"control,candidate",raw_summary.per_tenant.3.enqueue_to_result_released_nanos.median_absolute_deviation,200684,362610,-161926,-44.65569068696395576514712777
cancel-many,allocation,"control,candidate",raw_summary.per_tenant.3.enqueue_to_result_released_nanos.minimum,14841,46249,-31408,-67.91065752773032930441739281
cancel-many,allocation,"control,candidate",raw_summary.per_tenant.3.enqueue_to_result_released_nanos.p95,61557007,70171502,-8614495,-12.27634403493315562776467290
cancel-many,allocation,"control,candidate",raw_summary.per_tenant.3.enqueue_to_result_released_nanos.p99,61557007,70171502,-8614495,-12.27634403493315562776467290
cancel-many,allocation,"control,candidate",raw_summary.per_tenant.3.enqueue_to_result_released_nanos.standard_deviation,23809311.697634,27279516.51189,-3470204.814256,-12.72091758936960227511346944
cancel-many,allocation,"control,candidate",raw_summary.per_tenant.3.observed_hold_nanos.count,5,5,0,0
cancel-many,allocation,"control,candidate",raw_summary.per_tenant.3.observed_hold_nanos.maximum,61730732,69936344,-8205612,-11.73297248709483584100421377
cancel-many,allocation,"control,candidate",raw_summary.per_tenant.3.observed_hold_nanos.mean,12346293,13987431.6,-1641138.6,-11.73295174505089268854762443
cancel-many,allocation,"control,candidate",raw_summary.per_tenant.3.observed_hold_nanos.median,206,210,-4,-1.904761904761904761904761905
cancel-many,allocation,"control,candidate",raw_summary.per_tenant.3.observed_hold_nanos.median_absolute_deviation,26,44,-18,-40.90909090909090909090909091
cancel-many,allocation,"control,candidate",raw_summary.per_tenant.3.observed_hold_nanos.minimum,95,166,-71,-42.77108433734939759036144578
cancel-many,allocation,"control,candidate",raw_summary.per_tenant.3.observed_hold_nanos.p95,61730732,69936344,-8205612,-11.73297248709483584100421377
cancel-many,allocation,"control,candidate",raw_summary.per_tenant.3.observed_hold_nanos.p99,61730732,69936344,-8205612,-11.73297248709483584100421377
cancel-many,allocation,"control,candidate",raw_summary.per_tenant.3.observed_hold_nanos.standard_deviation,24692219.500044,27974456.200025,-3282236.699981,-11.73297767260286101855252251
cancel-many,allocation,"control,candidate",raw_summary.per_tenant.3.offers,9,9,0,0
cancel-many,allocation,"control,candidate",raw_summary.per_tenant.3.outcomes.admission-error,0,0,0,null
cancel-many,allocation,"control,candidate",raw_summary.per_tenant.3.outcomes.backpressure,0,0,0,null
cancel-many,allocation,"control,candidate",raw_summary.per_tenant.3.outcomes.released,5,5,0,0
cancel-many,allocation,"control,candidate",raw_summary.per_tenant.3.outcomes.scheduler-error,4,4,0,0
cancel-many,allocation,"control,candidate",raw_summary.per_tenant.3.scheduling_lag_nanos.count,9,9,0,0
cancel-many,allocation,"control,candidate",raw_summary.per_tenant.3.scheduling_lag_nanos.maximum,43,114,-71,-62.28070175438596491228070175
cancel-many,allocation,"control,candidate",raw_summary.per_tenant.3.scheduling_lag_nanos.mean,27.555556,37,-9.444444,-25.52552432432432432432432432
cancel-many,allocation,"control,candidate",raw_summary.per_tenant.3.scheduling_lag_nanos.median,25,23,2,8.695652173913043478260869565
cancel-many,allocation,"control,candidate",raw_summary.per_tenant.3.scheduling_lag_nanos.median_absolute_deviation,1,1,0,0
cancel-many,allocation,"control,candidate",raw_summary.per_tenant.3.scheduling_lag_nanos.minimum,23,22,1,4.545454545454545454545454545
cancel-many,allocation,"control,candidate",raw_summary.per_tenant.3.scheduling_lag_nanos.p95,43,114,-71,-62.28070175438596491228070175
cancel-many,allocation,"control,candidate",raw_summary.per_tenant.3.scheduling_lag_nanos.p99,43,114,-71,-62.28070175438596491228070175
cancel-many,allocation,"control,candidate",raw_summary.per_tenant.3.scheduling_lag_nanos.standard_deviation,6.431021,28.22922,-21.798199,-77.21856643577116193787855279
cancel-many,allocation,"control,candidate",raw_summary.per_tenant.4.cancel_to_original_settlement_nanos.count,4,4,0,0
cancel-many,allocation,"control,candidate",raw_summary.per_tenant.4.cancel_to_original_settlement_nanos.maximum,2464030,2708861,-244831,-9.038152935864926254983182969
cancel-many,allocation,"control,candidate",raw_summary.per_tenant.4.cancel_to_original_settlement_nanos.mean,1311475.25,1391940.25,-80465.00,-5.780779742521275607914923072
cancel-many,allocation,"control,candidate",raw_summary.per_tenant.4.cancel_to_original_settlement_nanos.median,1309477.5,1373455,-63977.5,-4.658143149939386437851986414
cancel-many,allocation,"control,candidate",raw_summary.per_tenant.4.cancel_to_original_settlement_nanos.median_absolute_deviation,1131171.5,1245445.5,-114274.0,-9.175351310033237102707424773
cancel-many,allocation,"control,candidate",raw_summary.per_tenant.4.cancel_to_original_settlement_nanos.minimum,162916,111990,50926,45.47370300919724975444236093
cancel-many,allocation,"control,candidate",raw_summary.per_tenant.4.cancel_to_original_settlement_nanos.p95,2464030,2708861,-244831,-9.038152935864926254983182969
cancel-many,allocation,"control,candidate",raw_summary.per_tenant.4.cancel_to_original_settlement_nanos.p99,2464030,2708861,-244831,-9.038152935864926254983182969
cancel-many,allocation,"control,candidate",raw_summary.per_tenant.4.cancel_to_original_settlement_nanos.standard_deviation,1133304.404827,1264536.762232,-131232.357405,-10.37789974356817256333128571
cancel-many,allocation,"control,candidate",raw_summary.per_tenant.4.enqueue_to_result_all_nanos.count,8,8,0,0
cancel-many,allocation,"control,candidate",raw_summary.per_tenant.4.enqueue_to_result_all_nanos.maximum,61574826,70187670,-8612844,-12.27116386681592365154734443
cancel-many,allocation,"control,candidate",raw_summary.per_tenant.4.enqueue_to_result_all_nanos.mean,53640881.125,59603970.375,-5963089.250,-10.00451683416903584084435248
cancel-many,allocation,"control,candidate",raw_summary.per_tenant.4.enqueue_to_result_all_nanos.median,59950160.5,67610522,-7660361.5,-11.33013216493136970603480920
cancel-many,allocation,"control,candidate",raw_summary.per_tenant.4.enqueue_to_result_all_nanos.median_absolute_deviation,1559573.5,2264844.5,-705271.0,-31.13993035724969197664563726
cancel-many,allocation,"control,candidate",raw_summary.per_tenant.4.enqueue_to_result_all_nanos.minimum,20047267,21202351,-1155084,-5.447905281824642937002599382
cancel-many,allocation,"control,candidate",raw_summary.per_tenant.4.enqueue_to_result_all_nanos.p95,61574826,70187670,-8612844,-12.27116386681592365154734443
cancel-many,allocation,"control,candidate",raw_summary.per_tenant.4.enqueue_to_result_all_nanos.p99,61574826,70187670,-8612844,-12.27116386681592365154734443
cancel-many,allocation,"control,candidate",raw_summary.per_tenant.4.enqueue_to_result_all_nanos.standard_deviation,13616152.343375,16622310.029143,-3006157.685768,-18.08507770879899245847724912
cancel-many,allocation,"control,candidate",raw_summary.per_tenant.4.enqueue_to_result_released_nanos.count,4,4,0,0
cancel-many,allocation,"control,candidate",raw_summary.per_tenant.4.enqueue_to_result_released_nanos.maximum,61574826,70187670,-8612844,-12.27116386681592365154734443
cancel-many,allocation,"control,candidate",raw_summary.per_tenant.4.enqueue_to_result_released_nanos.mean,57611828.5,63530409.25,-5918580.75,-9.316138239735957627252338218
cancel-many,allocation,"control,candidate",raw_summary.per_tenant.4.enqueue_to_result_released_nanos.median,61509734,69875366.5,-8365632.5,-11.97221985232807329890713346
cancel-many,allocation,"control,candidate",raw_summary.per_tenant.4.enqueue_to_result_released_nanos.median_absolute_deviation,63402.5,200817,-137414.5,-68.42772275255580951811848598
cancel-many,allocation,"control,candidate",raw_summary.per_tenant.4.enqueue_to_result_released_nanos.minimum,45853020,44183234,1669786,3.779229922372816801957050043
cancel-many,allocation,"control,candidate",raw_summary.per_tenant.4.enqueue_to_result_released_nanos.p95,61574826,70187670,-8612844,-12.27116386681592365154734443
cancel-many,allocation,"control,candidate",raw_summary.per_tenant.4.enqueue_to_result_released_nanos.p99,61574826,70187670,-8612844,-12.27116386681592365154734443
cancel-many,allocation,"control,candidate",raw_summary.per_tenant.4.enqueue_to_result_released_nanos.standard_deviation,6789143.504288,11171003.040605,-4381859.536317,-39.22530072178448651315740629
cancel-many,allocation,"control,candidate",raw_summary.per_tenant.4.observed_hold_nanos.count,4,4,0,0
cancel-many,allocation,"control,candidate",raw_summary.per_tenant.4.observed_hold_nanos.maximum,957,294,663,225.5102040816326530612244898
cancel-many,allocation,"control,candidate",raw_summary.per_tenant.4.observed_hold_nanos.mean,461.75,208.5,253.25,121.4628297362110311750599520
cancel-many,allocation,"control,candidate",raw_summary.per_tenant.4.observed_hold_nanos.median,392,210.5,181.5,86.22327790973871733966745843
cancel-many,allocation,"control,candidate",raw_summary.per_tenant.4.observed_hold_nanos.median_absolute_deviation,231.5,57,174.5,306.1403508771929824561403509
cancel-many,allocation,"control,candidate",raw_summary.per_tenant.4.observed_hold_nanos.minimum,106,119,-13,-10.92436974789915966386554622
cancel-many,allocation,"control,candidate",raw_summary.per_tenant.4.observed_hold_nanos.p95,957,294,663,225.5102040816326530612244898
cancel-many,allocation,"control,candidate",raw_summary.per_tenant.4.observed_hold_nanos.p99,957,294,663,225.5102040816326530612244898
cancel-many,allocation,"control,candidate",raw_summary.per_tenant.4.observed_hold_nanos.standard_deviation,333.248687,65.553413,267.695274,408.3620695691313585762498743
cancel-many,allocation,"control,candidate",raw_summary.per_tenant.4.offers,8,8,0,0
cancel-many,allocation,"control,candidate",raw_summary.per_tenant.4.outcomes.admission-error,0,0,0,null
cancel-many,allocation,"control,candidate",raw_summary.per_tenant.4.outcomes.backpressure,0,0,0,null
cancel-many,allocation,"control,candidate",raw_summary.per_tenant.4.outcomes.released,4,4,0,0
cancel-many,allocation,"control,candidate",raw_summary.per_tenant.4.outcomes.scheduler-error,4,4,0,0
cancel-many,allocation,"control,candidate",raw_summary.per_tenant.4.scheduling_lag_nanos.count,8,8,0,0
cancel-many,allocation,"control,candidate",raw_summary.per_tenant.4.scheduling_lag_nanos.maximum,72,113,-41,-36.28318584070796460176991150
cancel-many,allocation,"control,candidate",raw_summary.per_tenant.4.scheduling_lag_nanos.mean,39.25,47.625,-8.375,-17.58530183727034120734908136
cancel-many,allocation,"control,candidate",raw_summary.per_tenant.4.scheduling_lag_nanos.median,29.5,29,0.5,1.724137931034482758620689655
cancel-many,allocation,"control,candidate",raw_summary.per_tenant.4.scheduling_lag_nanos.median_absolute_deviation,6.5,6,0.5,8.333333333333333333333333333
cancel-many,allocation,"control,candidate",raw_summary.per_tenant.4.scheduling_lag_nanos.minimum,23,22,1,4.545454545454545454545454545
cancel-many,allocation,"control,candidate",raw_summary.per_tenant.4.scheduling_lag_nanos.p95,72,113,-41,-36.28318584070796460176991150
cancel-many,allocation,"control,candidate",raw_summary.per_tenant.4.scheduling_lag_nanos.p99,72,113,-41,-36.28318584070796460176991150
cancel-many,allocation,"control,candidate",raw_summary.per_tenant.4.scheduling_lag_nanos.standard_deviation,19.324531,33.748843,-14.424312,-42.74016741848009426575008808
cancel-many,allocation,"control,candidate",raw_summary.per_tenant.5.cancel_to_original_settlement_nanos.count,4,4,0,0
cancel-many,allocation,"control,candidate",raw_summary.per_tenant.5.cancel_to_original_settlement_nanos.maximum,2467283,2719942,-252659,-9.289131900606704113543597621
cancel-many,allocation,"control,candidate",raw_summary.per_tenant.5.cancel_to_original_settlement_nanos.mean,1315682.5,1399752.75,-84070.25,-6.006078573519501926322345143
cancel-many,allocation,"control,candidate",raw_summary.per_tenant.5.cancel_to_original_settlement_nanos.median,1314416.5,1381862,-67445.5,-4.880769570333361797343005307
cancel-many,allocation,"control,candidate",raw_summary.per_tenant.5.cancel_to_original_settlement_nanos.median_absolute_deviation,1132224,1250432.5,-118208.5,-9.453409120444326263112962915
cancel-many,allocation,"control,candidate",raw_summary.per_tenant.5.cancel_to_original_settlement_nanos.minimum,166614,115345,51269,44.44839394858901556200962330
cancel-many,allocation,"control,candidate",raw_summary.per_tenant.5.cancel_to_original_settlement_nanos.p95,2467283,2719942,-252659,-9.289131900606704113543597621
cancel-many,allocation,"control,candidate",raw_summary.per_tenant.5.cancel_to_original_settlement_nanos.p99,2467283,2719942,-252659,-9.289131900606704113543597621
cancel-many,allocation,"control,candidate",raw_summary.per_tenant.5.cancel_to_original_settlement_nanos.standard_deviation,1133615.860879,1268904.355355,-135288.494476,-10.66183545710586548718040908
cancel-many,allocation,"control,candidate",raw_summary.per_tenant.5.enqueue_to_result_all_nanos.count,8,8,0,0
cancel-many,allocation,"control,candidate",raw_summary.per_tenant.5.enqueue_to_result_all_nanos.maximum,61569687,70194779,-8625092,-12.28736969169744091651032907
cancel-many,allocation,"control,candidate",raw_summary.per_tenant.5.enqueue_to_result_all_nanos.mean,53639895.875,59589177.625,-5949281.750,-9.983829257452351021600459619
cancel-many,allocation,"control,candidate",raw_summary.per_tenant.5.enqueue_to_result_all_nanos.median,59941853,67608163.5,-7666310.5,-11.33932664803119522689001898
cancel-many,allocation,"control,candidate",raw_summary.per_tenant.5.enqueue_to_result_all_nanos.median_absolute_deviation,1576900.5,2232940.5,-656040.0,-29.38009319997554793779771561
cancel-many,allocation,"control,candidate",raw_summary.per_tenant.5.enqueue_to_result_all_nanos.minimum,20030002,21193549,-1163547,-5.490099841229989370822225197
cancel-many,allocation,"control,candidate",raw_summary.per_tenant.5.enqueue_to_result_all_nanos.p95,61569687,70194779,-8625092,-12.28736969169744091651032907
cancel-many,allocation,"control,candidate",raw_summary.per_tenant.5.enqueue_to_result_all_nanos.p99,61569687,70194779,-8625092,-12.28736969169744091651032907
cancel-many,allocation,"control,candidate",raw_summary.per_tenant.5.enqueue_to_result_all_nanos.standard_deviation,13619227.60822,16619149.687122,-2999922.078902,-18.05099620245076251375008191
cancel-many,allocation,"control,candidate",raw_summary.per_tenant.5.enqueue_to_result_released_nanos.count,4,4,0,0
cancel-many,allocation,"control,candidate",raw_summary.per_tenant.5.enqueue_to_result_released_nanos.maximum,61569687,70194779,-8625092,-12.28736969169744091651032907
cancel-many,allocation,"control,candidate",raw_summary.per_tenant.5.enqueue_to_result_released_nanos.mean,57621022.75,63512986.5,-5891963.75,-9.276785858589723221407640782
cancel-many,allocation,"control,candidate",raw_summary.per_tenant.5.enqueue_to_result_released_nanos.median,61518753.5,69841104,-8322350.5,-11.91612105673472744646190014
cancel-many,allocation,"control,candidate",raw_summary.per_tenant.5.enqueue_to_result_released_nanos.median_absolute_deviation,47620,227845,-180225,-79.09982663652921942548662468
cancel-many,allocation,"control,candidate",raw_summary.per_tenant.5.enqueue_to_result_released_nanos.minimum,45876897,44174959,1701938,3.852721176266400156704163551
cancel-many,allocation,"control,candidate",raw_summary.per_tenant.5.enqueue_to_result_released_nanos.p95,61569687,70194779,-8625092,-12.28736969169744091651032907
cancel-many,allocation,"control,candidate",raw_summary.per_tenant.5.enqueue_to_result_released_nanos.p99,61569687,70194779,-8625092,-12.28736969169744091651032907
cancel-many,allocation,"control,candidate",raw_summary.per_tenant.5.enqueue_to_result_released_nanos.standard_deviation,6780578.425214,11165981.98673,-4385403.561516,-39.27467881219717064185276803
cancel-many,allocation,"control,candidate",raw_summary.per_tenant.5.observed_hold_nanos.count,4,4,0,0
cancel-many,allocation,"control,candidate",raw_summary.per_tenant.5.observed_hold_nanos.maximum,930,291,639,219.5876288659793814432989691
cancel-many,allocation,"control,candidate",raw_summary.per_tenant.5.observed_hold_nanos.mean,481,168.75,312.25,185.0370370370370370370370370
cancel-many,allocation,"control,candidate",raw_summary.per_tenant.5.observed_hold_nanos.median,438,141,297,210.6382978723404255319148936
cancel-many,allocation,"control,candidate",raw_summary.per_tenant.5.observed_hold_nanos.median_absolute_deviation,275.5,28.5,247.0,866.6666666666666666666666667
cancel-many,allocation,"control,candidate",raw_summary.per_tenant.5.observed_hold_nanos.minimum,118,102,16,15.68627450980392156862745098
cancel-many,allocation,"control,candidate",raw_summary.per_tenant.5.observed_hold_nanos.p95,930,291,639,219.5876288659793814432989691
cancel-many,allocation,"control,candidate",raw_summary.per_tenant.5.observed_hold_nanos.p99,930,291,639,219.5876288659793814432989691
cancel-many,allocation,"control,candidate",raw_summary.per_tenant.5.observed_hold_nanos.standard_deviation,333.087826,73.465553,259.622273,353.3932059287704538207178540
cancel-many,allocation,"control,candidate",raw_summary.per_tenant.5.offers,8,8,0,0
cancel-many,allocation,"control,candidate",raw_summary.per_tenant.5.outcomes.admission-error,0,0,0,null
cancel-many,allocation,"control,candidate",raw_summary.per_tenant.5.outcomes.backpressure,0,0,0,null
cancel-many,allocation,"control,candidate",raw_summary.per_tenant.5.outcomes.released,4,4,0,0
cancel-many,allocation,"control,candidate",raw_summary.per_tenant.5.outcomes.scheduler-error,4,4,0,0
cancel-many,allocation,"control,candidate",raw_summary.per_tenant.5.scheduling_lag_nanos.count,8,8,0,0
cancel-many,allocation,"control,candidate",raw_summary.per_tenant.5.scheduling_lag_nanos.maximum,45,109,-64,-58.71559633027522935779816514
cancel-many,allocation,"control,candidate",raw_summary.per_tenant.5.scheduling_lag_nanos.mean,30.375,47.875,-17.500,-36.55352480417754569190600522
cancel-many,allocation,"control,candidate",raw_summary.per_tenant.5.scheduling_lag_nanos.median,25,37,-12,-32.43243243243243243243243243
cancel-many,allocation,"control,candidate",raw_summary.per_tenant.5.scheduling_lag_nanos.median_absolute_deviation,1.5,13,-11.5,-88.46153846153846153846153846
cancel-many,allocation,"control,candidate",raw_summary.per_tenant.5.scheduling_lag_nanos.minimum,23,22,1,4.545454545454545454545454545
cancel-many,allocation,"control,candidate",raw_summary.per_tenant.5.scheduling_lag_nanos.p95,45,109,-64,-58.71559633027522935779816514
cancel-many,allocation,"control,candidate",raw_summary.per_tenant.5.scheduling_lag_nanos.p99,45,109,-64,-58.71559633027522935779816514
cancel-many,allocation,"control,candidate",raw_summary.per_tenant.5.scheduling_lag_nanos.standard_deviation,8.395497,30.039297,-21.643800,-72.05161958350756344264647738
cancel-many,allocation,"control,candidate",raw_summary.per_tenant.6.cancel_to_original_settlement_nanos.count,4,4,0,0
cancel-many,allocation,"control,candidate",raw_summary.per_tenant.6.cancel_to_original_settlement_nanos.maximum,2470056,2731813,-261757,-9.581805196768592872206113669
cancel-many,allocation,"control,candidate",raw_summary.per_tenant.6.cancel_to_original_settlement_nanos.mean,1319398.5,1407910.75,-88512.25,-6.286779897092198493405920794
cancel-many,allocation,"control,candidate",raw_summary.per_tenant.6.cancel_to_original_settlement_nanos.median,1318919.5,1390418.5,-71499.0,-5.142264721017449062997939110
cancel-many,allocation,"control,candidate",raw_summary.per_tenant.6.cancel_to_original_settlement_nanos.median_absolute_deviation,1133169.5,1255405,-122235.5,-9.736738343403124887984355646
cancel-many,allocation,"control,candidate",raw_summary.per_tenant.6.cancel_to_original_settlement_nanos.minimum,169699,118993,50706,42.61259065659324498079718975
cancel-many,allocation,"control,candidate",raw_summary.per_tenant.6.cancel_to_original_settlement_nanos.p95,2470056,2731813,-261757,-9.581805196768592872206113669
cancel-many,allocation,"control,candidate",raw_summary.per_tenant.6.cancel_to_original_settlement_nanos.p99,2470056,2731813,-261757,-9.581805196768592872206113669
cancel-many,allocation,"control,candidate",raw_summary.per_tenant.6.cancel_to_original_settlement_nanos.standard_deviation,1133769.108722,1273458.476857,-139689.368135,-10.96929116053825493986402704
cancel-many,allocation,"control,candidate",raw_summary.per_tenant.6.enqueue_to_result_all_nanos.count,8,8,0,0
cancel-many,allocation,"control,candidate",raw_summary.per_tenant.6.enqueue_to_result_all_nanos.maximum,61562853,70190096,-8627243,-12.29125402535423231220541428
cancel-many,allocation,"control,candidate",raw_summary.per_tenant.6.enqueue_to_result_all_nanos.mean,51665028.375,56414344.75,-4749316.375,-8.418632523423929336695876451
cancel-many,allocation,"control,candidate",raw_summary.per_tenant.6.enqueue_to_result_all_nanos.median,58865933,66413235,-7547302,-11.36415354559975884324863862
cancel-many,allocation,"control,candidate",raw_summary.per_tenant.6.enqueue_to_result_all_nanos.median_absolute_deviation,2693424,3686580.5,-993156.5,-26.93977521988194751206436425
cancel-many,allocation,"control,candidate",raw_summary.per_tenant.6.enqueue_to_result_all_nanos.minimum,20010145,21176262,-1166117,-5.506717852281956088378581640
cancel-many,allocation,"control,candidate",raw_summary.per_tenant.6.enqueue_to_result_all_nanos.p95,61562853,70190096,-8627243,-12.29125402535423231220541428
cancel-many,allocation,"control,candidate",raw_summary.per_tenant.6.enqueue_to_result_all_nanos.p99,61562853,70190096,-8627243,-12.29125402535423231220541428
cancel-many,allocation,"control,candidate",raw_summary.per_tenant.6.enqueue_to_result_all_nanos.standard_deviation,13485048.723229,16813394.575702,-3328345.852473,-19.79579934014623866419416024
cancel-many,allocation,"control,candidate",raw_summary.per_tenant.6.enqueue_to_result_released_nanos.count,4,4,0,0
cancel-many,allocation,"control,candidate",raw_summary.per_tenant.6.enqueue_to_result_released_nanos.maximum,61562853,70190096,-8627243,-12.29125402535423231220541428
cancel-many,allocation,"control,candidate",raw_summary.per_tenant.6.enqueue_to_result_released_nanos.mean,53680871.75,57172713,-3491841.25,-6.107531139898853496772140234
cancel-many,allocation,"control,candidate",raw_summary.per_tenant.6.enqueue_to_result_released_nanos.median,53696170,57177706,-3481536,-6.088974608390200194460407348
cancel-many,allocation,"control,candidate",raw_summary.per_tenant.6.enqueue_to_result_released_nanos.median_absolute_deviation,7863187,12922109.5,-5058922.5,-39.14935483250625604124465901
cancel-many,allocation,"control,candidate",raw_summary.per_tenant.6.enqueue_to_result_released_nanos.minimum,45768294,44145344,1622950,3.676378645956411620668308758
cancel-many,allocation,"control,candidate",raw_summary.per_tenant.6.enqueue_to_result_released_nanos.p95,61562853,70190096,-8627243,-12.29125402535423231220541428
cancel-many,allocation,"control,candidate",raw_summary.per_tenant.6.enqueue_to_result_released_nanos.p99,61562853,70190096,-8627243,-12.29125402535423231220541428
cancel-many,allocation,"control,candidate",raw_summary.per_tenant.6.enqueue_to_result_released_nanos.standard_deviation,7878522.519785,12927454.54509,-5048932.025305,-39.05588689323718447308674357
cancel-many,allocation,"control,candidate",raw_summary.per_tenant.6.observed_hold_nanos.count,4,4,0,0
cancel-many,allocation,"control,candidate",raw_summary.per_tenant.6.observed_hold_nanos.maximum,939,675,264,39.11111111111111111111111111
cancel-many,allocation,"control,candidate",raw_summary.per_tenant.6.observed_hold_nanos.mean,616.5,324.75,291.75,89.83833718244803695150115473
cancel-many,allocation,"control,candidate",raw_summary.per_tenant.6.observed_hold_nanos.median,665,268.5,396.5,147.6722532588454376163873371
cancel-many,allocation,"control,candidate",raw_summary.per_tenant.6.observed_hold_nanos.median_absolute_deviation,172.5,100.5,72.0,71.64179104477611940298507463
cancel-many,allocation,"control,candidate",raw_summary.per_tenant.6.observed_hold_nanos.minimum,197,87,110,126.4367816091954022988505747
cancel-many,allocation,"control,candidate",raw_summary.per_tenant.6.observed_hold_nanos.p95,939,675,264,39.11111111111111111111111111
cancel-many,allocation,"control,candidate",raw_summary.per_tenant.6.observed_hold_nanos.p99,939,675,264,39.11111111111111111111111111
cancel-many,allocation,"control,candidate",raw_summary.per_tenant.6.observed_hold_nanos.standard_deviation,271.465007,215.805902,55.659105,25.79128025886891638394579218
cancel-many,allocation,"control,candidate",raw_summary.per_tenant.6.offers,8,8,0,0
cancel-many,allocation,"control,candidate",raw_summary.per_tenant.6.outcomes.admission-error,0,0,0,null
cancel-many,allocation,"control,candidate",raw_summary.per_tenant.6.outcomes.backpressure,0,0,0,null
cancel-many,allocation,"control,candidate",raw_summary.per_tenant.6.outcomes.released,4,4,0,0
cancel-many,allocation,"control,candidate",raw_summary.per_tenant.6.outcomes.scheduler-error,4,4,0,0
cancel-many,allocation,"control,candidate",raw_summary.per_tenant.6.scheduling_lag_nanos.count,8,8,0,0
cancel-many,allocation,"control,candidate",raw_summary.per_tenant.6.scheduling_lag_nanos.maximum,33,105,-72,-68.57142857142857142857142857
cancel-many,allocation,"control,candidate",raw_summary.per_tenant.6.scheduling_lag_nanos.mean,26,54.25,-28.25,-52.07373271889400921658986175
cancel-many,allocation,"control,candidate",raw_summary.per_tenant.6.scheduling_lag_nanos.median,24.5,51.5,-27.0,-52.42718446601941747572815534
cancel-many,allocation,"control,candidate",raw_summary.per_tenant.6.scheduling_lag_nanos.median_absolute_deviation,1.5,23.5,-22.0,-93.61702127659574468085106383
cancel-many,allocation,"control,candidate",raw_summary.per_tenant.6.scheduling_lag_nanos.minimum,22,24,-2,-8.333333333333333333333333333
cancel-many,allocation,"control,candidate",raw_summary.per_tenant.6.scheduling_lag_nanos.p95,33,105,-72,-68.57142857142857142857142857
cancel-many,allocation,"control,candidate",raw_summary.per_tenant.6.scheduling_lag_nanos.p99,33,105,-72,-68.57142857142857142857142857
cancel-many,allocation,"control,candidate",raw_summary.per_tenant.6.scheduling_lag_nanos.standard_deviation,4.153312,27.435151,-23.281839,-84.86134812963121653677065601
cancel-many,allocation,"control,candidate",raw_summary.per_tenant.7.cancel_to_original_settlement_nanos.count,4,4,0,0
cancel-many,allocation,"control,candidate",raw_summary.per_tenant.7.cancel_to_original_settlement_nanos.maximum,2473844,2743547,-269703,-9.830449414571720477177901454
cancel-many,allocation,"control,candidate",raw_summary.per_tenant.7.cancel_to_original_settlement_nanos.mean,1323480.5,1415992.5,-92512.0,-6.533367938036394966781250607
cancel-many,allocation,"control,candidate",raw_summary.per_tenant.7.cancel_to_original_settlement_nanos.median,1323239,1398691.5,-75452.5,-5.394506222422885961629136947
cancel-many,allocation,"control,candidate",raw_summary.per_tenant.7.cancel_to_original_settlement_nanos.median_absolute_deviation,1133593.5,1259847.5,-126254.0,-10.02137163426525829515080198
cancel-many,allocation,"control,candidate",raw_summary.per_tenant.7.cancel_to_original_settlement_nanos.minimum,173600,123040,50560,41.09232769830949284785435631
cancel-many,allocation,"control,candidate",raw_summary.per_tenant.7.cancel_to_original_settlement_nanos.p95,2473844,2743547,-269703,-9.830449414571720477177901454
cancel-many,allocation,"control,candidate",raw_summary.per_tenant.7.cancel_to_original_settlement_nanos.p99,2473844,2743547,-269703,-9.830449414571720477177901454
cancel-many,allocation,"control,candidate",raw_summary.per_tenant.7.cancel_to_original_settlement_nanos.standard_deviation,1133951.997183,1277694.625753,-143742.628570,-11.25015521492753647856941171
cancel-many,allocation,"control,candidate",raw_summary.per_tenant.7.enqueue_to_result_all_nanos.count,8,8,0,0
cancel-many,allocation,"control,candidate",raw_summary.per_tenant.7.enqueue_to_result_all_nanos.maximum,61558130,70183993,-8625863,-12.29035657746061840625112339
cancel-many,allocation,"control,candidate",raw_summary.per_tenant.7.enqueue_to_result_all_nanos.mean,51649056.375,56403282.75,-4754226.375,-8.428988780799287786135107535
cancel-many,allocation,"control,candidate",raw_summary.per_tenant.7.enqueue_to_result_all_nanos.median,58842729,66396741,-7554012,-11.37708249867263816457497515
cancel-many,allocation,"control,candidate",raw_summary.per_tenant.7.enqueue_to_result_all_nanos.median_absolute_deviation,2714375.5,3710628,-996252.5,-26.84862238952543882059856175
cancel-many,allocation,"control,candidate",raw_summary.per_tenant.7.enqueue_to_result_all_nanos.minimum,19994414,21157912,-1163498,-5.499115413657075424077763439
cancel-many,allocation,"control,candidate",raw_summary.per_tenant.7.enqueue_to_result_all_nanos.p95,61558130,70183993,-8625863,-12.29035657746061840625112339
cancel-many,allocation,"control,candidate",raw_summary.per_tenant.7.enqueue_to_result_all_nanos.p99,61558130,70183993,-8625863,-12.29035657746061840625112339
cancel-many,allocation,"control,candidate",raw_summary.per_tenant.7.enqueue_to_result_all_nanos.standard_deviation,13488841.05324,16822181.057571,-3333340.004331,-19.81514758950234444182716427
cancel-many,allocation,"control,candidate",raw_summary.per_tenant.7.enqueue_to_result_released_nanos.count,4,4,0,0
cancel-many,allocation,"control,candidate",raw_summary.per_tenant.7.enqueue_to_result_released_nanos.maximum,61558130,70183993,-8625863,-12.29035657746061840625112339
cancel-many,allocation,"control,candidate",raw_summary.per_tenant.7.enqueue_to_result_released_nanos.mean,53665618.25,57163111,-3497492.75,-6.118443676027359672569255372
cancel-many,allocation,"control,candidate",raw_summary.per_tenant.7.enqueue_to_result_released_nanos.median,53702725.5,57163985,-3461259.5,-6.054965377238833156925641206
cancel-many,allocation,"control,candidate",raw_summary.per_tenant.7.enqueue_to_result_released_nanos.median_absolute_deviation,7854379,12943384,-5089005,-39.31742270800279123295731626
cancel-many,allocation,"control,candidate",raw_summary.per_tenant.7.enqueue_to_result_released_nanos.minimum,45698892,44140481,1558411,3.530570951413057777961232457
cancel-many,allocation,"control,candidate",raw_summary.per_tenant.7.enqueue_to_result_released_nanos.p95,61558130,70183993,-8625863,-12.29035657746061840625112339
cancel-many,allocation,"control,candidate",raw_summary.per_tenant.7.enqueue_to_result_released_nanos.p99,61558130,70183993,-8625863,-12.29035657746061840625112339
cancel-many,allocation,"control,candidate",raw_summary.per_tenant.7.enqueue_to_result_released_nanos.standard_deviation,7891665.621943,12944490.019867,-5052824.397924,-39.03455748483721231572190970
cancel-many,allocation,"control,candidate",raw_summary.per_tenant.7.observed_hold_nanos.count,4,4,0,0
cancel-many,allocation,"control,candidate",raw_summary.per_tenant.7.observed_hold_nanos.maximum,1144,352,792,225
cancel-many,allocation,"control,candidate",raw_summary.per_tenant.7.observed_hold_nanos.mean,505.5,152.25,353.25,232.0197044334975369458128079
cancel-many,allocation,"control,candidate",raw_summary.per_tenant.7.observed_hold_nanos.median,390.5,86.5,304.0,351.4450867052023121387283237
cancel-many,allocation,"control,candidate",raw_summary.per_tenant.7.observed_hold_nanos.median_absolute_deviation,235.5,1.5,234.0,15600
cancel-many,allocation,"control,candidate",raw_summary.per_tenant.7.observed_hold_nanos.minimum,97,84,13,15.47619047619047619047619048
cancel-many,allocation,"control,candidate",raw_summary.per_tenant.7.observed_hold_nanos.p95,1144,352,792,225
cancel-many,allocation,"control,candidate",raw_summary.per_tenant.7.observed_hold_nanos.p99,1144,352,792,225
cancel-many,allocation,"control,candidate",raw_summary.per_tenant.7.observed_hold_nanos.standard_deviation,407.436191,115.330774,292.105417,253.2762131640597504357336577
cancel-many,allocation,"control,candidate",raw_summary.per_tenant.7.offers,8,8,0,0
cancel-many,allocation,"control,candidate",raw_summary.per_tenant.7.outcomes.admission-error,0,0,0,null
cancel-many,allocation,"control,candidate",raw_summary.per_tenant.7.outcomes.backpressure,0,0,0,null
cancel-many,allocation,"control,candidate",raw_summary.per_tenant.7.outcomes.released,4,4,0,0
cancel-many,allocation,"control,candidate",raw_summary.per_tenant.7.outcomes.scheduler-error,4,4,0,0
cancel-many,allocation,"control,candidate",raw_summary.per_tenant.7.scheduling_lag_nanos.count,8,8,0,0
cancel-many,allocation,"control,candidate",raw_summary.per_tenant.7.scheduling_lag_nanos.maximum,100,54,46,85.18518518518518518518518519
cancel-many,allocation,"control,candidate",raw_summary.per_tenant.7.scheduling_lag_nanos.mean,43.125,36.125,7.000,19.37716262975778546712802768
cancel-many,allocation,"control,candidate",raw_summary.per_tenant.7.scheduling_lag_nanos.median,24.5,37,-12.5,-33.78378378378378378378378378
cancel-many,allocation,"control,candidate",raw_summary.per_tenant.7.scheduling_lag_nanos.median_absolute_deviation,2,11.5,-9.5,-82.60869565217391304347826087
cancel-many,allocation,"control,candidate",raw_summary.per_tenant.7.scheduling_lag_nanos.minimum,22,23,-1,-4.347826086956521739130434783
cancel-many,allocation,"control,candidate",raw_summary.per_tenant.7.scheduling_lag_nanos.p95,100,54,46,85.18518518518518518518518519
cancel-many,allocation,"control,candidate",raw_summary.per_tenant.7.scheduling_lag_nanos.p99,100,54,46,85.18518518518518518518518519
cancel-many,allocation,"control,candidate",raw_summary.per_tenant.7.scheduling_lag_nanos.standard_deviation,30.823844,11.151653,19.672191,176.4060538827741501641057160
cancel-many,allocation,"control,candidate",raw_summary.released_per_second,568.8567879491987502026749827,501.8527567357422377179483791,67.0040312134565124847266036,13.35133269951099332334368142
cancel-many,allocation,"control,candidate",raw_summary.scheduler_rejected,32,32,0,0
cancel-many,allocation,"control,candidate",raw_summary.started_nanos,101420468,101407066,13402,0.01321604157248766077109459019
cancel-many,allocation,"control,candidate",raw_summary.whole_raw_elapsed_nanos,165273334,173537325,-8263991,-4.762082739260847774390898327
