sequence_ordinal,repetition,shape,variant,mode,case,catalog_count,checkpoint,old_pin,metric,value,unit,availability
0,1,distinct,control,initial,null,0,empty,false,rss_bytes,16252928,bytes,observed
0,1,distinct,control,initial,null,0,empty,false,pss_bytes,15620096,bytes,observed
0,1,distinct,control,initial,null,0,empty,false,private_clean_bytes,13180928,bytes,observed
0,1,distinct,control,initial,null,0,empty,false,private_dirty_bytes,1683456,bytes,observed
0,1,distinct,control,initial,null,0,empty,false,shared_clean_bytes,1929216,bytes,observed
0,1,distinct,control,initial,null,0,empty,false,shared_dirty_bytes,0,bytes,observed
0,1,distinct,control,initial,null,0,empty,false,vm_size_bytes,515817472,bytes,observed
0,1,distinct,control,initial,null,0,empty,false,vm_peak_bytes,515817472,bytes,observed
0,1,distinct,control,initial,null,0,empty,false,vm_hwm_bytes,16252928,bytes,observed
0,1,distinct,control,initial,null,100,artifact-only,false,rss_bytes,16384000,bytes,observed
0,1,distinct,control,initial,null,100,artifact-only,false,pss_bytes,15955968,bytes,observed
0,1,distinct,control,initial,null,100,artifact-only,false,private_clean_bytes,13246464,bytes,observed
0,1,distinct,control,initial,null,100,artifact-only,false,private_dirty_bytes,1953792,bytes,observed
0,1,distinct,control,initial,null,100,artifact-only,false,shared_clean_bytes,1929216,bytes,observed
0,1,distinct,control,initial,null,100,artifact-only,false,shared_dirty_bytes,0,bytes,observed
0,1,distinct,control,initial,null,100,artifact-only,false,vm_size_bytes,515817472,bytes,observed
0,1,distinct,control,initial,null,100,artifact-only,false,vm_peak_bytes,515817472,bytes,observed
0,1,distinct,control,initial,null,100,artifact-only,false,vm_hwm_bytes,16384000,bytes,observed
0,1,distinct,control,initial,null,100,post-publication-idle,false,rss_bytes,18595840,bytes,observed
0,1,distinct,control,initial,null,100,post-publication-idle,false,pss_bytes,18049024,bytes,observed
0,1,distinct,control,initial,null,100,post-publication-idle,false,private_clean_bytes,13312000,bytes,observed
0,1,distinct,control,initial,null,100,post-publication-idle,false,private_dirty_bytes,3981312,bytes,observed
0,1,distinct,control,initial,null,100,post-publication-idle,false,shared_clean_bytes,1929216,bytes,observed
0,1,distinct,control,initial,null,100,post-publication-idle,false,shared_dirty_bytes,0,bytes,observed
0,1,distinct,control,initial,null,100,post-publication-idle,false,vm_size_bytes,515817472,bytes,observed
0,1,distinct,control,initial,null,100,post-publication-idle,false,vm_peak_bytes,515817472,bytes,observed
0,1,distinct,control,initial,null,100,post-publication-idle,false,vm_hwm_bytes,19660800,bytes,observed
0,1,distinct,control,initial,null,100,after-resolver-output-drop,false,rss_bytes,18595840,bytes,observed
0,1,distinct,control,initial,null,100,after-resolver-output-drop,false,pss_bytes,18085888,bytes,observed
0,1,distinct,control,initial,null,100,after-resolver-output-drop,false,private_clean_bytes,13312000,bytes,observed
0,1,distinct,control,initial,null,100,after-resolver-output-drop,false,private_dirty_bytes,4018176,bytes,observed
0,1,distinct,control,initial,null,100,after-resolver-output-drop,false,shared_clean_bytes,1929216,bytes,observed
0,1,distinct,control,initial,null,100,after-resolver-output-drop,false,shared_dirty_bytes,0,bytes,observed
0,1,distinct,control,initial,null,100,after-resolver-output-drop,false,vm_size_bytes,515817472,bytes,observed
0,1,distinct,control,initial,null,100,after-resolver-output-drop,false,vm_peak_bytes,515817472,bytes,observed
0,1,distinct,control,initial,null,100,after-resolver-output-drop,false,vm_hwm_bytes,19660800,bytes,observed
0,1,distinct,control,initial,null,1000,artifact-only,false,rss_bytes,18989056,bytes,observed
0,1,distinct,control,initial,null,1000,artifact-only,false,pss_bytes,18761728,bytes,observed
0,1,distinct,control,initial,null,1000,artifact-only,false,private_clean_bytes,13312000,bytes,observed
0,1,distinct,control,initial,null,1000,artifact-only,false,private_dirty_bytes,4694016,bytes,observed
0,1,distinct,control,initial,null,1000,artifact-only,false,shared_clean_bytes,1929216,bytes,observed
0,1,distinct,control,initial,null,1000,artifact-only,false,shared_dirty_bytes,0,bytes,observed
0,1,distinct,control,initial,null,1000,artifact-only,false,vm_size_bytes,515817472,bytes,observed
0,1,distinct,control,initial,null,1000,artifact-only,false,vm_peak_bytes,515817472,bytes,observed
0,1,distinct,control,initial,null,1000,artifact-only,false,vm_hwm_bytes,19660800,bytes,observed
0,1,distinct,control,initial,null,1000,post-publication-idle,false,rss_bytes,38936576,bytes,observed
0,1,distinct,control,initial,null,1000,post-publication-idle,false,pss_bytes,38529024,bytes,observed
0,1,distinct,control,initial,null,1000,post-publication-idle,false,private_clean_bytes,13312000,bytes,observed
0,1,distinct,control,initial,null,1000,post-publication-idle,false,private_dirty_bytes,24461312,bytes,observed
0,1,distinct,control,initial,null,1000,post-publication-idle,false,shared_clean_bytes,1929216,bytes,observed
0,1,distinct,control,initial,null,1000,post-publication-idle,false,shared_dirty_bytes,0,bytes,observed
0,1,distinct,control,initial,null,1000,post-publication-idle,false,vm_size_bytes,515817472,bytes,observed
0,1,distinct,control,initial,null,1000,post-publication-idle,false,vm_peak_bytes,516235264,bytes,observed
0,1,distinct,control,initial,null,1000,post-publication-idle,false,vm_hwm_bytes,52871168,bytes,observed
0,1,distinct,control,initial,null,1000,after-resolver-output-drop,false,rss_bytes,38936576,bytes,observed
0,1,distinct,control,initial,null,1000,after-resolver-output-drop,false,pss_bytes,38529024,bytes,observed
0,1,distinct,control,initial,null,1000,after-resolver-output-drop,false,private_clean_bytes,13312000,bytes,observed
0,1,distinct,control,initial,null,1000,after-resolver-output-drop,false,private_dirty_bytes,24461312,bytes,observed
0,1,distinct,control,initial,null,1000,after-resolver-output-drop,false,shared_clean_bytes,1929216,bytes,observed
0,1,distinct,control,initial,null,1000,after-resolver-output-drop,false,shared_dirty_bytes,0,bytes,observed
0,1,distinct,control,initial,null,1000,after-resolver-output-drop,false,vm_size_bytes,515817472,bytes,observed
0,1,distinct,control,initial,null,1000,after-resolver-output-drop,false,vm_peak_bytes,516235264,bytes,observed
0,1,distinct,control,initial,null,1000,after-resolver-output-drop,false,vm_hwm_bytes,52871168,bytes,observed
0,1,distinct,control,initial,null,10000,artifact-only,false,rss_bytes,43261952,bytes,observed
0,1,distinct,control,initial,null,10000,artifact-only,false,pss_bytes,43411456,bytes,observed
0,1,distinct,control,initial,null,10000,artifact-only,false,private_clean_bytes,13312000,bytes,observed
0,1,distinct,control,initial,null,10000,artifact-only,false,private_dirty_bytes,29343744,bytes,observed
0,1,distinct,control,initial,null,10000,artifact-only,false,shared_clean_bytes,1929216,bytes,observed
0,1,distinct,control,initial,null,10000,artifact-only,false,shared_dirty_bytes,0,bytes,observed
0,1,distinct,control,initial,null,10000,artifact-only,false,vm_size_bytes,515817472,bytes,observed
0,1,distinct,control,initial,null,10000,artifact-only,false,vm_peak_bytes,516235264,bytes,observed
0,1,distinct,control,initial,null,10000,artifact-only,false,vm_hwm_bytes,52871168,bytes,observed
0,1,distinct,control,initial,null,10000,post-publication-idle,false,rss_bytes,240922624,bytes,observed
0,1,distinct,control,initial,null,10000,post-publication-idle,false,pss_bytes,241022976,bytes,observed
0,1,distinct,control,initial,null,10000,post-publication-idle,false,private_clean_bytes,13312000,bytes,observed
0,1,distinct,control,initial,null,10000,post-publication-idle,false,private_dirty_bytes,226955264,bytes,observed
0,1,distinct,control,initial,null,10000,post-publication-idle,false,shared_clean_bytes,1929216,bytes,observed
0,1,distinct,control,initial,null,10000,post-publication-idle,false,shared_dirty_bytes,0,bytes,observed
0,1,distinct,control,initial,null,10000,post-publication-idle,false,vm_size_bytes,717144064,bytes,observed
0,1,distinct,control,initial,null,10000,post-publication-idle,false,vm_peak_bytes,918470656,bytes,observed
0,1,distinct,control,initial,null,10000,post-publication-idle,false,vm_hwm_bytes,416485376,bytes,observed
0,1,distinct,control,initial,null,10000,after-resolver-output-drop,false,rss_bytes,240922624,bytes,observed
0,1,distinct,control,initial,null,10000,after-resolver-output-drop,false,pss_bytes,241022976,bytes,observed
0,1,distinct,control,initial,null,10000,after-resolver-output-drop,false,private_clean_bytes,13312000,bytes,observed
0,1,distinct,control,initial,null,10000,after-resolver-output-drop,false,private_dirty_bytes,226955264,bytes,observed
0,1,distinct,control,initial,null,10000,after-resolver-output-drop,false,shared_clean_bytes,1929216,bytes,observed
0,1,distinct,control,initial,null,10000,after-resolver-output-drop,false,shared_dirty_bytes,0,bytes,observed
0,1,distinct,control,initial,null,10000,after-resolver-output-drop,false,vm_size_bytes,717144064,bytes,observed
0,1,distinct,control,initial,null,10000,after-resolver-output-drop,false,vm_peak_bytes,918470656,bytes,observed
0,1,distinct,control,initial,null,10000,after-resolver-output-drop,false,vm_hwm_bytes,416485376,bytes,observed
0,1,distinct,control,initial,null,100000,artifact-only,false,rss_bytes,289288192,bytes,observed
0,1,distinct,control,initial,null,100000,artifact-only,false,pss_bytes,289724416,bytes,observed
0,1,distinct,control,initial,null,100000,artifact-only,false,private_clean_bytes,13312000,bytes,observed
0,1,distinct,control,initial,null,100000,artifact-only,false,private_dirty_bytes,275656704,bytes,observed
0,1,distinct,control,initial,null,100000,artifact-only,false,shared_clean_bytes,1929216,bytes,observed
0,1,distinct,control,initial,null,100000,artifact-only,false,shared_dirty_bytes,0,bytes,observed
0,1,distinct,control,initial,null,100000,artifact-only,false,vm_size_bytes,784252928,bytes,observed
0,1,distinct,control,initial,null,100000,artifact-only,false,vm_peak_bytes,918470656,bytes,observed
0,1,distinct,control,initial,null,100000,artifact-only,false,vm_hwm_bytes,416485376,bytes,observed
0,1,distinct,control,initial,null,100000,post-publication-idle,false,rss_bytes,2718257152,bytes,observed
0,1,distinct,control,initial,null,100000,post-publication-idle,false,pss_bytes,2718251008,bytes,observed
0,1,distinct,control,initial,null,100000,post-publication-idle,false,private_clean_bytes,13312000,bytes,observed
0,1,distinct,control,initial,null,100000,post-publication-idle,false,private_dirty_bytes,2704183296,bytes,observed
0,1,distinct,control,initial,null,100000,post-publication-idle,false,shared_clean_bytes,1929216,bytes,observed
0,1,distinct,control,initial,null,100000,post-publication-idle,false,shared_dirty_bytes,0,bytes,observed
0,1,distinct,control,initial,null,100000,post-publication-idle,false,vm_size_bytes,3219374080,bytes,observed
0,1,distinct,control,initial,null,100000,post-publication-idle,false,vm_peak_bytes,4590915584,bytes,observed
0,1,distinct,control,initial,null,100000,post-publication-idle,false,vm_hwm_bytes,4022554624,bytes,observed
0,1,distinct,control,initial,null,100000,after-resolver-output-drop,false,rss_bytes,2718257152,bytes,observed
0,1,distinct,control,initial,null,100000,after-resolver-output-drop,false,pss_bytes,2718251008,bytes,observed
0,1,distinct,control,initial,null,100000,after-resolver-output-drop,false,private_clean_bytes,13312000,bytes,observed
0,1,distinct,control,initial,null,100000,after-resolver-output-drop,false,private_dirty_bytes,2704183296,bytes,observed
0,1,distinct,control,initial,null,100000,after-resolver-output-drop,false,shared_clean_bytes,1929216,bytes,observed
0,1,distinct,control,initial,null,100000,after-resolver-output-drop,false,shared_dirty_bytes,0,bytes,observed
0,1,distinct,control,initial,null,100000,after-resolver-output-drop,false,vm_size_bytes,3219374080,bytes,observed
0,1,distinct,control,initial,null,100000,after-resolver-output-drop,false,vm_peak_bytes,4590915584,bytes,observed
0,1,distinct,control,initial,null,100000,after-resolver-output-drop,false,vm_hwm_bytes,4022554624,bytes,observed
0,1,distinct,control,initial,null,100000,old-pin-overlap,true,rss_bytes,3523907584,bytes,observed
0,1,distinct,control,initial,null,100000,old-pin-overlap,true,pss_bytes,3523557376,bytes,observed
0,1,distinct,control,initial,null,100000,old-pin-overlap,true,private_clean_bytes,13312000,bytes,observed
0,1,distinct,control,initial,null,100000,old-pin-overlap,true,private_dirty_bytes,3509489664,bytes,observed
0,1,distinct,control,initial,null,100000,old-pin-overlap,true,shared_clean_bytes,1929216,bytes,observed
0,1,distinct,control,initial,null,100000,old-pin-overlap,true,shared_dirty_bytes,0,bytes,observed
0,1,distinct,control,initial,null,100000,old-pin-overlap,true,vm_size_bytes,4024680448,bytes,observed
0,1,distinct,control,initial,null,100000,old-pin-overlap,true,vm_peak_bytes,5597548544,bytes,observed
0,1,distinct,control,initial,null,100000,old-pin-overlap,true,vm_hwm_bytes,5038362624,bytes,observed
0,1,distinct,control,initial,null,100000,old-pin-released,false,rss_bytes,3504594944,bytes,observed
0,1,distinct,control,initial,null,100000,old-pin-released,false,pss_bytes,3504355328,bytes,observed
0,1,distinct,control,initial,null,100000,old-pin-released,false,private_clean_bytes,13312000,bytes,observed
0,1,distinct,control,initial,null,100000,old-pin-released,false,private_dirty_bytes,3490287616,bytes,observed
0,1,distinct,control,initial,null,100000,old-pin-released,false,shared_clean_bytes,1929216,bytes,observed
0,1,distinct,control,initial,null,100000,old-pin-released,false,shared_dirty_bytes,0,bytes,observed
0,1,distinct,control,initial,null,100000,old-pin-released,false,vm_size_bytes,4005478400,bytes,observed
0,1,distinct,control,initial,null,100000,old-pin-released,false,vm_peak_bytes,5597548544,bytes,observed
0,1,distinct,control,initial,null,100000,old-pin-released,false,vm_hwm_bytes,5038362624,bytes,observed
0,1,distinct,control,initial,null,100000,before-shutdown,false,rss_bytes,3504594944,bytes,observed
0,1,distinct,control,initial,null,100000,before-shutdown,false,pss_bytes,3504355328,bytes,observed
0,1,distinct,control,initial,null,100000,before-shutdown,false,private_clean_bytes,13312000,bytes,observed
0,1,distinct,control,initial,null,100000,before-shutdown,false,private_dirty_bytes,3490287616,bytes,observed
0,1,distinct,control,initial,null,100000,before-shutdown,false,shared_clean_bytes,1929216,bytes,observed
0,1,distinct,control,initial,null,100000,before-shutdown,false,shared_dirty_bytes,0,bytes,observed
0,1,distinct,control,initial,null,100000,before-shutdown,false,vm_size_bytes,4005478400,bytes,observed
0,1,distinct,control,initial,null,100000,before-shutdown,false,vm_peak_bytes,5597548544,bytes,observed
0,1,distinct,control,initial,null,100000,before-shutdown,false,vm_hwm_bytes,5038362624,bytes,observed
1,1,distinct,control,reopen,null,100000,reopened-idle,false,rss_bytes,3855446016,bytes,observed
1,1,distinct,control,reopen,null,100000,reopened-idle,false,pss_bytes,3855646720,bytes,observed
1,1,distinct,control,reopen,null,100000,reopened-idle,false,private_clean_bytes,13262848,bytes,observed
1,1,distinct,control,reopen,null,100000,reopened-idle,false,private_dirty_bytes,3841556480,bytes,observed
1,1,distinct,control,reopen,null,100000,reopened-idle,false,shared_clean_bytes,2048000,bytes,observed
1,1,distinct,control,reopen,null,100000,reopened-idle,false,shared_dirty_bytes,0,bytes,observed
1,1,distinct,control,reopen,null,100000,reopened-idle,false,vm_size_bytes,4360224768,bytes,observed
1,1,distinct,control,reopen,null,100000,reopened-idle,false,vm_peak_bytes,5878546432,bytes,observed
1,1,distinct,control,reopen,null,100000,reopened-idle,false,vm_hwm_bytes,5435432960,bytes,observed
1,1,distinct,control,reopen,null,100000,reopened-output-released,false,rss_bytes,3855577088,bytes,observed
1,1,distinct,control,reopen,null,100000,reopened-output-released,false,pss_bytes,3855712256,bytes,observed
1,1,distinct,control,reopen,null,100000,reopened-output-released,false,private_clean_bytes,13328384,bytes,observed
1,1,distinct,control,reopen,null,100000,reopened-output-released,false,private_dirty_bytes,3841556480,bytes,observed
1,1,distinct,control,reopen,null,100000,reopened-output-released,false,shared_clean_bytes,2048000,bytes,observed
1,1,distinct,control,reopen,null,100000,reopened-output-released,false,shared_dirty_bytes,0,bytes,observed
1,1,distinct,control,reopen,null,100000,reopened-output-released,false,vm_size_bytes,4360224768,bytes,observed
1,1,distinct,control,reopen,null,100000,reopened-output-released,false,vm_peak_bytes,5878546432,bytes,observed
1,1,distinct,control,reopen,null,100000,reopened-output-released,false,vm_hwm_bytes,5435432960,bytes,observed
1,1,distinct,control,reopen,null,100000,before-shutdown,false,rss_bytes,3855577088,bytes,observed
1,1,distinct,control,reopen,null,100000,before-shutdown,false,pss_bytes,3855712256,bytes,observed
1,1,distinct,control,reopen,null,100000,before-shutdown,false,private_clean_bytes,13328384,bytes,observed
1,1,distinct,control,reopen,null,100000,before-shutdown,false,private_dirty_bytes,3841556480,bytes,observed
1,1,distinct,control,reopen,null,100000,before-shutdown,false,shared_clean_bytes,2048000,bytes,observed
1,1,distinct,control,reopen,null,100000,before-shutdown,false,shared_dirty_bytes,0,bytes,observed
1,1,distinct,control,reopen,null,100000,before-shutdown,false,vm_size_bytes,4360224768,bytes,observed
1,1,distinct,control,reopen,null,100000,before-shutdown,false,vm_peak_bytes,5878546432,bytes,observed
1,1,distinct,control,reopen,null,100000,before-shutdown,false,vm_hwm_bytes,5435432960,bytes,observed
2,1,distinct,candidate,initial,null,0,empty,false,rss_bytes,16252928,bytes,observed
2,1,distinct,candidate,initial,null,0,empty,false,pss_bytes,15627264,bytes,observed
2,1,distinct,candidate,initial,null,0,empty,false,private_clean_bytes,13144064,bytes,observed
2,1,distinct,candidate,initial,null,0,empty,false,private_dirty_bytes,1687552,bytes,observed
2,1,distinct,candidate,initial,null,0,empty,false,shared_clean_bytes,1998848,bytes,observed
2,1,distinct,candidate,initial,null,0,empty,false,shared_dirty_bytes,0,bytes,observed
2,1,distinct,candidate,initial,null,0,empty,false,vm_size_bytes,515796992,bytes,observed
2,1,distinct,candidate,initial,null,0,empty,false,vm_peak_bytes,515796992,bytes,observed
2,1,distinct,candidate,initial,null,0,empty,false,vm_hwm_bytes,16252928,bytes,observed
2,1,distinct,candidate,initial,null,100,artifact-only,false,rss_bytes,16515072,bytes,observed
2,1,distinct,candidate,initial,null,100,artifact-only,false,pss_bytes,15971328,bytes,observed
2,1,distinct,candidate,initial,null,100,artifact-only,false,private_clean_bytes,13209600,bytes,observed
2,1,distinct,candidate,initial,null,100,artifact-only,false,private_dirty_bytes,1966080,bytes,observed
2,1,distinct,candidate,initial,null,100,artifact-only,false,shared_clean_bytes,1998848,bytes,observed
2,1,distinct,candidate,initial,null,100,artifact-only,false,shared_dirty_bytes,0,bytes,observed
2,1,distinct,candidate,initial,null,100,artifact-only,false,vm_size_bytes,515796992,bytes,observed
2,1,distinct,candidate,initial,null,100,artifact-only,false,vm_peak_bytes,515796992,bytes,observed
2,1,distinct,candidate,initial,null,100,artifact-only,false,vm_hwm_bytes,16515072,bytes,observed
2,1,distinct,candidate,initial,null,100,post-publication-idle,false,rss_bytes,18071552,bytes,observed
2,1,distinct,candidate,initial,null,100,post-publication-idle,false,pss_bytes,17417216,bytes,observed
2,1,distinct,candidate,initial,null,100,post-publication-idle,false,private_clean_bytes,13340672,bytes,observed
2,1,distinct,candidate,initial,null,100,post-publication-idle,false,private_dirty_bytes,3280896,bytes,observed
2,1,distinct,candidate,initial,null,100,post-publication-idle,false,shared_clean_bytes,1998848,bytes,observed
2,1,distinct,candidate,initial,null,100,post-publication-idle,false,shared_dirty_bytes,0,bytes,observed
2,1,distinct,candidate,initial,null,100,post-publication-idle,false,vm_size_bytes,515796992,bytes,observed
2,1,distinct,candidate,initial,null,100,post-publication-idle,false,vm_peak_bytes,515796992,bytes,observed
2,1,distinct,candidate,initial,null,100,post-publication-idle,false,vm_hwm_bytes,19267584,bytes,observed
2,1,distinct,candidate,initial,null,100,after-resolver-output-drop,false,rss_bytes,18071552,bytes,observed
2,1,distinct,candidate,initial,null,100,after-resolver-output-drop,false,pss_bytes,17445888,bytes,observed
2,1,distinct,candidate,initial,null,100,after-resolver-output-drop,false,private_clean_bytes,13340672,bytes,observed
2,1,distinct,candidate,initial,null,100,after-resolver-output-drop,false,private_dirty_bytes,3309568,bytes,observed
2,1,distinct,candidate,initial,null,100,after-resolver-output-drop,false,shared_clean_bytes,1998848,bytes,observed
2,1,distinct,candidate,initial,null,100,after-resolver-output-drop,false,shared_dirty_bytes,0,bytes,observed
2,1,distinct,candidate,initial,null,100,after-resolver-output-drop,false,vm_size_bytes,515796992,bytes,observed
2,1,distinct,candidate,initial,null,100,after-resolver-output-drop,false,vm_peak_bytes,515796992,bytes,observed
2,1,distinct,candidate,initial,null,100,after-resolver-output-drop,false,vm_hwm_bytes,19267584,bytes,observed
2,1,distinct,candidate,initial,null,1000,artifact-only,false,rss_bytes,18464768,bytes,observed
2,1,distinct,candidate,initial,null,1000,artifact-only,false,pss_bytes,18088960,bytes,observed
2,1,distinct,candidate,initial,null,1000,artifact-only,false,private_clean_bytes,13340672,bytes,observed
2,1,distinct,candidate,initial,null,1000,artifact-only,false,private_dirty_bytes,3952640,bytes,observed
2,1,distinct,candidate,initial,null,1000,artifact-only,false,shared_clean_bytes,1998848,bytes,observed
2,1,distinct,candidate,initial,null,1000,artifact-only,false,shared_dirty_bytes,0,bytes,observed
2,1,distinct,candidate,initial,null,1000,artifact-only,false,vm_size_bytes,515796992,bytes,observed
2,1,distinct,candidate,initial,null,1000,artifact-only,false,vm_peak_bytes,515796992,bytes,observed
2,1,distinct,candidate,initial,null,1000,artifact-only,false,vm_hwm_bytes,19267584,bytes,observed
2,1,distinct,candidate,initial,null,1000,post-publication-idle,false,rss_bytes,30785536,bytes,observed
2,1,distinct,candidate,initial,null,1000,post-publication-idle,false,pss_bytes,30336000,bytes,observed
2,1,distinct,candidate,initial,null,1000,post-publication-idle,false,private_clean_bytes,13340672,bytes,observed
2,1,distinct,candidate,initial,null,1000,post-publication-idle,false,private_dirty_bytes,16199680,bytes,observed
2,1,distinct,candidate,initial,null,1000,post-publication-idle,false,shared_clean_bytes,1998848,bytes,observed
2,1,distinct,candidate,initial,null,1000,post-publication-idle,false,shared_dirty_bytes,0,bytes,observed
2,1,distinct,candidate,initial,null,1000,post-publication-idle,false,vm_size_bytes,515796992,bytes,observed
2,1,distinct,candidate,initial,null,1000,post-publication-idle,false,vm_peak_bytes,522551296,bytes,observed
2,1,distinct,candidate,initial,null,1000,post-publication-idle,false,vm_hwm_bytes,47935488,bytes,observed
2,1,distinct,candidate,initial,null,1000,after-resolver-output-drop,false,rss_bytes,30785536,bytes,observed
2,1,distinct,candidate,initial,null,1000,after-resolver-output-drop,false,pss_bytes,30336000,bytes,observed
2,1,distinct,candidate,initial,null,1000,after-resolver-output-drop,false,private_clean_bytes,13340672,bytes,observed
2,1,distinct,candidate,initial,null,1000,after-resolver-output-drop,false,private_dirty_bytes,16199680,bytes,observed
2,1,distinct,candidate,initial,null,1000,after-resolver-output-drop,false,shared_clean_bytes,1998848,bytes,observed
2,1,distinct,candidate,initial,null,1000,after-resolver-output-drop,false,shared_dirty_bytes,0,bytes,observed
2,1,distinct,candidate,initial,null,1000,after-resolver-output-drop,false,vm_size_bytes,515796992,bytes,observed
2,1,distinct,candidate,initial,null,1000,after-resolver-output-drop,false,vm_peak_bytes,522551296,bytes,observed
2,1,distinct,candidate,initial,null,1000,after-resolver-output-drop,false,vm_hwm_bytes,47935488,bytes,observed
2,1,distinct,candidate,initial,null,10000,artifact-only,false,rss_bytes,36290560,bytes,observed
2,1,distinct,candidate,initial,null,10000,artifact-only,false,pss_bytes,36238336,bytes,observed
2,1,distinct,candidate,initial,null,10000,artifact-only,false,private_clean_bytes,13340672,bytes,observed
2,1,distinct,candidate,initial,null,10000,artifact-only,false,private_dirty_bytes,22102016,bytes,observed
2,1,distinct,candidate,initial,null,10000,artifact-only,false,shared_clean_bytes,1998848,bytes,observed
2,1,distinct,candidate,initial,null,10000,artifact-only,false,shared_dirty_bytes,0,bytes,observed
2,1,distinct,candidate,initial,null,10000,artifact-only,false,vm_size_bytes,515796992,bytes,observed
2,1,distinct,candidate,initial,null,10000,artifact-only,false,vm_peak_bytes,522551296,bytes,observed
2,1,distinct,candidate,initial,null,10000,artifact-only,false,vm_hwm_bytes,47935488,bytes,observed
2,1,distinct,candidate,initial,null,10000,post-publication-idle,false,rss_bytes,149573632,bytes,observed
2,1,distinct,candidate,initial,null,10000,post-publication-idle,false,pss_bytes,149357568,bytes,observed
2,1,distinct,candidate,initial,null,10000,post-publication-idle,false,private_clean_bytes,13340672,bytes,observed
2,1,distinct,candidate,initial,null,10000,post-publication-idle,false,private_dirty_bytes,135221248,bytes,observed
2,1,distinct,candidate,initial,null,10000,post-publication-idle,false,shared_clean_bytes,1998848,bytes,observed
2,1,distinct,candidate,initial,null,10000,post-publication-idle,false,shared_dirty_bytes,0,bytes,observed
2,1,distinct,candidate,initial,null,10000,post-publication-idle,false,vm_size_bytes,582905856,bytes,observed
2,1,distinct,candidate,initial,null,10000,post-publication-idle,false,vm_peak_bytes,784232448,bytes,observed
2,1,distinct,candidate,initial,null,10000,post-publication-idle,false,vm_hwm_bytes,300924928,bytes,observed
2,1,distinct,candidate,initial,null,10000,after-resolver-output-drop,false,rss_bytes,149573632,bytes,observed
2,1,distinct,candidate,initial,null,10000,after-resolver-output-drop,false,pss_bytes,149357568,bytes,observed
2,1,distinct,candidate,initial,null,10000,after-resolver-output-drop,false,private_clean_bytes,13340672,bytes,observed
2,1,distinct,candidate,initial,null,10000,after-resolver-output-drop,false,private_dirty_bytes,135221248,bytes,observed
2,1,distinct,candidate,initial,null,10000,after-resolver-output-drop,false,shared_clean_bytes,1998848,bytes,observed
2,1,distinct,candidate,initial,null,10000,after-resolver-output-drop,false,shared_dirty_bytes,0,bytes,observed
2,1,distinct,candidate,initial,null,10000,after-resolver-output-drop,false,vm_size_bytes,582905856,bytes,observed
2,1,distinct,candidate,initial,null,10000,after-resolver-output-drop,false,vm_peak_bytes,784232448,bytes,observed
2,1,distinct,candidate,initial,null,10000,after-resolver-output-drop,false,vm_hwm_bytes,300924928,bytes,observed
2,1,distinct,candidate,initial,null,100000,artifact-only,false,rss_bytes,217862144,bytes,observed
2,1,distinct,candidate,initial,null,100000,artifact-only,false,pss_bytes,217797632,bytes,observed
2,1,distinct,candidate,initial,null,100000,artifact-only,false,private_clean_bytes,13340672,bytes,observed
2,1,distinct,candidate,initial,null,100000,artifact-only,false,private_dirty_bytes,203661312,bytes,observed
2,1,distinct,candidate,initial,null,100000,artifact-only,false,shared_clean_bytes,1998848,bytes,observed
2,1,distinct,candidate,initial,null,100000,artifact-only,false,shared_dirty_bytes,0,bytes,observed
2,1,distinct,candidate,initial,null,100000,artifact-only,false,vm_size_bytes,717123584,bytes,observed
2,1,distinct,candidate,initial,null,100000,artifact-only,false,vm_peak_bytes,784232448,bytes,observed
2,1,distinct,candidate,initial,null,100000,artifact-only,false,vm_hwm_bytes,300924928,bytes,observed
2,1,distinct,candidate,initial,null,100000,post-publication-idle,false,rss_bytes,1117204480,bytes,observed
2,1,distinct,candidate,initial,null,100000,post-publication-idle,false,pss_bytes,1117139968,bytes,observed
2,1,distinct,candidate,initial,null,100000,post-publication-idle,false,private_clean_bytes,13340672,bytes,observed
2,1,distinct,candidate,initial,null,100000,post-publication-idle,false,private_dirty_bytes,1103003648,bytes,observed
2,1,distinct,candidate,initial,null,100000,post-publication-idle,false,shared_clean_bytes,1998848,bytes,observed
2,1,distinct,candidate,initial,null,100000,post-publication-idle,false,shared_dirty_bytes,0,bytes,observed
2,1,distinct,candidate,initial,null,100000,post-publication-idle,false,vm_size_bytes,1553539072,bytes,observed
2,1,distinct,candidate,initial,null,100000,post-publication-idle,false,vm_peak_bytes,3797495808,bytes,observed
2,1,distinct,candidate,initial,null,100000,post-publication-idle,false,vm_hwm_bytes,3211911168,bytes,observed
2,1,distinct,candidate,initial,null,100000,after-resolver-output-drop,false,rss_bytes,1117204480,bytes,observed
2,1,distinct,candidate,initial,null,100000,after-resolver-output-drop,false,pss_bytes,1117139968,bytes,observed
2,1,distinct,candidate,initial,null,100000,after-resolver-output-drop,false,private_clean_bytes,13340672,bytes,observed
2,1,distinct,candidate,initial,null,100000,after-resolver-output-drop,false,private_dirty_bytes,1103003648,bytes,observed
2,1,distinct,candidate,initial,null,100000,after-resolver-output-drop,false,shared_clean_bytes,1998848,bytes,observed
2,1,distinct,candidate,initial,null,100000,after-resolver-output-drop,false,shared_dirty_bytes,0,bytes,observed
2,1,distinct,candidate,initial,null,100000,after-resolver-output-drop,false,vm_size_bytes,1553539072,bytes,observed
2,1,distinct,candidate,initial,null,100000,after-resolver-output-drop,false,vm_peak_bytes,3797495808,bytes,observed
2,1,distinct,candidate,initial,null,100000,after-resolver-output-drop,false,vm_hwm_bytes,3211911168,bytes,observed
2,1,distinct,candidate,initial,null,100000,old-pin-overlap,true,rss_bytes,1198800896,bytes,observed
2,1,distinct,candidate,initial,null,100000,old-pin-overlap,true,pss_bytes,1198650368,bytes,observed
2,1,distinct,candidate,initial,null,100000,old-pin-overlap,true,private_clean_bytes,13340672,bytes,observed
2,1,distinct,candidate,initial,null,100000,old-pin-overlap,true,private_dirty_bytes,1184514048,bytes,observed
2,1,distinct,candidate,initial,null,100000,old-pin-overlap,true,shared_clean_bytes,1998848,bytes,observed
2,1,distinct,candidate,initial,null,100000,old-pin-overlap,true,shared_dirty_bytes,0,bytes,observed
2,1,distinct,candidate,initial,null,100000,old-pin-overlap,true,vm_size_bytes,1635049472,bytes,observed
2,1,distinct,candidate,initial,null,100000,old-pin-overlap,true,vm_peak_bytes,3811897344,bytes,observed
2,1,distinct,candidate,initial,null,100000,old-pin-overlap,true,vm_hwm_bytes,3263250432,bytes,observed
2,1,distinct,candidate,initial,null,100000,old-pin-released,false,rss_bytes,1174687744,bytes,observed
2,1,distinct,candidate,initial,null,100000,old-pin-released,false,pss_bytes,1174647808,bytes,observed
2,1,distinct,candidate,initial,null,100000,old-pin-released,false,private_clean_bytes,13340672,bytes,observed
2,1,distinct,candidate,initial,null,100000,old-pin-released,false,private_dirty_bytes,1160511488,bytes,observed
2,1,distinct,candidate,initial,null,100000,old-pin-released,false,shared_clean_bytes,1998848,bytes,observed
2,1,distinct,candidate,initial,null,100000,old-pin-released,false,shared_dirty_bytes,0,bytes,observed
2,1,distinct,candidate,initial,null,100000,old-pin-released,false,vm_size_bytes,1611046912,bytes,observed
2,1,distinct,candidate,initial,null,100000,old-pin-released,false,vm_peak_bytes,3811897344,bytes,observed
2,1,distinct,candidate,initial,null,100000,old-pin-released,false,vm_hwm_bytes,3263250432,bytes,observed
2,1,distinct,candidate,initial,null,100000,before-shutdown,false,rss_bytes,1174687744,bytes,observed
2,1,distinct,candidate,initial,null,100000,before-shutdown,false,pss_bytes,1174647808,bytes,observed
2,1,distinct,candidate,initial,null,100000,before-shutdown,false,private_clean_bytes,13340672,bytes,observed
2,1,distinct,candidate,initial,null,100000,before-shutdown,false,private_dirty_bytes,1160511488,bytes,observed
2,1,distinct,candidate,initial,null,100000,before-shutdown,false,shared_clean_bytes,1998848,bytes,observed
2,1,distinct,candidate,initial,null,100000,before-shutdown,false,shared_dirty_bytes,0,bytes,observed
2,1,distinct,candidate,initial,null,100000,before-shutdown,false,vm_size_bytes,1611046912,bytes,observed
2,1,distinct,candidate,initial,null,100000,before-shutdown,false,vm_peak_bytes,3811897344,bytes,observed
2,1,distinct,candidate,initial,null,100000,before-shutdown,false,vm_hwm_bytes,3263250432,bytes,observed
3,1,distinct,candidate,reopen,null,100000,reopened-idle,false,rss_bytes,2948530176,bytes,observed
3,1,distinct,candidate,reopen,null,100000,reopened-idle,false,pss_bytes,2949099520,bytes,observed
3,1,distinct,candidate,reopen,null,100000,reopened-idle,false,private_clean_bytes,12705792,bytes,observed
3,1,distinct,candidate,reopen,null,100000,reopened-idle,false,private_dirty_bytes,2935590912,bytes,observed
3,1,distinct,candidate,reopen,null,100000,reopened-idle,false,shared_clean_bytes,2019328,bytes,observed
3,1,distinct,candidate,reopen,null,100000,reopened-idle,false,shared_dirty_bytes,0,bytes,observed
3,1,distinct,candidate,reopen,null,100000,reopened-idle,false,vm_size_bytes,3425480704,bytes,observed
3,1,distinct,candidate,reopen,null,100000,reopened-idle,false,vm_peak_bytes,5155729408,bytes,observed
3,1,distinct,candidate,reopen,null,100000,reopened-idle,false,vm_hwm_bytes,4719112192,bytes,observed
3,1,distinct,candidate,reopen,null,100000,reopened-output-released,false,rss_bytes,2948661248,bytes,observed
3,1,distinct,candidate,reopen,null,100000,reopened-output-released,false,pss_bytes,2949165056,bytes,observed
3,1,distinct,candidate,reopen,null,100000,reopened-output-released,false,private_clean_bytes,12771328,bytes,observed
3,1,distinct,candidate,reopen,null,100000,reopened-output-released,false,private_dirty_bytes,2935590912,bytes,observed
3,1,distinct,candidate,reopen,null,100000,reopened-output-released,false,shared_clean_bytes,2019328,bytes,observed
3,1,distinct,candidate,reopen,null,100000,reopened-output-released,false,shared_dirty_bytes,0,bytes,observed
3,1,distinct,candidate,reopen,null,100000,reopened-output-released,false,vm_size_bytes,3425480704,bytes,observed
3,1,distinct,candidate,reopen,null,100000,reopened-output-released,false,vm_peak_bytes,5155729408,bytes,observed
3,1,distinct,candidate,reopen,null,100000,reopened-output-released,false,vm_hwm_bytes,4719112192,bytes,observed
3,1,distinct,candidate,reopen,null,100000,before-shutdown,false,rss_bytes,2948661248,bytes,observed
3,1,distinct,candidate,reopen,null,100000,before-shutdown,false,pss_bytes,2949165056,bytes,observed
3,1,distinct,candidate,reopen,null,100000,before-shutdown,false,private_clean_bytes,12771328,bytes,observed
3,1,distinct,candidate,reopen,null,100000,before-shutdown,false,private_dirty_bytes,2935590912,bytes,observed
3,1,distinct,candidate,reopen,null,100000,before-shutdown,false,shared_clean_bytes,2019328,bytes,observed
3,1,distinct,candidate,reopen,null,100000,before-shutdown,false,shared_dirty_bytes,0,bytes,observed
3,1,distinct,candidate,reopen,null,100000,before-shutdown,false,vm_size_bytes,3425480704,bytes,observed
3,1,distinct,candidate,reopen,null,100000,before-shutdown,false,vm_peak_bytes,5155729408,bytes,observed
3,1,distinct,candidate,reopen,null,100000,before-shutdown,false,vm_hwm_bytes,4719112192,bytes,observed
4,1,shared,candidate,initial,null,0,empty,false,rss_bytes,15990784,bytes,observed
4,1,shared,candidate,initial,null,0,empty,false,pss_bytes,15403008,bytes,observed
4,1,shared,candidate,initial,null,0,empty,false,private_clean_bytes,12972032,bytes,observed
4,1,shared,candidate,initial,null,0,empty,false,private_dirty_bytes,1671168,bytes,observed
4,1,shared,candidate,initial,null,0,empty,false,shared_clean_bytes,1904640,bytes,observed
4,1,shared,candidate,initial,null,0,empty,false,shared_dirty_bytes,0,bytes,observed
4,1,shared,candidate,initial,null,0,empty,false,vm_size_bytes,515796992,bytes,observed
4,1,shared,candidate,initial,null,0,empty,false,vm_peak_bytes,515796992,bytes,observed
4,1,shared,candidate,initial,null,0,empty,false,vm_hwm_bytes,15990784,bytes,observed
4,1,shared,candidate,initial,null,100,artifact-only,false,rss_bytes,16384000,bytes,observed
4,1,shared,candidate,initial,null,100,artifact-only,false,pss_bytes,15710208,bytes,observed
4,1,shared,candidate,initial,null,100,artifact-only,false,private_clean_bytes,13037568,bytes,observed
4,1,shared,candidate,initial,null,100,artifact-only,false,private_dirty_bytes,1912832,bytes,observed
4,1,shared,candidate,initial,null,100,artifact-only,false,shared_clean_bytes,1904640,bytes,observed
4,1,shared,candidate,initial,null,100,artifact-only,false,shared_dirty_bytes,0,bytes,observed
4,1,shared,candidate,initial,null,100,artifact-only,false,vm_size_bytes,515796992,bytes,observed
4,1,shared,candidate,initial,null,100,artifact-only,false,vm_peak_bytes,515796992,bytes,observed
4,1,shared,candidate,initial,null,100,artifact-only,false,vm_hwm_bytes,16384000,bytes,observed
4,1,shared,candidate,initial,null,100,post-publication-idle,false,rss_bytes,18030592,bytes,observed
4,1,shared,candidate,initial,null,100,post-publication-idle,false,pss_bytes,17364992,bytes,observed
4,1,shared,candidate,initial,null,100,post-publication-idle,false,private_clean_bytes,13168640,bytes,observed
4,1,shared,candidate,initial,null,100,post-publication-idle,false,private_dirty_bytes,3436544,bytes,observed
4,1,shared,candidate,initial,null,100,post-publication-idle,false,shared_clean_bytes,1904640,bytes,observed
4,1,shared,candidate,initial,null,100,post-publication-idle,false,shared_dirty_bytes,0,bytes,observed
4,1,shared,candidate,initial,null,100,post-publication-idle,false,vm_size_bytes,515796992,bytes,observed
4,1,shared,candidate,initial,null,100,post-publication-idle,false,vm_peak_bytes,516222976,bytes,observed
4,1,shared,candidate,initial,null,100,post-publication-idle,false,vm_hwm_bytes,19136512,bytes,observed
4,1,shared,candidate,initial,null,100,after-resolver-output-drop,false,rss_bytes,18030592,bytes,observed
4,1,shared,candidate,initial,null,100,after-resolver-output-drop,false,pss_bytes,17401856,bytes,observed
4,1,shared,candidate,initial,null,100,after-resolver-output-drop,false,private_clean_bytes,13168640,bytes,observed
4,1,shared,candidate,initial,null,100,after-resolver-output-drop,false,private_dirty_bytes,3473408,bytes,observed
4,1,shared,candidate,initial,null,100,after-resolver-output-drop,false,shared_clean_bytes,1904640,bytes,observed
4,1,shared,candidate,initial,null,100,after-resolver-output-drop,false,shared_dirty_bytes,0,bytes,observed
4,1,shared,candidate,initial,null,100,after-resolver-output-drop,false,vm_size_bytes,515796992,bytes,observed
4,1,shared,candidate,initial,null,100,after-resolver-output-drop,false,vm_peak_bytes,516222976,bytes,observed
4,1,shared,candidate,initial,null,100,after-resolver-output-drop,false,vm_hwm_bytes,19136512,bytes,observed
4,1,shared,candidate,initial,null,1000,artifact-only,false,rss_bytes,18030592,bytes,observed
4,1,shared,candidate,initial,null,1000,artifact-only,false,pss_bytes,17471488,bytes,observed
4,1,shared,candidate,initial,null,1000,artifact-only,false,private_clean_bytes,13168640,bytes,observed
4,1,shared,candidate,initial,null,1000,artifact-only,false,private_dirty_bytes,3543040,bytes,observed
4,1,shared,candidate,initial,null,1000,artifact-only,false,shared_clean_bytes,1904640,bytes,observed
4,1,shared,candidate,initial,null,1000,artifact-only,false,shared_dirty_bytes,0,bytes,observed
4,1,shared,candidate,initial,null,1000,artifact-only,false,vm_size_bytes,515796992,bytes,observed
4,1,shared,candidate,initial,null,1000,artifact-only,false,vm_peak_bytes,516222976,bytes,observed
4,1,shared,candidate,initial,null,1000,artifact-only,false,vm_hwm_bytes,19136512,bytes,observed
4,1,shared,candidate,initial,null,1000,post-publication-idle,false,rss_bytes,29859840,bytes,observed
4,1,shared,candidate,initial,null,1000,post-publication-idle,false,pss_bytes,29304832,bytes,observed
4,1,shared,candidate,initial,null,1000,post-publication-idle,false,private_clean_bytes,13168640,bytes,observed
4,1,shared,candidate,initial,null,1000,post-publication-idle,false,private_dirty_bytes,15376384,bytes,observed
4,1,shared,candidate,initial,null,1000,post-publication-idle,false,shared_clean_bytes,1904640,bytes,observed
4,1,shared,candidate,initial,null,1000,post-publication-idle,false,shared_dirty_bytes,0,bytes,observed
4,1,shared,candidate,initial,null,1000,post-publication-idle,false,vm_size_bytes,515796992,bytes,observed
4,1,shared,candidate,initial,null,1000,post-publication-idle,false,vm_peak_bytes,522092544,bytes,observed
4,1,shared,candidate,initial,null,1000,post-publication-idle,false,vm_hwm_bytes,45555712,bytes,observed
4,1,shared,candidate,initial,null,1000,after-resolver-output-drop,false,rss_bytes,29859840,bytes,observed
4,1,shared,candidate,initial,null,1000,after-resolver-output-drop,false,pss_bytes,29304832,bytes,observed
4,1,shared,candidate,initial,null,1000,after-resolver-output-drop,false,private_clean_bytes,13168640,bytes,observed
4,1,shared,candidate,initial,null,1000,after-resolver-output-drop,false,private_dirty_bytes,15376384,bytes,observed
4,1,shared,candidate,initial,null,1000,after-resolver-output-drop,false,shared_clean_bytes,1904640,bytes,observed
4,1,shared,candidate,initial,null,1000,after-resolver-output-drop,false,shared_dirty_bytes,0,bytes,observed
4,1,shared,candidate,initial,null,1000,after-resolver-output-drop,false,vm_size_bytes,515796992,bytes,observed
4,1,shared,candidate,initial,null,1000,after-resolver-output-drop,false,vm_peak_bytes,522092544,bytes,observed
4,1,shared,candidate,initial,null,1000,after-resolver-output-drop,false,vm_hwm_bytes,45555712,bytes,observed
4,1,shared,candidate,initial,null,10000,artifact-only,false,rss_bytes,32350208,bytes,observed
4,1,shared,candidate,initial,null,10000,artifact-only,false,pss_bytes,32061440,bytes,observed
4,1,shared,candidate,initial,null,10000,artifact-only,false,private_clean_bytes,13168640,bytes,observed
4,1,shared,candidate,initial,null,10000,artifact-only,false,private_dirty_bytes,18132992,bytes,observed
4,1,shared,candidate,initial,null,10000,artifact-only,false,shared_clean_bytes,1904640,bytes,observed
4,1,shared,candidate,initial,null,10000,artifact-only,false,shared_dirty_bytes,0,bytes,observed
4,1,shared,candidate,initial,null,10000,artifact-only,false,vm_size_bytes,515796992,bytes,observed
4,1,shared,candidate,initial,null,10000,artifact-only,false,vm_peak_bytes,522092544,bytes,observed
4,1,shared,candidate,initial,null,10000,artifact-only,false,vm_hwm_bytes,45555712,bytes,observed
4,1,shared,candidate,initial,null,10000,post-publication-idle,false,rss_bytes,149385216,bytes,observed
4,1,shared,candidate,initial,null,10000,post-publication-idle,false,pss_bytes,149071872,bytes,observed
4,1,shared,candidate,initial,null,10000,post-publication-idle,false,private_clean_bytes,13168640,bytes,observed
4,1,shared,candidate,initial,null,10000,post-publication-idle,false,private_dirty_bytes,135143424,bytes,observed
4,1,shared,candidate,initial,null,10000,post-publication-idle,false,shared_clean_bytes,1904640,bytes,observed
4,1,shared,candidate,initial,null,10000,post-publication-idle,false,shared_dirty_bytes,0,bytes,observed
4,1,shared,candidate,initial,null,10000,post-publication-idle,false,vm_size_bytes,582905856,bytes,observed
4,1,shared,candidate,initial,null,10000,post-publication-idle,false,vm_peak_bytes,784232448,bytes,observed
4,1,shared,candidate,initial,null,10000,post-publication-idle,false,vm_hwm_bytes,308690944,bytes,observed
4,1,shared,candidate,initial,null,10000,after-resolver-output-drop,false,rss_bytes,149385216,bytes,observed
4,1,shared,candidate,initial,null,10000,after-resolver-output-drop,false,pss_bytes,149071872,bytes,observed
4,1,shared,candidate,initial,null,10000,after-resolver-output-drop,false,private_clean_bytes,13168640,bytes,observed
4,1,shared,candidate,initial,null,10000,after-resolver-output-drop,false,private_dirty_bytes,135143424,bytes,observed
4,1,shared,candidate,initial,null,10000,after-resolver-output-drop,false,shared_clean_bytes,1904640,bytes,observed
4,1,shared,candidate,initial,null,10000,after-resolver-output-drop,false,shared_dirty_bytes,0,bytes,observed
4,1,shared,candidate,initial,null,10000,after-resolver-output-drop,false,vm_size_bytes,582905856,bytes,observed
4,1,shared,candidate,initial,null,10000,after-resolver-output-drop,false,vm_peak_bytes,784232448,bytes,observed
4,1,shared,candidate,initial,null,10000,after-resolver-output-drop,false,vm_hwm_bytes,308690944,bytes,observed
4,1,shared,candidate,initial,null,100000,artifact-only,false,rss_bytes,177958912,bytes,observed
4,1,shared,candidate,initial,null,100000,artifact-only,false,pss_bytes,177944576,bytes,observed
4,1,shared,candidate,initial,null,100000,artifact-only,false,private_clean_bytes,13168640,bytes,observed
4,1,shared,candidate,initial,null,100000,artifact-only,false,private_dirty_bytes,164016128,bytes,observed
4,1,shared,candidate,initial,null,100000,artifact-only,false,shared_clean_bytes,1904640,bytes,observed
4,1,shared,candidate,initial,null,100000,artifact-only,false,shared_dirty_bytes,0,bytes,observed
4,1,shared,candidate,initial,null,100000,artifact-only,false,vm_size_bytes,650014720,bytes,observed
4,1,shared,candidate,initial,null,100000,artifact-only,false,vm_peak_bytes,784232448,bytes,observed
4,1,shared,candidate,initial,null,100000,artifact-only,false,vm_hwm_bytes,308690944,bytes,observed
4,1,shared,candidate,initial,null,100000,post-publication-idle,false,rss_bytes,2504171520,bytes,observed
4,1,shared,candidate,initial,null,100000,post-publication-idle,false,pss_bytes,2504288256,bytes,observed
4,1,shared,candidate,initial,null,100000,post-publication-idle,false,private_clean_bytes,13168640,bytes,observed
4,1,shared,candidate,initial,null,100000,post-publication-idle,false,private_dirty_bytes,2490359808,bytes,observed
4,1,shared,candidate,initial,null,100000,post-publication-idle,false,shared_clean_bytes,1904640,bytes,observed
4,1,shared,candidate,initial,null,100000,post-publication-idle,false,shared_dirty_bytes,0,bytes,observed
4,1,shared,candidate,initial,null,100000,post-publication-idle,false,vm_size_bytes,3006025728,bytes,observed
4,1,shared,candidate,initial,null,100000,post-publication-idle,false,vm_peak_bytes,3505152000,bytes,observed
4,1,shared,candidate,initial,null,100000,post-publication-idle,false,vm_hwm_bytes,2942218240,bytes,observed
4,1,shared,candidate,initial,null,100000,after-resolver-output-drop,false,rss_bytes,2504171520,bytes,observed
4,1,shared,candidate,initial,null,100000,after-resolver-output-drop,false,pss_bytes,2504288256,bytes,observed
4,1,shared,candidate,initial,null,100000,after-resolver-output-drop,false,private_clean_bytes,13168640,bytes,observed
4,1,shared,candidate,initial,null,100000,after-resolver-output-drop,false,private_dirty_bytes,2490359808,bytes,observed
4,1,shared,candidate,initial,null,100000,after-resolver-output-drop,false,shared_clean_bytes,1904640,bytes,observed
4,1,shared,candidate,initial,null,100000,after-resolver-output-drop,false,shared_dirty_bytes,0,bytes,observed
4,1,shared,candidate,initial,null,100000,after-resolver-output-drop,false,vm_size_bytes,3006025728,bytes,observed
4,1,shared,candidate,initial,null,100000,after-resolver-output-drop,false,vm_peak_bytes,3505152000,bytes,observed
4,1,shared,candidate,initial,null,100000,after-resolver-output-drop,false,vm_hwm_bytes,2942218240,bytes,observed
4,1,shared,candidate,initial,null,100000,old-pin-overlap,true,rss_bytes,2504478720,bytes,observed
4,1,shared,candidate,initial,null,100000,old-pin-overlap,true,pss_bytes,2504288256,bytes,observed
4,1,shared,candidate,initial,null,100000,old-pin-overlap,true,private_clean_bytes,13168640,bytes,observed
4,1,shared,candidate,initial,null,100000,old-pin-overlap,true,private_dirty_bytes,2490359808,bytes,observed
4,1,shared,candidate,initial,null,100000,old-pin-overlap,true,shared_clean_bytes,1904640,bytes,observed
4,1,shared,candidate,initial,null,100000,old-pin-overlap,true,shared_dirty_bytes,0,bytes,observed
4,1,shared,candidate,initial,null,100000,old-pin-overlap,true,vm_size_bytes,3006025728,bytes,observed
4,1,shared,candidate,initial,null,100000,old-pin-overlap,true,vm_peak_bytes,3572260864,bytes,observed
4,1,shared,candidate,initial,null,100000,old-pin-overlap,true,vm_hwm_bytes,2977480704,bytes,observed
4,1,shared,candidate,initial,null,100000,old-pin-released,false,rss_bytes,2497277952,bytes,observed
4,1,shared,candidate,initial,null,100000,old-pin-released,false,pss_bytes,2497087488,bytes,observed
4,1,shared,candidate,initial,null,100000,old-pin-released,false,private_clean_bytes,13168640,bytes,observed
4,1,shared,candidate,initial,null,100000,old-pin-released,false,private_dirty_bytes,2483159040,bytes,observed
4,1,shared,candidate,initial,null,100000,old-pin-released,false,shared_clean_bytes,1904640,bytes,observed
4,1,shared,candidate,initial,null,100000,old-pin-released,false,shared_dirty_bytes,0,bytes,observed
4,1,shared,candidate,initial,null,100000,old-pin-released,false,vm_size_bytes,2998824960,bytes,observed
4,1,shared,candidate,initial,null,100000,old-pin-released,false,vm_peak_bytes,3572260864,bytes,observed
4,1,shared,candidate,initial,null,100000,old-pin-released,false,vm_hwm_bytes,2977480704,bytes,observed
4,1,shared,candidate,initial,null,100000,before-shutdown,false,rss_bytes,2497277952,bytes,observed
4,1,shared,candidate,initial,null,100000,before-shutdown,false,pss_bytes,2497087488,bytes,observed
4,1,shared,candidate,initial,null,100000,before-shutdown,false,private_clean_bytes,13168640,bytes,observed
4,1,shared,candidate,initial,null,100000,before-shutdown,false,private_dirty_bytes,2483159040,bytes,observed
4,1,shared,candidate,initial,null,100000,before-shutdown,false,shared_clean_bytes,1904640,bytes,observed
4,1,shared,candidate,initial,null,100000,before-shutdown,false,shared_dirty_bytes,0,bytes,observed
4,1,shared,candidate,initial,null,100000,before-shutdown,false,vm_size_bytes,2998824960,bytes,observed
4,1,shared,candidate,initial,null,100000,before-shutdown,false,vm_peak_bytes,3572260864,bytes,observed
4,1,shared,candidate,initial,null,100000,before-shutdown,false,vm_hwm_bytes,2977480704,bytes,observed
5,1,shared,candidate,reopen,null,100000,reopened-idle,false,rss_bytes,2777202688,bytes,observed
5,1,shared,candidate,reopen,null,100000,reopened-idle,false,pss_bytes,2777321472,bytes,observed
5,1,shared,candidate,reopen,null,100000,reopened-idle,false,private_clean_bytes,12800000,bytes,observed
5,1,shared,candidate,reopen,null,100000,reopened-idle,false,private_dirty_bytes,2763710464,bytes,observed
5,1,shared,candidate,reopen,null,100000,reopened-idle,false,shared_clean_bytes,2035712,bytes,observed
5,1,shared,candidate,reopen,null,100000,reopened-idle,false,shared_dirty_bytes,0,bytes,observed
5,1,shared,candidate,reopen,null,100000,reopened-idle,false,vm_size_bytes,3279261696,bytes,observed
5,1,shared,candidate,reopen,null,100000,reopened-idle,false,vm_peak_bytes,4801785856,bytes,observed
5,1,shared,candidate,reopen,null,100000,reopened-idle,false,vm_hwm_bytes,4363980800,bytes,observed
5,1,shared,candidate,reopen,null,100000,reopened-output-released,false,rss_bytes,2777333760,bytes,observed
5,1,shared,candidate,reopen,null,100000,reopened-output-released,false,pss_bytes,2777387008,bytes,observed
5,1,shared,candidate,reopen,null,100000,reopened-output-released,false,private_clean_bytes,12865536,bytes,observed
5,1,shared,candidate,reopen,null,100000,reopened-output-released,false,private_dirty_bytes,2763710464,bytes,observed
5,1,shared,candidate,reopen,null,100000,reopened-output-released,false,shared_clean_bytes,2035712,bytes,observed
5,1,shared,candidate,reopen,null,100000,reopened-output-released,false,shared_dirty_bytes,0,bytes,observed
5,1,shared,candidate,reopen,null,100000,reopened-output-released,false,vm_size_bytes,3279261696,bytes,observed
5,1,shared,candidate,reopen,null,100000,reopened-output-released,false,vm_peak_bytes,4801785856,bytes,observed
5,1,shared,candidate,reopen,null,100000,reopened-output-released,false,vm_hwm_bytes,4363980800,bytes,observed
5,1,shared,candidate,reopen,null,100000,before-shutdown,false,rss_bytes,2777333760,bytes,observed
5,1,shared,candidate,reopen,null,100000,before-shutdown,false,pss_bytes,2777387008,bytes,observed
5,1,shared,candidate,reopen,null,100000,before-shutdown,false,private_clean_bytes,12865536,bytes,observed
5,1,shared,candidate,reopen,null,100000,before-shutdown,false,private_dirty_bytes,2763710464,bytes,observed
5,1,shared,candidate,reopen,null,100000,before-shutdown,false,shared_clean_bytes,2035712,bytes,observed
5,1,shared,candidate,reopen,null,100000,before-shutdown,false,shared_dirty_bytes,0,bytes,observed
5,1,shared,candidate,reopen,null,100000,before-shutdown,false,vm_size_bytes,3279261696,bytes,observed
5,1,shared,candidate,reopen,null,100000,before-shutdown,false,vm_peak_bytes,4801785856,bytes,observed
5,1,shared,candidate,reopen,null,100000,before-shutdown,false,vm_hwm_bytes,4363980800,bytes,observed
6,1,shared,control,initial,null,0,empty,false,rss_bytes,16384000,bytes,observed
6,1,shared,control,initial,null,0,empty,false,pss_bytes,15667200,bytes,observed
6,1,shared,control,initial,null,0,empty,false,private_clean_bytes,13180928,bytes,observed
6,1,shared,control,initial,null,0,empty,false,private_dirty_bytes,1675264,bytes,observed
6,1,shared,control,initial,null,0,empty,false,shared_clean_bytes,2035712,bytes,observed
6,1,shared,control,initial,null,0,empty,false,shared_dirty_bytes,0,bytes,observed
6,1,shared,control,initial,null,0,empty,false,vm_size_bytes,515817472,bytes,observed
6,1,shared,control,initial,null,0,empty,false,vm_peak_bytes,582914048,bytes,observed
6,1,shared,control,initial,null,0,empty,false,vm_hwm_bytes,16384000,bytes,observed
6,1,shared,control,initial,null,100,artifact-only,false,rss_bytes,16777216,bytes,observed
6,1,shared,control,initial,null,100,artifact-only,false,pss_bytes,16023552,bytes,observed
6,1,shared,control,initial,null,100,artifact-only,false,private_clean_bytes,13312000,bytes,observed
6,1,shared,control,initial,null,100,artifact-only,false,private_dirty_bytes,1900544,bytes,observed
6,1,shared,control,initial,null,100,artifact-only,false,shared_clean_bytes,2035712,bytes,observed
6,1,shared,control,initial,null,100,artifact-only,false,shared_dirty_bytes,0,bytes,observed
6,1,shared,control,initial,null,100,artifact-only,false,vm_size_bytes,515817472,bytes,observed
6,1,shared,control,initial,null,100,artifact-only,false,vm_peak_bytes,582914048,bytes,observed
6,1,shared,control,initial,null,100,artifact-only,false,vm_hwm_bytes,16777216,bytes,observed
6,1,shared,control,initial,null,100,post-publication-idle,false,rss_bytes,18984960,bytes,observed
6,1,shared,control,initial,null,100,post-publication-idle,false,pss_bytes,18202624,bytes,observed
6,1,shared,control,initial,null,100,post-publication-idle,false,private_clean_bytes,13377536,bytes,observed
6,1,shared,control,initial,null,100,post-publication-idle,false,private_dirty_bytes,4014080,bytes,observed
6,1,shared,control,initial,null,100,post-publication-idle,false,shared_clean_bytes,2035712,bytes,observed
6,1,shared,control,initial,null,100,post-publication-idle,false,shared_dirty_bytes,0,bytes,observed
6,1,shared,control,initial,null,100,post-publication-idle,false,vm_size_bytes,515817472,bytes,observed
6,1,shared,control,initial,null,100,post-publication-idle,false,vm_peak_bytes,582914048,bytes,observed
6,1,shared,control,initial,null,100,post-publication-idle,false,vm_hwm_bytes,20054016,bytes,observed
6,1,shared,control,initial,null,100,after-resolver-output-drop,false,rss_bytes,18984960,bytes,observed
6,1,shared,control,initial,null,100,after-resolver-output-drop,false,pss_bytes,18239488,bytes,observed
6,1,shared,control,initial,null,100,after-resolver-output-drop,false,private_clean_bytes,13377536,bytes,observed
6,1,shared,control,initial,null,100,after-resolver-output-drop,false,private_dirty_bytes,4050944,bytes,observed
6,1,shared,control,initial,null,100,after-resolver-output-drop,false,shared_clean_bytes,2035712,bytes,observed
6,1,shared,control,initial,null,100,after-resolver-output-drop,false,shared_dirty_bytes,0,bytes,observed
6,1,shared,control,initial,null,100,after-resolver-output-drop,false,vm_size_bytes,515817472,bytes,observed
6,1,shared,control,initial,null,100,after-resolver-output-drop,false,vm_peak_bytes,582914048,bytes,observed
6,1,shared,control,initial,null,100,after-resolver-output-drop,false,vm_hwm_bytes,20054016,bytes,observed
6,1,shared,control,initial,null,1000,artifact-only,false,rss_bytes,18984960,bytes,observed
6,1,shared,control,initial,null,1000,artifact-only,false,pss_bytes,18325504,bytes,observed
6,1,shared,control,initial,null,1000,artifact-only,false,private_clean_bytes,13377536,bytes,observed
6,1,shared,control,initial,null,1000,artifact-only,false,private_dirty_bytes,4136960,bytes,observed
6,1,shared,control,initial,null,1000,artifact-only,false,shared_clean_bytes,2035712,bytes,observed
6,1,shared,control,initial,null,1000,artifact-only,false,shared_dirty_bytes,0,bytes,observed
6,1,shared,control,initial,null,1000,artifact-only,false,vm_size_bytes,515817472,bytes,observed
6,1,shared,control,initial,null,1000,artifact-only,false,vm_peak_bytes,582914048,bytes,observed
6,1,shared,control,initial,null,1000,artifact-only,false,vm_hwm_bytes,20054016,bytes,observed
6,1,shared,control,initial,null,1000,post-publication-idle,false,rss_bytes,39641088,bytes,observed
6,1,shared,control,initial,null,1000,post-publication-idle,false,pss_bytes,38920192,bytes,observed
6,1,shared,control,initial,null,1000,post-publication-idle,false,private_clean_bytes,13377536,bytes,observed
6,1,shared,control,initial,null,1000,post-publication-idle,false,private_dirty_bytes,24731648,bytes,observed
6,1,shared,control,initial,null,1000,post-publication-idle,false,shared_clean_bytes,2035712,bytes,observed
6,1,shared,control,initial,null,1000,post-publication-idle,false,shared_dirty_bytes,0,bytes,observed
6,1,shared,control,initial,null,1000,post-publication-idle,false,vm_size_bytes,515817472,bytes,observed
6,1,shared,control,initial,null,1000,post-publication-idle,false,vm_peak_bytes,582914048,bytes,observed
6,1,shared,control,initial,null,1000,post-publication-idle,false,vm_hwm_bytes,52539392,bytes,observed
6,1,shared,control,initial,null,1000,after-resolver-output-drop,false,rss_bytes,39641088,bytes,observed
6,1,shared,control,initial,null,1000,after-resolver-output-drop,false,pss_bytes,38920192,bytes,observed
6,1,shared,control,initial,null,1000,after-resolver-output-drop,false,private_clean_bytes,13377536,bytes,observed
6,1,shared,control,initial,null,1000,after-resolver-output-drop,false,private_dirty_bytes,24731648,bytes,observed
6,1,shared,control,initial,null,1000,after-resolver-output-drop,false,shared_clean_bytes,2035712,bytes,observed
6,1,shared,control,initial,null,1000,after-resolver-output-drop,false,shared_dirty_bytes,0,bytes,observed
6,1,shared,control,initial,null,1000,after-resolver-output-drop,false,vm_size_bytes,515817472,bytes,observed
6,1,shared,control,initial,null,1000,after-resolver-output-drop,false,vm_peak_bytes,582914048,bytes,observed
6,1,shared,control,initial,null,1000,after-resolver-output-drop,false,vm_hwm_bytes,52539392,bytes,observed
6,1,shared,control,initial,null,10000,artifact-only,false,rss_bytes,39641088,bytes,observed
6,1,shared,control,initial,null,10000,artifact-only,false,pss_bytes,38920192,bytes,observed
6,1,shared,control,initial,null,10000,artifact-only,false,private_clean_bytes,13377536,bytes,observed
6,1,shared,control,initial,null,10000,artifact-only,false,private_dirty_bytes,24731648,bytes,observed
6,1,shared,control,initial,null,10000,artifact-only,false,shared_clean_bytes,2035712,bytes,observed
6,1,shared,control,initial,null,10000,artifact-only,false,shared_dirty_bytes,0,bytes,observed
6,1,shared,control,initial,null,10000,artifact-only,false,vm_size_bytes,515817472,bytes,observed
6,1,shared,control,initial,null,10000,artifact-only,false,vm_peak_bytes,582914048,bytes,observed
6,1,shared,control,initial,null,10000,artifact-only,false,vm_hwm_bytes,52539392,bytes,observed
6,1,shared,control,initial,null,10000,post-publication-idle,false,rss_bytes,283787264,bytes,observed
6,1,shared,control,initial,null,10000,post-publication-idle,false,pss_bytes,283250688,bytes,observed
6,1,shared,control,initial,null,10000,post-publication-idle,false,private_clean_bytes,13377536,bytes,observed
6,1,shared,control,initial,null,10000,post-publication-idle,false,private_dirty_bytes,269062144,bytes,observed
6,1,shared,control,initial,null,10000,post-publication-idle,false,shared_clean_bytes,2035712,bytes,observed
6,1,shared,control,initial,null,10000,post-publication-idle,false,shared_dirty_bytes,0,bytes,observed
6,1,shared,control,initial,null,10000,post-publication-idle,false,vm_size_bytes,784252928,bytes,observed
6,1,shared,control,initial,null,10000,post-publication-idle,false,vm_peak_bytes,851361792,bytes,observed
6,1,shared,control,initial,null,10000,post-publication-idle,false,vm_hwm_bytes,374759424,bytes,observed
6,1,shared,control,initial,null,10000,after-resolver-output-drop,false,rss_bytes,283787264,bytes,observed
6,1,shared,control,initial,null,10000,after-resolver-output-drop,false,pss_bytes,283250688,bytes,observed
6,1,shared,control,initial,null,10000,after-resolver-output-drop,false,private_clean_bytes,13377536,bytes,observed
6,1,shared,control,initial,null,10000,after-resolver-output-drop,false,private_dirty_bytes,269062144,bytes,observed
6,1,shared,control,initial,null,10000,after-resolver-output-drop,false,shared_clean_bytes,2035712,bytes,observed
6,1,shared,control,initial,null,10000,after-resolver-output-drop,false,shared_dirty_bytes,0,bytes,observed
6,1,shared,control,initial,null,10000,after-resolver-output-drop,false,vm_size_bytes,784252928,bytes,observed
6,1,shared,control,initial,null,10000,after-resolver-output-drop,false,vm_peak_bytes,851361792,bytes,observed
6,1,shared,control,initial,null,10000,after-resolver-output-drop,false,vm_hwm_bytes,374759424,bytes,observed
6,1,shared,control,initial,null,100000,artifact-only,false,rss_bytes,283787264,bytes,observed
6,1,shared,control,initial,null,100000,artifact-only,false,pss_bytes,283250688,bytes,observed
6,1,shared,control,initial,null,100000,artifact-only,false,private_clean_bytes,13377536,bytes,observed
6,1,shared,control,initial,null,100000,artifact-only,false,private_dirty_bytes,269062144,bytes,observed
6,1,shared,control,initial,null,100000,artifact-only,false,shared_clean_bytes,2035712,bytes,observed
6,1,shared,control,initial,null,100000,artifact-only,false,shared_dirty_bytes,0,bytes,observed
6,1,shared,control,initial,null,100000,artifact-only,false,vm_size_bytes,784252928,bytes,observed
6,1,shared,control,initial,null,100000,artifact-only,false,vm_peak_bytes,851361792,bytes,observed
6,1,shared,control,initial,null,100000,artifact-only,false,vm_hwm_bytes,374759424,bytes,observed
6,1,shared,control,initial,null,100000,post-publication-idle,false,rss_bytes,2918371328,bytes,observed
6,1,shared,control,initial,null,100000,post-publication-idle,false,pss_bytes,2918100992,bytes,observed
6,1,shared,control,initial,null,100000,post-publication-idle,false,private_clean_bytes,13377536,bytes,observed
6,1,shared,control,initial,null,100000,post-publication-idle,false,private_dirty_bytes,2903912448,bytes,observed
6,1,shared,control,initial,null,100000,post-publication-idle,false,shared_clean_bytes,2035712,bytes,observed
6,1,shared,control,initial,null,100000,post-publication-idle,false,shared_dirty_bytes,0,bytes,observed
6,1,shared,control,initial,null,100000,post-publication-idle,false,vm_size_bytes,3421589504,bytes,observed
6,1,shared,control,initial,null,100000,post-publication-idle,false,vm_peak_bytes,4189151232,bytes,observed
6,1,shared,control,initial,null,100000,post-publication-idle,false,vm_hwm_bytes,3597312000,bytes,observed
6,1,shared,control,initial,null,100000,after-resolver-output-drop,false,rss_bytes,2918371328,bytes,observed
6,1,shared,control,initial,null,100000,after-resolver-output-drop,false,pss_bytes,2918100992,bytes,observed
6,1,shared,control,initial,null,100000,after-resolver-output-drop,false,private_clean_bytes,13377536,bytes,observed
6,1,shared,control,initial,null,100000,after-resolver-output-drop,false,private_dirty_bytes,2903912448,bytes,observed
6,1,shared,control,initial,null,100000,after-resolver-output-drop,false,shared_clean_bytes,2035712,bytes,observed
6,1,shared,control,initial,null,100000,after-resolver-output-drop,false,shared_dirty_bytes,0,bytes,observed
6,1,shared,control,initial,null,100000,after-resolver-output-drop,false,vm_size_bytes,3421589504,bytes,observed
6,1,shared,control,initial,null,100000,after-resolver-output-drop,false,vm_peak_bytes,4189151232,bytes,observed
6,1,shared,control,initial,null,100000,after-resolver-output-drop,false,vm_hwm_bytes,3597312000,bytes,observed
6,1,shared,control,initial,null,100000,old-pin-overlap,true,rss_bytes,4131037184,bytes,observed
6,1,shared,control,initial,null,100000,old-pin-overlap,true,pss_bytes,4130807808,bytes,observed
6,1,shared,control,initial,null,100000,old-pin-overlap,true,private_clean_bytes,13377536,bytes,observed
6,1,shared,control,initial,null,100000,old-pin-overlap,true,private_dirty_bytes,4116619264,bytes,observed
6,1,shared,control,initial,null,100000,old-pin-overlap,true,shared_clean_bytes,2035712,bytes,observed
6,1,shared,control,initial,null,100000,old-pin-overlap,true,shared_dirty_bytes,0,bytes,observed
6,1,shared,control,initial,null,100000,old-pin-overlap,true,vm_size_bytes,4629549056,bytes,observed
6,1,shared,control,initial,null,100000,old-pin-overlap,true,vm_peak_bytes,5061566464,bytes,observed
6,1,shared,control,initial,null,100000,old-pin-overlap,true,vm_hwm_bytes,4468137984,bytes,observed
6,1,shared,control,initial,null,100000,old-pin-released,false,rss_bytes,4113432576,bytes,observed
6,1,shared,control,initial,null,100000,old-pin-released,false,pss_bytes,4113203200,bytes,observed
6,1,shared,control,initial,null,100000,old-pin-released,false,private_clean_bytes,13377536,bytes,observed
6,1,shared,control,initial,null,100000,old-pin-released,false,private_dirty_bytes,4099014656,bytes,observed
6,1,shared,control,initial,null,100000,old-pin-released,false,shared_clean_bytes,2035712,bytes,observed
6,1,shared,control,initial,null,100000,old-pin-released,false,shared_dirty_bytes,0,bytes,observed
6,1,shared,control,initial,null,100000,old-pin-released,false,vm_size_bytes,4609458176,bytes,observed
6,1,shared,control,initial,null,100000,old-pin-released,false,vm_peak_bytes,5061566464,bytes,observed
6,1,shared,control,initial,null,100000,old-pin-released,false,vm_hwm_bytes,4468137984,bytes,observed
6,1,shared,control,initial,null,100000,before-shutdown,false,rss_bytes,4113432576,bytes,observed
6,1,shared,control,initial,null,100000,before-shutdown,false,pss_bytes,4113203200,bytes,observed
6,1,shared,control,initial,null,100000,before-shutdown,false,private_clean_bytes,13377536,bytes,observed
6,1,shared,control,initial,null,100000,before-shutdown,false,private_dirty_bytes,4099014656,bytes,observed
6,1,shared,control,initial,null,100000,before-shutdown,false,shared_clean_bytes,2035712,bytes,observed
6,1,shared,control,initial,null,100000,before-shutdown,false,shared_dirty_bytes,0,bytes,observed
6,1,shared,control,initial,null,100000,before-shutdown,false,vm_size_bytes,4609458176,bytes,observed
6,1,shared,control,initial,null,100000,before-shutdown,false,vm_peak_bytes,5061566464,bytes,observed
6,1,shared,control,initial,null,100000,before-shutdown,false,vm_hwm_bytes,4468137984,bytes,observed
7,1,shared,control,reopen,null,100000,reopened-idle,false,rss_bytes,3533197312,bytes,observed
7,1,shared,control,reopen,null,100000,reopened-idle,false,pss_bytes,3533066240,bytes,observed
7,1,shared,control,reopen,null,100000,reopened-idle,false,private_clean_bytes,13172736,bytes,observed
7,1,shared,control,reopen,null,100000,reopened-idle,false,private_dirty_bytes,3519078400,bytes,observed
7,1,shared,control,reopen,null,100000,reopened-idle,false,shared_clean_bytes,2035712,bytes,observed
7,1,shared,control,reopen,null,100000,reopened-idle,false,shared_dirty_bytes,0,bytes,observed
7,1,shared,control,reopen,null,100000,reopened-idle,false,vm_size_bytes,4025569280,bytes,observed
7,1,shared,control,reopen,null,100000,reopened-idle,false,vm_peak_bytes,5342568448,bytes,observed
7,1,shared,control,reopen,null,100000,reopened-idle,false,vm_hwm_bytes,4928581632,bytes,observed
7,1,shared,control,reopen,null,100000,reopened-output-released,false,rss_bytes,3533197312,bytes,observed
7,1,shared,control,reopen,null,100000,reopened-output-released,false,pss_bytes,3533066240,bytes,observed
7,1,shared,control,reopen,null,100000,reopened-output-released,false,private_clean_bytes,13172736,bytes,observed
7,1,shared,control,reopen,null,100000,reopened-output-released,false,private_dirty_bytes,3519078400,bytes,observed
7,1,shared,control,reopen,null,100000,reopened-output-released,false,shared_clean_bytes,2035712,bytes,observed
7,1,shared,control,reopen,null,100000,reopened-output-released,false,shared_dirty_bytes,0,bytes,observed
7,1,shared,control,reopen,null,100000,reopened-output-released,false,vm_size_bytes,4025569280,bytes,observed
7,1,shared,control,reopen,null,100000,reopened-output-released,false,vm_peak_bytes,5342568448,bytes,observed
7,1,shared,control,reopen,null,100000,reopened-output-released,false,vm_hwm_bytes,4928581632,bytes,observed
7,1,shared,control,reopen,null,100000,before-shutdown,false,rss_bytes,3533197312,bytes,observed
7,1,shared,control,reopen,null,100000,before-shutdown,false,pss_bytes,3533066240,bytes,observed
7,1,shared,control,reopen,null,100000,before-shutdown,false,private_clean_bytes,13172736,bytes,observed
7,1,shared,control,reopen,null,100000,before-shutdown,false,private_dirty_bytes,3519078400,bytes,observed
7,1,shared,control,reopen,null,100000,before-shutdown,false,shared_clean_bytes,2035712,bytes,observed
7,1,shared,control,reopen,null,100000,before-shutdown,false,shared_dirty_bytes,0,bytes,observed
7,1,shared,control,reopen,null,100000,before-shutdown,false,vm_size_bytes,4025569280,bytes,observed
7,1,shared,control,reopen,null,100000,before-shutdown,false,vm_peak_bytes,5342568448,bytes,observed
7,1,shared,control,reopen,null,100000,before-shutdown,false,vm_hwm_bytes,4928581632,bytes,observed
8,1,distinct,control,allocation,default-success,0,empty,false,rss_bytes,21757952,bytes,observed
8,1,distinct,control,allocation,default-success,0,empty,false,pss_bytes,20282368,bytes,observed
8,1,distinct,control,allocation,default-success,0,empty,false,private_clean_bytes,15007744,bytes,observed
8,1,distinct,control,allocation,default-success,0,empty,false,private_dirty_bytes,4210688,bytes,observed
8,1,distinct,control,allocation,default-success,0,empty,false,shared_clean_bytes,3162112,bytes,observed
8,1,distinct,control,allocation,default-success,0,empty,false,shared_dirty_bytes,0,bytes,observed
8,1,distinct,control,allocation,default-success,0,empty,false,vm_size_bytes,526536704,bytes,observed
8,1,distinct,control,allocation,default-success,0,empty,false,vm_peak_bytes,593371136,bytes,observed
8,1,distinct,control,allocation,default-success,0,empty,false,vm_hwm_bytes,21757952,bytes,observed
8,1,distinct,control,allocation,default-success,16,artifact-only,false,rss_bytes,22282240,bytes,observed
8,1,distinct,control,allocation,default-success,16,artifact-only,false,pss_bytes,20732928,bytes,observed
8,1,distinct,control,allocation,default-success,16,artifact-only,false,private_clean_bytes,15007744,bytes,observed
8,1,distinct,control,allocation,default-success,16,artifact-only,false,private_dirty_bytes,4661248,bytes,observed
8,1,distinct,control,allocation,default-success,16,artifact-only,false,shared_clean_bytes,3162112,bytes,observed
8,1,distinct,control,allocation,default-success,16,artifact-only,false,shared_dirty_bytes,0,bytes,observed
8,1,distinct,control,allocation,default-success,16,artifact-only,false,vm_size_bytes,526536704,bytes,observed
8,1,distinct,control,allocation,default-success,16,artifact-only,false,vm_peak_bytes,593371136,bytes,observed
8,1,distinct,control,allocation,default-success,16,artifact-only,false,vm_hwm_bytes,22282240,bytes,observed
8,1,distinct,control,allocation,default-success,16,post-publication-idle,false,rss_bytes,23330816,bytes,observed
8,1,distinct,control,allocation,default-success,16,post-publication-idle,false,pss_bytes,21740544,bytes,observed
8,1,distinct,control,allocation,default-success,16,post-publication-idle,false,private_clean_bytes,15073280,bytes,observed
8,1,distinct,control,allocation,default-success,16,post-publication-idle,false,private_dirty_bytes,5603328,bytes,observed
8,1,distinct,control,allocation,default-success,16,post-publication-idle,false,shared_clean_bytes,3162112,bytes,observed
8,1,distinct,control,allocation,default-success,16,post-publication-idle,false,shared_dirty_bytes,0,bytes,observed
8,1,distinct,control,allocation,default-success,16,post-publication-idle,false,vm_size_bytes,526536704,bytes,observed
8,1,distinct,control,allocation,default-success,16,post-publication-idle,false,vm_peak_bytes,593371136,bytes,observed
8,1,distinct,control,allocation,default-success,16,post-publication-idle,false,vm_hwm_bytes,23330816,bytes,observed
8,1,distinct,control,allocation,default-success,16,after-resolver-output-drop,false,rss_bytes,23330816,bytes,observed
8,1,distinct,control,allocation,default-success,16,after-resolver-output-drop,false,pss_bytes,21785600,bytes,observed
8,1,distinct,control,allocation,default-success,16,after-resolver-output-drop,false,private_clean_bytes,15073280,bytes,observed
8,1,distinct,control,allocation,default-success,16,after-resolver-output-drop,false,private_dirty_bytes,5648384,bytes,observed
8,1,distinct,control,allocation,default-success,16,after-resolver-output-drop,false,shared_clean_bytes,3162112,bytes,observed
8,1,distinct,control,allocation,default-success,16,after-resolver-output-drop,false,shared_dirty_bytes,0,bytes,observed
8,1,distinct,control,allocation,default-success,16,after-resolver-output-drop,false,vm_size_bytes,526536704,bytes,observed
8,1,distinct,control,allocation,default-success,16,after-resolver-output-drop,false,vm_peak_bytes,593371136,bytes,observed
8,1,distinct,control,allocation,default-success,16,after-resolver-output-drop,false,vm_hwm_bytes,23330816,bytes,observed
8,1,distinct,control,allocation,default-success,16,before-shutdown,false,rss_bytes,23461888,bytes,observed
8,1,distinct,control,allocation,default-success,16,before-shutdown,false,pss_bytes,21916672,bytes,observed
8,1,distinct,control,allocation,default-success,16,before-shutdown,false,private_clean_bytes,15073280,bytes,observed
8,1,distinct,control,allocation,default-success,16,before-shutdown,false,private_dirty_bytes,5779456,bytes,observed
8,1,distinct,control,allocation,default-success,16,before-shutdown,false,shared_clean_bytes,3162112,bytes,observed
8,1,distinct,control,allocation,default-success,16,before-shutdown,false,shared_dirty_bytes,0,bytes,observed
8,1,distinct,control,allocation,default-success,16,before-shutdown,false,vm_size_bytes,526536704,bytes,observed
8,1,distinct,control,allocation,default-success,16,before-shutdown,false,vm_peak_bytes,593371136,bytes,observed
8,1,distinct,control,allocation,default-success,16,before-shutdown,false,vm_hwm_bytes,23461888,bytes,observed
9,1,distinct,candidate,allocation,default-success,0,empty,false,rss_bytes,21626880,bytes,observed
9,1,distinct,candidate,allocation,default-success,0,empty,false,pss_bytes,19912704,bytes,observed
9,1,distinct,candidate,allocation,default-success,0,empty,false,private_clean_bytes,14643200,bytes,observed
9,1,distinct,candidate,allocation,default-success,0,empty,false,private_dirty_bytes,4214784,bytes,observed
9,1,distinct,candidate,allocation,default-success,0,empty,false,shared_clean_bytes,3166208,bytes,observed
9,1,distinct,candidate,allocation,default-success,0,empty,false,shared_dirty_bytes,0,bytes,observed
9,1,distinct,candidate,allocation,default-success,0,empty,false,vm_size_bytes,526516224,bytes,observed
9,1,distinct,candidate,allocation,default-success,0,empty,false,vm_peak_bytes,526516224,bytes,observed
9,1,distinct,candidate,allocation,default-success,0,empty,false,vm_hwm_bytes,21626880,bytes,observed
9,1,distinct,candidate,allocation,default-success,16,artifact-only,false,rss_bytes,22020096,bytes,observed
9,1,distinct,candidate,allocation,default-success,16,artifact-only,false,pss_bytes,20428800,bytes,observed
9,1,distinct,candidate,allocation,default-success,16,artifact-only,false,private_clean_bytes,14708736,bytes,observed
9,1,distinct,candidate,allocation,default-success,16,artifact-only,false,private_dirty_bytes,4665344,bytes,observed
9,1,distinct,candidate,allocation,default-success,16,artifact-only,false,shared_clean_bytes,3166208,bytes,observed
9,1,distinct,candidate,allocation,default-success,16,artifact-only,false,shared_dirty_bytes,0,bytes,observed
9,1,distinct,candidate,allocation,default-success,16,artifact-only,false,vm_size_bytes,526516224,bytes,observed
9,1,distinct,candidate,allocation,default-success,16,artifact-only,false,vm_peak_bytes,526516224,bytes,observed
9,1,distinct,candidate,allocation,default-success,16,artifact-only,false,vm_hwm_bytes,22020096,bytes,observed
9,1,distinct,candidate,allocation,default-success,16,post-publication-idle,false,rss_bytes,22937600,bytes,observed
9,1,distinct,candidate,allocation,default-success,16,post-publication-idle,false,pss_bytes,21350400,bytes,observed
9,1,distinct,candidate,allocation,default-success,16,post-publication-idle,false,private_clean_bytes,14839808,bytes,observed
9,1,distinct,candidate,allocation,default-success,16,post-publication-idle,false,private_dirty_bytes,5455872,bytes,observed
9,1,distinct,candidate,allocation,default-success,16,post-publication-idle,false,shared_clean_bytes,3166208,bytes,observed
9,1,distinct,candidate,allocation,default-success,16,post-publication-idle,false,shared_dirty_bytes,0,bytes,observed
9,1,distinct,candidate,allocation,default-success,16,post-publication-idle,false,vm_size_bytes,526516224,bytes,observed
9,1,distinct,candidate,allocation,default-success,16,post-publication-idle,false,vm_peak_bytes,526516224,bytes,observed
9,1,distinct,candidate,allocation,default-success,16,post-publication-idle,false,vm_hwm_bytes,22937600,bytes,observed
9,1,distinct,candidate,allocation,default-success,16,after-resolver-output-drop,false,rss_bytes,22937600,bytes,observed
9,1,distinct,candidate,allocation,default-success,16,after-resolver-output-drop,false,pss_bytes,21391360,bytes,observed
9,1,distinct,candidate,allocation,default-success,16,after-resolver-output-drop,false,private_clean_bytes,14839808,bytes,observed
9,1,distinct,candidate,allocation,default-success,16,after-resolver-output-drop,false,private_dirty_bytes,5496832,bytes,observed
9,1,distinct,candidate,allocation,default-success,16,after-resolver-output-drop,false,shared_clean_bytes,3166208,bytes,observed
9,1,distinct,candidate,allocation,default-success,16,after-resolver-output-drop,false,shared_dirty_bytes,0,bytes,observed
9,1,distinct,candidate,allocation,default-success,16,after-resolver-output-drop,false,vm_size_bytes,526516224,bytes,observed
9,1,distinct,candidate,allocation,default-success,16,after-resolver-output-drop,false,vm_peak_bytes,526516224,bytes,observed
9,1,distinct,candidate,allocation,default-success,16,after-resolver-output-drop,false,vm_hwm_bytes,22937600,bytes,observed
9,1,distinct,candidate,allocation,default-success,16,before-shutdown,false,rss_bytes,23068672,bytes,observed
9,1,distinct,candidate,allocation,default-success,16,before-shutdown,false,pss_bytes,21522432,bytes,observed
9,1,distinct,candidate,allocation,default-success,16,before-shutdown,false,private_clean_bytes,14839808,bytes,observed
9,1,distinct,candidate,allocation,default-success,16,before-shutdown,false,private_dirty_bytes,5627904,bytes,observed
9,1,distinct,candidate,allocation,default-success,16,before-shutdown,false,shared_clean_bytes,3166208,bytes,observed
9,1,distinct,candidate,allocation,default-success,16,before-shutdown,false,shared_dirty_bytes,0,bytes,observed
9,1,distinct,candidate,allocation,default-success,16,before-shutdown,false,vm_size_bytes,526516224,bytes,observed
9,1,distinct,candidate,allocation,default-success,16,before-shutdown,false,vm_peak_bytes,526516224,bytes,observed
9,1,distinct,candidate,allocation,default-success,16,before-shutdown,false,vm_hwm_bytes,23068672,bytes,observed
10,1,distinct,control,allocation,named-success,0,empty,false,rss_bytes,21626880,bytes,observed
10,1,distinct,control,allocation,named-success,0,empty,false,pss_bytes,20230144,bytes,observed
10,1,distinct,control,allocation,named-success,0,empty,false,private_clean_bytes,14954496,bytes,observed
10,1,distinct,control,allocation,named-success,0,empty,false,private_dirty_bytes,4206592,bytes,observed
10,1,distinct,control,allocation,named-success,0,empty,false,shared_clean_bytes,3231744,bytes,observed
10,1,distinct,control,allocation,named-success,0,empty,false,shared_dirty_bytes,0,bytes,observed
10,1,distinct,control,allocation,named-success,0,empty,false,vm_size_bytes,526536704,bytes,observed
10,1,distinct,control,allocation,named-success,0,empty,false,vm_peak_bytes,593371136,bytes,observed
10,1,distinct,control,allocation,named-success,0,empty,false,vm_hwm_bytes,21626880,bytes,observed
10,1,distinct,control,allocation,named-success,16,artifact-only,false,rss_bytes,22151168,bytes,observed
10,1,distinct,control,allocation,named-success,16,artifact-only,false,pss_bytes,20742144,bytes,observed
10,1,distinct,control,allocation,named-success,16,artifact-only,false,private_clean_bytes,15020032,bytes,observed
10,1,distinct,control,allocation,named-success,16,artifact-only,false,private_dirty_bytes,4653056,bytes,observed
10,1,distinct,control,allocation,named-success,16,artifact-only,false,shared_clean_bytes,3231744,bytes,observed
10,1,distinct,control,allocation,named-success,16,artifact-only,false,shared_dirty_bytes,0,bytes,observed
10,1,distinct,control,allocation,named-success,16,artifact-only,false,vm_size_bytes,526536704,bytes,observed
10,1,distinct,control,allocation,named-success,16,artifact-only,false,vm_peak_bytes,593371136,bytes,observed
10,1,distinct,control,allocation,named-success,16,artifact-only,false,vm_hwm_bytes,22151168,bytes,observed
10,1,distinct,control,allocation,named-success,16,post-publication-idle,false,rss_bytes,23199744,bytes,observed
10,1,distinct,control,allocation,named-success,16,post-publication-idle,false,pss_bytes,21749760,bytes,observed
10,1,distinct,control,allocation,named-success,16,post-publication-idle,false,private_clean_bytes,15085568,bytes,observed
10,1,distinct,control,allocation,named-success,16,post-publication-idle,false,private_dirty_bytes,5595136,bytes,observed
10,1,distinct,control,allocation,named-success,16,post-publication-idle,false,shared_clean_bytes,3231744,bytes,observed
10,1,distinct,control,allocation,named-success,16,post-publication-idle,false,shared_dirty_bytes,0,bytes,observed
10,1,distinct,control,allocation,named-success,16,post-publication-idle,false,vm_size_bytes,526536704,bytes,observed
10,1,distinct,control,allocation,named-success,16,post-publication-idle,false,vm_peak_bytes,593371136,bytes,observed
10,1,distinct,control,allocation,named-success,16,post-publication-idle,false,vm_hwm_bytes,23199744,bytes,observed
10,1,distinct,control,allocation,named-success,16,after-resolver-output-drop,false,rss_bytes,23199744,bytes,observed
10,1,distinct,control,allocation,named-success,16,after-resolver-output-drop,false,pss_bytes,21790720,bytes,observed
10,1,distinct,control,allocation,named-success,16,after-resolver-output-drop,false,private_clean_bytes,15085568,bytes,observed
10,1,distinct,control,allocation,named-success,16,after-resolver-output-drop,false,private_dirty_bytes,5636096,bytes,observed
10,1,distinct,control,allocation,named-success,16,after-resolver-output-drop,false,shared_clean_bytes,3231744,bytes,observed
10,1,distinct,control,allocation,named-success,16,after-resolver-output-drop,false,shared_dirty_bytes,0,bytes,observed
10,1,distinct,control,allocation,named-success,16,after-resolver-output-drop,false,vm_size_bytes,526536704,bytes,observed
10,1,distinct,control,allocation,named-success,16,after-resolver-output-drop,false,vm_peak_bytes,593371136,bytes,observed
10,1,distinct,control,allocation,named-success,16,after-resolver-output-drop,false,vm_hwm_bytes,23199744,bytes,observed
10,1,distinct,control,allocation,named-success,16,before-shutdown,false,rss_bytes,23330816,bytes,observed
10,1,distinct,control,allocation,named-success,16,before-shutdown,false,pss_bytes,21929984,bytes,observed
10,1,distinct,control,allocation,named-success,16,before-shutdown,false,private_clean_bytes,15085568,bytes,observed
10,1,distinct,control,allocation,named-success,16,before-shutdown,false,private_dirty_bytes,5775360,bytes,observed
10,1,distinct,control,allocation,named-success,16,before-shutdown,false,shared_clean_bytes,3231744,bytes,observed
10,1,distinct,control,allocation,named-success,16,before-shutdown,false,shared_dirty_bytes,0,bytes,observed
10,1,distinct,control,allocation,named-success,16,before-shutdown,false,vm_size_bytes,526536704,bytes,observed
10,1,distinct,control,allocation,named-success,16,before-shutdown,false,vm_peak_bytes,593371136,bytes,observed
10,1,distinct,control,allocation,named-success,16,before-shutdown,false,vm_hwm_bytes,23330816,bytes,observed
11,1,distinct,candidate,allocation,named-success,0,empty,false,rss_bytes,21757952,bytes,observed
11,1,distinct,candidate,allocation,named-success,0,empty,false,pss_bytes,20086784,bytes,observed
11,1,distinct,candidate,allocation,named-success,0,empty,false,private_clean_bytes,14766080,bytes,observed
11,1,distinct,candidate,allocation,named-success,0,empty,false,private_dirty_bytes,4218880,bytes,observed
11,1,distinct,candidate,allocation,named-success,0,empty,false,shared_clean_bytes,3297280,bytes,observed
11,1,distinct,candidate,allocation,named-success,0,empty,false,shared_dirty_bytes,0,bytes,observed
11,1,distinct,candidate,allocation,named-success,0,empty,false,vm_size_bytes,526516224,bytes,observed
11,1,distinct,candidate,allocation,named-success,0,empty,false,vm_peak_bytes,593350656,bytes,observed
11,1,distinct,candidate,allocation,named-success,0,empty,false,vm_hwm_bytes,21757952,bytes,observed
11,1,distinct,candidate,allocation,named-success,16,artifact-only,false,rss_bytes,22151168,bytes,observed
11,1,distinct,candidate,allocation,named-success,16,artifact-only,false,pss_bytes,20537344,bytes,observed
11,1,distinct,candidate,allocation,named-success,16,artifact-only,false,private_clean_bytes,14766080,bytes,observed
11,1,distinct,candidate,allocation,named-success,16,artifact-only,false,private_dirty_bytes,4669440,bytes,observed
11,1,distinct,candidate,allocation,named-success,16,artifact-only,false,shared_clean_bytes,3297280,bytes,observed
11,1,distinct,candidate,allocation,named-success,16,artifact-only,false,shared_dirty_bytes,0,bytes,observed
11,1,distinct,candidate,allocation,named-success,16,artifact-only,false,vm_size_bytes,526516224,bytes,observed
11,1,distinct,candidate,allocation,named-success,16,artifact-only,false,vm_peak_bytes,593350656,bytes,observed
11,1,distinct,candidate,allocation,named-success,16,artifact-only,false,vm_hwm_bytes,22151168,bytes,observed
11,1,distinct,candidate,allocation,named-success,16,post-publication-idle,false,rss_bytes,22937600,bytes,observed
11,1,distinct,candidate,allocation,named-success,16,post-publication-idle,false,pss_bytes,21393408,bytes,observed
11,1,distinct,candidate,allocation,named-success,16,post-publication-idle,false,private_clean_bytes,14831616,bytes,observed
11,1,distinct,candidate,allocation,named-success,16,post-publication-idle,false,private_dirty_bytes,5459968,bytes,observed
11,1,distinct,candidate,allocation,named-success,16,post-publication-idle,false,shared_clean_bytes,3297280,bytes,observed
11,1,distinct,candidate,allocation,named-success,16,post-publication-idle,false,shared_dirty_bytes,0,bytes,observed
11,1,distinct,candidate,allocation,named-success,16,post-publication-idle,false,vm_size_bytes,526516224,bytes,observed
11,1,distinct,candidate,allocation,named-success,16,post-publication-idle,false,vm_peak_bytes,593350656,bytes,observed
11,1,distinct,candidate,allocation,named-success,16,post-publication-idle,false,vm_hwm_bytes,22937600,bytes,observed
11,1,distinct,candidate,allocation,named-success,16,after-resolver-output-drop,false,rss_bytes,23068672,bytes,observed
11,1,distinct,candidate,allocation,named-success,16,after-resolver-output-drop,false,pss_bytes,21434368,bytes,observed
11,1,distinct,candidate,allocation,named-success,16,after-resolver-output-drop,false,private_clean_bytes,14831616,bytes,observed
11,1,distinct,candidate,allocation,named-success,16,after-resolver-output-drop,false,private_dirty_bytes,5500928,bytes,observed
11,1,distinct,candidate,allocation,named-success,16,after-resolver-output-drop,false,shared_clean_bytes,3297280,bytes,observed
11,1,distinct,candidate,allocation,named-success,16,after-resolver-output-drop,false,shared_dirty_bytes,0,bytes,observed
11,1,distinct,candidate,allocation,named-success,16,after-resolver-output-drop,false,vm_size_bytes,526516224,bytes,observed
11,1,distinct,candidate,allocation,named-success,16,after-resolver-output-drop,false,vm_peak_bytes,593350656,bytes,observed
11,1,distinct,candidate,allocation,named-success,16,after-resolver-output-drop,false,vm_hwm_bytes,23068672,bytes,observed
11,1,distinct,candidate,allocation,named-success,16,before-shutdown,false,rss_bytes,23199744,bytes,observed
11,1,distinct,candidate,allocation,named-success,16,before-shutdown,false,pss_bytes,21569536,bytes,observed
11,1,distinct,candidate,allocation,named-success,16,before-shutdown,false,private_clean_bytes,14831616,bytes,observed
11,1,distinct,candidate,allocation,named-success,16,before-shutdown,false,private_dirty_bytes,5636096,bytes,observed
11,1,distinct,candidate,allocation,named-success,16,before-shutdown,false,shared_clean_bytes,3297280,bytes,observed
11,1,distinct,candidate,allocation,named-success,16,before-shutdown,false,shared_dirty_bytes,0,bytes,observed
11,1,distinct,candidate,allocation,named-success,16,before-shutdown,false,vm_size_bytes,526516224,bytes,observed
11,1,distinct,candidate,allocation,named-success,16,before-shutdown,false,vm_peak_bytes,593350656,bytes,observed
11,1,distinct,candidate,allocation,named-success,16,before-shutdown,false,vm_hwm_bytes,23199744,bytes,observed
12,1,distinct,control,allocation,route-miss,0,empty,false,rss_bytes,21889024,bytes,observed
12,1,distinct,control,allocation,route-miss,0,empty,false,pss_bytes,20196352,bytes,observed
12,1,distinct,control,allocation,route-miss,0,empty,false,private_clean_bytes,14856192,bytes,observed
12,1,distinct,control,allocation,route-miss,0,empty,false,private_dirty_bytes,4214784,bytes,observed
12,1,distinct,control,allocation,route-miss,0,empty,false,shared_clean_bytes,3338240,bytes,observed
12,1,distinct,control,allocation,route-miss,0,empty,false,shared_dirty_bytes,0,bytes,observed
12,1,distinct,control,allocation,route-miss,0,empty,false,vm_size_bytes,526536704,bytes,observed
12,1,distinct,control,allocation,route-miss,0,empty,false,vm_peak_bytes,526536704,bytes,observed
12,1,distinct,control,allocation,route-miss,0,empty,false,vm_hwm_bytes,21889024,bytes,observed
12,1,distinct,control,allocation,route-miss,16,artifact-only,false,rss_bytes,22282240,bytes,observed
12,1,distinct,control,allocation,route-miss,16,artifact-only,false,pss_bytes,20646912,bytes,observed
12,1,distinct,control,allocation,route-miss,16,artifact-only,false,private_clean_bytes,14856192,bytes,observed
12,1,distinct,control,allocation,route-miss,16,artifact-only,false,private_dirty_bytes,4665344,bytes,observed
12,1,distinct,control,allocation,route-miss,16,artifact-only,false,shared_clean_bytes,3338240,bytes,observed
12,1,distinct,control,allocation,route-miss,16,artifact-only,false,shared_dirty_bytes,0,bytes,observed
12,1,distinct,control,allocation,route-miss,16,artifact-only,false,vm_size_bytes,526536704,bytes,observed
12,1,distinct,control,allocation,route-miss,16,artifact-only,false,vm_peak_bytes,526536704,bytes,observed
12,1,distinct,control,allocation,route-miss,16,artifact-only,false,vm_hwm_bytes,22282240,bytes,observed
12,1,distinct,control,allocation,route-miss,16,post-publication-idle,false,rss_bytes,23330816,bytes,observed
12,1,distinct,control,allocation,route-miss,16,post-publication-idle,false,pss_bytes,21720064,bytes,observed
12,1,distinct,control,allocation,route-miss,16,post-publication-idle,false,private_clean_bytes,14987264,bytes,observed
12,1,distinct,control,allocation,route-miss,16,post-publication-idle,false,private_dirty_bytes,5607424,bytes,observed
12,1,distinct,control,allocation,route-miss,16,post-publication-idle,false,shared_clean_bytes,3338240,bytes,observed
12,1,distinct,control,allocation,route-miss,16,post-publication-idle,false,shared_dirty_bytes,0,bytes,observed
12,1,distinct,control,allocation,route-miss,16,post-publication-idle,false,vm_size_bytes,526536704,bytes,observed
12,1,distinct,control,allocation,route-miss,16,post-publication-idle,false,vm_peak_bytes,526536704,bytes,observed
12,1,distinct,control,allocation,route-miss,16,post-publication-idle,false,vm_hwm_bytes,23330816,bytes,observed
12,1,distinct,control,allocation,route-miss,16,after-resolver-output-drop,false,rss_bytes,23330816,bytes,observed
12,1,distinct,control,allocation,route-miss,16,after-resolver-output-drop,false,pss_bytes,21740544,bytes,observed
12,1,distinct,control,allocation,route-miss,16,after-resolver-output-drop,false,private_clean_bytes,14987264,bytes,observed
12,1,distinct,control,allocation,route-miss,16,after-resolver-output-drop,false,private_dirty_bytes,5627904,bytes,observed
12,1,distinct,control,allocation,route-miss,16,after-resolver-output-drop,false,shared_clean_bytes,3338240,bytes,observed
12,1,distinct,control,allocation,route-miss,16,after-resolver-output-drop,false,shared_dirty_bytes,0,bytes,observed
12,1,distinct,control,allocation,route-miss,16,after-resolver-output-drop,false,vm_size_bytes,526536704,bytes,observed
12,1,distinct,control,allocation,route-miss,16,after-resolver-output-drop,false,vm_peak_bytes,526536704,bytes,observed
12,1,distinct,control,allocation,route-miss,16,after-resolver-output-drop,false,vm_hwm_bytes,23330816,bytes,observed
12,1,distinct,control,allocation,route-miss,16,before-shutdown,false,rss_bytes,23461888,bytes,observed
12,1,distinct,control,allocation,route-miss,16,before-shutdown,false,pss_bytes,21875712,bytes,observed
12,1,distinct,control,allocation,route-miss,16,before-shutdown,false,private_clean_bytes,14987264,bytes,observed
12,1,distinct,control,allocation,route-miss,16,before-shutdown,false,private_dirty_bytes,5763072,bytes,observed
12,1,distinct,control,allocation,route-miss,16,before-shutdown,false,shared_clean_bytes,3338240,bytes,observed
12,1,distinct,control,allocation,route-miss,16,before-shutdown,false,shared_dirty_bytes,0,bytes,observed
12,1,distinct,control,allocation,route-miss,16,before-shutdown,false,vm_size_bytes,526536704,bytes,observed
12,1,distinct,control,allocation,route-miss,16,before-shutdown,false,vm_peak_bytes,526536704,bytes,observed
12,1,distinct,control,allocation,route-miss,16,before-shutdown,false,vm_hwm_bytes,23461888,bytes,observed
13,1,distinct,candidate,allocation,route-miss,0,empty,false,rss_bytes,21626880,bytes,observed
13,1,distinct,candidate,allocation,route-miss,0,empty,false,pss_bytes,20032512,bytes,observed
13,1,distinct,candidate,allocation,route-miss,0,empty,false,private_clean_bytes,14770176,bytes,observed
13,1,distinct,candidate,allocation,route-miss,0,empty,false,private_dirty_bytes,4206592,bytes,observed
13,1,distinct,candidate,allocation,route-miss,0,empty,false,shared_clean_bytes,3198976,bytes,observed
13,1,distinct,candidate,allocation,route-miss,0,empty,false,shared_dirty_bytes,0,bytes,observed
13,1,distinct,candidate,allocation,route-miss,0,empty,false,vm_size_bytes,526516224,bytes,observed
13,1,distinct,candidate,allocation,route-miss,0,empty,false,vm_peak_bytes,526516224,bytes,observed
13,1,distinct,candidate,allocation,route-miss,0,empty,false,vm_hwm_bytes,21626880,bytes,observed
13,1,distinct,candidate,allocation,route-miss,16,artifact-only,false,rss_bytes,22020096,bytes,observed
13,1,distinct,candidate,allocation,route-miss,16,artifact-only,false,pss_bytes,20478976,bytes,observed
13,1,distinct,candidate,allocation,route-miss,16,artifact-only,false,private_clean_bytes,14770176,bytes,observed
13,1,distinct,candidate,allocation,route-miss,16,artifact-only,false,private_dirty_bytes,4653056,bytes,observed
13,1,distinct,candidate,allocation,route-miss,16,artifact-only,false,shared_clean_bytes,3198976,bytes,observed
13,1,distinct,candidate,allocation,route-miss,16,artifact-only,false,shared_dirty_bytes,0,bytes,observed
13,1,distinct,candidate,allocation,route-miss,16,artifact-only,false,vm_size_bytes,526516224,bytes,observed
13,1,distinct,candidate,allocation,route-miss,16,artifact-only,false,vm_peak_bytes,526516224,bytes,observed
13,1,distinct,candidate,allocation,route-miss,16,artifact-only,false,vm_hwm_bytes,22020096,bytes,observed
13,1,distinct,candidate,allocation,route-miss,16,post-publication-idle,false,rss_bytes,22806528,bytes,observed
13,1,distinct,candidate,allocation,route-miss,16,post-publication-idle,false,pss_bytes,21339136,bytes,observed
13,1,distinct,candidate,allocation,route-miss,16,post-publication-idle,false,private_clean_bytes,14835712,bytes,observed
13,1,distinct,candidate,allocation,route-miss,16,post-publication-idle,false,private_dirty_bytes,5447680,bytes,observed
13,1,distinct,candidate,allocation,route-miss,16,post-publication-idle,false,shared_clean_bytes,3198976,bytes,observed
13,1,distinct,candidate,allocation,route-miss,16,post-publication-idle,false,shared_dirty_bytes,0,bytes,observed
13,1,distinct,candidate,allocation,route-miss,16,post-publication-idle,false,vm_size_bytes,526516224,bytes,observed
13,1,distinct,candidate,allocation,route-miss,16,post-publication-idle,false,vm_peak_bytes,526516224,bytes,observed
13,1,distinct,candidate,allocation,route-miss,16,post-publication-idle,false,vm_hwm_bytes,22806528,bytes,observed
13,1,distinct,candidate,allocation,route-miss,16,after-resolver-output-drop,false,rss_bytes,22937600,bytes,observed
13,1,distinct,candidate,allocation,route-miss,16,after-resolver-output-drop,false,pss_bytes,21359616,bytes,observed
13,1,distinct,candidate,allocation,route-miss,16,after-resolver-output-drop,false,private_clean_bytes,14835712,bytes,observed
13,1,distinct,candidate,allocation,route-miss,16,after-resolver-output-drop,false,private_dirty_bytes,5468160,bytes,observed
13,1,distinct,candidate,allocation,route-miss,16,after-resolver-output-drop,false,shared_clean_bytes,3198976,bytes,observed
13,1,distinct,candidate,allocation,route-miss,16,after-resolver-output-drop,false,shared_dirty_bytes,0,bytes,observed
13,1,distinct,candidate,allocation,route-miss,16,after-resolver-output-drop,false,vm_size_bytes,526516224,bytes,observed
13,1,distinct,candidate,allocation,route-miss,16,after-resolver-output-drop,false,vm_peak_bytes,526516224,bytes,observed
13,1,distinct,candidate,allocation,route-miss,16,after-resolver-output-drop,false,vm_hwm_bytes,22937600,bytes,observed
13,1,distinct,candidate,allocation,route-miss,16,before-shutdown,false,rss_bytes,23068672,bytes,observed
13,1,distinct,candidate,allocation,route-miss,16,before-shutdown,false,pss_bytes,21490688,bytes,observed
13,1,distinct,candidate,allocation,route-miss,16,before-shutdown,false,private_clean_bytes,14835712,bytes,observed
13,1,distinct,candidate,allocation,route-miss,16,before-shutdown,false,private_dirty_bytes,5599232,bytes,observed
13,1,distinct,candidate,allocation,route-miss,16,before-shutdown,false,shared_clean_bytes,3198976,bytes,observed
13,1,distinct,candidate,allocation,route-miss,16,before-shutdown,false,shared_dirty_bytes,0,bytes,observed
13,1,distinct,candidate,allocation,route-miss,16,before-shutdown,false,vm_size_bytes,526516224,bytes,observed
13,1,distinct,candidate,allocation,route-miss,16,before-shutdown,false,vm_peak_bytes,526516224,bytes,observed
13,1,distinct,candidate,allocation,route-miss,16,before-shutdown,false,vm_hwm_bytes,23068672,bytes,observed
14,1,distinct,control,allocation,export-miss,0,empty,false,rss_bytes,21889024,bytes,observed
14,1,distinct,control,allocation,export-miss,0,empty,false,pss_bytes,20242432,bytes,observed
14,1,distinct,control,allocation,export-miss,0,empty,false,private_clean_bytes,14913536,bytes,observed
14,1,distinct,control,allocation,export-miss,0,empty,false,private_dirty_bytes,4206592,bytes,observed
14,1,distinct,control,allocation,export-miss,0,empty,false,shared_clean_bytes,3297280,bytes,observed
14,1,distinct,control,allocation,export-miss,0,empty,false,shared_dirty_bytes,0,bytes,observed
14,1,distinct,control,allocation,export-miss,0,empty,false,vm_size_bytes,526536704,bytes,observed
14,1,distinct,control,allocation,export-miss,0,empty,false,vm_peak_bytes,593371136,bytes,observed
14,1,distinct,control,allocation,export-miss,0,empty,false,vm_hwm_bytes,21889024,bytes,observed
14,1,distinct,control,allocation,export-miss,16,artifact-only,false,rss_bytes,22413312,bytes,observed
14,1,distinct,control,allocation,export-miss,16,artifact-only,false,pss_bytes,20754432,bytes,observed
14,1,distinct,control,allocation,export-miss,16,artifact-only,false,private_clean_bytes,14979072,bytes,observed
14,1,distinct,control,allocation,export-miss,16,artifact-only,false,private_dirty_bytes,4653056,bytes,observed
14,1,distinct,control,allocation,export-miss,16,artifact-only,false,shared_clean_bytes,3297280,bytes,observed
14,1,distinct,control,allocation,export-miss,16,artifact-only,false,shared_dirty_bytes,0,bytes,observed
14,1,distinct,control,allocation,export-miss,16,artifact-only,false,vm_size_bytes,526536704,bytes,observed
14,1,distinct,control,allocation,export-miss,16,artifact-only,false,vm_peak_bytes,593371136,bytes,observed
14,1,distinct,control,allocation,export-miss,16,artifact-only,false,vm_hwm_bytes,22413312,bytes,observed
14,1,distinct,control,allocation,export-miss,16,post-publication-idle,false,rss_bytes,23461888,bytes,observed
14,1,distinct,control,allocation,export-miss,16,post-publication-idle,false,pss_bytes,21827584,bytes,observed
14,1,distinct,control,allocation,export-miss,16,post-publication-idle,false,private_clean_bytes,15110144,bytes,observed
14,1,distinct,control,allocation,export-miss,16,post-publication-idle,false,private_dirty_bytes,5595136,bytes,observed
14,1,distinct,control,allocation,export-miss,16,post-publication-idle,false,shared_clean_bytes,3297280,bytes,observed
14,1,distinct,control,allocation,export-miss,16,post-publication-idle,false,shared_dirty_bytes,0,bytes,observed
14,1,distinct,control,allocation,export-miss,16,post-publication-idle,false,vm_size_bytes,526536704,bytes,observed
14,1,distinct,control,allocation,export-miss,16,post-publication-idle,false,vm_peak_bytes,593371136,bytes,observed
14,1,distinct,control,allocation,export-miss,16,post-publication-idle,false,vm_hwm_bytes,23461888,bytes,observed
14,1,distinct,control,allocation,export-miss,16,after-resolver-output-drop,false,rss_bytes,23461888,bytes,observed
14,1,distinct,control,allocation,export-miss,16,after-resolver-output-drop,false,pss_bytes,21848064,bytes,observed
14,1,distinct,control,allocation,export-miss,16,after-resolver-output-drop,false,private_clean_bytes,15110144,bytes,observed
14,1,distinct,control,allocation,export-miss,16,after-resolver-output-drop,false,private_dirty_bytes,5615616,bytes,observed
14,1,distinct,control,allocation,export-miss,16,after-resolver-output-drop,false,shared_clean_bytes,3297280,bytes,observed
14,1,distinct,control,allocation,export-miss,16,after-resolver-output-drop,false,shared_dirty_bytes,0,bytes,observed
14,1,distinct,control,allocation,export-miss,16,after-resolver-output-drop,false,vm_size_bytes,526536704,bytes,observed
14,1,distinct,control,allocation,export-miss,16,after-resolver-output-drop,false,vm_peak_bytes,593371136,bytes,observed
14,1,distinct,control,allocation,export-miss,16,after-resolver-output-drop,false,vm_hwm_bytes,23461888,bytes,observed
14,1,distinct,control,allocation,export-miss,16,before-shutdown,false,rss_bytes,23592960,bytes,observed
14,1,distinct,control,allocation,export-miss,16,before-shutdown,false,pss_bytes,21979136,bytes,observed
14,1,distinct,control,allocation,export-miss,16,before-shutdown,false,private_clean_bytes,15110144,bytes,observed
14,1,distinct,control,allocation,export-miss,16,before-shutdown,false,private_dirty_bytes,5746688,bytes,observed
14,1,distinct,control,allocation,export-miss,16,before-shutdown,false,shared_clean_bytes,3297280,bytes,observed
14,1,distinct,control,allocation,export-miss,16,before-shutdown,false,shared_dirty_bytes,0,bytes,observed
14,1,distinct,control,allocation,export-miss,16,before-shutdown,false,vm_size_bytes,526536704,bytes,observed
14,1,distinct,control,allocation,export-miss,16,before-shutdown,false,vm_peak_bytes,593371136,bytes,observed
14,1,distinct,control,allocation,export-miss,16,before-shutdown,false,vm_hwm_bytes,23592960,bytes,observed
15,1,distinct,candidate,allocation,export-miss,0,empty,false,rss_bytes,21889024,bytes,observed
15,1,distinct,candidate,allocation,export-miss,0,empty,false,pss_bytes,20143104,bytes,observed
15,1,distinct,candidate,allocation,export-miss,0,empty,false,private_clean_bytes,14778368,bytes,observed
15,1,distinct,candidate,allocation,export-miss,0,empty,false,private_dirty_bytes,4218880,bytes,observed
15,1,distinct,candidate,allocation,export-miss,0,empty,false,shared_clean_bytes,3350528,bytes,observed
15,1,distinct,candidate,allocation,export-miss,0,empty,false,shared_dirty_bytes,0,bytes,observed
15,1,distinct,candidate,allocation,export-miss,0,empty,false,vm_size_bytes,526516224,bytes,observed
15,1,distinct,candidate,allocation,export-miss,0,empty,false,vm_peak_bytes,593350656,bytes,observed
15,1,distinct,candidate,allocation,export-miss,0,empty,false,vm_hwm_bytes,21889024,bytes,observed
15,1,distinct,candidate,allocation,export-miss,16,artifact-only,false,rss_bytes,22413312,bytes,observed
15,1,distinct,candidate,allocation,export-miss,16,artifact-only,false,pss_bytes,20593664,bytes,observed
15,1,distinct,candidate,allocation,export-miss,16,artifact-only,false,private_clean_bytes,14778368,bytes,observed
15,1,distinct,candidate,allocation,export-miss,16,artifact-only,false,private_dirty_bytes,4669440,bytes,observed
15,1,distinct,candidate,allocation,export-miss,16,artifact-only,false,shared_clean_bytes,3350528,bytes,observed
15,1,distinct,candidate,allocation,export-miss,16,artifact-only,false,shared_dirty_bytes,0,bytes,observed
15,1,distinct,candidate,allocation,export-miss,16,artifact-only,false,vm_size_bytes,526516224,bytes,observed
15,1,distinct,candidate,allocation,export-miss,16,artifact-only,false,vm_peak_bytes,593350656,bytes,observed
15,1,distinct,candidate,allocation,export-miss,16,artifact-only,false,vm_hwm_bytes,22413312,bytes,observed
15,1,distinct,candidate,allocation,export-miss,16,post-publication-idle,false,rss_bytes,23199744,bytes,observed
15,1,distinct,candidate,allocation,export-miss,16,post-publication-idle,false,pss_bytes,21449728,bytes,observed
15,1,distinct,candidate,allocation,export-miss,16,post-publication-idle,false,private_clean_bytes,14843904,bytes,observed
15,1,distinct,candidate,allocation,export-miss,16,post-publication-idle,false,private_dirty_bytes,5459968,bytes,observed
15,1,distinct,candidate,allocation,export-miss,16,post-publication-idle,false,shared_clean_bytes,3350528,bytes,observed
15,1,distinct,candidate,allocation,export-miss,16,post-publication-idle,false,shared_dirty_bytes,0,bytes,observed
15,1,distinct,candidate,allocation,export-miss,16,post-publication-idle,false,vm_size_bytes,526516224,bytes,observed
15,1,distinct,candidate,allocation,export-miss,16,post-publication-idle,false,vm_peak_bytes,593350656,bytes,observed
15,1,distinct,candidate,allocation,export-miss,16,post-publication-idle,false,vm_hwm_bytes,23199744,bytes,observed
15,1,distinct,candidate,allocation,export-miss,16,after-resolver-output-drop,false,rss_bytes,23199744,bytes,observed
15,1,distinct,candidate,allocation,export-miss,16,after-resolver-output-drop,false,pss_bytes,21470208,bytes,observed
15,1,distinct,candidate,allocation,export-miss,16,after-resolver-output-drop,false,private_clean_bytes,14843904,bytes,observed
15,1,distinct,candidate,allocation,export-miss,16,after-resolver-output-drop,false,private_dirty_bytes,5480448,bytes,observed
15,1,distinct,candidate,allocation,export-miss,16,after-resolver-output-drop,false,shared_clean_bytes,3350528,bytes,observed
15,1,distinct,candidate,allocation,export-miss,16,after-resolver-output-drop,false,shared_dirty_bytes,0,bytes,observed
15,1,distinct,candidate,allocation,export-miss,16,after-resolver-output-drop,false,vm_size_bytes,526516224,bytes,observed
15,1,distinct,candidate,allocation,export-miss,16,after-resolver-output-drop,false,vm_peak_bytes,593350656,bytes,observed
15,1,distinct,candidate,allocation,export-miss,16,after-resolver-output-drop,false,vm_hwm_bytes,23199744,bytes,observed
15,1,distinct,candidate,allocation,export-miss,16,before-shutdown,false,rss_bytes,23330816,bytes,observed
15,1,distinct,candidate,allocation,export-miss,16,before-shutdown,false,pss_bytes,21597184,bytes,observed
15,1,distinct,candidate,allocation,export-miss,16,before-shutdown,false,private_clean_bytes,14843904,bytes,observed
15,1,distinct,candidate,allocation,export-miss,16,before-shutdown,false,private_dirty_bytes,5607424,bytes,observed
15,1,distinct,candidate,allocation,export-miss,16,before-shutdown,false,shared_clean_bytes,3350528,bytes,observed
15,1,distinct,candidate,allocation,export-miss,16,before-shutdown,false,shared_dirty_bytes,0,bytes,observed
15,1,distinct,candidate,allocation,export-miss,16,before-shutdown,false,vm_size_bytes,526516224,bytes,observed
15,1,distinct,candidate,allocation,export-miss,16,before-shutdown,false,vm_peak_bytes,593350656,bytes,observed
15,1,distinct,candidate,allocation,export-miss,16,before-shutdown,false,vm_hwm_bytes,23330816,bytes,observed
16,1,shared,candidate,allocation,default-success,0,empty,false,rss_bytes,21757952,bytes,observed
16,1,shared,candidate,allocation,default-success,0,empty,false,pss_bytes,19994624,bytes,observed
16,1,shared,candidate,allocation,default-success,0,empty,false,private_clean_bytes,14680064,bytes,observed
16,1,shared,candidate,allocation,default-success,0,empty,false,private_dirty_bytes,4218880,bytes,observed
16,1,shared,candidate,allocation,default-success,0,empty,false,shared_clean_bytes,3239936,bytes,observed
16,1,shared,candidate,allocation,default-success,0,empty,false,shared_dirty_bytes,0,bytes,observed
16,1,shared,candidate,allocation,default-success,0,empty,false,vm_size_bytes,526516224,bytes,observed
16,1,shared,candidate,allocation,default-success,0,empty,false,vm_peak_bytes,593350656,bytes,observed
16,1,shared,candidate,allocation,default-success,0,empty,false,vm_hwm_bytes,21757952,bytes,observed
16,1,shared,candidate,allocation,default-success,16,artifact-only,false,rss_bytes,22282240,bytes,observed
16,1,shared,candidate,allocation,default-success,16,artifact-only,false,pss_bytes,20572160,bytes,observed
16,1,shared,candidate,allocation,default-success,16,artifact-only,false,private_clean_bytes,14811136,bytes,observed
16,1,shared,candidate,allocation,default-success,16,artifact-only,false,private_dirty_bytes,4665344,bytes,observed
16,1,shared,candidate,allocation,default-success,16,artifact-only,false,shared_clean_bytes,3239936,bytes,observed
16,1,shared,candidate,allocation,default-success,16,artifact-only,false,shared_dirty_bytes,0,bytes,observed
16,1,shared,candidate,allocation,default-success,16,artifact-only,false,vm_size_bytes,526516224,bytes,observed
16,1,shared,candidate,allocation,default-success,16,artifact-only,false,vm_peak_bytes,593350656,bytes,observed
16,1,shared,candidate,allocation,default-success,16,artifact-only,false,vm_hwm_bytes,22282240,bytes,observed
16,1,shared,candidate,allocation,default-success,16,post-publication-idle,false,rss_bytes,23199744,bytes,observed
16,1,shared,candidate,allocation,default-success,16,post-publication-idle,false,pss_bytes,21465088,bytes,observed
16,1,shared,candidate,allocation,default-success,16,post-publication-idle,false,private_clean_bytes,14942208,bytes,observed
16,1,shared,candidate,allocation,default-success,16,post-publication-idle,false,private_dirty_bytes,5427200,bytes,observed
16,1,shared,candidate,allocation,default-success,16,post-publication-idle,false,shared_clean_bytes,3239936,bytes,observed
16,1,shared,candidate,allocation,default-success,16,post-publication-idle,false,shared_dirty_bytes,0,bytes,observed
16,1,shared,candidate,allocation,default-success,16,post-publication-idle,false,vm_size_bytes,526516224,bytes,observed
16,1,shared,candidate,allocation,default-success,16,post-publication-idle,false,vm_peak_bytes,593350656,bytes,observed
16,1,shared,candidate,allocation,default-success,16,post-publication-idle,false,vm_hwm_bytes,23199744,bytes,observed
16,1,shared,candidate,allocation,default-success,16,after-resolver-output-drop,false,rss_bytes,23199744,bytes,observed
16,1,shared,candidate,allocation,default-success,16,after-resolver-output-drop,false,pss_bytes,21530624,bytes,observed
16,1,shared,candidate,allocation,default-success,16,after-resolver-output-drop,false,private_clean_bytes,14942208,bytes,observed
16,1,shared,candidate,allocation,default-success,16,after-resolver-output-drop,false,private_dirty_bytes,5492736,bytes,observed
16,1,shared,candidate,allocation,default-success,16,after-resolver-output-drop,false,shared_clean_bytes,3239936,bytes,observed
16,1,shared,candidate,allocation,default-success,16,after-resolver-output-drop,false,shared_dirty_bytes,0,bytes,observed
16,1,shared,candidate,allocation,default-success,16,after-resolver-output-drop,false,vm_size_bytes,526516224,bytes,observed
16,1,shared,candidate,allocation,default-success,16,after-resolver-output-drop,false,vm_peak_bytes,593350656,bytes,observed
16,1,shared,candidate,allocation,default-success,16,after-resolver-output-drop,false,vm_hwm_bytes,23199744,bytes,observed
16,1,shared,candidate,allocation,default-success,16,before-shutdown,false,rss_bytes,23330816,bytes,observed
16,1,shared,candidate,allocation,default-success,16,before-shutdown,false,pss_bytes,21669888,bytes,observed
16,1,shared,candidate,allocation,default-success,16,before-shutdown,false,private_clean_bytes,14942208,bytes,observed
16,1,shared,candidate,allocation,default-success,16,before-shutdown,false,private_dirty_bytes,5632000,bytes,observed
16,1,shared,candidate,allocation,default-success,16,before-shutdown,false,shared_clean_bytes,3239936,bytes,observed
16,1,shared,candidate,allocation,default-success,16,before-shutdown,false,shared_dirty_bytes,0,bytes,observed
16,1,shared,candidate,allocation,default-success,16,before-shutdown,false,vm_size_bytes,526516224,bytes,observed
16,1,shared,candidate,allocation,default-success,16,before-shutdown,false,vm_peak_bytes,593350656,bytes,observed
16,1,shared,candidate,allocation,default-success,16,before-shutdown,false,vm_hwm_bytes,23330816,bytes,observed
17,1,shared,control,allocation,default-success,0,empty,false,rss_bytes,21626880,bytes,observed
17,1,shared,control,allocation,default-success,0,empty,false,pss_bytes,20298752,bytes,observed
17,1,shared,control,allocation,default-success,0,empty,false,private_clean_bytes,14995456,bytes,observed
17,1,shared,control,allocation,default-success,0,empty,false,private_dirty_bytes,4218880,bytes,observed
17,1,shared,control,allocation,default-success,0,empty,false,shared_clean_bytes,3227648,bytes,observed
17,1,shared,control,allocation,default-success,0,empty,false,shared_dirty_bytes,0,bytes,observed
17,1,shared,control,allocation,default-success,0,empty,false,vm_size_bytes,526536704,bytes,observed
17,1,shared,control,allocation,default-success,0,empty,false,vm_peak_bytes,526536704,bytes,observed
17,1,shared,control,allocation,default-success,0,empty,false,vm_hwm_bytes,21626880,bytes,observed
17,1,shared,control,allocation,default-success,16,artifact-only,false,rss_bytes,22413312,bytes,observed
17,1,shared,control,allocation,default-success,16,artifact-only,false,pss_bytes,20876288,bytes,observed
17,1,shared,control,allocation,default-success,16,artifact-only,false,private_clean_bytes,15126528,bytes,observed
17,1,shared,control,allocation,default-success,16,artifact-only,false,private_dirty_bytes,4665344,bytes,observed
17,1,shared,control,allocation,default-success,16,artifact-only,false,shared_clean_bytes,3227648,bytes,observed
17,1,shared,control,allocation,default-success,16,artifact-only,false,shared_dirty_bytes,0,bytes,observed
17,1,shared,control,allocation,default-success,16,artifact-only,false,vm_size_bytes,526536704,bytes,observed
17,1,shared,control,allocation,default-success,16,artifact-only,false,vm_peak_bytes,526536704,bytes,observed
17,1,shared,control,allocation,default-success,16,artifact-only,false,vm_hwm_bytes,22413312,bytes,observed
17,1,shared,control,allocation,default-success,16,post-publication-idle,false,rss_bytes,23330816,bytes,observed
17,1,shared,control,allocation,default-success,16,post-publication-idle,false,pss_bytes,21830656,bytes,observed
17,1,shared,control,allocation,default-success,16,post-publication-idle,false,private_clean_bytes,15192064,bytes,observed
17,1,shared,control,allocation,default-success,16,post-publication-idle,false,private_dirty_bytes,5554176,bytes,observed
17,1,shared,control,allocation,default-success,16,post-publication-idle,false,shared_clean_bytes,3227648,bytes,observed
17,1,shared,control,allocation,default-success,16,post-publication-idle,false,shared_dirty_bytes,0,bytes,observed
17,1,shared,control,allocation,default-success,16,post-publication-idle,false,vm_size_bytes,526536704,bytes,observed
17,1,shared,control,allocation,default-success,16,post-publication-idle,false,vm_peak_bytes,526536704,bytes,observed
17,1,shared,control,allocation,default-success,16,post-publication-idle,false,vm_hwm_bytes,23330816,bytes,observed
17,1,shared,control,allocation,default-success,16,after-resolver-output-drop,false,rss_bytes,23330816,bytes,observed
17,1,shared,control,allocation,default-success,16,after-resolver-output-drop,false,pss_bytes,21900288,bytes,observed
17,1,shared,control,allocation,default-success,16,after-resolver-output-drop,false,private_clean_bytes,15192064,bytes,observed
17,1,shared,control,allocation,default-success,16,after-resolver-output-drop,false,private_dirty_bytes,5623808,bytes,observed
17,1,shared,control,allocation,default-success,16,after-resolver-output-drop,false,shared_clean_bytes,3227648,bytes,observed
17,1,shared,control,allocation,default-success,16,after-resolver-output-drop,false,shared_dirty_bytes,0,bytes,observed
17,1,shared,control,allocation,default-success,16,after-resolver-output-drop,false,vm_size_bytes,526536704,bytes,observed
17,1,shared,control,allocation,default-success,16,after-resolver-output-drop,false,vm_peak_bytes,526536704,bytes,observed
17,1,shared,control,allocation,default-success,16,after-resolver-output-drop,false,vm_hwm_bytes,23330816,bytes,observed
17,1,shared,control,allocation,default-success,16,before-shutdown,false,rss_bytes,23461888,bytes,observed
17,1,shared,control,allocation,default-success,16,before-shutdown,false,pss_bytes,22039552,bytes,observed
17,1,shared,control,allocation,default-success,16,before-shutdown,false,private_clean_bytes,15192064,bytes,observed
17,1,shared,control,allocation,default-success,16,before-shutdown,false,private_dirty_bytes,5763072,bytes,observed
17,1,shared,control,allocation,default-success,16,before-shutdown,false,shared_clean_bytes,3227648,bytes,observed
17,1,shared,control,allocation,default-success,16,before-shutdown,false,shared_dirty_bytes,0,bytes,observed
17,1,shared,control,allocation,default-success,16,before-shutdown,false,vm_size_bytes,526536704,bytes,observed
17,1,shared,control,allocation,default-success,16,before-shutdown,false,vm_peak_bytes,526536704,bytes,observed
17,1,shared,control,allocation,default-success,16,before-shutdown,false,vm_hwm_bytes,23461888,bytes,observed
18,1,shared,candidate,allocation,named-success,0,empty,false,rss_bytes,21757952,bytes,observed
18,1,shared,candidate,allocation,named-success,0,empty,false,pss_bytes,20198400,bytes,observed
18,1,shared,candidate,allocation,named-success,0,empty,false,private_clean_bytes,14856192,bytes,observed
18,1,shared,candidate,allocation,named-success,0,empty,false,private_dirty_bytes,4218880,bytes,observed
18,1,shared,candidate,allocation,named-success,0,empty,false,shared_clean_bytes,3260416,bytes,observed
18,1,shared,candidate,allocation,named-success,0,empty,false,shared_dirty_bytes,0,bytes,observed
18,1,shared,candidate,allocation,named-success,0,empty,false,vm_size_bytes,526516224,bytes,observed
18,1,shared,candidate,allocation,named-success,0,empty,false,vm_peak_bytes,526516224,bytes,observed
18,1,shared,candidate,allocation,named-success,0,empty,false,vm_hwm_bytes,21757952,bytes,observed
18,1,shared,candidate,allocation,named-success,16,artifact-only,false,rss_bytes,22282240,bytes,observed
18,1,shared,candidate,allocation,named-success,16,artifact-only,false,pss_bytes,20710400,bytes,observed
18,1,shared,candidate,allocation,named-success,16,artifact-only,false,private_clean_bytes,14921728,bytes,observed
18,1,shared,candidate,allocation,named-success,16,artifact-only,false,private_dirty_bytes,4665344,bytes,observed
18,1,shared,candidate,allocation,named-success,16,artifact-only,false,shared_clean_bytes,3260416,bytes,observed
18,1,shared,candidate,allocation,named-success,16,artifact-only,false,shared_dirty_bytes,0,bytes,observed
18,1,shared,candidate,allocation,named-success,16,artifact-only,false,vm_size_bytes,526516224,bytes,observed
18,1,shared,candidate,allocation,named-success,16,artifact-only,false,vm_peak_bytes,526516224,bytes,observed
18,1,shared,candidate,allocation,named-success,16,artifact-only,false,vm_hwm_bytes,22282240,bytes,observed
18,1,shared,candidate,allocation,named-success,16,post-publication-idle,false,rss_bytes,23199744,bytes,observed
18,1,shared,candidate,allocation,named-success,16,post-publication-idle,false,pss_bytes,21603328,bytes,observed
18,1,shared,candidate,allocation,named-success,16,post-publication-idle,false,private_clean_bytes,15052800,bytes,observed
18,1,shared,candidate,allocation,named-success,16,post-publication-idle,false,private_dirty_bytes,5427200,bytes,observed
18,1,shared,candidate,allocation,named-success,16,post-publication-idle,false,shared_clean_bytes,3260416,bytes,observed
18,1,shared,candidate,allocation,named-success,16,post-publication-idle,false,shared_dirty_bytes,0,bytes,observed
18,1,shared,candidate,allocation,named-success,16,post-publication-idle,false,vm_size_bytes,526516224,bytes,observed
18,1,shared,candidate,allocation,named-success,16,post-publication-idle,false,vm_peak_bytes,526516224,bytes,observed
18,1,shared,candidate,allocation,named-success,16,post-publication-idle,false,vm_hwm_bytes,23199744,bytes,observed
18,1,shared,candidate,allocation,named-success,16,after-resolver-output-drop,false,rss_bytes,23330816,bytes,observed
18,1,shared,candidate,allocation,named-success,16,after-resolver-output-drop,false,pss_bytes,21730304,bytes,observed
18,1,shared,candidate,allocation,named-success,16,after-resolver-output-drop,false,private_clean_bytes,15118336,bytes,observed
18,1,shared,candidate,allocation,named-success,16,after-resolver-output-drop,false,private_dirty_bytes,5488640,bytes,observed
18,1,shared,candidate,allocation,named-success,16,after-resolver-output-drop,false,shared_clean_bytes,3260416,bytes,observed
18,1,shared,candidate,allocation,named-success,16,after-resolver-output-drop,false,shared_dirty_bytes,0,bytes,observed
18,1,shared,candidate,allocation,named-success,16,after-resolver-output-drop,false,vm_size_bytes,526516224,bytes,observed
18,1,shared,candidate,allocation,named-success,16,after-resolver-output-drop,false,vm_peak_bytes,526516224,bytes,observed
18,1,shared,candidate,allocation,named-success,16,after-resolver-output-drop,false,vm_hwm_bytes,23330816,bytes,observed
18,1,shared,candidate,allocation,named-success,16,before-shutdown,false,rss_bytes,23461888,bytes,observed
18,1,shared,candidate,allocation,named-success,16,before-shutdown,false,pss_bytes,21865472,bytes,observed
18,1,shared,candidate,allocation,named-success,16,before-shutdown,false,private_clean_bytes,15118336,bytes,observed
18,1,shared,candidate,allocation,named-success,16,before-shutdown,false,private_dirty_bytes,5623808,bytes,observed
18,1,shared,candidate,allocation,named-success,16,before-shutdown,false,shared_clean_bytes,3260416,bytes,observed
18,1,shared,candidate,allocation,named-success,16,before-shutdown,false,shared_dirty_bytes,0,bytes,observed
18,1,shared,candidate,allocation,named-success,16,before-shutdown,false,vm_size_bytes,526516224,bytes,observed
18,1,shared,candidate,allocation,named-success,16,before-shutdown,false,vm_peak_bytes,526516224,bytes,observed
18,1,shared,candidate,allocation,named-success,16,before-shutdown,false,vm_hwm_bytes,23461888,bytes,observed
19,1,shared,control,allocation,named-success,0,empty,false,rss_bytes,21757952,bytes,observed
19,1,shared,control,allocation,named-success,0,empty,false,pss_bytes,20221952,bytes,observed
19,1,shared,control,allocation,named-success,0,empty,false,private_clean_bytes,14942208,bytes,observed
19,1,shared,control,allocation,named-success,0,empty,false,private_dirty_bytes,4190208,bytes,observed
19,1,shared,control,allocation,named-success,0,empty,false,shared_clean_bytes,3239936,bytes,observed
19,1,shared,control,allocation,named-success,0,empty,false,shared_dirty_bytes,0,bytes,observed
19,1,shared,control,allocation,named-success,0,empty,false,vm_size_bytes,526536704,bytes,observed
19,1,shared,control,allocation,named-success,0,empty,false,vm_peak_bytes,593371136,bytes,observed
19,1,shared,control,allocation,named-success,0,empty,false,vm_hwm_bytes,21757952,bytes,observed
19,1,shared,control,allocation,named-success,16,artifact-only,false,rss_bytes,22151168,bytes,observed
19,1,shared,control,allocation,named-success,16,artifact-only,false,pss_bytes,20664320,bytes,observed
19,1,shared,control,allocation,named-success,16,artifact-only,false,private_clean_bytes,14942208,bytes,observed
19,1,shared,control,allocation,named-success,16,artifact-only,false,private_dirty_bytes,4632576,bytes,observed
19,1,shared,control,allocation,named-success,16,artifact-only,false,shared_clean_bytes,3239936,bytes,observed
19,1,shared,control,allocation,named-success,16,artifact-only,false,shared_dirty_bytes,0,bytes,observed
19,1,shared,control,allocation,named-success,16,artifact-only,false,vm_size_bytes,526536704,bytes,observed
19,1,shared,control,allocation,named-success,16,artifact-only,false,vm_peak_bytes,593371136,bytes,observed
19,1,shared,control,allocation,named-success,16,artifact-only,false,vm_hwm_bytes,22151168,bytes,observed
19,1,shared,control,allocation,named-success,16,post-publication-idle,false,rss_bytes,23068672,bytes,observed
19,1,shared,control,allocation,named-success,16,post-publication-idle,false,pss_bytes,21622784,bytes,observed
19,1,shared,control,allocation,named-success,16,post-publication-idle,false,private_clean_bytes,15007744,bytes,observed
19,1,shared,control,allocation,named-success,16,post-publication-idle,false,private_dirty_bytes,5525504,bytes,observed
19,1,shared,control,allocation,named-success,16,post-publication-idle,false,shared_clean_bytes,3239936,bytes,observed
19,1,shared,control,allocation,named-success,16,post-publication-idle,false,shared_dirty_bytes,0,bytes,observed
19,1,shared,control,allocation,named-success,16,post-publication-idle,false,vm_size_bytes,526536704,bytes,observed
19,1,shared,control,allocation,named-success,16,post-publication-idle,false,vm_peak_bytes,593371136,bytes,observed
19,1,shared,control,allocation,named-success,16,post-publication-idle,false,vm_hwm_bytes,23068672,bytes,observed
19,1,shared,control,allocation,named-success,16,after-resolver-output-drop,false,rss_bytes,23199744,bytes,observed
19,1,shared,control,allocation,named-success,16,after-resolver-output-drop,false,pss_bytes,21680128,bytes,observed
19,1,shared,control,allocation,named-success,16,after-resolver-output-drop,false,private_clean_bytes,15007744,bytes,observed
19,1,shared,control,allocation,named-success,16,after-resolver-output-drop,false,private_dirty_bytes,5582848,bytes,observed
19,1,shared,control,allocation,named-success,16,after-resolver-output-drop,false,shared_clean_bytes,3239936,bytes,observed
19,1,shared,control,allocation,named-success,16,after-resolver-output-drop,false,shared_dirty_bytes,0,bytes,observed
19,1,shared,control,allocation,named-success,16,after-resolver-output-drop,false,vm_size_bytes,526536704,bytes,observed
19,1,shared,control,allocation,named-success,16,after-resolver-output-drop,false,vm_peak_bytes,593371136,bytes,observed
19,1,shared,control,allocation,named-success,16,after-resolver-output-drop,false,vm_hwm_bytes,23199744,bytes,observed
19,1,shared,control,allocation,named-success,16,before-shutdown,false,rss_bytes,23330816,bytes,observed
19,1,shared,control,allocation,named-success,16,before-shutdown,false,pss_bytes,21815296,bytes,observed
19,1,shared,control,allocation,named-success,16,before-shutdown,false,private_clean_bytes,15007744,bytes,observed
19,1,shared,control,allocation,named-success,16,before-shutdown,false,private_dirty_bytes,5718016,bytes,observed
19,1,shared,control,allocation,named-success,16,before-shutdown,false,shared_clean_bytes,3239936,bytes,observed
19,1,shared,control,allocation,named-success,16,before-shutdown,false,shared_dirty_bytes,0,bytes,observed
19,1,shared,control,allocation,named-success,16,before-shutdown,false,vm_size_bytes,526536704,bytes,observed
19,1,shared,control,allocation,named-success,16,before-shutdown,false,vm_peak_bytes,593371136,bytes,observed
19,1,shared,control,allocation,named-success,16,before-shutdown,false,vm_hwm_bytes,23330816,bytes,observed
20,1,shared,candidate,allocation,route-miss,0,empty,false,rss_bytes,22020096,bytes,observed
20,1,shared,candidate,allocation,route-miss,0,empty,false,pss_bytes,20339712,bytes,observed
20,1,shared,candidate,allocation,route-miss,0,empty,false,private_clean_bytes,15007744,bytes,observed
20,1,shared,candidate,allocation,route-miss,0,empty,false,private_dirty_bytes,4214784,bytes,observed
20,1,shared,candidate,allocation,route-miss,0,empty,false,shared_clean_bytes,3317760,bytes,observed
20,1,shared,candidate,allocation,route-miss,0,empty,false,shared_dirty_bytes,0,bytes,observed
20,1,shared,candidate,allocation,route-miss,0,empty,false,vm_size_bytes,526516224,bytes,observed
20,1,shared,candidate,allocation,route-miss,0,empty,false,vm_peak_bytes,526516224,bytes,observed
20,1,shared,candidate,allocation,route-miss,0,empty,false,vm_hwm_bytes,22020096,bytes,observed
20,1,shared,candidate,allocation,route-miss,16,artifact-only,false,rss_bytes,22675456,bytes,observed
20,1,shared,candidate,allocation,route-miss,16,artifact-only,false,pss_bytes,20851712,bytes,observed
20,1,shared,candidate,allocation,route-miss,16,artifact-only,false,private_clean_bytes,15073280,bytes,observed
20,1,shared,candidate,allocation,route-miss,16,artifact-only,false,private_dirty_bytes,4661248,bytes,observed
20,1,shared,candidate,allocation,route-miss,16,artifact-only,false,shared_clean_bytes,3317760,bytes,observed
20,1,shared,candidate,allocation,route-miss,16,artifact-only,false,shared_dirty_bytes,0,bytes,observed
20,1,shared,candidate,allocation,route-miss,16,artifact-only,false,vm_size_bytes,526516224,bytes,observed
20,1,shared,candidate,allocation,route-miss,16,artifact-only,false,vm_peak_bytes,526516224,bytes,observed
20,1,shared,candidate,allocation,route-miss,16,artifact-only,false,vm_hwm_bytes,22675456,bytes,observed
20,1,shared,candidate,allocation,route-miss,16,post-publication-idle,false,rss_bytes,23592960,bytes,observed
20,1,shared,candidate,allocation,route-miss,16,post-publication-idle,false,pss_bytes,21740544,bytes,observed
20,1,shared,candidate,allocation,route-miss,16,post-publication-idle,false,private_clean_bytes,15204352,bytes,observed
20,1,shared,candidate,allocation,route-miss,16,post-publication-idle,false,private_dirty_bytes,5419008,bytes,observed
20,1,shared,candidate,allocation,route-miss,16,post-publication-idle,false,shared_clean_bytes,3317760,bytes,observed
20,1,shared,candidate,allocation,route-miss,16,post-publication-idle,false,shared_dirty_bytes,0,bytes,observed
20,1,shared,candidate,allocation,route-miss,16,post-publication-idle,false,vm_size_bytes,526516224,bytes,observed
20,1,shared,candidate,allocation,route-miss,16,post-publication-idle,false,vm_peak_bytes,526516224,bytes,observed
20,1,shared,candidate,allocation,route-miss,16,post-publication-idle,false,vm_hwm_bytes,23592960,bytes,observed
20,1,shared,candidate,allocation,route-miss,16,after-resolver-output-drop,false,rss_bytes,23592960,bytes,observed
20,1,shared,candidate,allocation,route-miss,16,after-resolver-output-drop,false,pss_bytes,21781504,bytes,observed
20,1,shared,candidate,allocation,route-miss,16,after-resolver-output-drop,false,private_clean_bytes,15204352,bytes,observed
20,1,shared,candidate,allocation,route-miss,16,after-resolver-output-drop,false,private_dirty_bytes,5459968,bytes,observed
20,1,shared,candidate,allocation,route-miss,16,after-resolver-output-drop,false,shared_clean_bytes,3317760,bytes,observed
20,1,shared,candidate,allocation,route-miss,16,after-resolver-output-drop,false,shared_dirty_bytes,0,bytes,observed
20,1,shared,candidate,allocation,route-miss,16,after-resolver-output-drop,false,vm_size_bytes,526516224,bytes,observed
20,1,shared,candidate,allocation,route-miss,16,after-resolver-output-drop,false,vm_peak_bytes,526516224,bytes,observed
20,1,shared,candidate,allocation,route-miss,16,after-resolver-output-drop,false,vm_hwm_bytes,23592960,bytes,observed
20,1,shared,candidate,allocation,route-miss,16,before-shutdown,false,rss_bytes,23724032,bytes,observed
20,1,shared,candidate,allocation,route-miss,16,before-shutdown,false,pss_bytes,21912576,bytes,observed
20,1,shared,candidate,allocation,route-miss,16,before-shutdown,false,private_clean_bytes,15204352,bytes,observed
20,1,shared,candidate,allocation,route-miss,16,before-shutdown,false,private_dirty_bytes,5591040,bytes,observed
20,1,shared,candidate,allocation,route-miss,16,before-shutdown,false,shared_clean_bytes,3317760,bytes,observed
20,1,shared,candidate,allocation,route-miss,16,before-shutdown,false,shared_dirty_bytes,0,bytes,observed
20,1,shared,candidate,allocation,route-miss,16,before-shutdown,false,vm_size_bytes,526516224,bytes,observed
20,1,shared,candidate,allocation,route-miss,16,before-shutdown,false,vm_peak_bytes,526516224,bytes,observed
20,1,shared,candidate,allocation,route-miss,16,before-shutdown,false,vm_hwm_bytes,23724032,bytes,observed
21,1,shared,control,allocation,route-miss,0,empty,false,rss_bytes,22020096,bytes,observed
21,1,shared,control,allocation,route-miss,0,empty,false,pss_bytes,20345856,bytes,observed
21,1,shared,control,allocation,route-miss,0,empty,false,private_clean_bytes,15020032,bytes,observed
21,1,shared,control,allocation,route-miss,0,empty,false,private_dirty_bytes,4214784,bytes,observed
21,1,shared,control,allocation,route-miss,0,empty,false,shared_clean_bytes,3305472,bytes,observed
21,1,shared,control,allocation,route-miss,0,empty,false,shared_dirty_bytes,0,bytes,observed
21,1,shared,control,allocation,route-miss,0,empty,false,vm_size_bytes,526536704,bytes,observed
21,1,shared,control,allocation,route-miss,0,empty,false,vm_peak_bytes,593371136,bytes,observed
21,1,shared,control,allocation,route-miss,0,empty,false,vm_hwm_bytes,22020096,bytes,observed
21,1,shared,control,allocation,route-miss,16,artifact-only,false,rss_bytes,22413312,bytes,observed
21,1,shared,control,allocation,route-miss,16,artifact-only,false,pss_bytes,20792320,bytes,observed
21,1,shared,control,allocation,route-miss,16,artifact-only,false,private_clean_bytes,15020032,bytes,observed
21,1,shared,control,allocation,route-miss,16,artifact-only,false,private_dirty_bytes,4661248,bytes,observed
21,1,shared,control,allocation,route-miss,16,artifact-only,false,shared_clean_bytes,3305472,bytes,observed
21,1,shared,control,allocation,route-miss,16,artifact-only,false,shared_dirty_bytes,0,bytes,observed
21,1,shared,control,allocation,route-miss,16,artifact-only,false,vm_size_bytes,526536704,bytes,observed
21,1,shared,control,allocation,route-miss,16,artifact-only,false,vm_peak_bytes,593371136,bytes,observed
21,1,shared,control,allocation,route-miss,16,artifact-only,false,vm_hwm_bytes,22413312,bytes,observed
21,1,shared,control,allocation,route-miss,16,post-publication-idle,false,rss_bytes,23330816,bytes,observed
21,1,shared,control,allocation,route-miss,16,post-publication-idle,false,pss_bytes,21746688,bytes,observed
21,1,shared,control,allocation,route-miss,16,post-publication-idle,false,private_clean_bytes,15085568,bytes,observed
21,1,shared,control,allocation,route-miss,16,post-publication-idle,false,private_dirty_bytes,5550080,bytes,observed
21,1,shared,control,allocation,route-miss,16,post-publication-idle,false,shared_clean_bytes,3305472,bytes,observed
21,1,shared,control,allocation,route-miss,16,post-publication-idle,false,shared_dirty_bytes,0,bytes,observed
21,1,shared,control,allocation,route-miss,16,post-publication-idle,false,vm_size_bytes,526536704,bytes,observed
21,1,shared,control,allocation,route-miss,16,post-publication-idle,false,vm_peak_bytes,593371136,bytes,observed
21,1,shared,control,allocation,route-miss,16,post-publication-idle,false,vm_hwm_bytes,23330816,bytes,observed
21,1,shared,control,allocation,route-miss,16,after-resolver-output-drop,false,rss_bytes,23461888,bytes,observed
21,1,shared,control,allocation,route-miss,16,after-resolver-output-drop,false,pss_bytes,21791744,bytes,observed
21,1,shared,control,allocation,route-miss,16,after-resolver-output-drop,false,private_clean_bytes,15085568,bytes,observed
21,1,shared,control,allocation,route-miss,16,after-resolver-output-drop,false,private_dirty_bytes,5595136,bytes,observed
21,1,shared,control,allocation,route-miss,16,after-resolver-output-drop,false,shared_clean_bytes,3305472,bytes,observed
21,1,shared,control,allocation,route-miss,16,after-resolver-output-drop,false,shared_dirty_bytes,0,bytes,observed
21,1,shared,control,allocation,route-miss,16,after-resolver-output-drop,false,vm_size_bytes,526536704,bytes,observed
21,1,shared,control,allocation,route-miss,16,after-resolver-output-drop,false,vm_peak_bytes,593371136,bytes,observed
21,1,shared,control,allocation,route-miss,16,after-resolver-output-drop,false,vm_hwm_bytes,23461888,bytes,observed
21,1,shared,control,allocation,route-miss,16,before-shutdown,false,rss_bytes,23592960,bytes,observed
21,1,shared,control,allocation,route-miss,16,before-shutdown,false,pss_bytes,21922816,bytes,observed
21,1,shared,control,allocation,route-miss,16,before-shutdown,false,private_clean_bytes,15085568,bytes,observed
21,1,shared,control,allocation,route-miss,16,before-shutdown,false,private_dirty_bytes,5726208,bytes,observed
21,1,shared,control,allocation,route-miss,16,before-shutdown,false,shared_clean_bytes,3305472,bytes,observed
21,1,shared,control,allocation,route-miss,16,before-shutdown,false,shared_dirty_bytes,0,bytes,observed
21,1,shared,control,allocation,route-miss,16,before-shutdown,false,vm_size_bytes,526536704,bytes,observed
21,1,shared,control,allocation,route-miss,16,before-shutdown,false,vm_peak_bytes,593371136,bytes,observed
21,1,shared,control,allocation,route-miss,16,before-shutdown,false,vm_hwm_bytes,23592960,bytes,observed
22,1,shared,candidate,allocation,export-miss,0,empty,false,rss_bytes,21757952,bytes,observed
22,1,shared,candidate,allocation,export-miss,0,empty,false,pss_bytes,20157440,bytes,observed
22,1,shared,candidate,allocation,export-miss,0,empty,false,private_clean_bytes,14843904,bytes,observed
22,1,shared,candidate,allocation,export-miss,0,empty,false,private_dirty_bytes,4210688,bytes,observed
22,1,shared,candidate,allocation,export-miss,0,empty,false,shared_clean_bytes,3280896,bytes,observed
22,1,shared,candidate,allocation,export-miss,0,empty,false,shared_dirty_bytes,0,bytes,observed
22,1,shared,candidate,allocation,export-miss,0,empty,false,vm_size_bytes,526516224,bytes,observed
22,1,shared,candidate,allocation,export-miss,0,empty,false,vm_peak_bytes,593350656,bytes,observed
22,1,shared,candidate,allocation,export-miss,0,empty,false,vm_hwm_bytes,21757952,bytes,observed
22,1,shared,candidate,allocation,export-miss,16,artifact-only,false,rss_bytes,22151168,bytes,observed
22,1,shared,candidate,allocation,export-miss,16,artifact-only,false,pss_bytes,20669440,bytes,observed
22,1,shared,candidate,allocation,export-miss,16,artifact-only,false,private_clean_bytes,14909440,bytes,observed
22,1,shared,candidate,allocation,export-miss,16,artifact-only,false,private_dirty_bytes,4657152,bytes,observed
22,1,shared,candidate,allocation,export-miss,16,artifact-only,false,shared_clean_bytes,3280896,bytes,observed
22,1,shared,candidate,allocation,export-miss,16,artifact-only,false,shared_dirty_bytes,0,bytes,observed
22,1,shared,candidate,allocation,export-miss,16,artifact-only,false,vm_size_bytes,526516224,bytes,observed
22,1,shared,candidate,allocation,export-miss,16,artifact-only,false,vm_peak_bytes,593350656,bytes,observed
22,1,shared,candidate,allocation,export-miss,16,artifact-only,false,vm_hwm_bytes,22151168,bytes,observed
22,1,shared,candidate,allocation,export-miss,16,post-publication-idle,false,rss_bytes,23068672,bytes,observed
22,1,shared,candidate,allocation,export-miss,16,post-publication-idle,false,pss_bytes,21558272,bytes,observed
22,1,shared,candidate,allocation,export-miss,16,post-publication-idle,false,private_clean_bytes,15040512,bytes,observed
22,1,shared,candidate,allocation,export-miss,16,post-publication-idle,false,private_dirty_bytes,5414912,bytes,observed
22,1,shared,candidate,allocation,export-miss,16,post-publication-idle,false,shared_clean_bytes,3280896,bytes,observed
22,1,shared,candidate,allocation,export-miss,16,post-publication-idle,false,shared_dirty_bytes,0,bytes,observed
22,1,shared,candidate,allocation,export-miss,16,post-publication-idle,false,vm_size_bytes,526516224,bytes,observed
22,1,shared,candidate,allocation,export-miss,16,post-publication-idle,false,vm_peak_bytes,593350656,bytes,observed
22,1,shared,candidate,allocation,export-miss,16,post-publication-idle,false,vm_hwm_bytes,23068672,bytes,observed
22,1,shared,candidate,allocation,export-miss,16,after-resolver-output-drop,false,rss_bytes,23199744,bytes,observed
22,1,shared,candidate,allocation,export-miss,16,after-resolver-output-drop,false,pss_bytes,21599232,bytes,observed
22,1,shared,candidate,allocation,export-miss,16,after-resolver-output-drop,false,private_clean_bytes,15040512,bytes,observed
22,1,shared,candidate,allocation,export-miss,16,after-resolver-output-drop,false,private_dirty_bytes,5455872,bytes,observed
22,1,shared,candidate,allocation,export-miss,16,after-resolver-output-drop,false,shared_clean_bytes,3280896,bytes,observed
22,1,shared,candidate,allocation,export-miss,16,after-resolver-output-drop,false,shared_dirty_bytes,0,bytes,observed
22,1,shared,candidate,allocation,export-miss,16,after-resolver-output-drop,false,vm_size_bytes,526516224,bytes,observed
22,1,shared,candidate,allocation,export-miss,16,after-resolver-output-drop,false,vm_peak_bytes,593350656,bytes,observed
22,1,shared,candidate,allocation,export-miss,16,after-resolver-output-drop,false,vm_hwm_bytes,23199744,bytes,observed
22,1,shared,candidate,allocation,export-miss,16,before-shutdown,false,rss_bytes,23330816,bytes,observed
22,1,shared,candidate,allocation,export-miss,16,before-shutdown,false,pss_bytes,21734400,bytes,observed
22,1,shared,candidate,allocation,export-miss,16,before-shutdown,false,private_clean_bytes,15040512,bytes,observed
22,1,shared,candidate,allocation,export-miss,16,before-shutdown,false,private_dirty_bytes,5591040,bytes,observed
22,1,shared,candidate,allocation,export-miss,16,before-shutdown,false,shared_clean_bytes,3280896,bytes,observed
22,1,shared,candidate,allocation,export-miss,16,before-shutdown,false,shared_dirty_bytes,0,bytes,observed
22,1,shared,candidate,allocation,export-miss,16,before-shutdown,false,vm_size_bytes,526516224,bytes,observed
22,1,shared,candidate,allocation,export-miss,16,before-shutdown,false,vm_peak_bytes,593350656,bytes,observed
22,1,shared,candidate,allocation,export-miss,16,before-shutdown,false,vm_hwm_bytes,23330816,bytes,observed
23,1,shared,control,allocation,export-miss,0,empty,false,rss_bytes,22151168,bytes,observed
23,1,shared,control,allocation,export-miss,0,empty,false,pss_bytes,20534272,bytes,observed
23,1,shared,control,allocation,export-miss,0,empty,false,private_clean_bytes,15179776,bytes,observed
23,1,shared,control,allocation,export-miss,0,empty,false,private_dirty_bytes,4214784,bytes,observed
23,1,shared,control,allocation,export-miss,0,empty,false,shared_clean_bytes,3362816,bytes,observed
23,1,shared,control,allocation,export-miss,0,empty,false,shared_dirty_bytes,0,bytes,observed
23,1,shared,control,allocation,export-miss,0,empty,false,vm_size_bytes,526536704,bytes,observed
23,1,shared,control,allocation,export-miss,0,empty,false,vm_peak_bytes,593371136,bytes,observed
23,1,shared,control,allocation,export-miss,0,empty,false,vm_hwm_bytes,22151168,bytes,observed
23,1,shared,control,allocation,export-miss,16,artifact-only,false,rss_bytes,22806528,bytes,observed
23,1,shared,control,allocation,export-miss,16,artifact-only,false,pss_bytes,21046272,bytes,observed
23,1,shared,control,allocation,export-miss,16,artifact-only,false,private_clean_bytes,15245312,bytes,observed
23,1,shared,control,allocation,export-miss,16,artifact-only,false,private_dirty_bytes,4661248,bytes,observed
23,1,shared,control,allocation,export-miss,16,artifact-only,false,shared_clean_bytes,3362816,bytes,observed
23,1,shared,control,allocation,export-miss,16,artifact-only,false,shared_dirty_bytes,0,bytes,observed
23,1,shared,control,allocation,export-miss,16,artifact-only,false,vm_size_bytes,526536704,bytes,observed
23,1,shared,control,allocation,export-miss,16,artifact-only,false,vm_peak_bytes,593371136,bytes,observed
23,1,shared,control,allocation,export-miss,16,artifact-only,false,vm_hwm_bytes,22806528,bytes,observed
23,1,shared,control,allocation,export-miss,16,post-publication-idle,false,rss_bytes,23592960,bytes,observed
23,1,shared,control,allocation,export-miss,16,post-publication-idle,false,pss_bytes,22004736,bytes,observed
23,1,shared,control,allocation,export-miss,16,post-publication-idle,false,private_clean_bytes,15310848,bytes,observed
23,1,shared,control,allocation,export-miss,16,post-publication-idle,false,private_dirty_bytes,5554176,bytes,observed
23,1,shared,control,allocation,export-miss,16,post-publication-idle,false,shared_clean_bytes,3362816,bytes,observed
23,1,shared,control,allocation,export-miss,16,post-publication-idle,false,shared_dirty_bytes,0,bytes,observed
23,1,shared,control,allocation,export-miss,16,post-publication-idle,false,vm_size_bytes,526536704,bytes,observed
23,1,shared,control,allocation,export-miss,16,post-publication-idle,false,vm_peak_bytes,593371136,bytes,observed
23,1,shared,control,allocation,export-miss,16,post-publication-idle,false,vm_hwm_bytes,23592960,bytes,observed
23,1,shared,control,allocation,export-miss,16,after-resolver-output-drop,false,rss_bytes,23724032,bytes,observed
23,1,shared,control,allocation,export-miss,16,after-resolver-output-drop,false,pss_bytes,22049792,bytes,observed
23,1,shared,control,allocation,export-miss,16,after-resolver-output-drop,false,private_clean_bytes,15310848,bytes,observed
23,1,shared,control,allocation,export-miss,16,after-resolver-output-drop,false,private_dirty_bytes,5599232,bytes,observed
23,1,shared,control,allocation,export-miss,16,after-resolver-output-drop,false,shared_clean_bytes,3362816,bytes,observed
23,1,shared,control,allocation,export-miss,16,after-resolver-output-drop,false,shared_dirty_bytes,0,bytes,observed
23,1,shared,control,allocation,export-miss,16,after-resolver-output-drop,false,vm_size_bytes,526536704,bytes,observed
23,1,shared,control,allocation,export-miss,16,after-resolver-output-drop,false,vm_peak_bytes,593371136,bytes,observed
23,1,shared,control,allocation,export-miss,16,after-resolver-output-drop,false,vm_hwm_bytes,23724032,bytes,observed
23,1,shared,control,allocation,export-miss,16,before-shutdown,false,rss_bytes,23855104,bytes,observed
23,1,shared,control,allocation,export-miss,16,before-shutdown,false,pss_bytes,22189056,bytes,observed
23,1,shared,control,allocation,export-miss,16,before-shutdown,false,private_clean_bytes,15310848,bytes,observed
23,1,shared,control,allocation,export-miss,16,before-shutdown,false,private_dirty_bytes,5738496,bytes,observed
23,1,shared,control,allocation,export-miss,16,before-shutdown,false,shared_clean_bytes,3362816,bytes,observed
23,1,shared,control,allocation,export-miss,16,before-shutdown,false,shared_dirty_bytes,0,bytes,observed
23,1,shared,control,allocation,export-miss,16,before-shutdown,false,vm_size_bytes,526536704,bytes,observed
23,1,shared,control,allocation,export-miss,16,before-shutdown,false,vm_peak_bytes,593371136,bytes,observed
23,1,shared,control,allocation,export-miss,16,before-shutdown,false,vm_hwm_bytes,23855104,bytes,observed
