sequence_ordinal,repetition,shape,variant,mode,case,resolver_case,catalog_count,attempts,returned_ok,returned_error,distribution,statistic,value,unit,call_boundary
0,1,distinct,control,initial,null,default-success,100,5000,5000,0,elapsed_nanos,count,5000,samples,directory-deployment-resolver.resolve-to-return-before-validation-and-drop
0,1,distinct,control,initial,null,default-success,100,5000,5000,0,elapsed_nanos,maximum,47204,ns,directory-deployment-resolver.resolve-to-return-before-validation-and-drop
0,1,distinct,control,initial,null,default-success,100,5000,5000,0,elapsed_nanos,mean,2729.5822,ns,directory-deployment-resolver.resolve-to-return-before-validation-and-drop
0,1,distinct,control,initial,null,default-success,100,5000,5000,0,elapsed_nanos,median,1958,ns,directory-deployment-resolver.resolve-to-return-before-validation-and-drop
0,1,distinct,control,initial,null,default-success,100,5000,5000,0,elapsed_nanos,median_absolute_deviation,466,ns,directory-deployment-resolver.resolve-to-return-before-validation-and-drop
0,1,distinct,control,initial,null,default-success,100,5000,5000,0,elapsed_nanos,minimum,1228,ns,directory-deployment-resolver.resolve-to-return-before-validation-and-drop
0,1,distinct,control,initial,null,default-success,100,5000,5000,0,elapsed_nanos,p95,7149,ns,directory-deployment-resolver.resolve-to-return-before-validation-and-drop
0,1,distinct,control,initial,null,default-success,100,5000,5000,0,elapsed_nanos,p99,16470,ns,directory-deployment-resolver.resolve-to-return-before-validation-and-drop
0,1,distinct,control,initial,null,default-success,100,5000,5000,0,elapsed_nanos,standard_deviation,2790.81646,ns,directory-deployment-resolver.resolve-to-return-before-validation-and-drop
0,1,distinct,control,initial,null,default-success,100,5000,5000,0,chunk_elapsed_nanos,count,40,samples,directory-deployment-resolver.resolve-to-return-before-validation-and-drop
0,1,distinct,control,initial,null,default-success,100,5000,5000,0,chunk_elapsed_nanos,maximum,14680866,ns,directory-deployment-resolver.resolve-to-return-before-validation-and-drop
0,1,distinct,control,initial,null,default-success,100,5000,5000,0,chunk_elapsed_nanos,mean,7289209.65,ns,directory-deployment-resolver.resolve-to-return-before-validation-and-drop
0,1,distinct,control,initial,null,default-success,100,5000,5000,0,chunk_elapsed_nanos,median,6956963.5,ns,directory-deployment-resolver.resolve-to-return-before-validation-and-drop
0,1,distinct,control,initial,null,default-success,100,5000,5000,0,chunk_elapsed_nanos,median_absolute_deviation,838709.5,ns,directory-deployment-resolver.resolve-to-return-before-validation-and-drop
0,1,distinct,control,initial,null,default-success,100,5000,5000,0,chunk_elapsed_nanos,minimum,401105,ns,directory-deployment-resolver.resolve-to-return-before-validation-and-drop
0,1,distinct,control,initial,null,default-success,100,5000,5000,0,chunk_elapsed_nanos,p95,11422003,ns,directory-deployment-resolver.resolve-to-return-before-validation-and-drop
0,1,distinct,control,initial,null,default-success,100,5000,5000,0,chunk_elapsed_nanos,p99,14680866,ns,directory-deployment-resolver.resolve-to-return-before-validation-and-drop
0,1,distinct,control,initial,null,default-success,100,5000,5000,0,chunk_elapsed_nanos,standard_deviation,2121478.117843,ns,directory-deployment-resolver.resolve-to-return-before-validation-and-drop
0,1,distinct,control,initial,null,named-success,100,5000,5000,0,elapsed_nanos,count,5000,samples,directory-deployment-resolver.resolve-to-return-before-validation-and-drop
0,1,distinct,control,initial,null,named-success,100,5000,5000,0,elapsed_nanos,maximum,112283,ns,directory-deployment-resolver.resolve-to-return-before-validation-and-drop
0,1,distinct,control,initial,null,named-success,100,5000,5000,0,elapsed_nanos,mean,3180.089,ns,directory-deployment-resolver.resolve-to-return-before-validation-and-drop
0,1,distinct,control,initial,null,named-success,100,5000,5000,0,elapsed_nanos,median,2115,ns,directory-deployment-resolver.resolve-to-return-before-validation-and-drop
0,1,distinct,control,initial,null,named-success,100,5000,5000,0,elapsed_nanos,median_absolute_deviation,501,ns,directory-deployment-resolver.resolve-to-return-before-validation-and-drop
0,1,distinct,control,initial,null,named-success,100,5000,5000,0,elapsed_nanos,minimum,1299,ns,directory-deployment-resolver.resolve-to-return-before-validation-and-drop
0,1,distinct,control,initial,null,named-success,100,5000,5000,0,elapsed_nanos,p95,8203,ns,directory-deployment-resolver.resolve-to-return-before-validation-and-drop
0,1,distinct,control,initial,null,named-success,100,5000,5000,0,elapsed_nanos,p99,20066,ns,directory-deployment-resolver.resolve-to-return-before-validation-and-drop
0,1,distinct,control,initial,null,named-success,100,5000,5000,0,elapsed_nanos,standard_deviation,3994.772905,ns,directory-deployment-resolver.resolve-to-return-before-validation-and-drop
0,1,distinct,control,initial,null,named-success,100,5000,5000,0,chunk_elapsed_nanos,count,40,samples,directory-deployment-resolver.resolve-to-return-before-validation-and-drop
0,1,distinct,control,initial,null,named-success,100,5000,5000,0,chunk_elapsed_nanos,maximum,15577897,ns,directory-deployment-resolver.resolve-to-return-before-validation-and-drop
0,1,distinct,control,initial,null,named-success,100,5000,5000,0,chunk_elapsed_nanos,mean,7811045.725,ns,directory-deployment-resolver.resolve-to-return-before-validation-and-drop
0,1,distinct,control,initial,null,named-success,100,5000,5000,0,chunk_elapsed_nanos,median,7366717,ns,directory-deployment-resolver.resolve-to-return-before-validation-and-drop
0,1,distinct,control,initial,null,named-success,100,5000,5000,0,chunk_elapsed_nanos,median_absolute_deviation,964499.5,ns,directory-deployment-resolver.resolve-to-return-before-validation-and-drop
0,1,distinct,control,initial,null,named-success,100,5000,5000,0,chunk_elapsed_nanos,minimum,395486,ns,directory-deployment-resolver.resolve-to-return-before-validation-and-drop
0,1,distinct,control,initial,null,named-success,100,5000,5000,0,chunk_elapsed_nanos,p95,11195772,ns,directory-deployment-resolver.resolve-to-return-before-validation-and-drop
0,1,distinct,control,initial,null,named-success,100,5000,5000,0,chunk_elapsed_nanos,p99,15577897,ns,directory-deployment-resolver.resolve-to-return-before-validation-and-drop
0,1,distinct,control,initial,null,named-success,100,5000,5000,0,chunk_elapsed_nanos,standard_deviation,2292825.029325,ns,directory-deployment-resolver.resolve-to-return-before-validation-and-drop
0,1,distinct,control,initial,null,route-miss,100,1000,0,1000,elapsed_nanos,count,1000,samples,directory-deployment-resolver.resolve-to-return-before-validation-and-drop
0,1,distinct,control,initial,null,route-miss,100,1000,0,1000,elapsed_nanos,maximum,4890,ns,directory-deployment-resolver.resolve-to-return-before-validation-and-drop
0,1,distinct,control,initial,null,route-miss,100,1000,0,1000,elapsed_nanos,mean,379.097,ns,directory-deployment-resolver.resolve-to-return-before-validation-and-drop
0,1,distinct,control,initial,null,route-miss,100,1000,0,1000,elapsed_nanos,median,339,ns,directory-deployment-resolver.resolve-to-return-before-validation-and-drop
0,1,distinct,control,initial,null,route-miss,100,1000,0,1000,elapsed_nanos,median_absolute_deviation,21,ns,directory-deployment-resolver.resolve-to-return-before-validation-and-drop
0,1,distinct,control,initial,null,route-miss,100,1000,0,1000,elapsed_nanos,minimum,277,ns,directory-deployment-resolver.resolve-to-return-before-validation-and-drop
0,1,distinct,control,initial,null,route-miss,100,1000,0,1000,elapsed_nanos,p95,489,ns,directory-deployment-resolver.resolve-to-return-before-validation-and-drop
0,1,distinct,control,initial,null,route-miss,100,1000,0,1000,elapsed_nanos,p99,1072,ns,directory-deployment-resolver.resolve-to-return-before-validation-and-drop
0,1,distinct,control,initial,null,route-miss,100,1000,0,1000,elapsed_nanos,standard_deviation,264.837859,ns,directory-deployment-resolver.resolve-to-return-before-validation-and-drop
0,1,distinct,control,initial,null,route-miss,100,1000,0,1000,chunk_elapsed_nanos,count,8,samples,directory-deployment-resolver.resolve-to-return-before-validation-and-drop
0,1,distinct,control,initial,null,route-miss,100,1000,0,1000,chunk_elapsed_nanos,maximum,278262,ns,directory-deployment-resolver.resolve-to-return-before-validation-and-drop
0,1,distinct,control,initial,null,route-miss,100,1000,0,1000,chunk_elapsed_nanos,mean,247155.125,ns,directory-deployment-resolver.resolve-to-return-before-validation-and-drop
0,1,distinct,control,initial,null,route-miss,100,1000,0,1000,chunk_elapsed_nanos,median,254110,ns,directory-deployment-resolver.resolve-to-return-before-validation-and-drop
0,1,distinct,control,initial,null,route-miss,100,1000,0,1000,chunk_elapsed_nanos,median_absolute_deviation,10028,ns,directory-deployment-resolver.resolve-to-return-before-validation-and-drop
0,1,distinct,control,initial,null,route-miss,100,1000,0,1000,chunk_elapsed_nanos,minimum,184598,ns,directory-deployment-resolver.resolve-to-return-before-validation-and-drop
0,1,distinct,control,initial,null,route-miss,100,1000,0,1000,chunk_elapsed_nanos,p95,278262,ns,directory-deployment-resolver.resolve-to-return-before-validation-and-drop
0,1,distinct,control,initial,null,route-miss,100,1000,0,1000,chunk_elapsed_nanos,p99,278262,ns,directory-deployment-resolver.resolve-to-return-before-validation-and-drop
0,1,distinct,control,initial,null,route-miss,100,1000,0,1000,chunk_elapsed_nanos,standard_deviation,26323.478638,ns,directory-deployment-resolver.resolve-to-return-before-validation-and-drop
0,1,distinct,control,initial,null,export-miss,100,1000,0,1000,elapsed_nanos,count,1000,samples,directory-deployment-resolver.resolve-to-return-before-validation-and-drop
0,1,distinct,control,initial,null,export-miss,100,1000,0,1000,elapsed_nanos,maximum,44232,ns,directory-deployment-resolver.resolve-to-return-before-validation-and-drop
0,1,distinct,control,initial,null,export-miss,100,1000,0,1000,elapsed_nanos,mean,604.59,ns,directory-deployment-resolver.resolve-to-return-before-validation-and-drop
0,1,distinct,control,initial,null,export-miss,100,1000,0,1000,elapsed_nanos,median,479.5,ns,directory-deployment-resolver.resolve-to-return-before-validation-and-drop
0,1,distinct,control,initial,null,export-miss,100,1000,0,1000,elapsed_nanos,median_absolute_deviation,31.5,ns,directory-deployment-resolver.resolve-to-return-before-validation-and-drop
0,1,distinct,control,initial,null,export-miss,100,1000,0,1000,elapsed_nanos,minimum,375,ns,directory-deployment-resolver.resolve-to-return-before-validation-and-drop
0,1,distinct,control,initial,null,export-miss,100,1000,0,1000,elapsed_nanos,p95,725,ns,directory-deployment-resolver.resolve-to-return-before-validation-and-drop
0,1,distinct,control,initial,null,export-miss,100,1000,0,1000,elapsed_nanos,p99,3687,ns,directory-deployment-resolver.resolve-to-return-before-validation-and-drop
0,1,distinct,control,initial,null,export-miss,100,1000,0,1000,elapsed_nanos,standard_deviation,1485.177257,ns,directory-deployment-resolver.resolve-to-return-before-validation-and-drop
0,1,distinct,control,initial,null,export-miss,100,1000,0,1000,chunk_elapsed_nanos,count,8,samples,directory-deployment-resolver.resolve-to-return-before-validation-and-drop
0,1,distinct,control,initial,null,export-miss,100,1000,0,1000,chunk_elapsed_nanos,maximum,313255,ns,directory-deployment-resolver.resolve-to-return-before-validation-and-drop
0,1,distinct,control,initial,null,export-miss,100,1000,0,1000,chunk_elapsed_nanos,mean,259934.125,ns,directory-deployment-resolver.resolve-to-return-before-validation-and-drop
0,1,distinct,control,initial,null,export-miss,100,1000,0,1000,chunk_elapsed_nanos,median,257121,ns,directory-deployment-resolver.resolve-to-return-before-validation-and-drop
0,1,distinct,control,initial,null,export-miss,100,1000,0,1000,chunk_elapsed_nanos,median_absolute_deviation,12849,ns,directory-deployment-resolver.resolve-to-return-before-validation-and-drop
0,1,distinct,control,initial,null,export-miss,100,1000,0,1000,chunk_elapsed_nanos,minimum,206437,ns,directory-deployment-resolver.resolve-to-return-before-validation-and-drop
0,1,distinct,control,initial,null,export-miss,100,1000,0,1000,chunk_elapsed_nanos,p95,313255,ns,directory-deployment-resolver.resolve-to-return-before-validation-and-drop
0,1,distinct,control,initial,null,export-miss,100,1000,0,1000,chunk_elapsed_nanos,p99,313255,ns,directory-deployment-resolver.resolve-to-return-before-validation-and-drop
0,1,distinct,control,initial,null,export-miss,100,1000,0,1000,chunk_elapsed_nanos,standard_deviation,30383.157318,ns,directory-deployment-resolver.resolve-to-return-before-validation-and-drop
0,1,distinct,control,initial,null,default-success,1000,5000,5000,0,elapsed_nanos,count,5000,samples,directory-deployment-resolver.resolve-to-return-before-validation-and-drop
0,1,distinct,control,initial,null,default-success,1000,5000,5000,0,elapsed_nanos,maximum,108330,ns,directory-deployment-resolver.resolve-to-return-before-validation-and-drop
0,1,distinct,control,initial,null,default-success,1000,5000,5000,0,elapsed_nanos,mean,4829.5946,ns,directory-deployment-resolver.resolve-to-return-before-validation-and-drop
0,1,distinct,control,initial,null,default-success,1000,5000,5000,0,elapsed_nanos,median,3921,ns,directory-deployment-resolver.resolve-to-return-before-validation-and-drop
0,1,distinct,control,initial,null,default-success,1000,5000,5000,0,elapsed_nanos,median_absolute_deviation,600,ns,directory-deployment-resolver.resolve-to-return-before-validation-and-drop
0,1,distinct,control,initial,null,default-success,1000,5000,5000,0,elapsed_nanos,minimum,2139,ns,directory-deployment-resolver.resolve-to-return-before-validation-and-drop
0,1,distinct,control,initial,null,default-success,1000,5000,5000,0,elapsed_nanos,p95,9771,ns,directory-deployment-resolver.resolve-to-return-before-validation-and-drop
0,1,distinct,control,initial,null,default-success,1000,5000,5000,0,elapsed_nanos,p99,21307,ns,directory-deployment-resolver.resolve-to-return-before-validation-and-drop
0,1,distinct,control,initial,null,default-success,1000,5000,5000,0,elapsed_nanos,standard_deviation,3812.390729,ns,directory-deployment-resolver.resolve-to-return-before-validation-and-drop
0,1,distinct,control,initial,null,default-success,1000,5000,5000,0,chunk_elapsed_nanos,count,40,samples,directory-deployment-resolver.resolve-to-return-before-validation-and-drop
0,1,distinct,control,initial,null,default-success,1000,5000,5000,0,chunk_elapsed_nanos,maximum,10207939,ns,directory-deployment-resolver.resolve-to-return-before-validation-and-drop
0,1,distinct,control,initial,null,default-success,1000,5000,5000,0,chunk_elapsed_nanos,mean,7325918.7,ns,directory-deployment-resolver.resolve-to-return-before-validation-and-drop
0,1,distinct,control,initial,null,default-success,1000,5000,5000,0,chunk_elapsed_nanos,median,7096552.5,ns,directory-deployment-resolver.resolve-to-return-before-validation-and-drop
0,1,distinct,control,initial,null,default-success,1000,5000,5000,0,chunk_elapsed_nanos,median_absolute_deviation,535904.5,ns,directory-deployment-resolver.resolve-to-return-before-validation-and-drop
0,1,distinct,control,initial,null,default-success,1000,5000,5000,0,chunk_elapsed_nanos,minimum,516630,ns,directory-deployment-resolver.resolve-to-return-before-validation-and-drop
0,1,distinct,control,initial,null,default-success,1000,5000,5000,0,chunk_elapsed_nanos,p95,10012924,ns,directory-deployment-resolver.resolve-to-return-before-validation-and-drop
0,1,distinct,control,initial,null,default-success,1000,5000,5000,0,chunk_elapsed_nanos,p99,10207939,ns,directory-deployment-resolver.resolve-to-return-before-validation-and-drop
0,1,distinct,control,initial,null,default-success,1000,5000,5000,0,chunk_elapsed_nanos,standard_deviation,1520998.214829,ns,directory-deployment-resolver.resolve-to-return-before-validation-and-drop
0,1,distinct,control,initial,null,named-success,1000,5000,5000,0,elapsed_nanos,count,5000,samples,directory-deployment-resolver.resolve-to-return-before-validation-and-drop
0,1,distinct,control,initial,null,named-success,1000,5000,5000,0,elapsed_nanos,maximum,69764,ns,directory-deployment-resolver.resolve-to-return-before-validation-and-drop
0,1,distinct,control,initial,null,named-success,1000,5000,5000,0,elapsed_nanos,mean,5333.5582,ns,directory-deployment-resolver.resolve-to-return-before-validation-and-drop
0,1,distinct,control,initial,null,named-success,1000,5000,5000,0,elapsed_nanos,median,4049,ns,directory-deployment-resolver.resolve-to-return-before-validation-and-drop
0,1,distinct,control,initial,null,named-success,1000,5000,5000,0,elapsed_nanos,median_absolute_deviation,617.5,ns,directory-deployment-resolver.resolve-to-return-before-validation-and-drop
0,1,distinct,control,initial,null,named-success,1000,5000,5000,0,elapsed_nanos,minimum,2184,ns,directory-deployment-resolver.resolve-to-return-before-validation-and-drop
0,1,distinct,control,initial,null,named-success,1000,5000,5000,0,elapsed_nanos,p95,13683,ns,directory-deployment-resolver.resolve-to-return-before-validation-and-drop
0,1,distinct,control,initial,null,named-success,1000,5000,5000,0,elapsed_nanos,p99,24747,ns,directory-deployment-resolver.resolve-to-return-before-validation-and-drop
0,1,distinct,control,initial,null,named-success,1000,5000,5000,0,elapsed_nanos,standard_deviation,4542.800094,ns,directory-deployment-resolver.resolve-to-return-before-validation-and-drop
0,1,distinct,control,initial,null,named-success,1000,5000,5000,0,chunk_elapsed_nanos,count,40,samples,directory-deployment-resolver.resolve-to-return-before-validation-and-drop
0,1,distinct,control,initial,null,named-success,1000,5000,5000,0,chunk_elapsed_nanos,maximum,17135645,ns,directory-deployment-resolver.resolve-to-return-before-validation-and-drop
0,1,distinct,control,initial,null,named-success,1000,5000,5000,0,chunk_elapsed_nanos,mean,8238017.075,ns,directory-deployment-resolver.resolve-to-return-before-validation-and-drop
0,1,distinct,control,initial,null,named-success,1000,5000,5000,0,chunk_elapsed_nanos,median,8195249,ns,directory-deployment-resolver.resolve-to-return-before-validation-and-drop
0,1,distinct,control,initial,null,named-success,1000,5000,5000,0,chunk_elapsed_nanos,median_absolute_deviation,933181.5,ns,directory-deployment-resolver.resolve-to-return-before-validation-and-drop
0,1,distinct,control,initial,null,named-success,1000,5000,5000,0,chunk_elapsed_nanos,minimum,465557,ns,directory-deployment-resolver.resolve-to-return-before-validation-and-drop
0,1,distinct,control,initial,null,named-success,1000,5000,5000,0,chunk_elapsed_nanos,p95,11050629,ns,directory-deployment-resolver.resolve-to-return-before-validation-and-drop
0,1,distinct,control,initial,null,named-success,1000,5000,5000,0,chunk_elapsed_nanos,p99,17135645,ns,directory-deployment-resolver.resolve-to-return-before-validation-and-drop
0,1,distinct,control,initial,null,named-success,1000,5000,5000,0,chunk_elapsed_nanos,standard_deviation,2249970.429817,ns,directory-deployment-resolver.resolve-to-return-before-validation-and-drop
0,1,distinct,control,initial,null,route-miss,1000,1000,0,1000,elapsed_nanos,count,1000,samples,directory-deployment-resolver.resolve-to-return-before-validation-and-drop
0,1,distinct,control,initial,null,route-miss,1000,1000,0,1000,elapsed_nanos,maximum,17735,ns,directory-deployment-resolver.resolve-to-return-before-validation-and-drop
0,1,distinct,control,initial,null,route-miss,1000,1000,0,1000,elapsed_nanos,mean,804.525,ns,directory-deployment-resolver.resolve-to-return-before-validation-and-drop
0,1,distinct,control,initial,null,route-miss,1000,1000,0,1000,elapsed_nanos,median,623,ns,directory-deployment-resolver.resolve-to-return-before-validation-and-drop
0,1,distinct,control,initial,null,route-miss,1000,1000,0,1000,elapsed_nanos,median_absolute_deviation,129,ns,directory-deployment-resolver.resolve-to-return-before-validation-and-drop
0,1,distinct,control,initial,null,route-miss,1000,1000,0,1000,elapsed_nanos,minimum,359,ns,directory-deployment-resolver.resolve-to-return-before-validation-and-drop
0,1,distinct,control,initial,null,route-miss,1000,1000,0,1000,elapsed_nanos,p95,1308,ns,directory-deployment-resolver.resolve-to-return-before-validation-and-drop
0,1,distinct,control,initial,null,route-miss,1000,1000,0,1000,elapsed_nanos,p99,5001,ns,directory-deployment-resolver.resolve-to-return-before-validation-and-drop
0,1,distinct,control,initial,null,route-miss,1000,1000,0,1000,elapsed_nanos,standard_deviation,928.938804,ns,directory-deployment-resolver.resolve-to-return-before-validation-and-drop
0,1,distinct,control,initial,null,route-miss,1000,1000,0,1000,chunk_elapsed_nanos,count,8,samples,directory-deployment-resolver.resolve-to-return-before-validation-and-drop
0,1,distinct,control,initial,null,route-miss,1000,1000,0,1000,chunk_elapsed_nanos,maximum,373391,ns,directory-deployment-resolver.resolve-to-return-before-validation-and-drop
0,1,distinct,control,initial,null,route-miss,1000,1000,0,1000,chunk_elapsed_nanos,mean,310832.75,ns,directory-deployment-resolver.resolve-to-return-before-validation-and-drop
0,1,distinct,control,initial,null,route-miss,1000,1000,0,1000,chunk_elapsed_nanos,median,310750.5,ns,directory-deployment-resolver.resolve-to-return-before-validation-and-drop
0,1,distinct,control,initial,null,route-miss,1000,1000,0,1000,chunk_elapsed_nanos,median_absolute_deviation,17539.5,ns,directory-deployment-resolver.resolve-to-return-before-validation-and-drop
0,1,distinct,control,initial,null,route-miss,1000,1000,0,1000,chunk_elapsed_nanos,minimum,235844,ns,directory-deployment-resolver.resolve-to-return-before-validation-and-drop
0,1,distinct,control,initial,null,route-miss,1000,1000,0,1000,chunk_elapsed_nanos,p95,373391,ns,directory-deployment-resolver.resolve-to-return-before-validation-and-drop
0,1,distinct,control,initial,null,route-miss,1000,1000,0,1000,chunk_elapsed_nanos,p99,373391,ns,directory-deployment-resolver.resolve-to-return-before-validation-and-drop
0,1,distinct,control,initial,null,route-miss,1000,1000,0,1000,chunk_elapsed_nanos,standard_deviation,38897.565832,ns,directory-deployment-resolver.resolve-to-return-before-validation-and-drop
0,1,distinct,control,initial,null,export-miss,1000,1000,0,1000,elapsed_nanos,count,1000,samples,directory-deployment-resolver.resolve-to-return-before-validation-and-drop
0,1,distinct,control,initial,null,export-miss,1000,1000,0,1000,elapsed_nanos,maximum,31807,ns,directory-deployment-resolver.resolve-to-return-before-validation-and-drop
0,1,distinct,control,initial,null,export-miss,1000,1000,0,1000,elapsed_nanos,mean,1703.754,ns,directory-deployment-resolver.resolve-to-return-before-validation-and-drop
0,1,distinct,control,initial,null,export-miss,1000,1000,0,1000,elapsed_nanos,median,1321.5,ns,directory-deployment-resolver.resolve-to-return-before-validation-and-drop
0,1,distinct,control,initial,null,export-miss,1000,1000,0,1000,elapsed_nanos,median_absolute_deviation,319,ns,directory-deployment-resolver.resolve-to-return-before-validation-and-drop
0,1,distinct,control,initial,null,export-miss,1000,1000,0,1000,elapsed_nanos,minimum,610,ns,directory-deployment-resolver.resolve-to-return-before-validation-and-drop
0,1,distinct,control,initial,null,export-miss,1000,1000,0,1000,elapsed_nanos,p95,2470,ns,directory-deployment-resolver.resolve-to-return-before-validation-and-drop
0,1,distinct,control,initial,null,export-miss,1000,1000,0,1000,elapsed_nanos,p99,13849,ns,directory-deployment-resolver.resolve-to-return-before-validation-and-drop
0,1,distinct,control,initial,null,export-miss,1000,1000,0,1000,elapsed_nanos,standard_deviation,2385.555209,ns,directory-deployment-resolver.resolve-to-return-before-validation-and-drop
0,1,distinct,control,initial,null,export-miss,1000,1000,0,1000,chunk_elapsed_nanos,count,8,samples,directory-deployment-resolver.resolve-to-return-before-validation-and-drop
0,1,distinct,control,initial,null,export-miss,1000,1000,0,1000,chunk_elapsed_nanos,maximum,858349,ns,directory-deployment-resolver.resolve-to-return-before-validation-and-drop
0,1,distinct,control,initial,null,export-miss,1000,1000,0,1000,chunk_elapsed_nanos,mean,555225,ns,directory-deployment-resolver.resolve-to-return-before-validation-and-drop
0,1,distinct,control,initial,null,export-miss,1000,1000,0,1000,chunk_elapsed_nanos,median,623050.5,ns,directory-deployment-resolver.resolve-to-return-before-validation-and-drop
0,1,distinct,control,initial,null,export-miss,1000,1000,0,1000,chunk_elapsed_nanos,median_absolute_deviation,152943,ns,directory-deployment-resolver.resolve-to-return-before-validation-and-drop
0,1,distinct,control,initial,null,export-miss,1000,1000,0,1000,chunk_elapsed_nanos,minimum,272374,ns,directory-deployment-resolver.resolve-to-return-before-validation-and-drop
0,1,distinct,control,initial,null,export-miss,1000,1000,0,1000,chunk_elapsed_nanos,p95,858349,ns,directory-deployment-resolver.resolve-to-return-before-validation-and-drop
0,1,distinct,control,initial,null,export-miss,1000,1000,0,1000,chunk_elapsed_nanos,p99,858349,ns,directory-deployment-resolver.resolve-to-return-before-validation-and-drop
0,1,distinct,control,initial,null,export-miss,1000,1000,0,1000,chunk_elapsed_nanos,standard_deviation,192008.01334,ns,directory-deployment-resolver.resolve-to-return-before-validation-and-drop
0,1,distinct,control,initial,null,default-success,10000,5000,5000,0,elapsed_nanos,count,5000,samples,directory-deployment-resolver.resolve-to-return-before-validation-and-drop
0,1,distinct,control,initial,null,default-success,10000,5000,5000,0,elapsed_nanos,maximum,365749,ns,directory-deployment-resolver.resolve-to-return-before-validation-and-drop
0,1,distinct,control,initial,null,default-success,10000,5000,5000,0,elapsed_nanos,mean,10040.3254,ns,directory-deployment-resolver.resolve-to-return-before-validation-and-drop
0,1,distinct,control,initial,null,default-success,10000,5000,5000,0,elapsed_nanos,median,7527.5,ns,directory-deployment-resolver.resolve-to-return-before-validation-and-drop
0,1,distinct,control,initial,null,default-success,10000,5000,5000,0,elapsed_nanos,median_absolute_deviation,1297,ns,directory-deployment-resolver.resolve-to-return-before-validation-and-drop
0,1,distinct,control,initial,null,default-success,10000,5000,5000,0,elapsed_nanos,minimum,4310,ns,directory-deployment-resolver.resolve-to-return-before-validation-and-drop
0,1,distinct,control,initial,null,default-success,10000,5000,5000,0,elapsed_nanos,p95,24512,ns,directory-deployment-resolver.resolve-to-return-before-validation-and-drop
0,1,distinct,control,initial,null,default-success,10000,5000,5000,0,elapsed_nanos,p99,40522,ns,directory-deployment-resolver.resolve-to-return-before-validation-and-drop
0,1,distinct,control,initial,null,default-success,10000,5000,5000,0,elapsed_nanos,standard_deviation,9681.078885,ns,directory-deployment-resolver.resolve-to-return-before-validation-and-drop
0,1,distinct,control,initial,null,default-success,10000,5000,5000,0,chunk_elapsed_nanos,count,40,samples,directory-deployment-resolver.resolve-to-return-before-validation-and-drop
0,1,distinct,control,initial,null,default-success,10000,5000,5000,0,chunk_elapsed_nanos,maximum,20082718,ns,directory-deployment-resolver.resolve-to-return-before-validation-and-drop
0,1,distinct,control,initial,null,default-success,10000,5000,5000,0,chunk_elapsed_nanos,mean,12209460.375,ns,directory-deployment-resolver.resolve-to-return-before-validation-and-drop
0,1,distinct,control,initial,null,default-success,10000,5000,5000,0,chunk_elapsed_nanos,median,11971889,ns,directory-deployment-resolver.resolve-to-return-before-validation-and-drop
0,1,distinct,control,initial,null,default-success,10000,5000,5000,0,chunk_elapsed_nanos,median_absolute_deviation,1546670.5,ns,directory-deployment-resolver.resolve-to-return-before-validation-and-drop
0,1,distinct,control,initial,null,default-success,10000,5000,5000,0,chunk_elapsed_nanos,minimum,879888,ns,directory-deployment-resolver.resolve-to-return-before-validation-and-drop
0,1,distinct,control,initial,null,default-success,10000,5000,5000,0,chunk_elapsed_nanos,p95,17947118,ns,directory-deployment-resolver.resolve-to-return-before-validation-and-drop
0,1,distinct,control,initial,null,default-success,10000,5000,5000,0,chunk_elapsed_nanos,p99,20082718,ns,directory-deployment-resolver.resolve-to-return-before-validation-and-drop
0,1,distinct,control,initial,null,default-success,10000,5000,5000,0,chunk_elapsed_nanos,standard_deviation,2991131.552208,ns,directory-deployment-resolver.resolve-to-return-before-validation-and-drop
0,1,distinct,control,initial,null,named-success,10000,5000,5000,0,elapsed_nanos,count,5000,samples,directory-deployment-resolver.resolve-to-return-before-validation-and-drop
0,1,distinct,control,initial,null,named-success,10000,5000,5000,0,elapsed_nanos,maximum,338530,ns,directory-deployment-resolver.resolve-to-return-before-validation-and-drop
0,1,distinct,control,initial,null,named-success,10000,5000,5000,0,elapsed_nanos,mean,9653.8904,ns,directory-deployment-resolver.resolve-to-return-before-validation-and-drop
0,1,distinct,control,initial,null,named-success,10000,5000,5000,0,elapsed_nanos,median,7277.5,ns,directory-deployment-resolver.resolve-to-return-before-validation-and-drop
0,1,distinct,control,initial,null,named-success,10000,5000,5000,0,elapsed_nanos,median_absolute_deviation,1202.5,ns,directory-deployment-resolver.resolve-to-return-before-validation-and-drop
0,1,distinct,control,initial,null,named-success,10000,5000,5000,0,elapsed_nanos,minimum,3687,ns,directory-deployment-resolver.resolve-to-return-before-validation-and-drop
0,1,distinct,control,initial,null,named-success,10000,5000,5000,0,elapsed_nanos,p95,23486,ns,directory-deployment-resolver.resolve-to-return-before-validation-and-drop
0,1,distinct,control,initial,null,named-success,10000,5000,5000,0,elapsed_nanos,p99,41429,ns,directory-deployment-resolver.resolve-to-return-before-validation-and-drop
0,1,distinct,control,initial,null,named-success,10000,5000,5000,0,elapsed_nanos,standard_deviation,9234.821659,ns,directory-deployment-resolver.resolve-to-return-before-validation-and-drop
0,1,distinct,control,initial,null,named-success,10000,5000,5000,0,chunk_elapsed_nanos,count,40,samples,directory-deployment-resolver.resolve-to-return-before-validation-and-drop
0,1,distinct,control,initial,null,named-success,10000,5000,5000,0,chunk_elapsed_nanos,maximum,19089728,ns,directory-deployment-resolver.resolve-to-return-before-validation-and-drop
0,1,distinct,control,initial,null,named-success,10000,5000,5000,0,chunk_elapsed_nanos,mean,11879866.3,ns,directory-deployment-resolver.resolve-to-return-before-validation-and-drop
0,1,distinct,control,initial,null,named-success,10000,5000,5000,0,chunk_elapsed_nanos,median,11628547,ns,directory-deployment-resolver.resolve-to-return-before-validation-and-drop
0,1,distinct,control,initial,null,named-success,10000,5000,5000,0,chunk_elapsed_nanos,median_absolute_deviation,1222724.5,ns,directory-deployment-resolver.resolve-to-return-before-validation-and-drop
0,1,distinct,control,initial,null,named-success,10000,5000,5000,0,chunk_elapsed_nanos,minimum,589159,ns,directory-deployment-resolver.resolve-to-return-before-validation-and-drop
0,1,distinct,control,initial,null,named-success,10000,5000,5000,0,chunk_elapsed_nanos,p95,15718827,ns,directory-deployment-resolver.resolve-to-return-before-validation-and-drop
0,1,distinct,control,initial,null,named-success,10000,5000,5000,0,chunk_elapsed_nanos,p99,19089728,ns,directory-deployment-resolver.resolve-to-return-before-validation-and-drop
0,1,distinct,control,initial,null,named-success,10000,5000,5000,0,chunk_elapsed_nanos,standard_deviation,2791936.609825,ns,directory-deployment-resolver.resolve-to-return-before-validation-and-drop
0,1,distinct,control,initial,null,route-miss,10000,1000,0,1000,elapsed_nanos,count,1000,samples,directory-deployment-resolver.resolve-to-return-before-validation-and-drop
0,1,distinct,control,initial,null,route-miss,10000,1000,0,1000,elapsed_nanos,maximum,25763,ns,directory-deployment-resolver.resolve-to-return-before-validation-and-drop
0,1,distinct,control,initial,null,route-miss,10000,1000,0,1000,elapsed_nanos,mean,2525.311,ns,directory-deployment-resolver.resolve-to-return-before-validation-and-drop
0,1,distinct,control,initial,null,route-miss,10000,1000,0,1000,elapsed_nanos,median,2018.5,ns,directory-deployment-resolver.resolve-to-return-before-validation-and-drop
0,1,distinct,control,initial,null,route-miss,10000,1000,0,1000,elapsed_nanos,median_absolute_deviation,495.5,ns,directory-deployment-resolver.resolve-to-return-before-validation-and-drop
0,1,distinct,control,initial,null,route-miss,10000,1000,0,1000,elapsed_nanos,minimum,698,ns,directory-deployment-resolver.resolve-to-return-before-validation-and-drop
0,1,distinct,control,initial,null,route-miss,10000,1000,0,1000,elapsed_nanos,p95,4666,ns,directory-deployment-resolver.resolve-to-return-before-validation-and-drop
0,1,distinct,control,initial,null,route-miss,10000,1000,0,1000,elapsed_nanos,p99,16665,ns,directory-deployment-resolver.resolve-to-return-before-validation-and-drop
0,1,distinct,control,initial,null,route-miss,10000,1000,0,1000,elapsed_nanos,standard_deviation,2446.936886,ns,directory-deployment-resolver.resolve-to-return-before-validation-and-drop
0,1,distinct,control,initial,null,route-miss,10000,1000,0,1000,chunk_elapsed_nanos,count,8,samples,directory-deployment-resolver.resolve-to-return-before-validation-and-drop
0,1,distinct,control,initial,null,route-miss,10000,1000,0,1000,chunk_elapsed_nanos,maximum,1792209,ns,directory-deployment-resolver.resolve-to-return-before-validation-and-drop
0,1,distinct,control,initial,null,route-miss,10000,1000,0,1000,chunk_elapsed_nanos,mean,1006047.375,ns,directory-deployment-resolver.resolve-to-return-before-validation-and-drop
0,1,distinct,control,initial,null,route-miss,10000,1000,0,1000,chunk_elapsed_nanos,median,901327.5,ns,directory-deployment-resolver.resolve-to-return-before-validation-and-drop
0,1,distinct,control,initial,null,route-miss,10000,1000,0,1000,chunk_elapsed_nanos,median_absolute_deviation,100345.5,ns,directory-deployment-resolver.resolve-to-return-before-validation-and-drop
0,1,distinct,control,initial,null,route-miss,10000,1000,0,1000,chunk_elapsed_nanos,minimum,649849,ns,directory-deployment-resolver.resolve-to-return-before-validation-and-drop
0,1,distinct,control,initial,null,route-miss,10000,1000,0,1000,chunk_elapsed_nanos,p95,1792209,ns,directory-deployment-resolver.resolve-to-return-before-validation-and-drop
0,1,distinct,control,initial,null,route-miss,10000,1000,0,1000,chunk_elapsed_nanos,p99,1792209,ns,directory-deployment-resolver.resolve-to-return-before-validation-and-drop
0,1,distinct,control,initial,null,route-miss,10000,1000,0,1000,chunk_elapsed_nanos,standard_deviation,337685.088872,ns,directory-deployment-resolver.resolve-to-return-before-validation-and-drop
0,1,distinct,control,initial,null,export-miss,10000,1000,0,1000,elapsed_nanos,count,1000,samples,directory-deployment-resolver.resolve-to-return-before-validation-and-drop
0,1,distinct,control,initial,null,export-miss,10000,1000,0,1000,elapsed_nanos,maximum,26078,ns,directory-deployment-resolver.resolve-to-return-before-validation-and-drop
0,1,distinct,control,initial,null,export-miss,10000,1000,0,1000,elapsed_nanos,mean,3437.962,ns,directory-deployment-resolver.resolve-to-return-before-validation-and-drop
0,1,distinct,control,initial,null,export-miss,10000,1000,0,1000,elapsed_nanos,median,2903,ns,directory-deployment-resolver.resolve-to-return-before-validation-and-drop
0,1,distinct,control,initial,null,export-miss,10000,1000,0,1000,elapsed_nanos,median_absolute_deviation,384,ns,directory-deployment-resolver.resolve-to-return-before-validation-and-drop
0,1,distinct,control,initial,null,export-miss,10000,1000,0,1000,elapsed_nanos,minimum,1400,ns,directory-deployment-resolver.resolve-to-return-before-validation-and-drop
0,1,distinct,control,initial,null,export-miss,10000,1000,0,1000,elapsed_nanos,p95,5623,ns,directory-deployment-resolver.resolve-to-return-before-validation-and-drop
0,1,distinct,control,initial,null,export-miss,10000,1000,0,1000,elapsed_nanos,p99,20501,ns,directory-deployment-resolver.resolve-to-return-before-validation-and-drop
0,1,distinct,control,initial,null,export-miss,10000,1000,0,1000,elapsed_nanos,standard_deviation,2775.914842,ns,directory-deployment-resolver.resolve-to-return-before-validation-and-drop
0,1,distinct,control,initial,null,export-miss,10000,1000,0,1000,chunk_elapsed_nanos,count,8,samples,directory-deployment-resolver.resolve-to-return-before-validation-and-drop
0,1,distinct,control,initial,null,export-miss,10000,1000,0,1000,chunk_elapsed_nanos,maximum,1179336,ns,directory-deployment-resolver.resolve-to-return-before-validation-and-drop
0,1,distinct,control,initial,null,export-miss,10000,1000,0,1000,chunk_elapsed_nanos,mean,941607.125,ns,directory-deployment-resolver.resolve-to-return-before-validation-and-drop
0,1,distinct,control,initial,null,export-miss,10000,1000,0,1000,chunk_elapsed_nanos,median,928945,ns,directory-deployment-resolver.resolve-to-return-before-validation-and-drop
0,1,distinct,control,initial,null,export-miss,10000,1000,0,1000,chunk_elapsed_nanos,median_absolute_deviation,66894.5,ns,directory-deployment-resolver.resolve-to-return-before-validation-and-drop
0,1,distinct,control,initial,null,export-miss,10000,1000,0,1000,chunk_elapsed_nanos,minimum,763780,ns,directory-deployment-resolver.resolve-to-return-before-validation-and-drop
0,1,distinct,control,initial,null,export-miss,10000,1000,0,1000,chunk_elapsed_nanos,p95,1179336,ns,directory-deployment-resolver.resolve-to-return-before-validation-and-drop
0,1,distinct,control,initial,null,export-miss,10000,1000,0,1000,chunk_elapsed_nanos,p99,1179336,ns,directory-deployment-resolver.resolve-to-return-before-validation-and-drop
0,1,distinct,control,initial,null,export-miss,10000,1000,0,1000,chunk_elapsed_nanos,standard_deviation,117363.010993,ns,directory-deployment-resolver.resolve-to-return-before-validation-and-drop
0,1,distinct,control,initial,null,default-success,100000,5000,5000,0,elapsed_nanos,count,5000,samples,directory-deployment-resolver.resolve-to-return-before-validation-and-drop
0,1,distinct,control,initial,null,default-success,100000,5000,5000,0,elapsed_nanos,maximum,229018,ns,directory-deployment-resolver.resolve-to-return-before-validation-and-drop
0,1,distinct,control,initial,null,default-success,100000,5000,5000,0,elapsed_nanos,mean,23808.485,ns,directory-deployment-resolver.resolve-to-return-before-validation-and-drop
0,1,distinct,control,initial,null,default-success,100000,5000,5000,0,elapsed_nanos,median,19787,ns,directory-deployment-resolver.resolve-to-return-before-validation-and-drop
0,1,distinct,control,initial,null,default-success,100000,5000,5000,0,elapsed_nanos,median_absolute_deviation,3416,ns,directory-deployment-resolver.resolve-to-return-before-validation-and-drop
0,1,distinct,control,initial,null,default-success,100000,5000,5000,0,elapsed_nanos,minimum,9676,ns,directory-deployment-resolver.resolve-to-return-before-validation-and-drop
0,1,distinct,control,initial,null,default-success,100000,5000,5000,0,elapsed_nanos,p95,48323,ns,directory-deployment-resolver.resolve-to-return-before-validation-and-drop
0,1,distinct,control,initial,null,default-success,100000,5000,5000,0,elapsed_nanos,p99,74501,ns,directory-deployment-resolver.resolve-to-return-before-validation-and-drop
0,1,distinct,control,initial,null,default-success,100000,5000,5000,0,elapsed_nanos,standard_deviation,13422.989814,ns,directory-deployment-resolver.resolve-to-return-before-validation-and-drop
0,1,distinct,control,initial,null,default-success,100000,5000,5000,0,chunk_elapsed_nanos,count,40,samples,directory-deployment-resolver.resolve-to-return-before-validation-and-drop
0,1,distinct,control,initial,null,default-success,100000,5000,5000,0,chunk_elapsed_nanos,maximum,27579001,ns,directory-deployment-resolver.resolve-to-return-before-validation-and-drop
0,1,distinct,control,initial,null,default-success,100000,5000,5000,0,chunk_elapsed_nanos,mean,18327044.05,ns,directory-deployment-resolver.resolve-to-return-before-validation-and-drop
0,1,distinct,control,initial,null,default-success,100000,5000,5000,0,chunk_elapsed_nanos,median,17845768.5,ns,directory-deployment-resolver.resolve-to-return-before-validation-and-drop
0,1,distinct,control,initial,null,default-success,100000,5000,5000,0,chunk_elapsed_nanos,median_absolute_deviation,1822797.5,ns,directory-deployment-resolver.resolve-to-return-before-validation-and-drop
0,1,distinct,control,initial,null,default-success,100000,5000,5000,0,chunk_elapsed_nanos,minimum,2249656,ns,directory-deployment-resolver.resolve-to-return-before-validation-and-drop
0,1,distinct,control,initial,null,default-success,100000,5000,5000,0,chunk_elapsed_nanos,p95,23055579,ns,directory-deployment-resolver.resolve-to-return-before-validation-and-drop
0,1,distinct,control,initial,null,default-success,100000,5000,5000,0,chunk_elapsed_nanos,p99,27579001,ns,directory-deployment-resolver.resolve-to-return-before-validation-and-drop
0,1,distinct,control,initial,null,default-success,100000,5000,5000,0,chunk_elapsed_nanos,standard_deviation,3986037.191722,ns,directory-deployment-resolver.resolve-to-return-before-validation-and-drop
0,1,distinct,control,initial,null,named-success,100000,5000,5000,0,elapsed_nanos,count,5000,samples,directory-deployment-resolver.resolve-to-return-before-validation-and-drop
0,1,distinct,control,initial,null,named-success,100000,5000,5000,0,elapsed_nanos,maximum,5495785,ns,directory-deployment-resolver.resolve-to-return-before-validation-and-drop
0,1,distinct,control,initial,null,named-success,100000,5000,5000,0,elapsed_nanos,mean,30075.4514,ns,directory-deployment-resolver.resolve-to-return-before-validation-and-drop
0,1,distinct,control,initial,null,named-success,100000,5000,5000,0,elapsed_nanos,median,24375,ns,directory-deployment-resolver.resolve-to-return-before-validation-and-drop
0,1,distinct,control,initial,null,named-success,100000,5000,5000,0,elapsed_nanos,median_absolute_deviation,4323,ns,directory-deployment-resolver.resolve-to-return-before-validation-and-drop
0,1,distinct,control,initial,null,named-success,100000,5000,5000,0,elapsed_nanos,minimum,12108,ns,directory-deployment-resolver.resolve-to-return-before-validation-and-drop
0,1,distinct,control,initial,null,named-success,100000,5000,5000,0,elapsed_nanos,p95,42404,ns,directory-deployment-resolver.resolve-to-return-before-validation-and-drop
0,1,distinct,control,initial,null,named-success,100000,5000,5000,0,elapsed_nanos,p99,93094,ns,directory-deployment-resolver.resolve-to-return-before-validation-and-drop
0,1,distinct,control,initial,null,named-success,100000,5000,5000,0,elapsed_nanos,standard_deviation,118671.653477,ns,directory-deployment-resolver.resolve-to-return-before-validation-and-drop
0,1,distinct,control,initial,null,named-success,100000,5000,5000,0,chunk_elapsed_nanos,count,40,samples,directory-deployment-resolver.resolve-to-return-before-validation-and-drop
0,1,distinct,control,initial,null,named-success,100000,5000,5000,0,chunk_elapsed_nanos,maximum,38282884,ns,directory-deployment-resolver.resolve-to-return-before-validation-and-drop
0,1,distinct,control,initial,null,named-success,100000,5000,5000,0,chunk_elapsed_nanos,mean,23521377.075,ns,directory-deployment-resolver.resolve-to-return-before-validation-and-drop
0,1,distinct,control,initial,null,named-success,100000,5000,5000,0,chunk_elapsed_nanos,median,22950129,ns,directory-deployment-resolver.resolve-to-return-before-validation-and-drop
0,1,distinct,control,initial,null,named-success,100000,5000,5000,0,chunk_elapsed_nanos,median_absolute_deviation,2748510.5,ns,directory-deployment-resolver.resolve-to-return-before-validation-and-drop
0,1,distinct,control,initial,null,named-success,100000,5000,5000,0,chunk_elapsed_nanos,minimum,2127884,ns,directory-deployment-resolver.resolve-to-return-before-validation-and-drop
0,1,distinct,control,initial,null,named-success,100000,5000,5000,0,chunk_elapsed_nanos,p95,35000721,ns,directory-deployment-resolver.resolve-to-return-before-validation-and-drop
0,1,distinct,control,initial,null,named-success,100000,5000,5000,0,chunk_elapsed_nanos,p99,38282884,ns,directory-deployment-resolver.resolve-to-return-before-validation-and-drop
0,1,distinct,control,initial,null,named-success,100000,5000,5000,0,chunk_elapsed_nanos,standard_deviation,5927899.787311,ns,directory-deployment-resolver.resolve-to-return-before-validation-and-drop
0,1,distinct,control,initial,null,route-miss,100000,1000,0,1000,elapsed_nanos,count,1000,samples,directory-deployment-resolver.resolve-to-return-before-validation-and-drop
0,1,distinct,control,initial,null,route-miss,100000,1000,0,1000,elapsed_nanos,maximum,620282,ns,directory-deployment-resolver.resolve-to-return-before-validation-and-drop
0,1,distinct,control,initial,null,route-miss,100000,1000,0,1000,elapsed_nanos,mean,11703.581,ns,directory-deployment-resolver.resolve-to-return-before-validation-and-drop
0,1,distinct,control,initial,null,route-miss,100000,1000,0,1000,elapsed_nanos,median,9539.5,ns,directory-deployment-resolver.resolve-to-return-before-validation-and-drop
0,1,distinct,control,initial,null,route-miss,100000,1000,0,1000,elapsed_nanos,median_absolute_deviation,2170.5,ns,directory-deployment-resolver.resolve-to-return-before-validation-and-drop
0,1,distinct,control,initial,null,route-miss,100000,1000,0,1000,elapsed_nanos,minimum,3469,ns,directory-deployment-resolver.resolve-to-return-before-validation-and-drop
0,1,distinct,control,initial,null,route-miss,100000,1000,0,1000,elapsed_nanos,p95,17566,ns,directory-deployment-resolver.resolve-to-return-before-validation-and-drop
0,1,distinct,control,initial,null,route-miss,100000,1000,0,1000,elapsed_nanos,p99,42303,ns,directory-deployment-resolver.resolve-to-return-before-validation-and-drop
0,1,distinct,control,initial,null,route-miss,100000,1000,0,1000,elapsed_nanos,standard_deviation,22350.390788,ns,directory-deployment-resolver.resolve-to-return-before-validation-and-drop
0,1,distinct,control,initial,null,route-miss,100000,1000,0,1000,chunk_elapsed_nanos,count,8,samples,directory-deployment-resolver.resolve-to-return-before-validation-and-drop
0,1,distinct,control,initial,null,route-miss,100000,1000,0,1000,chunk_elapsed_nanos,maximum,5800507,ns,directory-deployment-resolver.resolve-to-return-before-validation-and-drop
0,1,distinct,control,initial,null,route-miss,100000,1000,0,1000,chunk_elapsed_nanos,mean,3621409.125,ns,directory-deployment-resolver.resolve-to-return-before-validation-and-drop
0,1,distinct,control,initial,null,route-miss,100000,1000,0,1000,chunk_elapsed_nanos,median,3480856.5,ns,directory-deployment-resolver.resolve-to-return-before-validation-and-drop
0,1,distinct,control,initial,null,route-miss,100000,1000,0,1000,chunk_elapsed_nanos,median_absolute_deviation,711143,ns,directory-deployment-resolver.resolve-to-return-before-validation-and-drop
0,1,distinct,control,initial,null,route-miss,100000,1000,0,1000,chunk_elapsed_nanos,minimum,2229728,ns,directory-deployment-resolver.resolve-to-return-before-validation-and-drop
0,1,distinct,control,initial,null,route-miss,100000,1000,0,1000,chunk_elapsed_nanos,p95,5800507,ns,directory-deployment-resolver.resolve-to-return-before-validation-and-drop
0,1,distinct,control,initial,null,route-miss,100000,1000,0,1000,chunk_elapsed_nanos,p99,5800507,ns,directory-deployment-resolver.resolve-to-return-before-validation-and-drop
0,1,distinct,control,initial,null,route-miss,100000,1000,0,1000,chunk_elapsed_nanos,standard_deviation,1103939.051852,ns,directory-deployment-resolver.resolve-to-return-before-validation-and-drop
0,1,distinct,control,initial,null,export-miss,100000,1000,0,1000,elapsed_nanos,count,1000,samples,directory-deployment-resolver.resolve-to-return-before-validation-and-drop
0,1,distinct,control,initial,null,export-miss,100000,1000,0,1000,elapsed_nanos,maximum,148530,ns,directory-deployment-resolver.resolve-to-return-before-validation-and-drop
0,1,distinct,control,initial,null,export-miss,100000,1000,0,1000,elapsed_nanos,mean,17768.175,ns,directory-deployment-resolver.resolve-to-return-before-validation-and-drop
0,1,distinct,control,initial,null,export-miss,100000,1000,0,1000,elapsed_nanos,median,16018,ns,directory-deployment-resolver.resolve-to-return-before-validation-and-drop
0,1,distinct,control,initial,null,export-miss,100000,1000,0,1000,elapsed_nanos,median_absolute_deviation,2491.5,ns,directory-deployment-resolver.resolve-to-return-before-validation-and-drop
0,1,distinct,control,initial,null,export-miss,100000,1000,0,1000,elapsed_nanos,minimum,8641,ns,directory-deployment-resolver.resolve-to-return-before-validation-and-drop
0,1,distinct,control,initial,null,export-miss,100000,1000,0,1000,elapsed_nanos,p95,27663,ns,directory-deployment-resolver.resolve-to-return-before-validation-and-drop
0,1,distinct,control,initial,null,export-miss,100000,1000,0,1000,elapsed_nanos,p99,48214,ns,directory-deployment-resolver.resolve-to-return-before-validation-and-drop
0,1,distinct,control,initial,null,export-miss,100000,1000,0,1000,elapsed_nanos,standard_deviation,9744.688794,ns,directory-deployment-resolver.resolve-to-return-before-validation-and-drop
0,1,distinct,control,initial,null,export-miss,100000,1000,0,1000,chunk_elapsed_nanos,count,8,samples,directory-deployment-resolver.resolve-to-return-before-validation-and-drop
0,1,distinct,control,initial,null,export-miss,100000,1000,0,1000,chunk_elapsed_nanos,maximum,4936186,ns,directory-deployment-resolver.resolve-to-return-before-validation-and-drop
0,1,distinct,control,initial,null,export-miss,100000,1000,0,1000,chunk_elapsed_nanos,mean,4133912.5,ns,directory-deployment-resolver.resolve-to-return-before-validation-and-drop
0,1,distinct,control,initial,null,export-miss,100000,1000,0,1000,chunk_elapsed_nanos,median,4268609.5,ns,directory-deployment-resolver.resolve-to-return-before-validation-and-drop
0,1,distinct,control,initial,null,export-miss,100000,1000,0,1000,chunk_elapsed_nanos,median_absolute_deviation,497938,ns,directory-deployment-resolver.resolve-to-return-before-validation-and-drop
0,1,distinct,control,initial,null,export-miss,100000,1000,0,1000,chunk_elapsed_nanos,minimum,3109388,ns,directory-deployment-resolver.resolve-to-return-before-validation-and-drop
0,1,distinct,control,initial,null,export-miss,100000,1000,0,1000,chunk_elapsed_nanos,p95,4936186,ns,directory-deployment-resolver.resolve-to-return-before-validation-and-drop
0,1,distinct,control,initial,null,export-miss,100000,1000,0,1000,chunk_elapsed_nanos,p99,4936186,ns,directory-deployment-resolver.resolve-to-return-before-validation-and-drop
0,1,distinct,control,initial,null,export-miss,100000,1000,0,1000,chunk_elapsed_nanos,standard_deviation,604624.888436,ns,directory-deployment-resolver.resolve-to-return-before-validation-and-drop
2,1,distinct,candidate,initial,null,default-success,100,5000,5000,0,elapsed_nanos,count,5000,samples,directory-deployment-resolver.resolve-to-return-before-validation-and-drop
2,1,distinct,candidate,initial,null,default-success,100,5000,5000,0,elapsed_nanos,maximum,50710,ns,directory-deployment-resolver.resolve-to-return-before-validation-and-drop
2,1,distinct,candidate,initial,null,default-success,100,5000,5000,0,elapsed_nanos,mean,1368.9228,ns,directory-deployment-resolver.resolve-to-return-before-validation-and-drop
2,1,distinct,candidate,initial,null,default-success,100,5000,5000,0,elapsed_nanos,median,896.5,ns,directory-deployment-resolver.resolve-to-return-before-validation-and-drop
2,1,distinct,candidate,initial,null,default-success,100,5000,5000,0,elapsed_nanos,median_absolute_deviation,191.5,ns,directory-deployment-resolver.resolve-to-return-before-validation-and-drop
2,1,distinct,candidate,initial,null,default-success,100,5000,5000,0,elapsed_nanos,minimum,566,ns,directory-deployment-resolver.resolve-to-return-before-validation-and-drop
2,1,distinct,candidate,initial,null,default-success,100,5000,5000,0,elapsed_nanos,p95,3139,ns,directory-deployment-resolver.resolve-to-return-before-validation-and-drop
2,1,distinct,candidate,initial,null,default-success,100,5000,5000,0,elapsed_nanos,p99,11227,ns,directory-deployment-resolver.resolve-to-return-before-validation-and-drop
2,1,distinct,candidate,initial,null,default-success,100,5000,5000,0,elapsed_nanos,standard_deviation,1865.345459,ns,directory-deployment-resolver.resolve-to-return-before-validation-and-drop
2,1,distinct,candidate,initial,null,default-success,100,5000,5000,0,chunk_elapsed_nanos,count,40,samples,directory-deployment-resolver.resolve-to-return-before-validation-and-drop
2,1,distinct,candidate,initial,null,default-success,100,5000,5000,0,chunk_elapsed_nanos,maximum,12702783,ns,directory-deployment-resolver.resolve-to-return-before-validation-and-drop
2,1,distinct,candidate,initial,null,default-success,100,5000,5000,0,chunk_elapsed_nanos,mean,7329800.3,ns,directory-deployment-resolver.resolve-to-return-before-validation-and-drop
2,1,distinct,candidate,initial,null,default-success,100,5000,5000,0,chunk_elapsed_nanos,median,7038391.5,ns,directory-deployment-resolver.resolve-to-return-before-validation-and-drop
2,1,distinct,candidate,initial,null,default-success,100,5000,5000,0,chunk_elapsed_nanos,median_absolute_deviation,544214,ns,directory-deployment-resolver.resolve-to-return-before-validation-and-drop
2,1,distinct,candidate,initial,null,default-success,100,5000,5000,0,chunk_elapsed_nanos,minimum,723031,ns,directory-deployment-resolver.resolve-to-return-before-validation-and-drop
2,1,distinct,candidate,initial,null,default-success,100,5000,5000,0,chunk_elapsed_nanos,p95,10350782,ns,directory-deployment-resolver.resolve-to-return-before-validation-and-drop
2,1,distinct,candidate,initial,null,default-success,100,5000,5000,0,chunk_elapsed_nanos,p99,12702783,ns,directory-deployment-resolver.resolve-to-return-before-validation-and-drop
2,1,distinct,candidate,initial,null,default-success,100,5000,5000,0,chunk_elapsed_nanos,standard_deviation,1730989.802785,ns,directory-deployment-resolver.resolve-to-return-before-validation-and-drop
2,1,distinct,candidate,initial,null,named-success,100,5000,5000,0,elapsed_nanos,count,5000,samples,directory-deployment-resolver.resolve-to-return-before-validation-and-drop
2,1,distinct,candidate,initial,null,named-success,100,5000,5000,0,elapsed_nanos,maximum,70227,ns,directory-deployment-resolver.resolve-to-return-before-validation-and-drop
2,1,distinct,candidate,initial,null,named-success,100,5000,5000,0,elapsed_nanos,mean,1408.1572,ns,directory-deployment-resolver.resolve-to-return-before-validation-and-drop
2,1,distinct,candidate,initial,null,named-success,100,5000,5000,0,elapsed_nanos,median,915,ns,directory-deployment-resolver.resolve-to-return-before-validation-and-drop
2,1,distinct,candidate,initial,null,named-success,100,5000,5000,0,elapsed_nanos,median_absolute_deviation,186,ns,directory-deployment-resolver.resolve-to-return-before-validation-and-drop
2,1,distinct,candidate,initial,null,named-success,100,5000,5000,0,elapsed_nanos,minimum,585,ns,directory-deployment-resolver.resolve-to-return-before-validation-and-drop
2,1,distinct,candidate,initial,null,named-success,100,5000,5000,0,elapsed_nanos,p95,2886,ns,directory-deployment-resolver.resolve-to-return-before-validation-and-drop
2,1,distinct,candidate,initial,null,named-success,100,5000,5000,0,elapsed_nanos,p99,12143,ns,directory-deployment-resolver.resolve-to-return-before-validation-and-drop
2,1,distinct,candidate,initial,null,named-success,100,5000,5000,0,elapsed_nanos,standard_deviation,2136.776165,ns,directory-deployment-resolver.resolve-to-return-before-validation-and-drop
2,1,distinct,candidate,initial,null,named-success,100,5000,5000,0,chunk_elapsed_nanos,count,40,samples,directory-deployment-resolver.resolve-to-return-before-validation-and-drop
2,1,distinct,candidate,initial,null,named-success,100,5000,5000,0,chunk_elapsed_nanos,maximum,11523154,ns,directory-deployment-resolver.resolve-to-return-before-validation-and-drop
2,1,distinct,candidate,initial,null,named-success,100,5000,5000,0,chunk_elapsed_nanos,mean,7323038.775,ns,directory-deployment-resolver.resolve-to-return-before-validation-and-drop
2,1,distinct,candidate,initial,null,named-success,100,5000,5000,0,chunk_elapsed_nanos,median,7250482.5,ns,directory-deployment-resolver.resolve-to-return-before-validation-and-drop
2,1,distinct,candidate,initial,null,named-success,100,5000,5000,0,chunk_elapsed_nanos,median_absolute_deviation,602963,ns,directory-deployment-resolver.resolve-to-return-before-validation-and-drop
2,1,distinct,candidate,initial,null,named-success,100,5000,5000,0,chunk_elapsed_nanos,minimum,438846,ns,directory-deployment-resolver.resolve-to-return-before-validation-and-drop
2,1,distinct,candidate,initial,null,named-success,100,5000,5000,0,chunk_elapsed_nanos,p95,9333637,ns,directory-deployment-resolver.resolve-to-return-before-validation-and-drop
2,1,distinct,candidate,initial,null,named-success,100,5000,5000,0,chunk_elapsed_nanos,p99,11523154,ns,directory-deployment-resolver.resolve-to-return-before-validation-and-drop
2,1,distinct,candidate,initial,null,named-success,100,5000,5000,0,chunk_elapsed_nanos,standard_deviation,1605005.777158,ns,directory-deployment-resolver.resolve-to-return-before-validation-and-drop
2,1,distinct,candidate,initial,null,route-miss,100,1000,0,1000,elapsed_nanos,count,1000,samples,directory-deployment-resolver.resolve-to-return-before-validation-and-drop
2,1,distinct,candidate,initial,null,route-miss,100,1000,0,1000,elapsed_nanos,maximum,148455,ns,directory-deployment-resolver.resolve-to-return-before-validation-and-drop
2,1,distinct,candidate,initial,null,route-miss,100,1000,0,1000,elapsed_nanos,mean,668.988,ns,directory-deployment-resolver.resolve-to-return-before-validation-and-drop
2,1,distinct,candidate,initial,null,route-miss,100,1000,0,1000,elapsed_nanos,median,381,ns,directory-deployment-resolver.resolve-to-return-before-validation-and-drop
2,1,distinct,candidate,initial,null,route-miss,100,1000,0,1000,elapsed_nanos,median_absolute_deviation,31,ns,directory-deployment-resolver.resolve-to-return-before-validation-and-drop
2,1,distinct,candidate,initial,null,route-miss,100,1000,0,1000,elapsed_nanos,minimum,307,ns,directory-deployment-resolver.resolve-to-return-before-validation-and-drop
2,1,distinct,candidate,initial,null,route-miss,100,1000,0,1000,elapsed_nanos,p95,786,ns,directory-deployment-resolver.resolve-to-return-before-validation-and-drop
2,1,distinct,candidate,initial,null,route-miss,100,1000,0,1000,elapsed_nanos,p99,3884,ns,directory-deployment-resolver.resolve-to-return-before-validation-and-drop
2,1,distinct,candidate,initial,null,route-miss,100,1000,0,1000,elapsed_nanos,standard_deviation,4736.074696,ns,directory-deployment-resolver.resolve-to-return-before-validation-and-drop
2,1,distinct,candidate,initial,null,route-miss,100,1000,0,1000,chunk_elapsed_nanos,count,8,samples,directory-deployment-resolver.resolve-to-return-before-validation-and-drop
2,1,distinct,candidate,initial,null,route-miss,100,1000,0,1000,chunk_elapsed_nanos,maximum,698085,ns,directory-deployment-resolver.resolve-to-return-before-validation-and-drop
2,1,distinct,candidate,initial,null,route-miss,100,1000,0,1000,chunk_elapsed_nanos,mean,374962.375,ns,directory-deployment-resolver.resolve-to-return-before-validation-and-drop
2,1,distinct,candidate,initial,null,route-miss,100,1000,0,1000,chunk_elapsed_nanos,median,297834.5,ns,directory-deployment-resolver.resolve-to-return-before-validation-and-drop
2,1,distinct,candidate,initial,null,route-miss,100,1000,0,1000,chunk_elapsed_nanos,median_absolute_deviation,27682,ns,directory-deployment-resolver.resolve-to-return-before-validation-and-drop
2,1,distinct,candidate,initial,null,route-miss,100,1000,0,1000,chunk_elapsed_nanos,minimum,261048,ns,directory-deployment-resolver.resolve-to-return-before-validation-and-drop
2,1,distinct,candidate,initial,null,route-miss,100,1000,0,1000,chunk_elapsed_nanos,p95,698085,ns,directory-deployment-resolver.resolve-to-return-before-validation-and-drop
2,1,distinct,candidate,initial,null,route-miss,100,1000,0,1000,chunk_elapsed_nanos,p99,698085,ns,directory-deployment-resolver.resolve-to-return-before-validation-and-drop
2,1,distinct,candidate,initial,null,route-miss,100,1000,0,1000,chunk_elapsed_nanos,standard_deviation,142211.674374,ns,directory-deployment-resolver.resolve-to-return-before-validation-and-drop
2,1,distinct,candidate,initial,null,export-miss,100,1000,0,1000,elapsed_nanos,count,1000,samples,directory-deployment-resolver.resolve-to-return-before-validation-and-drop
2,1,distinct,candidate,initial,null,export-miss,100,1000,0,1000,elapsed_nanos,maximum,9358,ns,directory-deployment-resolver.resolve-to-return-before-validation-and-drop
2,1,distinct,candidate,initial,null,export-miss,100,1000,0,1000,elapsed_nanos,mean,620.535,ns,directory-deployment-resolver.resolve-to-return-before-validation-and-drop
2,1,distinct,candidate,initial,null,export-miss,100,1000,0,1000,elapsed_nanos,median,514,ns,directory-deployment-resolver.resolve-to-return-before-validation-and-drop
2,1,distinct,candidate,initial,null,export-miss,100,1000,0,1000,elapsed_nanos,median_absolute_deviation,49,ns,directory-deployment-resolver.resolve-to-return-before-validation-and-drop
2,1,distinct,candidate,initial,null,export-miss,100,1000,0,1000,elapsed_nanos,minimum,398,ns,directory-deployment-resolver.resolve-to-return-before-validation-and-drop
2,1,distinct,candidate,initial,null,export-miss,100,1000,0,1000,elapsed_nanos,p95,880,ns,directory-deployment-resolver.resolve-to-return-before-validation-and-drop
2,1,distinct,candidate,initial,null,export-miss,100,1000,0,1000,elapsed_nanos,p99,2736,ns,directory-deployment-resolver.resolve-to-return-before-validation-and-drop
2,1,distinct,candidate,initial,null,export-miss,100,1000,0,1000,elapsed_nanos,standard_deviation,612.721619,ns,directory-deployment-resolver.resolve-to-return-before-validation-and-drop
2,1,distinct,candidate,initial,null,export-miss,100,1000,0,1000,chunk_elapsed_nanos,count,8,samples,directory-deployment-resolver.resolve-to-return-before-validation-and-drop
2,1,distinct,candidate,initial,null,export-miss,100,1000,0,1000,chunk_elapsed_nanos,maximum,557853,ns,directory-deployment-resolver.resolve-to-return-before-validation-and-drop
2,1,distinct,candidate,initial,null,export-miss,100,1000,0,1000,chunk_elapsed_nanos,mean,455163,ns,directory-deployment-resolver.resolve-to-return-before-validation-and-drop
2,1,distinct,candidate,initial,null,export-miss,100,1000,0,1000,chunk_elapsed_nanos,median,450933,ns,directory-deployment-resolver.resolve-to-return-before-validation-and-drop
2,1,distinct,candidate,initial,null,export-miss,100,1000,0,1000,chunk_elapsed_nanos,median_absolute_deviation,41963,ns,directory-deployment-resolver.resolve-to-return-before-validation-and-drop
2,1,distinct,candidate,initial,null,export-miss,100,1000,0,1000,chunk_elapsed_nanos,minimum,324401,ns,directory-deployment-resolver.resolve-to-return-before-validation-and-drop
2,1,distinct,candidate,initial,null,export-miss,100,1000,0,1000,chunk_elapsed_nanos,p95,557853,ns,directory-deployment-resolver.resolve-to-return-before-validation-and-drop
2,1,distinct,candidate,initial,null,export-miss,100,1000,0,1000,chunk_elapsed_nanos,p99,557853,ns,directory-deployment-resolver.resolve-to-return-before-validation-and-drop
2,1,distinct,candidate,initial,null,export-miss,100,1000,0,1000,chunk_elapsed_nanos,standard_deviation,71940.259125,ns,directory-deployment-resolver.resolve-to-return-before-validation-and-drop
2,1,distinct,candidate,initial,null,default-success,1000,5000,5000,0,elapsed_nanos,count,5000,samples,directory-deployment-resolver.resolve-to-return-before-validation-and-drop
2,1,distinct,candidate,initial,null,default-success,1000,5000,5000,0,elapsed_nanos,maximum,135023,ns,directory-deployment-resolver.resolve-to-return-before-validation-and-drop
2,1,distinct,candidate,initial,null,default-success,1000,5000,5000,0,elapsed_nanos,mean,4725.8744,ns,directory-deployment-resolver.resolve-to-return-before-validation-and-drop
2,1,distinct,candidate,initial,null,default-success,1000,5000,5000,0,elapsed_nanos,median,4003.5,ns,directory-deployment-resolver.resolve-to-return-before-validation-and-drop
2,1,distinct,candidate,initial,null,default-success,1000,5000,5000,0,elapsed_nanos,median_absolute_deviation,764.5,ns,directory-deployment-resolver.resolve-to-return-before-validation-and-drop
2,1,distinct,candidate,initial,null,default-success,1000,5000,5000,0,elapsed_nanos,minimum,1804,ns,directory-deployment-resolver.resolve-to-return-before-validation-and-drop
2,1,distinct,candidate,initial,null,default-success,1000,5000,5000,0,elapsed_nanos,p95,8389,ns,directory-deployment-resolver.resolve-to-return-before-validation-and-drop
2,1,distinct,candidate,initial,null,default-success,1000,5000,5000,0,elapsed_nanos,p99,18382,ns,directory-deployment-resolver.resolve-to-return-before-validation-and-drop
2,1,distinct,candidate,initial,null,default-success,1000,5000,5000,0,elapsed_nanos,standard_deviation,3980.506683,ns,directory-deployment-resolver.resolve-to-return-before-validation-and-drop
2,1,distinct,candidate,initial,null,default-success,1000,5000,5000,0,chunk_elapsed_nanos,count,40,samples,directory-deployment-resolver.resolve-to-return-before-validation-and-drop
2,1,distinct,candidate,initial,null,default-success,1000,5000,5000,0,chunk_elapsed_nanos,maximum,16093082,ns,directory-deployment-resolver.resolve-to-return-before-validation-and-drop
2,1,distinct,candidate,initial,null,default-success,1000,5000,5000,0,chunk_elapsed_nanos,mean,8741588.125,ns,directory-deployment-resolver.resolve-to-return-before-validation-and-drop
2,1,distinct,candidate,initial,null,default-success,1000,5000,5000,0,chunk_elapsed_nanos,median,8609733.5,ns,directory-deployment-resolver.resolve-to-return-before-validation-and-drop
2,1,distinct,candidate,initial,null,default-success,1000,5000,5000,0,chunk_elapsed_nanos,median_absolute_deviation,588518.5,ns,directory-deployment-resolver.resolve-to-return-before-validation-and-drop
2,1,distinct,candidate,initial,null,default-success,1000,5000,5000,0,chunk_elapsed_nanos,minimum,658508,ns,directory-deployment-resolver.resolve-to-return-before-validation-and-drop
2,1,distinct,candidate,initial,null,default-success,1000,5000,5000,0,chunk_elapsed_nanos,p95,12235245,ns,directory-deployment-resolver.resolve-to-return-before-validation-and-drop
2,1,distinct,candidate,initial,null,default-success,1000,5000,5000,0,chunk_elapsed_nanos,p99,16093082,ns,directory-deployment-resolver.resolve-to-return-before-validation-and-drop
2,1,distinct,candidate,initial,null,default-success,1000,5000,5000,0,chunk_elapsed_nanos,standard_deviation,2077089.969928,ns,directory-deployment-resolver.resolve-to-return-before-validation-and-drop
2,1,distinct,candidate,initial,null,named-success,1000,5000,5000,0,elapsed_nanos,count,5000,samples,directory-deployment-resolver.resolve-to-return-before-validation-and-drop
2,1,distinct,candidate,initial,null,named-success,1000,5000,5000,0,elapsed_nanos,maximum,64382,ns,directory-deployment-resolver.resolve-to-return-before-validation-and-drop
2,1,distinct,candidate,initial,null,named-success,1000,5000,5000,0,elapsed_nanos,mean,4147.182,ns,directory-deployment-resolver.resolve-to-return-before-validation-and-drop
2,1,distinct,candidate,initial,null,named-success,1000,5000,5000,0,elapsed_nanos,median,3453.5,ns,directory-deployment-resolver.resolve-to-return-before-validation-and-drop
2,1,distinct,candidate,initial,null,named-success,1000,5000,5000,0,elapsed_nanos,median_absolute_deviation,640,ns,directory-deployment-resolver.resolve-to-return-before-validation-and-drop
2,1,distinct,candidate,initial,null,named-success,1000,5000,5000,0,elapsed_nanos,minimum,1436,ns,directory-deployment-resolver.resolve-to-return-before-validation-and-drop
2,1,distinct,candidate,initial,null,named-success,1000,5000,5000,0,elapsed_nanos,p95,7964,ns,directory-deployment-resolver.resolve-to-return-before-validation-and-drop
2,1,distinct,candidate,initial,null,named-success,1000,5000,5000,0,elapsed_nanos,p99,18021,ns,directory-deployment-resolver.resolve-to-return-before-validation-and-drop
2,1,distinct,candidate,initial,null,named-success,1000,5000,5000,0,elapsed_nanos,standard_deviation,2958.826185,ns,directory-deployment-resolver.resolve-to-return-before-validation-and-drop
2,1,distinct,candidate,initial,null,named-success,1000,5000,5000,0,chunk_elapsed_nanos,count,40,samples,directory-deployment-resolver.resolve-to-return-before-validation-and-drop
2,1,distinct,candidate,initial,null,named-success,1000,5000,5000,0,chunk_elapsed_nanos,maximum,13808090,ns,directory-deployment-resolver.resolve-to-return-before-validation-and-drop
2,1,distinct,candidate,initial,null,named-success,1000,5000,5000,0,chunk_elapsed_nanos,mean,8153179.95,ns,directory-deployment-resolver.resolve-to-return-before-validation-and-drop
2,1,distinct,candidate,initial,null,named-success,1000,5000,5000,0,chunk_elapsed_nanos,median,7825315.5,ns,directory-deployment-resolver.resolve-to-return-before-validation-and-drop
2,1,distinct,candidate,initial,null,named-success,1000,5000,5000,0,chunk_elapsed_nanos,median_absolute_deviation,834375.5,ns,directory-deployment-resolver.resolve-to-return-before-validation-and-drop
2,1,distinct,candidate,initial,null,named-success,1000,5000,5000,0,chunk_elapsed_nanos,minimum,426934,ns,directory-deployment-resolver.resolve-to-return-before-validation-and-drop
2,1,distinct,candidate,initial,null,named-success,1000,5000,5000,0,chunk_elapsed_nanos,p95,10283071,ns,directory-deployment-resolver.resolve-to-return-before-validation-and-drop
2,1,distinct,candidate,initial,null,named-success,1000,5000,5000,0,chunk_elapsed_nanos,p99,13808090,ns,directory-deployment-resolver.resolve-to-return-before-validation-and-drop
2,1,distinct,candidate,initial,null,named-success,1000,5000,5000,0,chunk_elapsed_nanos,standard_deviation,2012422.000887,ns,directory-deployment-resolver.resolve-to-return-before-validation-and-drop
2,1,distinct,candidate,initial,null,route-miss,1000,1000,0,1000,elapsed_nanos,count,1000,samples,directory-deployment-resolver.resolve-to-return-before-validation-and-drop
2,1,distinct,candidate,initial,null,route-miss,1000,1000,0,1000,elapsed_nanos,maximum,16356,ns,directory-deployment-resolver.resolve-to-return-before-validation-and-drop
2,1,distinct,candidate,initial,null,route-miss,1000,1000,0,1000,elapsed_nanos,mean,1235.509,ns,directory-deployment-resolver.resolve-to-return-before-validation-and-drop
2,1,distinct,candidate,initial,null,route-miss,1000,1000,0,1000,elapsed_nanos,median,1045.5,ns,directory-deployment-resolver.resolve-to-return-before-validation-and-drop
2,1,distinct,candidate,initial,null,route-miss,1000,1000,0,1000,elapsed_nanos,median_absolute_deviation,266.5,ns,directory-deployment-resolver.resolve-to-return-before-validation-and-drop
2,1,distinct,candidate,initial,null,route-miss,1000,1000,0,1000,elapsed_nanos,minimum,442,ns,directory-deployment-resolver.resolve-to-return-before-validation-and-drop
2,1,distinct,candidate,initial,null,route-miss,1000,1000,0,1000,elapsed_nanos,p95,2139,ns,directory-deployment-resolver.resolve-to-return-before-validation-and-drop
2,1,distinct,candidate,initial,null,route-miss,1000,1000,0,1000,elapsed_nanos,p99,2814,ns,directory-deployment-resolver.resolve-to-return-before-validation-and-drop
2,1,distinct,candidate,initial,null,route-miss,1000,1000,0,1000,elapsed_nanos,standard_deviation,1093.861376,ns,directory-deployment-resolver.resolve-to-return-before-validation-and-drop
2,1,distinct,candidate,initial,null,route-miss,1000,1000,0,1000,chunk_elapsed_nanos,count,8,samples,directory-deployment-resolver.resolve-to-return-before-validation-and-drop
2,1,distinct,candidate,initial,null,route-miss,1000,1000,0,1000,chunk_elapsed_nanos,maximum,554831,ns,directory-deployment-resolver.resolve-to-return-before-validation-and-drop
2,1,distinct,candidate,initial,null,route-miss,1000,1000,0,1000,chunk_elapsed_nanos,mean,392315.125,ns,directory-deployment-resolver.resolve-to-return-before-validation-and-drop
2,1,distinct,candidate,initial,null,route-miss,1000,1000,0,1000,chunk_elapsed_nanos,median,387800.5,ns,directory-deployment-resolver.resolve-to-return-before-validation-and-drop
2,1,distinct,candidate,initial,null,route-miss,1000,1000,0,1000,chunk_elapsed_nanos,median_absolute_deviation,38927.5,ns,directory-deployment-resolver.resolve-to-return-before-validation-and-drop
2,1,distinct,candidate,initial,null,route-miss,1000,1000,0,1000,chunk_elapsed_nanos,minimum,263219,ns,directory-deployment-resolver.resolve-to-return-before-validation-and-drop
2,1,distinct,candidate,initial,null,route-miss,1000,1000,0,1000,chunk_elapsed_nanos,p95,554831,ns,directory-deployment-resolver.resolve-to-return-before-validation-and-drop
2,1,distinct,candidate,initial,null,route-miss,1000,1000,0,1000,chunk_elapsed_nanos,p99,554831,ns,directory-deployment-resolver.resolve-to-return-before-validation-and-drop
2,1,distinct,candidate,initial,null,route-miss,1000,1000,0,1000,chunk_elapsed_nanos,standard_deviation,79694.914048,ns,directory-deployment-resolver.resolve-to-return-before-validation-and-drop
2,1,distinct,candidate,initial,null,export-miss,1000,1000,0,1000,elapsed_nanos,count,1000,samples,directory-deployment-resolver.resolve-to-return-before-validation-and-drop
2,1,distinct,candidate,initial,null,export-miss,1000,1000,0,1000,elapsed_nanos,maximum,10917,ns,directory-deployment-resolver.resolve-to-return-before-validation-and-drop
2,1,distinct,candidate,initial,null,export-miss,1000,1000,0,1000,elapsed_nanos,mean,1062.235,ns,directory-deployment-resolver.resolve-to-return-before-validation-and-drop
2,1,distinct,candidate,initial,null,export-miss,1000,1000,0,1000,elapsed_nanos,median,975.5,ns,directory-deployment-resolver.resolve-to-return-before-validation-and-drop
2,1,distinct,candidate,initial,null,export-miss,1000,1000,0,1000,elapsed_nanos,median_absolute_deviation,145.5,ns,directory-deployment-resolver.resolve-to-return-before-validation-and-drop
2,1,distinct,candidate,initial,null,export-miss,1000,1000,0,1000,elapsed_nanos,minimum,439,ns,directory-deployment-resolver.resolve-to-return-before-validation-and-drop
2,1,distinct,candidate,initial,null,export-miss,1000,1000,0,1000,elapsed_nanos,p95,1577,ns,directory-deployment-resolver.resolve-to-return-before-validation-and-drop
2,1,distinct,candidate,initial,null,export-miss,1000,1000,0,1000,elapsed_nanos,p99,2031,ns,directory-deployment-resolver.resolve-to-return-before-validation-and-drop
2,1,distinct,candidate,initial,null,export-miss,1000,1000,0,1000,elapsed_nanos,standard_deviation,498.321482,ns,directory-deployment-resolver.resolve-to-return-before-validation-and-drop
2,1,distinct,candidate,initial,null,export-miss,1000,1000,0,1000,chunk_elapsed_nanos,count,8,samples,directory-deployment-resolver.resolve-to-return-before-validation-and-drop
2,1,distinct,candidate,initial,null,export-miss,1000,1000,0,1000,chunk_elapsed_nanos,maximum,431334,ns,directory-deployment-resolver.resolve-to-return-before-validation-and-drop
2,1,distinct,candidate,initial,null,export-miss,1000,1000,0,1000,chunk_elapsed_nanos,mean,368912.5,ns,directory-deployment-resolver.resolve-to-return-before-validation-and-drop
2,1,distinct,candidate,initial,null,export-miss,1000,1000,0,1000,chunk_elapsed_nanos,median,367399,ns,directory-deployment-resolver.resolve-to-return-before-validation-and-drop
2,1,distinct,candidate,initial,null,export-miss,1000,1000,0,1000,chunk_elapsed_nanos,median_absolute_deviation,8263.5,ns,directory-deployment-resolver.resolve-to-return-before-validation-and-drop
2,1,distinct,candidate,initial,null,export-miss,1000,1000,0,1000,chunk_elapsed_nanos,minimum,303414,ns,directory-deployment-resolver.resolve-to-return-before-validation-and-drop
2,1,distinct,candidate,initial,null,export-miss,1000,1000,0,1000,chunk_elapsed_nanos,p95,431334,ns,directory-deployment-resolver.resolve-to-return-before-validation-and-drop
2,1,distinct,candidate,initial,null,export-miss,1000,1000,0,1000,chunk_elapsed_nanos,p99,431334,ns,directory-deployment-resolver.resolve-to-return-before-validation-and-drop
2,1,distinct,candidate,initial,null,export-miss,1000,1000,0,1000,chunk_elapsed_nanos,standard_deviation,32632.126383,ns,directory-deployment-resolver.resolve-to-return-before-validation-and-drop
2,1,distinct,candidate,initial,null,default-success,10000,5000,5000,0,elapsed_nanos,count,5000,samples,directory-deployment-resolver.resolve-to-return-before-validation-and-drop
2,1,distinct,candidate,initial,null,default-success,10000,5000,5000,0,elapsed_nanos,maximum,77342,ns,directory-deployment-resolver.resolve-to-return-before-validation-and-drop
2,1,distinct,candidate,initial,null,default-success,10000,5000,5000,0,elapsed_nanos,mean,9229.6688,ns,directory-deployment-resolver.resolve-to-return-before-validation-and-drop
2,1,distinct,candidate,initial,null,default-success,10000,5000,5000,0,elapsed_nanos,median,8303.5,ns,directory-deployment-resolver.resolve-to-return-before-validation-and-drop
2,1,distinct,candidate,initial,null,default-success,10000,5000,5000,0,elapsed_nanos,median_absolute_deviation,1009,ns,directory-deployment-resolver.resolve-to-return-before-validation-and-drop
2,1,distinct,candidate,initial,null,default-success,10000,5000,5000,0,elapsed_nanos,minimum,5186,ns,directory-deployment-resolver.resolve-to-return-before-validation-and-drop
2,1,distinct,candidate,initial,null,default-success,10000,5000,5000,0,elapsed_nanos,p95,16198,ns,directory-deployment-resolver.resolve-to-return-before-validation-and-drop
2,1,distinct,candidate,initial,null,default-success,10000,5000,5000,0,elapsed_nanos,p99,26590,ns,directory-deployment-resolver.resolve-to-return-before-validation-and-drop
2,1,distinct,candidate,initial,null,default-success,10000,5000,5000,0,elapsed_nanos,standard_deviation,4226.034617,ns,directory-deployment-resolver.resolve-to-return-before-validation-and-drop
2,1,distinct,candidate,initial,null,default-success,10000,5000,5000,0,chunk_elapsed_nanos,count,40,samples,directory-deployment-resolver.resolve-to-return-before-validation-and-drop
2,1,distinct,candidate,initial,null,default-success,10000,5000,5000,0,chunk_elapsed_nanos,maximum,15410584,ns,directory-deployment-resolver.resolve-to-return-before-validation-and-drop
2,1,distinct,candidate,initial,null,default-success,10000,5000,5000,0,chunk_elapsed_nanos,mean,10471584.15,ns,directory-deployment-resolver.resolve-to-return-before-validation-and-drop
2,1,distinct,candidate,initial,null,default-success,10000,5000,5000,0,chunk_elapsed_nanos,median,10394784,ns,directory-deployment-resolver.resolve-to-return-before-validation-and-drop
2,1,distinct,candidate,initial,null,default-success,10000,5000,5000,0,chunk_elapsed_nanos,median_absolute_deviation,869787.5,ns,directory-deployment-resolver.resolve-to-return-before-validation-and-drop
2,1,distinct,candidate,initial,null,default-success,10000,5000,5000,0,chunk_elapsed_nanos,minimum,673496,ns,directory-deployment-resolver.resolve-to-return-before-validation-and-drop
2,1,distinct,candidate,initial,null,default-success,10000,5000,5000,0,chunk_elapsed_nanos,p95,12986074,ns,directory-deployment-resolver.resolve-to-return-before-validation-and-drop
2,1,distinct,candidate,initial,null,default-success,10000,5000,5000,0,chunk_elapsed_nanos,p99,15410584,ns,directory-deployment-resolver.resolve-to-return-before-validation-and-drop
2,1,distinct,candidate,initial,null,default-success,10000,5000,5000,0,chunk_elapsed_nanos,standard_deviation,2051923.663838,ns,directory-deployment-resolver.resolve-to-return-before-validation-and-drop
2,1,distinct,candidate,initial,null,named-success,10000,5000,5000,0,elapsed_nanos,count,5000,samples,directory-deployment-resolver.resolve-to-return-before-validation-and-drop
2,1,distinct,candidate,initial,null,named-success,10000,5000,5000,0,elapsed_nanos,maximum,162144,ns,directory-deployment-resolver.resolve-to-return-before-validation-and-drop
2,1,distinct,candidate,initial,null,named-success,10000,5000,5000,0,elapsed_nanos,mean,9589.246,ns,directory-deployment-resolver.resolve-to-return-before-validation-and-drop
2,1,distinct,candidate,initial,null,named-success,10000,5000,5000,0,elapsed_nanos,median,8565.5,ns,directory-deployment-resolver.resolve-to-return-before-validation-and-drop
2,1,distinct,candidate,initial,null,named-success,10000,5000,5000,0,elapsed_nanos,median_absolute_deviation,1061,ns,directory-deployment-resolver.resolve-to-return-before-validation-and-drop
2,1,distinct,candidate,initial,null,named-success,10000,5000,5000,0,elapsed_nanos,minimum,4888,ns,directory-deployment-resolver.resolve-to-return-before-validation-and-drop
2,1,distinct,candidate,initial,null,named-success,10000,5000,5000,0,elapsed_nanos,p95,18047,ns,directory-deployment-resolver.resolve-to-return-before-validation-and-drop
2,1,distinct,candidate,initial,null,named-success,10000,5000,5000,0,elapsed_nanos,p99,27470,ns,directory-deployment-resolver.resolve-to-return-before-validation-and-drop
2,1,distinct,candidate,initial,null,named-success,10000,5000,5000,0,elapsed_nanos,standard_deviation,4588.53103,ns,directory-deployment-resolver.resolve-to-return-before-validation-and-drop
2,1,distinct,candidate,initial,null,named-success,10000,5000,5000,0,chunk_elapsed_nanos,count,40,samples,directory-deployment-resolver.resolve-to-return-before-validation-and-drop
2,1,distinct,candidate,initial,null,named-success,10000,5000,5000,0,chunk_elapsed_nanos,maximum,13681205,ns,directory-deployment-resolver.resolve-to-return-before-validation-and-drop
2,1,distinct,candidate,initial,null,named-success,10000,5000,5000,0,chunk_elapsed_nanos,mean,10601738.45,ns,directory-deployment-resolver.resolve-to-return-before-validation-and-drop
2,1,distinct,candidate,initial,null,named-success,10000,5000,5000,0,chunk_elapsed_nanos,median,10766541.5,ns,directory-deployment-resolver.resolve-to-return-before-validation-and-drop
2,1,distinct,candidate,initial,null,named-success,10000,5000,5000,0,chunk_elapsed_nanos,median_absolute_deviation,1027867,ns,directory-deployment-resolver.resolve-to-return-before-validation-and-drop
2,1,distinct,candidate,initial,null,named-success,10000,5000,5000,0,chunk_elapsed_nanos,minimum,625807,ns,directory-deployment-resolver.resolve-to-return-before-validation-and-drop
2,1,distinct,candidate,initial,null,named-success,10000,5000,5000,0,chunk_elapsed_nanos,p95,13185300,ns,directory-deployment-resolver.resolve-to-return-before-validation-and-drop
2,1,distinct,candidate,initial,null,named-success,10000,5000,5000,0,chunk_elapsed_nanos,p99,13681205,ns,directory-deployment-resolver.resolve-to-return-before-validation-and-drop
2,1,distinct,candidate,initial,null,named-success,10000,5000,5000,0,chunk_elapsed_nanos,standard_deviation,2056040.991318,ns,directory-deployment-resolver.resolve-to-return-before-validation-and-drop
2,1,distinct,candidate,initial,null,route-miss,10000,1000,0,1000,elapsed_nanos,count,1000,samples,directory-deployment-resolver.resolve-to-return-before-validation-and-drop
2,1,distinct,candidate,initial,null,route-miss,10000,1000,0,1000,elapsed_nanos,maximum,59800,ns,directory-deployment-resolver.resolve-to-return-before-validation-and-drop
2,1,distinct,candidate,initial,null,route-miss,10000,1000,0,1000,elapsed_nanos,mean,5575.764,ns,directory-deployment-resolver.resolve-to-return-before-validation-and-drop
2,1,distinct,candidate,initial,null,route-miss,10000,1000,0,1000,elapsed_nanos,median,5069,ns,directory-deployment-resolver.resolve-to-return-before-validation-and-drop
2,1,distinct,candidate,initial,null,route-miss,10000,1000,0,1000,elapsed_nanos,median_absolute_deviation,720.5,ns,directory-deployment-resolver.resolve-to-return-before-validation-and-drop
2,1,distinct,candidate,initial,null,route-miss,10000,1000,0,1000,elapsed_nanos,minimum,2768,ns,directory-deployment-resolver.resolve-to-return-before-validation-and-drop
2,1,distinct,candidate,initial,null,route-miss,10000,1000,0,1000,elapsed_nanos,p95,8181,ns,directory-deployment-resolver.resolve-to-return-before-validation-and-drop
2,1,distinct,candidate,initial,null,route-miss,10000,1000,0,1000,elapsed_nanos,p99,20158,ns,directory-deployment-resolver.resolve-to-return-before-validation-and-drop
2,1,distinct,candidate,initial,null,route-miss,10000,1000,0,1000,elapsed_nanos,standard_deviation,3314.935324,ns,directory-deployment-resolver.resolve-to-return-before-validation-and-drop
2,1,distinct,candidate,initial,null,route-miss,10000,1000,0,1000,chunk_elapsed_nanos,count,8,samples,directory-deployment-resolver.resolve-to-return-before-validation-and-drop
2,1,distinct,candidate,initial,null,route-miss,10000,1000,0,1000,chunk_elapsed_nanos,maximum,1719118,ns,directory-deployment-resolver.resolve-to-return-before-validation-and-drop
2,1,distinct,candidate,initial,null,route-miss,10000,1000,0,1000,chunk_elapsed_nanos,mean,1478701.625,ns,directory-deployment-resolver.resolve-to-return-before-validation-and-drop
2,1,distinct,candidate,initial,null,route-miss,10000,1000,0,1000,chunk_elapsed_nanos,median,1540158.5,ns,directory-deployment-resolver.resolve-to-return-before-validation-and-drop
2,1,distinct,candidate,initial,null,route-miss,10000,1000,0,1000,chunk_elapsed_nanos,median_absolute_deviation,144148,ns,directory-deployment-resolver.resolve-to-return-before-validation-and-drop
2,1,distinct,candidate,initial,null,route-miss,10000,1000,0,1000,chunk_elapsed_nanos,minimum,1169944,ns,directory-deployment-resolver.resolve-to-return-before-validation-and-drop
2,1,distinct,candidate,initial,null,route-miss,10000,1000,0,1000,chunk_elapsed_nanos,p95,1719118,ns,directory-deployment-resolver.resolve-to-return-before-validation-and-drop
2,1,distinct,candidate,initial,null,route-miss,10000,1000,0,1000,chunk_elapsed_nanos,p99,1719118,ns,directory-deployment-resolver.resolve-to-return-before-validation-and-drop
2,1,distinct,candidate,initial,null,route-miss,10000,1000,0,1000,chunk_elapsed_nanos,standard_deviation,197136.257092,ns,directory-deployment-resolver.resolve-to-return-before-validation-and-drop
2,1,distinct,candidate,initial,null,export-miss,10000,1000,0,1000,elapsed_nanos,count,1000,samples,directory-deployment-resolver.resolve-to-return-before-validation-and-drop
2,1,distinct,candidate,initial,null,export-miss,10000,1000,0,1000,elapsed_nanos,maximum,44071,ns,directory-deployment-resolver.resolve-to-return-before-validation-and-drop
2,1,distinct,candidate,initial,null,export-miss,10000,1000,0,1000,elapsed_nanos,mean,6443.124,ns,directory-deployment-resolver.resolve-to-return-before-validation-and-drop
2,1,distinct,candidate,initial,null,export-miss,10000,1000,0,1000,elapsed_nanos,median,5560,ns,directory-deployment-resolver.resolve-to-return-before-validation-and-drop
2,1,distinct,candidate,initial,null,export-miss,10000,1000,0,1000,elapsed_nanos,median_absolute_deviation,768.5,ns,directory-deployment-resolver.resolve-to-return-before-validation-and-drop
2,1,distinct,candidate,initial,null,export-miss,10000,1000,0,1000,elapsed_nanos,minimum,2281,ns,directory-deployment-resolver.resolve-to-return-before-validation-and-drop
2,1,distinct,candidate,initial,null,export-miss,10000,1000,0,1000,elapsed_nanos,p95,14774,ns,directory-deployment-resolver.resolve-to-return-before-validation-and-drop
2,1,distinct,candidate,initial,null,export-miss,10000,1000,0,1000,elapsed_nanos,p99,23249,ns,directory-deployment-resolver.resolve-to-return-before-validation-and-drop
2,1,distinct,candidate,initial,null,export-miss,10000,1000,0,1000,elapsed_nanos,standard_deviation,3899.694892,ns,directory-deployment-resolver.resolve-to-return-before-validation-and-drop
2,1,distinct,candidate,initial,null,export-miss,10000,1000,0,1000,chunk_elapsed_nanos,count,8,samples,directory-deployment-resolver.resolve-to-return-before-validation-and-drop
2,1,distinct,candidate,initial,null,export-miss,10000,1000,0,1000,chunk_elapsed_nanos,maximum,2227328,ns,directory-deployment-resolver.resolve-to-return-before-validation-and-drop
2,1,distinct,candidate,initial,null,export-miss,10000,1000,0,1000,chunk_elapsed_nanos,mean,1645062.125,ns,directory-deployment-resolver.resolve-to-return-before-validation-and-drop
2,1,distinct,candidate,initial,null,export-miss,10000,1000,0,1000,chunk_elapsed_nanos,median,1626951,ns,directory-deployment-resolver.resolve-to-return-before-validation-and-drop
2,1,distinct,candidate,initial,null,export-miss,10000,1000,0,1000,chunk_elapsed_nanos,median_absolute_deviation,181176,ns,directory-deployment-resolver.resolve-to-return-before-validation-and-drop
2,1,distinct,candidate,initial,null,export-miss,10000,1000,0,1000,chunk_elapsed_nanos,minimum,1168439,ns,directory-deployment-resolver.resolve-to-return-before-validation-and-drop
2,1,distinct,candidate,initial,null,export-miss,10000,1000,0,1000,chunk_elapsed_nanos,p95,2227328,ns,directory-deployment-resolver.resolve-to-return-before-validation-and-drop
2,1,distinct,candidate,initial,null,export-miss,10000,1000,0,1000,chunk_elapsed_nanos,p99,2227328,ns,directory-deployment-resolver.resolve-to-return-before-validation-and-drop
2,1,distinct,candidate,initial,null,export-miss,10000,1000,0,1000,chunk_elapsed_nanos,standard_deviation,302467.056234,ns,directory-deployment-resolver.resolve-to-return-before-validation-and-drop
2,1,distinct,candidate,initial,null,default-success,100000,5000,5000,0,elapsed_nanos,count,5000,samples,directory-deployment-resolver.resolve-to-return-before-validation-and-drop
2,1,distinct,candidate,initial,null,default-success,100000,5000,5000,0,elapsed_nanos,maximum,105674,ns,directory-deployment-resolver.resolve-to-return-before-validation-and-drop
2,1,distinct,candidate,initial,null,default-success,100000,5000,5000,0,elapsed_nanos,mean,17528.3206,ns,directory-deployment-resolver.resolve-to-return-before-validation-and-drop
2,1,distinct,candidate,initial,null,default-success,100000,5000,5000,0,elapsed_nanos,median,15760.5,ns,directory-deployment-resolver.resolve-to-return-before-validation-and-drop
2,1,distinct,candidate,initial,null,default-success,100000,5000,5000,0,elapsed_nanos,median_absolute_deviation,1913.5,ns,directory-deployment-resolver.resolve-to-return-before-validation-and-drop
2,1,distinct,candidate,initial,null,default-success,100000,5000,5000,0,elapsed_nanos,minimum,10885,ns,directory-deployment-resolver.resolve-to-return-before-validation-and-drop
2,1,distinct,candidate,initial,null,default-success,100000,5000,5000,0,elapsed_nanos,p95,29362,ns,directory-deployment-resolver.resolve-to-return-before-validation-and-drop
2,1,distinct,candidate,initial,null,default-success,100000,5000,5000,0,elapsed_nanos,p99,42147,ns,directory-deployment-resolver.resolve-to-return-before-validation-and-drop
2,1,distinct,candidate,initial,null,default-success,100000,5000,5000,0,elapsed_nanos,standard_deviation,6105.788425,ns,directory-deployment-resolver.resolve-to-return-before-validation-and-drop
2,1,distinct,candidate,initial,null,default-success,100000,5000,5000,0,chunk_elapsed_nanos,count,40,samples,directory-deployment-resolver.resolve-to-return-before-validation-and-drop
2,1,distinct,candidate,initial,null,default-success,100000,5000,5000,0,chunk_elapsed_nanos,maximum,16784293,ns,directory-deployment-resolver.resolve-to-return-before-validation-and-drop
2,1,distinct,candidate,initial,null,default-success,100000,5000,5000,0,chunk_elapsed_nanos,mean,13419152.25,ns,directory-deployment-resolver.resolve-to-return-before-validation-and-drop
2,1,distinct,candidate,initial,null,default-success,100000,5000,5000,0,chunk_elapsed_nanos,median,13322270,ns,directory-deployment-resolver.resolve-to-return-before-validation-and-drop
2,1,distinct,candidate,initial,null,default-success,100000,5000,5000,0,chunk_elapsed_nanos,median_absolute_deviation,849543,ns,directory-deployment-resolver.resolve-to-return-before-validation-and-drop
2,1,distinct,candidate,initial,null,default-success,100000,5000,5000,0,chunk_elapsed_nanos,minimum,771886,ns,directory-deployment-resolver.resolve-to-return-before-validation-and-drop
2,1,distinct,candidate,initial,null,default-success,100000,5000,5000,0,chunk_elapsed_nanos,p95,16214019,ns,directory-deployment-resolver.resolve-to-return-before-validation-and-drop
2,1,distinct,candidate,initial,null,default-success,100000,5000,5000,0,chunk_elapsed_nanos,p99,16784293,ns,directory-deployment-resolver.resolve-to-return-before-validation-and-drop
2,1,distinct,candidate,initial,null,default-success,100000,5000,5000,0,chunk_elapsed_nanos,standard_deviation,2464562.360567,ns,directory-deployment-resolver.resolve-to-return-before-validation-and-drop
2,1,distinct,candidate,initial,null,named-success,100000,5000,5000,0,elapsed_nanos,count,5000,samples,directory-deployment-resolver.resolve-to-return-before-validation-and-drop
2,1,distinct,candidate,initial,null,named-success,100000,5000,5000,0,elapsed_nanos,maximum,259236,ns,directory-deployment-resolver.resolve-to-return-before-validation-and-drop
2,1,distinct,candidate,initial,null,named-success,100000,5000,5000,0,elapsed_nanos,mean,14066.1156,ns,directory-deployment-resolver.resolve-to-return-before-validation-and-drop
2,1,distinct,candidate,initial,null,named-success,100000,5000,5000,0,elapsed_nanos,median,13045,ns,directory-deployment-resolver.resolve-to-return-before-validation-and-drop
2,1,distinct,candidate,initial,null,named-success,100000,5000,5000,0,elapsed_nanos,median_absolute_deviation,2205.5,ns,directory-deployment-resolver.resolve-to-return-before-validation-and-drop
2,1,distinct,candidate,initial,null,named-success,100000,5000,5000,0,elapsed_nanos,minimum,7454,ns,directory-deployment-resolver.resolve-to-return-before-validation-and-drop
2,1,distinct,candidate,initial,null,named-success,100000,5000,5000,0,elapsed_nanos,p95,23583,ns,directory-deployment-resolver.resolve-to-return-before-validation-and-drop
2,1,distinct,candidate,initial,null,named-success,100000,5000,5000,0,elapsed_nanos,p99,32236,ns,directory-deployment-resolver.resolve-to-return-before-validation-and-drop
2,1,distinct,candidate,initial,null,named-success,100000,5000,5000,0,elapsed_nanos,standard_deviation,6440.968804,ns,directory-deployment-resolver.resolve-to-return-before-validation-and-drop
2,1,distinct,candidate,initial,null,named-success,100000,5000,5000,0,chunk_elapsed_nanos,count,40,samples,directory-deployment-resolver.resolve-to-return-before-validation-and-drop
2,1,distinct,candidate,initial,null,named-success,100000,5000,5000,0,chunk_elapsed_nanos,maximum,14466978,ns,directory-deployment-resolver.resolve-to-return-before-validation-and-drop
2,1,distinct,candidate,initial,null,named-success,100000,5000,5000,0,chunk_elapsed_nanos,mean,11549586.2,ns,directory-deployment-resolver.resolve-to-return-before-validation-and-drop
2,1,distinct,candidate,initial,null,named-success,100000,5000,5000,0,chunk_elapsed_nanos,median,11740798.5,ns,directory-deployment-resolver.resolve-to-return-before-validation-and-drop
2,1,distinct,candidate,initial,null,named-success,100000,5000,5000,0,chunk_elapsed_nanos,median_absolute_deviation,1228536,ns,directory-deployment-resolver.resolve-to-return-before-validation-and-drop
2,1,distinct,candidate,initial,null,named-success,100000,5000,5000,0,chunk_elapsed_nanos,minimum,978354,ns,directory-deployment-resolver.resolve-to-return-before-validation-and-drop
2,1,distinct,candidate,initial,null,named-success,100000,5000,5000,0,chunk_elapsed_nanos,p95,14201755,ns,directory-deployment-resolver.resolve-to-return-before-validation-and-drop
2,1,distinct,candidate,initial,null,named-success,100000,5000,5000,0,chunk_elapsed_nanos,p99,14466978,ns,directory-deployment-resolver.resolve-to-return-before-validation-and-drop
2,1,distinct,candidate,initial,null,named-success,100000,5000,5000,0,chunk_elapsed_nanos,standard_deviation,2220197.163509,ns,directory-deployment-resolver.resolve-to-return-before-validation-and-drop
2,1,distinct,candidate,initial,null,route-miss,100000,1000,0,1000,elapsed_nanos,count,1000,samples,directory-deployment-resolver.resolve-to-return-before-validation-and-drop
2,1,distinct,candidate,initial,null,route-miss,100000,1000,0,1000,elapsed_nanos,maximum,46591,ns,directory-deployment-resolver.resolve-to-return-before-validation-and-drop
2,1,distinct,candidate,initial,null,route-miss,100000,1000,0,1000,elapsed_nanos,mean,11541.472,ns,directory-deployment-resolver.resolve-to-return-before-validation-and-drop
2,1,distinct,candidate,initial,null,route-miss,100000,1000,0,1000,elapsed_nanos,median,10703.5,ns,directory-deployment-resolver.resolve-to-return-before-validation-and-drop
2,1,distinct,candidate,initial,null,route-miss,100000,1000,0,1000,elapsed_nanos,median_absolute_deviation,1352.5,ns,directory-deployment-resolver.resolve-to-return-before-validation-and-drop
2,1,distinct,candidate,initial,null,route-miss,100000,1000,0,1000,elapsed_nanos,minimum,7492,ns,directory-deployment-resolver.resolve-to-return-before-validation-and-drop
2,1,distinct,candidate,initial,null,route-miss,100000,1000,0,1000,elapsed_nanos,p95,16187,ns,directory-deployment-resolver.resolve-to-return-before-validation-and-drop
2,1,distinct,candidate,initial,null,route-miss,100000,1000,0,1000,elapsed_nanos,p99,27335,ns,directory-deployment-resolver.resolve-to-return-before-validation-and-drop
2,1,distinct,candidate,initial,null,route-miss,100000,1000,0,1000,elapsed_nanos,standard_deviation,3495.944362,ns,directory-deployment-resolver.resolve-to-return-before-validation-and-drop
2,1,distinct,candidate,initial,null,route-miss,100000,1000,0,1000,chunk_elapsed_nanos,count,8,samples,directory-deployment-resolver.resolve-to-return-before-validation-and-drop
2,1,distinct,candidate,initial,null,route-miss,100000,1000,0,1000,chunk_elapsed_nanos,maximum,2820800,ns,directory-deployment-resolver.resolve-to-return-before-validation-and-drop
2,1,distinct,candidate,initial,null,route-miss,100000,1000,0,1000,chunk_elapsed_nanos,mean,2233677.5,ns,directory-deployment-resolver.resolve-to-return-before-validation-and-drop
2,1,distinct,candidate,initial,null,route-miss,100000,1000,0,1000,chunk_elapsed_nanos,median,2180592,ns,directory-deployment-resolver.resolve-to-return-before-validation-and-drop
2,1,distinct,candidate,initial,null,route-miss,100000,1000,0,1000,chunk_elapsed_nanos,median_absolute_deviation,184889.5,ns,directory-deployment-resolver.resolve-to-return-before-validation-and-drop
2,1,distinct,candidate,initial,null,route-miss,100000,1000,0,1000,chunk_elapsed_nanos,minimum,1652708,ns,directory-deployment-resolver.resolve-to-return-before-validation-and-drop
2,1,distinct,candidate,initial,null,route-miss,100000,1000,0,1000,chunk_elapsed_nanos,p95,2820800,ns,directory-deployment-resolver.resolve-to-return-before-validation-and-drop
2,1,distinct,candidate,initial,null,route-miss,100000,1000,0,1000,chunk_elapsed_nanos,p99,2820800,ns,directory-deployment-resolver.resolve-to-return-before-validation-and-drop
2,1,distinct,candidate,initial,null,route-miss,100000,1000,0,1000,chunk_elapsed_nanos,standard_deviation,365264.814253,ns,directory-deployment-resolver.resolve-to-return-before-validation-and-drop
2,1,distinct,candidate,initial,null,export-miss,100000,1000,0,1000,elapsed_nanos,count,1000,samples,directory-deployment-resolver.resolve-to-return-before-validation-and-drop
2,1,distinct,candidate,initial,null,export-miss,100000,1000,0,1000,elapsed_nanos,maximum,36949,ns,directory-deployment-resolver.resolve-to-return-before-validation-and-drop
2,1,distinct,candidate,initial,null,export-miss,100000,1000,0,1000,elapsed_nanos,mean,10575.148,ns,directory-deployment-resolver.resolve-to-return-before-validation-and-drop
2,1,distinct,candidate,initial,null,export-miss,100000,1000,0,1000,elapsed_nanos,median,10285.5,ns,directory-deployment-resolver.resolve-to-return-before-validation-and-drop
2,1,distinct,candidate,initial,null,export-miss,100000,1000,0,1000,elapsed_nanos,median_absolute_deviation,760.5,ns,directory-deployment-resolver.resolve-to-return-before-validation-and-drop
2,1,distinct,candidate,initial,null,export-miss,100000,1000,0,1000,elapsed_nanos,minimum,7459,ns,directory-deployment-resolver.resolve-to-return-before-validation-and-drop
2,1,distinct,candidate,initial,null,export-miss,100000,1000,0,1000,elapsed_nanos,p95,12767,ns,directory-deployment-resolver.resolve-to-return-before-validation-and-drop
2,1,distinct,candidate,initial,null,export-miss,100000,1000,0,1000,elapsed_nanos,p99,15211,ns,directory-deployment-resolver.resolve-to-return-before-validation-and-drop
2,1,distinct,candidate,initial,null,export-miss,100000,1000,0,1000,elapsed_nanos,standard_deviation,1921.150919,ns,directory-deployment-resolver.resolve-to-return-before-validation-and-drop
2,1,distinct,candidate,initial,null,export-miss,100000,1000,0,1000,chunk_elapsed_nanos,count,8,samples,directory-deployment-resolver.resolve-to-return-before-validation-and-drop
2,1,distinct,candidate,initial,null,export-miss,100000,1000,0,1000,chunk_elapsed_nanos,maximum,2485019,ns,directory-deployment-resolver.resolve-to-return-before-validation-and-drop
2,1,distinct,candidate,initial,null,export-miss,100000,1000,0,1000,chunk_elapsed_nanos,mean,2267604.375,ns,directory-deployment-resolver.resolve-to-return-before-validation-and-drop
2,1,distinct,candidate,initial,null,export-miss,100000,1000,0,1000,chunk_elapsed_nanos,median,2281417,ns,directory-deployment-resolver.resolve-to-return-before-validation-and-drop
2,1,distinct,candidate,initial,null,export-miss,100000,1000,0,1000,chunk_elapsed_nanos,median_absolute_deviation,135164,ns,directory-deployment-resolver.resolve-to-return-before-validation-and-drop
2,1,distinct,candidate,initial,null,export-miss,100000,1000,0,1000,chunk_elapsed_nanos,minimum,2061486,ns,directory-deployment-resolver.resolve-to-return-before-validation-and-drop
2,1,distinct,candidate,initial,null,export-miss,100000,1000,0,1000,chunk_elapsed_nanos,p95,2485019,ns,directory-deployment-resolver.resolve-to-return-before-validation-and-drop
2,1,distinct,candidate,initial,null,export-miss,100000,1000,0,1000,chunk_elapsed_nanos,p99,2485019,ns,directory-deployment-resolver.resolve-to-return-before-validation-and-drop
2,1,distinct,candidate,initial,null,export-miss,100000,1000,0,1000,chunk_elapsed_nanos,standard_deviation,139004.954241,ns,directory-deployment-resolver.resolve-to-return-before-validation-and-drop
4,1,shared,candidate,initial,null,default-success,100,5000,5000,0,elapsed_nanos,count,5000,samples,directory-deployment-resolver.resolve-to-return-before-validation-and-drop
4,1,shared,candidate,initial,null,default-success,100,5000,5000,0,elapsed_nanos,maximum,36042,ns,directory-deployment-resolver.resolve-to-return-before-validation-and-drop
4,1,shared,candidate,initial,null,default-success,100,5000,5000,0,elapsed_nanos,mean,1323.9676,ns,directory-deployment-resolver.resolve-to-return-before-validation-and-drop
4,1,shared,candidate,initial,null,default-success,100,5000,5000,0,elapsed_nanos,median,964,ns,directory-deployment-resolver.resolve-to-return-before-validation-and-drop
4,1,shared,candidate,initial,null,default-success,100,5000,5000,0,elapsed_nanos,median_absolute_deviation,265,ns,directory-deployment-resolver.resolve-to-return-before-validation-and-drop
4,1,shared,candidate,initial,null,default-success,100,5000,5000,0,elapsed_nanos,minimum,522,ns,directory-deployment-resolver.resolve-to-return-before-validation-and-drop
4,1,shared,candidate,initial,null,default-success,100,5000,5000,0,elapsed_nanos,p95,2590,ns,directory-deployment-resolver.resolve-to-return-before-validation-and-drop
4,1,shared,candidate,initial,null,default-success,100,5000,5000,0,elapsed_nanos,p99,10001,ns,directory-deployment-resolver.resolve-to-return-before-validation-and-drop
4,1,shared,candidate,initial,null,default-success,100,5000,5000,0,elapsed_nanos,standard_deviation,1692.064402,ns,directory-deployment-resolver.resolve-to-return-before-validation-and-drop
4,1,shared,candidate,initial,null,default-success,100,5000,5000,0,chunk_elapsed_nanos,count,40,samples,directory-deployment-resolver.resolve-to-return-before-validation-and-drop
4,1,shared,candidate,initial,null,default-success,100,5000,5000,0,chunk_elapsed_nanos,maximum,9590817,ns,directory-deployment-resolver.resolve-to-return-before-validation-and-drop
4,1,shared,candidate,initial,null,default-success,100,5000,5000,0,chunk_elapsed_nanos,mean,7465097.9,ns,directory-deployment-resolver.resolve-to-return-before-validation-and-drop
4,1,shared,candidate,initial,null,default-success,100,5000,5000,0,chunk_elapsed_nanos,median,7552181.5,ns,directory-deployment-resolver.resolve-to-return-before-validation-and-drop
4,1,shared,candidate,initial,null,default-success,100,5000,5000,0,chunk_elapsed_nanos,median_absolute_deviation,755389,ns,directory-deployment-resolver.resolve-to-return-before-validation-and-drop
4,1,shared,candidate,initial,null,default-success,100,5000,5000,0,chunk_elapsed_nanos,minimum,390523,ns,directory-deployment-resolver.resolve-to-return-before-validation-and-drop
4,1,shared,candidate,initial,null,default-success,100,5000,5000,0,chunk_elapsed_nanos,p95,9293353,ns,directory-deployment-resolver.resolve-to-return-before-validation-and-drop
4,1,shared,candidate,initial,null,default-success,100,5000,5000,0,chunk_elapsed_nanos,p99,9590817,ns,directory-deployment-resolver.resolve-to-return-before-validation-and-drop
4,1,shared,candidate,initial,null,default-success,100,5000,5000,0,chunk_elapsed_nanos,standard_deviation,1416657.464121,ns,directory-deployment-resolver.resolve-to-return-before-validation-and-drop
4,1,shared,candidate,initial,null,named-success,100,5000,5000,0,elapsed_nanos,count,5000,samples,directory-deployment-resolver.resolve-to-return-before-validation-and-drop
4,1,shared,candidate,initial,null,named-success,100,5000,5000,0,elapsed_nanos,maximum,29322,ns,directory-deployment-resolver.resolve-to-return-before-validation-and-drop
4,1,shared,candidate,initial,null,named-success,100,5000,5000,0,elapsed_nanos,mean,1271.6166,ns,directory-deployment-resolver.resolve-to-return-before-validation-and-drop
4,1,shared,candidate,initial,null,named-success,100,5000,5000,0,elapsed_nanos,median,879,ns,directory-deployment-resolver.resolve-to-return-before-validation-and-drop
4,1,shared,candidate,initial,null,named-success,100,5000,5000,0,elapsed_nanos,median_absolute_deviation,178,ns,directory-deployment-resolver.resolve-to-return-before-validation-and-drop
4,1,shared,candidate,initial,null,named-success,100,5000,5000,0,elapsed_nanos,minimum,537,ns,directory-deployment-resolver.resolve-to-return-before-validation-and-drop
4,1,shared,candidate,initial,null,named-success,100,5000,5000,0,elapsed_nanos,p95,2566,ns,directory-deployment-resolver.resolve-to-return-before-validation-and-drop
4,1,shared,candidate,initial,null,named-success,100,5000,5000,0,elapsed_nanos,p99,11011,ns,directory-deployment-resolver.resolve-to-return-before-validation-and-drop
4,1,shared,candidate,initial,null,named-success,100,5000,5000,0,elapsed_nanos,standard_deviation,1773.28739,ns,directory-deployment-resolver.resolve-to-return-before-validation-and-drop
4,1,shared,candidate,initial,null,named-success,100,5000,5000,0,chunk_elapsed_nanos,count,40,samples,directory-deployment-resolver.resolve-to-return-before-validation-and-drop
4,1,shared,candidate,initial,null,named-success,100,5000,5000,0,chunk_elapsed_nanos,maximum,12320094,ns,directory-deployment-resolver.resolve-to-return-before-validation-and-drop
4,1,shared,candidate,initial,null,named-success,100,5000,5000,0,chunk_elapsed_nanos,mean,7132854.475,ns,directory-deployment-resolver.resolve-to-return-before-validation-and-drop
4,1,shared,candidate,initial,null,named-success,100,5000,5000,0,chunk_elapsed_nanos,median,6951578.5,ns,directory-deployment-resolver.resolve-to-return-before-validation-and-drop
4,1,shared,candidate,initial,null,named-success,100,5000,5000,0,chunk_elapsed_nanos,median_absolute_deviation,452911.5,ns,directory-deployment-resolver.resolve-to-return-before-validation-and-drop
4,1,shared,candidate,initial,null,named-success,100,5000,5000,0,chunk_elapsed_nanos,minimum,446055,ns,directory-deployment-resolver.resolve-to-return-before-validation-and-drop
4,1,shared,candidate,initial,null,named-success,100,5000,5000,0,chunk_elapsed_nanos,p95,8497370,ns,directory-deployment-resolver.resolve-to-return-before-validation-and-drop
4,1,shared,candidate,initial,null,named-success,100,5000,5000,0,chunk_elapsed_nanos,p99,12320094,ns,directory-deployment-resolver.resolve-to-return-before-validation-and-drop
4,1,shared,candidate,initial,null,named-success,100,5000,5000,0,chunk_elapsed_nanos,standard_deviation,1635936.137353,ns,directory-deployment-resolver.resolve-to-return-before-validation-and-drop
4,1,shared,candidate,initial,null,route-miss,100,1000,0,1000,elapsed_nanos,count,1000,samples,directory-deployment-resolver.resolve-to-return-before-validation-and-drop
4,1,shared,candidate,initial,null,route-miss,100,1000,0,1000,elapsed_nanos,maximum,7546,ns,directory-deployment-resolver.resolve-to-return-before-validation-and-drop
4,1,shared,candidate,initial,null,route-miss,100,1000,0,1000,elapsed_nanos,mean,329.671,ns,directory-deployment-resolver.resolve-to-return-before-validation-and-drop
4,1,shared,candidate,initial,null,route-miss,100,1000,0,1000,elapsed_nanos,median,292,ns,directory-deployment-resolver.resolve-to-return-before-validation-and-drop
4,1,shared,candidate,initial,null,route-miss,100,1000,0,1000,elapsed_nanos,median_absolute_deviation,20,ns,directory-deployment-resolver.resolve-to-return-before-validation-and-drop
4,1,shared,candidate,initial,null,route-miss,100,1000,0,1000,elapsed_nanos,minimum,258,ns,directory-deployment-resolver.resolve-to-return-before-validation-and-drop
4,1,shared,candidate,initial,null,route-miss,100,1000,0,1000,elapsed_nanos,p95,344,ns,directory-deployment-resolver.resolve-to-return-before-validation-and-drop
4,1,shared,candidate,initial,null,route-miss,100,1000,0,1000,elapsed_nanos,p99,1204,ns,directory-deployment-resolver.resolve-to-return-before-validation-and-drop
4,1,shared,candidate,initial,null,route-miss,100,1000,0,1000,elapsed_nanos,standard_deviation,312.854156,ns,directory-deployment-resolver.resolve-to-return-before-validation-and-drop
4,1,shared,candidate,initial,null,route-miss,100,1000,0,1000,chunk_elapsed_nanos,count,8,samples,directory-deployment-resolver.resolve-to-return-before-validation-and-drop
4,1,shared,candidate,initial,null,route-miss,100,1000,0,1000,chunk_elapsed_nanos,maximum,513683,ns,directory-deployment-resolver.resolve-to-return-before-validation-and-drop
4,1,shared,candidate,initial,null,route-miss,100,1000,0,1000,chunk_elapsed_nanos,mean,301307.125,ns,directory-deployment-resolver.resolve-to-return-before-validation-and-drop
4,1,shared,candidate,initial,null,route-miss,100,1000,0,1000,chunk_elapsed_nanos,median,276396,ns,directory-deployment-resolver.resolve-to-return-before-validation-and-drop
4,1,shared,candidate,initial,null,route-miss,100,1000,0,1000,chunk_elapsed_nanos,median_absolute_deviation,19069,ns,directory-deployment-resolver.resolve-to-return-before-validation-and-drop
4,1,shared,candidate,initial,null,route-miss,100,1000,0,1000,chunk_elapsed_nanos,minimum,239653,ns,directory-deployment-resolver.resolve-to-return-before-validation-and-drop
4,1,shared,candidate,initial,null,route-miss,100,1000,0,1000,chunk_elapsed_nanos,p95,513683,ns,directory-deployment-resolver.resolve-to-return-before-validation-and-drop
4,1,shared,candidate,initial,null,route-miss,100,1000,0,1000,chunk_elapsed_nanos,p99,513683,ns,directory-deployment-resolver.resolve-to-return-before-validation-and-drop
4,1,shared,candidate,initial,null,route-miss,100,1000,0,1000,chunk_elapsed_nanos,standard_deviation,82360.734433,ns,directory-deployment-resolver.resolve-to-return-before-validation-and-drop
4,1,shared,candidate,initial,null,export-miss,100,1000,0,1000,elapsed_nanos,count,1000,samples,directory-deployment-resolver.resolve-to-return-before-validation-and-drop
4,1,shared,candidate,initial,null,export-miss,100,1000,0,1000,elapsed_nanos,maximum,12591,ns,directory-deployment-resolver.resolve-to-return-before-validation-and-drop
4,1,shared,candidate,initial,null,export-miss,100,1000,0,1000,elapsed_nanos,mean,321.662,ns,directory-deployment-resolver.resolve-to-return-before-validation-and-drop
4,1,shared,candidate,initial,null,export-miss,100,1000,0,1000,elapsed_nanos,median,304,ns,directory-deployment-resolver.resolve-to-return-before-validation-and-drop
4,1,shared,candidate,initial,null,export-miss,100,1000,0,1000,elapsed_nanos,median_absolute_deviation,12,ns,directory-deployment-resolver.resolve-to-return-before-validation-and-drop
4,1,shared,candidate,initial,null,export-miss,100,1000,0,1000,elapsed_nanos,minimum,259,ns,directory-deployment-resolver.resolve-to-return-before-validation-and-drop
4,1,shared,candidate,initial,null,export-miss,100,1000,0,1000,elapsed_nanos,p95,329,ns,directory-deployment-resolver.resolve-to-return-before-validation-and-drop
4,1,shared,candidate,initial,null,export-miss,100,1000,0,1000,elapsed_nanos,p99,702,ns,directory-deployment-resolver.resolve-to-return-before-validation-and-drop
4,1,shared,candidate,initial,null,export-miss,100,1000,0,1000,elapsed_nanos,standard_deviation,417.669367,ns,directory-deployment-resolver.resolve-to-return-before-validation-and-drop
4,1,shared,candidate,initial,null,export-miss,100,1000,0,1000,chunk_elapsed_nanos,count,8,samples,directory-deployment-resolver.resolve-to-return-before-validation-and-drop
4,1,shared,candidate,initial,null,export-miss,100,1000,0,1000,chunk_elapsed_nanos,maximum,289042,ns,directory-deployment-resolver.resolve-to-return-before-validation-and-drop
4,1,shared,candidate,initial,null,export-miss,100,1000,0,1000,chunk_elapsed_nanos,mean,249369.25,ns,directory-deployment-resolver.resolve-to-return-before-validation-and-drop
4,1,shared,candidate,initial,null,export-miss,100,1000,0,1000,chunk_elapsed_nanos,median,255059.5,ns,directory-deployment-resolver.resolve-to-return-before-validation-and-drop
4,1,shared,candidate,initial,null,export-miss,100,1000,0,1000,chunk_elapsed_nanos,median_absolute_deviation,14568,ns,directory-deployment-resolver.resolve-to-return-before-validation-and-drop
4,1,shared,candidate,initial,null,export-miss,100,1000,0,1000,chunk_elapsed_nanos,minimum,191636,ns,directory-deployment-resolver.resolve-to-return-before-validation-and-drop
4,1,shared,candidate,initial,null,export-miss,100,1000,0,1000,chunk_elapsed_nanos,p95,289042,ns,directory-deployment-resolver.resolve-to-return-before-validation-and-drop
4,1,shared,candidate,initial,null,export-miss,100,1000,0,1000,chunk_elapsed_nanos,p99,289042,ns,directory-deployment-resolver.resolve-to-return-before-validation-and-drop
4,1,shared,candidate,initial,null,export-miss,100,1000,0,1000,chunk_elapsed_nanos,standard_deviation,27443.484276,ns,directory-deployment-resolver.resolve-to-return-before-validation-and-drop
4,1,shared,candidate,initial,null,default-success,1000,5000,5000,0,elapsed_nanos,count,5000,samples,directory-deployment-resolver.resolve-to-return-before-validation-and-drop
4,1,shared,candidate,initial,null,default-success,1000,5000,5000,0,elapsed_nanos,maximum,40239,ns,directory-deployment-resolver.resolve-to-return-before-validation-and-drop
4,1,shared,candidate,initial,null,default-success,1000,5000,5000,0,elapsed_nanos,mean,1923.4848,ns,directory-deployment-resolver.resolve-to-return-before-validation-and-drop
4,1,shared,candidate,initial,null,default-success,1000,5000,5000,0,elapsed_nanos,median,1452,ns,directory-deployment-resolver.resolve-to-return-before-validation-and-drop
4,1,shared,candidate,initial,null,default-success,1000,5000,5000,0,elapsed_nanos,median_absolute_deviation,324,ns,directory-deployment-resolver.resolve-to-return-before-validation-and-drop
4,1,shared,candidate,initial,null,default-success,1000,5000,5000,0,elapsed_nanos,minimum,643,ns,directory-deployment-resolver.resolve-to-return-before-validation-and-drop
4,1,shared,candidate,initial,null,default-success,1000,5000,5000,0,elapsed_nanos,p95,3747,ns,directory-deployment-resolver.resolve-to-return-before-validation-and-drop
4,1,shared,candidate,initial,null,default-success,1000,5000,5000,0,elapsed_nanos,p99,14122,ns,directory-deployment-resolver.resolve-to-return-before-validation-and-drop
4,1,shared,candidate,initial,null,default-success,1000,5000,5000,0,elapsed_nanos,standard_deviation,2182.307845,ns,directory-deployment-resolver.resolve-to-return-before-validation-and-drop
4,1,shared,candidate,initial,null,default-success,1000,5000,5000,0,chunk_elapsed_nanos,count,40,samples,directory-deployment-resolver.resolve-to-return-before-validation-and-drop
4,1,shared,candidate,initial,null,default-success,1000,5000,5000,0,chunk_elapsed_nanos,maximum,9974665,ns,directory-deployment-resolver.resolve-to-return-before-validation-and-drop
4,1,shared,candidate,initial,null,default-success,1000,5000,5000,0,chunk_elapsed_nanos,mean,6634417.4,ns,directory-deployment-resolver.resolve-to-return-before-validation-and-drop
4,1,shared,candidate,initial,null,default-success,1000,5000,5000,0,chunk_elapsed_nanos,median,6619843,ns,directory-deployment-resolver.resolve-to-return-before-validation-and-drop
4,1,shared,candidate,initial,null,default-success,1000,5000,5000,0,chunk_elapsed_nanos,median_absolute_deviation,625819,ns,directory-deployment-resolver.resolve-to-return-before-validation-and-drop
4,1,shared,candidate,initial,null,default-success,1000,5000,5000,0,chunk_elapsed_nanos,minimum,419513,ns,directory-deployment-resolver.resolve-to-return-before-validation-and-drop
4,1,shared,candidate,initial,null,default-success,1000,5000,5000,0,chunk_elapsed_nanos,p95,8290142,ns,directory-deployment-resolver.resolve-to-return-before-validation-and-drop
4,1,shared,candidate,initial,null,default-success,1000,5000,5000,0,chunk_elapsed_nanos,p99,9974665,ns,directory-deployment-resolver.resolve-to-return-before-validation-and-drop
4,1,shared,candidate,initial,null,default-success,1000,5000,5000,0,chunk_elapsed_nanos,standard_deviation,1364223.624233,ns,directory-deployment-resolver.resolve-to-return-before-validation-and-drop
4,1,shared,candidate,initial,null,named-success,1000,5000,5000,0,elapsed_nanos,count,5000,samples,directory-deployment-resolver.resolve-to-return-before-validation-and-drop
4,1,shared,candidate,initial,null,named-success,1000,5000,5000,0,elapsed_nanos,maximum,26396,ns,directory-deployment-resolver.resolve-to-return-before-validation-and-drop
4,1,shared,candidate,initial,null,named-success,1000,5000,5000,0,elapsed_nanos,mean,2514.2792,ns,directory-deployment-resolver.resolve-to-return-before-validation-and-drop
4,1,shared,candidate,initial,null,named-success,1000,5000,5000,0,elapsed_nanos,median,2154.5,ns,directory-deployment-resolver.resolve-to-return-before-validation-and-drop
4,1,shared,candidate,initial,null,named-success,1000,5000,5000,0,elapsed_nanos,median_absolute_deviation,405.5,ns,directory-deployment-resolver.resolve-to-return-before-validation-and-drop
4,1,shared,candidate,initial,null,named-success,1000,5000,5000,0,elapsed_nanos,minimum,1034,ns,directory-deployment-resolver.resolve-to-return-before-validation-and-drop
4,1,shared,candidate,initial,null,named-success,1000,5000,5000,0,elapsed_nanos,p95,3843,ns,directory-deployment-resolver.resolve-to-return-before-validation-and-drop
4,1,shared,candidate,initial,null,named-success,1000,5000,5000,0,elapsed_nanos,p99,13698,ns,directory-deployment-resolver.resolve-to-return-before-validation-and-drop
4,1,shared,candidate,initial,null,named-success,1000,5000,5000,0,elapsed_nanos,standard_deviation,1908.174807,ns,directory-deployment-resolver.resolve-to-return-before-validation-and-drop
4,1,shared,candidate,initial,null,named-success,1000,5000,5000,0,chunk_elapsed_nanos,count,40,samples,directory-deployment-resolver.resolve-to-return-before-validation-and-drop
4,1,shared,candidate,initial,null,named-success,1000,5000,5000,0,chunk_elapsed_nanos,maximum,8331023,ns,directory-deployment-resolver.resolve-to-return-before-validation-and-drop
4,1,shared,candidate,initial,null,named-success,1000,5000,5000,0,chunk_elapsed_nanos,mean,6384976.35,ns,directory-deployment-resolver.resolve-to-return-before-validation-and-drop
4,1,shared,candidate,initial,null,named-success,1000,5000,5000,0,chunk_elapsed_nanos,median,6446263.5,ns,directory-deployment-resolver.resolve-to-return-before-validation-and-drop
4,1,shared,candidate,initial,null,named-success,1000,5000,5000,0,chunk_elapsed_nanos,median_absolute_deviation,386305.5,ns,directory-deployment-resolver.resolve-to-return-before-validation-and-drop
4,1,shared,candidate,initial,null,named-success,1000,5000,5000,0,chunk_elapsed_nanos,minimum,397197,ns,directory-deployment-resolver.resolve-to-return-before-validation-and-drop
4,1,shared,candidate,initial,null,named-success,1000,5000,5000,0,chunk_elapsed_nanos,p95,7603015,ns,directory-deployment-resolver.resolve-to-return-before-validation-and-drop
4,1,shared,candidate,initial,null,named-success,1000,5000,5000,0,chunk_elapsed_nanos,p99,8331023,ns,directory-deployment-resolver.resolve-to-return-before-validation-and-drop
4,1,shared,candidate,initial,null,named-success,1000,5000,5000,0,chunk_elapsed_nanos,standard_deviation,1120371.709748,ns,directory-deployment-resolver.resolve-to-return-before-validation-and-drop
4,1,shared,candidate,initial,null,route-miss,1000,1000,0,1000,elapsed_nanos,count,1000,samples,directory-deployment-resolver.resolve-to-return-before-validation-and-drop
4,1,shared,candidate,initial,null,route-miss,1000,1000,0,1000,elapsed_nanos,maximum,4006,ns,directory-deployment-resolver.resolve-to-return-before-validation-and-drop
4,1,shared,candidate,initial,null,route-miss,1000,1000,0,1000,elapsed_nanos,mean,327.599,ns,directory-deployment-resolver.resolve-to-return-before-validation-and-drop
4,1,shared,candidate,initial,null,route-miss,1000,1000,0,1000,elapsed_nanos,median,316,ns,directory-deployment-resolver.resolve-to-return-before-validation-and-drop
4,1,shared,candidate,initial,null,route-miss,1000,1000,0,1000,elapsed_nanos,median_absolute_deviation,5,ns,directory-deployment-resolver.resolve-to-return-before-validation-and-drop
4,1,shared,candidate,initial,null,route-miss,1000,1000,0,1000,elapsed_nanos,minimum,295,ns,directory-deployment-resolver.resolve-to-return-before-validation-and-drop
4,1,shared,candidate,initial,null,route-miss,1000,1000,0,1000,elapsed_nanos,p95,331,ns,directory-deployment-resolver.resolve-to-return-before-validation-and-drop
4,1,shared,candidate,initial,null,route-miss,1000,1000,0,1000,elapsed_nanos,p99,409,ns,directory-deployment-resolver.resolve-to-return-before-validation-and-drop
4,1,shared,candidate,initial,null,route-miss,1000,1000,0,1000,elapsed_nanos,standard_deviation,145.325346,ns,directory-deployment-resolver.resolve-to-return-before-validation-and-drop
4,1,shared,candidate,initial,null,route-miss,1000,1000,0,1000,chunk_elapsed_nanos,count,8,samples,directory-deployment-resolver.resolve-to-return-before-validation-and-drop
4,1,shared,candidate,initial,null,route-miss,1000,1000,0,1000,chunk_elapsed_nanos,maximum,251337,ns,directory-deployment-resolver.resolve-to-return-before-validation-and-drop
4,1,shared,candidate,initial,null,route-miss,1000,1000,0,1000,chunk_elapsed_nanos,mean,228548,ns,directory-deployment-resolver.resolve-to-return-before-validation-and-drop
4,1,shared,candidate,initial,null,route-miss,1000,1000,0,1000,chunk_elapsed_nanos,median,229305,ns,directory-deployment-resolver.resolve-to-return-before-validation-and-drop
4,1,shared,candidate,initial,null,route-miss,1000,1000,0,1000,chunk_elapsed_nanos,median_absolute_deviation,7941.5,ns,directory-deployment-resolver.resolve-to-return-before-validation-and-drop
4,1,shared,candidate,initial,null,route-miss,1000,1000,0,1000,chunk_elapsed_nanos,minimum,176279,ns,directory-deployment-resolver.resolve-to-return-before-validation-and-drop
4,1,shared,candidate,initial,null,route-miss,1000,1000,0,1000,chunk_elapsed_nanos,p95,251337,ns,directory-deployment-resolver.resolve-to-return-before-validation-and-drop
4,1,shared,candidate,initial,null,route-miss,1000,1000,0,1000,chunk_elapsed_nanos,p99,251337,ns,directory-deployment-resolver.resolve-to-return-before-validation-and-drop
4,1,shared,candidate,initial,null,route-miss,1000,1000,0,1000,chunk_elapsed_nanos,standard_deviation,22044.027751,ns,directory-deployment-resolver.resolve-to-return-before-validation-and-drop
4,1,shared,candidate,initial,null,export-miss,1000,1000,0,1000,elapsed_nanos,count,1000,samples,directory-deployment-resolver.resolve-to-return-before-validation-and-drop
4,1,shared,candidate,initial,null,export-miss,1000,1000,0,1000,elapsed_nanos,maximum,3935,ns,directory-deployment-resolver.resolve-to-return-before-validation-and-drop
4,1,shared,candidate,initial,null,export-miss,1000,1000,0,1000,elapsed_nanos,mean,346.039,ns,directory-deployment-resolver.resolve-to-return-before-validation-and-drop
4,1,shared,candidate,initial,null,export-miss,1000,1000,0,1000,elapsed_nanos,median,328,ns,directory-deployment-resolver.resolve-to-return-before-validation-and-drop
4,1,shared,candidate,initial,null,export-miss,1000,1000,0,1000,elapsed_nanos,median_absolute_deviation,5,ns,directory-deployment-resolver.resolve-to-return-before-validation-and-drop
4,1,shared,candidate,initial,null,export-miss,1000,1000,0,1000,elapsed_nanos,minimum,307,ns,directory-deployment-resolver.resolve-to-return-before-validation-and-drop
4,1,shared,candidate,initial,null,export-miss,1000,1000,0,1000,elapsed_nanos,p95,365,ns,directory-deployment-resolver.resolve-to-return-before-validation-and-drop
4,1,shared,candidate,initial,null,export-miss,1000,1000,0,1000,elapsed_nanos,p99,805,ns,directory-deployment-resolver.resolve-to-return-before-validation-and-drop
4,1,shared,candidate,initial,null,export-miss,1000,1000,0,1000,elapsed_nanos,standard_deviation,157.589732,ns,directory-deployment-resolver.resolve-to-return-before-validation-and-drop
4,1,shared,candidate,initial,null,export-miss,1000,1000,0,1000,chunk_elapsed_nanos,count,8,samples,directory-deployment-resolver.resolve-to-return-before-validation-and-drop
4,1,shared,candidate,initial,null,export-miss,1000,1000,0,1000,chunk_elapsed_nanos,maximum,310505,ns,directory-deployment-resolver.resolve-to-return-before-validation-and-drop
4,1,shared,candidate,initial,null,export-miss,1000,1000,0,1000,chunk_elapsed_nanos,mean,231246.75,ns,directory-deployment-resolver.resolve-to-return-before-validation-and-drop
4,1,shared,candidate,initial,null,export-miss,1000,1000,0,1000,chunk_elapsed_nanos,median,223408,ns,directory-deployment-resolver.resolve-to-return-before-validation-and-drop
4,1,shared,candidate,initial,null,export-miss,1000,1000,0,1000,chunk_elapsed_nanos,median_absolute_deviation,3894,ns,directory-deployment-resolver.resolve-to-return-before-validation-and-drop
4,1,shared,candidate,initial,null,export-miss,1000,1000,0,1000,chunk_elapsed_nanos,minimum,178809,ns,directory-deployment-resolver.resolve-to-return-before-validation-and-drop
4,1,shared,candidate,initial,null,export-miss,1000,1000,0,1000,chunk_elapsed_nanos,p95,310505,ns,directory-deployment-resolver.resolve-to-return-before-validation-and-drop
4,1,shared,candidate,initial,null,export-miss,1000,1000,0,1000,chunk_elapsed_nanos,p99,310505,ns,directory-deployment-resolver.resolve-to-return-before-validation-and-drop
4,1,shared,candidate,initial,null,export-miss,1000,1000,0,1000,chunk_elapsed_nanos,standard_deviation,34477.56171,ns,directory-deployment-resolver.resolve-to-return-before-validation-and-drop
4,1,shared,candidate,initial,null,default-success,10000,5000,5000,0,elapsed_nanos,count,5000,samples,directory-deployment-resolver.resolve-to-return-before-validation-and-drop
4,1,shared,candidate,initial,null,default-success,10000,5000,5000,0,elapsed_nanos,maximum,62106,ns,directory-deployment-resolver.resolve-to-return-before-validation-and-drop
4,1,shared,candidate,initial,null,default-success,10000,5000,5000,0,elapsed_nanos,mean,3209.6436,ns,directory-deployment-resolver.resolve-to-return-before-validation-and-drop
4,1,shared,candidate,initial,null,default-success,10000,5000,5000,0,elapsed_nanos,median,2716,ns,directory-deployment-resolver.resolve-to-return-before-validation-and-drop
4,1,shared,candidate,initial,null,default-success,10000,5000,5000,0,elapsed_nanos,median_absolute_deviation,425,ns,directory-deployment-resolver.resolve-to-return-before-validation-and-drop
4,1,shared,candidate,initial,null,default-success,10000,5000,5000,0,elapsed_nanos,minimum,1029,ns,directory-deployment-resolver.resolve-to-return-before-validation-and-drop
4,1,shared,candidate,initial,null,default-success,10000,5000,5000,0,elapsed_nanos,p95,5660,ns,directory-deployment-resolver.resolve-to-return-before-validation-and-drop
4,1,shared,candidate,initial,null,default-success,10000,5000,5000,0,elapsed_nanos,p99,16756,ns,directory-deployment-resolver.resolve-to-return-before-validation-and-drop
4,1,shared,candidate,initial,null,default-success,10000,5000,5000,0,elapsed_nanos,standard_deviation,2638.779218,ns,directory-deployment-resolver.resolve-to-return-before-validation-and-drop
4,1,shared,candidate,initial,null,default-success,10000,5000,5000,0,chunk_elapsed_nanos,count,40,samples,directory-deployment-resolver.resolve-to-return-before-validation-and-drop
4,1,shared,candidate,initial,null,default-success,10000,5000,5000,0,chunk_elapsed_nanos,maximum,12318110,ns,directory-deployment-resolver.resolve-to-return-before-validation-and-drop
4,1,shared,candidate,initial,null,default-success,10000,5000,5000,0,chunk_elapsed_nanos,mean,9023466.825,ns,directory-deployment-resolver.resolve-to-return-before-validation-and-drop
4,1,shared,candidate,initial,null,default-success,10000,5000,5000,0,chunk_elapsed_nanos,median,9133255.5,ns,directory-deployment-resolver.resolve-to-return-before-validation-and-drop
4,1,shared,candidate,initial,null,default-success,10000,5000,5000,0,chunk_elapsed_nanos,median_absolute_deviation,1060972.5,ns,directory-deployment-resolver.resolve-to-return-before-validation-and-drop
4,1,shared,candidate,initial,null,default-success,10000,5000,5000,0,chunk_elapsed_nanos,minimum,980233,ns,directory-deployment-resolver.resolve-to-return-before-validation-and-drop
4,1,shared,candidate,initial,null,default-success,10000,5000,5000,0,chunk_elapsed_nanos,p95,11562570,ns,directory-deployment-resolver.resolve-to-return-before-validation-and-drop
4,1,shared,candidate,initial,null,default-success,10000,5000,5000,0,chunk_elapsed_nanos,p99,12318110,ns,directory-deployment-resolver.resolve-to-return-before-validation-and-drop
4,1,shared,candidate,initial,null,default-success,10000,5000,5000,0,chunk_elapsed_nanos,standard_deviation,1815655.979418,ns,directory-deployment-resolver.resolve-to-return-before-validation-and-drop
4,1,shared,candidate,initial,null,named-success,10000,5000,5000,0,elapsed_nanos,count,5000,samples,directory-deployment-resolver.resolve-to-return-before-validation-and-drop
4,1,shared,candidate,initial,null,named-success,10000,5000,5000,0,elapsed_nanos,maximum,55794,ns,directory-deployment-resolver.resolve-to-return-before-validation-and-drop
4,1,shared,candidate,initial,null,named-success,10000,5000,5000,0,elapsed_nanos,mean,8023.7688,ns,directory-deployment-resolver.resolve-to-return-before-validation-and-drop
4,1,shared,candidate,initial,null,named-success,10000,5000,5000,0,elapsed_nanos,median,7255,ns,directory-deployment-resolver.resolve-to-return-before-validation-and-drop
4,1,shared,candidate,initial,null,named-success,10000,5000,5000,0,elapsed_nanos,median_absolute_deviation,977,ns,directory-deployment-resolver.resolve-to-return-before-validation-and-drop
4,1,shared,candidate,initial,null,named-success,10000,5000,5000,0,elapsed_nanos,minimum,3306,ns,directory-deployment-resolver.resolve-to-return-before-validation-and-drop
4,1,shared,candidate,initial,null,named-success,10000,5000,5000,0,elapsed_nanos,p95,14699,ns,directory-deployment-resolver.resolve-to-return-before-validation-and-drop
4,1,shared,candidate,initial,null,named-success,10000,5000,5000,0,elapsed_nanos,p99,25016,ns,directory-deployment-resolver.resolve-to-return-before-validation-and-drop
4,1,shared,candidate,initial,null,named-success,10000,5000,5000,0,elapsed_nanos,standard_deviation,3796.786365,ns,directory-deployment-resolver.resolve-to-return-before-validation-and-drop
4,1,shared,candidate,initial,null,named-success,10000,5000,5000,0,chunk_elapsed_nanos,count,40,samples,directory-deployment-resolver.resolve-to-return-before-validation-and-drop
4,1,shared,candidate,initial,null,named-success,10000,5000,5000,0,chunk_elapsed_nanos,maximum,16177047,ns,directory-deployment-resolver.resolve-to-return-before-validation-and-drop
4,1,shared,candidate,initial,null,named-success,10000,5000,5000,0,chunk_elapsed_nanos,mean,9623379.375,ns,directory-deployment-resolver.resolve-to-return-before-validation-and-drop
4,1,shared,candidate,initial,null,named-success,10000,5000,5000,0,chunk_elapsed_nanos,median,9706310,ns,directory-deployment-resolver.resolve-to-return-before-validation-and-drop
4,1,shared,candidate,initial,null,named-success,10000,5000,5000,0,chunk_elapsed_nanos,median_absolute_deviation,842231.5,ns,directory-deployment-resolver.resolve-to-return-before-validation-and-drop
4,1,shared,candidate,initial,null,named-success,10000,5000,5000,0,chunk_elapsed_nanos,minimum,693611,ns,directory-deployment-resolver.resolve-to-return-before-validation-and-drop
4,1,shared,candidate,initial,null,named-success,10000,5000,5000,0,chunk_elapsed_nanos,p95,12072764,ns,directory-deployment-resolver.resolve-to-return-before-validation-and-drop
4,1,shared,candidate,initial,null,named-success,10000,5000,5000,0,chunk_elapsed_nanos,p99,16177047,ns,directory-deployment-resolver.resolve-to-return-before-validation-and-drop
4,1,shared,candidate,initial,null,named-success,10000,5000,5000,0,chunk_elapsed_nanos,standard_deviation,2140874.610798,ns,directory-deployment-resolver.resolve-to-return-before-validation-and-drop
4,1,shared,candidate,initial,null,route-miss,10000,1000,0,1000,elapsed_nanos,count,1000,samples,directory-deployment-resolver.resolve-to-return-before-validation-and-drop
4,1,shared,candidate,initial,null,route-miss,10000,1000,0,1000,elapsed_nanos,maximum,7398,ns,directory-deployment-resolver.resolve-to-return-before-validation-and-drop
4,1,shared,candidate,initial,null,route-miss,10000,1000,0,1000,elapsed_nanos,mean,496.826,ns,directory-deployment-resolver.resolve-to-return-before-validation-and-drop
4,1,shared,candidate,initial,null,route-miss,10000,1000,0,1000,elapsed_nanos,median,433,ns,directory-deployment-resolver.resolve-to-return-before-validation-and-drop
4,1,shared,candidate,initial,null,route-miss,10000,1000,0,1000,elapsed_nanos,median_absolute_deviation,21,ns,directory-deployment-resolver.resolve-to-return-before-validation-and-drop
4,1,shared,candidate,initial,null,route-miss,10000,1000,0,1000,elapsed_nanos,minimum,383,ns,directory-deployment-resolver.resolve-to-return-before-validation-and-drop
4,1,shared,candidate,initial,null,route-miss,10000,1000,0,1000,elapsed_nanos,p95,585,ns,directory-deployment-resolver.resolve-to-return-before-validation-and-drop
4,1,shared,candidate,initial,null,route-miss,10000,1000,0,1000,elapsed_nanos,p99,1332,ns,directory-deployment-resolver.resolve-to-return-before-validation-and-drop
4,1,shared,candidate,initial,null,route-miss,10000,1000,0,1000,elapsed_nanos,standard_deviation,417.76446,ns,directory-deployment-resolver.resolve-to-return-before-validation-and-drop
4,1,shared,candidate,initial,null,route-miss,10000,1000,0,1000,chunk_elapsed_nanos,count,8,samples,directory-deployment-resolver.resolve-to-return-before-validation-and-drop
4,1,shared,candidate,initial,null,route-miss,10000,1000,0,1000,chunk_elapsed_nanos,maximum,645873,ns,directory-deployment-resolver.resolve-to-return-before-validation-and-drop
4,1,shared,candidate,initial,null,route-miss,10000,1000,0,1000,chunk_elapsed_nanos,mean,520439.5,ns,directory-deployment-resolver.resolve-to-return-before-validation-and-drop
4,1,shared,candidate,initial,null,route-miss,10000,1000,0,1000,chunk_elapsed_nanos,median,515861,ns,directory-deployment-resolver.resolve-to-return-before-validation-and-drop
4,1,shared,candidate,initial,null,route-miss,10000,1000,0,1000,chunk_elapsed_nanos,median_absolute_deviation,57460,ns,directory-deployment-resolver.resolve-to-return-before-validation-and-drop
4,1,shared,candidate,initial,null,route-miss,10000,1000,0,1000,chunk_elapsed_nanos,minimum,392352,ns,directory-deployment-resolver.resolve-to-return-before-validation-and-drop
4,1,shared,candidate,initial,null,route-miss,10000,1000,0,1000,chunk_elapsed_nanos,p95,645873,ns,directory-deployment-resolver.resolve-to-return-before-validation-and-drop
4,1,shared,candidate,initial,null,route-miss,10000,1000,0,1000,chunk_elapsed_nanos,p99,645873,ns,directory-deployment-resolver.resolve-to-return-before-validation-and-drop
4,1,shared,candidate,initial,null,route-miss,10000,1000,0,1000,chunk_elapsed_nanos,standard_deviation,82832.794608,ns,directory-deployment-resolver.resolve-to-return-before-validation-and-drop
4,1,shared,candidate,initial,null,export-miss,10000,1000,0,1000,elapsed_nanos,count,1000,samples,directory-deployment-resolver.resolve-to-return-before-validation-and-drop
4,1,shared,candidate,initial,null,export-miss,10000,1000,0,1000,elapsed_nanos,maximum,3923,ns,directory-deployment-resolver.resolve-to-return-before-validation-and-drop
4,1,shared,candidate,initial,null,export-miss,10000,1000,0,1000,elapsed_nanos,mean,482.771,ns,directory-deployment-resolver.resolve-to-return-before-validation-and-drop
4,1,shared,candidate,initial,null,export-miss,10000,1000,0,1000,elapsed_nanos,median,434,ns,directory-deployment-resolver.resolve-to-return-before-validation-and-drop
4,1,shared,candidate,initial,null,export-miss,10000,1000,0,1000,elapsed_nanos,median_absolute_deviation,15,ns,directory-deployment-resolver.resolve-to-return-before-validation-and-drop
4,1,shared,candidate,initial,null,export-miss,10000,1000,0,1000,elapsed_nanos,minimum,395,ns,directory-deployment-resolver.resolve-to-return-before-validation-and-drop
4,1,shared,candidate,initial,null,export-miss,10000,1000,0,1000,elapsed_nanos,p95,597,ns,directory-deployment-resolver.resolve-to-return-before-validation-and-drop
4,1,shared,candidate,initial,null,export-miss,10000,1000,0,1000,elapsed_nanos,p99,1401,ns,directory-deployment-resolver.resolve-to-return-before-validation-and-drop
4,1,shared,candidate,initial,null,export-miss,10000,1000,0,1000,elapsed_nanos,standard_deviation,275.819957,ns,directory-deployment-resolver.resolve-to-return-before-validation-and-drop
4,1,shared,candidate,initial,null,export-miss,10000,1000,0,1000,chunk_elapsed_nanos,count,8,samples,directory-deployment-resolver.resolve-to-return-before-validation-and-drop
4,1,shared,candidate,initial,null,export-miss,10000,1000,0,1000,chunk_elapsed_nanos,maximum,580645,ns,directory-deployment-resolver.resolve-to-return-before-validation-and-drop
4,1,shared,candidate,initial,null,export-miss,10000,1000,0,1000,chunk_elapsed_nanos,mean,490706.125,ns,directory-deployment-resolver.resolve-to-return-before-validation-and-drop
4,1,shared,candidate,initial,null,export-miss,10000,1000,0,1000,chunk_elapsed_nanos,median,496809,ns,directory-deployment-resolver.resolve-to-return-before-validation-and-drop
4,1,shared,candidate,initial,null,export-miss,10000,1000,0,1000,chunk_elapsed_nanos,median_absolute_deviation,34058.5,ns,directory-deployment-resolver.resolve-to-return-before-validation-and-drop
4,1,shared,candidate,initial,null,export-miss,10000,1000,0,1000,chunk_elapsed_nanos,minimum,334641,ns,directory-deployment-resolver.resolve-to-return-before-validation-and-drop
4,1,shared,candidate,initial,null,export-miss,10000,1000,0,1000,chunk_elapsed_nanos,p95,580645,ns,directory-deployment-resolver.resolve-to-return-before-validation-and-drop
4,1,shared,candidate,initial,null,export-miss,10000,1000,0,1000,chunk_elapsed_nanos,p99,580645,ns,directory-deployment-resolver.resolve-to-return-before-validation-and-drop
4,1,shared,candidate,initial,null,export-miss,10000,1000,0,1000,chunk_elapsed_nanos,standard_deviation,72193.238074,ns,directory-deployment-resolver.resolve-to-return-before-validation-and-drop
4,1,shared,candidate,initial,null,default-success,100000,5000,5000,0,elapsed_nanos,count,5000,samples,directory-deployment-resolver.resolve-to-return-before-validation-and-drop
4,1,shared,candidate,initial,null,default-success,100000,5000,5000,0,elapsed_nanos,maximum,153712,ns,directory-deployment-resolver.resolve-to-return-before-validation-and-drop
4,1,shared,candidate,initial,null,default-success,100000,5000,5000,0,elapsed_nanos,mean,6908.1328,ns,directory-deployment-resolver.resolve-to-return-before-validation-and-drop
4,1,shared,candidate,initial,null,default-success,100000,5000,5000,0,elapsed_nanos,median,5457.5,ns,directory-deployment-resolver.resolve-to-return-before-validation-and-drop
4,1,shared,candidate,initial,null,default-success,100000,5000,5000,0,elapsed_nanos,median_absolute_deviation,797.5,ns,directory-deployment-resolver.resolve-to-return-before-validation-and-drop
4,1,shared,candidate,initial,null,default-success,100000,5000,5000,0,elapsed_nanos,minimum,2955,ns,directory-deployment-resolver.resolve-to-return-before-validation-and-drop
4,1,shared,candidate,initial,null,default-success,100000,5000,5000,0,elapsed_nanos,p95,14850,ns,directory-deployment-resolver.resolve-to-return-before-validation-and-drop
4,1,shared,candidate,initial,null,default-success,100000,5000,5000,0,elapsed_nanos,p99,30484,ns,directory-deployment-resolver.resolve-to-return-before-validation-and-drop
4,1,shared,candidate,initial,null,default-success,100000,5000,5000,0,elapsed_nanos,standard_deviation,6153.437752,ns,directory-deployment-resolver.resolve-to-return-before-validation-and-drop
4,1,shared,candidate,initial,null,default-success,100000,5000,5000,0,chunk_elapsed_nanos,count,40,samples,directory-deployment-resolver.resolve-to-return-before-validation-and-drop
4,1,shared,candidate,initial,null,default-success,100000,5000,5000,0,chunk_elapsed_nanos,maximum,26279199,ns,directory-deployment-resolver.resolve-to-return-before-validation-and-drop
4,1,shared,candidate,initial,null,default-success,100000,5000,5000,0,chunk_elapsed_nanos,mean,14141617.975,ns,directory-deployment-resolver.resolve-to-return-before-validation-and-drop
4,1,shared,candidate,initial,null,default-success,100000,5000,5000,0,chunk_elapsed_nanos,median,13704324,ns,directory-deployment-resolver.resolve-to-return-before-validation-and-drop
4,1,shared,candidate,initial,null,default-success,100000,5000,5000,0,chunk_elapsed_nanos,median_absolute_deviation,1083465,ns,directory-deployment-resolver.resolve-to-return-before-validation-and-drop
4,1,shared,candidate,initial,null,default-success,100000,5000,5000,0,chunk_elapsed_nanos,minimum,897514,ns,directory-deployment-resolver.resolve-to-return-before-validation-and-drop
4,1,shared,candidate,initial,null,default-success,100000,5000,5000,0,chunk_elapsed_nanos,p95,19148680,ns,directory-deployment-resolver.resolve-to-return-before-validation-and-drop
4,1,shared,candidate,initial,null,default-success,100000,5000,5000,0,chunk_elapsed_nanos,p99,26279199,ns,directory-deployment-resolver.resolve-to-return-before-validation-and-drop
4,1,shared,candidate,initial,null,default-success,100000,5000,5000,0,chunk_elapsed_nanos,standard_deviation,3669434.611725,ns,directory-deployment-resolver.resolve-to-return-before-validation-and-drop
4,1,shared,candidate,initial,null,named-success,100000,5000,5000,0,elapsed_nanos,count,5000,samples,directory-deployment-resolver.resolve-to-return-before-validation-and-drop
4,1,shared,candidate,initial,null,named-success,100000,5000,5000,0,elapsed_nanos,maximum,643091,ns,directory-deployment-resolver.resolve-to-return-before-validation-and-drop
4,1,shared,candidate,initial,null,named-success,100000,5000,5000,0,elapsed_nanos,mean,19964.708,ns,directory-deployment-resolver.resolve-to-return-before-validation-and-drop
4,1,shared,candidate,initial,null,named-success,100000,5000,5000,0,elapsed_nanos,median,17953.5,ns,directory-deployment-resolver.resolve-to-return-before-validation-and-drop
4,1,shared,candidate,initial,null,named-success,100000,5000,5000,0,elapsed_nanos,median_absolute_deviation,2294,ns,directory-deployment-resolver.resolve-to-return-before-validation-and-drop
4,1,shared,candidate,initial,null,named-success,100000,5000,5000,0,elapsed_nanos,minimum,5875,ns,directory-deployment-resolver.resolve-to-return-before-validation-and-drop
4,1,shared,candidate,initial,null,named-success,100000,5000,5000,0,elapsed_nanos,p95,32876,ns,directory-deployment-resolver.resolve-to-return-before-validation-and-drop
4,1,shared,candidate,initial,null,named-success,100000,5000,5000,0,elapsed_nanos,p99,51694,ns,directory-deployment-resolver.resolve-to-return-before-validation-and-drop
4,1,shared,candidate,initial,null,named-success,100000,5000,5000,0,elapsed_nanos,standard_deviation,11877.646163,ns,directory-deployment-resolver.resolve-to-return-before-validation-and-drop
4,1,shared,candidate,initial,null,named-success,100000,5000,5000,0,chunk_elapsed_nanos,count,40,samples,directory-deployment-resolver.resolve-to-return-before-validation-and-drop
4,1,shared,candidate,initial,null,named-success,100000,5000,5000,0,chunk_elapsed_nanos,maximum,20576452,ns,directory-deployment-resolver.resolve-to-return-before-validation-and-drop
4,1,shared,candidate,initial,null,named-success,100000,5000,5000,0,chunk_elapsed_nanos,mean,14754303.35,ns,directory-deployment-resolver.resolve-to-return-before-validation-and-drop
4,1,shared,candidate,initial,null,named-success,100000,5000,5000,0,chunk_elapsed_nanos,median,14629402.5,ns,directory-deployment-resolver.resolve-to-return-before-validation-and-drop
4,1,shared,candidate,initial,null,named-success,100000,5000,5000,0,chunk_elapsed_nanos,median_absolute_deviation,1320773.5,ns,directory-deployment-resolver.resolve-to-return-before-validation-and-drop
4,1,shared,candidate,initial,null,named-success,100000,5000,5000,0,chunk_elapsed_nanos,minimum,903734,ns,directory-deployment-resolver.resolve-to-return-before-validation-and-drop
4,1,shared,candidate,initial,null,named-success,100000,5000,5000,0,chunk_elapsed_nanos,p95,19215089,ns,directory-deployment-resolver.resolve-to-return-before-validation-and-drop
4,1,shared,candidate,initial,null,named-success,100000,5000,5000,0,chunk_elapsed_nanos,p99,20576452,ns,directory-deployment-resolver.resolve-to-return-before-validation-and-drop
4,1,shared,candidate,initial,null,named-success,100000,5000,5000,0,chunk_elapsed_nanos,standard_deviation,2985802.214319,ns,directory-deployment-resolver.resolve-to-return-before-validation-and-drop
4,1,shared,candidate,initial,null,route-miss,100000,1000,0,1000,elapsed_nanos,count,1000,samples,directory-deployment-resolver.resolve-to-return-before-validation-and-drop
4,1,shared,candidate,initial,null,route-miss,100000,1000,0,1000,elapsed_nanos,maximum,51150,ns,directory-deployment-resolver.resolve-to-return-before-validation-and-drop
4,1,shared,candidate,initial,null,route-miss,100000,1000,0,1000,elapsed_nanos,mean,1096.81,ns,directory-deployment-resolver.resolve-to-return-before-validation-and-drop
4,1,shared,candidate,initial,null,route-miss,100000,1000,0,1000,elapsed_nanos,median,765.5,ns,directory-deployment-resolver.resolve-to-return-before-validation-and-drop
4,1,shared,candidate,initial,null,route-miss,100000,1000,0,1000,elapsed_nanos,median_absolute_deviation,172.5,ns,directory-deployment-resolver.resolve-to-return-before-validation-and-drop
4,1,shared,candidate,initial,null,route-miss,100000,1000,0,1000,elapsed_nanos,minimum,535,ns,directory-deployment-resolver.resolve-to-return-before-validation-and-drop
4,1,shared,candidate,initial,null,route-miss,100000,1000,0,1000,elapsed_nanos,p95,1884,ns,directory-deployment-resolver.resolve-to-return-before-validation-and-drop
4,1,shared,candidate,initial,null,route-miss,100000,1000,0,1000,elapsed_nanos,p99,7459,ns,directory-deployment-resolver.resolve-to-return-before-validation-and-drop
4,1,shared,candidate,initial,null,route-miss,100000,1000,0,1000,elapsed_nanos,standard_deviation,2229.722632,ns,directory-deployment-resolver.resolve-to-return-before-validation-and-drop
4,1,shared,candidate,initial,null,route-miss,100000,1000,0,1000,chunk_elapsed_nanos,count,8,samples,directory-deployment-resolver.resolve-to-return-before-validation-and-drop
4,1,shared,candidate,initial,null,route-miss,100000,1000,0,1000,chunk_elapsed_nanos,maximum,1595301,ns,directory-deployment-resolver.resolve-to-return-before-validation-and-drop
4,1,shared,candidate,initial,null,route-miss,100000,1000,0,1000,chunk_elapsed_nanos,mean,1161564.875,ns,directory-deployment-resolver.resolve-to-return-before-validation-and-drop
4,1,shared,candidate,initial,null,route-miss,100000,1000,0,1000,chunk_elapsed_nanos,median,1175275,ns,directory-deployment-resolver.resolve-to-return-before-validation-and-drop
4,1,shared,candidate,initial,null,route-miss,100000,1000,0,1000,chunk_elapsed_nanos,median_absolute_deviation,48972,ns,directory-deployment-resolver.resolve-to-return-before-validation-and-drop
4,1,shared,candidate,initial,null,route-miss,100000,1000,0,1000,chunk_elapsed_nanos,minimum,804346,ns,directory-deployment-resolver.resolve-to-return-before-validation-and-drop
4,1,shared,candidate,initial,null,route-miss,100000,1000,0,1000,chunk_elapsed_nanos,p95,1595301,ns,directory-deployment-resolver.resolve-to-return-before-validation-and-drop
4,1,shared,candidate,initial,null,route-miss,100000,1000,0,1000,chunk_elapsed_nanos,p99,1595301,ns,directory-deployment-resolver.resolve-to-return-before-validation-and-drop
4,1,shared,candidate,initial,null,route-miss,100000,1000,0,1000,chunk_elapsed_nanos,standard_deviation,208902.151416,ns,directory-deployment-resolver.resolve-to-return-before-validation-and-drop
4,1,shared,candidate,initial,null,export-miss,100000,1000,0,1000,elapsed_nanos,count,1000,samples,directory-deployment-resolver.resolve-to-return-before-validation-and-drop
4,1,shared,candidate,initial,null,export-miss,100000,1000,0,1000,elapsed_nanos,maximum,76513,ns,directory-deployment-resolver.resolve-to-return-before-validation-and-drop
4,1,shared,candidate,initial,null,export-miss,100000,1000,0,1000,elapsed_nanos,mean,1583.147,ns,directory-deployment-resolver.resolve-to-return-before-validation-and-drop
4,1,shared,candidate,initial,null,export-miss,100000,1000,0,1000,elapsed_nanos,median,1021.5,ns,directory-deployment-resolver.resolve-to-return-before-validation-and-drop
4,1,shared,candidate,initial,null,export-miss,100000,1000,0,1000,elapsed_nanos,median_absolute_deviation,336,ns,directory-deployment-resolver.resolve-to-return-before-validation-and-drop
4,1,shared,candidate,initial,null,export-miss,100000,1000,0,1000,elapsed_nanos,minimum,571,ns,directory-deployment-resolver.resolve-to-return-before-validation-and-drop
4,1,shared,candidate,initial,null,export-miss,100000,1000,0,1000,elapsed_nanos,p95,2754,ns,directory-deployment-resolver.resolve-to-return-before-validation-and-drop
4,1,shared,candidate,initial,null,export-miss,100000,1000,0,1000,elapsed_nanos,p99,14638,ns,directory-deployment-resolver.resolve-to-return-before-validation-and-drop
4,1,shared,candidate,initial,null,export-miss,100000,1000,0,1000,elapsed_nanos,standard_deviation,3645.660821,ns,directory-deployment-resolver.resolve-to-return-before-validation-and-drop
4,1,shared,candidate,initial,null,export-miss,100000,1000,0,1000,chunk_elapsed_nanos,count,8,samples,directory-deployment-resolver.resolve-to-return-before-validation-and-drop
4,1,shared,candidate,initial,null,export-miss,100000,1000,0,1000,chunk_elapsed_nanos,maximum,1824871,ns,directory-deployment-resolver.resolve-to-return-before-validation-and-drop
4,1,shared,candidate,initial,null,export-miss,100000,1000,0,1000,chunk_elapsed_nanos,mean,1389873.25,ns,directory-deployment-resolver.resolve-to-return-before-validation-and-drop
4,1,shared,candidate,initial,null,export-miss,100000,1000,0,1000,chunk_elapsed_nanos,median,1391187.5,ns,directory-deployment-resolver.resolve-to-return-before-validation-and-drop
4,1,shared,candidate,initial,null,export-miss,100000,1000,0,1000,chunk_elapsed_nanos,median_absolute_deviation,179635.5,ns,directory-deployment-resolver.resolve-to-return-before-validation-and-drop
4,1,shared,candidate,initial,null,export-miss,100000,1000,0,1000,chunk_elapsed_nanos,minimum,986834,ns,directory-deployment-resolver.resolve-to-return-before-validation-and-drop
4,1,shared,candidate,initial,null,export-miss,100000,1000,0,1000,chunk_elapsed_nanos,p95,1824871,ns,directory-deployment-resolver.resolve-to-return-before-validation-and-drop
4,1,shared,candidate,initial,null,export-miss,100000,1000,0,1000,chunk_elapsed_nanos,p99,1824871,ns,directory-deployment-resolver.resolve-to-return-before-validation-and-drop
4,1,shared,candidate,initial,null,export-miss,100000,1000,0,1000,chunk_elapsed_nanos,standard_deviation,248838.322246,ns,directory-deployment-resolver.resolve-to-return-before-validation-and-drop
6,1,shared,control,initial,null,default-success,100,5000,5000,0,elapsed_nanos,count,5000,samples,directory-deployment-resolver.resolve-to-return-before-validation-and-drop
6,1,shared,control,initial,null,default-success,100,5000,5000,0,elapsed_nanos,maximum,86264,ns,directory-deployment-resolver.resolve-to-return-before-validation-and-drop
6,1,shared,control,initial,null,default-success,100,5000,5000,0,elapsed_nanos,mean,2190.7724,ns,directory-deployment-resolver.resolve-to-return-before-validation-and-drop
6,1,shared,control,initial,null,default-success,100,5000,5000,0,elapsed_nanos,median,1732.5,ns,directory-deployment-resolver.resolve-to-return-before-validation-and-drop
6,1,shared,control,initial,null,default-success,100,5000,5000,0,elapsed_nanos,median_absolute_deviation,351,ns,directory-deployment-resolver.resolve-to-return-before-validation-and-drop
6,1,shared,control,initial,null,default-success,100,5000,5000,0,elapsed_nanos,minimum,1135,ns,directory-deployment-resolver.resolve-to-return-before-validation-and-drop
6,1,shared,control,initial,null,default-success,100,5000,5000,0,elapsed_nanos,p95,3753,ns,directory-deployment-resolver.resolve-to-return-before-validation-and-drop
6,1,shared,control,initial,null,default-success,100,5000,5000,0,elapsed_nanos,p99,12160,ns,directory-deployment-resolver.resolve-to-return-before-validation-and-drop
6,1,shared,control,initial,null,default-success,100,5000,5000,0,elapsed_nanos,standard_deviation,2387.775699,ns,directory-deployment-resolver.resolve-to-return-before-validation-and-drop
6,1,shared,control,initial,null,default-success,100,5000,5000,0,chunk_elapsed_nanos,count,40,samples,directory-deployment-resolver.resolve-to-return-before-validation-and-drop
6,1,shared,control,initial,null,default-success,100,5000,5000,0,chunk_elapsed_nanos,maximum,10357495,ns,directory-deployment-resolver.resolve-to-return-before-validation-and-drop
6,1,shared,control,initial,null,default-success,100,5000,5000,0,chunk_elapsed_nanos,mean,7076331.675,ns,directory-deployment-resolver.resolve-to-return-before-validation-and-drop
6,1,shared,control,initial,null,default-success,100,5000,5000,0,chunk_elapsed_nanos,median,6970730.5,ns,directory-deployment-resolver.resolve-to-return-before-validation-and-drop
6,1,shared,control,initial,null,default-success,100,5000,5000,0,chunk_elapsed_nanos,median_absolute_deviation,741598,ns,directory-deployment-resolver.resolve-to-return-before-validation-and-drop
6,1,shared,control,initial,null,default-success,100,5000,5000,0,chunk_elapsed_nanos,minimum,389111,ns,directory-deployment-resolver.resolve-to-return-before-validation-and-drop
6,1,shared,control,initial,null,default-success,100,5000,5000,0,chunk_elapsed_nanos,p95,9152019,ns,directory-deployment-resolver.resolve-to-return-before-validation-and-drop
6,1,shared,control,initial,null,default-success,100,5000,5000,0,chunk_elapsed_nanos,p99,10357495,ns,directory-deployment-resolver.resolve-to-return-before-validation-and-drop
6,1,shared,control,initial,null,default-success,100,5000,5000,0,chunk_elapsed_nanos,standard_deviation,1505997.888606,ns,directory-deployment-resolver.resolve-to-return-before-validation-and-drop
6,1,shared,control,initial,null,named-success,100,5000,5000,0,elapsed_nanos,count,5000,samples,directory-deployment-resolver.resolve-to-return-before-validation-and-drop
6,1,shared,control,initial,null,named-success,100,5000,5000,0,elapsed_nanos,maximum,432366,ns,directory-deployment-resolver.resolve-to-return-before-validation-and-drop
6,1,shared,control,initial,null,named-success,100,5000,5000,0,elapsed_nanos,mean,2537.392,ns,directory-deployment-resolver.resolve-to-return-before-validation-and-drop
6,1,shared,control,initial,null,named-success,100,5000,5000,0,elapsed_nanos,median,1816,ns,directory-deployment-resolver.resolve-to-return-before-validation-and-drop
6,1,shared,control,initial,null,named-success,100,5000,5000,0,elapsed_nanos,median_absolute_deviation,298,ns,directory-deployment-resolver.resolve-to-return-before-validation-and-drop
6,1,shared,control,initial,null,named-success,100,5000,5000,0,elapsed_nanos,minimum,1243,ns,directory-deployment-resolver.resolve-to-return-before-validation-and-drop
6,1,shared,control,initial,null,named-success,100,5000,5000,0,elapsed_nanos,p95,5317,ns,directory-deployment-resolver.resolve-to-return-before-validation-and-drop
6,1,shared,control,initial,null,named-success,100,5000,5000,0,elapsed_nanos,p99,14522,ns,directory-deployment-resolver.resolve-to-return-before-validation-and-drop
6,1,shared,control,initial,null,named-success,100,5000,5000,0,elapsed_nanos,standard_deviation,6529.891859,ns,directory-deployment-resolver.resolve-to-return-before-validation-and-drop
6,1,shared,control,initial,null,named-success,100,5000,5000,0,chunk_elapsed_nanos,count,40,samples,directory-deployment-resolver.resolve-to-return-before-validation-and-drop
6,1,shared,control,initial,null,named-success,100,5000,5000,0,chunk_elapsed_nanos,maximum,11762195,ns,directory-deployment-resolver.resolve-to-return-before-validation-and-drop
6,1,shared,control,initial,null,named-success,100,5000,5000,0,chunk_elapsed_nanos,mean,6836731.575,ns,directory-deployment-resolver.resolve-to-return-before-validation-and-drop
6,1,shared,control,initial,null,named-success,100,5000,5000,0,chunk_elapsed_nanos,median,6809624.5,ns,directory-deployment-resolver.resolve-to-return-before-validation-and-drop
6,1,shared,control,initial,null,named-success,100,5000,5000,0,chunk_elapsed_nanos,median_absolute_deviation,513853,ns,directory-deployment-resolver.resolve-to-return-before-validation-and-drop
6,1,shared,control,initial,null,named-success,100,5000,5000,0,chunk_elapsed_nanos,minimum,391320,ns,directory-deployment-resolver.resolve-to-return-before-validation-and-drop
6,1,shared,control,initial,null,named-success,100,5000,5000,0,chunk_elapsed_nanos,p95,8843695,ns,directory-deployment-resolver.resolve-to-return-before-validation-and-drop
6,1,shared,control,initial,null,named-success,100,5000,5000,0,chunk_elapsed_nanos,p99,11762195,ns,directory-deployment-resolver.resolve-to-return-before-validation-and-drop
6,1,shared,control,initial,null,named-success,100,5000,5000,0,chunk_elapsed_nanos,standard_deviation,1513436.29806,ns,directory-deployment-resolver.resolve-to-return-before-validation-and-drop
6,1,shared,control,initial,null,route-miss,100,1000,0,1000,elapsed_nanos,count,1000,samples,directory-deployment-resolver.resolve-to-return-before-validation-and-drop
6,1,shared,control,initial,null,route-miss,100,1000,0,1000,elapsed_nanos,maximum,2667,ns,directory-deployment-resolver.resolve-to-return-before-validation-and-drop
6,1,shared,control,initial,null,route-miss,100,1000,0,1000,elapsed_nanos,mean,271.98,ns,directory-deployment-resolver.resolve-to-return-before-validation-and-drop
6,1,shared,control,initial,null,route-miss,100,1000,0,1000,elapsed_nanos,median,251,ns,directory-deployment-resolver.resolve-to-return-before-validation-and-drop
6,1,shared,control,initial,null,route-miss,100,1000,0,1000,elapsed_nanos,median_absolute_deviation,14,ns,directory-deployment-resolver.resolve-to-return-before-validation-and-drop
6,1,shared,control,initial,null,route-miss,100,1000,0,1000,elapsed_nanos,minimum,224,ns,directory-deployment-resolver.resolve-to-return-before-validation-and-drop
6,1,shared,control,initial,null,route-miss,100,1000,0,1000,elapsed_nanos,p95,392,ns,directory-deployment-resolver.resolve-to-return-before-validation-and-drop
6,1,shared,control,initial,null,route-miss,100,1000,0,1000,elapsed_nanos,p99,682,ns,directory-deployment-resolver.resolve-to-return-before-validation-and-drop
6,1,shared,control,initial,null,route-miss,100,1000,0,1000,elapsed_nanos,standard_deviation,114.282482,ns,directory-deployment-resolver.resolve-to-return-before-validation-and-drop
6,1,shared,control,initial,null,route-miss,100,1000,0,1000,chunk_elapsed_nanos,count,8,samples,directory-deployment-resolver.resolve-to-return-before-validation-and-drop
6,1,shared,control,initial,null,route-miss,100,1000,0,1000,chunk_elapsed_nanos,maximum,423424,ns,directory-deployment-resolver.resolve-to-return-before-validation-and-drop
6,1,shared,control,initial,null,route-miss,100,1000,0,1000,chunk_elapsed_nanos,mean,245691.125,ns,directory-deployment-resolver.resolve-to-return-before-validation-and-drop
6,1,shared,control,initial,null,route-miss,100,1000,0,1000,chunk_elapsed_nanos,median,225235.5,ns,directory-deployment-resolver.resolve-to-return-before-validation-and-drop
6,1,shared,control,initial,null,route-miss,100,1000,0,1000,chunk_elapsed_nanos,median_absolute_deviation,22258,ns,directory-deployment-resolver.resolve-to-return-before-validation-and-drop
6,1,shared,control,initial,null,route-miss,100,1000,0,1000,chunk_elapsed_nanos,minimum,192267,ns,directory-deployment-resolver.resolve-to-return-before-validation-and-drop
6,1,shared,control,initial,null,route-miss,100,1000,0,1000,chunk_elapsed_nanos,p95,423424,ns,directory-deployment-resolver.resolve-to-return-before-validation-and-drop
6,1,shared,control,initial,null,route-miss,100,1000,0,1000,chunk_elapsed_nanos,p99,423424,ns,directory-deployment-resolver.resolve-to-return-before-validation-and-drop
6,1,shared,control,initial,null,route-miss,100,1000,0,1000,chunk_elapsed_nanos,standard_deviation,69878.454547,ns,directory-deployment-resolver.resolve-to-return-before-validation-and-drop
6,1,shared,control,initial,null,export-miss,100,1000,0,1000,elapsed_nanos,count,1000,samples,directory-deployment-resolver.resolve-to-return-before-validation-and-drop
6,1,shared,control,initial,null,export-miss,100,1000,0,1000,elapsed_nanos,maximum,4437,ns,directory-deployment-resolver.resolve-to-return-before-validation-and-drop
6,1,shared,control,initial,null,export-miss,100,1000,0,1000,elapsed_nanos,mean,351.693,ns,directory-deployment-resolver.resolve-to-return-before-validation-and-drop
6,1,shared,control,initial,null,export-miss,100,1000,0,1000,elapsed_nanos,median,344,ns,directory-deployment-resolver.resolve-to-return-before-validation-and-drop
6,1,shared,control,initial,null,export-miss,100,1000,0,1000,elapsed_nanos,median_absolute_deviation,11,ns,directory-deployment-resolver.resolve-to-return-before-validation-and-drop
6,1,shared,control,initial,null,export-miss,100,1000,0,1000,elapsed_nanos,minimum,290,ns,directory-deployment-resolver.resolve-to-return-before-validation-and-drop
6,1,shared,control,initial,null,export-miss,100,1000,0,1000,elapsed_nanos,p95,389,ns,directory-deployment-resolver.resolve-to-return-before-validation-and-drop
6,1,shared,control,initial,null,export-miss,100,1000,0,1000,elapsed_nanos,p99,611,ns,directory-deployment-resolver.resolve-to-return-before-validation-and-drop
6,1,shared,control,initial,null,export-miss,100,1000,0,1000,elapsed_nanos,standard_deviation,151.756505,ns,directory-deployment-resolver.resolve-to-return-before-validation-and-drop
6,1,shared,control,initial,null,export-miss,100,1000,0,1000,chunk_elapsed_nanos,count,8,samples,directory-deployment-resolver.resolve-to-return-before-validation-and-drop
6,1,shared,control,initial,null,export-miss,100,1000,0,1000,chunk_elapsed_nanos,maximum,265776,ns,directory-deployment-resolver.resolve-to-return-before-validation-and-drop
6,1,shared,control,initial,null,export-miss,100,1000,0,1000,chunk_elapsed_nanos,mean,228923.375,ns,directory-deployment-resolver.resolve-to-return-before-validation-and-drop
6,1,shared,control,initial,null,export-miss,100,1000,0,1000,chunk_elapsed_nanos,median,237634.5,ns,directory-deployment-resolver.resolve-to-return-before-validation-and-drop
6,1,shared,control,initial,null,export-miss,100,1000,0,1000,chunk_elapsed_nanos,median_absolute_deviation,15621,ns,directory-deployment-resolver.resolve-to-return-before-validation-and-drop
6,1,shared,control,initial,null,export-miss,100,1000,0,1000,chunk_elapsed_nanos,minimum,171036,ns,directory-deployment-resolver.resolve-to-return-before-validation-and-drop
6,1,shared,control,initial,null,export-miss,100,1000,0,1000,chunk_elapsed_nanos,p95,265776,ns,directory-deployment-resolver.resolve-to-return-before-validation-and-drop
6,1,shared,control,initial,null,export-miss,100,1000,0,1000,chunk_elapsed_nanos,p99,265776,ns,directory-deployment-resolver.resolve-to-return-before-validation-and-drop
6,1,shared,control,initial,null,export-miss,100,1000,0,1000,chunk_elapsed_nanos,standard_deviation,28287.212186,ns,directory-deployment-resolver.resolve-to-return-before-validation-and-drop
6,1,shared,control,initial,null,default-success,1000,5000,5000,0,elapsed_nanos,count,5000,samples,directory-deployment-resolver.resolve-to-return-before-validation-and-drop
6,1,shared,control,initial,null,default-success,1000,5000,5000,0,elapsed_nanos,maximum,72568,ns,directory-deployment-resolver.resolve-to-return-before-validation-and-drop
6,1,shared,control,initial,null,default-success,1000,5000,5000,0,elapsed_nanos,mean,3432.3466,ns,directory-deployment-resolver.resolve-to-return-before-validation-and-drop
6,1,shared,control,initial,null,default-success,1000,5000,5000,0,elapsed_nanos,median,2807,ns,directory-deployment-resolver.resolve-to-return-before-validation-and-drop
6,1,shared,control,initial,null,default-success,1000,5000,5000,0,elapsed_nanos,median_absolute_deviation,516,ns,directory-deployment-resolver.resolve-to-return-before-validation-and-drop
6,1,shared,control,initial,null,default-success,1000,5000,5000,0,elapsed_nanos,minimum,1262,ns,directory-deployment-resolver.resolve-to-return-before-validation-and-drop
6,1,shared,control,initial,null,default-success,1000,5000,5000,0,elapsed_nanos,p95,7078,ns,directory-deployment-resolver.resolve-to-return-before-validation-and-drop
6,1,shared,control,initial,null,default-success,1000,5000,5000,0,elapsed_nanos,p99,17178,ns,directory-deployment-resolver.resolve-to-return-before-validation-and-drop
6,1,shared,control,initial,null,default-success,1000,5000,5000,0,elapsed_nanos,standard_deviation,2785.580001,ns,directory-deployment-resolver.resolve-to-return-before-validation-and-drop
6,1,shared,control,initial,null,default-success,1000,5000,5000,0,chunk_elapsed_nanos,count,40,samples,directory-deployment-resolver.resolve-to-return-before-validation-and-drop
6,1,shared,control,initial,null,default-success,1000,5000,5000,0,chunk_elapsed_nanos,maximum,10306430,ns,directory-deployment-resolver.resolve-to-return-before-validation-and-drop
6,1,shared,control,initial,null,default-success,1000,5000,5000,0,chunk_elapsed_nanos,mean,8231212.975,ns,directory-deployment-resolver.resolve-to-return-before-validation-and-drop
6,1,shared,control,initial,null,default-success,1000,5000,5000,0,chunk_elapsed_nanos,median,8411647.5,ns,directory-deployment-resolver.resolve-to-return-before-validation-and-drop
6,1,shared,control,initial,null,default-success,1000,5000,5000,0,chunk_elapsed_nanos,median_absolute_deviation,557314.5,ns,directory-deployment-resolver.resolve-to-return-before-validation-and-drop
6,1,shared,control,initial,null,default-success,1000,5000,5000,0,chunk_elapsed_nanos,minimum,898128,ns,directory-deployment-resolver.resolve-to-return-before-validation-and-drop
6,1,shared,control,initial,null,default-success,1000,5000,5000,0,chunk_elapsed_nanos,p95,9582580,ns,directory-deployment-resolver.resolve-to-return-before-validation-and-drop
6,1,shared,control,initial,null,default-success,1000,5000,5000,0,chunk_elapsed_nanos,p99,10306430,ns,directory-deployment-resolver.resolve-to-return-before-validation-and-drop
6,1,shared,control,initial,null,default-success,1000,5000,5000,0,chunk_elapsed_nanos,standard_deviation,1453835.151791,ns,directory-deployment-resolver.resolve-to-return-before-validation-and-drop
6,1,shared,control,initial,null,named-success,1000,5000,5000,0,elapsed_nanos,count,5000,samples,directory-deployment-resolver.resolve-to-return-before-validation-and-drop
6,1,shared,control,initial,null,named-success,1000,5000,5000,0,elapsed_nanos,maximum,60047,ns,directory-deployment-resolver.resolve-to-return-before-validation-and-drop
6,1,shared,control,initial,null,named-success,1000,5000,5000,0,elapsed_nanos,mean,4768.4364,ns,directory-deployment-resolver.resolve-to-return-before-validation-and-drop
6,1,shared,control,initial,null,named-success,1000,5000,5000,0,elapsed_nanos,median,4070,ns,directory-deployment-resolver.resolve-to-return-before-validation-and-drop
6,1,shared,control,initial,null,named-success,1000,5000,5000,0,elapsed_nanos,median_absolute_deviation,614,ns,directory-deployment-resolver.resolve-to-return-before-validation-and-drop
6,1,shared,control,initial,null,named-success,1000,5000,5000,0,elapsed_nanos,minimum,2089,ns,directory-deployment-resolver.resolve-to-return-before-validation-and-drop
6,1,shared,control,initial,null,named-success,1000,5000,5000,0,elapsed_nanos,p95,9004,ns,directory-deployment-resolver.resolve-to-return-before-validation-and-drop
6,1,shared,control,initial,null,named-success,1000,5000,5000,0,elapsed_nanos,p99,19291,ns,directory-deployment-resolver.resolve-to-return-before-validation-and-drop
6,1,shared,control,initial,null,named-success,1000,5000,5000,0,elapsed_nanos,standard_deviation,3114.648388,ns,directory-deployment-resolver.resolve-to-return-before-validation-and-drop
6,1,shared,control,initial,null,named-success,1000,5000,5000,0,chunk_elapsed_nanos,count,40,samples,directory-deployment-resolver.resolve-to-return-before-validation-and-drop
6,1,shared,control,initial,null,named-success,1000,5000,5000,0,chunk_elapsed_nanos,maximum,12137028,ns,directory-deployment-resolver.resolve-to-return-before-validation-and-drop
6,1,shared,control,initial,null,named-success,1000,5000,5000,0,chunk_elapsed_nanos,mean,8311694.875,ns,directory-deployment-resolver.resolve-to-return-before-validation-and-drop
6,1,shared,control,initial,null,named-success,1000,5000,5000,0,chunk_elapsed_nanos,median,8176654.5,ns,directory-deployment-resolver.resolve-to-return-before-validation-and-drop
6,1,shared,control,initial,null,named-success,1000,5000,5000,0,chunk_elapsed_nanos,median_absolute_deviation,730342,ns,directory-deployment-resolver.resolve-to-return-before-validation-and-drop
6,1,shared,control,initial,null,named-success,1000,5000,5000,0,chunk_elapsed_nanos,minimum,401109,ns,directory-deployment-resolver.resolve-to-return-before-validation-and-drop
6,1,shared,control,initial,null,named-success,1000,5000,5000,0,chunk_elapsed_nanos,p95,10424153,ns,directory-deployment-resolver.resolve-to-return-before-validation-and-drop
6,1,shared,control,initial,null,named-success,1000,5000,5000,0,chunk_elapsed_nanos,p99,12137028,ns,directory-deployment-resolver.resolve-to-return-before-validation-and-drop
6,1,shared,control,initial,null,named-success,1000,5000,5000,0,chunk_elapsed_nanos,standard_deviation,1687876.128133,ns,directory-deployment-resolver.resolve-to-return-before-validation-and-drop
6,1,shared,control,initial,null,route-miss,1000,1000,0,1000,elapsed_nanos,count,1000,samples,directory-deployment-resolver.resolve-to-return-before-validation-and-drop
6,1,shared,control,initial,null,route-miss,1000,1000,0,1000,elapsed_nanos,maximum,2060,ns,directory-deployment-resolver.resolve-to-return-before-validation-and-drop
6,1,shared,control,initial,null,route-miss,1000,1000,0,1000,elapsed_nanos,mean,276.725,ns,directory-deployment-resolver.resolve-to-return-before-validation-and-drop
6,1,shared,control,initial,null,route-miss,1000,1000,0,1000,elapsed_nanos,median,251,ns,directory-deployment-resolver.resolve-to-return-before-validation-and-drop
6,1,shared,control,initial,null,route-miss,1000,1000,0,1000,elapsed_nanos,median_absolute_deviation,11,ns,directory-deployment-resolver.resolve-to-return-before-validation-and-drop
6,1,shared,control,initial,null,route-miss,1000,1000,0,1000,elapsed_nanos,minimum,222,ns,directory-deployment-resolver.resolve-to-return-before-validation-and-drop
6,1,shared,control,initial,null,route-miss,1000,1000,0,1000,elapsed_nanos,p95,363,ns,directory-deployment-resolver.resolve-to-return-before-validation-and-drop
6,1,shared,control,initial,null,route-miss,1000,1000,0,1000,elapsed_nanos,p99,602,ns,directory-deployment-resolver.resolve-to-return-before-validation-and-drop
6,1,shared,control,initial,null,route-miss,1000,1000,0,1000,elapsed_nanos,standard_deviation,106.443024,ns,directory-deployment-resolver.resolve-to-return-before-validation-and-drop
6,1,shared,control,initial,null,route-miss,1000,1000,0,1000,chunk_elapsed_nanos,count,8,samples,directory-deployment-resolver.resolve-to-return-before-validation-and-drop
6,1,shared,control,initial,null,route-miss,1000,1000,0,1000,chunk_elapsed_nanos,maximum,255321,ns,directory-deployment-resolver.resolve-to-return-before-validation-and-drop
6,1,shared,control,initial,null,route-miss,1000,1000,0,1000,chunk_elapsed_nanos,mean,224508.25,ns,directory-deployment-resolver.resolve-to-return-before-validation-and-drop
6,1,shared,control,initial,null,route-miss,1000,1000,0,1000,chunk_elapsed_nanos,median,229247.5,ns,directory-deployment-resolver.resolve-to-return-before-validation-and-drop
6,1,shared,control,initial,null,route-miss,1000,1000,0,1000,chunk_elapsed_nanos,median_absolute_deviation,11106.5,ns,directory-deployment-resolver.resolve-to-return-before-validation-and-drop
6,1,shared,control,initial,null,route-miss,1000,1000,0,1000,chunk_elapsed_nanos,minimum,171296,ns,directory-deployment-resolver.resolve-to-return-before-validation-and-drop
6,1,shared,control,initial,null,route-miss,1000,1000,0,1000,chunk_elapsed_nanos,p95,255321,ns,directory-deployment-resolver.resolve-to-return-before-validation-and-drop
6,1,shared,control,initial,null,route-miss,1000,1000,0,1000,chunk_elapsed_nanos,p99,255321,ns,directory-deployment-resolver.resolve-to-return-before-validation-and-drop
6,1,shared,control,initial,null,route-miss,1000,1000,0,1000,chunk_elapsed_nanos,standard_deviation,23563.515674,ns,directory-deployment-resolver.resolve-to-return-before-validation-and-drop
6,1,shared,control,initial,null,export-miss,1000,1000,0,1000,elapsed_nanos,count,1000,samples,directory-deployment-resolver.resolve-to-return-before-validation-and-drop
6,1,shared,control,initial,null,export-miss,1000,1000,0,1000,elapsed_nanos,maximum,2296,ns,directory-deployment-resolver.resolve-to-return-before-validation-and-drop
6,1,shared,control,initial,null,export-miss,1000,1000,0,1000,elapsed_nanos,mean,348.722,ns,directory-deployment-resolver.resolve-to-return-before-validation-and-drop
6,1,shared,control,initial,null,export-miss,1000,1000,0,1000,elapsed_nanos,median,332,ns,directory-deployment-resolver.resolve-to-return-before-validation-and-drop
6,1,shared,control,initial,null,export-miss,1000,1000,0,1000,elapsed_nanos,median_absolute_deviation,13,ns,directory-deployment-resolver.resolve-to-return-before-validation-and-drop
6,1,shared,control,initial,null,export-miss,1000,1000,0,1000,elapsed_nanos,minimum,295,ns,directory-deployment-resolver.resolve-to-return-before-validation-and-drop
6,1,shared,control,initial,null,export-miss,1000,1000,0,1000,elapsed_nanos,p95,418,ns,directory-deployment-resolver.resolve-to-return-before-validation-and-drop
6,1,shared,control,initial,null,export-miss,1000,1000,0,1000,elapsed_nanos,p99,764,ns,directory-deployment-resolver.resolve-to-return-before-validation-and-drop
6,1,shared,control,initial,null,export-miss,1000,1000,0,1000,elapsed_nanos,standard_deviation,101.35302,ns,directory-deployment-resolver.resolve-to-return-before-validation-and-drop
6,1,shared,control,initial,null,export-miss,1000,1000,0,1000,chunk_elapsed_nanos,count,8,samples,directory-deployment-resolver.resolve-to-return-before-validation-and-drop
6,1,shared,control,initial,null,export-miss,1000,1000,0,1000,chunk_elapsed_nanos,maximum,314629,ns,directory-deployment-resolver.resolve-to-return-before-validation-and-drop
6,1,shared,control,initial,null,export-miss,1000,1000,0,1000,chunk_elapsed_nanos,mean,232834,ns,directory-deployment-resolver.resolve-to-return-before-validation-and-drop
6,1,shared,control,initial,null,export-miss,1000,1000,0,1000,chunk_elapsed_nanos,median,221585,ns,directory-deployment-resolver.resolve-to-return-before-validation-and-drop
6,1,shared,control,initial,null,export-miss,1000,1000,0,1000,chunk_elapsed_nanos,median_absolute_deviation,9674.5,ns,directory-deployment-resolver.resolve-to-return-before-validation-and-drop
6,1,shared,control,initial,null,export-miss,1000,1000,0,1000,chunk_elapsed_nanos,minimum,184695,ns,directory-deployment-resolver.resolve-to-return-before-validation-and-drop
6,1,shared,control,initial,null,export-miss,1000,1000,0,1000,chunk_elapsed_nanos,p95,314629,ns,directory-deployment-resolver.resolve-to-return-before-validation-and-drop
6,1,shared,control,initial,null,export-miss,1000,1000,0,1000,chunk_elapsed_nanos,p99,314629,ns,directory-deployment-resolver.resolve-to-return-before-validation-and-drop
6,1,shared,control,initial,null,export-miss,1000,1000,0,1000,chunk_elapsed_nanos,standard_deviation,35602.750013,ns,directory-deployment-resolver.resolve-to-return-before-validation-and-drop
6,1,shared,control,initial,null,default-success,10000,5000,5000,0,elapsed_nanos,count,5000,samples,directory-deployment-resolver.resolve-to-return-before-validation-and-drop
6,1,shared,control,initial,null,default-success,10000,5000,5000,0,elapsed_nanos,maximum,611806,ns,directory-deployment-resolver.resolve-to-return-before-validation-and-drop
6,1,shared,control,initial,null,default-success,10000,5000,5000,0,elapsed_nanos,mean,6036.4774,ns,directory-deployment-resolver.resolve-to-return-before-validation-and-drop
6,1,shared,control,initial,null,default-success,10000,5000,5000,0,elapsed_nanos,median,4582,ns,directory-deployment-resolver.resolve-to-return-before-validation-and-drop
6,1,shared,control,initial,null,default-success,10000,5000,5000,0,elapsed_nanos,median_absolute_deviation,915.5,ns,directory-deployment-resolver.resolve-to-return-before-validation-and-drop
6,1,shared,control,initial,null,default-success,10000,5000,5000,0,elapsed_nanos,minimum,1814,ns,directory-deployment-resolver.resolve-to-return-before-validation-and-drop
6,1,shared,control,initial,null,default-success,10000,5000,5000,0,elapsed_nanos,p95,11403,ns,directory-deployment-resolver.resolve-to-return-before-validation-and-drop
6,1,shared,control,initial,null,default-success,10000,5000,5000,0,elapsed_nanos,p99,23590,ns,directory-deployment-resolver.resolve-to-return-before-validation-and-drop
6,1,shared,control,initial,null,default-success,10000,5000,5000,0,elapsed_nanos,standard_deviation,12554.979657,ns,directory-deployment-resolver.resolve-to-return-before-validation-and-drop
6,1,shared,control,initial,null,default-success,10000,5000,5000,0,chunk_elapsed_nanos,count,40,samples,directory-deployment-resolver.resolve-to-return-before-validation-and-drop
6,1,shared,control,initial,null,default-success,10000,5000,5000,0,chunk_elapsed_nanos,maximum,29867726,ns,directory-deployment-resolver.resolve-to-return-before-validation-and-drop
6,1,shared,control,initial,null,default-success,10000,5000,5000,0,chunk_elapsed_nanos,mean,12713871.5,ns,directory-deployment-resolver.resolve-to-return-before-validation-and-drop
6,1,shared,control,initial,null,default-success,10000,5000,5000,0,chunk_elapsed_nanos,median,12020626,ns,directory-deployment-resolver.resolve-to-return-before-validation-and-drop
6,1,shared,control,initial,null,default-success,10000,5000,5000,0,chunk_elapsed_nanos,median_absolute_deviation,2146762.5,ns,directory-deployment-resolver.resolve-to-return-before-validation-and-drop
6,1,shared,control,initial,null,default-success,10000,5000,5000,0,chunk_elapsed_nanos,minimum,756629,ns,directory-deployment-resolver.resolve-to-return-before-validation-and-drop
6,1,shared,control,initial,null,default-success,10000,5000,5000,0,chunk_elapsed_nanos,p95,20845185,ns,directory-deployment-resolver.resolve-to-return-before-validation-and-drop
6,1,shared,control,initial,null,default-success,10000,5000,5000,0,chunk_elapsed_nanos,p99,29867726,ns,directory-deployment-resolver.resolve-to-return-before-validation-and-drop
6,1,shared,control,initial,null,default-success,10000,5000,5000,0,chunk_elapsed_nanos,standard_deviation,4534271.602139,ns,directory-deployment-resolver.resolve-to-return-before-validation-and-drop
6,1,shared,control,initial,null,named-success,10000,5000,5000,0,elapsed_nanos,count,5000,samples,directory-deployment-resolver.resolve-to-return-before-validation-and-drop
6,1,shared,control,initial,null,named-success,10000,5000,5000,0,elapsed_nanos,maximum,189711,ns,directory-deployment-resolver.resolve-to-return-before-validation-and-drop
6,1,shared,control,initial,null,named-success,10000,5000,5000,0,elapsed_nanos,mean,9638.7792,ns,directory-deployment-resolver.resolve-to-return-before-validation-and-drop
6,1,shared,control,initial,null,named-success,10000,5000,5000,0,elapsed_nanos,median,8121,ns,directory-deployment-resolver.resolve-to-return-before-validation-and-drop
6,1,shared,control,initial,null,named-success,10000,5000,5000,0,elapsed_nanos,median_absolute_deviation,1335,ns,directory-deployment-resolver.resolve-to-return-before-validation-and-drop
6,1,shared,control,initial,null,named-success,10000,5000,5000,0,elapsed_nanos,minimum,3699,ns,directory-deployment-resolver.resolve-to-return-before-validation-and-drop
6,1,shared,control,initial,null,named-success,10000,5000,5000,0,elapsed_nanos,p95,18416,ns,directory-deployment-resolver.resolve-to-return-before-validation-and-drop
6,1,shared,control,initial,null,named-success,10000,5000,5000,0,elapsed_nanos,p99,30800,ns,directory-deployment-resolver.resolve-to-return-before-validation-and-drop
6,1,shared,control,initial,null,named-success,10000,5000,5000,0,elapsed_nanos,standard_deviation,6254.398957,ns,directory-deployment-resolver.resolve-to-return-before-validation-and-drop
6,1,shared,control,initial,null,named-success,10000,5000,5000,0,chunk_elapsed_nanos,count,40,samples,directory-deployment-resolver.resolve-to-return-before-validation-and-drop
6,1,shared,control,initial,null,named-success,10000,5000,5000,0,chunk_elapsed_nanos,maximum,20021382,ns,directory-deployment-resolver.resolve-to-return-before-validation-and-drop
6,1,shared,control,initial,null,named-success,10000,5000,5000,0,chunk_elapsed_nanos,mean,11754699.825,ns,directory-deployment-resolver.resolve-to-return-before-validation-and-drop
6,1,shared,control,initial,null,named-success,10000,5000,5000,0,chunk_elapsed_nanos,median,11513179.5,ns,directory-deployment-resolver.resolve-to-return-before-validation-and-drop
6,1,shared,control,initial,null,named-success,10000,5000,5000,0,chunk_elapsed_nanos,median_absolute_deviation,990677,ns,directory-deployment-resolver.resolve-to-return-before-validation-and-drop
6,1,shared,control,initial,null,named-success,10000,5000,5000,0,chunk_elapsed_nanos,minimum,1070872,ns,directory-deployment-resolver.resolve-to-return-before-validation-and-drop
6,1,shared,control,initial,null,named-success,10000,5000,5000,0,chunk_elapsed_nanos,p95,15048571,ns,directory-deployment-resolver.resolve-to-return-before-validation-and-drop
6,1,shared,control,initial,null,named-success,10000,5000,5000,0,chunk_elapsed_nanos,p99,20021382,ns,directory-deployment-resolver.resolve-to-return-before-validation-and-drop
6,1,shared,control,initial,null,named-success,10000,5000,5000,0,chunk_elapsed_nanos,standard_deviation,2654739.653465,ns,directory-deployment-resolver.resolve-to-return-before-validation-and-drop
6,1,shared,control,initial,null,route-miss,10000,1000,0,1000,elapsed_nanos,count,1000,samples,directory-deployment-resolver.resolve-to-return-before-validation-and-drop
6,1,shared,control,initial,null,route-miss,10000,1000,0,1000,elapsed_nanos,maximum,9210,ns,directory-deployment-resolver.resolve-to-return-before-validation-and-drop
6,1,shared,control,initial,null,route-miss,10000,1000,0,1000,elapsed_nanos,mean,538.924,ns,directory-deployment-resolver.resolve-to-return-before-validation-and-drop
6,1,shared,control,initial,null,route-miss,10000,1000,0,1000,elapsed_nanos,median,442,ns,directory-deployment-resolver.resolve-to-return-before-validation-and-drop
6,1,shared,control,initial,null,route-miss,10000,1000,0,1000,elapsed_nanos,median_absolute_deviation,46,ns,directory-deployment-resolver.resolve-to-return-before-validation-and-drop
6,1,shared,control,initial,null,route-miss,10000,1000,0,1000,elapsed_nanos,minimum,319,ns,directory-deployment-resolver.resolve-to-return-before-validation-and-drop
6,1,shared,control,initial,null,route-miss,10000,1000,0,1000,elapsed_nanos,p95,868,ns,directory-deployment-resolver.resolve-to-return-before-validation-and-drop
6,1,shared,control,initial,null,route-miss,10000,1000,0,1000,elapsed_nanos,p99,2405,ns,directory-deployment-resolver.resolve-to-return-before-validation-and-drop
6,1,shared,control,initial,null,route-miss,10000,1000,0,1000,elapsed_nanos,standard_deviation,531.879438,ns,directory-deployment-resolver.resolve-to-return-before-validation-and-drop
6,1,shared,control,initial,null,route-miss,10000,1000,0,1000,chunk_elapsed_nanos,count,8,samples,directory-deployment-resolver.resolve-to-return-before-validation-and-drop
6,1,shared,control,initial,null,route-miss,10000,1000,0,1000,chunk_elapsed_nanos,maximum,946954,ns,directory-deployment-resolver.resolve-to-return-before-validation-and-drop
6,1,shared,control,initial,null,route-miss,10000,1000,0,1000,chunk_elapsed_nanos,mean,603287.625,ns,directory-deployment-resolver.resolve-to-return-before-validation-and-drop
6,1,shared,control,initial,null,route-miss,10000,1000,0,1000,chunk_elapsed_nanos,median,545320.5,ns,directory-deployment-resolver.resolve-to-return-before-validation-and-drop
6,1,shared,control,initial,null,route-miss,10000,1000,0,1000,chunk_elapsed_nanos,median_absolute_deviation,86057,ns,directory-deployment-resolver.resolve-to-return-before-validation-and-drop
6,1,shared,control,initial,null,route-miss,10000,1000,0,1000,chunk_elapsed_nanos,minimum,399577,ns,directory-deployment-resolver.resolve-to-return-before-validation-and-drop
6,1,shared,control,initial,null,route-miss,10000,1000,0,1000,chunk_elapsed_nanos,p95,946954,ns,directory-deployment-resolver.resolve-to-return-before-validation-and-drop
6,1,shared,control,initial,null,route-miss,10000,1000,0,1000,chunk_elapsed_nanos,p99,946954,ns,directory-deployment-resolver.resolve-to-return-before-validation-and-drop
6,1,shared,control,initial,null,route-miss,10000,1000,0,1000,chunk_elapsed_nanos,standard_deviation,184107.374274,ns,directory-deployment-resolver.resolve-to-return-before-validation-and-drop
6,1,shared,control,initial,null,export-miss,10000,1000,0,1000,elapsed_nanos,count,1000,samples,directory-deployment-resolver.resolve-to-return-before-validation-and-drop
6,1,shared,control,initial,null,export-miss,10000,1000,0,1000,elapsed_nanos,maximum,18065,ns,directory-deployment-resolver.resolve-to-return-before-validation-and-drop
6,1,shared,control,initial,null,export-miss,10000,1000,0,1000,elapsed_nanos,mean,549.509,ns,directory-deployment-resolver.resolve-to-return-before-validation-and-drop
6,1,shared,control,initial,null,export-miss,10000,1000,0,1000,elapsed_nanos,median,444,ns,directory-deployment-resolver.resolve-to-return-before-validation-and-drop
6,1,shared,control,initial,null,export-miss,10000,1000,0,1000,elapsed_nanos,median_absolute_deviation,28,ns,directory-deployment-resolver.resolve-to-return-before-validation-and-drop
6,1,shared,control,initial,null,export-miss,10000,1000,0,1000,elapsed_nanos,minimum,350,ns,directory-deployment-resolver.resolve-to-return-before-validation-and-drop
6,1,shared,control,initial,null,export-miss,10000,1000,0,1000,elapsed_nanos,p95,650,ns,directory-deployment-resolver.resolve-to-return-before-validation-and-drop
6,1,shared,control,initial,null,export-miss,10000,1000,0,1000,elapsed_nanos,p99,2386,ns,directory-deployment-resolver.resolve-to-return-before-validation-and-drop
6,1,shared,control,initial,null,export-miss,10000,1000,0,1000,elapsed_nanos,standard_deviation,701.880608,ns,directory-deployment-resolver.resolve-to-return-before-validation-and-drop
6,1,shared,control,initial,null,export-miss,10000,1000,0,1000,chunk_elapsed_nanos,count,8,samples,directory-deployment-resolver.resolve-to-return-before-validation-and-drop
6,1,shared,control,initial,null,export-miss,10000,1000,0,1000,chunk_elapsed_nanos,maximum,653231,ns,directory-deployment-resolver.resolve-to-return-before-validation-and-drop
6,1,shared,control,initial,null,export-miss,10000,1000,0,1000,chunk_elapsed_nanos,mean,492132.625,ns,directory-deployment-resolver.resolve-to-return-before-validation-and-drop
6,1,shared,control,initial,null,export-miss,10000,1000,0,1000,chunk_elapsed_nanos,median,487501,ns,directory-deployment-resolver.resolve-to-return-before-validation-and-drop
6,1,shared,control,initial,null,export-miss,10000,1000,0,1000,chunk_elapsed_nanos,median_absolute_deviation,34038.5,ns,directory-deployment-resolver.resolve-to-return-before-validation-and-drop
6,1,shared,control,initial,null,export-miss,10000,1000,0,1000,chunk_elapsed_nanos,minimum,404080,ns,directory-deployment-resolver.resolve-to-return-before-validation-and-drop
6,1,shared,control,initial,null,export-miss,10000,1000,0,1000,chunk_elapsed_nanos,p95,653231,ns,directory-deployment-resolver.resolve-to-return-before-validation-and-drop
6,1,shared,control,initial,null,export-miss,10000,1000,0,1000,chunk_elapsed_nanos,p99,653231,ns,directory-deployment-resolver.resolve-to-return-before-validation-and-drop
6,1,shared,control,initial,null,export-miss,10000,1000,0,1000,chunk_elapsed_nanos,standard_deviation,73554.376029,ns,directory-deployment-resolver.resolve-to-return-before-validation-and-drop
6,1,shared,control,initial,null,default-success,100000,5000,5000,0,elapsed_nanos,count,5000,samples,directory-deployment-resolver.resolve-to-return-before-validation-and-drop
6,1,shared,control,initial,null,default-success,100000,5000,5000,0,elapsed_nanos,maximum,35107,ns,directory-deployment-resolver.resolve-to-return-before-validation-and-drop
6,1,shared,control,initial,null,default-success,100000,5000,5000,0,elapsed_nanos,mean,5032.75,ns,directory-deployment-resolver.resolve-to-return-before-validation-and-drop
6,1,shared,control,initial,null,default-success,100000,5000,5000,0,elapsed_nanos,median,4506,ns,directory-deployment-resolver.resolve-to-return-before-validation-and-drop
6,1,shared,control,initial,null,default-success,100000,5000,5000,0,elapsed_nanos,median_absolute_deviation,450,ns,directory-deployment-resolver.resolve-to-return-before-validation-and-drop
6,1,shared,control,initial,null,default-success,100000,5000,5000,0,elapsed_nanos,minimum,2771,ns,directory-deployment-resolver.resolve-to-return-before-validation-and-drop
6,1,shared,control,initial,null,default-success,100000,5000,5000,0,elapsed_nanos,p95,7232,ns,directory-deployment-resolver.resolve-to-return-before-validation-and-drop
6,1,shared,control,initial,null,default-success,100000,5000,5000,0,elapsed_nanos,p99,18862,ns,directory-deployment-resolver.resolve-to-return-before-validation-and-drop
6,1,shared,control,initial,null,default-success,100000,5000,5000,0,elapsed_nanos,standard_deviation,2544.251508,ns,directory-deployment-resolver.resolve-to-return-before-validation-and-drop
6,1,shared,control,initial,null,default-success,100000,5000,5000,0,chunk_elapsed_nanos,count,40,samples,directory-deployment-resolver.resolve-to-return-before-validation-and-drop
6,1,shared,control,initial,null,default-success,100000,5000,5000,0,chunk_elapsed_nanos,maximum,11993474,ns,directory-deployment-resolver.resolve-to-return-before-validation-and-drop
6,1,shared,control,initial,null,default-success,100000,5000,5000,0,chunk_elapsed_nanos,mean,9757235.3,ns,directory-deployment-resolver.resolve-to-return-before-validation-and-drop
6,1,shared,control,initial,null,default-success,100000,5000,5000,0,chunk_elapsed_nanos,median,9579996,ns,directory-deployment-resolver.resolve-to-return-before-validation-and-drop
6,1,shared,control,initial,null,default-success,100000,5000,5000,0,chunk_elapsed_nanos,median_absolute_deviation,422804.5,ns,directory-deployment-resolver.resolve-to-return-before-validation-and-drop
6,1,shared,control,initial,null,default-success,100000,5000,5000,0,chunk_elapsed_nanos,minimum,642928,ns,directory-deployment-resolver.resolve-to-return-before-validation-and-drop
6,1,shared,control,initial,null,default-success,100000,5000,5000,0,chunk_elapsed_nanos,p95,11544121,ns,directory-deployment-resolver.resolve-to-return-before-validation-and-drop
6,1,shared,control,initial,null,default-success,100000,5000,5000,0,chunk_elapsed_nanos,p99,11993474,ns,directory-deployment-resolver.resolve-to-return-before-validation-and-drop
6,1,shared,control,initial,null,default-success,100000,5000,5000,0,chunk_elapsed_nanos,standard_deviation,1689684.784806,ns,directory-deployment-resolver.resolve-to-return-before-validation-and-drop
6,1,shared,control,initial,null,named-success,100000,5000,5000,0,elapsed_nanos,count,5000,samples,directory-deployment-resolver.resolve-to-return-before-validation-and-drop
6,1,shared,control,initial,null,named-success,100000,5000,5000,0,elapsed_nanos,maximum,71471,ns,directory-deployment-resolver.resolve-to-return-before-validation-and-drop
6,1,shared,control,initial,null,named-success,100000,5000,5000,0,elapsed_nanos,mean,10813.2686,ns,directory-deployment-resolver.resolve-to-return-before-validation-and-drop
6,1,shared,control,initial,null,named-success,100000,5000,5000,0,elapsed_nanos,median,10026,ns,directory-deployment-resolver.resolve-to-return-before-validation-and-drop
6,1,shared,control,initial,null,named-success,100000,5000,5000,0,elapsed_nanos,median_absolute_deviation,992,ns,directory-deployment-resolver.resolve-to-return-before-validation-and-drop
6,1,shared,control,initial,null,named-success,100000,5000,5000,0,elapsed_nanos,minimum,4775,ns,directory-deployment-resolver.resolve-to-return-before-validation-and-drop
6,1,shared,control,initial,null,named-success,100000,5000,5000,0,elapsed_nanos,p95,16561,ns,directory-deployment-resolver.resolve-to-return-before-validation-and-drop
6,1,shared,control,initial,null,named-success,100000,5000,5000,0,elapsed_nanos,p99,28091,ns,directory-deployment-resolver.resolve-to-return-before-validation-and-drop
6,1,shared,control,initial,null,named-success,100000,5000,5000,0,elapsed_nanos,standard_deviation,3943.564952,ns,directory-deployment-resolver.resolve-to-return-before-validation-and-drop
6,1,shared,control,initial,null,named-success,100000,5000,5000,0,chunk_elapsed_nanos,count,40,samples,directory-deployment-resolver.resolve-to-return-before-validation-and-drop
6,1,shared,control,initial,null,named-success,100000,5000,5000,0,chunk_elapsed_nanos,maximum,12829428,ns,directory-deployment-resolver.resolve-to-return-before-validation-and-drop
6,1,shared,control,initial,null,named-success,100000,5000,5000,0,chunk_elapsed_nanos,mean,10952985.8,ns,directory-deployment-resolver.resolve-to-return-before-validation-and-drop
6,1,shared,control,initial,null,named-success,100000,5000,5000,0,chunk_elapsed_nanos,median,11086069,ns,directory-deployment-resolver.resolve-to-return-before-validation-and-drop
6,1,shared,control,initial,null,named-success,100000,5000,5000,0,chunk_elapsed_nanos,median_absolute_deviation,484640.5,ns,directory-deployment-resolver.resolve-to-return-before-validation-and-drop
6,1,shared,control,initial,null,named-success,100000,5000,5000,0,chunk_elapsed_nanos,minimum,979927,ns,directory-deployment-resolver.resolve-to-return-before-validation-and-drop
6,1,shared,control,initial,null,named-success,100000,5000,5000,0,chunk_elapsed_nanos,p95,12166775,ns,directory-deployment-resolver.resolve-to-return-before-validation-and-drop
6,1,shared,control,initial,null,named-success,100000,5000,5000,0,chunk_elapsed_nanos,p99,12829428,ns,directory-deployment-resolver.resolve-to-return-before-validation-and-drop
6,1,shared,control,initial,null,named-success,100000,5000,5000,0,chunk_elapsed_nanos,standard_deviation,1721230.447101,ns,directory-deployment-resolver.resolve-to-return-before-validation-and-drop
6,1,shared,control,initial,null,route-miss,100000,1000,0,1000,elapsed_nanos,count,1000,samples,directory-deployment-resolver.resolve-to-return-before-validation-and-drop
6,1,shared,control,initial,null,route-miss,100000,1000,0,1000,elapsed_nanos,maximum,15201,ns,directory-deployment-resolver.resolve-to-return-before-validation-and-drop
6,1,shared,control,initial,null,route-miss,100000,1000,0,1000,elapsed_nanos,mean,558.58,ns,directory-deployment-resolver.resolve-to-return-before-validation-and-drop
6,1,shared,control,initial,null,route-miss,100000,1000,0,1000,elapsed_nanos,median,418,ns,directory-deployment-resolver.resolve-to-return-before-validation-and-drop
6,1,shared,control,initial,null,route-miss,100000,1000,0,1000,elapsed_nanos,median_absolute_deviation,72,ns,directory-deployment-resolver.resolve-to-return-before-validation-and-drop
6,1,shared,control,initial,null,route-miss,100000,1000,0,1000,elapsed_nanos,minimum,285,ns,directory-deployment-resolver.resolve-to-return-before-validation-and-drop
6,1,shared,control,initial,null,route-miss,100000,1000,0,1000,elapsed_nanos,p95,1054,ns,directory-deployment-resolver.resolve-to-return-before-validation-and-drop
6,1,shared,control,initial,null,route-miss,100000,1000,0,1000,elapsed_nanos,p99,1986,ns,directory-deployment-resolver.resolve-to-return-before-validation-and-drop
6,1,shared,control,initial,null,route-miss,100000,1000,0,1000,elapsed_nanos,standard_deviation,784.238363,ns,directory-deployment-resolver.resolve-to-return-before-validation-and-drop
6,1,shared,control,initial,null,route-miss,100000,1000,0,1000,chunk_elapsed_nanos,count,8,samples,directory-deployment-resolver.resolve-to-return-before-validation-and-drop
6,1,shared,control,initial,null,route-miss,100000,1000,0,1000,chunk_elapsed_nanos,maximum,983144,ns,directory-deployment-resolver.resolve-to-return-before-validation-and-drop
6,1,shared,control,initial,null,route-miss,100000,1000,0,1000,chunk_elapsed_nanos,mean,775037.5,ns,directory-deployment-resolver.resolve-to-return-before-validation-and-drop
6,1,shared,control,initial,null,route-miss,100000,1000,0,1000,chunk_elapsed_nanos,median,761857,ns,directory-deployment-resolver.resolve-to-return-before-validation-and-drop
6,1,shared,control,initial,null,route-miss,100000,1000,0,1000,chunk_elapsed_nanos,median_absolute_deviation,35312.5,ns,directory-deployment-resolver.resolve-to-return-before-validation-and-drop
6,1,shared,control,initial,null,route-miss,100000,1000,0,1000,chunk_elapsed_nanos,minimum,687436,ns,directory-deployment-resolver.resolve-to-return-before-validation-and-drop
6,1,shared,control,initial,null,route-miss,100000,1000,0,1000,chunk_elapsed_nanos,p95,983144,ns,directory-deployment-resolver.resolve-to-return-before-validation-and-drop
6,1,shared,control,initial,null,route-miss,100000,1000,0,1000,chunk_elapsed_nanos,p99,983144,ns,directory-deployment-resolver.resolve-to-return-before-validation-and-drop
6,1,shared,control,initial,null,route-miss,100000,1000,0,1000,chunk_elapsed_nanos,standard_deviation,86055.601831,ns,directory-deployment-resolver.resolve-to-return-before-validation-and-drop
6,1,shared,control,initial,null,export-miss,100000,1000,0,1000,elapsed_nanos,count,1000,samples,directory-deployment-resolver.resolve-to-return-before-validation-and-drop
6,1,shared,control,initial,null,export-miss,100000,1000,0,1000,elapsed_nanos,maximum,25559,ns,directory-deployment-resolver.resolve-to-return-before-validation-and-drop
6,1,shared,control,initial,null,export-miss,100000,1000,0,1000,elapsed_nanos,mean,557.032,ns,directory-deployment-resolver.resolve-to-return-before-validation-and-drop
6,1,shared,control,initial,null,export-miss,100000,1000,0,1000,elapsed_nanos,median,417,ns,directory-deployment-resolver.resolve-to-return-before-validation-and-drop
6,1,shared,control,initial,null,export-miss,100000,1000,0,1000,elapsed_nanos,median_absolute_deviation,40,ns,directory-deployment-resolver.resolve-to-return-before-validation-and-drop
6,1,shared,control,initial,null,export-miss,100000,1000,0,1000,elapsed_nanos,minimum,351,ns,directory-deployment-resolver.resolve-to-return-before-validation-and-drop
6,1,shared,control,initial,null,export-miss,100000,1000,0,1000,elapsed_nanos,p95,995,ns,directory-deployment-resolver.resolve-to-return-before-validation-and-drop
6,1,shared,control,initial,null,export-miss,100000,1000,0,1000,elapsed_nanos,p99,1593,ns,directory-deployment-resolver.resolve-to-return-before-validation-and-drop
6,1,shared,control,initial,null,export-miss,100000,1000,0,1000,elapsed_nanos,standard_deviation,983.468641,ns,directory-deployment-resolver.resolve-to-return-before-validation-and-drop
6,1,shared,control,initial,null,export-miss,100000,1000,0,1000,chunk_elapsed_nanos,count,8,samples,directory-deployment-resolver.resolve-to-return-before-validation-and-drop
6,1,shared,control,initial,null,export-miss,100000,1000,0,1000,chunk_elapsed_nanos,maximum,912934,ns,directory-deployment-resolver.resolve-to-return-before-validation-and-drop
6,1,shared,control,initial,null,export-miss,100000,1000,0,1000,chunk_elapsed_nanos,mean,769803.25,ns,directory-deployment-resolver.resolve-to-return-before-validation-and-drop
6,1,shared,control,initial,null,export-miss,100000,1000,0,1000,chunk_elapsed_nanos,median,759366,ns,directory-deployment-resolver.resolve-to-return-before-validation-and-drop
6,1,shared,control,initial,null,export-miss,100000,1000,0,1000,chunk_elapsed_nanos,median_absolute_deviation,20504,ns,directory-deployment-resolver.resolve-to-return-before-validation-and-drop
6,1,shared,control,initial,null,export-miss,100000,1000,0,1000,chunk_elapsed_nanos,minimum,672248,ns,directory-deployment-resolver.resolve-to-return-before-validation-and-drop
6,1,shared,control,initial,null,export-miss,100000,1000,0,1000,chunk_elapsed_nanos,p95,912934,ns,directory-deployment-resolver.resolve-to-return-before-validation-and-drop
6,1,shared,control,initial,null,export-miss,100000,1000,0,1000,chunk_elapsed_nanos,p99,912934,ns,directory-deployment-resolver.resolve-to-return-before-validation-and-drop
6,1,shared,control,initial,null,export-miss,100000,1000,0,1000,chunk_elapsed_nanos,standard_deviation,64944.314791,ns,directory-deployment-resolver.resolve-to-return-before-validation-and-drop
