density,from_stage,to_stage,metric,unit,pairs,pair_count,available_pairs,unavailable_pairs,native,lsf,paired_difference,lower,equal,higher,order_strata
1,ready,final,cpu_total_nanos,ns,"[{""pair"":0,""first_arm"":""lsf"",""native_group"":1,""lsf_group"":0,""native"":""111360000"",""lsf"":""133778000"",""lsf_minus_native"":""22418000"",""percent_of_native"":""20.131106""},{""pair"":1,""first_arm"":""native"",""native_group"":4,""lsf_group"":5,""native"":""125746000"",""lsf"":""155853000"",""lsf_minus_native"":""30107000"",""percent_of_native"":""23.94271""},{""pair"":2,""first_arm"":""native"",""native_group"":2,""lsf_group"":3,""native"":""120012000"",""lsf"":""167284000"",""lsf_minus_native"":""47272000"",""percent_of_native"":""39.389394""},{""pair"":3,""first_arm"":""native"",""native_group"":0,""lsf_group"":1,""native"":""115505000"",""lsf"":""140934000"",""lsf_minus_native"":""25429000"",""percent_of_native"":""22.015497""},{""pair"":4,""first_arm"":""lsf"",""native_group"":5,""lsf_group"":4,""native"":""116522000"",""lsf"":""155161000"",""lsf_minus_native"":""38639000"",""percent_of_native"":""33.160262""},{""pair"":5,""first_arm"":""lsf"",""native_group"":3,""lsf_group"":2,""native"":""116436000"",""lsf"":""140133000"",""lsf_minus_native"":""23697000"",""percent_of_native"":""20.351953""},{""pair"":6,""first_arm"":""lsf"",""native_group"":1,""lsf_group"":0,""native"":""122196000"",""lsf"":""146650000"",""lsf_minus_native"":""24454000"",""percent_of_native"":""20.012112""}]",7,7,0,"{""count"":""7"",""minimum"":""111360000"",""median"":""116522000"",""maximum"":""125746000"",""p95"":""125746000"",""p99"":""125746000"",""mean"":""118253857.142857"",""median_absolute_deviation"":""3490000"",""standard_deviation"":""4410202.082463""}","{""count"":""7"",""minimum"":""133778000"",""median"":""146650000"",""maximum"":""167284000"",""p95"":""167284000"",""p99"":""167284000"",""mean"":""148541857.142857"",""median_absolute_deviation"":""8511000"",""standard_deviation"":""10681577.938924""}","{""count"":""7"",""minimum"":""22418000"",""median"":""25429000"",""maximum"":""47272000"",""p95"":""47272000"",""p99"":""47272000"",""mean"":""30288000"",""median_absolute_deviation"":""3011000"",""standard_deviation"":""8629284.32722""}",0,0,7,"{""lsf"":{""pair_count"":4,""available_pairs"":4,""unavailable_pairs"":0,""native"":{""count"":""4"",""minimum"":""111360000"",""median"":""116479000"",""maximum"":""122196000"",""p95"":""122196000"",""p99"":""122196000"",""mean"":""116628500"",""median_absolute_deviation"":""2581000"",""standard_deviation"":""3834140.940289""},""lsf"":{""count"":""4"",""minimum"":""133778000"",""median"":""143391500"",""maximum"":""155161000"",""p95"":""155161000"",""p99"":""155161000"",""mean"":""143930500"",""median_absolute_deviation"":""6436000"",""standard_deviation"":""7921711.825736""},""paired_difference"":{""count"":""4"",""minimum"":""22418000"",""median"":""24075500"",""maximum"":""38639000"",""p95"":""38639000"",""p99"":""38639000"",""mean"":""27302000"",""median_absolute_deviation"":""1018000"",""standard_deviation"":""6585745.098317""},""lower"":0,""equal"":0,""higher"":4},""native"":{""pair_count"":3,""available_pairs"":3,""unavailable_pairs"":0,""native"":{""count"":""3"",""minimum"":""115505000"",""median"":""120012000"",""maximum"":""125746000"",""p95"":""125746000"",""p99"":""125746000"",""mean"":""120421000"",""median_absolute_deviation"":""4507000"",""standard_deviation"":""4190861.566154""},""lsf"":{""count"":""3"",""minimum"":""140934000"",""median"":""155853000"",""maximum"":""167284000"",""p95"":""167284000"",""p99"":""167284000"",""mean"":""154690333.333333"",""median_absolute_deviation"":""11431000"",""standard_deviation"":""10788712.321475""},""paired_difference"":{""count"":""3"",""minimum"":""25429000"",""median"":""30107000"",""maximum"":""47272000"",""p95"":""47272000"",""p99"":""47272000"",""mean"":""34269333.333333"",""median_absolute_deviation"":""4678000"",""standard_deviation"":""9390524.526824""},""lower"":0,""equal"":0,""higher"":3}}"
1,ready,final,cpu_user_nanos,ns,"[{""pair"":0,""first_arm"":""lsf"",""native_group"":1,""lsf_group"":0,""native"":""60309000"",""lsf"":""60461000"",""lsf_minus_native"":""152000"",""percent_of_native"":""0.252035""},{""pair"":1,""first_arm"":""native"",""native_group"":4,""lsf_group"":5,""native"":""80558000"",""lsf"":""70069000"",""lsf_minus_native"":""-10489000"",""percent_of_native"":""-13.020432""},{""pair"":2,""first_arm"":""native"",""native_group"":2,""lsf_group"":3,""native"":""53442000"",""lsf"":""87124000"",""lsf_minus_native"":""33682000"",""percent_of_native"":""63.025336""},{""pair"":3,""first_arm"":""native"",""native_group"":0,""lsf_group"":1,""native"":""61710000"",""lsf"":""70113000"",""lsf_minus_native"":""8403000"",""percent_of_native"":""13.616918""},{""pair"":4,""first_arm"":""lsf"",""native_group"":5,""lsf_group"":4,""native"":""60554000"",""lsf"":""87160000"",""lsf_minus_native"":""26606000"",""percent_of_native"":""43.937642""},{""pair"":5,""first_arm"":""lsf"",""native_group"":3,""lsf_group"":2,""native"":""74415000"",""lsf"":""65678000"",""lsf_minus_native"":""-8737000"",""percent_of_native"":""-11.740912""},{""pair"":6,""first_arm"":""lsf"",""native_group"":1,""lsf_group"":0,""native"":""86523000"",""lsf"":""64984000"",""lsf_minus_native"":""-21539000"",""percent_of_native"":""-24.893959""}]",7,7,0,"{""count"":""7"",""minimum"":""53442000"",""median"":""61710000"",""maximum"":""86523000"",""p95"":""86523000"",""p99"":""86523000"",""mean"":""68215857.142857"",""median_absolute_deviation"":""8268000"",""standard_deviation"":""11387492.003178""}","{""count"":""7"",""minimum"":""60461000"",""median"":""70069000"",""maximum"":""87160000"",""p95"":""87160000"",""p99"":""87160000"",""mean"":""72227000"",""median_absolute_deviation"":""5085000"",""standard_deviation"":""9912692.181527""}","{""count"":""7"",""minimum"":""-21539000"",""median"":""152000"",""maximum"":""33682000"",""p95"":""33682000"",""p99"":""33682000"",""mean"":""4011142.857143"",""median_absolute_deviation"":""10641000"",""standard_deviation"":""18710760.139011""}",3,0,4,"{""lsf"":{""pair_count"":4,""available_pairs"":4,""unavailable_pairs"":0,""native"":{""count"":""4"",""minimum"":""60309000"",""median"":""67484500"",""maximum"":""86523000"",""p95"":""86523000"",""p99"":""86523000"",""mean"":""70450250"",""median_absolute_deviation"":""7053000"",""standard_deviation"":""10895334.445876""},""lsf"":{""count"":""4"",""minimum"":""60461000"",""median"":""65331000"",""maximum"":""87160000"",""p95"":""87160000"",""p99"":""87160000"",""mean"":""69570750"",""median_absolute_deviation"":""2608500"",""standard_deviation"":""10350857.920361""},""paired_difference"":{""count"":""4"",""minimum"":""-21539000"",""median"":""-4292500"",""maximum"":""26606000"",""p95"":""26606000"",""p99"":""26606000"",""mean"":""-879500"",""median_absolute_deviation"":""10845500"",""standard_deviation"":""17642788.533846""},""lower"":2,""equal"":0,""higher"":2},""native"":{""pair_count"":3,""available_pairs"":3,""unavailable_pairs"":0,""native"":{""count"":""3"",""minimum"":""53442000"",""median"":""61710000"",""maximum"":""80558000"",""p95"":""80558000"",""p99"":""80558000"",""mean"":""65236666.666667"",""median_absolute_deviation"":""8268000"",""standard_deviation"":""11347463.661786""},""lsf"":{""count"":""3"",""minimum"":""70069000"",""median"":""70113000"",""maximum"":""87124000"",""p95"":""87124000"",""p99"":""87124000"",""mean"":""75768666.666667"",""median_absolute_deviation"":""44000"",""standard_deviation"":""8029453.295351""},""paired_difference"":{""count"":""3"",""minimum"":""-10489000"",""median"":""8403000"",""maximum"":""33682000"",""p95"":""33682000"",""p99"":""33682000"",""mean"":""10532000"",""median_absolute_deviation"":""18892000"",""standard_deviation"":""18095465.196194""},""lower"":1,""equal"":0,""higher"":2}}"
1,ready,final,cpu_system_nanos,ns,"[{""pair"":0,""first_arm"":""lsf"",""native_group"":1,""lsf_group"":0,""native"":""51051000"",""lsf"":""73317000"",""lsf_minus_native"":""22266000"",""percent_of_native"":""43.615208""},{""pair"":1,""first_arm"":""native"",""native_group"":4,""lsf_group"":5,""native"":""45188000"",""lsf"":""85783000"",""lsf_minus_native"":""40595000"",""percent_of_native"":""89.835797""},{""pair"":2,""first_arm"":""native"",""native_group"":2,""lsf_group"":3,""native"":""66570000"",""lsf"":""80160000"",""lsf_minus_native"":""13590000"",""percent_of_native"":""20.414601""},{""pair"":3,""first_arm"":""native"",""native_group"":0,""lsf_group"":1,""native"":""53794000"",""lsf"":""70821000"",""lsf_minus_native"":""17027000"",""percent_of_native"":""31.652229""},{""pair"":4,""first_arm"":""lsf"",""native_group"":5,""lsf_group"":4,""native"":""55968000"",""lsf"":""68001000"",""lsf_minus_native"":""12033000"",""percent_of_native"":""21.499786""},{""pair"":5,""first_arm"":""lsf"",""native_group"":3,""lsf_group"":2,""native"":""42020000"",""lsf"":""74456000"",""lsf_minus_native"":""32436000"",""percent_of_native"":""77.191813""},{""pair"":6,""first_arm"":""lsf"",""native_group"":1,""lsf_group"":0,""native"":""35672000"",""lsf"":""81667000"",""lsf_minus_native"":""45995000"",""percent_of_native"":""128.938663""}]",7,7,0,"{""count"":""7"",""minimum"":""35672000"",""median"":""51051000"",""maximum"":""66570000"",""p95"":""66570000"",""p99"":""66570000"",""mean"":""50037571.428571"",""median_absolute_deviation"":""5863000"",""standard_deviation"":""9394515.175769""}","{""count"":""7"",""minimum"":""68001000"",""median"":""74456000"",""maximum"":""85783000"",""p95"":""85783000"",""p99"":""85783000"",""mean"":""76315000"",""median_absolute_deviation"":""5704000"",""standard_deviation"":""5913923.884722""}","{""count"":""7"",""minimum"":""12033000"",""median"":""22266000"",""maximum"":""45995000"",""p95"":""45995000"",""p99"":""45995000"",""mean"":""26277428.571429"",""median_absolute_deviation"":""10170000"",""standard_deviation"":""12519927.280222""}",0,0,7,"{""lsf"":{""pair_count"":4,""available_pairs"":4,""unavailable_pairs"":0,""native"":{""count"":""4"",""minimum"":""35672000"",""median"":""46535500"",""maximum"":""55968000"",""p95"":""55968000"",""p99"":""55968000"",""mean"":""46177750"",""median_absolute_deviation"":""6974000"",""standard_deviation"":""7862175.728607""},""lsf"":{""count"":""4"",""minimum"":""68001000"",""median"":""73886500"",""maximum"":""81667000"",""p95"":""81667000"",""p99"":""81667000"",""mean"":""74360250"",""median_absolute_deviation"":""3227500"",""standard_deviation"":""4871503.739863""},""paired_difference"":{""count"":""4"",""minimum"":""12033000"",""median"":""27351000"",""maximum"":""45995000"",""p95"":""45995000"",""p99"":""45995000"",""mean"":""28182500"",""median_absolute_deviation"":""10201500"",""standard_deviation"":""12561734.96178""},""lower"":0,""equal"":0,""higher"":4},""native"":{""pair_count"":3,""available_pairs"":3,""unavailable_pairs"":0,""native"":{""count"":""3"",""minimum"":""45188000"",""median"":""53794000"",""maximum"":""66570000"",""p95"":""66570000"",""p99"":""66570000"",""mean"":""55184000"",""median_absolute_deviation"":""8606000"",""standard_deviation"":""8784325.28238""},""lsf"":{""count"":""3"",""minimum"":""70821000"",""median"":""80160000"",""maximum"":""85783000"",""p95"":""85783000"",""p99"":""85783000"",""mean"":""78921333.333333"",""median_absolute_deviation"":""5623000"",""standard_deviation"":""6170687.824078""},""paired_difference"":{""count"":""3"",""minimum"":""13590000"",""median"":""17027000"",""maximum"":""40595000"",""p95"":""40595000"",""p99"":""40595000"",""mean"":""23737333.333333"",""median_absolute_deviation"":""3437000"",""standard_deviation"":""12002470.199458""},""lower"":0,""equal"":0,""higher"":3}}"
1,ready,served,cpu_total_nanos,ns,"[{""pair"":0,""first_arm"":""lsf"",""native_group"":1,""lsf_group"":0,""native"":""1132000"",""lsf"":""2866000"",""lsf_minus_native"":""1734000"",""percent_of_native"":""153.180212""},{""pair"":1,""first_arm"":""native"",""native_group"":4,""lsf_group"":5,""native"":""1705000"",""lsf"":""4127000"",""lsf_minus_native"":""2422000"",""percent_of_native"":""142.052786""},{""pair"":2,""first_arm"":""native"",""native_group"":2,""lsf_group"":3,""native"":""2177000"",""lsf"":""3168000"",""lsf_minus_native"":""991000"",""percent_of_native"":""45.52136""},{""pair"":3,""first_arm"":""native"",""native_group"":0,""lsf_group"":1,""native"":""1134000"",""lsf"":""2493000"",""lsf_minus_native"":""1359000"",""percent_of_native"":""119.84127""},{""pair"":4,""first_arm"":""lsf"",""native_group"":5,""lsf_group"":4,""native"":""1529000"",""lsf"":""2481000"",""lsf_minus_native"":""952000"",""percent_of_native"":""62.262917""},{""pair"":5,""first_arm"":""lsf"",""native_group"":3,""lsf_group"":2,""native"":""1490000"",""lsf"":""2949000"",""lsf_minus_native"":""1459000"",""percent_of_native"":""97.919463""},{""pair"":6,""first_arm"":""lsf"",""native_group"":1,""lsf_group"":0,""native"":""1175000"",""lsf"":""2386000"",""lsf_minus_native"":""1211000"",""percent_of_native"":""103.06383""}]",7,7,0,"{""count"":""7"",""minimum"":""1132000"",""median"":""1490000"",""maximum"":""2177000"",""p95"":""2177000"",""p99"":""2177000"",""mean"":""1477428.571429"",""median_absolute_deviation"":""315000"",""standard_deviation"":""353095.234884""}","{""count"":""7"",""minimum"":""2386000"",""median"":""2866000"",""maximum"":""4127000"",""p95"":""4127000"",""p99"":""4127000"",""mean"":""2924285.714286"",""median_absolute_deviation"":""373000"",""standard_deviation"":""558337.766253""}","{""count"":""7"",""minimum"":""952000"",""median"":""1359000"",""maximum"":""2422000"",""p95"":""2422000"",""p99"":""2422000"",""mean"":""1446857.142857"",""median_absolute_deviation"":""368000"",""standard_deviation"":""470491.970046""}",0,0,7,"{""lsf"":{""pair_count"":4,""available_pairs"":4,""unavailable_pairs"":0,""native"":{""count"":""4"",""minimum"":""1132000"",""median"":""1332500"",""maximum"":""1529000"",""p95"":""1529000"",""p99"":""1529000"",""mean"":""1331500"",""median_absolute_deviation"":""177000"",""standard_deviation"":""179179.379394""},""lsf"":{""count"":""4"",""minimum"":""2386000"",""median"":""2673500"",""maximum"":""2949000"",""p95"":""2949000"",""p99"":""2949000"",""mean"":""2670500"",""median_absolute_deviation"":""234000"",""standard_deviation"":""241160.216454""},""paired_difference"":{""count"":""4"",""minimum"":""952000"",""median"":""1335000"",""maximum"":""1734000"",""p95"":""1734000"",""p99"":""1734000"",""mean"":""1339000"",""median_absolute_deviation"":""253500"",""standard_deviation"":""290076.713991""},""lower"":0,""equal"":0,""higher"":4},""native"":{""pair_count"":3,""available_pairs"":3,""unavailable_pairs"":0,""native"":{""count"":""3"",""minimum"":""1134000"",""median"":""1705000"",""maximum"":""2177000"",""p95"":""2177000"",""p99"":""2177000"",""mean"":""1672000"",""median_absolute_deviation"":""472000"",""standard_deviation"":""426441.867863""},""lsf"":{""count"":""3"",""minimum"":""2493000"",""median"":""3168000"",""maximum"":""4127000"",""p95"":""4127000"",""p99"":""4127000"",""mean"":""3262666.666667"",""median_absolute_deviation"":""675000"",""standard_deviation"":""670427.8899""},""paired_difference"":{""count"":""3"",""minimum"":""991000"",""median"":""1359000"",""maximum"":""2422000"",""p95"":""2422000"",""p99"":""2422000"",""mean"":""1590666.666667"",""median_absolute_deviation"":""368000"",""standard_deviation"":""606735.710357""},""lower"":0,""equal"":0,""higher"":3}}"
1,ready,served,cpu_user_nanos,ns,"[{""pair"":0,""first_arm"":""lsf"",""native_group"":1,""lsf_group"":0,""native"":""1132000"",""lsf"":""1592000"",""lsf_minus_native"":""460000"",""percent_of_native"":""40.636042""},{""pair"":1,""first_arm"":""native"",""native_group"":4,""lsf_group"":5,""native"":""828000"",""lsf"":""94000"",""lsf_minus_native"":""-734000"",""percent_of_native"":""-88.647343""},{""pair"":2,""first_arm"":""native"",""native_group"":2,""lsf_group"":3,""native"":""0"",""lsf"":""3169000"",""lsf_minus_native"":""3169000"",""percent_of_native"":null},{""pair"":3,""first_arm"":""native"",""native_group"":0,""lsf_group"":1,""native"":""0"",""lsf"":""2493000"",""lsf_minus_native"":""2493000"",""percent_of_native"":null},{""pair"":4,""first_arm"":""lsf"",""native_group"":5,""lsf_group"":4,""native"":""1529000"",""lsf"":""2120000"",""lsf_minus_native"":""591000"",""percent_of_native"":""38.652714""},{""pair"":5,""first_arm"":""lsf"",""native_group"":3,""lsf_group"":2,""native"":""1489000"",""lsf"":""1371000"",""lsf_minus_native"":""-118000"",""percent_of_native"":""-7.924782""},{""pair"":6,""first_arm"":""lsf"",""native_group"":1,""lsf_group"":0,""native"":""1174000"",""lsf"":""955000"",""lsf_minus_native"":""-219000"",""percent_of_native"":""-18.654174""}]",7,7,0,"{""count"":""7"",""minimum"":""0"",""median"":""1132000"",""maximum"":""1529000"",""p95"":""1529000"",""p99"":""1529000"",""mean"":""878857.142857"",""median_absolute_deviation"":""357000"",""standard_deviation"":""596838.917864""}","{""count"":""7"",""minimum"":""94000"",""median"":""1592000"",""maximum"":""3169000"",""p95"":""3169000"",""p99"":""3169000"",""mean"":""1684857.142857"",""median_absolute_deviation"":""637000"",""standard_deviation"":""942320.150111""}","{""count"":""7"",""minimum"":""-734000"",""median"":""460000"",""maximum"":""3169000"",""p95"":""3169000"",""p99"":""3169000"",""mean"":""806000"",""median_absolute_deviation"":""679000"",""standard_deviation"":""1356027.81261""}",3,0,4,"{""lsf"":{""pair_count"":4,""available_pairs"":4,""unavailable_pairs"":0,""native"":{""count"":""4"",""minimum"":""1132000"",""median"":""1331500"",""maximum"":""1529000"",""p95"":""1529000"",""p99"":""1529000"",""mean"":""1331000"",""median_absolute_deviation"":""177500"",""standard_deviation"":""179177.286507""},""lsf"":{""count"":""4"",""minimum"":""955000"",""median"":""1481500"",""maximum"":""2120000"",""p95"":""2120000"",""p99"":""2120000"",""mean"":""1509500"",""median_absolute_deviation"":""318500"",""standard_deviation"":""420169.311112""},""paired_difference"":{""count"":""4"",""minimum"":""-219000"",""median"":""171000"",""maximum"":""591000"",""p95"":""591000"",""p99"":""591000"",""mean"":""178500"",""median_absolute_deviation"":""339500"",""standard_deviation"":""351893.805004""},""lower"":2,""equal"":0,""higher"":2},""native"":{""pair_count"":3,""available_pairs"":3,""unavailable_pairs"":0,""native"":{""count"":""3"",""minimum"":""0"",""median"":""0"",""maximum"":""828000"",""p95"":""828000"",""p99"":""828000"",""mean"":""276000"",""median_absolute_deviation"":""0"",""standard_deviation"":""390322.943215""},""lsf"":{""count"":""3"",""minimum"":""94000"",""median"":""2493000"",""maximum"":""3169000"",""p95"":""3169000"",""p99"":""3169000"",""mean"":""1918666.666667"",""median_absolute_deviation"":""676000"",""standard_deviation"":""1319419.148296""},""paired_difference"":{""count"":""3"",""minimum"":""-734000"",""median"":""2493000"",""maximum"":""3169000"",""p95"":""3169000"",""p99"":""3169000"",""mean"":""1642666.666667"",""median_absolute_deviation"":""676000"",""standard_deviation"":""1703066.31958""},""lower"":1,""equal"":0,""higher"":2}}"
1,ready,served,cpu_system_nanos,ns,"[{""pair"":0,""first_arm"":""lsf"",""native_group"":1,""lsf_group"":0,""native"":""0"",""lsf"":""1273000"",""lsf_minus_native"":""1273000"",""percent_of_native"":null},{""pair"":1,""first_arm"":""native"",""native_group"":4,""lsf_group"":5,""native"":""878000"",""lsf"":""4033000"",""lsf_minus_native"":""3155000"",""percent_of_native"":""359.339408""},{""pair"":2,""first_arm"":""native"",""native_group"":2,""lsf_group"":3,""native"":""2177000"",""lsf"":""0"",""lsf_minus_native"":""-2177000"",""percent_of_native"":""-100""},{""pair"":3,""first_arm"":""native"",""native_group"":0,""lsf_group"":1,""native"":""1133000"",""lsf"":""0"",""lsf_minus_native"":""-1133000"",""percent_of_native"":""-100""},{""pair"":4,""first_arm"":""lsf"",""native_group"":5,""lsf_group"":4,""native"":""0"",""lsf"":""361000"",""lsf_minus_native"":""361000"",""percent_of_native"":null},{""pair"":5,""first_arm"":""lsf"",""native_group"":3,""lsf_group"":2,""native"":""0"",""lsf"":""1579000"",""lsf_minus_native"":""1579000"",""percent_of_native"":null},{""pair"":6,""first_arm"":""lsf"",""native_group"":1,""lsf_group"":0,""native"":""0"",""lsf"":""1432000"",""lsf_minus_native"":""1432000"",""percent_of_native"":null}]",7,7,0,"{""count"":""7"",""minimum"":""0"",""median"":""0"",""maximum"":""2177000"",""p95"":""2177000"",""p99"":""2177000"",""mean"":""598285.714286"",""median_absolute_deviation"":""0"",""standard_deviation"":""782695.108362""}","{""count"":""7"",""minimum"":""0"",""median"":""1273000"",""maximum"":""4033000"",""p95"":""4033000"",""p99"":""4033000"",""mean"":""1239714.285714"",""median_absolute_deviation"":""912000"",""standard_deviation"":""1298436.610949""}","{""count"":""7"",""minimum"":""-2177000"",""median"":""1273000"",""maximum"":""3155000"",""p95"":""3155000"",""p99"":""3155000"",""mean"":""641428.571429"",""median_absolute_deviation"":""912000"",""standard_deviation"":""1664406.531482""}",2,0,5,"{""lsf"":{""pair_count"":4,""available_pairs"":4,""unavailable_pairs"":0,""native"":{""count"":""4"",""minimum"":""0"",""median"":""0"",""maximum"":""0"",""p95"":""0"",""p99"":""0"",""mean"":""0"",""median_absolute_deviation"":""0"",""standard_deviation"":""0""},""lsf"":{""count"":""4"",""minimum"":""361000"",""median"":""1352500"",""maximum"":""1579000"",""p95"":""1579000"",""p99"":""1579000"",""mean"":""1161250"",""median_absolute_deviation"":""153000"",""standard_deviation"":""474528.384293""},""paired_difference"":{""count"":""4"",""minimum"":""361000"",""median"":""1352500"",""maximum"":""1579000"",""p95"":""1579000"",""p99"":""1579000"",""mean"":""1161250"",""median_absolute_deviation"":""153000"",""standard_deviation"":""474528.384293""},""lower"":0,""equal"":0,""higher"":4},""native"":{""pair_count"":3,""available_pairs"":3,""unavailable_pairs"":0,""native"":{""count"":""3"",""minimum"":""878000"",""median"":""1133000"",""maximum"":""2177000"",""p95"":""2177000"",""p99"":""2177000"",""mean"":""1396000"",""median_absolute_deviation"":""255000"",""standard_deviation"":""561976.867851""},""lsf"":{""count"":""3"",""minimum"":""0"",""median"":""0"",""maximum"":""4033000"",""p95"":""4033000"",""p99"":""4033000"",""mean"":""1344333.333333"",""median_absolute_deviation"":""0"",""standard_deviation"":""1901174.43235""},""paired_difference"":{""count"":""3"",""minimum"":""-2177000"",""median"":""-1133000"",""maximum"":""3155000"",""p95"":""3155000"",""p99"":""3155000"",""mean"":""-51666.666667"",""median_absolute_deviation"":""1044000"",""standard_deviation"":""2307165.264032""},""lower"":2,""equal"":0,""higher"":1}}"
1,served,final,cpu_total_nanos,ns,"[{""pair"":0,""first_arm"":""lsf"",""native_group"":1,""lsf_group"":0,""native"":""110228000"",""lsf"":""130912000"",""lsf_minus_native"":""20684000"",""percent_of_native"":""18.764742""},{""pair"":1,""first_arm"":""native"",""native_group"":4,""lsf_group"":5,""native"":""124041000"",""lsf"":""151726000"",""lsf_minus_native"":""27685000"",""percent_of_native"":""22.319233""},{""pair"":2,""first_arm"":""native"",""native_group"":2,""lsf_group"":3,""native"":""117835000"",""lsf"":""164116000"",""lsf_minus_native"":""46281000"",""percent_of_native"":""39.276106""},{""pair"":3,""first_arm"":""native"",""native_group"":0,""lsf_group"":1,""native"":""114371000"",""lsf"":""138441000"",""lsf_minus_native"":""24070000"",""percent_of_native"":""21.045545""},{""pair"":4,""first_arm"":""lsf"",""native_group"":5,""lsf_group"":4,""native"":""114993000"",""lsf"":""152680000"",""lsf_minus_native"":""37687000"",""percent_of_native"":""32.773299""},{""pair"":5,""first_arm"":""lsf"",""native_group"":3,""lsf_group"":2,""native"":""114946000"",""lsf"":""137184000"",""lsf_minus_native"":""22238000"",""percent_of_native"":""19.346476""},{""pair"":6,""first_arm"":""lsf"",""native_group"":1,""lsf_group"":0,""native"":""121021000"",""lsf"":""144264000"",""lsf_minus_native"":""23243000"",""percent_of_native"":""19.205758""}]",7,7,0,"{""count"":""7"",""minimum"":""110228000"",""median"":""114993000"",""maximum"":""124041000"",""p95"":""124041000"",""p99"":""124041000"",""mean"":""116776428.571429"",""median_absolute_deviation"":""2842000"",""standard_deviation"":""4261288.331584""}","{""count"":""7"",""minimum"":""130912000"",""median"":""144264000"",""maximum"":""164116000"",""p95"":""164116000"",""p99"":""164116000"",""mean"":""145617571.428571"",""median_absolute_deviation"":""7462000"",""standard_deviation"":""10488748.718197""}","{""count"":""7"",""minimum"":""20684000"",""median"":""24070000"",""maximum"":""46281000"",""p95"":""46281000"",""p99"":""46281000"",""mean"":""28841142.857143"",""median_absolute_deviation"":""3386000"",""standard_deviation"":""8847743.496485""}",0,0,7,"{""lsf"":{""pair_count"":4,""available_pairs"":4,""unavailable_pairs"":0,""native"":{""count"":""4"",""minimum"":""110228000"",""median"":""114969500"",""maximum"":""121021000"",""p95"":""121021000"",""p99"":""121021000"",""mean"":""115297000"",""median_absolute_deviation"":""2382500"",""standard_deviation"":""3829965.861467""},""lsf"":{""count"":""4"",""minimum"":""130912000"",""median"":""140724000"",""maximum"":""152680000"",""p95"":""152680000"",""p99"":""152680000"",""mean"":""141260000"",""median_absolute_deviation"":""6676000"",""standard_deviation"":""8110722.779136""},""paired_difference"":{""count"":""4"",""minimum"":""20684000"",""median"":""22740500"",""maximum"":""37687000"",""p95"":""37687000"",""p99"":""37687000"",""mean"":""25963000"",""median_absolute_deviation"":""1279500"",""standard_deviation"":""6829971.486031""},""lower"":0,""equal"":0,""higher"":4},""native"":{""pair_count"":3,""available_pairs"":3,""unavailable_pairs"":0,""native"":{""count"":""3"",""minimum"":""114371000"",""median"":""117835000"",""maximum"":""124041000"",""p95"":""124041000"",""p99"":""124041000"",""mean"":""118749000"",""median_absolute_deviation"":""3464000"",""standard_deviation"":""4000314.320984""},""lsf"":{""count"":""3"",""minimum"":""138441000"",""median"":""151726000"",""maximum"":""164116000"",""p95"":""164116000"",""p99"":""164116000"",""mean"":""151427666.666667"",""median_absolute_deviation"":""12390000"",""standard_deviation"":""10483897.441103""},""paired_difference"":{""count"":""3"",""minimum"":""24070000"",""median"":""27685000"",""maximum"":""46281000"",""p95"":""46281000"",""p99"":""46281000"",""mean"":""32678666.666667"",""median_absolute_deviation"":""3615000"",""standard_deviation"":""9730867.050554""},""lower"":0,""equal"":0,""higher"":3}}"
1,served,final,cpu_user_nanos,ns,"[{""pair"":0,""first_arm"":""lsf"",""native_group"":1,""lsf_group"":0,""native"":""59177000"",""lsf"":""58869000"",""lsf_minus_native"":""-308000"",""percent_of_native"":""-0.520472""},{""pair"":1,""first_arm"":""native"",""native_group"":4,""lsf_group"":5,""native"":""79730000"",""lsf"":""69975000"",""lsf_minus_native"":""-9755000"",""percent_of_native"":""-12.235043""},{""pair"":2,""first_arm"":""native"",""native_group"":2,""lsf_group"":3,""native"":""53442000"",""lsf"":""83955000"",""lsf_minus_native"":""30513000"",""percent_of_native"":""57.095543""},{""pair"":3,""first_arm"":""native"",""native_group"":0,""lsf_group"":1,""native"":""61710000"",""lsf"":""67620000"",""lsf_minus_native"":""5910000"",""percent_of_native"":""9.577054""},{""pair"":4,""first_arm"":""lsf"",""native_group"":5,""lsf_group"":4,""native"":""59025000"",""lsf"":""85040000"",""lsf_minus_native"":""26015000"",""percent_of_native"":""44.074545""},{""pair"":5,""first_arm"":""lsf"",""native_group"":3,""lsf_group"":2,""native"":""72926000"",""lsf"":""64307000"",""lsf_minus_native"":""-8619000"",""percent_of_native"":""-11.81883""},{""pair"":6,""first_arm"":""lsf"",""native_group"":1,""lsf_group"":0,""native"":""85349000"",""lsf"":""64029000"",""lsf_minus_native"":""-21320000"",""percent_of_native"":""-24.979789""}]",7,7,0,"{""count"":""7"",""minimum"":""53442000"",""median"":""61710000"",""maximum"":""85349000"",""p95"":""85349000"",""p99"":""85349000"",""mean"":""67337000"",""median_absolute_deviation"":""8268000"",""standard_deviation"":""11146201.223479""}","{""count"":""7"",""minimum"":""58869000"",""median"":""67620000"",""maximum"":""85040000"",""p95"":""85040000"",""p99"":""85040000"",""mean"":""70542142.857143"",""median_absolute_deviation"":""3591000"",""standard_deviation"":""9384740.416968""}","{""count"":""7"",""minimum"":""-21320000"",""median"":""-308000"",""maximum"":""30513000"",""p95"":""30513000"",""p99"":""30513000"",""mean"":""3205142.857143"",""median_absolute_deviation"":""9447000"",""standard_deviation"":""17707647.092458""}",4,0,3,"{""lsf"":{""pair_count"":4,""available_pairs"":4,""unavailable_pairs"":0,""native"":{""count"":""4"",""minimum"":""59025000"",""median"":""66051500"",""maximum"":""85349000"",""p95"":""85349000"",""p99"":""85349000"",""mean"":""69119250"",""median_absolute_deviation"":""6950500"",""standard_deviation"":""10938902.467227""},""lsf"":{""count"":""4"",""minimum"":""58869000"",""median"":""64168000"",""maximum"":""85040000"",""p95"":""85040000"",""p99"":""85040000"",""mean"":""68061250"",""median_absolute_deviation"":""2719000"",""standard_deviation"":""10039034.375252""},""paired_difference"":{""count"":""4"",""minimum"":""-21320000"",""median"":""-4463500"",""maximum"":""26015000"",""p95"":""26015000"",""p99"":""26015000"",""mean"":""-1058000"",""median_absolute_deviation"":""10506000"",""standard_deviation"":""17329362.322371""},""lower"":3,""equal"":0,""higher"":1},""native"":{""pair_count"":3,""available_pairs"":3,""unavailable_pairs"":0,""native"":{""count"":""3"",""minimum"":""53442000"",""median"":""61710000"",""maximum"":""79730000"",""p95"":""79730000"",""p99"":""79730000"",""mean"":""64960666.666667"",""median_absolute_deviation"":""8268000"",""standard_deviation"":""10975422.887322""},""lsf"":{""count"":""3"",""minimum"":""67620000"",""median"":""69975000"",""maximum"":""83955000"",""p95"":""83955000"",""p99"":""83955000"",""mean"":""73850000"",""median_absolute_deviation"":""2355000"",""standard_deviation"":""7209705.264433""},""paired_difference"":{""count"":""3"",""minimum"":""-9755000"",""median"":""5910000"",""maximum"":""30513000"",""p95"":""30513000"",""p99"":""30513000"",""mean"":""8889333.333333"",""median_absolute_deviation"":""15665000"",""standard_deviation"":""16573780.022138""},""lower"":1,""equal"":0,""higher"":2}}"
1,served,final,cpu_system_nanos,ns,"[{""pair"":0,""first_arm"":""lsf"",""native_group"":1,""lsf_group"":0,""native"":""51051000"",""lsf"":""72044000"",""lsf_minus_native"":""20993000"",""percent_of_native"":""41.121623""},{""pair"":1,""first_arm"":""native"",""native_group"":4,""lsf_group"":5,""native"":""44310000"",""lsf"":""81750000"",""lsf_minus_native"":""37440000"",""percent_of_native"":""84.495599""},{""pair"":2,""first_arm"":""native"",""native_group"":2,""lsf_group"":3,""native"":""64393000"",""lsf"":""80160000"",""lsf_minus_native"":""15767000"",""percent_of_native"":""24.485581""},{""pair"":3,""first_arm"":""native"",""native_group"":0,""lsf_group"":1,""native"":""52661000"",""lsf"":""70821000"",""lsf_minus_native"":""18160000"",""percent_of_native"":""34.484723""},{""pair"":4,""first_arm"":""lsf"",""native_group"":5,""lsf_group"":4,""native"":""55968000"",""lsf"":""67640000"",""lsf_minus_native"":""11672000"",""percent_of_native"":""20.854774""},{""pair"":5,""first_arm"":""lsf"",""native_group"":3,""lsf_group"":2,""native"":""42020000"",""lsf"":""72877000"",""lsf_minus_native"":""30857000"",""percent_of_native"":""73.434079""},{""pair"":6,""first_arm"":""lsf"",""native_group"":1,""lsf_group"":0,""native"":""35672000"",""lsf"":""80235000"",""lsf_minus_native"":""44563000"",""percent_of_native"":""124.92431""}]",7,7,0,"{""count"":""7"",""minimum"":""35672000"",""median"":""51051000"",""maximum"":""64393000"",""p95"":""64393000"",""p99"":""64393000"",""mean"":""49439285.714286"",""median_absolute_deviation"":""6741000"",""standard_deviation"":""8864925.06961""}","{""count"":""7"",""minimum"":""67640000"",""median"":""72877000"",""maximum"":""81750000"",""p95"":""81750000"",""p99"":""81750000"",""mean"":""75075285.714286"",""median_absolute_deviation"":""5237000"",""standard_deviation"":""5132979.577881""}","{""count"":""7"",""minimum"":""11672000"",""median"":""20993000"",""maximum"":""44563000"",""p95"":""44563000"",""p99"":""44563000"",""mean"":""25636000"",""median_absolute_deviation"":""9321000"",""standard_deviation"":""11305264.690147""}",0,0,7,"{""lsf"":{""pair_count"":4,""available_pairs"":4,""unavailable_pairs"":0,""native"":{""count"":""4"",""minimum"":""35672000"",""median"":""46535500"",""maximum"":""55968000"",""p95"":""55968000"",""p99"":""55968000"",""mean"":""46177750"",""median_absolute_deviation"":""6974000"",""standard_deviation"":""7862175.728607""},""lsf"":{""count"":""4"",""minimum"":""67640000"",""median"":""72460500"",""maximum"":""80235000"",""p95"":""80235000"",""p99"":""80235000"",""mean"":""73199000"",""median_absolute_deviation"":""2618500"",""standard_deviation"":""4523424.753436""},""paired_difference"":{""count"":""4"",""minimum"":""11672000"",""median"":""25925000"",""maximum"":""44563000"",""p95"":""44563000"",""p99"":""44563000"",""mean"":""27021250"",""median_absolute_deviation"":""9592500"",""standard_deviation"":""12189803.574607""},""lower"":0,""equal"":0,""higher"":4},""native"":{""pair_count"":3,""available_pairs"":3,""unavailable_pairs"":0,""native"":{""count"":""3"",""minimum"":""44310000"",""median"":""52661000"",""maximum"":""64393000"",""p95"":""64393000"",""p99"":""64393000"",""mean"":""53788000"",""median_absolute_deviation"":""8351000"",""standard_deviation"":""8237488.249865""},""lsf"":{""count"":""3"",""minimum"":""70821000"",""median"":""80160000"",""maximum"":""81750000"",""p95"":""81750000"",""p99"":""81750000"",""mean"":""77577000"",""median_absolute_deviation"":""1590000"",""standard_deviation"":""4821111.697524""},""paired_difference"":{""count"":""3"",""minimum"":""15767000"",""median"":""18160000"",""maximum"":""37440000"",""p95"":""37440000"",""p99"":""37440000"",""mean"":""23789000"",""median_absolute_deviation"":""2393000"",""standard_deviation"":""9702026.008348""},""lower"":0,""equal"":0,""higher"":3}}"
8,ready,final,cpu_total_nanos,ns,"[{""pair"":0,""first_arm"":""native"",""native_group"":2,""lsf_group"":3,""native"":""20675000"",""lsf"":""39702000"",""lsf_minus_native"":""19027000"",""percent_of_native"":""92.029021""},{""pair"":1,""first_arm"":""native"",""native_group"":0,""lsf_group"":1,""native"":""21263000"",""lsf"":""31447000"",""lsf_minus_native"":""10184000"",""percent_of_native"":""47.895405""},{""pair"":2,""first_arm"":""lsf"",""native_group"":5,""lsf_group"":4,""native"":""19671000"",""lsf"":""30254000"",""lsf_minus_native"":""10583000"",""percent_of_native"":""53.80001""},{""pair"":3,""first_arm"":""lsf"",""native_group"":3,""lsf_group"":2,""native"":""22944000"",""lsf"":""32116000"",""lsf_minus_native"":""9172000"",""percent_of_native"":""39.975593""},{""pair"":4,""first_arm"":""lsf"",""native_group"":1,""lsf_group"":0,""native"":""19913000"",""lsf"":""29885000"",""lsf_minus_native"":""9972000"",""percent_of_native"":""50.077839""},{""pair"":5,""first_arm"":""native"",""native_group"":4,""lsf_group"":5,""native"":""22069000"",""lsf"":""32312000"",""lsf_minus_native"":""10243000"",""percent_of_native"":""46.413521""},{""pair"":6,""first_arm"":""native"",""native_group"":2,""lsf_group"":3,""native"":""23209000"",""lsf"":""37839000"",""lsf_minus_native"":""14630000"",""percent_of_native"":""63.035891""}]",7,7,0,"{""count"":""7"",""minimum"":""19671000"",""median"":""21263000"",""maximum"":""23209000"",""p95"":""23209000"",""p99"":""23209000"",""mean"":""21392000"",""median_absolute_deviation"":""1350000"",""standard_deviation"":""1301017.953099""}","{""count"":""7"",""minimum"":""29885000"",""median"":""32116000"",""maximum"":""39702000"",""p95"":""39702000"",""p99"":""39702000"",""mean"":""33365000"",""median_absolute_deviation"":""1862000"",""standard_deviation"":""3551870.734456""}","{""count"":""7"",""minimum"":""9172000"",""median"":""10243000"",""maximum"":""19027000"",""p95"":""19027000"",""p99"":""19027000"",""mean"":""11973000"",""median_absolute_deviation"":""340000"",""standard_deviation"":""3312178.566615""}",0,0,7,"{""lsf"":{""pair_count"":3,""available_pairs"":3,""unavailable_pairs"":0,""native"":{""count"":""3"",""minimum"":""19671000"",""median"":""19913000"",""maximum"":""22944000"",""p95"":""22944000"",""p99"":""22944000"",""mean"":""20842666.666667"",""median_absolute_deviation"":""242000"",""standard_deviation"":""1489147.929373""},""lsf"":{""count"":""3"",""minimum"":""29885000"",""median"":""30254000"",""maximum"":""32116000"",""p95"":""32116000"",""p99"":""32116000"",""mean"":""30751666.666667"",""median_absolute_deviation"":""369000"",""standard_deviation"":""976420.105396""},""paired_difference"":{""count"":""3"",""minimum"":""9172000"",""median"":""9972000"",""maximum"":""10583000"",""p95"":""10583000"",""p99"":""10583000"",""mean"":""9909000"",""median_absolute_deviation"":""611000"",""standard_deviation"":""577758.311638""},""lower"":0,""equal"":0,""higher"":3},""native"":{""pair_count"":4,""available_pairs"":4,""unavailable_pairs"":0,""native"":{""count"":""4"",""minimum"":""20675000"",""median"":""21666000"",""maximum"":""23209000"",""p95"":""23209000"",""p99"":""23209000"",""mean"":""21804000"",""median_absolute_deviation"":""697000"",""standard_deviation"":""950206.819592""},""lsf"":{""count"":""4"",""minimum"":""31447000"",""median"":""35075500"",""maximum"":""39702000"",""p95"":""39702000"",""p99"":""39702000"",""mean"":""35325000"",""median_absolute_deviation"":""3196000"",""standard_deviation"":""3521199.298535""},""paired_difference"":{""count"":""4"",""minimum"":""10184000"",""median"":""12436500"",""maximum"":""19027000"",""p95"":""19027000"",""p99"":""19027000"",""mean"":""13521000"",""median_absolute_deviation"":""2223000"",""standard_deviation"":""3654680.902623""},""lower"":0,""equal"":0,""higher"":4}}"
8,ready,final,cpu_user_nanos,ns,"[{""pair"":0,""first_arm"":""native"",""native_group"":2,""lsf_group"":3,""native"":""6674000"",""lsf"":""24048000"",""lsf_minus_native"":""17374000"",""percent_of_native"":""260.323644""},{""pair"":1,""first_arm"":""native"",""native_group"":0,""lsf_group"":1,""native"":""17957000"",""lsf"":""14584000"",""lsf_minus_native"":""-3373000"",""percent_of_native"":""-18.783761""},{""pair"":2,""first_arm"":""lsf"",""native_group"":5,""lsf_group"":4,""native"":""6128000"",""lsf"":""15936000"",""lsf_minus_native"":""9808000"",""percent_of_native"":""160.052219""},{""pair"":3,""first_arm"":""lsf"",""native_group"":3,""lsf_group"":2,""native"":""17362000"",""lsf"":""24140000"",""lsf_minus_native"":""6778000"",""percent_of_native"":""39.039281""},{""pair"":4,""first_arm"":""lsf"",""native_group"":1,""lsf_group"":0,""native"":""4529000"",""lsf"":""8875000"",""lsf_minus_native"":""4346000"",""percent_of_native"":""95.959373""},{""pair"":5,""first_arm"":""native"",""native_group"":4,""lsf_group"":5,""native"":""19123000"",""lsf"":""14034000"",""lsf_minus_native"":""-5089000"",""percent_of_native"":""-26.611933""},{""pair"":6,""first_arm"":""native"",""native_group"":2,""lsf_group"":3,""native"":""16330000"",""lsf"":""18219000"",""lsf_minus_native"":""1889000"",""percent_of_native"":""11.567667""}]",7,7,0,"{""count"":""7"",""minimum"":""4529000"",""median"":""16330000"",""maximum"":""19123000"",""p95"":""19123000"",""p99"":""19123000"",""mean"":""12586142.857143"",""median_absolute_deviation"":""2793000"",""standard_deviation"":""5975909.719833""}","{""count"":""7"",""minimum"":""8875000"",""median"":""15936000"",""maximum"":""24140000"",""p95"":""24140000"",""p99"":""24140000"",""mean"":""17119428.571429"",""median_absolute_deviation"":""2283000"",""standard_deviation"":""5124478.450316""}","{""count"":""7"",""minimum"":""-5089000"",""median"":""4346000"",""maximum"":""17374000"",""p95"":""17374000"",""p99"":""17374000"",""mean"":""4533285.714286"",""median_absolute_deviation"":""5462000"",""standard_deviation"":""7170080.248889""}",2,0,5,"{""lsf"":{""pair_count"":3,""available_pairs"":3,""unavailable_pairs"":0,""native"":{""count"":""3"",""minimum"":""4529000"",""median"":""6128000"",""maximum"":""17362000"",""p95"":""17362000"",""p99"":""17362000"",""mean"":""9339666.666667"",""median_absolute_deviation"":""1599000"",""standard_deviation"":""5710083.147867""},""lsf"":{""count"":""3"",""minimum"":""8875000"",""median"":""15936000"",""maximum"":""24140000"",""p95"":""24140000"",""p99"":""24140000"",""mean"":""16317000"",""median_absolute_deviation"":""7061000"",""standard_deviation"":""6237730.730535""},""paired_difference"":{""count"":""3"",""minimum"":""4346000"",""median"":""6778000"",""maximum"":""9808000"",""p95"":""9808000"",""p99"":""9808000"",""mean"":""6977333.333333"",""median_absolute_deviation"":""2432000"",""standard_deviation"":""2234302.47629""},""lower"":0,""equal"":0,""higher"":3},""native"":{""pair_count"":4,""available_pairs"":4,""unavailable_pairs"":0,""native"":{""count"":""4"",""minimum"":""6674000"",""median"":""17143500"",""maximum"":""19123000"",""p95"":""19123000"",""p99"":""19123000"",""mean"":""15021000"",""median_absolute_deviation"":""1396500"",""standard_deviation"":""4920172.507138""},""lsf"":{""count"":""4"",""minimum"":""14034000"",""median"":""16401500"",""maximum"":""24048000"",""p95"":""24048000"",""p99"":""24048000"",""mean"":""17721250"",""median_absolute_deviation"":""2092500"",""standard_deviation"":""3991042.180621""},""paired_difference"":{""count"":""4"",""minimum"":""-5089000"",""median"":""-742000"",""maximum"":""17374000"",""p95"":""17374000"",""p99"":""17374000"",""mean"":""2700250"",""median_absolute_deviation"":""3489000"",""standard_deviation"":""8853443.493212""},""lower"":2,""equal"":0,""higher"":2}}"
8,ready,final,cpu_system_nanos,ns,"[{""pair"":0,""first_arm"":""native"",""native_group"":2,""lsf_group"":3,""native"":""14001000"",""lsf"":""15653000"",""lsf_minus_native"":""1652000"",""percent_of_native"":""11.799157""},{""pair"":1,""first_arm"":""native"",""native_group"":0,""lsf_group"":1,""native"":""3307000"",""lsf"":""16863000"",""lsf_minus_native"":""13556000"",""percent_of_native"":""409.918355""},{""pair"":2,""first_arm"":""lsf"",""native_group"":5,""lsf_group"":4,""native"":""13544000"",""lsf"":""14317000"",""lsf_minus_native"":""773000"",""percent_of_native"":""5.707324""},{""pair"":3,""first_arm"":""lsf"",""native_group"":3,""lsf_group"":2,""native"":""5581000"",""lsf"":""7975000"",""lsf_minus_native"":""2394000"",""percent_of_native"":""42.895538""},{""pair"":4,""first_arm"":""lsf"",""native_group"":1,""lsf_group"":0,""native"":""15383000"",""lsf"":""21011000"",""lsf_minus_native"":""5628000"",""percent_of_native"":""36.585842""},{""pair"":5,""first_arm"":""native"",""native_group"":4,""lsf_group"":5,""native"":""2945000"",""lsf"":""18279000"",""lsf_minus_native"":""15334000"",""percent_of_native"":""520.679117""},{""pair"":6,""first_arm"":""native"",""native_group"":2,""lsf_group"":3,""native"":""6879000"",""lsf"":""19621000"",""lsf_minus_native"":""12742000"",""percent_of_native"":""185.230411""}]",7,7,0,"{""count"":""7"",""minimum"":""2945000"",""median"":""6879000"",""maximum"":""15383000"",""p95"":""15383000"",""p99"":""15383000"",""mean"":""8805714.285714"",""median_absolute_deviation"":""3934000"",""standard_deviation"":""4948273.485752""}","{""count"":""7"",""minimum"":""7975000"",""median"":""16863000"",""maximum"":""21011000"",""p95"":""21011000"",""p99"":""21011000"",""mean"":""16245571.428571"",""median_absolute_deviation"":""2546000"",""standard_deviation"":""3983748.373334""}","{""count"":""7"",""minimum"":""773000"",""median"":""5628000"",""maximum"":""15334000"",""p95"":""15334000"",""p99"":""15334000"",""mean"":""7439857.142857"",""median_absolute_deviation"":""4855000"",""standard_deviation"":""5788253.978744""}",0,0,7,"{""lsf"":{""pair_count"":3,""available_pairs"":3,""unavailable_pairs"":0,""native"":{""count"":""3"",""minimum"":""5581000"",""median"":""13544000"",""maximum"":""15383000"",""p95"":""15383000"",""p99"":""15383000"",""mean"":""11502666.666667"",""median_absolute_deviation"":""1839000"",""standard_deviation"":""4254024.160199""},""lsf"":{""count"":""3"",""minimum"":""7975000"",""median"":""14317000"",""maximum"":""21011000"",""p95"":""21011000"",""p99"":""21011000"",""mean"":""14434333.333333"",""median_absolute_deviation"":""6342000"",""standard_deviation"":""5322571.391933""},""paired_difference"":{""count"":""3"",""minimum"":""773000"",""median"":""2394000"",""maximum"":""5628000"",""p95"":""5628000"",""p99"":""5628000"",""mean"":""2931666.666667"",""median_absolute_deviation"":""1621000"",""standard_deviation"":""2018179.102282""},""lower"":0,""equal"":0,""higher"":3},""native"":{""pair_count"":4,""available_pairs"":4,""unavailable_pairs"":0,""native"":{""count"":""4"",""minimum"":""2945000"",""median"":""5093000"",""maximum"":""14001000"",""p95"":""14001000"",""p99"":""14001000"",""mean"":""6783000"",""median_absolute_deviation"":""1967000"",""standard_deviation"":""4441890.363348""},""lsf"":{""count"":""4"",""minimum"":""15653000"",""median"":""17571000"",""maximum"":""19621000"",""p95"":""19621000"",""p99"":""19621000"",""mean"":""17604000"",""median_absolute_deviation"":""1313000"",""standard_deviation"":""1489915.769431""},""paired_difference"":{""count"":""4"",""minimum"":""1652000"",""median"":""13149000"",""maximum"":""15334000"",""p95"":""15334000"",""p99"":""15334000"",""mean"":""10821000"",""median_absolute_deviation"":""1296000"",""standard_deviation"":""5376062.592642""},""lower"":0,""equal"":0,""higher"":4}}"
8,ready,served,cpu_total_nanos,ns,"[{""pair"":0,""first_arm"":""native"",""native_group"":2,""lsf_group"":3,""native"":""5433000"",""lsf"":""9321000"",""lsf_minus_native"":""3888000"",""percent_of_native"":""71.562673""},{""pair"":1,""first_arm"":""native"",""native_group"":0,""lsf_group"":1,""native"":""5073000"",""lsf"":""9024000"",""lsf_minus_native"":""3951000"",""percent_of_native"":""77.88291""},{""pair"":2,""first_arm"":""lsf"",""native_group"":5,""lsf_group"":4,""native"":""4498000"",""lsf"":""9368000"",""lsf_minus_native"":""4870000"",""percent_of_native"":""108.270342""},{""pair"":3,""first_arm"":""lsf"",""native_group"":3,""lsf_group"":2,""native"":""4996000"",""lsf"":""9481000"",""lsf_minus_native"":""4485000"",""percent_of_native"":""89.771817""},{""pair"":4,""first_arm"":""lsf"",""native_group"":1,""lsf_group"":0,""native"":""5002000"",""lsf"":""10032000"",""lsf_minus_native"":""5030000"",""percent_of_native"":""100.559776""},{""pair"":5,""first_arm"":""native"",""native_group"":4,""lsf_group"":5,""native"":""5914000"",""lsf"":""9671000"",""lsf_minus_native"":""3757000"",""percent_of_native"":""63.527224""},{""pair"":6,""first_arm"":""native"",""native_group"":2,""lsf_group"":3,""native"":""4372000"",""lsf"":""9082000"",""lsf_minus_native"":""4710000"",""percent_of_native"":""107.731016""}]",7,7,0,"{""count"":""7"",""minimum"":""4372000"",""median"":""5002000"",""maximum"":""5914000"",""p95"":""5914000"",""p99"":""5914000"",""mean"":""5041142.857143"",""median_absolute_deviation"":""431000"",""standard_deviation"":""487379.707817""}","{""count"":""7"",""minimum"":""9024000"",""median"":""9368000"",""maximum"":""10032000"",""p95"":""10032000"",""p99"":""10032000"",""mean"":""9425571.428571"",""median_absolute_deviation"":""286000"",""standard_deviation"":""321739.405261""}","{""count"":""7"",""minimum"":""3757000"",""median"":""4485000"",""maximum"":""5030000"",""p95"":""5030000"",""p99"":""5030000"",""mean"":""4384428.571429"",""median_absolute_deviation"":""534000"",""standard_deviation"":""477586.449061""}",0,0,7,"{""lsf"":{""pair_count"":3,""available_pairs"":3,""unavailable_pairs"":0,""native"":{""count"":""3"",""minimum"":""4498000"",""median"":""4996000"",""maximum"":""5002000"",""p95"":""5002000"",""p99"":""5002000"",""mean"":""4832000"",""median_absolute_deviation"":""6000"",""standard_deviation"":""236186.367092""},""lsf"":{""count"":""3"",""minimum"":""9368000"",""median"":""9481000"",""maximum"":""10032000"",""p95"":""10032000"",""p99"":""10032000"",""mean"":""9627000"",""median_absolute_deviation"":""113000"",""standard_deviation"":""290070.106469""},""paired_difference"":{""count"":""3"",""minimum"":""4485000"",""median"":""4870000"",""maximum"":""5030000"",""p95"":""5030000"",""p99"":""5030000"",""mean"":""4795000"",""median_absolute_deviation"":""160000"",""standard_deviation"":""228728.36874""},""lower"":0,""equal"":0,""higher"":3},""native"":{""pair_count"":4,""available_pairs"":4,""unavailable_pairs"":0,""native"":{""count"":""4"",""minimum"":""4372000"",""median"":""5253000"",""maximum"":""5914000"",""p95"":""5914000"",""p99"":""5914000"",""mean"":""5198000"",""median_absolute_deviation"":""420500"",""standard_deviation"":""562534.887807""},""lsf"":{""count"":""4"",""minimum"":""9024000"",""median"":""9201500"",""maximum"":""9671000"",""p95"":""9671000"",""p99"":""9671000"",""mean"":""9274500"",""median_absolute_deviation"":""148500"",""standard_deviation"":""254549.111175""},""paired_difference"":{""count"":""4"",""minimum"":""3757000"",""median"":""3919500"",""maximum"":""4710000"",""p95"":""4710000"",""p99"":""4710000"",""mean"":""4076500"",""median_absolute_deviation"":""97000"",""standard_deviation"":""372385.888562""},""lower"":0,""equal"":0,""higher"":4}}"
8,ready,served,cpu_user_nanos,ns,"[{""pair"":0,""first_arm"":""native"",""native_group"":2,""lsf_group"":3,""native"":""2749000"",""lsf"":""7114000"",""lsf_minus_native"":""4365000"",""percent_of_native"":""158.785013""},{""pair"":1,""first_arm"":""native"",""native_group"":0,""lsf_group"":1,""native"":""4885000"",""lsf"":""52000"",""lsf_minus_native"":""-4833000"",""percent_of_native"":""-98.935517""},{""pair"":2,""first_arm"":""lsf"",""native_group"":5,""lsf_group"":4,""native"":""0"",""lsf"":""4091000"",""lsf_minus_native"":""4091000"",""percent_of_native"":null},{""pair"":3,""first_arm"":""lsf"",""native_group"":3,""lsf_group"":2,""native"":""2703000"",""lsf"":""8580000"",""lsf_minus_native"":""5877000"",""percent_of_native"":""217.425083""},{""pair"":4,""first_arm"":""lsf"",""native_group"":1,""lsf_group"":0,""native"":""0"",""lsf"":""3541000"",""lsf_minus_native"":""3541000"",""percent_of_native"":null},{""pair"":5,""first_arm"":""native"",""native_group"":4,""lsf_group"":5,""native"":""2968000"",""lsf"":""4845000"",""lsf_minus_native"":""1877000"",""percent_of_native"":""63.24124""},{""pair"":6,""first_arm"":""native"",""native_group"":2,""lsf_group"":3,""native"":""0"",""lsf"":""2107000"",""lsf_minus_native"":""2107000"",""percent_of_native"":null}]",7,7,0,"{""count"":""7"",""minimum"":""0"",""median"":""2703000"",""maximum"":""4885000"",""p95"":""4885000"",""p99"":""4885000"",""mean"":""1900714.285714"",""median_absolute_deviation"":""2182000"",""standard_deviation"":""1782712.837567""}","{""count"":""7"",""minimum"":""52000"",""median"":""4091000"",""maximum"":""8580000"",""p95"":""8580000"",""p99"":""8580000"",""mean"":""4332857.142857"",""median_absolute_deviation"":""1984000"",""standard_deviation"":""2672638.580054""}","{""count"":""7"",""minimum"":""-4833000"",""median"":""3541000"",""maximum"":""5877000"",""p95"":""5877000"",""p99"":""5877000"",""mean"":""2432142.857143"",""median_absolute_deviation"":""1434000"",""standard_deviation"":""3224472.290317""}",1,0,6,"{""lsf"":{""pair_count"":3,""available_pairs"":3,""unavailable_pairs"":0,""native"":{""count"":""3"",""minimum"":""0"",""median"":""0"",""maximum"":""2703000"",""p95"":""2703000"",""p99"":""2703000"",""mean"":""901000"",""median_absolute_deviation"":""0"",""standard_deviation"":""1274206.419698""},""lsf"":{""count"":""3"",""minimum"":""3541000"",""median"":""4091000"",""maximum"":""8580000"",""p95"":""8580000"",""p99"":""8580000"",""mean"":""5404000"",""median_absolute_deviation"":""550000"",""standard_deviation"":""2256968.025176""},""paired_difference"":{""count"":""3"",""minimum"":""3541000"",""median"":""4091000"",""maximum"":""5877000"",""p95"":""5877000"",""p99"":""5877000"",""mean"":""4503000"",""median_absolute_deviation"":""550000"",""standard_deviation"":""997173.338325""},""lower"":0,""equal"":0,""higher"":3},""native"":{""pair_count"":4,""available_pairs"":4,""unavailable_pairs"":0,""native"":{""count"":""4"",""minimum"":""0"",""median"":""2858500"",""maximum"":""4885000"",""p95"":""4885000"",""p99"":""4885000"",""mean"":""2650500"",""median_absolute_deviation"":""1068000"",""standard_deviation"":""1741310.497872""},""lsf"":{""count"":""4"",""minimum"":""52000"",""median"":""3476000"",""maximum"":""7114000"",""p95"":""7114000"",""p99"":""7114000"",""mean"":""3529500"",""median_absolute_deviation"":""2396500"",""standard_deviation"":""2678418.049894""},""paired_difference"":{""count"":""4"",""minimum"":""-4833000"",""median"":""1992000"",""maximum"":""4365000"",""p95"":""4365000"",""p99"":""4365000"",""mean"":""879000"",""median_absolute_deviation"":""1244000"",""standard_deviation"":""3438136.413815""},""lower"":1,""equal"":0,""higher"":3}}"
8,ready,served,cpu_system_nanos,ns,"[{""pair"":0,""first_arm"":""native"",""native_group"":2,""lsf_group"":3,""native"":""2684000"",""lsf"":""2206000"",""lsf_minus_native"":""-478000"",""percent_of_native"":""-17.80924""},{""pair"":1,""first_arm"":""native"",""native_group"":0,""lsf_group"":1,""native"":""189000"",""lsf"":""8972000"",""lsf_minus_native"":""8783000"",""percent_of_native"":""4647.089947""},{""pair"":2,""first_arm"":""lsf"",""native_group"":5,""lsf_group"":4,""native"":""4499000"",""lsf"":""5276000"",""lsf_minus_native"":""777000"",""percent_of_native"":""17.270505""},{""pair"":3,""first_arm"":""lsf"",""native_group"":3,""lsf_group"":2,""native"":""2292000"",""lsf"":""900000"",""lsf_minus_native"":""-1392000"",""percent_of_native"":""-60.732984""},{""pair"":4,""first_arm"":""lsf"",""native_group"":1,""lsf_group"":0,""native"":""5002000"",""lsf"":""6491000"",""lsf_minus_native"":""1489000"",""percent_of_native"":""29.768093""},{""pair"":5,""first_arm"":""native"",""native_group"":4,""lsf_group"":5,""native"":""2945000"",""lsf"":""4826000"",""lsf_minus_native"":""1881000"",""percent_of_native"":""63.870968""},{""pair"":6,""first_arm"":""native"",""native_group"":2,""lsf_group"":3,""native"":""4373000"",""lsf"":""6975000"",""lsf_minus_native"":""2602000"",""percent_of_native"":""59.501486""}]",7,7,0,"{""count"":""7"",""minimum"":""189000"",""median"":""2945000"",""maximum"":""5002000"",""p95"":""5002000"",""p99"":""5002000"",""mean"":""3140571.428571"",""median_absolute_deviation"":""1428000"",""standard_deviation"":""1535656.10521""}","{""count"":""7"",""minimum"":""900000"",""median"":""5276000"",""maximum"":""8972000"",""p95"":""8972000"",""p99"":""8972000"",""mean"":""5092285.714286"",""median_absolute_deviation"":""1699000"",""standard_deviation"":""2579140.5387""}","{""count"":""7"",""minimum"":""-1392000"",""median"":""1489000"",""maximum"":""8783000"",""p95"":""8783000"",""p99"":""8783000"",""mean"":""1951714.285714"",""median_absolute_deviation"":""1113000"",""standard_deviation"":""3065297.268935""}",2,0,5,"{""lsf"":{""pair_count"":3,""available_pairs"":3,""unavailable_pairs"":0,""native"":{""count"":""3"",""minimum"":""2292000"",""median"":""4499000"",""maximum"":""5002000"",""p95"":""5002000"",""p99"":""5002000"",""mean"":""3931000"",""median_absolute_deviation"":""503000"",""standard_deviation"":""1176999.858397""},""lsf"":{""count"":""3"",""minimum"":""900000"",""median"":""5276000"",""maximum"":""6491000"",""p95"":""6491000"",""p99"":""6491000"",""mean"":""4222333.333333"",""median_absolute_deviation"":""1215000"",""standard_deviation"":""2401038.71041""},""paired_difference"":{""count"":""3"",""minimum"":""-1392000"",""median"":""777000"",""maximum"":""1489000"",""p95"":""1489000"",""p99"":""1489000"",""mean"":""291333.333333"",""median_absolute_deviation"":""712000"",""standard_deviation"":""1225273.937625""},""lower"":1,""equal"":0,""higher"":2},""native"":{""pair_count"":4,""available_pairs"":4,""unavailable_pairs"":0,""native"":{""count"":""4"",""minimum"":""189000"",""median"":""2814500"",""maximum"":""4373000"",""p95"":""4373000"",""p99"":""4373000"",""mean"":""2547750"",""median_absolute_deviation"":""844500"",""standard_deviation"":""1505955.738891""},""lsf"":{""count"":""4"",""minimum"":""2206000"",""median"":""5900500"",""maximum"":""8972000"",""p95"":""8972000"",""p99"":""8972000"",""mean"":""5744750"",""median_absolute_deviation"":""2073000"",""standard_deviation"":""2514732.130367""},""paired_difference"":{""count"":""4"",""minimum"":""-478000"",""median"":""2241500"",""maximum"":""8783000"",""p95"":""8783000"",""p99"":""8783000"",""mean"":""3197000"",""median_absolute_deviation"":""1540000"",""standard_deviation"":""3420339.968483""},""lower"":1,""equal"":0,""higher"":3}}"
8,served,final,cpu_total_nanos,ns,"[{""pair"":0,""first_arm"":""native"",""native_group"":2,""lsf_group"":3,""native"":""15242000"",""lsf"":""30381000"",""lsf_minus_native"":""15139000"",""percent_of_native"":""99.324236""},{""pair"":1,""first_arm"":""native"",""native_group"":0,""lsf_group"":1,""native"":""16190000"",""lsf"":""22423000"",""lsf_minus_native"":""6233000"",""percent_of_native"":""38.499074""},{""pair"":2,""first_arm"":""lsf"",""native_group"":5,""lsf_group"":4,""native"":""15173000"",""lsf"":""20886000"",""lsf_minus_native"":""5713000"",""percent_of_native"":""37.652409""},{""pair"":3,""first_arm"":""lsf"",""native_group"":3,""lsf_group"":2,""native"":""17948000"",""lsf"":""22635000"",""lsf_minus_native"":""4687000"",""percent_of_native"":""26.11433""},{""pair"":4,""first_arm"":""lsf"",""native_group"":1,""lsf_group"":0,""native"":""14911000"",""lsf"":""19853000"",""lsf_minus_native"":""4942000"",""percent_of_native"":""33.143317""},{""pair"":5,""first_arm"":""native"",""native_group"":4,""lsf_group"":5,""native"":""16155000"",""lsf"":""22641000"",""lsf_minus_native"":""6486000"",""percent_of_native"":""40.148561""},{""pair"":6,""first_arm"":""native"",""native_group"":2,""lsf_group"":3,""native"":""18837000"",""lsf"":""28757000"",""lsf_minus_native"":""9920000"",""percent_of_native"":""52.662314""}]",7,7,0,"{""count"":""7"",""minimum"":""14911000"",""median"":""16155000"",""maximum"":""18837000"",""p95"":""18837000"",""p99"":""18837000"",""mean"":""16350857.142857"",""median_absolute_deviation"":""982000"",""standard_deviation"":""1388015.379554""}","{""count"":""7"",""minimum"":""19853000"",""median"":""22635000"",""maximum"":""30381000"",""p95"":""30381000"",""p99"":""30381000"",""mean"":""23939428.571429"",""median_absolute_deviation"":""1749000"",""standard_deviation"":""3711221.741735""}","{""count"":""7"",""minimum"":""4687000"",""median"":""6233000"",""maximum"":""15139000"",""p95"":""15139000"",""p99"":""15139000"",""mean"":""7588571.428571"",""median_absolute_deviation"":""1291000"",""standard_deviation"":""3473141.7172""}",0,0,7,"{""lsf"":{""pair_count"":3,""available_pairs"":3,""unavailable_pairs"":0,""native"":{""count"":""3"",""minimum"":""14911000"",""median"":""15173000"",""maximum"":""17948000"",""p95"":""17948000"",""p99"":""17948000"",""mean"":""16010666.666667"",""median_absolute_deviation"":""262000"",""standard_deviation"":""1374070.918435""},""lsf"":{""count"":""3"",""minimum"":""19853000"",""median"":""20886000"",""maximum"":""22635000"",""p95"":""22635000"",""p99"":""22635000"",""mean"":""21124666.666667"",""median_absolute_deviation"":""1033000"",""standard_deviation"":""1148216.684932""},""paired_difference"":{""count"":""3"",""minimum"":""4687000"",""median"":""4942000"",""maximum"":""5713000"",""p95"":""5713000"",""p99"":""5713000"",""mean"":""5114000"",""median_absolute_deviation"":""255000"",""standard_deviation"":""436162.813637""},""lower"":0,""equal"":0,""higher"":3},""native"":{""pair_count"":4,""available_pairs"":4,""unavailable_pairs"":0,""native"":{""count"":""4"",""minimum"":""15242000"",""median"":""16172500"",""maximum"":""18837000"",""p95"":""18837000"",""p99"":""18837000"",""mean"":""16606000"",""median_absolute_deviation"":""474000"",""standard_deviation"":""1342973.752536""},""lsf"":{""count"":""4"",""minimum"":""22423000"",""median"":""25699000"",""maximum"":""30381000"",""p95"":""30381000"",""p99"":""30381000"",""mean"":""26050500"",""median_absolute_deviation"":""3167000"",""standard_deviation"":""3565873.630683""},""paired_difference"":{""count"":""4"",""minimum"":""6233000"",""median"":""8203000"",""maximum"":""15139000"",""p95"":""15139000"",""p99"":""15139000"",""mean"":""9444500"",""median_absolute_deviation"":""1843500"",""standard_deviation"":""3595826.921586""},""lower"":0,""equal"":0,""higher"":4}}"
8,served,final,cpu_user_nanos,ns,"[{""pair"":0,""first_arm"":""native"",""native_group"":2,""lsf_group"":3,""native"":""3925000"",""lsf"":""16934000"",""lsf_minus_native"":""13009000"",""percent_of_native"":""331.43949""},{""pair"":1,""first_arm"":""native"",""native_group"":0,""lsf_group"":1,""native"":""13072000"",""lsf"":""14532000"",""lsf_minus_native"":""1460000"",""percent_of_native"":""11.168911""},{""pair"":2,""first_arm"":""lsf"",""native_group"":5,""lsf_group"":4,""native"":""6128000"",""lsf"":""11845000"",""lsf_minus_native"":""5717000"",""percent_of_native"":""93.293081""},{""pair"":3,""first_arm"":""lsf"",""native_group"":3,""lsf_group"":2,""native"":""14659000"",""lsf"":""15560000"",""lsf_minus_native"":""901000"",""percent_of_native"":""6.146395""},{""pair"":4,""first_arm"":""lsf"",""native_group"":1,""lsf_group"":0,""native"":""4529000"",""lsf"":""5334000"",""lsf_minus_native"":""805000"",""percent_of_native"":""17.774343""},{""pair"":5,""first_arm"":""native"",""native_group"":4,""lsf_group"":5,""native"":""16155000"",""lsf"":""9189000"",""lsf_minus_native"":""-6966000"",""percent_of_native"":""-43.119777""},{""pair"":6,""first_arm"":""native"",""native_group"":2,""lsf_group"":3,""native"":""16330000"",""lsf"":""16112000"",""lsf_minus_native"":""-218000"",""percent_of_native"":""-1.334966""}]",7,7,0,"{""count"":""7"",""minimum"":""3925000"",""median"":""13072000"",""maximum"":""16330000"",""p95"":""16330000"",""p99"":""16330000"",""mean"":""10685428.571429"",""median_absolute_deviation"":""3258000"",""standard_deviation"":""5177389.768631""}","{""count"":""7"",""minimum"":""5334000"",""median"":""14532000"",""maximum"":""16934000"",""p95"":""16934000"",""p99"":""16934000"",""mean"":""12786571.428571"",""median_absolute_deviation"":""2402000"",""standard_deviation"":""3934607.689906""}","{""count"":""7"",""minimum"":""-6966000"",""median"":""901000"",""maximum"":""13009000"",""p95"":""13009000"",""p99"":""13009000"",""mean"":""2101142.857143"",""median_absolute_deviation"":""1119000"",""standard_deviation"":""5646473.828318""}",2,0,5,"{""lsf"":{""pair_count"":3,""available_pairs"":3,""unavailable_pairs"":0,""native"":{""count"":""3"",""minimum"":""4529000"",""median"":""6128000"",""maximum"":""14659000"",""p95"":""14659000"",""p99"":""14659000"",""mean"":""8438666.666667"",""median_absolute_deviation"":""1599000"",""standard_deviation"":""4446617.465995""},""lsf"":{""count"":""3"",""minimum"":""5334000"",""median"":""11845000"",""maximum"":""15560000"",""p95"":""15560000"",""p99"":""15560000"",""mean"":""10913000"",""median_absolute_deviation"":""3715000"",""standard_deviation"":""4226443.500943""},""paired_difference"":{""count"":""3"",""minimum"":""805000"",""median"":""901000"",""maximum"":""5717000"",""p95"":""5717000"",""p99"":""5717000"",""mean"":""2474333.333333"",""median_absolute_deviation"":""96000"",""standard_deviation"":""2293246.509984""},""lower"":0,""equal"":0,""higher"":3},""native"":{""pair_count"":4,""available_pairs"":4,""unavailable_pairs"":0,""native"":{""count"":""4"",""minimum"":""3925000"",""median"":""14613500"",""maximum"":""16330000"",""p95"":""16330000"",""p99"":""16330000"",""mean"":""12370500"",""median_absolute_deviation"":""1629000"",""standard_deviation"":""5045261.464979""},""lsf"":{""count"":""4"",""minimum"":""9189000"",""median"":""15322000"",""maximum"":""16934000"",""p95"":""16934000"",""p99"":""16934000"",""mean"":""14191750"",""median_absolute_deviation"":""1201000"",""standard_deviation"":""3014571.808317""},""paired_difference"":{""count"":""4"",""minimum"":""-6966000"",""median"":""621000"",""maximum"":""13009000"",""p95"":""13009000"",""p99"":""13009000"",""mean"":""1821250"",""median_absolute_deviation"":""4213000"",""standard_deviation"":""7188020.498545""},""lower"":2,""equal"":0,""higher"":2}}"
8,served,final,cpu_system_nanos,ns,"[{""pair"":0,""first_arm"":""native"",""native_group"":2,""lsf_group"":3,""native"":""11317000"",""lsf"":""13447000"",""lsf_minus_native"":""2130000"",""percent_of_native"":""18.821242""},{""pair"":1,""first_arm"":""native"",""native_group"":0,""lsf_group"":1,""native"":""3118000"",""lsf"":""7891000"",""lsf_minus_native"":""4773000"",""percent_of_native"":""153.078897""},{""pair"":2,""first_arm"":""lsf"",""native_group"":5,""lsf_group"":4,""native"":""9045000"",""lsf"":""9041000"",""lsf_minus_native"":""-4000"",""percent_of_native"":""-0.044223""},{""pair"":3,""first_arm"":""lsf"",""native_group"":3,""lsf_group"":2,""native"":""3289000"",""lsf"":""7075000"",""lsf_minus_native"":""3786000"",""percent_of_native"":""115.110976""},{""pair"":4,""first_arm"":""lsf"",""native_group"":1,""lsf_group"":0,""native"":""10381000"",""lsf"":""14520000"",""lsf_minus_native"":""4139000"",""percent_of_native"":""39.870918""},{""pair"":5,""first_arm"":""native"",""native_group"":4,""lsf_group"":5,""native"":""0"",""lsf"":""13453000"",""lsf_minus_native"":""13453000"",""percent_of_native"":null},{""pair"":6,""first_arm"":""native"",""native_group"":2,""lsf_group"":3,""native"":""2506000"",""lsf"":""12646000"",""lsf_minus_native"":""10140000"",""percent_of_native"":""404.628891""}]",7,7,0,"{""count"":""7"",""minimum"":""0"",""median"":""3289000"",""maximum"":""11317000"",""p95"":""11317000"",""p99"":""11317000"",""mean"":""5665142.857143"",""median_absolute_deviation"":""3289000"",""standard_deviation"":""4137187.637879""}","{""count"":""7"",""minimum"":""7075000"",""median"":""12646000"",""maximum"":""14520000"",""p95"":""14520000"",""p99"":""14520000"",""mean"":""11153285.714286"",""median_absolute_deviation"":""1874000"",""standard_deviation"":""2824622.488773""}","{""count"":""7"",""minimum"":""-4000"",""median"":""4139000"",""maximum"":""13453000"",""p95"":""13453000"",""p99"":""13453000"",""mean"":""5488142.857143"",""median_absolute_deviation"":""2009000"",""standard_deviation"":""4338340.480235""}",1,0,6,"{""lsf"":{""pair_count"":3,""available_pairs"":3,""unavailable_pairs"":0,""native"":{""count"":""3"",""minimum"":""3289000"",""median"":""9045000"",""maximum"":""10381000"",""p95"":""10381000"",""p99"":""10381000"",""mean"":""7571666.666667"",""median_absolute_deviation"":""1336000"",""standard_deviation"":""3077027.71446""},""lsf"":{""count"":""3"",""minimum"":""7075000"",""median"":""9041000"",""maximum"":""14520000"",""p95"":""14520000"",""p99"":""14520000"",""mean"":""10212000"",""median_absolute_deviation"":""1966000"",""standard_deviation"":""3150178.51346""},""paired_difference"":{""count"":""3"",""minimum"":""-4000"",""median"":""3786000"",""maximum"":""4139000"",""p95"":""4139000"",""p99"":""4139000"",""mean"":""2640333.333333"",""median_absolute_deviation"":""353000"",""standard_deviation"":""1875371.311382""},""lower"":1,""equal"":0,""higher"":2},""native"":{""pair_count"":4,""available_pairs"":4,""unavailable_pairs"":0,""native"":{""count"":""4"",""minimum"":""0"",""median"":""2812000"",""maximum"":""11317000"",""p95"":""11317000"",""p99"":""11317000"",""mean"":""4235250"",""median_absolute_deviation"":""1559000"",""standard_deviation"":""4252266.417747""},""lsf"":{""count"":""4"",""minimum"":""7891000"",""median"":""13046500"",""maximum"":""13453000"",""p95"":""13453000"",""p99"":""13453000"",""mean"":""11859250"",""median_absolute_deviation"":""403500"",""standard_deviation"":""2314463.90931""},""paired_difference"":{""count"":""4"",""minimum"":""2130000"",""median"":""7456500"",""maximum"":""13453000"",""p95"":""13453000"",""p99"":""13453000"",""mean"":""7624000"",""median_absolute_deviation"":""4005000"",""standard_deviation"":""4433388.489632""},""lower"":0,""equal"":0,""higher"":4}}"
32,ready,final,cpu_total_nanos,ns,"[{""pair"":0,""first_arm"":""lsf"",""native_group"":5,""lsf_group"":4,""native"":""75414000"",""lsf"":""111375000"",""lsf_minus_native"":""35961000"",""percent_of_native"":""47.68478""},{""pair"":1,""first_arm"":""lsf"",""native_group"":3,""lsf_group"":2,""native"":""85662000"",""lsf"":""150351000"",""lsf_minus_native"":""64689000"",""percent_of_native"":""75.516565""},{""pair"":2,""first_arm"":""lsf"",""native_group"":1,""lsf_group"":0,""native"":""84982000"",""lsf"":""115772000"",""lsf_minus_native"":""30790000"",""percent_of_native"":""36.231202""},{""pair"":3,""first_arm"":""native"",""native_group"":4,""lsf_group"":5,""native"":""79066000"",""lsf"":""118417000"",""lsf_minus_native"":""39351000"",""percent_of_native"":""49.769813""},{""pair"":4,""first_arm"":""native"",""native_group"":2,""lsf_group"":3,""native"":""102633000"",""lsf"":""131429000"",""lsf_minus_native"":""28796000"",""percent_of_native"":""28.057253""},{""pair"":5,""first_arm"":""native"",""native_group"":0,""lsf_group"":1,""native"":""79880000"",""lsf"":""113763000"",""lsf_minus_native"":""33883000"",""percent_of_native"":""42.417376""},{""pair"":6,""first_arm"":""lsf"",""native_group"":5,""lsf_group"":4,""native"":""87130000"",""lsf"":""132539000"",""lsf_minus_native"":""45409000"",""percent_of_native"":""52.116378""}]",7,7,0,"{""count"":""7"",""minimum"":""75414000"",""median"":""84982000"",""maximum"":""102633000"",""p95"":""102633000"",""p99"":""102633000"",""mean"":""84966714.285714"",""median_absolute_deviation"":""5102000"",""standard_deviation"":""8187172.487919""}","{""count"":""7"",""minimum"":""111375000"",""median"":""118417000"",""maximum"":""150351000"",""p95"":""150351000"",""p99"":""150351000"",""mean"":""124806571.428571"",""median_absolute_deviation"":""7042000"",""standard_deviation"":""12988910.257349""}","{""count"":""7"",""minimum"":""28796000"",""median"":""35961000"",""maximum"":""64689000"",""p95"":""64689000"",""p99"":""64689000"",""mean"":""39839857.142857"",""median_absolute_deviation"":""5171000"",""standard_deviation"":""11358638.05252""}",0,0,7,"{""lsf"":{""pair_count"":4,""available_pairs"":4,""unavailable_pairs"":0,""native"":{""count"":""4"",""minimum"":""75414000"",""median"":""85322000"",""maximum"":""87130000"",""p95"":""87130000"",""p99"":""87130000"",""mean"":""83297000"",""median_absolute_deviation"":""1074000"",""standard_deviation"":""4616980.29019""},""lsf"":{""count"":""4"",""minimum"":""111375000"",""median"":""124155500"",""maximum"":""150351000"",""p95"":""150351000"",""p99"":""150351000"",""mean"":""127509250"",""median_absolute_deviation"":""10582000"",""standard_deviation"":""15371410.058531""},""paired_difference"":{""count"":""4"",""minimum"":""30790000"",""median"":""40685000"",""maximum"":""64689000"",""p95"":""64689000"",""p99"":""64689000"",""mean"":""44212250"",""median_absolute_deviation"":""7309500"",""standard_deviation"":""12932221.606804""},""lower"":0,""equal"":0,""higher"":4},""native"":{""pair_count"":3,""available_pairs"":3,""unavailable_pairs"":0,""native"":{""count"":""3"",""minimum"":""79066000"",""median"":""79880000"",""maximum"":""102633000"",""p95"":""102633000"",""p99"":""102633000"",""mean"":""87193000"",""median_absolute_deviation"":""814000"",""standard_deviation"":""10922785.023366""},""lsf"":{""count"":""3"",""minimum"":""113763000"",""median"":""118417000"",""maximum"":""131429000"",""p95"":""131429000"",""p99"":""131429000"",""mean"":""121203000"",""median_absolute_deviation"":""4654000"",""standard_deviation"":""7476328.689047""},""paired_difference"":{""count"":""3"",""minimum"":""28796000"",""median"":""33883000"",""maximum"":""39351000"",""p95"":""39351000"",""p99"":""39351000"",""mean"":""34010000"",""median_absolute_deviation"":""5087000"",""standard_deviation"":""4309996.365041""},""lower"":0,""equal"":0,""higher"":3}}"
32,ready,final,cpu_user_nanos,ns,"[{""pair"":0,""first_arm"":""lsf"",""native_group"":5,""lsf_group"":4,""native"":""35918000"",""lsf"":""61263000"",""lsf_minus_native"":""25345000"",""percent_of_native"":""70.563506""},{""pair"":1,""first_arm"":""lsf"",""native_group"":3,""lsf_group"":2,""native"":""38788000"",""lsf"":""75600000"",""lsf_minus_native"":""36812000"",""percent_of_native"":""94.905641""},{""pair"":2,""first_arm"":""lsf"",""native_group"":1,""lsf_group"":0,""native"":""29368000"",""lsf"":""61322000"",""lsf_minus_native"":""31954000"",""percent_of_native"":""108.805503""},{""pair"":3,""first_arm"":""native"",""native_group"":4,""lsf_group"":5,""native"":""40439000"",""lsf"":""73919000"",""lsf_minus_native"":""33480000"",""percent_of_native"":""82.791365""},{""pair"":4,""first_arm"":""native"",""native_group"":2,""lsf_group"":3,""native"":""61166000"",""lsf"":""74287000"",""lsf_minus_native"":""13121000"",""percent_of_native"":""21.45146""},{""pair"":5,""first_arm"":""native"",""native_group"":0,""lsf_group"":1,""native"":""39973000"",""lsf"":""51211000"",""lsf_minus_native"":""11238000"",""percent_of_native"":""28.113977""},{""pair"":6,""first_arm"":""lsf"",""native_group"":5,""lsf_group"":4,""native"":""38963000"",""lsf"":""68862000"",""lsf_minus_native"":""29899000"",""percent_of_native"":""76.736904""}]",7,7,0,"{""count"":""7"",""minimum"":""29368000"",""median"":""38963000"",""maximum"":""61166000"",""p95"":""61166000"",""p99"":""61166000"",""mean"":""40659285.714286"",""median_absolute_deviation"":""1476000"",""standard_deviation"":""9082139.957305""}","{""count"":""7"",""minimum"":""51211000"",""median"":""68862000"",""maximum"":""75600000"",""p95"":""75600000"",""p99"":""75600000"",""mean"":""66637714.285714"",""median_absolute_deviation"":""6738000"",""standard_deviation"":""8383032.109383""}","{""count"":""7"",""minimum"":""11238000"",""median"":""29899000"",""maximum"":""36812000"",""p95"":""36812000"",""p99"":""36812000"",""mean"":""25978428.571429"",""median_absolute_deviation"":""4554000"",""standard_deviation"":""9317518.93489""}",0,0,7,"{""lsf"":{""pair_count"":4,""available_pairs"":4,""unavailable_pairs"":0,""native"":{""count"":""4"",""minimum"":""29368000"",""median"":""37353000"",""maximum"":""38963000"",""p95"":""38963000"",""p99"":""38963000"",""mean"":""35759250"",""median_absolute_deviation"":""1522500"",""standard_deviation"":""3882995.5817""},""lsf"":{""count"":""4"",""minimum"":""61263000"",""median"":""65092000"",""maximum"":""75600000"",""p95"":""75600000"",""p99"":""75600000"",""mean"":""66761750"",""median_absolute_deviation"":""3799500"",""standard_deviation"":""5965585.56954""},""paired_difference"":{""count"":""4"",""minimum"":""25345000"",""median"":""30926500"",""maximum"":""36812000"",""p95"":""36812000"",""p99"":""36812000"",""mean"":""31002500"",""median_absolute_deviation"":""3304500"",""standard_deviation"":""4119486.041972""},""lower"":0,""equal"":0,""higher"":4},""native"":{""pair_count"":3,""available_pairs"":3,""unavailable_pairs"":0,""native"":{""count"":""3"",""minimum"":""39973000"",""median"":""40439000"",""maximum"":""61166000"",""p95"":""61166000"",""p99"":""61166000"",""mean"":""47192666.666667"",""median_absolute_deviation"":""466000"",""standard_deviation"":""9882470.080344""},""lsf"":{""count"":""3"",""minimum"":""51211000"",""median"":""73919000"",""maximum"":""74287000"",""p95"":""74287000"",""p99"":""74287000"",""mean"":""66472333.333333"",""median_absolute_deviation"":""368000"",""standard_deviation"":""10792438.011044""},""paired_difference"":{""count"":""3"",""minimum"":""11238000"",""median"":""13121000"",""maximum"":""33480000"",""p95"":""33480000"",""p99"":""33480000"",""mean"":""19279666.666667"",""median_absolute_deviation"":""1883000"",""standard_deviation"":""10070535.316236""},""lower"":0,""equal"":0,""higher"":3}}"
32,ready,final,cpu_system_nanos,ns,"[{""pair"":0,""first_arm"":""lsf"",""native_group"":5,""lsf_group"":4,""native"":""39496000"",""lsf"":""50112000"",""lsf_minus_native"":""10616000"",""percent_of_native"":""26.878671""},{""pair"":1,""first_arm"":""lsf"",""native_group"":3,""lsf_group"":2,""native"":""46875000"",""lsf"":""74751000"",""lsf_minus_native"":""27876000"",""percent_of_native"":""59.4688""},{""pair"":2,""first_arm"":""lsf"",""native_group"":1,""lsf_group"":0,""native"":""55615000"",""lsf"":""54450000"",""lsf_minus_native"":""-1165000"",""percent_of_native"":""-2.094759""},{""pair"":3,""first_arm"":""native"",""native_group"":4,""lsf_group"":5,""native"":""38627000"",""lsf"":""44498000"",""lsf_minus_native"":""5871000"",""percent_of_native"":""15.199213""},{""pair"":4,""first_arm"":""native"",""native_group"":2,""lsf_group"":3,""native"":""41466000"",""lsf"":""57141000"",""lsf_minus_native"":""15675000"",""percent_of_native"":""37.802055""},{""pair"":5,""first_arm"":""native"",""native_group"":0,""lsf_group"":1,""native"":""39908000"",""lsf"":""62551000"",""lsf_minus_native"":""22643000"",""percent_of_native"":""56.737997""},{""pair"":6,""first_arm"":""lsf"",""native_group"":5,""lsf_group"":4,""native"":""48167000"",""lsf"":""63676000"",""lsf_minus_native"":""15509000"",""percent_of_native"":""32.198393""}]",7,7,0,"{""count"":""7"",""minimum"":""38627000"",""median"":""41466000"",""maximum"":""55615000"",""p95"":""55615000"",""p99"":""55615000"",""mean"":""44307714.285714"",""median_absolute_deviation"":""2839000"",""standard_deviation"":""5759410.776268""}","{""count"":""7"",""minimum"":""44498000"",""median"":""57141000"",""maximum"":""74751000"",""p95"":""74751000"",""p99"":""74751000"",""mean"":""58168428.571429"",""median_absolute_deviation"":""6535000"",""standard_deviation"":""9189986.24058""}","{""count"":""7"",""minimum"":""-1165000"",""median"":""15509000"",""maximum"":""27876000"",""p95"":""27876000"",""p99"":""27876000"",""mean"":""13860714.285714"",""median_absolute_deviation"":""7134000"",""standard_deviation"":""9100243.712816""}",1,0,6,"{""lsf"":{""pair_count"":4,""available_pairs"":4,""unavailable_pairs"":0,""native"":{""count"":""4"",""minimum"":""39496000"",""median"":""47521000"",""maximum"":""55615000"",""p95"":""55615000"",""p99"":""55615000"",""mean"":""47538250"",""median_absolute_deviation"":""4335500"",""standard_deviation"":""5717230.59597""},""lsf"":{""count"":""4"",""minimum"":""50112000"",""median"":""59063000"",""maximum"":""74751000"",""p95"":""74751000"",""p99"":""74751000"",""mean"":""60747250"",""median_absolute_deviation"":""6782000"",""standard_deviation"":""9453127.666942""},""paired_difference"":{""count"":""4"",""minimum"":""-1165000"",""median"":""13062500"",""maximum"":""27876000"",""p95"":""27876000"",""p99"":""27876000"",""mean"":""13209000"",""median_absolute_deviation"":""8337000"",""standard_deviation"":""10413289.753963""},""lower"":1,""equal"":0,""higher"":3},""native"":{""pair_count"":3,""available_pairs"":3,""unavailable_pairs"":0,""native"":{""count"":""3"",""minimum"":""38627000"",""median"":""39908000"",""maximum"":""41466000"",""p95"":""41466000"",""p99"":""41466000"",""mean"":""40000333.333333"",""median_absolute_deviation"":""1281000"",""standard_deviation"":""1160854.378847""},""lsf"":{""count"":""3"",""minimum"":""44498000"",""median"":""57141000"",""maximum"":""62551000"",""p95"":""62551000"",""p99"":""62551000"",""mean"":""54730000"",""median_absolute_deviation"":""5410000"",""standard_deviation"":""7564716.033445""},""paired_difference"":{""count"":""3"",""minimum"":""5871000"",""median"":""15675000"",""maximum"":""22643000"",""p95"":""22643000"",""p99"":""22643000"",""mean"":""14729666.666667"",""median_absolute_deviation"":""6968000"",""standard_deviation"":""6879691.72436""},""lower"":0,""equal"":0,""higher"":3}}"
32,ready,served,cpu_total_nanos,ns,"[{""pair"":0,""first_arm"":""lsf"",""native_group"":5,""lsf_group"":4,""native"":""18720000"",""lsf"":""30949000"",""lsf_minus_native"":""12229000"",""percent_of_native"":""65.325855""},{""pair"":1,""first_arm"":""lsf"",""native_group"":3,""lsf_group"":2,""native"":""16210000"",""lsf"":""29232000"",""lsf_minus_native"":""13022000"",""percent_of_native"":""80.333128""},{""pair"":2,""first_arm"":""lsf"",""native_group"":1,""lsf_group"":0,""native"":""17819000"",""lsf"":""32432000"",""lsf_minus_native"":""14613000"",""percent_of_native"":""82.007969""},{""pair"":3,""first_arm"":""native"",""native_group"":4,""lsf_group"":5,""native"":""17177000"",""lsf"":""30356000"",""lsf_minus_native"":""13179000"",""percent_of_native"":""76.72469""},{""pair"":4,""first_arm"":""native"",""native_group"":2,""lsf_group"":3,""native"":""22324000"",""lsf"":""32008000"",""lsf_minus_native"":""9684000"",""percent_of_native"":""43.379323""},{""pair"":5,""first_arm"":""native"",""native_group"":0,""lsf_group"":1,""native"":""16541000"",""lsf"":""31553000"",""lsf_minus_native"":""15012000"",""percent_of_native"":""90.756303""},{""pair"":6,""first_arm"":""lsf"",""native_group"":5,""lsf_group"":4,""native"":""17738000"",""lsf"":""30551000"",""lsf_minus_native"":""12813000"",""percent_of_native"":""72.23475""}]",7,7,0,"{""count"":""7"",""minimum"":""16210000"",""median"":""17738000"",""maximum"":""22324000"",""p95"":""22324000"",""p99"":""22324000"",""mean"":""18075571.428571"",""median_absolute_deviation"":""982000"",""standard_deviation"":""1900635.747559""}","{""count"":""7"",""minimum"":""29232000"",""median"":""30949000"",""maximum"":""32432000"",""p95"":""32432000"",""p99"":""32432000"",""mean"":""31011571.428571"",""median_absolute_deviation"":""604000"",""standard_deviation"":""1008274.460529""}","{""count"":""7"",""minimum"":""9684000"",""median"":""13022000"",""maximum"":""15012000"",""p95"":""15012000"",""p99"":""15012000"",""mean"":""12936000"",""median_absolute_deviation"":""793000"",""standard_deviation"":""1615948.726202""}",0,0,7,"{""lsf"":{""pair_count"":4,""available_pairs"":4,""unavailable_pairs"":0,""native"":{""count"":""4"",""minimum"":""16210000"",""median"":""17778500"",""maximum"":""18720000"",""p95"":""18720000"",""p99"":""18720000"",""mean"":""17621750"",""median_absolute_deviation"":""491000"",""standard_deviation"":""901611.439313""},""lsf"":{""count"":""4"",""minimum"":""29232000"",""median"":""30750000"",""maximum"":""32432000"",""p95"":""32432000"",""p99"":""32432000"",""mean"":""30791000"",""median_absolute_deviation"":""858500"",""standard_deviation"":""1140824.920836""},""paired_difference"":{""count"":""4"",""minimum"":""12229000"",""median"":""12917500"",""maximum"":""14613000"",""p95"":""14613000"",""p99"":""14613000"",""mean"":""13169250"",""median_absolute_deviation"":""396500"",""standard_deviation"":""882762.814974""},""lower"":0,""equal"":0,""higher"":4},""native"":{""pair_count"":3,""available_pairs"":3,""unavailable_pairs"":0,""native"":{""count"":""3"",""minimum"":""16541000"",""median"":""17177000"",""maximum"":""22324000"",""p95"":""22324000"",""p99"":""22324000"",""mean"":""18680666.666667"",""median_absolute_deviation"":""636000"",""standard_deviation"":""2589276.904637""},""lsf"":{""count"":""3"",""minimum"":""30356000"",""median"":""31553000"",""maximum"":""32008000"",""p95"":""32008000"",""p99"":""32008000"",""mean"":""31305666.666667"",""median_absolute_deviation"":""455000"",""standard_deviation"":""696733.489618""},""paired_difference"":{""count"":""3"",""minimum"":""9684000"",""median"":""13179000"",""maximum"":""15012000"",""p95"":""15012000"",""p99"":""15012000"",""mean"":""12625000"",""median_absolute_deviation"":""1833000"",""standard_deviation"":""2210140.719502""},""lower"":0,""equal"":0,""higher"":3}}"
32,ready,served,cpu_user_nanos,ns,"[{""pair"":0,""first_arm"":""lsf"",""native_group"":5,""lsf_group"":4,""native"":""11127000"",""lsf"":""17154000"",""lsf_minus_native"":""6027000"",""percent_of_native"":""54.165543""},{""pair"":1,""first_arm"":""lsf"",""native_group"":3,""lsf_group"":2,""native"":""8056000"",""lsf"":""20063000"",""lsf_minus_native"":""12007000"",""percent_of_native"":""149.044191""},{""pair"":2,""first_arm"":""lsf"",""native_group"":1,""lsf_group"":0,""native"":""3082000"",""lsf"":""19652000"",""lsf_minus_native"":""16570000"",""percent_of_native"":""537.637897""},{""pair"":3,""first_arm"":""native"",""native_group"":4,""lsf_group"":5,""native"":""11487000"",""lsf"":""27291000"",""lsf_minus_native"":""15804000"",""percent_of_native"":""137.581614""},{""pair"":4,""first_arm"":""native"",""native_group"":2,""lsf_group"":3,""native"":""8460000"",""lsf"":""19465000"",""lsf_minus_native"":""11005000"",""percent_of_native"":""130.082742""},{""pair"":5,""first_arm"":""native"",""native_group"":0,""lsf_group"":1,""native"":""5645000"",""lsf"":""16196000"",""lsf_minus_native"":""10551000"",""percent_of_native"":""186.908769""},{""pair"":6,""first_arm"":""lsf"",""native_group"":5,""lsf_group"":4,""native"":""0"",""lsf"":""15399000"",""lsf_minus_native"":""15399000"",""percent_of_native"":null}]",7,7,0,"{""count"":""7"",""minimum"":""0"",""median"":""8056000"",""maximum"":""11487000"",""p95"":""11487000"",""p99"":""11487000"",""mean"":""6836714.285714"",""median_absolute_deviation"":""3071000"",""standard_deviation"":""3898940.285121""}","{""count"":""7"",""minimum"":""15399000"",""median"":""19465000"",""maximum"":""27291000"",""p95"":""27291000"",""p99"":""27291000"",""mean"":""19317142.857143"",""median_absolute_deviation"":""2311000"",""standard_deviation"":""3665383.528113""}","{""count"":""7"",""minimum"":""6027000"",""median"":""12007000"",""maximum"":""16570000"",""p95"":""16570000"",""p99"":""16570000"",""mean"":""12480428.571429"",""median_absolute_deviation"":""3392000"",""standard_deviation"":""3465322.902173""}",0,0,7,"{""lsf"":{""pair_count"":4,""available_pairs"":4,""unavailable_pairs"":0,""native"":{""count"":""4"",""minimum"":""0"",""median"":""5569000"",""maximum"":""11127000"",""p95"":""11127000"",""p99"":""11127000"",""mean"":""5566250"",""median_absolute_deviation"":""4022500"",""standard_deviation"":""4309159.800646""},""lsf"":{""count"":""4"",""minimum"":""15399000"",""median"":""18403000"",""maximum"":""20063000"",""p95"":""20063000"",""p99"":""20063000"",""mean"":""18067000"",""median_absolute_deviation"":""1454500"",""standard_deviation"":""1900528.479134""},""paired_difference"":{""count"":""4"",""minimum"":""6027000"",""median"":""13703000"",""maximum"":""16570000"",""p95"":""16570000"",""p99"":""16570000"",""mean"":""12500750"",""median_absolute_deviation"":""2281500"",""standard_deviation"":""4096091.940802""},""lower"":0,""equal"":0,""higher"":4},""native"":{""pair_count"":3,""available_pairs"":3,""unavailable_pairs"":0,""native"":{""count"":""3"",""minimum"":""5645000"",""median"":""8460000"",""maximum"":""11487000"",""p95"":""11487000"",""p99"":""11487000"",""mean"":""8530666.666667"",""median_absolute_deviation"":""2815000"",""standard_deviation"":""2385509.915208""},""lsf"":{""count"":""3"",""minimum"":""16196000"",""median"":""19465000"",""maximum"":""27291000"",""p95"":""27291000"",""p99"":""27291000"",""mean"":""20984000"",""median_absolute_deviation"":""3269000"",""standard_deviation"":""4655124.559737""},""paired_difference"":{""count"":""3"",""minimum"":""10551000"",""median"":""11005000"",""maximum"":""15804000"",""p95"":""15804000"",""p99"":""15804000"",""mean"":""12453333.333333"",""median_absolute_deviation"":""454000"",""standard_deviation"":""2376517.667139""},""lower"":0,""equal"":0,""higher"":3}}"
32,ready,served,cpu_system_nanos,ns,"[{""pair"":0,""first_arm"":""lsf"",""native_group"":5,""lsf_group"":4,""native"":""7593000"",""lsf"":""13794000"",""lsf_minus_native"":""6201000"",""percent_of_native"":""81.667325""},{""pair"":1,""first_arm"":""lsf"",""native_group"":3,""lsf_group"":2,""native"":""8154000"",""lsf"":""9170000"",""lsf_minus_native"":""1016000"",""percent_of_native"":""12.460142""},{""pair"":2,""first_arm"":""lsf"",""native_group"":1,""lsf_group"":0,""native"":""14738000"",""lsf"":""12780000"",""lsf_minus_native"":""-1958000"",""percent_of_native"":""-13.285385""},{""pair"":3,""first_arm"":""native"",""native_group"":4,""lsf_group"":5,""native"":""5689000"",""lsf"":""3065000"",""lsf_minus_native"":""-2624000"",""percent_of_native"":""-46.124099""},{""pair"":4,""first_arm"":""native"",""native_group"":2,""lsf_group"":3,""native"":""13863000"",""lsf"":""12543000"",""lsf_minus_native"":""-1320000"",""percent_of_native"":""-9.521749""},{""pair"":5,""first_arm"":""native"",""native_group"":0,""lsf_group"":1,""native"":""10897000"",""lsf"":""15356000"",""lsf_minus_native"":""4459000"",""percent_of_native"":""40.919519""},{""pair"":6,""first_arm"":""lsf"",""native_group"":5,""lsf_group"":4,""native"":""17738000"",""lsf"":""15152000"",""lsf_minus_native"":""-2586000"",""percent_of_native"":""-14.57887""}]",7,7,0,"{""count"":""7"",""minimum"":""5689000"",""median"":""10897000"",""maximum"":""17738000"",""p95"":""17738000"",""p99"":""17738000"",""mean"":""11238857.142857"",""median_absolute_deviation"":""3304000"",""standard_deviation"":""4054897.970482""}","{""count"":""7"",""minimum"":""3065000"",""median"":""12780000"",""maximum"":""15356000"",""p95"":""15356000"",""p99"":""15356000"",""mean"":""11694285.714286"",""median_absolute_deviation"":""2372000"",""standard_deviation"":""4009068.673976""}","{""count"":""7"",""minimum"":""-2624000"",""median"":""-1320000"",""maximum"":""6201000"",""p95"":""6201000"",""p99"":""6201000"",""mean"":""455428.571429"",""median_absolute_deviation"":""1304000"",""standard_deviation"":""3318010.757631""}",4,0,3,"{""lsf"":{""pair_count"":4,""available_pairs"":4,""unavailable_pairs"":0,""native"":{""count"":""4"",""minimum"":""7593000"",""median"":""11446000"",""maximum"":""17738000"",""p95"":""17738000"",""p99"":""17738000"",""mean"":""12055750"",""median_absolute_deviation"":""3572500"",""standard_deviation"":""4319207.703677""},""lsf"":{""count"":""4"",""minimum"":""9170000"",""median"":""13287000"",""maximum"":""15152000"",""p95"":""15152000"",""p99"":""15152000"",""mean"":""12724000"",""median_absolute_deviation"":""1186000"",""standard_deviation"":""2217776.81474""},""paired_difference"":{""count"":""4"",""minimum"":""-2586000"",""median"":""-471000"",""maximum"":""6201000"",""p95"":""6201000"",""p99"":""6201000"",""mean"":""668250"",""median_absolute_deviation"":""1801000"",""standard_deviation"":""3472016.155996""},""lower"":2,""equal"":0,""higher"":2},""native"":{""pair_count"":3,""available_pairs"":3,""unavailable_pairs"":0,""native"":{""count"":""3"",""minimum"":""5689000"",""median"":""10897000"",""maximum"":""13863000"",""p95"":""13863000"",""p99"":""13863000"",""mean"":""10149666.666667"",""median_absolute_deviation"":""2966000"",""standard_deviation"":""3378604.182532""},""lsf"":{""count"":""3"",""minimum"":""3065000"",""median"":""12543000"",""maximum"":""15356000"",""p95"":""15356000"",""p99"":""15356000"",""mean"":""10321333.333333"",""median_absolute_deviation"":""2813000"",""standard_deviation"":""5257947.783013""},""paired_difference"":{""count"":""3"",""minimum"":""-2624000"",""median"":""-1320000"",""maximum"":""4459000"",""p95"":""4459000"",""p99"":""4459000"",""mean"":""171666.666667"",""median_absolute_deviation"":""1304000"",""standard_deviation"":""3077988.989945""},""lower"":2,""equal"":0,""higher"":1}}"
32,served,final,cpu_total_nanos,ns,"[{""pair"":0,""first_arm"":""lsf"",""native_group"":5,""lsf_group"":4,""native"":""56694000"",""lsf"":""80426000"",""lsf_minus_native"":""23732000"",""percent_of_native"":""41.859809""},{""pair"":1,""first_arm"":""lsf"",""native_group"":3,""lsf_group"":2,""native"":""69452000"",""lsf"":""121119000"",""lsf_minus_native"":""51667000"",""percent_of_native"":""74.392386""},{""pair"":2,""first_arm"":""lsf"",""native_group"":1,""lsf_group"":0,""native"":""67163000"",""lsf"":""83340000"",""lsf_minus_native"":""16177000"",""percent_of_native"":""24.086178""},{""pair"":3,""first_arm"":""native"",""native_group"":4,""lsf_group"":5,""native"":""61889000"",""lsf"":""88061000"",""lsf_minus_native"":""26172000"",""percent_of_native"":""42.288613""},{""pair"":4,""first_arm"":""native"",""native_group"":2,""lsf_group"":3,""native"":""80309000"",""lsf"":""99421000"",""lsf_minus_native"":""19112000"",""percent_of_native"":""23.79808""},{""pair"":5,""first_arm"":""native"",""native_group"":0,""lsf_group"":1,""native"":""63339000"",""lsf"":""82210000"",""lsf_minus_native"":""18871000"",""percent_of_native"":""29.79365""},{""pair"":6,""first_arm"":""lsf"",""native_group"":5,""lsf_group"":4,""native"":""69392000"",""lsf"":""101988000"",""lsf_minus_native"":""32596000"",""percent_of_native"":""46.973715""}]",7,7,0,"{""count"":""7"",""minimum"":""56694000"",""median"":""67163000"",""maximum"":""80309000"",""p95"":""80309000"",""p99"":""80309000"",""mean"":""66891142.857143"",""median_absolute_deviation"":""3824000"",""standard_deviation"":""6913195.941274""}","{""count"":""7"",""minimum"":""80426000"",""median"":""88061000"",""maximum"":""121119000"",""p95"":""121119000"",""p99"":""121119000"",""mean"":""93795000"",""median_absolute_deviation"":""7635000"",""standard_deviation"":""13630356.184425""}","{""count"":""7"",""minimum"":""16177000"",""median"":""23732000"",""maximum"":""51667000"",""p95"":""51667000"",""p99"":""51667000"",""mean"":""26903857.142857"",""median_absolute_deviation"":""4861000"",""standard_deviation"":""11316961.498168""}",0,0,7,"{""lsf"":{""pair_count"":4,""available_pairs"":4,""unavailable_pairs"":0,""native"":{""count"":""4"",""minimum"":""56694000"",""median"":""68277500"",""maximum"":""69452000"",""p95"":""69452000"",""p99"":""69452000"",""mean"":""65675250"",""median_absolute_deviation"":""1144500"",""standard_deviation"":""5266742.891722""},""lsf"":{""count"":""4"",""minimum"":""80426000"",""median"":""92664000"",""maximum"":""121119000"",""p95"":""121119000"",""p99"":""121119000"",""mean"":""96718250"",""median_absolute_deviation"":""10781000"",""standard_deviation"":""16336935.520088""},""paired_difference"":{""count"":""4"",""minimum"":""16177000"",""median"":""28164000"",""maximum"":""51667000"",""p95"":""51667000"",""p99"":""51667000"",""mean"":""31043000"",""median_absolute_deviation"":""8209500"",""standard_deviation"":""13249621.334212""},""lower"":0,""equal"":0,""higher"":4},""native"":{""pair_count"":3,""available_pairs"":3,""unavailable_pairs"":0,""native"":{""count"":""3"",""minimum"":""61889000"",""median"":""63339000"",""maximum"":""80309000"",""p95"":""80309000"",""p99"":""80309000"",""mean"":""68512333.333333"",""median_absolute_deviation"":""1450000"",""standard_deviation"":""8362481.024725""},""lsf"":{""count"":""3"",""minimum"":""82210000"",""median"":""88061000"",""maximum"":""99421000"",""p95"":""99421000"",""p99"":""99421000"",""mean"":""89897333.333333"",""median_absolute_deviation"":""5851000"",""standard_deviation"":""7145335.090502""},""paired_difference"":{""count"":""3"",""minimum"":""18871000"",""median"":""19112000"",""maximum"":""26172000"",""p95"":""26172000"",""p99"":""26172000"",""mean"":""21385000"",""median_absolute_deviation"":""241000"",""standard_deviation"":""3386349.755514""},""lower"":0,""equal"":0,""higher"":3}}"
32,served,final,cpu_user_nanos,ns,"[{""pair"":0,""first_arm"":""lsf"",""native_group"":5,""lsf_group"":4,""native"":""24791000"",""lsf"":""44109000"",""lsf_minus_native"":""19318000"",""percent_of_native"":""77.92344""},{""pair"":1,""first_arm"":""lsf"",""native_group"":3,""lsf_group"":2,""native"":""30732000"",""lsf"":""55537000"",""lsf_minus_native"":""24805000"",""percent_of_native"":""80.713914""},{""pair"":2,""first_arm"":""lsf"",""native_group"":1,""lsf_group"":0,""native"":""26286000"",""lsf"":""41670000"",""lsf_minus_native"":""15384000"",""percent_of_native"":""58.525451""},{""pair"":3,""first_arm"":""native"",""native_group"":4,""lsf_group"":5,""native"":""28952000"",""lsf"":""46628000"",""lsf_minus_native"":""17676000"",""percent_of_native"":""61.052777""},{""pair"":4,""first_arm"":""native"",""native_group"":2,""lsf_group"":3,""native"":""52706000"",""lsf"":""54822000"",""lsf_minus_native"":""2116000"",""percent_of_native"":""4.014723""},{""pair"":5,""first_arm"":""native"",""native_group"":0,""lsf_group"":1,""native"":""34328000"",""lsf"":""35015000"",""lsf_minus_native"":""687000"",""percent_of_native"":""2.001282""},{""pair"":6,""first_arm"":""lsf"",""native_group"":5,""lsf_group"":4,""native"":""38963000"",""lsf"":""53463000"",""lsf_minus_native"":""14500000"",""percent_of_native"":""37.214794""}]",7,7,0,"{""count"":""7"",""minimum"":""24791000"",""median"":""30732000"",""maximum"":""52706000"",""p95"":""52706000"",""p99"":""52706000"",""mean"":""33822571.428571"",""median_absolute_deviation"":""4446000"",""standard_deviation"":""8903503.54567""}","{""count"":""7"",""minimum"":""35015000"",""median"":""46628000"",""maximum"":""55537000"",""p95"":""55537000"",""p99"":""55537000"",""mean"":""47320571.428571"",""median_absolute_deviation"":""6835000"",""standard_deviation"":""7128017.653841""}","{""count"":""7"",""minimum"":""687000"",""median"":""15384000"",""maximum"":""24805000"",""p95"":""24805000"",""p99"":""24805000"",""mean"":""13498000"",""median_absolute_deviation"":""3934000"",""standard_deviation"":""8258406.781664""}",0,0,7,"{""lsf"":{""pair_count"":4,""available_pairs"":4,""unavailable_pairs"":0,""native"":{""count"":""4"",""minimum"":""24791000"",""median"":""28509000"",""maximum"":""38963000"",""p95"":""38963000"",""p99"":""38963000"",""mean"":""30193000"",""median_absolute_deviation"":""2970500"",""standard_deviation"":""5514745.5517""},""lsf"":{""count"":""4"",""minimum"":""41670000"",""median"":""48786000"",""maximum"":""55537000"",""p95"":""55537000"",""p99"":""55537000"",""mean"":""48694750"",""median_absolute_deviation"":""5714000"",""standard_deviation"":""5914575.402132""},""paired_difference"":{""count"":""4"",""minimum"":""14500000"",""median"":""17351000"",""maximum"":""24805000"",""p95"":""24805000"",""p99"":""24805000"",""mean"":""18501750"",""median_absolute_deviation"":""2409000"",""standard_deviation"":""4066066.672781""},""lower"":0,""equal"":0,""higher"":4},""native"":{""pair_count"":3,""available_pairs"":3,""unavailable_pairs"":0,""native"":{""count"":""3"",""minimum"":""28952000"",""median"":""34328000"",""maximum"":""52706000"",""p95"":""52706000"",""p99"":""52706000"",""mean"":""38662000"",""median_absolute_deviation"":""5376000"",""standard_deviation"":""10170244.048203""},""lsf"":{""count"":""3"",""minimum"":""35015000"",""median"":""46628000"",""maximum"":""54822000"",""p95"":""54822000"",""p99"":""54822000"",""mean"":""45488333.333333"",""median_absolute_deviation"":""8194000"",""standard_deviation"":""8126230.874287""},""paired_difference"":{""count"":""3"",""minimum"":""687000"",""median"":""2116000"",""maximum"":""17676000"",""p95"":""17676000"",""p99"":""17676000"",""mean"":""6826333.333333"",""median_absolute_deviation"":""1429000"",""standard_deviation"":""7694021.936254""},""lower"":0,""equal"":0,""higher"":3}}"
32,served,final,cpu_system_nanos,ns,"[{""pair"":0,""first_arm"":""lsf"",""native_group"":5,""lsf_group"":4,""native"":""31903000"",""lsf"":""36318000"",""lsf_minus_native"":""4415000"",""percent_of_native"":""13.838824""},{""pair"":1,""first_arm"":""lsf"",""native_group"":3,""lsf_group"":2,""native"":""38721000"",""lsf"":""65581000"",""lsf_minus_native"":""26860000"",""percent_of_native"":""69.368043""},{""pair"":2,""first_arm"":""lsf"",""native_group"":1,""lsf_group"":0,""native"":""40877000"",""lsf"":""41670000"",""lsf_minus_native"":""793000"",""percent_of_native"":""1.939966""},{""pair"":3,""first_arm"":""native"",""native_group"":4,""lsf_group"":5,""native"":""32938000"",""lsf"":""41433000"",""lsf_minus_native"":""8495000"",""percent_of_native"":""25.79088""},{""pair"":4,""first_arm"":""native"",""native_group"":2,""lsf_group"":3,""native"":""27603000"",""lsf"":""44598000"",""lsf_minus_native"":""16995000"",""percent_of_native"":""61.569395""},{""pair"":5,""first_arm"":""native"",""native_group"":0,""lsf_group"":1,""native"":""29011000"",""lsf"":""47195000"",""lsf_minus_native"":""18184000"",""percent_of_native"":""62.679673""},{""pair"":6,""first_arm"":""lsf"",""native_group"":5,""lsf_group"":4,""native"":""30429000"",""lsf"":""48524000"",""lsf_minus_native"":""18095000"",""percent_of_native"":""59.466299""}]",7,7,0,"{""count"":""7"",""minimum"":""27603000"",""median"":""31903000"",""maximum"":""40877000"",""p95"":""40877000"",""p99"":""40877000"",""mean"":""33068857.142857"",""median_absolute_deviation"":""2892000"",""standard_deviation"":""4591930.886382""}","{""count"":""7"",""minimum"":""36318000"",""median"":""44598000"",""maximum"":""65581000"",""p95"":""65581000"",""p99"":""65581000"",""mean"":""46474142.857143"",""median_absolute_deviation"":""3165000"",""standard_deviation"":""8659871.319212""}","{""count"":""7"",""minimum"":""793000"",""median"":""16995000"",""maximum"":""26860000"",""p95"":""26860000"",""p99"":""26860000"",""mean"":""13405285.714286"",""median_absolute_deviation"":""8500000"",""standard_deviation"":""8474759.241659""}",0,0,7,"{""lsf"":{""pair_count"":4,""available_pairs"":4,""unavailable_pairs"":0,""native"":{""count"":""4"",""minimum"":""30429000"",""median"":""35312000"",""maximum"":""40877000"",""p95"":""40877000"",""p99"":""40877000"",""mean"":""35482500"",""median_absolute_deviation"":""4146000"",""standard_deviation"":""4414158.894965""},""lsf"":{""count"":""4"",""minimum"":""36318000"",""median"":""45097000"",""maximum"":""65581000"",""p95"":""65581000"",""p99"":""65581000"",""mean"":""48023250"",""median_absolute_deviation"":""6103000"",""standard_deviation"":""11021592.429749""},""paired_difference"":{""count"":""4"",""minimum"":""793000"",""median"":""11255000"",""maximum"":""26860000"",""p95"":""26860000"",""p99"":""26860000"",""mean"":""12540750"",""median_absolute_deviation"":""8651000"",""standard_deviation"":""10487231.006681""},""lower"":0,""equal"":0,""higher"":4},""native"":{""pair_count"":3,""available_pairs"":3,""unavailable_pairs"":0,""native"":{""count"":""3"",""minimum"":""27603000"",""median"":""29011000"",""maximum"":""32938000"",""p95"":""32938000"",""p99"":""32938000"",""mean"":""29850666.666667"",""median_absolute_deviation"":""1408000"",""standard_deviation"":""2257481.832091""},""lsf"":{""count"":""3"",""minimum"":""41433000"",""median"":""44598000"",""maximum"":""47195000"",""p95"":""47195000"",""p99"":""47195000"",""mean"":""44408666.666667"",""median_absolute_deviation"":""2597000"",""standard_deviation"":""2356133.320129""},""paired_difference"":{""count"":""3"",""minimum"":""8495000"",""median"":""16995000"",""maximum"":""18184000"",""p95"":""18184000"",""p99"":""18184000"",""mean"":""14558000"",""median_absolute_deviation"":""1189000"",""standard_deviation"":""4314580.474005""},""lower"":0,""equal"":0,""higher"":3}}"
